Timestamp,User Count,Type,Name,Requests/s,Failures/s,50%,66%,75%,80%,90%,95%,98%,99%,99.9%,99.99%,100%,Total Request Count,Total Failure Count,Total Median Response Time,Total Average Response Time,Total Min Response Time,Total Max Response Time,Total Average Content Size
1791145999,0,,Aggregated,0.000000,0.000000,N/A,N/A,N/A,N/A,N/A,N/A,N/A,N/A,N/A,N/A,N/A,0,0,0,0.0,0,0,0
1791146000,10,,Aggregated,0.000000,0.000000,500,570,580,580,590,590,590,590,590,590,590,20,0,64,310.9967500146013,40.48919992055744,593.0567999603227,5406.45
1791146001,30,,Aggregated,0.000000,0.000000,140,300,320,570,580,590,590,590,590,590,590,41,0,140,228.38298291842477,13.7331000296399,593.0567999603227,5396.024390243902
1791146002,40,,Aggregated,0.000000,0.000000,140,270,310,470,570,580,590,590,590,590,590,73,0,140,211.2319136982503,5.8006999315693974,593.0567999603227,5118.164383561644
1791146003,50,,Aggregated,20.000000,0.000000,140,300,510,560,590,730,950,950,950,950,950,87,0,140,260.3432287344302,5.8006999315693974,950.4373999079689,5204.724137931034
1791146004,60,,Aggregated,17.000000,0.000000,270,480,560,570,620,950,1100,1100,1300,1300,1300,141,0,270,339.532356028914,5.8006999315693974,1302.2803999483585,5305.815602836879
1791146005,70,,Aggregated,19.500000,0.000000,250,430,520,570,700,940,1000,1100,1300,1300,1300,177,0,250,320.9676372872581,5.8006999315693974,1302.2803999483585,5223.225988700565
1791146006,80,,Aggregated,18.200000,0.000000,220,370,480,520,600,830,1000,1100,1300,1300,1300,222,0,210,291.3110288293185,5.8006999315693974,1302.2803999483585,5174.81981981982
1791146007,90,,Aggregated,24.333333,0.000000,200,340,470,500,580,710,1000,1100,1300,1300,1300,274,0,190,272.80632445434054,5.8006999315693974,1302.2803999483585,5157.810218978102
1791146008,100,,Aggregated,26.000000,0.000000,160,320,440,490,570,700,950,1000,1300,1300,1300,335,0,160,255.86330537413204,5.8006999315693974,1302.2803999483585,5099.486567164179
1791146009,110,,Aggregated,28.375000,0.000000,160,320,430,490,570,620,950,1000,1300,1300,1300,388,0,160,250.03966314570508,5.8006999315693974,1302.2803999483585,5078.680412371134
1791146010,120,,Aggregated,31.111111,0.000000,200,340,480,500,580,680,940,1000,1300,1300,1300,453,0,200,269.45875496675507,5.8006999315693974,1302.2803999483585,5060.209713024283
1791146011,130,,Aggregated,34.100000,0.000000,220,360,490,520,630,820,960,1000,1300,1300,1300,487,0,220,287.00277268971666,5.8006999315693974,1302.2803999483585,5056.149897330595
1791146012,140,,Aggregated,39.200000,0.000000,210,360,490,530,680,860,980,1100,1300,1300,1300,578,0,210,292.73552525865887,5.8006999315693974,1302.2803999483585,4994.640138408305
1791146013,150,,Aggregated,41.800000,0.000000,240,420,510,570,690,860,970,1000,1300,1300,1300,622,0,230,309.9640565907502,5.8006999315693974,1302.2803999483585,5012.27652733119
1791146014,160,,Aggregated,47.400000,0.000000,260,470,540,580,710,940,1000,1100,1600,1600,1600,732,0,260,330.63398783961617,5.8006999315693974,1588.1335999583825,4970.215846994535
1791146015,170,,Aggregated,50.500000,0.000000,250,430,530,570,690,890,1000,1100,1600,1600,1600,802,0,250,325.1550716942843,5.8006999315693974,1588.1335999583825,4962.108478802992
1791146016,180,,Aggregated,55.100000,0.000000,260,470,550,580,730,900,1000,1100,1600,1600,1600,849,0,260,335.75791001042353,5.8006999315693974,1588.1335999583825,4964.778563015312
1791146017,190,,Aggregated,59.500000,0.000000,280,490,550,580,800,940,1100,1200,1600,1600,1600,981,0,280,346.69521304640625,5.8006999315693974,1588.1335999583825,4957.390417940876
1791146018,200,,Aggregated,62.000000,0.000000,290,500,570,600,810,940,1100,1100,1600,1600,1600,1034,0,290,358.09339883854807,5.8006999315693974,1588.1335999583825,4926.176982591876
1791146019,210,,Aggregated,64.700000,0.000000,290,500,570,600,810,940,1100,1300,1600,1600,1600,1151,0,290,357.3975880097494,5.8006999315693974,1588.1335999583825,4922.291920069505
1791146020,220,,Aggregated,70.300000,0.000000,290,490,560,600,810,940,1100,1200,1600,1600,1600,1254,0,290,357.20302990342134,5.8006999315693974,1588.1335999583825,4926.8668261563
1791146021,230,,Aggregated,71.800000,0.000000,260,470,550,590,780,930,1100,1200,1600,1600,1600,1367,0,260,345.22765486340376,5.8006999315693974,1588.1335999583825,4914.46671543526
1791146022,240,,Aggregated,76.600000,0.000000,270,480,570,610,800,910,1100,1200,1600,1600,1600,1426,0,270,353.43204179413283,5.8006999315693974,1588.1335999583825,4926.686535764376
1791146023,250,,Aggregated,0.000000,0.000000,490,950,960,1000,1000,1600,1600,1600,1600,1600,1600,13,0,490,636.2552000120139,83.08619994204491,1566.5772000793368,5245.153846153846
1791146024,250,,Aggregated,0.000000,0.000000,270,390,480,550,860,1100,1600,1700,2300,2300,2300,149,0,270,383.6467899405554,20.378699991852045,2257.1715000085533,4790.845637583892
1791146025,250,,Aggregated,0.000000,0.000000,360,500,640,680,780,1000,1500,1600,2300,2300,2300,201,0,360,428.06360995471107,20.378699991852045,2257.1715000085533,4790.094527363184
1791146026,250,,Aggregated,34.000000,0.000000,390,540,610,660,790,1000,1400,1500,2300,2300,2300,347,0,390,430.4171331412688,20.378699991852045,2257.1715000085533,4771.8530259366
1791146027,250,,Aggregated,76.000000,0.000000,270,470,560,610,780,1000,1300,1500,2300,2300,2300,424,0,270,375.1241002363078,11.962800053879619,2257.1715000085533,4808.422169811321
1791146028,250,,Aggregated,73.666667,0.000000,290,500,590,630,780,1000,1200,1400,2300,2300,2300,522,0,280,385.9988590060123,11.962800053879619,2257.1715000085533,4749.85632183908
1791146029,250,,Aggregated,91.750000,0.000000,380,530,600,660,950,1100,1400,1500,2300,2300,2300,661,0,380,423.7935157353974,11.962800053879619,2257.1715000085533,4738.824508320726
1791146030,250,,Aggregated,86.200000,0.000000,280,500,570,630,920,1000,1400,1500,2300,2300,2300,741,0,280,396.33105236310485,10.445600026287138,2257.1715000085533,4742.151147098515
1791146031,250,,Aggregated,90.000000,0.000000,340,520,610,680,950,1000,1400,1500,2300,2300,2300,796,0,330,415.18768341875466,10.445600026287138,2257.1715000085533,4721.905778894472
1791146032,250,,Aggregated,96.428571,0.000000,400,590,730,800,1000,1400,1500,1700,2300,2300,2300,953,0,400,473.78930671725436,10.445600026287138,2257.1715000085533,4695.97481636936
1791146033,250,,Aggregated,92.750000,0.000000,370,560,710,780,1000,1400,1500,1700,2000,2300,2300,1042,0,370,457.76875192123407,7.162500056438148,2257.1715000085533,4705.331094049904
1791146034,250,,Aggregated,90.333333,0.000000,370,560,700,780,1000,1400,1500,1700,2000,2300,2300,1051,0,370,457.2565485269175,7.162500056438148,2257.1715000085533,4700.218839200761
1791146035,250,,Aggregated,97.200000,0.000000,380,590,750,830,1200,1400,1500,1700,2000,2300,2300,1132,0,380,489.8994038000377,7.162500056438148,2257.1715000085533,4682.553003533569
1791146036,250,,Aggregated,100.800000,0.000000,470,730,930,1100,1400,1500,2300,2400,2700,2800,2800,1311,0,470,611.4234273085011,7.162500056438148,2848.1114000314847,4724.409610983982
1791146037,250,,Aggregated,89.900000,0.000000,450,720,890,1000,1400,1500,2300,2400,2700,2800,2800,1349,0,450,595.3166106016961,6.1076999409124255,2848.1114000314847,4717.39733135656
1791146038,250,,Aggregated,92.600000,0.000000,460,670,850,1000,1400,1500,2300,2400,2700,2800,2800,1495,0,460,582.3209491647144,6.1076999409124255,2848.1114000314847,4721.88093645485
1791146039,250,,Aggregated,94.700000,0.000000,420,630,830,970,1400,1500,2300,2400,2700,2800,2800,1614,0,410,557.9326582411558,6.1076999409124255,2848.1114000314847,4716.162949194548
1791146040,250,,Aggregated,91.800000,0.000000,390,600,790,930,1400,1500,2200,2400,2700,2800,2800,1709,0,390,543.4591750152634,6.1076999409124255,2848.1114000314847,4717.634289057929
1791146041,250,,Aggregated,96.900000,0.000000,340,570,750,860,1400,1500,2100,2400,2700,2800,2800,1837,0,340,517.3630512255626,6.1076999409124255,2848.1114000314847,4726.6330974414805
1791146042,250,,Aggregated,94.000000,0.000000,320,550,720,850,1400,1500,2000,2400,2700,2800,2800,1920,0,320,503.4421942716411,6.1076999409124255,2848.1114000314847,4722.5421875
1791146044,250,,Aggregated,102.400000,0.000000,320,530,680,810,1400,1400,2000,2400,2700,2800,2800,2077,0,320,488.23199205639287,6.1076999409124255,2848.1114000314847,4714.008184882042
1791146045,250,,Aggregated,102.400000,0.000000,290,520,660,780,1300,1400,2000,2400,2700,2800,2800,2160,0,280,471.3428718523506,6.1076999409124255,2848.1114000314847,4713.866203703704
1791146046,250,,Aggregated,102.200000,0.000000,300,520,660,760,1300,1400,2000,2300,2700,2800,2800,2258,0,300,469.7951633308703,6.1076999409124255,2848.1114000314847,4710.322852081488
1791146047,250,,Aggregated,110.900000,0.000000,300,510,630,750,1200,1400,1900,2300,2700,2800,2800,2422,0,300,458.7298488032156,6.1076999409124255,2848.1114000314847,4719.119735755574
1791146048,250,,Aggregated,110.100000,0.000000,290,500,610,730,1200,1400,1900,2300,2700,2800,2800,2488,0,290,451.7626645504568,4.9214999889954925,2848.1114000314847,4715.509646302251
1791146049,250,,Aggregated,110.000000,0.000000,280,480,590,700,1100,1400,1800,2300,2700,2800,2800,2601,0,280,441.182924414133,4.9214999889954925,2848.1114000314847,4721.899653979239
1791146050,250,,Aggregated,112.400000,0.000000,280,470,570,680,1100,1400,1700,2300,2700,2800,2800,2734,0,280,433.04787450636945,4.9214999889954925,2848.1114000314847,4729.621068032187
1791146051,250,,Aggregated,107.700000,0.000000,270,470,560,670,1100,1400,1600,2300,2700,2800,2800,2803,0,270,427.98207591890343,4.9214999889954925,2848.1114000314847,4726.232607920086
1791146052,250,,Aggregated,110.300000,0.000000,270,460,560,660,1000,1400,1600,2300,2700,2800,2800,2961,0,270,420.1577075654707,4.9214999889954925,2848.1114000314847,4723.567375886525
1791146053,250,,Aggregated,107.700000,0.000000,260,450,550,630,1000,1400,1500,2300,2600,2800,2800,3078,0,260,410.9385386943322,4.9214999889954925,2848.1114000314847,4721.095191682911
1791146054,250,,Aggregated,112.100000,0.000000,260,450,550,630,1000,1400,1500,2300,2600,2800,2800,3130,0,260,410.7523864219947,4.9214999889954925,2848.1114000314847,4727.6511182108625
1791146055,250,,Aggregated,114.700000,0.000000,270,450,550,630,1000,1400,1500,2300,2600,2800,2800,3280,0,270,410.9378001526305,4.9214999889954925,2848.1114000314847,4728.278353658537
1791146056,250,,Aggregated,104.700000,0.000000,260,440,540,610,970,1400,1500,2300,2600,2800,2800,3387,0,260,402.0778764690819,4.9214999889954925,2848.1114000314847,4729.3616770002955
1791146057,250,,Aggregated,109.800000,0.000000,260,450,550,620,960,1400,1500,2200,2600,2800,2800,3449,0,260,403.43947381874244,4.9214999889954925,2848.1114000314847,4741.119454914468
1791146058,250,,Aggregated,113.100000,0.000000,270,460,550,630,970,1400,1500,2200,2600,2800,2800,3588,0,270,407.2421902735897,4.9214999889954925,2848.1114000314847,4747.866778149387
1791146059,250,,Aggregated,101.200000,0.000000,260,450,550,620,960,1400,1500,2100,2600,2800,2800,3682,0,260,403.34268183109623,4.9214999889954925,2848.1114000314847,4751.649918522542
1791146060,250,,Aggregated,109.400000,0.000000,260,440,540,610,940,1400,1500,2100,2600,2800,2800,3771,0,260,400.0419923367368,4.9214999889954925,2848.1114000314847,4754.399098382392
1791146061,250,,Aggregated,109.100000,0.000000,270,450,550,630,960,1400,1500,2000,2600,2800,2800,3867,0,270,404.3278102666963,4.9214999889954925,2848.1114000314847,4753.307732092061
1791146062,250,,Aggregated,104.100000,0.000000,270,460,560,660,970,1400,1500,2000,2600,2800,2800,3960,0,270,412.14731946999717,4.9214999889954925,2848.1114000314847,4759.122222222222
1791146063,250,,Aggregated,105.600000,0.000000,280,470,570,670,980,1400,1500,2000,2600,2800,2800,4085,0,280,418.610336768955,4.9214999889954925,2848.1114000314847,4767.359853121175
1791146064,250,,Aggregated,97.400000,0.000000,280,470,570,660,970,1400,1500,2000,2600,2800,2800,4178,0,280,417.4392873386983,4.9214999889954925,2848.1114000314847,4769.473432264242
1791146065,250,,Aggregated,98.900000,0.000000,280,460,560,660,960,1400,1500,2000,2600,2800,2800,4267,0,280,415.45712116260285,4.9214999889954925,2848.1114000314847,4774.0250761659245
1791146066,250,,Aggregated,104.500000,0.000000,280,470,570,660,960,1400,1500,2000,2600,2800,2800,4352,0,280,417.5281886260189,4.9214999889954925,2848.1114000314847,4773.761488970588
1791146067,250,,Aggregated,98.800000,0.000000,280,470,570,670,980,1400,1500,2000,2600,2800,2800,4414,0,280,421.19834791591154,4.9214999889954925,2848.1114000314847,4775.665835976439
1791146068,250,,Aggregated,95.900000,0.000000,290,480,590,690,1100,1400,1900,2300,2800,3800,3800,4545,0,290,438.3649754900192,4.9214999889954925,3775.2976999618113,4778.682508250825
1791146069,250,,Aggregated,97.000000,0.000000,280,480,600,700,1100,1400,1900,2300,3300,3800,3800,4675,0,280,445.32499026783546,4.9214999889954925,3837.160600000061,4778.326203208556
1791146070,250,,Aggregated,93.900000,0.000000,290,480,600,700,1100,1400,1900,2300,3300,3800,3800,4702,0,290,445.1746189923371,4.9214999889954925,3837.160600000061,4776.933857932794
1791146071,250,,Aggregated,96.600000,0.000000,290,490,610,730,1100,1400,1900,2300,3300,3800,3800,4834,0,290,448.7768421809568,4.9214999889954925,3837.160600000061,4774.061439801407
1791146072,250,,Aggregated,93.100000,0.000000,290,490,610,730,1100,1400,1900,2300,3300,3800,3800,4974,0,290,451.89302776481713,4.9214999889954925,3837.160600000061,4777.392440691597
1791146073,250,,Aggregated,95.000000,0.000000,290,490,610,730,1100,1400,1900,2300,3200,3800,3800,5017,0,290,451.17112306190387,4.9214999889954925,3837.160600000061,4777.719354195735
1791146074,250,,Aggregated,100.300000,0.000000,300,500,610,730,1100,1400,1900,2300,3200,3800,3800,5149,0,300,452.5974464947018,4.9214999889954925,3837.160600000061,4781.341813944456
1791146075,250,,Aggregated,93.600000,0.000000,290,500,610,730,1100,1400,1900,2300,3200,3800,3800,5282,0,290,449.46070234785833,4.9214999889954925,3837.160600000061,4781.301779628929
1791146076,250,,Aggregated,93.600000,0.000000,290,490,610,730,1100,1400,1900,2300,3200,3800,3800,5313,0,290,447.1465472616692,4.9214999889954925,3837.160600000061,4783.783926218709
1791146077,250,,Aggregated,100.700000,0.000000,290,510,630,730,1100,1400,1900,2300,3200,3800,3800,5446,0,290,450.36267429319855,4.9214999889954925,3837.160600000061,4777.229342636798
1791146078,250,,Aggregated,97.500000,0.000000,300,520,650,740,1100,1400,1900,2300,3200,3800,3800,5571,0,300,457.24433893390085,4.9214999889954925,3837.160600000061,4772.760725183988
1791146079,250,,Aggregated,99.900000,0.000000,290,510,640,740,1100,1400,1900,2300,3200,3800,3800,5635,0,290,453.5078494588926,4.9214999889954925,3837.160600000061,4776.596450754215
1791146080,250,,Aggregated,101.600000,0.000000,300,510,630,730,1100,1400,1900,2200,3200,3800,3800,5747,0,300,452.75179147389343,4.9214999889954925,3837.160600000061,4782.314598921176
1791146081,250,,Aggregated,98.900000,0.000000,300,510,630,740,1100,1400,1800,2200,3200,3800,3800,5863,0,300,453.6492379839972,4.9214999889954925,3837.160600000061,4780.883677298311
1791146082,250,,Aggregated,101.700000,0.000000,300,510,630,740,1100,1400,1900,2200,3200,3800,3800,5947,0,300,453.6986448629594,4.9214999889954925,3837.160600000061,4777.878594249201
1791146083,250,,Aggregated,102.400000,0.000000,300,510,640,740,1100,1400,1900,2200,3200,3800,3800,5983,0,300,455.1429568945016,4.9214999889954925,3837.160600000061,4779.719872973425
1791146084,250,,Aggregated,100.700000,0.000000,300,520,660,760,1100,1400,1900,2200,3100,3800,3800,6096,0,300,463.09554092829717,4.9214999889954925,3837.160600000061,4786.318733595801
1791146085,250,,Aggregated,96.400000,0.000000,310,530,680,780,1100,1400,1900,2300,3100,3800,3800,6215,0,310,475.9718645532441,4.9214999889954925,3837.160600000061,4784.861303298471
1791146086,250,,Aggregated,94.900000,0.000000,310,520,680,780,1100,1400,2000,2300,3100,3800,3800,6317,0,310,473.990436077079,4.9214999889954925,3837.160600000061,4780.215133766028
1791146087,250,,Aggregated,90.500000,0.000000,310,530,670,770,1100,1400,2000,2300,3100,3800,3800,6403,0,310,472.9526894578219,4.9214999889954925,3837.160600000061,4775.5538029048885
1791146088,250,,Aggregated,98.300000,0.000000,310,530,670,780,1100,1400,1900,2300,3100,3800,3800,6507,0,310,476.00943908073606,4.9214999889954925,3837.160600000061,4775.614261564469
1791146089,250,,Aggregated,94.800000,0.000000,320,540,680,780,1100,1400,1900,2300,3100,3800,3800,6597,0,320,478.54746746979157,4.9214999889954925,3837.160600000061,4774.1070183416705
1791146090,250,,Aggregated,93.600000,0.000000,310,540,680,780,1100,1400,1900,2300,3100,3800,3800,6733,0,310,476.70079431128346,4.9214999889954925,3837.160600000061,4777.922768453884
1791146091,250,,Aggregated,90.900000,0.000000,310,530,680,770,1100,1400,1900,2300,3100,3800,3800,6769,0,310,475.764877160294,4.9214999889954925,3837.160600000061,4781.214507312749
1791146092,250,,Aggregated,96.800000,0.000000,320,540,680,770,1100,1400,1900,2300,3100,3800,3800,6886,0,320,477.2216003626745,4.9214999889954925,3837.160600000061,4783.748475167005
1791146093,250,,Aggregated,93.800000,0.000000,320,550,680,780,1100,1400,1900,2200,3000,3800,3800,7031,0,320,479.26173716375683,4.9214999889954925,3837.160600000061,4782.8707154032145
1791146094,250,,Aggregated,90.300000,0.000000,320,540,680,770,1100,1400,1900,2200,3000,3800,3800,7088,0,320,476.20869222609275,4.9214999889954925,3837.160600000061,4782.140378103837
1791146095,250,,Aggregated,100.900000,0.000000,330,550,680,770,1100,1400,1900,2200,3000,3800,3800,7208,0,330,476.9942563538286,4.9214999889954925,3837.160600000061,4786.15538290788
1791146096,250,,Aggregated,103.000000,0.000000,320,540,670,760,1100,1400,1900,2200,3000,3800,3800,7350,0,320,474.1109064897383,4.9214999889954925,3837.160600000061,4782.4795918367345
1791146097,250,,Aggregated,98.600000,0.000000,320,540,670,760,1100,1400,1900,2200,3000,3800,3800,7391,0,320,471.9667724529677,4.9214999889954925,3837.160600000061,4779.95562170207
1791146098,250,,Aggregated,100.200000,0.000000,320,550,680,770,1100,1400,1900,2200,3000,3800,3800,7476,0,320,475.13768520595386,4.9214999889954925,3837.160600000061,4782.983413590156
1791146099,250,,Aggregated,104.600000,0.000000,330,560,690,780,1100,1400,1900,2200,3000,3800,3800,7643,0,330,480.3409068819623,4.9214999889954925,3837.160600000061,4782.91678660212
1791146100,250,,Aggregated,95.100000,0.000000,320,550,690,780,1100,1400,1900,2200,3000,3800,3800,7725,0,320,475.48551936554014,4.902299959212542,3837.160600000061,4782.0040129449835
1791146101,250,,Aggregated,103.700000,0.000000,330,550,680,770,1100,1400,1900,2200,3000,3800,3800,7814,0,330,474.169621512436,4.902299959212542,3837.160600000061,4783.781801894036
1791146102,250,,Aggregated,100.800000,0.000000,330,550,680,770,1100,1400,1900,2200,3000,3800,3800,7967,0,330,472.98464147079216,4.902299959212542,3837.160600000061,4787.107443203213
1791146103,250,,Aggregated,99.200000,0.000000,330,540,680,770,1100,1400,1900,2200,3000,3800,3800,8023,0,330,471.7378407326224,4.902299959212542,3837.160600000061,4786.3968590302875
1791146104,250,,Aggregated,104.300000,0.000000,320,540,670,760,1100,1400,1900,2200,3000,3800,3800,8189,0,320,467.14235736939526,4.902299959212542,3837.160600000061,4785.367077787276
1791146105,250,,Aggregated,102.100000,0.000000,330,530,670,760,1100,1400,1900,2200,3000,3800,3800,8267,0,330,466.49888404485336,4.902299959212542,3837.160600000061,4787.094109108503
1791146106,250,,Aggregated,101.700000,0.000000,320,530,660,750,1100,1400,1900,2200,3000,3800,3800,8367,0,320,463.90205368701436,4.902299959212542,3837.160600000061,4784.83685908928
1791146107,250,,Aggregated,105.300000,0.000000,320,520,650,750,1100,1400,1900,2200,3000,3800,3800,8483,0,320,460.49386365670716,4.902299959212542,3837.160600000061,4784.72297536249
1791146108,250,,Aggregated,104.000000,0.000000,310,520,650,740,1100,1400,1800,2200,3000,3800,3800,8622,0,310,456.7236213176203,4.902299959212542,3837.160600000061,4784.926119229877
1791146109,250,,Aggregated,105.500000,0.000000,310,520,640,740,1100,1400,1800,2100,3000,3800,3800,8738,0,310,453.5930049783128,4.902299959212542,3837.160600000061,4787.870222018769
1791146110,250,,Aggregated,114.400000,0.000000,310,510,630,730,1100,1400,1800,2100,3000,3800,3800,8846,0,310,451.3720326362137,4.902299959212542,3837.160600000061,4786.634411033236
1791146111,250,,Aggregated,106.200000,0.000000,310,510,630,730,1100,1400,1800,2100,3000,3800,3800,8958,0,310,448.4083132171702,4.902299959212542,3837.160600000061,4784.314244250949
1791146112,250,,Aggregated,106.100000,0.000000,310,510,630,720,1000,1400,1800,2100,3000,3800,3800,9065,0,310,447.4657541091086,4.902299959212542,3837.160600000061,4782.98974076117
1791146113,250,,Aggregated,110.700000,0.000000,310,500,620,720,1000,1400,1800,2100,3000,3800,3800,9166,0,310,445.3133971414816,4.902299959212542,3837.160600000061,4778.477416539385
1791146114,250,,Aggregated,107.300000,0.000000,300,500,610,710,1000,1400,1800,2100,3000,3800,3800,9291,0,300,442.23047172529755,4.902299959212542,3837.160600000061,4780.786137121946
1791146115,250,,Aggregated,111.600000,0.000000,300,490,610,710,1000,1400,1800,2100,3000,3800,3800,9366,0,300,438.973262897697,4.679500008933246,3837.160600000061,4777.65598975016
1791146116,250,,Aggregated,112.100000,0.000000,300,500,610,710,1000,1400,1800,2100,3000,3800,3800,9499,0,300,438.5892780922839,4.679500008933246,3837.160600000061,4776.080429518896
1791146117,250,,Aggregated,114.100000,0.000000,300,490,610,700,1000,1400,1800,2100,3000,3800,3800,9623,0,300,435.1260176035755,4.679500008933246,3837.160600000061,4777.4778135716515
1791146118,250,,Aggregated,106.000000,0.000000,300,490,600,700,1000,1400,1800,2100,3000,3800,3800,9690,0,300,433.4810676986171,4.679500008933246,3837.160600000061,4774.155108359133
1791146119,250,,Aggregated,111.700000,0.000000,290,490,600,690,1000,1400,1800,2100,3000,3800,3800,9866,0,290,429.8988853941446,4.679500008933246,3837.160600000061,4773.232617068721
1791146120,250,,Aggregated,110.800000,0.000000,290,480,590,690,1000,1400,1700,2100,3000,3800,3800,9958,0,290,426.1131857700675,4.679500008933246,3837.160600000061,4773.173930508135
1791146121,250,,Aggregated,110.900000,0.000000,290,480,590,690,1000,1400,1700,2100,3000,3800,3800,10048,0,290,425.37973734061393,4.679500008933246,3837.160600000061,4773.847929936306
1791146122,250,,Aggregated,114.800000,0.000000,290,480,590,680,1000,1300,1700,2100,3000,3800,3800,10180,0,290,423.4870631138205,4.679500008933246,3837.160600000061,4772.396660117878
1791146123,250,,Aggregated,111.100000,0.000000,290,480,590,680,1000,1300,1700,2100,3000,3800,3800,10277,0,290,423.0922451881803,4.679500008933246,3837.160600000061,4772.595991047971
1791146124,250,,Aggregated,114.200000,0.000000,290,480,590,680,990,1300,1700,2100,3000,3800,3800,10384,0,290,421.79342515398946,4.679500008933246,3837.160600000061,4770.953678736518
1791146125,250,,Aggregated,107.800000,0.000000,280,480,580,670,980,1300,1700,2000,3000,3800,3800,10536,0,280,419.5411946849172,4.679500008933246,3837.160600000061,4775.521640091116
1791146126,250,,Aggregated,111.400000,0.000000,280,470,580,670,980,1300,1700,2000,3000,3800,3800,10601,0,280,418.0555802000109,4.679500008933246,3837.160600000061,4772.263560041505
1791146127,250,,Aggregated,107.000000,0.000000,280,470,580,670,970,1300,1700,2000,3000,3800,3800,10734,0,280,416.05488991058604,4.679500008933246,3837.160600000061,4769.918855971679
1791146128,250,,Aggregated,116.700000,0.000000,280,470,570,660,970,1300,1700,2000,3000,3800,3800,10885,0,280,413.3468575747709,4.679500008933246,3837.160600000061,4769.016444648599
1791146129,250,,Aggregated,109.200000,0.000000,280,470,570,660,970,1300,1700,2000,3000,3800,3800,10946,0,280,412.549319769934,4.679500008933246,3837.160600000061,4768.639228942079
1791146130,250,,Aggregated,108.900000,0.000000,280,470,570,660,960,1300,1700,2000,2900,3800,3800,11063,0,280,411.8956820935563,4.679500008933246,3837.160600000061,4766.939076199946
1791146131,250,,Aggregated,115.100000,0.000000,280,470,570,650,960,1300,1600,2000,2900,3800,3800,11160,0,280,411.90727996424187,4.679500008933246,3837.160600000061,4766.075896057348
1791146132,250,,Aggregated,109.400000,0.000000,280,470,570,660,970,1300,1600,2000,2900,3800,3800,11234,0,280,413.1447841285422,4.679500008933246,3837.160600000061,4763.901014776571
1791146133,250,,Aggregated,111.300000,0.000000,280,470,570,660,970,1300,1700,2000,2900,3800,3800,11328,0,280,415.8485634886609,4.679500008933246,3837.160600000061,4763.572210451977
1791146134,250,,Aggregated,107.300000,0.000000,280,470,580,670,980,1300,1700,2100,3000,3800,3800,11461,0,280,421.77755864233154,4.679500008933246,3837.160600000061,4762.958206090219
1791146135,250,,Aggregated,106.700000,0.000000,280,470,580,670,980,1300,1800,2100,3000,3800,3800,11539,0,280,421.26062592942156,4.679500008933246,3837.160600000061,4765.71314671982
1791146136,250,,Aggregated,101.200000,0.000000,280,470,580,670,980,1300,1700,2100,3000,3800,3800,11670,0,280,419.36346946014635,4.679500008933246,3837.160600000061,4765.9671808054845
1791146137,250,,Aggregated,107.900000,0.000000,280,470,570,660,970,1300,1700,2100,3000,3800,3800,11809,0,280,416.4604647218255,4.679500008933246,3837.160600000061,4765.1177915149465
1791146138,250,,Aggregated,102.000000,0.000000,280,470,570,660,970,1300,1700,2100,3000,3800,3800,11872,0,280,415.47696086594704,4.679500008933246,3837.160600000061,4767.86548180593
1791146139,250,,Aggregated,105.000000,0.000000,280,460,570,660,960,1300,1700,2100,2900,3800,3800,12033,0,280,414.1381519073438,4.679500008933246,3837.160600000061,4767.309482257127
1791146140,250,,Aggregated,107.700000,0.000000,280,460,570,650,960,1300,1700,2100,2900,3800,3800,12147,0,280,412.6231647979153,4.679500008933246,3837.160600000061,4764.117724541039
1791146141,250,,Aggregated,99.600000,0.000000,270,460,560,650,960,1300,1700,2100,2900,3800,3800,12211,0,270,410.97510051593804,4.679500008933246,3837.160600000061,4764.887560396364
1791146142,250,,Aggregated,105.300000,0.000000,280,460,560,650,950,1300,1700,2100,2900,3800,3800,12349,0,280,410.9764695765597,4.679500008933246,3837.160600000061,4765.919669608876
1791146143,250,,Aggregated,109.200000,0.000000,280,460,560,650,950,1300,1700,2100,2900,3800,3800,12431,0,280,409.64882270940285,4.679500008933246,3837.160600000061,4766.527712975625
1791146144,250,,Aggregated,105.100000,0.000000,280,460,560,650,940,1300,1700,2100,2900,3800,3800,12542,0,280,409.7203548955946,4.679500008933246,3837.160600000061,4767.007813745814
1791146145,250,,Aggregated,112.700000,0.000000,280,460,560,650,940,1300,1700,2100,2900,3800,3800,12662,0,280,410.04157854216385,4.679500008933246,3837.160600000061,4767.913757700206
1791146146,250,,Aggregated,109.300000,0.000000,280,460,560,650,940,1300,1700,2100,2900,3800,3800,12779,0,280,409.9412986227281,4.679500008933246,3837.160600000061,4770.141325612332
1791146147,250,,Aggregated,107.300000,0.000000,280,460,560,650,940,1300,1700,2000,2900,3800,3800,12865,0,280,408.8188957947813,4.679500008933246,3837.160600000061,4769.911776136805
1791146148,250,,Aggregated,108.100000,0.000000,280,460,560,640,930,1300,1700,2000,2900,3800,3800,12955,0,280,407.4261816750654,4.679500008933246,3837.160600000061,4769.64600540332
1791146149,250,,Aggregated,109.300000,0.000000,280,460,560,650,930,1300,1600,2000,2900,3800,3800,13098,0,280,408.4440695145544,4.679500008933246,3837.160600000061,4767.660635211482
1791146150,250,,Aggregated,105.300000,0.000000,280,460,560,640,930,1300,1600,2000,2900,3800,3800,13197,0,280,407.0475635069489,4.679500008933246,3837.160600000061,4769.588921724634
1791146151,250,,Aggregated,105.900000,0.000000,280,460,560,650,930,1300,1600,2000,2900,3800,3800,13294,0,280,407.5754807583377,4.679500008933246,3837.160600000061,4770.300887618475
1791146152,250,,Aggregated,107.100000,0.000000,280,460,560,650,930,1300,1600,2000,2900,3800,3800,13442,0,280,407.3864923970116,4.679500008933246,3837.160600000061,4772.3834250855525
1791146153,250,,Aggregated,102.700000,0.000000,280,460,560,650,930,1300,1600,2000,2900,3800,3800,13512,0,280,407.68221264067915,4.679500008933246,3837.160600000061,4770.6722172883365
1791146154,250,,Aggregated,106.900000,0.000000,280,460,560,640,920,1200,1600,2000,2900,3800,3800,13628,0,280,405.9392555255215,4.679500008933246,3837.160600000061,4771.1254769592015
1791146155,250,,Aggregated,106.800000,0.000000,280,460,560,640,920,1200,1600,2000,2900,3800,3800,13751,0,280,404.1365840012732,4.679500008933246,3837.160600000061,4768.7931786779145
1791146156,250,,Aggregated,107.900000,0.000000,280,460,560,640,920,1200,1600,2000,2900,3800,3800,13852,0,280,403.5263450043942,4.679500008933246,3837.160600000061,4770.793242853018
1791146158,250,,Aggregated,106.800000,0.000000,280,460,560,630,920,1200,1600,2000,2900,3800,3800,13954,0,280,402.3770299412915,4.679500008933246,3837.160600000061,4771.451340117529
1791146159,250,,Aggregated,108.500000,0.000000,280,460,560,630,910,1200,1600,2000,2800,3800,3800,14066,0,280,402.70688868192053,4.679500008933246,3837.160600000061,4770.987274278402
1791146160,250,,Aggregated,105.700000,0.000000,280,450,550,630,910,1200,1600,2000,2800,3800,3800,14148,0,280,401.2485747737882,4.679500008933246,3837.160600000061,4772.976463104325
1791146161,250,,Aggregated,107.400000,0.000000,280,450,550,630,910,1200,1600,2000,2800,3800,3800,14290,0,280,399.3784999580789,4.476600093767047,3837.160600000061,4772.463680895731
1791146162,250,,Aggregated,103.800000,0.000000,280,450,550,630,910,1200,1600,2000,2800,3800,3800,14379,0,280,399.3837402949436,4.476600093767047,3837.160600000061,4772.228875443355
1791146163,250,,Aggregated,103.800000,0.000000,280,450,550,630,900,1200,1600,2000,2800,3800,3800,14510,0,280,398.96068525160257,4.476600093767047,3837.160600000061,4772.445485871813
1791146164,250,,Aggregated,107.400000,0.000000,280,450,550,630,900,1200,1600,2000,2800,3800,3800,14618,0,280,398.9110626488642,4.476600093767047,3837.160600000061,4771.273498426597
1791146165,250,,Aggregated,106.800000,0.000000,280,450,550,630,900,1200,1600,2000,2800,3800,3800,14691,0,280,398.22267520938266,4.476600093767047,3837.160600000061,4771.586753794841
1791146166,250,,Aggregated,108.500000,0.000000,280,450,550,620,890,1200,1600,2000,2800,3800,3800,14852,0,280,397.9398889846873,4.476600093767047,3837.160600000061,4773.311540533262
1791146167,250,,Aggregated,105.900000,0.000000,280,450,550,620,890,1200,1600,2000,2800,3800,3800,14951,0,280,396.75550820019805,4.476600093767047,3837.160600000061,4770.870844759548
1791146168,250,,Aggregated,109.300000,0.000000,280,450,550,620,890,1200,1600,2000,2800,3800,3800,15069,0,280,396.31075689830266,4.476600093767047,3837.160600000061,4767.764483376468
1791146169,250,,Aggregated,107.800000,0.000000,280,450,540,620,880,1200,1600,2000,2800,3800,3800,15124,0,280,395.0793194856251,4.476600093767047,3837.160600000061,4765.792581327691
1791146170,250,,Aggregated,108.400000,0.000000,280,450,550,620,880,1200,1500,2000,2800,3800,3800,15291,0,280,395.4616028448439,4.476600093767047,3837.160600000061,4767.025962984762
1791146171,250,,Aggregated,105.700000,0.000000,280,450,540,620,880,1200,1500,2000,2800,3800,3800,15356,0,280,394.59477752673286,4.476600093767047,3837.160600000061,4766.316358426674
1791146172,250,,Aggregated,110.900000,0.000000,280,450,540,610,880,1200,1500,2000,2800,3800,3800,15501,0,280,392.76928177536615,4.476600093767047,3837.160600000061,4766.570479323915
1791146173,250,,Aggregated,104.700000,0.000000,280,450,540,610,880,1200,1500,2000,2800,3800,3800,15569,0,280,393.0170128589054,4.476600093767047,3837.160600000061,4768.539340998137
1791146174,250,,Aggregated,112.100000,0.000000,280,450,540,610,880,1200,1500,2000,2800,3800,3800,15729,0,280,393.28768195689986,4.476600093767047,3837.160600000061,4769.00267022697
1791146175,250,,Aggregated,102.700000,0.000000,280,450,540,610,880,1200,1500,2000,2800,3800,3800,15818,0,280,392.6081568782414,4.476600093767047,3837.160600000061,4767.857693766595
1791146176,250,,Aggregated,109.500000,0.000000,280,450,540,610,870,1200,1500,2000,2800,3800,3800,15921,0,280,391.5535571383486,4.476600093767047,3837.160600000061,4768.566170466679
1791146177,250,,Aggregated,108.800000,0.000000,280,450,540,610,870,1200,1500,2000,2800,3800,3800,16023,0,280,390.79524888597894,4.476600093767047,3837.160600000061,4766.417275166948
1791146178,250,,Aggregated,103.300000,0.000000,280,450,540,610,860,1200,1500,2000,2800,3800,3800,16142,0,280,389.90762215338174,4.476600093767047,3837.160600000061,4767.335398339735
1791146179,250,,Aggregated,107.000000,0.000000,280,450,540,600,860,1200,1500,2000,2800,3800,3800,16244,0,280,389.0401587848246,4.476600093767047,3837.160600000061,4767.930928342773
1791146180,250,,Aggregated,107.900000,0.000000,280,450,530,600,860,1100,1500,2000,2800,3800,3800,16378,0,280,387.44748565155254,4.476600093767047,3837.160600000061,4766.613200634998
1791146181,250,,Aggregated,107.900000,0.000000,270,440,530,600,860,1100,1500,2000,2800,3800,3800,16456,0,270,386.62210597965844,4.476600093767047,3837.160600000061,4764.7490884783665
1791146182,250,,Aggregated,111.800000,0.000000,270,440,530,600,850,1100,1500,1900,2800,3800,3800,16592,0,270,385.7230955520977,4.476600093767047,3837.160600000061,4765.318888621022
1791146183,250,,Aggregated,111.900000,0.000000,270,440,530,600,850,1100,1500,1900,2800,3800,3800,16727,0,270,384.3059060321712,4.476600093767047,3837.160600000061,4766.027560231961
1791146184,250,,Aggregated,109.900000,0.000000,270,440,530,590,850,1100,1500,1900,2800,3800,3800,16817,0,270,383.3233480585861,4.476600093767047,3837.160600000061,4766.835464113695
1791146185,250,,Aggregated,117.700000,0.000000,270,440,530,590,850,1100,1500,1900,2800,3800,3800,16960,0,270,382.9474632429958,4.476600093767047,3837.160600000061,4767.395400943396
1791146186,250,,Aggregated,111.500000,0.000000,270,440,530,590,840,1100,1500,1900,2800,3800,3800,17052,0,270,381.90450347762993,4.476600093767047,3837.160600000061,4769.209418250059
1791146187,250,,Aggregated,113.800000,0.000000,270,440,530,590,840,1100,1500,1900,2800,3800,3800,17198,0,270,379.32621432141457,4.393700044602156,3837.160600000061,4766.269333643447
1791146188,250,,Aggregated,114.400000,0.000000,270,440,520,590,840,1100,1500,1900,2800,3800,3800,17296,0,270,378.10079039086975,4.393700044602156,3837.160600000061,4766.9701665124885
1791146189,250,,Aggregated,116.700000,0.000000,260,430,520,580,840,1100,1500,1900,2800,3800,3800,17394,0,260,376.7701852880287,4.393700044602156,3837.160600000061,4767.856272277797
1791146190,250,,Aggregated,112.900000,0.000000,260,430,520,580,830,1100,1500,1900,2800,3800,3800,17528,0,260,375.38494015855616,4.393700044602156,3837.160600000061,4766.300547695117
1791146191,250,,Aggregated,117.100000,0.000000,260,430,520,580,830,1100,1500,1900,2800,3800,3800,17685,0,260,373.9975957194599,4.393700044602156,3837.160600000061,4766.633587786259
1791146192,250,,Aggregated,114.300000,0.000000,260,430,520,580,830,1100,1500,1900,2800,3800,3800,17782,0,260,372.7856352321816,4.393700044602156,3837.160600000061,4766.402316949724
1791146193,250,,Aggregated,116.200000,0.000000,260,430,520,580,830,1100,1500,1900,2800,3800,3800,17899,0,260,372.06218744054684,4.393700044602156,3837.160600000061,4764.305547795966
1791146194,250,,Aggregated,113.400000,0.000000,260,430,520,580,830,1100,1500,1900,2800,3800,3800,17974,0,260,371.7673370033724,4.393700044602156,3837.160600000061,4764.7377879158785
1791146195,250,,Aggregated,112.400000,0.000000,260,430,520,580,820,1100,1500,1900,2800,3800,3800,18091,0,260,371.0475576694391,4.393700044602156,3837.160600000061,4765.147034437013
1791146196,250,,Aggregated,110.900000,0.000000,260,430,520,570,820,1100,1500,1900,2800,3800,3800,18220,0,260,369.91561337529544,4.393700044602156,3837.160600000061,4765.7778265642155
1791146197,250,,Aggregated,117.100000,0.000000,260,420,510,570,820,1100,1500,1900,2800,3800,3800,18320,0,260,368.59328885908786,4.393700044602156,3837.160600000061,4765.9100982532755
1791146198,250,,Aggregated,116.900000,0.000000,250,420,510,570,820,1100,1500,1900,2800,3800,3800,18431,0,250,367.61557944759824,4.393700044602156,3837.160600000061,4767.705333405675
1791146199,250,,Aggregated,114.200000,0.000000,250,420,510,570,810,1100,1500,1900,2800,3800,3800,18566,0,250,366.6317524129856,4.393700044602156,3837.160600000061,4766.137778735323
1791146200,250,,Aggregated,117.500000,0.000000,260,420,510,570,810,1100,1500,1900,2800,3800,3800,18688,0,260,366.1126370612343,4.393700044602156,3837.160600000061,4765.900631421233
1791146201,250,,Aggregated,115.500000,0.000000,250,420,510,570,810,1100,1500,1900,2800,3800,3800,18803,0,250,365.14060933366335,4.393700044602156,3837.160600000061,4766.863160134021
1791146202,250,,Aggregated,110.900000,0.000000,250,420,510,570,810,1100,1500,1900,2800,3800,3800,18910,0,250,364.37631397679104,4.393700044602156,3837.160600000061,4768.820095187732
1791146203,250,,Aggregated,111.100000,0.000000,260,420,510,560,800,1100,1500,1900,2700,3800,3800,19022,0,260,364.2578695511516,4.393700044602156,3837.160600000061,4769.038954894333
1791146204,250,,Aggregated,110.200000,0.000000,260,420,510,560,800,1100,1500,1900,2700,3800,3800,19113,0,260,363.6462371004918,4.393700044602156,3837.160600000061,4768.545230994611
1791146205,250,,Aggregated,109.600000,0.000000,250,420,510,560,800,1100,1500,1900,2700,3800,3800,19231,0,250,362.2312342468942,4.393700044602156,3837.160600000061,4769.769174769903
1791146206,250,,Aggregated,114.600000,0.000000,250,420,510,560,800,1100,1500,1900,2700,3800,3800,19343,0,250,361.481282122868,4.393700044602156,3837.160600000061,4771.222716228093
1791146207,250,,Aggregated,112.500000,0.000000,250,410,500,560,800,1100,1500,1900,2700,3800,3800,19479,0,250,360.52800221275197,4.393700044602156,3837.160600000061,4770.6035730787
1791146208,250,,Aggregated,111.200000,0.000000,250,410,500,560,790,1100,1500,1900,2700,3800,3800,19582,0,250,359.81505158323296,4.393700044602156,3837.160600000061,4769.977121846594
1791146209,250,,Aggregated,111.400000,0.000000,250,410,500,560,790,1100,1500,1900,2700,3800,3800,19681,0,250,359.08361504003193,4.393700044602156,3837.160600000061,4771.469894822418
1791146210,250,,Aggregated,110.200000,0.000000,250,410,500,560,790,1100,1400,1900,2700,3800,3800,19835,0,250,358.5496330881498,4.393700044602156,3837.160600000061,4773.351701537686
1791146211,250,,Aggregated,111.000000,0.000000,250,410,500,560,790,1100,1400,1900,2700,3800,3800,19937,0,250,357.5663730101644,4.393700044602156,3837.160600000061,4772.684606510508
1791146212,250,,Aggregated,110.500000,0.000000,250,410,500,550,790,1100,1400,1900,2700,3500,3800,20049,0,250,357.0260164449265,4.393700044602156,3837.160600000061,4773.585964387251
1791146213,250,,Aggregated,114.000000,0.000000,250,410,500,550,780,1100,1400,1900,2700,3500,3800,20117,0,250,357.0450164042384,4.393700044602156,3837.160600000061,4773.668141372968
1791146214,250,,Aggregated,112.800000,0.000000,250,410,500,550,780,1100,1400,1900,2700,3500,3800,20247,0,250,356.8827724109327,4.393700044602156,3837.160600000061,4776.294167037092
1791146215,250,,Aggregated,113.100000,0.000000,250,410,500,550,780,1100,1400,1900,2700,3500,3800,20352,0,250,356.05036616075637,4.393700044602156,3837.160600000061,4775.287097091195
1791146216,250,,Aggregated,113.900000,0.000000,250,410,500,550,780,1100,1400,1800,2700,3500,3800,20510,0,250,355.00083520252105,4.393700044602156,3837.160600000061,4773.538322769381
1791146217,250,,Aggregated,110.500000,0.000000,250,410,500,550,780,1100,1400,1800,2700,3500,3800,20591,0,250,353.7861989657972,4.248800105415285,3837.160600000061,4773.196542178622
1791146218,250,,Aggregated,109.700000,0.000000,250,410,500,550,780,1100,1400,1800,2700,3500,3800,20710,0,250,352.99869998567186,4.248800105415285,3837.160600000061,4775.19850313858
1791146219,250,,Aggregated,112.500000,0.000000,250,410,490,550,770,1100,1400,1800,2700,3500,3800,20826,0,250,352.1183631375839,4.248800105415285,3837.160600000061,4775.149812734083
1791146220,250,,Aggregated,111.300000,0.000000,250,400,490,550,770,1100,1400,1800,2700,3500,3800,20925,0,250,351.70319291292896,4.248800105415285,3837.160600000061,4774.815292712067
1791146221,250,,Aggregated,111.400000,0.000000,250,410,490,550,770,1100,1400,1800,2700,3500,3800,21049,0,250,352.0751136207521,4.248800105415285,3837.160600000061,4775.114589766735
1791146222,250,,Aggregated,111.400000,0.000000,250,400,490,550,770,1100,1400,1800,2700,3500,3800,21108,0,250,351.5765802919632,4.248800105415285,3837.160600000061,4773.651317036195
1791146223,250,,Aggregated,109.200000,0.000000,250,410,490,550,770,1100,1400,1800,2700,3500,3800,21119,0,250,352.01147113039394,4.248800105415285,3837.160600000061,4773.823334438183
1791146224,250,,Aggregated,115.400000,0.000000,250,410,490,550,780,1100,1500,1900,2700,3500,3800,21182,0,250,354.2125578464144,4.248800105415285,3837.160600000061,4774.209375885185
1791146225,250,,Aggregated,104.800000,0.000000,250,410,500,550,800,1100,1600,2000,3000,3500,3800,21311,0,250,363.3454861387225,4.248800105415285,3837.160600000061,4773.081178733987
1791146226,250,,Aggregated,93.600000,0.000000,250,410,500,560,810,1100,1700,2000,3300,3800,4000,21443,0,250,369.15515691378613,4.248800105415285,4030.669300002046,4773.266893624959
1791146227,250,,Aggregated,90.400000,0.000000,250,410,500,560,800,1100,1700,2000,3300,3800,4000,21531,0,250,368.6620997725203,4.248800105415285,4030.669300002046,4771.251869397613
1791146228,250,,Aggregated,94.500000,0.000000,250,410,500,550,800,1100,1700,2000,3300,3800,4000,21628,0,250,367.93029340677793,4.248800105415285,4030.669300002046,4770.255918254115
1791146229,250,,Aggregated,92.200000,0.000000,250,410,500,550,800,1100,1700,2000,3300,3800,4000,21750,0,250,367.33374520927003,4.248800105415285,4030.669300002046,4771.274850574712
1791146230,250,,Aggregated,95.600000,0.000000,250,410,500,550,800,1100,1700,2000,3300,3800,4000,21882,0,250,367.15741731110063,4.248800105415285,4030.669300002046,4768.76405264601
1791146231,250,,Aggregated,92.400000,0.000000,250,410,500,550,800,1100,1700,2000,3300,3800,4000,21978,0,250,366.4548402039219,4.248800105415285,4030.669300002046,4769.342205842206
1791146232,250,,Aggregated,91.000000,0.000000,250,410,500,550,800,1100,1700,2000,3300,3800,4000,22103,0,250,365.16055280287145,4.248800105415285,4030.669300002046,4769.445459892322
1791146233,250,,Aggregated,96.700000,0.000000,250,400,490,550,790,1100,1700,2000,3300,3800,4000,22240,0,250,364.1231223337364,4.248800105415285,4030.669300002046,4770.338714028777
1791146234,250,,Aggregated,94.000000,0.000000,250,400,490,550,790,1100,1700,2000,3300,3800,4000,22316,0,250,363.50706234105087,4.248800105415285,4030.669300002046,4769.735570890841
1791146235,250,,Aggregated,100.900000,0.000000,250,400,490,550,790,1100,1700,2000,3300,3800,4000,22422,0,250,362.939308036897,4.248800105415285,4030.669300002046,4767.901302292392
1791146236,250,,Aggregated,113.500000,0.000000,250,400,490,550,790,1100,1700,2000,3300,3800,4000,22548,0,250,361.87866467105687,4.248800105415285,4030.669300002046,4766.7834841227605
1791146237,250,,Aggregated,116.200000,0.000000,250,400,490,540,790,1100,1700,2000,3300,3800,4000,22626,0,250,361.4434235791833,4.248800105415285,4030.669300002046,4767.290992663307
1791146238,250,,Aggregated,113.000000,0.000000,250,400,490,540,780,1100,1700,2000,3300,3800,4000,22795,0,250,360.9750080106181,4.248800105415285,4030.669300002046,4767.368984426409
1791146239,250,,Aggregated,111.200000,0.000000,250,400,490,540,780,1100,1600,2000,3300,3800,4000,22869,0,250,360.00681220435774,4.248800105415285,4030.669300002046,4766.489221216494
1791146240,250,,Aggregated,108.100000,0.000000,240,400,490,540,780,1100,1600,2000,3300,3800,4000,22993,0,240,359.1645480929377,4.248800105415285,4030.669300002046,4765.21797938503
1791146241,250,,Aggregated,113.800000,0.000000,240,400,490,540,780,1100,1600,2000,3300,3800,4000,23113,0,240,358.3787922727971,4.248800105415285,4030.669300002046,4764.346774542465
1791146242,250,,Aggregated,111.300000,0.000000,240,400,490,540,780,1100,1600,2000,3300,3800,4000,23221,0,240,357.8202927738063,4.248800105415285,4030.669300002046,4765.522587313208
1791146243,250,,Aggregated,110.200000,0.000000,240,400,480,540,770,1100,1600,2000,3300,3800,4000,23351,0,240,357.1120516252152,4.248800105415285,4030.669300002046,4765.55445162948
1791146244,250,,Aggregated,107.100000,0.000000,240,390,480,540,770,1100,1600,2000,3300,3800,4000,23456,0,240,356.33395588337373,4.248800105415285,4030.669300002046,4765.411493860845
1791146245,250,,Aggregated,110.100000,0.000000,240,390,480,540,770,1100,1600,2000,3300,3800,4000,23583,0,240,356.06429382185,4.248800105415285,4030.669300002046,4766.5385235127
1791146246,250,,Aggregated,107.600000,0.000000,240,390,480,530,770,1100,1600,2000,3300,3800,4000,23701,0,240,355.3951084975702,4.248800105415285,4030.669300002046,4768.839880173832
1791146247,250,,Aggregated,108.000000,0.000000,240,390,480,530,770,1100,1600,2000,3300,3800,4000,23777,0,240,354.7462612188766,4.248800105415285,4030.669300002046,4769.702317365522
1791146248,250,,Aggregated,113.000000,0.000000,240,390,480,530,770,1100,1600,2000,3300,3800,4000,23880,0,240,353.8294388108046,4.248800105415285,4030.669300002046,4769.991289782244
1791146249,250,,Aggregated,113.300000,0.000000,240,390,480,530,760,1100,1600,2000,3300,3800,4000,24032,0,240,352.7464203021629,4.248800105415285,4030.669300002046,4769.013107523302
1791146250,250,,Aggregated,114.800000,0.000000,240,390,480,530,760,1100,1600,2000,3300,3800,4000,24112,0,240,352.2801057357944,4.248800105415285,4030.669300002046,4769.394450895819
1791146251,250,,Aggregated,109.400000,0.000000,240,390,480,530,760,1100,1600,2000,3300,3800,4000,24275,0,240,351.8986108796008,4.248800105415285,4030.669300002046,4769.159876416066
1791146252,250,,Aggregated,114.700000,0.000000,240,390,480,530,760,1100,1600,2000,3300,3800,4000,24378,0,240,350.57419850284015,4.248800105415285,4030.669300002046,4770.002871441464
1791146253,250,,Aggregated,109.300000,0.000000,240,390,470,530,760,1100,1600,2000,3300,3800,4000,24516,0,240,349.9489299682499,4.248800105415285,4030.669300002046,4768.698156306086
1791146254,250,,Aggregated,117.400000,0.000000,240,390,470,530,760,1100,1600,2000,3300,3800,4000,24608,0,240,349.56523627280455,4.248800105415285,4030.669300002046,4768.497521131339
1791146255,250,,Aggregated,116.100000,0.000000,240,390,470,530,750,1100,1600,2000,3300,3800,4000,24687,0,240,348.6392569976697,4.0074000135064125,4030.669300002046,4768.590999311378
1791146256,250,,Aggregated,117.300000,0.000000,240,380,470,530,750,1100,1600,2000,3300,3800,4000,24837,0,240,347.56562306237305,4.0074000135064125,4030.669300002046,4769.0570922414145
1791146257,250,,Aggregated,117.100000,0.000000,240,380,470,520,750,1100,1600,2000,3300,3800,4000,24952,0,240,347.0730071737604,4.0074000135064125,4030.669300002046,4770.2871513305545
1791146258,250,,Aggregated,110.600000,0.000000,240,380,470,520,750,1100,1600,2000,3300,3800,4000,25065,0,240,346.28054161977917,4.0074000135064125,4030.669300002046,4770.204468382206
1791146259,250,,Aggregated,112.600000,0.000000,240,380,470,520,750,1100,1600,2000,3300,3800,4000,25175,0,240,345.47270610923294,4.0074000135064125,4030.669300002046,4769.918172790467
1791146260,250,,Aggregated,115.000000,0.000000,230,380,470,520,750,1100,1600,2000,3300,3800,4000,25307,0,230,344.8045731773714,4.0074000135064125,4030.669300002046,4769.72063065555
1791146261,250,,Aggregated,115.500000,0.000000,230,380,470,520,750,1100,1600,2000,3300,3800,4000,25388,0,230,344.16991226564085,4.0074000135064125,4030.669300002046,4769.489365054356
1791146262,250,,Aggregated,114.300000,0.000000,230,380,470,520,740,1100,1600,2000,3300,3800,4000,25498,0,230,343.26429812534303,4.0074000135064125,4030.669300002046,4769.92960232175
1791146263,250,,Aggregated,120.200000,0.000000,230,380,470,520,740,1100,1500,2000,3300,3800,4000,25630,0,230,342.5750681701155,4.0074000135064125,4030.669300002046,4768.890323839251
1791146264,250,,Aggregated,111.000000,0.000000,230,380,470,520,740,1000,1500,2000,3300,3800,4000,25718,0,230,341.98146686760293,4.0074000135064125,4030.669300002046,4769.490784664437
1791146265,250,,Aggregated,111.400000,0.000000,230,380,470,520,740,1000,1500,2000,3300,3800,4000,25883,0,230,341.8316726114079,4.0074000135064125,4030.669300002046,4769.38728122706
1791146266,250,,Aggregated,110.600000,0.000000,230,380,460,520,740,1000,1500,2000,3300,3800,4000,25988,0,230,341.3219501308673,4.0074000135064125,4030.669300002046,4768.793250731107
1791146267,250,,Aggregated,108.700000,0.000000,230,370,460,520,740,1000,1500,2000,3300,3800,4000,26092,0,230,340.86453066844933,4.0074000135064125,4030.669300002046,4769.240303541315
1791146268,250,,Aggregated,117.300000,0.000000,230,370,460,520,730,1000,1500,2000,3300,3800,4000,26208,0,230,340.5858020261831,4.0074000135064125,4030.669300002046,4770.297886141636
1791146269,250,,Aggregated,114.900000,0.000000,230,370,460,520,730,1000,1500,2000,3300,3800,4000,26337,0,230,340.17803590392776,4.0074000135064125,4030.669300002046,4771.581197554771
1791146271,250,,Aggregated,113.000000,0.000000,230,370,460,520,730,1000,1500,1900,3300,3800,4000,26419,0,230,339.9461226731454,4.0074000135064125,4030.669300002046,4771.9318293652295
1791146272,250,,Aggregated,116.200000,0.000000,230,370,460,520,730,1000,1500,1900,3300,3800,4000,26567,0,230,338.69421710024255,4.0074000135064125,4030.669300002046,4772.21417548086
1791146273,250,,Aggregated,109.300000,0.000000,230,370,460,510,730,1000,1500,1900,3300,3800,4000,26672,0,230,337.41747372906497,4.0074000135064125,4030.669300002046,4773.391834133174
1791146274,250,,Aggregated,116.200000,0.000000,230,370,460,510,730,1000,1500,1900,3300,3800,4000,26765,0,230,337.216084468594,4.0074000135064125,4030.669300002046,4774.360993835233
1791146275,250,,Aggregated,117.100000,0.000000,230,370,460,510,730,1000,1500,1900,3300,3800,4000,26865,0,230,337.0179063950318,4.0074000135064125,4030.669300002046,4775.613921459148
1791146276,250,,Aggregated,112.700000,0.000000,230,370,460,510,720,1000,1500,1900,3300,3800,4000,26978,0,230,336.73089817639936,4.0074000135064125,4030.669300002046,4774.864445103418
1791146277,250,,Aggregated,114.300000,0.000000,230,370,460,510,720,1000,1500,1900,3300,3800,4000,27084,0,230,336.5741200340747,4.0074000135064125,4030.669300002046,4774.570262885837
1791146278,250,,Aggregated,109.000000,0.000000,230,370,460,510,720,1000,1500,1900,3300,3800,4000,27221,0,230,335.8724833585631,4.0074000135064125,4030.669300002046,4774.918114690864
1791146279,250,,Aggregated,108.600000,0.000000,230,370,460,510,720,1000,1500,1900,3300,3800,4000,27351,0,230,335.33447793146877,4.0074000135064125,4030.669300002046,4776.149391247121
1791146280,250,,Aggregated,112.700000,0.000000,230,370,460,510,720,1000,1500,1900,3300,3800,4000,27445,0,230,335.10387213349185,4.0074000135064125,4030.669300002046,4777.235051922026
1791146281,250,,Aggregated,113.400000,0.000000,230,370,460,510,720,1000,1500,1900,3300,3800,4000,27520,0,230,334.6958926127789,4.0074000135064125,4030.669300002046,4778.2550872093025
1791146282,250,,Aggregated,109.800000,0.000000,230,370,460,510,720,1000,1500,1900,3300,3800,4000,27682,0,230,334.1338696808356,4.0074000135064125,4030.669300002046,4777.39216819594
1791146283,250,,Aggregated,109.800000,0.000000,230,370,460,510,710,1000,1500,1900,3300,3800,4000,27788,0,230,333.7861090724252,4.0074000135064125,4030.669300002046,4777.3722110263425
1791146284,250,,Aggregated,109.800000,0.000000,230,370,460,510,710,1000,1500,1900,3300,3800,4000,27881,0,230,332.8445784478801,4.0074000135064125,4030.669300002046,4778.033320182203
1791146285,250,,Aggregated,110.600000,0.000000,230,370,460,510,710,1000,1500,1900,3300,3800,4000,28016,0,230,332.5155529841446,4.0074000135064125,4030.669300002046,4778.22119503141
1791146286,250,,Aggregated,112.000000,0.000000,230,370,460,510,710,1000,1500,1900,3300,3800,4000,28136,0,230,332.36118328491864,4.0074000135064125,4030.669300002046,4778.610961046346
1791146287,250,,Aggregated,115.000000,0.000000,230,370,460,510,710,1000,1500,1900,3300,3800,4000,28208,0,230,332.0555480078196,4.0074000135064125,4030.669300002046,4778.528608905275
1791146288,250,,Aggregated,114.000000,0.000000,230,370,460,510,710,1000,1500,1900,3300,3800,4000,28351,0,230,331.54471500844693,4.0074000135064125,4030.669300002046,4778.8483651370325
1791146289,250,,Aggregated,112.000000,0.000000,230,370,450,510,710,1000,1500,1900,3300,3800,4000,28460,0,230,331.2205216059321,4.0074000135064125,4030.669300002046,4777.672628250176
1791146290,250,,Aggregated,111.200000,0.000000,230,370,450,510,700,1000,1500,1900,3300,3800,4000,28580,0,230,330.8111162423016,4.0074000135064125,4030.669300002046,4778.331385584324
1791146291,250,,Aggregated,110.100000,0.000000,230,370,450,510,700,1000,1500,1900,3300,3800,4000,28681,0,230,330.6878188802488,4.0074000135064125,4030.669300002046,4778.643945469126
1791146292,250,,Aggregated,111.900000,0.000000,230,370,450,510,700,990,1500,1900,3300,3800,4000,28790,0,230,330.25603312628914,4.0074000135064125,4030.669300002046,4779.03007988885
1791146293,250,,Aggregated,112.700000,0.000000,230,370,450,510,700,990,1500,1900,3300,3800,4000,28881,0,230,330.05639528429816,4.0074000135064125,4030.669300002046,4778.077802015166
1791146294,250,,Aggregated,107.800000,0.000000,230,360,450,500,700,990,1500,1900,3300,3800,4000,29005,0,230,329.5468662646261,4.0074000135064125,4030.669300002046,4777.816031718669
1791146295,250,,Aggregated,107.200000,0.000000,230,360,450,500,700,990,1500,1900,3300,3800,4000,29093,0,230,328.94540020297967,4.0074000135064125,4030.669300002046,4777.973739387481
1791146296,250,,Aggregated,111.700000,0.000000,230,360,450,500,700,980,1500,1900,3300,3800,4000,29249,0,230,328.6305995386185,4.0074000135064125,4030.669300002046,4778.800574378612
1791146297,250,,Aggregated,107.500000,0.000000,230,360,450,500,700,980,1500,1900,3300,3800,4000,29368,0,230,328.0565036504012,4.0074000135064125,4030.669300002046,4778.984302642331
1791146298,250,,Aggregated,111.300000,0.000000,230,360,450,500,690,980,1500,1900,3300,3800,4000,29478,0,230,327.73203038892245,4.0074000135064125,4030.669300002046,4778.961055702558
1791146299,250,,Aggregated,113.900000,0.000000,230,360,450,500,690,980,1500,1900,3300,3800,4000,29599,0,230,327.78907012416187,4.0074000135064125,4030.669300002046,4778.316057974932
1791146300,250,,Aggregated,109.600000,0.000000,230,360,450,500,690,980,1500,1900,3300,3800,4000,29712,0,230,327.40689720670287,4.0074000135064125,4030.669300002046,4778.829664781906
1791146301,250,,Aggregated,108.500000,0.000000,230,360,450,500,690,970,1500,1900,3300,3800,4000,29826,0,230,327.16211236858123,4.0074000135064125,4030.669300002046,4778.376919466237
1791146302,250,,Aggregated,109.200000,0.000000,230,360,450,500,690,970,1500,1900,3300,3800,4000,29938,0,230,326.72458399042296,4.0074000135064125,4030.669300002046,4778.706426615005
1791146303,250,,Aggregated,109.200000,0.000000,230,360,450,500,690,970,1500,1900,3200,3800,4000,30044,0,230,326.52732155188653,4.0074000135064125,4030.669300002046,4779.1387964319
1791146304,250,,Aggregated,112.100000,0.000000,230,360,450,500,690,970,1500,1900,3200,3800,4000,30147,0,230,326.37204561333056,4.0074000135064125,4030.669300002046,4779.19554184496
1791146305,250,,Aggregated,111.500000,0.000000,230,360,450,500,690,970,1500,1900,3200,3800,4000,30243,0,230,325.68735470045044,4.0074000135064125,4030.669300002046,4779.795787454948
1791146306,250,,Aggregated,107.900000,0.000000,230,360,450,500,680,970,1400,1900,3200,3800,4000,30401,0,230,325.0911931385899,4.0074000135064125,4030.669300002046,4780.315581724285
1791146307,250,,Aggregated,115.100000,0.000000,220,360,450,500,680,960,1400,1900,3200,3800,4000,30477,0,220,324.5025602685775,4.0074000135064125,4030.669300002046,4780.84276667651
1791146308,250,,Aggregated,111.900000,0.000000,220,360,450,500,680,960,1400,1900,3200,3800,4000,30576,0,220,324.10649888166944,4.0074000135064125,4030.669300002046,4781.419348508634
1791146309,250,,Aggregated,111.300000,0.000000,220,360,450,500,680,960,1400,1900,3200,3800,4000,30708,0,220,323.7833954606208,4.0074000135064125,4030.669300002046,4781.580304806565
1791146310,250,,Aggregated,114.500000,0.000000,230,360,450,500,680,960,1400,1900,3200,3800,4000,30814,0,230,323.5819603493636,4.0074000135064125,4030.669300002046,4782.073473096644
1791146311,250,,Aggregated,117.400000,0.000000,230,360,450,500,680,960,1400,1900,3200,3800,4000,30971,0,230,323.3919532952008,4.0074000135064125,4030.669300002046,4781.672984404766
1791146312,250,,Aggregated,115.000000,0.000000,220,360,450,500,680,960,1400,1900,3200,3800,4000,31061,0,220,322.93544608045556,4.0074000135064125,4030.669300002046,4782.398699333569
1791146313,250,,Aggregated,114.900000,0.000000,230,360,450,500,680,950,1400,1900,3200,3800,4000,31182,0,230,322.98172339508693,4.0074000135064125,4030.669300002046,4782.062888846129
1791146314,250,,Aggregated,112.600000,0.000000,230,360,450,500,670,950,1400,1900,3200,3800,4000,31276,0,230,322.7383214287495,4.0074000135064125,4030.669300002046,4781.682727970328
1791146315,250,,Aggregated,111.400000,0.000000,230,360,450,500,670,950,1400,1900,3200,3800,4000,31370,0,230,322.31558043052206,4.0074000135064125,4030.669300002046,4781.313292955053
1791146316,250,,Aggregated,115.000000,0.000000,220,360,450,490,670,950,1400,1900,3200,3800,4000,31530,0,220,321.9350797242489,4.0074000135064125,4030.669300002046,4781.559974627339
1791146317,250,,Aggregated,112.300000,0.000000,220,360,440,490,670,950,1400,1900,3200,3800,4000,31646,0,220,321.35582871474423,4.0074000135064125,4030.669300002046,4781.555141250079
1791146318,250,,Aggregated,109.900000,0.000000,220,360,440,490,670,940,1400,1900,3200,3800,4000,31737,0,220,321.2018135333112,4.0074000135064125,4030.669300002046,4781.165863188077
1791146319,250,,Aggregated,109.400000,0.000000,220,360,440,490,670,940,1400,1900,3200,3800,4000,31871,0,220,320.5879787457863,4.0074000135064125,4030.669300002046,4781.322111010009
1791146320,250,,Aggregated,108.000000,0.000000,220,360,440,490,670,940,1400,1900,3200,3800,4000,31962,0,220,320.23084678698007,4.0074000135064125,4030.669300002046,4781.476659783493
1791146321,250,,Aggregated,107.900000,0.000000,220,360,440,490,670,940,1400,1900,3200,3800,4000,32061,0,220,319.9238927390105,4.0074000135064125,4030.669300002046,4781.439880228315
1791146322,250,,Aggregated,110.500000,0.000000,220,360,440,490,660,940,1400,1900,3200,3800,4000,32166,0,220,319.52430863662255,4.0074000135064125,4030.669300002046,4781.875116582727
1791146323,250,,Aggregated,114.700000,0.000000,220,360,440,490,660,940,1400,1900,3200,3800,4000,32269,0,220,319.4428745020063,4.0074000135064125,4030.669300002046,4781.484644705445
1791146324,250,,Aggregated,114.500000,0.000000,220,360,440,490,660,930,1400,1900,3200,3800,4000,32428,0,220,319.1486790090659,4.0074000135064125,4030.669300002046,4781.1912853089925
1791146325,250,,Aggregated,116.200000,0.000000,220,360,440,490,660,930,1400,1900,3200,3800,4000,32496,0,220,318.59355687793766,4.0074000135064125,4030.669300002046,4781.007693254554
1791146326,250,,Aggregated,112.300000,0.000000,220,360,440,490,660,930,1400,1900,3200,3800,4000,32601,0,220,318.4115668109984,4.0074000135064125,4030.669300002046,4780.441029416275
1791146327,250,,Aggregated,110.900000,0.000000,220,360,440,490,660,930,1400,1900,3200,3800,4000,32773,0,220,318.21943947779266,4.0074000135064125,4030.669300002046,4779.8658651939095
1791146328,250,,Aggregated,113.300000,0.000000,220,360,440,490,660,930,1400,1900,3200,3800,4000,32879,0,220,317.2329697620278,4.0074000135064125,4030.669300002046,4779.765047598771
1791146329,250,,Aggregated,112.300000,0.000000,220,360,440,490,660,930,1400,1900,3200,3800,4000,33000,0,220,316.6289428183623,4.0074000135064125,4030.669300002046,4780.579515151515
1791146330,250,,Aggregated,116.200000,0.000000,220,360,440,490,660,930,1400,1800,3200,3800,4000,33118,0,220,316.4607984783405,4.0074000135064125,4030.669300002046,4780.329428105562
1791146331,250,,Aggregated,110.900000,0.000000,220,360,440,490,660,930,1400,1800,3200,3800,4000,33214,0,220,316.1554075211009,4.0074000135064125,4030.669300002046,4780.363822484494
1791146332,250,,Aggregated,110.600000,0.000000,220,360,440,490,650,920,1400,1800,3200,3800,4000,33325,0,220,315.7712340617017,4.0074000135064125,4030.669300002046,4780.150007501876
1791146333,250,,Aggregated,110.700000,0.000000,220,360,440,490,650,920,1400,1800,3200,3800,4000,33410,0,220,315.79218234679547,4.0074000135064125,4030.669300002046,4780.562077222388
1791146334,250,,Aggregated,110.200000,0.000000,220,360,440,490,650,920,1400,1800,3200,3800,4000,33544,0,220,315.2764267948273,4.0074000135064125,4030.669300002046,4781.551097066539
1791146335,250,,Aggregated,110.400000,0.000000,220,360,440,490,650,920,1400,1800,3200,3800,4000,33679,0,220,314.9263283561124,4.0074000135064125,4030.669300002046,4781.53603135485
1791146336,250,,Aggregated,113.400000,0.000000,220,350,440,490,650,920,1400,1800,3200,3800,4000,33776,0,220,314.6270505863555,4.0074000135064125,4030.669300002046,4781.344090478447
1791146337,250,,Aggregated,108.100000,0.000000,220,350,440,490,650,920,1400,1800,3200,3800,4000,33898,0,220,314.0207843945332,4.0074000135064125,4030.669300002046,4781.949023541212
1791146338,250,,Aggregated,112.000000,0.000000,220,350,440,490,650,920,1400,1800,3200,3800,4000,33980,0,220,313.7834163362567,4.0074000135064125,4030.669300002046,4781.610035314891
1791146339,250,,Aggregated,114.300000,0.000000,220,350,440,490,650,920,1400,1800,3200,3800,4000,34080,0,220,313.7292525177807,4.0074000135064125,4030.669300002046,4781.625322769953
1791146340,250,,Aggregated,112.100000,0.000000,220,350,440,490,650,910,1400,1800,3200,3800,4000,34231,0,220,313.2521828841095,4.0074000135064125,4030.669300002046,4781.110455435132
1791146341,250,,Aggregated,116.600000,0.000000,220,350,440,480,650,910,1400,1800,3200,3800,4000,34324,0,220,312.62257147784135,4.0074000135064125,4030.669300002046,4781.430748164549
1791146342,250,,Aggregated,114.500000,0.000000,220,350,440,480,640,910,1400,1800,3200,3800,4000,34485,0,220,312.0465240105999,4.0074000135064125,4030.669300002046,4780.933681310715
1791146343,250,,Aggregated,113.600000,0.000000,220,350,440,480,640,910,1400,1800,3200,3800,4000,34596,0,220,311.08454583781696,4.0074000135064125,4030.669300002046,4780.960168805642
1791146344,250,,Aggregated,109.900000,0.000000,220,350,440,480,640,910,1400,1800,3200,3800,4000,34698,0,220,310.67543652384353,4.0074000135064125,4030.669300002046,4781.158135915614
1791146345,250,,Aggregated,117.700000,0.000000,220,350,440,480,640,910,1400,1800,3200,3800,4000,34807,0,220,310.0858220933928,4.0074000135064125,4030.669300002046,4780.841813428334
1791146346,250,,Aggregated,114.400000,0.000000,220,350,440,480,640,910,1400,1800,3200,3800,4000,34902,0,220,309.6397995703487,4.0074000135064125,4030.669300002046,4780.458970832617
1791146347,250,,Aggregated,120.900000,0.000000,220,350,430,480,640,900,1400,1800,3200,3800,4000,35021,0,220,309.4257915766198,4.0074000135064125,4030.669300002046,4781.209788412667
1791146348,250,,Aggregated,116.900000,0.000000,220,350,430,480,640,900,1400,1800,3200,3800,4000,35164,0,220,309.237156353197,4.0074000135064125,4030.669300002046,4781.097571379821
1791146349,250,,Aggregated,115.300000,0.000000,220,350,430,480,640,900,1400,1800,3200,3800,4000,35285,0,220,308.9820229617162,4.0074000135064125,4030.669300002046,4781.819129941901
1791146350,250,,Aggregated,111.400000,0.000000,220,350,430,480,640,900,1400,1800,3200,3800,4000,35367,0,220,309.1058478950474,4.0074000135064125,4030.669300002046,4782.704215794384
1791146351,250,,Aggregated,111.500000,0.000000,220,350,430,480,640,900,1400,1800,3200,3800,4000,35508,0,220,308.4957222711516,4.0074000135064125,4030.669300002046,4782.124535315985
1791146352,250,,Aggregated,114.800000,0.000000,220,350,430,480,640,900,1400,1800,3200,3800,4000,35573,0,220,308.67629917926536,4.0074000135064125,4030.669300002046,4782.431001040115
1791146353,250,,Aggregated,113.000000,0.000000,220,350,430,480,640,900,1400,1800,3200,3800,4000,35737,0,220,308.68214084015176,4.0074000135064125,4030.669300002046,4782.3107143856505
1791146354,250,,Aggregated,117.000000,0.000000,220,350,430,480,640,890,1400,1800,3200,3800,4000,35833,0,220,308.540223397526,4.0074000135064125,4030.669300002046,4783.093042725979
1791146355,250,,Aggregated,108.000000,0.000000,220,350,430,480,630,890,1400,1800,3200,3800,4000,35941,0,220,308.5164447428693,4.0074000135064125,4030.669300002046,4783.196321749534
1791146356,250,,Aggregated,111.300000,0.000000,220,350,430,480,630,890,1400,1800,3200,3800,4000,36037,0,220,308.33043381256863,4.0074000135064125,4030.669300002046,4783.37375475206
1791146357,250,,Aggregated,108.000000,0.000000,220,350,430,480,630,890,1400,1800,3200,3800,4000,36151,0,220,307.97549174861734,4.0074000135064125,4030.669300002046,4783.820364581893
1791146358,250,,Aggregated,110.600000,0.000000,220,350,430,480,630,890,1400,1800,3200,3800,4000,36259,0,220,307.7388250642206,4.0074000135064125,4030.669300002046,4784.128326760253
1791146359,250,,Aggregated,111.000000,0.000000,220,350,430,480,630,890,1400,1800,3200,3800,4000,36350,0,220,307.34640359020136,4.0074000135064125,4030.669300002046,4784.431389270977
1791146360,250,,Aggregated,113.500000,0.000000,220,350,430,480,630,880,1400,1800,3200,3800,4000,36497,0,220,307.2605242788396,4.0074000135064125,4030.669300002046,4784.798175192482
1791146361,250,,Aggregated,111.700000,0.000000,220,350,430,480,630,880,1400,1800,3200,3800,4000,36589,0,220,306.91784343395955,4.0074000135064125,4030.669300002046,4784.8153270108505
1791146362,250,,Aggregated,107.100000,0.000000,220,350,430,480,630,880,1400,1800,3200,3800,4000,36694,0,220,306.66337473990234,4.0074000135064125,4030.669300002046,4783.892543740121
1791146363,250,,Aggregated,109.500000,0.000000,220,350,430,480,630,880,1400,1800,3200,3800,4000,36852,0,220,306.24211127770974,4.0074000135064125,4030.669300002046,4784.454575056985
1791146364,250,,Aggregated,108.500000,0.000000,220,350,430,480,630,880,1400,1800,3200,3800,4000,36945,0,220,306.066959220642,4.0074000135064125,4030.669300002046,4785.000974421438
1791146365,250,,Aggregated,111.400000,0.000000,220,350,430,480,630,880,1400,1800,3200,3800,4000,37045,0,220,305.9519012392209,4.0074000135064125,4030.669300002046,4785.041166149278
1791146366,250,,Aggregated,112.100000,0.000000,220,350,430,480,630,880,1400,1800,3200,3800,4000,37185,0,220,305.8114698401682,4.0074000135064125,4030.669300002046,4785.938227780019
1791146367,250,,Aggregated,112.600000,0.000000,210,350,430,480,630,870,1400,1800,3200,3800,4000,37320,0,210,305.4006900645037,4.0074000135064125,4030.669300002046,4786.811816720257
1791146368,250,,Aggregated,107.800000,0.000000,210,350,430,480,630,870,1400,1800,3200,3800,4000,37408,0,210,305.3168802878264,4.0074000135064125,4030.669300002046,4786.423866552609
1791146369,250,,Aggregated,111.300000,0.000000,210,350,430,480,630,870,1400,1800,3200,3800,4000,37495,0,210,305.34499506087786,4.0074000135064125,4030.669300002046,4785.767008934525
1791146370,250,,Aggregated,114.000000,0.000000,220,350,430,480,620,870,1400,1800,3200,3800,4000,37645,0,220,305.1391849889188,4.0074000135064125,4030.669300002046,4786.384486651614
1791146371,250,,Aggregated,113.200000,0.000000,210,350,430,480,620,870,1400,1800,3200,3800,4000,37708,0,210,304.68075498322133,4.0074000135064125,4030.669300002046,4785.8009440967435
1791146372,250,,Aggregated,113.200000,0.000000,210,350,430,480,620,870,1400,1800,3200,3800,4000,37856,0,210,304.59921553536117,4.0074000135064125,4030.669300002046,4785.628249154692
1791146373,250,,Aggregated,115.200000,0.000000,210,350,430,480,620,860,1400,1800,3200,3800,4000,37970,0,210,304.4062033159646,4.0074000135064125,4030.669300002046,4786.0318672636295
1791146374,250,,Aggregated,111.400000,0.000000,220,350,430,480,620,860,1400,1800,3100,3800,4000,38085,0,220,304.4657952187763,4.0074000135064125,4030.669300002046,4786.24857555468
1791146375,250,,Aggregated,114.300000,0.000000,220,350,430,480,620,860,1400,1800,3100,3800,4000,38208,0,220,304.3090085795365,4.0074000135064125,4030.669300002046,4785.921691792295
1791146376,250,,Aggregated,110.800000,0.000000,210,350,430,480,620,860,1400,1800,3100,3800,4000,38314,0,210,303.51366886534487,4.0074000135064125,4030.669300002046,4785.414652607402
1791146378,250,,Aggregated,115.800000,0.000000,210,350,430,480,620,860,1400,1800,3100,3800,4000,38447,0,210,303.3751934795272,4.0074000135064125,4030.669300002046,4785.3481155876925
1791146379,250,,Aggregated,112.900000,0.000000,210,350,430,470,620,860,1400,1800,3100,3800,4000,38567,0,210,303.07831691103047,4.0074000135064125,4030.669300002046,4785.139082635414
1791146380,250,,Aggregated,112.200000,0.000000,210,350,430,470,620,860,1400,1800,3100,3800,4000,38674,0,210,302.7722516886534,4.0074000135064125,4030.669300002046,4784.657366706314
1791146381,250,,Aggregated,113.800000,0.000000,210,350,430,470,620,860,1400,1800,3100,3800,4000,38789,0,210,302.294966712379,4.0074000135064125,4030.669300002046,4784.18409858465
1791146382,250,,Aggregated,115.300000,0.000000,210,350,430,470,610,850,1400,1800,3100,3800,4000,38906,0,210,302.4869120034381,4.0074000135064125,4030.669300002046,4784.137767953529
1791146383,250,,Aggregated,111.500000,0.000000,210,350,430,470,610,850,1400,1800,3100,3800,4000,39005,0,210,302.1830349649058,4.0074000135064125,4030.669300002046,4784.680169209076
1791146384,250,,Aggregated,115.700000,0.000000,210,350,430,470,610,850,1400,1700,3100,3800,4000,39141,0,210,301.8234620552812,4.0074000135064125,4030.669300002046,4784.849543956465
1791146385,250,,Aggregated,110.700000,0.000000,210,350,430,470,610,850,1400,1700,3100,3800,4000,39240,0,210,301.75719685793706,4.0074000135064125,4030.669300002046,4784.9517838939855
1791146386,250,,Aggregated,112.700000,0.000000,210,340,430,470,610,850,1400,1700,3100,3800,4000,39338,0,210,301.5541212645508,4.0074000135064125,4030.669300002046,4786.4153744471
1791146387,250,,Aggregated,111.400000,0.000000,210,340,430,470,610,850,1400,1700,3100,3800,4000,39454,0,210,301.4285596670837,4.0074000135064125,4030.669300002046,4785.73830283368
1791146388,250,,Aggregated,108.800000,0.000000,210,350,430,470,610,850,1400,1700,3100,3800,4000,39556,0,210,301.3044476439735,4.0074000135064125,4030.669300002046,4785.068055415108
1791146389,250,,Aggregated,108.800000,0.000000,210,350,430,470,610,850,1400,1700,3100,3800,4000,39662,0,210,301.1922745954415,4.0074000135064125,4030.669300002046,4785.35689072664
1791146390,250,,Aggregated,106.000000,0.000000,210,350,430,470,610,850,1400,1700,3100,3800,4000,39765,0,210,300.9652990595959,4.0074000135064125,4030.669300002046,4785.048057336854
1791146391,250,,Aggregated,107.800000,0.000000,210,350,430,470,610,840,1400,1700,3100,3800,4000,39896,0,210,300.773451195736,4.0074000135064125,4030.669300002046,4785.451273310608
1791146392,250,,Aggregated,110.800000,0.000000,210,350,430,470,610,840,1300,1700,3100,3800,4000,40036,0,210,300.9597718055068,4.0074000135064125,4030.669300002046,4785.557673094215
1791146393,250,,Aggregated,112.500000,0.000000,210,340,430,470,610,840,1300,1700,3100,3800,4000,40144,0,210,300.5652658032673,4.0074000135064125,4030.669300002046,4784.886981865285
1791146394,250,,Aggregated,111.700000,0.000000,210,340,430,470,610,840,1300,1700,3100,3800,4000,40251,0,210,300.3217573229604,4.0074000135064125,4030.669300002046,4785.488882263795
1791146395,250,,Aggregated,113.100000,0.000000,210,340,430,470,610,840,1300,1700,3100,3800,4000,40355,0,210,300.1320790436756,4.0074000135064125,4030.669300002046,4784.707471193161
1791146396,250,,Aggregated,110.300000,0.000000,210,340,430,470,610,840,1300,1700,3100,3800,4000,40456,0,210,299.96774658659314,4.0074000135064125,4030.669300002046,4784.849194186277
1791146397,250,,Aggregated,110.600000,0.000000,210,340,430,470,610,840,1300,1700,3100,3800,4000,40562,0,210,299.78408334172786,4.0074000135064125,4030.669300002046,4784.722819387604
1791146398,250,,Aggregated,113.200000,0.000000,210,340,420,470,610,840,1300,1700,3100,3800,4000,40705,0,210,299.67760057258005,4.0074000135064125,4030.669300002046,4785.026286696966
1791146399,250,,Aggregated,112.900000,0.000000,210,340,420,470,610,840,1300,1700,3100,3800,4000,40823,0,210,299.48945182390196,4.0074000135064125,4030.669300002046,4785.0234916591135
1791146400,250,,Aggregated,116.900000,0.000000,210,340,420,470,600,840,1300,1700,3100,3800,4000,40902,0,210,299.1741585474248,4.0074000135064125,4030.669300002046,4784.605447166397
1791146401,250,,Aggregated,114.000000,0.000000,210,340,420,470,610,840,1300,1700,3000,3800,4000,41047,0,210,299.3684863719059,4.0074000135064125,4030.669300002046,4784.35003776159
1791146402,250,,Aggregated,113.200000,0.000000,210,340,420,470,600,830,1300,1700,3000,3800,4000,41165,0,210,299.12842688468277,4.0074000135064125,4030.669300002046,4783.916069476497
1791146403,250,,Aggregated,110.200000,0.000000,210,340,420,470,600,830,1300,1700,3000,3800,4000,41241,0,210,299.1865264156444,4.0074000135064125,4030.669300002046,4784.242792366819
1791146404,250,,Aggregated,111.400000,0.000000,210,340,420,470,600,830,1300,1700,3000,3800,4000,41384,0,210,298.6227124059176,4.0074000135064125,4030.669300002046,4784.73446259424
1791146405,250,,Aggregated,108.900000,0.000000,210,340,420,470,600,830,1300,1700,3000,3800,4000,41474,0,210,298.00892896772666,4.0074000135064125,4030.669300002046,4784.508680136953
1791146406,250,,Aggregated,115.100000,0.000000,210,340,420,470,600,830,1300,1700,3000,3800,4000,41628,0,210,297.55671527115555,4.0074000135064125,4030.669300002046,4784.347218218507
1791146407,250,,Aggregated,115.200000,0.000000,210,340,420,470,600,830,1300,1700,3000,3800,4000,41730,0,210,297.3613220394784,4.0074000135064125,4030.669300002046,4784.09343398035
1791146408,250,,Aggregated,113.600000,0.000000,210,340,420,470,600,830,1300,1700,3000,3800,4000,41812,0,210,297.0690406464058,4.0074000135064125,4030.669300002046,4785.042738926624
1791146409,250,,Aggregated,113.200000,0.000000,210,340,420,470,600,830,1300,1700,3000,3800,4000,41931,0,210,296.56394840828625,4.0074000135064125,4030.669300002046,4785.444372898333
1791146410,250,,Aggregated,111.500000,0.000000,210,340,420,470,600,830,1300,1700,3000,3800,4000,42061,0,210,296.30191284819387,4.0074000135064125,4030.669300002046,4785.7485318941535
1791146411,250,,Aggregated,114.700000,0.000000,210,340,420,470,600,830,1300,1700,3000,3800,4000,42154,0,210,295.9249463801178,4.0074000135064125,4030.669300002046,4785.835673957395
1791146412,250,,Aggregated,114.400000,0.000000,210,340,420,470,600,830,1300,1700,3000,3800,4000,42270,0,210,295.708270269898,4.0074000135064125,4030.669300002046,4786.0396025550035
1791146413,250,,Aggregated,114.900000,0.000000,210,340,420,470,600,820,1300,1700,3000,3800,4000,42423,0,210,295.3532522525122,4.0074000135064125,4030.669300002046,4786.529146925017
1791146414,250,,Aggregated,116.300000,0.000000,210,340,420,470,600,820,1300,1700,3000,3800,4000,42559,0,210,295.2804086846261,4.0074000135064125,4030.669300002046,4786.230738504194
1791146415,250,,Aggregated,120.800000,0.000000,210,340,420,470,600,820,1300,1700,3000,3800,4000,42664,0,210,294.6075899308312,4.0074000135064125,4030.669300002046,4786.499203075192
1791146416,250,,Aggregated,111.300000,0.000000,210,340,420,470,600,820,1300,1700,3000,3800,4000,42770,0,210,294.3498271080065,4.0074000135064125,4030.669300002046,4786.935725976152
1791146417,250,,Aggregated,115.600000,0.000000,210,340,420,470,600,820,1300,1700,3000,3800,4000,42883,0,210,294.48850726884535,4.0074000135064125,4030.669300002046,4787.7106312524775
1791146418,250,,Aggregated,112.700000,0.000000,210,340,420,460,600,820,1300,1700,3000,3800,4000,42977,0,210,294.10666103055456,4.0074000135064125,4030.669300002046,4787.416781068944
1791146419,250,,Aggregated,111.600000,0.000000,210,340,420,460,590,820,1300,1700,3000,3800,4000,43082,0,210,293.8187178986576,4.0074000135064125,4030.669300002046,4787.66893366139
1791146420,250,,Aggregated,115.800000,0.000000,210,340,420,460,590,820,1300,1700,3000,3800,4000,43230,0,210,293.6193655866393,4.0074000135064125,4030.669300002046,4786.591163543835
1791146421,250,,Aggregated,112.500000,0.000000,210,340,420,460,590,820,1300,1700,3000,3800,4000,43346,0,210,293.46863472084186,4.0074000135064125,4030.669300002046,4786.277488118858
1791146422,250,,Aggregated,111.400000,0.000000,210,340,420,460,590,820,1300,1700,3000,3800,4000,43459,0,210,293.3954952854255,4.0074000135064125,4030.669300002046,4785.9134356519935
1791146423,250,,Aggregated,110.400000,0.000000,210,340,420,460,590,810,1300,1700,3000,3800,4000,43559,0,210,293.20419168275885,4.0074000135064125,4030.669300002046,4786.1985812346475
1791146424,250,,Aggregated,109.200000,0.000000,210,340,420,460,590,810,1300,1700,3000,3800,4000,43657,0,210,293.1311516322376,4.0074000135064125,4030.669300002046,4786.584488169136
1791146425,250,,Aggregated,110.200000,0.000000,210,340,420,460,590,810,1300,1700,3000,3800,4000,43765,0,210,292.78119524296426,4.0074000135064125,4030.669300002046,4786.281206443505
1791146426,250,,Aggregated,113.000000,0.000000,210,340,420,460,590,810,1300,1700,3000,3800,4000,43908,0,210,292.6458787808304,4.0074000135064125,4030.669300002046,4785.938803862622
1791146427,250,,Aggregated,113.000000,0.000000,210,340,420,460,590,810,1300,1700,3000,3800,4000,44005,0,210,292.47541104667863,4.0074000135064125,4030.669300002046,4785.08274059766
1791146428,250,,Aggregated,111.800000,0.000000,210,340,420,460,590,810,1300,1700,3000,3800,4000,44109,0,210,292.26690012263026,4.0074000135064125,4030.669300002046,4784.853045863656
1791146429,250,,Aggregated,116.900000,0.000000,210,340,420,460,590,810,1300,1700,3000,3800,4000,44214,0,210,292.01400483351387,4.0074000135064125,4030.669300002046,4785.355701813905
1791146430,250,,Aggregated,113.300000,0.000000,210,340,420,460,590,810,1300,1700,3000,3800,4000,44358,0,210,291.78179869265176,4.0074000135064125,4030.669300002046,4784.739686189639
1791146431,250,,Aggregated,114.400000,0.000000,210,340,420,460,590,810,1300,1700,3000,3800,4000,44477,0,210,291.4740513098627,4.0074000135064125,4030.669300002046,4784.144411718416
1791146432,250,,Aggregated,114.400000,0.000000,210,340,420,460,590,810,1300,1700,3000,3800,4000,44551,0,210,291.72725198778585,4.0074000135064125,4030.669300002046,4784.288366142174
1791146433,250,,Aggregated,114.000000,0.000000,210,340,420,460,590,810,1300,1700,3000,3800,4000,44650,0,210,292.4942309497764,4.0074000135064125,4030.669300002046,4784.578499440089
1791146434,250,,Aggregated,112.400000,0.000000,210,340,420,460,590,810,1300,1700,3000,3800,4000,44793,0,210,292.16848435040174,4.0074000135064125,4030.669300002046,4783.517312973009
1791146435,250,,Aggregated,109.900000,0.000000,210,340,420,460,590,810,1300,1700,3000,3800,4000,44906,0,210,291.97936231477104,4.0074000135064125,4030.669300002046,4783.805059457533
1791146436,250,,Aggregated,115.100000,0.000000,210,340,420,460,590,810,1300,1700,2900,3800,4000,45007,0,210,291.66939618521025,4.0074000135064125,4030.669300002046,4784.020107983202
1791146437,250,,Aggregated,106.000000,0.000000,210,340,420,460,590,810,1300,1700,2900,3800,4000,45127,0,210,291.39371438180785,4.0074000135064125,4030.669300002046,4784.642121124825
1791146438,250,,Aggregated,112.800000,0.000000,210,340,420,460,590,810,1300,1700,2900,3800,4000,45223,0,210,291.0894466932452,4.0074000135064125,4030.669300002046,4784.64776772881
1791146439,250,,Aggregated,110.800000,0.000000,210,340,420,460,590,810,1300,1700,2900,3800,4000,45346,0,210,290.8667266706912,4.0074000135064125,4030.669300002046,4785.607683147356
1791146440,250,,Aggregated,108.700000,0.000000,210,340,420,460,590,810,1200,1700,2900,3800,4000,45447,0,210,290.75854917395685,4.0074000135064125,4030.669300002046,4785.713138380971
1791146441,250,,Aggregated,108.100000,0.000000,210,340,420,460,590,800,1200,1700,2900,3800,4000,45547,0,210,290.5527120273105,4.0074000135064125,4030.669300002046,4785.556611851494
1791146442,250,,Aggregated,108.300000,0.000000,210,340,420,460,590,800,1200,1700,2900,3800,4000,45672,0,210,290.42989534085586,4.0074000135064125,4030.669300002046,4785.465580662112
1791146443,250,,Aggregated,113.000000,0.000000,210,340,420,460,590,800,1200,1600,2900,3800,4000,45822,0,210,290.171543165005,4.0074000135064125,4030.669300002046,4785.7459953734015
1791146444,250,,Aggregated,114.200000,0.000000,210,340,420,460,590,800,1200,1600,2900,3800,4000,45920,0,210,290.0558167140083,4.0074000135064125,4030.669300002046,4785.62780923345
1791146445,250,,Aggregated,111.100000,0.000000,210,330,410,460,590,800,1200,1600,2900,3800,4000,46030,0,210,289.7671575865197,4.0074000135064125,4030.669300002046,4785.86808603085
1791146446,250,,Aggregated,108.200000,0.000000,210,340,410,460,590,800,1200,1600,2900,3800,4000,46156,0,210,289.9459959010287,4.0074000135064125,4030.669300002046,4785.567705173758
1791146447,250,,Aggregated,115.100000,0.000000,210,330,410,460,590,800,1200,1600,2900,3800,4000,46256,0,210,289.76606344276314,4.0074000135064125,4030.669300002046,4785.254345382221
1791146448,250,,Aggregated,110.300000,0.000000,210,340,410,460,580,800,1200,1600,2900,3800,4000,46359,0,210,289.66447657863,4.0074000135064125,4030.669300002046,4785.735369615393
1791146449,250,,Aggregated,114.500000,0.000000,210,330,410,460,580,800,1200,1600,2900,3800,4000,46472,0,210,289.3023042565202,4.0074000135064125,4030.669300002046,4785.724694439663
1791146450,250,,Aggregated,112.900000,0.000000,210,330,410,460,580,800,1200,1600,2900,3800,4000,46583,0,210,289.11530100057246,4.0074000135064125,4030.669300002046,4785.068565785802
1791146451,250,,Aggregated,114.000000,0.000000,210,330,410,460,580,800,1200,1600,2900,3800,4000,46728,0,210,289.25003527454487,4.0074000135064125,4030.669300002046,4785.2937211093995
1791146452,250,,Aggregated,112.600000,0.000000,210,330,410,460,580,800,1200,1600,2900,3800,4000,46808,0,210,289.01476243823777,4.0074000135064125,4030.669300002046,4785.47182105623
1791146453,250,,Aggregated,106.900000,0.000000,210,330,410,460,580,800,1200,1600,2900,3800,4000,46916,0,210,288.7794851779563,4.0074000135064125,4030.669300002046,4785.409561769972
1791146454,250,,Aggregated,115.000000,0.000000,210,330,410,460,580,790,1200,1600,2900,3800,4000,47073,0,210,288.3992145839135,4.0074000135064125,4030.669300002046,4785.757929173837
1791146455,250,,Aggregated,114.600000,0.000000,200,330,410,460,580,790,1200,1600,2900,3800,4000,47191,0,200,287.9692680131544,4.0074000135064125,4030.669300002046,4785.618253480537
1791146456,250,,Aggregated,113.500000,0.000000,200,330,410,460,580,790,1200,1600,2900,3800,4000,47286,0,200,287.89748626251003,4.0074000135064125,4030.669300002046,4785.991308209618
1791146457,250,,Aggregated,112.500000,0.000000,200,330,410,460,580,790,1200,1600,2900,3800,4000,47408,0,200,287.62012097556305,4.0074000135064125,4030.669300002046,4786.589858251772
1791146458,250,,Aggregated,116.500000,0.000000,200,330,410,460,580,790,1200,1600,2900,3800,4000,47543,0,200,287.5147084409699,4.0074000135064125,4030.669300002046,4786.792545695475
1791146459,250,,Aggregated,111.200000,0.000000,200,330,410,460,580,790,1200,1600,2900,3800,4000,47644,0,200,287.5233630784326,4.0074000135064125,4030.669300002046,4786.528838888423
1791146460,250,,Aggregated,111.700000,0.000000,200,330,410,460,580,790,1200,1600,2900,3800,4000,47758,0,200,287.3000481387221,4.0074000135064125,4030.669300002046,4787.553457012437
1791146461,250,,Aggregated,113.900000,0.000000,200,330,410,460,580,790,1200,1600,2900,3800,4000,47853,0,200,287.35268796123376,4.0074000135064125,4030.669300002046,4787.971516937288
1791146462,250,,Aggregated,117.200000,0.000000,200,330,410,460,580,790,1200,1600,2900,3800,4000,47991,0,200,286.91472610510107,4.0074000135064125,4030.669300002046,4789.164572524015
1791146463,250,,Aggregated,118.600000,0.000000,200,330,410,460,580,790,1200,1600,2800,3800,4000,48096,0,200,286.72542612919193,4.0074000135064125,4030.669300002046,4789.309547571524
1791146464,250,,Aggregated,111.100000,0.000000,200,330,410,460,580,790,1200,1600,2800,3800,4000,48189,0,200,286.6926485838931,4.0074000135064125,4030.669300002046,4789.330013073523
1791146465,250,,Aggregated,115.700000,0.000000,200,330,410,460,580,790,1200,1600,2800,3800,4000,48313,0,200,286.6798478092498,4.0074000135064125,4030.669300002046,4789.326309688903
1791146466,250,,Aggregated,116.100000,0.000000,200,330,410,460,580,790,1200,1600,2800,3800,4000,48434,0,200,286.4827972768617,4.0074000135064125,4030.669300002046,4789.434095883057
1791146467,250,,Aggregated,111.600000,0.000000,200,330,410,460,580,780,1200,1600,2800,3800,4000,48529,0,200,286.3930614767961,4.0074000135064125,4030.669300002046,4789.6252756083995
1791146468,250,,Aggregated,111.000000,0.000000,200,330,410,460,580,780,1200,1600,2800,3800,4000,48673,0,200,286.0567780968492,4.0074000135064125,4030.669300002046,4789.731945842665
1791146469,250,,Aggregated,114.400000,0.000000,200,330,410,460,580,780,1200,1600,2800,3800,4000,48776,0,200,285.825321078144,4.0074000135064125,4030.669300002046,4789.312694767918
1791146470,250,,Aggregated,113.600000,0.000000,200,330,410,460,580,780,1200,1600,2800,3800,4000,48865,0,200,285.8110516567546,4.0074000135064125,4030.669300002046,4789.635403663154
1791146471,250,,Aggregated,113.200000,0.000000,200,330,410,460,580,780,1200,1600,2800,3800,4000,49022,0,200,285.58564086545715,4.0074000135064125,4030.669300002046,4790.0223369099585
1791146472,250,,Aggregated,111.400000,0.000000,200,330,410,460,580,780,1200,1600,2800,3800,4000,49078,0,200,285.57764057431723,4.0074000135064125,4030.669300002046,4789.935470068055
1791146473,250,,Aggregated,110.800000,0.000000,200,330,410,460,580,780,1200,1600,2800,3800,4000,49191,0,200,285.78561918454466,4.0074000135064125,4030.669300002046,4790.123071293529
1791146474,250,,Aggregated,114.600000,0.000000,200,330,410,460,580,780,1200,1600,2800,3800,4000,49345,0,200,285.8827057170291,4.0074000135064125,4030.669300002046,4790.076279258284
1791146475,250,,Aggregated,108.400000,0.000000,200,330,410,460,580,780,1200,1600,2800,3800,4000,49449,0,200,285.7847285386275,4.0074000135064125,4030.669300002046,4789.525005561285
1791146476,250,,Aggregated,107.400000,0.000000,200,330,410,460,580,780,1200,1600,2800,3800,4000,49543,0,200,285.52969196871175,4.0074000135064125,4030.669300002046,4788.927295480694
1791146477,250,,Aggregated,115.000000,0.000000,200,330,410,460,580,780,1200,1600,2800,3800,4000,49647,0,200,285.46149212450337,4.0074000135064125,4030.669300002046,4789.739964146877
1791146478,250,,Aggregated,114.200000,0.000000,200,330,410,460,580,780,1200,1600,2800,3800,4000,49791,0,200,285.30679964060073,4.0074000135064125,4030.669300002046,4789.683336345926
1791146479,250,,Aggregated,109.500000,0.000000,200,330,410,460,580,780,1200,1600,2800,3800,4000,49873,0,200,285.3611730315952,4.0074000135064125,4030.669300002046,4789.87957411826
1791146481,250,,Aggregated,110.500000,0.000000,200,330,410,460,580,780,1200,1600,2800,3800,4000,49990,0,200,285.19943434696074,4.0074000135064125,4030.669300002046,4791.004880976196
1791146482,250,,Aggregated,108.300000,0.000000,200,330,410,460,580,780,1200,1600,2800,3800,4000,50097,0,200,285.00594571540796,4.0074000135064125,4030.669300002046,4790.828173343713
1791146483,250,,Aggregated,108.300000,0.000000,200,330,410,450,580,780,1200,1600,2800,3800,4000,50194,0,200,284.6745657091299,4.0074000135064125,4030.669300002046,4791.137606088377
1791146484,250,,Aggregated,106.700000,0.000000,200,330,410,450,580,780,1200,1600,2800,3800,4000,50302,0,200,284.70001688408666,4.0074000135064125,4030.669300002046,4791.245994195062
1791146485,250,,Aggregated,106.700000,0.000000,200,330,410,450,580,780,1200,1600,2800,3800,4000,50426,0,200,284.63049169283954,4.0074000135064125,4030.669300002046,4790.40534644826
1791146486,250,,Aggregated,110.400000,0.000000,200,330,410,450,580,780,1200,1600,2800,3800,4000,50540,0,200,284.6189041611121,4.0074000135064125,4030.669300002046,4790.024099722992
1791146487,250,,Aggregated,108.100000,0.000000,200,330,410,450,580,780,1200,1600,2800,3800,4000,50674,0,200,284.46101806452185,4.0074000135064125,4030.669300002046,4790.388897659549
1791146488,250,,Aggregated,108.300000,0.000000,200,330,410,450,580,780,1200,1600,2800,3800,4000,50793,0,200,284.3485187230839,4.0074000135064125,4030.669300002046,4790.673813320733
1791146489,250,,Aggregated,112.100000,0.000000,200,330,410,450,570,780,1200,1600,2800,3800,4000,50897,0,200,284.1470690276895,4.0074000135064125,4030.669300002046,4791.143662691317
1791146490,250,,Aggregated,112.100000,0.000000,200,330,410,450,570,770,1200,1600,2800,3800,4000,51011,0,200,284.05450796106305,4.0074000135064125,4030.669300002046,4790.497520142714
1791146491,250,,Aggregated,110.300000,0.000000,200,330,410,450,570,770,1200,1600,2800,3800,4000,51134,0,200,284.08288055307565,4.0074000135064125,4030.669300002046,4790.984296163023
1791146492,250,,Aggregated,110.300000,0.000000,200,330,410,450,570,770,1200,1600,2800,3800,4000,51247,0,200,283.9503601420814,4.0074000135064125,4030.669300002046,4790.9914336448965
1791146493,250,,Aggregated,114.000000,0.000000,200,330,410,450,570,770,1200,1600,2800,3800,4000,51362,0,200,283.73311992526874,4.0074000135064125,4030.669300002046,4791.577333437172
1791146494,250,,Aggregated,115.200000,0.000000,200,330,410,450,570,770,1200,1600,2800,3800,4000,51473,0,200,283.6674371865091,4.0074000135064125,4030.669300002046,4791.926621724011
1791146495,250,,Aggregated,115.700000,0.000000,200,330,410,450,570,770,1200,1500,2800,3800,4000,51563,0,200,283.7686786688112,4.0074000135064125,4030.669300002046,4791.861838915502
1791146496,250,,Aggregated,116.300000,0.000000,200,330,410,450,570,770,1200,1500,2800,3800,4000,51692,0,200,283.5436801091213,4.0074000135064125,4030.669300002046,4792.322448347907
1791146497,250,,Aggregated,112.000000,0.000000,200,330,410,450,570,770,1200,1500,2800,3800,4000,51780,0,200,283.5845767574511,4.0074000135064125,4030.669300002046,4792.476612591734
1791146498,250,,Aggregated,113.800000,0.000000,200,330,410,450,570,770,1200,1500,2800,3800,4000,51883,0,200,283.4752324114055,4.0074000135064125,4030.669300002046,4792.268295973633
1791146499,250,,Aggregated,108.700000,0.000000,200,330,410,450,570,770,1200,1500,2800,3800,4000,51990,0,200,283.51317470091493,4.0074000135064125,4030.669300002046,4792.584323908444
1791146500,250,,Aggregated,107.700000,0.000000,200,330,410,450,570,770,1200,1500,2800,3800,4000,52126,0,200,283.12528889998396,4.0074000135064125,4030.669300002046,4792.285788282239
1791146501,250,,Aggregated,107.100000,0.000000,200,330,410,450,570,770,1200,1500,2800,3800,4000,52268,0,200,283.08814167942256,4.0074000135064125,4030.669300002046,4792.698744929976
1791146502,250,,Aggregated,110.800000,0.000000,200,330,410,450,570,770,1200,1500,2800,3800,4000,52369,0,200,282.8896997364881,4.0074000135064125,4030.669300002046,4792.257289617904
1791146503,250,,Aggregated,110.900000,0.000000,200,330,410,450,570,770,1200,1500,2800,3800,4000,52472,0,200,282.73849792462727,4.0074000135064125,4030.669300002046,4791.935051074859
1791146504,250,,Aggregated,109.300000,0.000000,200,330,410,450,570,770,1200,1500,2800,3800,4000,52571,0,200,282.71301114875376,4.0074000135064125,4030.669300002046,4792.52026782827
1791146505,250,,Aggregated,109.900000,0.000000,200,330,410,450,570,770,1200,1500,2800,3800,4000,52667,0,200,282.7043796779926,4.0074000135064125,4030.669300002046,4792.08426528946
1791146506,250,,Aggregated,109.900000,0.000000,200,330,410,450,570,760,1200,1500,2800,3800,4000,52779,0,200,282.4852962049596,4.0074000135064125,4030.669300002046,4792.4122094014665
1791146507,250,,Aggregated,107.700000,0.000000,200,330,410,450,570,760,1200,1500,2800,3800,4000,52907,0,200,282.24558050356353,4.0074000135064125,4030.669300002046,4792.616383465326
1791146508,250,,Aggregated,110.100000,0.000000,200,330,410,450,570,760,1200,1500,2800,3800,4000,53038,0,200,282.2352515328996,4.0074000135064125,4030.669300002046,4792.400505298088
1791146509,250,,Aggregated,114.700000,0.000000,200,330,410,450,570,760,1100,1500,2800,3800,4000,53103,0,200,282.3615079600385,4.0074000135064125,4030.669300002046,4792.606764212945
1791146510,250,,Aggregated,114.700000,0.000000,200,330,410,450,570,770,1200,1500,2800,3800,4000,53233,0,200,282.819460915245,4.0074000135064125,4030.669300002046,4791.985741927
1791146511,250,,Aggregated,112.300000,0.000000,200,330,410,450,570,770,1200,1500,2800,3800,4000,53341,0,200,283.1155251795387,4.0074000135064125,4030.669300002046,4792.200483680471
1791146512,250,,Aggregated,109.700000,0.000000,200,330,410,450,570,770,1200,1500,2800,3800,4000,53428,0,200,282.9820298495426,4.0074000135064125,4030.669300002046,4791.3760574979415
1791146513,250,,Aggregated,107.400000,0.000000,200,330,410,450,570,770,1200,1500,2800,3800,4000,53562,0,200,283.344185857534,4.0074000135064125,4030.669300002046,4791.679138194989
1791146514,250,,Aggregated,108.700000,0.000000,200,330,410,450,570,770,1200,1500,2800,3800,4000,53637,0,200,283.13845686374754,4.0074000135064125,4030.669300002046,4791.696552752764
1791146515,250,,Aggregated,107.100000,0.000000,200,330,410,450,570,770,1200,1500,2800,3800,4000,53778,0,200,283.1043917196774,4.0074000135064125,4030.669300002046,4791.277213730522
1791146516,250,,Aggregated,109.300000,0.000000,200,330,410,450,570,770,1200,1500,2800,3800,4000,53867,0,200,283.3093425102541,4.0074000135064125,4030.669300002046,4792.027159485399
1791146517,250,,Aggregated,112.200000,0.000000,200,330,410,450,570,770,1100,1500,2800,3800,4000,54015,0,200,283.3956815699151,4.0074000135064125,4030.669300002046,4791.607016569472
1791146518,250,,Aggregated,105.000000,0.000000,200,330,410,450,570,770,1100,1500,2800,3800,4000,54123,0,200,283.40696510539925,4.0074000135064125,4030.669300002046,4791.759806366979
1791146519,250,,Aggregated,107.700000,0.000000,200,330,410,450,570,770,1100,1500,2800,3800,4000,54187,0,200,283.4305175374151,4.0074000135064125,4030.669300002046,4791.908778858397
1791146520,250,,Aggregated,105.200000,0.000000,200,330,410,460,570,770,1100,1500,2800,3800,4000,54342,0,200,283.4834077840513,4.0074000135064125,4030.669300002046,4792.148448713702
1791146521,250,,Aggregated,105.800000,0.000000,200,330,410,450,570,770,1100,1500,2800,3800,4000,54377,0,200,283.36007519358367,4.0074000135064125,4030.669300002046,4792.238575132868
1791146522,250,,Aggregated,110.400000,0.000000,200,330,410,460,570,770,1100,1500,2800,3800,4000,54463,0,200,283.80472144025384,4.0074000135064125,4030.669300002046,4792.389512145861
1791146523,250,,Aggregated,106.100000,0.000000,210,330,410,460,580,780,1200,1600,2800,3800,4000,54554,0,210,285.05206623163264,4.0074000135064125,4030.669300002046,4792.410712321736
1791146524,250,,Aggregated,101.200000,0.000000,210,330,410,460,580,790,1200,1600,2800,3800,4000,54666,0,210,286.5508715582065,4.0074000135064125,4030.669300002046,4792.172483810778
1791146525,250,,Aggregated,99.500000,0.000000,210,330,410,460,580,790,1200,1600,2800,3800,4000,54765,0,210,287.3983156340906,4.0074000135064125,4030.669300002046,4792.241212453209
1791146526,250,,Aggregated,99.200000,0.000000,210,330,410,460,580,790,1200,1600,2800,3800,4000,54907,0,210,287.73066257856726,4.0074000135064125,4030.669300002046,4792.555502941337
1791146527,250,,Aggregated,95.100000,0.000000,210,330,410,460,580,790,1200,1600,2800,3800,4000,54967,0,210,287.5080461895607,4.0074000135064125,4030.669300002046,4792.54652791675
1791146528,250,,Aggregated,101.700000,0.000000,210,340,410,460,580,790,1200,1600,2800,3800,4000,55114,0,210,287.957179299281,4.0074000135064125,4030.669300002046,4792.416718075262
1791146529,250,,Aggregated,97.800000,0.000000,210,340,410,460,580,790,1200,1600,2800,3800,4000,55204,0,210,287.99694500399255,4.0074000135064125,4030.669300002046,4792.369176146656
1791146530,250,,Aggregated,97.500000,0.000000,210,340,410,460,580,790,1200,1600,2800,3800,4000,55312,0,210,287.92272324814564,4.0074000135064125,4030.669300002046,4792.348152299682
1791146531,250,,Aggregated,102.400000,0.000000,210,340,410,460,580,790,1200,1600,2800,3800,4000,55422,0,210,287.9980840947934,4.0074000135064125,4030.669300002046,4792.361679477463
1791146532,250,,Aggregated,98.100000,0.000000,210,340,410,460,580,790,1200,1600,2800,3800,4000,55545,0,210,288.2081604303242,4.0074000135064125,4030.669300002046,4792.888774867225
1791146533,250,,Aggregated,100.400000,0.000000,210,340,410,460,580,790,1200,1600,2800,3800,4000,55633,0,210,288.25197872489866,4.0074000135064125,4030.669300002046,4793.0311505760965
1791146534,250,,Aggregated,104.500000,0.000000,210,340,410,460,580,790,1200,1600,2800,3800,4000,55710,0,210,288.4629472105908,4.0074000135064125,4030.669300002046,4793.263184347514
1791146535,250,,Aggregated,107.500000,0.000000,210,340,410,460,590,800,1200,1600,2800,3800,4000,55814,0,210,289.47015151399387,4.0074000135064125,4030.669300002046,4793.219532733723
1791146536,250,,Aggregated,104.000000,0.000000,210,340,410,460,590,800,1200,1600,2800,3800,4000,55953,0,210,289.7315373581688,4.0074000135064125,4030.669300002046,4793.155702107126
1791146537,250,,Aggregated,102.900000,0.000000,210,340,410,460,590,800,1200,1600,2800,3800,4000,56064,0,210,289.1840430918552,4.0074000135064125,4030.669300002046,4793.793129280822
1791146538,250,,Aggregated,107.500000,0.000000,210,340,410,460,590,800,1200,1600,2800,3800,4000,56169,0,210,289.07824808350705,4.0074000135064125,4030.669300002046,4794.141661770727
1791146539,250,,Aggregated,105.300000,0.000000,210,340,410,460,590,800,1200,1600,2800,3800,4000,56304,0,210,289.16070443313396,4.0074000135064125,4030.669300002046,4793.957907075874
1791146540,250,,Aggregated,106.300000,0.000000,210,340,410,460,590,800,1200,1600,2800,3800,4000,56355,0,210,288.940044200214,4.0074000135064125,4030.669300002046,4793.8568893620795
1791146541,250,,Aggregated,101.900000,0.000000,210,340,410,460,590,800,1200,1600,2800,3800,4000,56518,0,210,288.9690549294352,4.0074000135064125,4030.669300002046,4793.405552213454
1791146542,250,,Aggregated,105.000000,0.000000,210,340,410,460,590,800,1200,1600,2800,3800,4000,56527,0,210,288.97848583688693,4.0074000135064125,4030.669300002046,4793.403930864896
1791146543,250,,Aggregated,105.100000,0.000000,210,340,410,460,590,800,1200,1600,2800,3800,4000,56549,0,210,289.37977524804546,4.0074000135064125,4030.669300002046,4793.6046614440575
1791146544,250,,Aggregated,103.900000,0.000000,210,340,420,460,590,810,1300,1700,2800,3800,4000,56693,0,210,292.3404092392673,4.0074000135064125,4030.669300002046,4793.300724957226
1791146545,250,,Aggregated,93.600000,0.000000,210,340,420,460,590,820,1300,1700,3100,3800,4000,56796,0,210,294.7728543982199,4.0074000135064125,4030.669300002046,4793.15400732446
1791146546,250,,Aggregated,93.200000,0.000000,210,340,420,460,590,820,1300,1800,3100,3800,4000,56930,0,210,294.7424787581495,4.0074000135064125,4030.669300002046,4793.0404883189885
1791146547,250,,Aggregated,98.200000,0.000000,210,340,420,460,590,820,1300,1700,3100,3800,4000,57012,0,210,294.81525024208037,4.0074000135064125,4030.669300002046,4792.728390514278
1791146548,250,,Aggregated,90.500000,0.000000,210,340,420,460,590,820,1300,1700,3100,3800,4000,57140,0,210,294.6137026356489,4.0074000135064125,4030.669300002046,4792.7927196359815
1791146549,250,,Aggregated,92.700000,0.000000,210,340,420,460,590,820,1300,1700,3100,3800,4000,57256,0,210,294.3373614835401,4.0074000135064125,4030.669300002046,4792.847666620092
1791146550,250,,Aggregated,97.000000,0.000000,210,340,420,460,590,820,1300,1700,3100,3800,4000,57335,0,210,294.3014429266717,4.0074000135064125,4030.669300002046,4793.020040115113
1791146551,250,,Aggregated,96.300000,0.000000,210,340,420,460,590,820,1300,1700,3100,3800,4000,57484,0,210,294.1042849853917,4.0074000135064125,4030.669300002046,4792.852480690279
1791146552,250,,Aggregated,92.700000,0.000000,210,340,420,460,590,820,1300,1700,3100,3800,4000,57556,0,210,294.04447332684606,4.0074000135064125,4030.669300002046,4793.186652998818
1791146553,250,,Aggregated,97.200000,0.000000,210,340,420,460,590,820,1300,1700,3100,3800,4000,57709,0,210,293.94841392331006,4.0074000135064125,4030.669300002046,4793.74361018212
1791146554,250,,Aggregated,98.100000,0.000000,210,340,420,460,590,820,1300,1700,3100,3800,4000,57782,0,210,293.8348323907121,4.0074000135064125,4030.669300002046,4793.796926378457
1791146555,250,,Aggregated,108.300000,0.000000,210,340,420,460,590,820,1300,1700,3100,3800,4000,57922,0,210,293.86170153136425,4.0074000135064125,4030.669300002046,4793.539812161182
1791146556,250,,Aggregated,114.900000,0.000000,210,340,420,460,590,820,1300,1700,3100,3800,4000,58005,0,210,293.68173410566766,4.0074000135064125,4030.669300002046,4793.561382639427
1791146557,250,,Aggregated,109.000000,0.000000,210,340,420,460,590,820,1300,1700,3100,3800,4000,58168,0,210,293.5994506824954,4.0074000135064125,4030.669300002046,4793.4246836748725
1791146558,250,,Aggregated,114.900000,0.000000,210,340,410,460,590,820,1300,1700,3100,3800,4000,58260,0,210,293.5602267421648,4.0074000135064125,4030.669300002046,4793.59231033299
1791146559,250,,Aggregated,109.900000,0.000000,210,340,410,460,590,820,1300,1700,3100,3800,4000,58348,0,210,293.5777691523017,4.0074000135064125,4030.669300002046,4793.794868718722
1791146560,250,,Aggregated,110.000000,0.000000,210,340,420,460,590,820,1300,1700,3100,3800,4000,58393,0,210,293.8638495196077,4.0074000135064125,4030.669300002046,4793.927833815697
1791146561,250,,Aggregated,112.800000,0.000000,210,340,420,460,590,820,1300,1700,3100,3800,4000,58482,0,210,294.5201117163974,4.0074000135064125,4030.669300002046,4793.623832974248
1791146562,250,,Aggregated,108.000000,0.000000,210,340,420,460,600,840,1300,1800,3100,3800,4000,58597,0,210,296.56975743465375,4.0074000135064125,4030.669300002046,4794.134597334334
1791146563,250,,Aggregated,101.100000,0.000000,210,340,420,460,600,840,1400,1800,3100,3800,4000,58725,0,210,297.2285075231751,4.0074000135064125,4030.669300002046,4794.112047679864
1791146564,250,,Aggregated,99.700000,0.000000,210,340,420,460,600,840,1400,1800,3100,3800,4000,58787,0,210,297.3459926241899,4.0074000135064125,4030.669300002046,4794.301716365863
1791146565,250,,Aggregated,101.600000,0.000000,210,340,420,460,600,840,1400,1800,3100,3800,4000,58959,0,210,297.3297519988126,4.0074000135064125,4030.669300002046,4795.010210485252
1791146566,250,,Aggregated,98.900000,0.000000,210,340,420,460,600,840,1400,1800,3100,3800,4000,58987,0,210,297.2767987963181,4.0074000135064125,4030.669300002046,4794.668418465086
1791146567,250,,Aggregated,100.200000,0.000000,210,340,420,460,600,840,1400,1800,3100,3800,4000,59053,0,210,297.56304544898103,4.0074000135064125,4030.669300002046,4794.892283203224
1791146568,250,,Aggregated,99.300000,0.000000,210,340,420,460,600,850,1400,1800,3100,3800,4000,59196,0,210,299.30877016349245,4.0074000135064125,4030.669300002046,4795.063855665923
1791146569,250,,Aggregated,95.100000,0.000000,210,340,420,470,600,860,1400,1800,3100,3800,4000,59303,0,210,299.84338862281425,4.0074000135064125,4030.669300002046,4794.780382105459
1791146570,250,,Aggregated,88.700000,0.000000,210,340,420,470,600,860,1400,1800,3100,3800,4000,59412,0,210,299.8629681158388,4.0074000135064125,4030.669300002046,4795.113950043762
1791146571,250,,Aggregated,94.200000,0.000000,210,340,420,460,600,850,1400,1800,3100,3800,4000,59553,0,210,299.60108687385,4.0074000135064125,4030.669300002046,4795.5407452185445
1791146572,250,,Aggregated,94.700000,0.000000,210,340,420,460,600,850,1400,1800,3100,3800,4000,59629,0,210,299.59289353835703,4.0074000135064125,4030.669300002046,4795.46281171913
1791146573,250,,Aggregated,101.500000,0.000000,210,340,420,460,600,850,1400,1800,3100,3800,4000,59761,0,210,299.37451882162225,4.0074000135064125,4030.669300002046,4795.975686484497
1791146574,250,,Aggregated,106.200000,0.000000,210,340,420,460,600,850,1400,1800,3100,3800,4000,59879,0,210,299.459669500147,4.0074000135064125,4030.669300002046,4795.875465522136
1791146575,250,,Aggregated,102.300000,0.000000,210,340,420,460,600,850,1400,1800,3100,3800,4000,59912,0,210,299.37668945118145,4.0074000135064125,4030.669300002046,4795.907497663239
1791146576,250,,Aggregated,102.800000,0.000000,210,340,420,460,600,860,1400,1800,3100,3800,4000,59951,0,210,299.7339067071338,4.0074000135064125,4030.669300002046,4795.916448432887
1791146577,250,,Aggregated,107.700000,0.000000,210,340,420,470,610,880,1400,1800,3100,3800,4000,60126,0,210,302.524283281772,4.0074000135064125,4030.669300002046,4795.954013238865
1791146578,250,,Aggregated,94.500000,0.000000,210,340,420,470,610,880,1400,1800,3100,3800,4000,60209,0,210,302.8230028849381,4.0074000135064125,4030.669300002046,4795.7560663688155
1791146579,250,,Aggregated,96.900000,0.000000,210,340,420,470,610,880,1400,1800,3100,3800,4000,60331,0,210,302.79297501614593,4.0074000135064125,4030.669300002046,4795.8940014254695
1791146580,250,,Aggregated,108.300000,0.000000,210,340,420,470,610,880,1400,1800,3100,3800,4000,60434,0,210,302.6814755187421,4.0074000135064125,4030.669300002046,4795.95790449085
1791146581,250,,Aggregated,98.600000,0.000000,210,340,420,470,610,880,1400,1800,3100,3800,4000,60521,0,210,302.46678671534363,4.0074000135064125,4030.669300002046,4796.1554171279395
1791146582,250,,Aggregated,104.100000,0.000000,210,340,420,470,610,880,1400,1800,3100,3800,4000,60681,0,210,302.56401166591485,4.0074000135064125,4030.669300002046,4795.297869184753
1791146583,250,,Aggregated,102.300000,0.000000,210,340,420,470,610,880,1400,1800,3100,3800,4000,60735,0,210,302.4630066518339,4.0074000135064125,4030.669300002046,4795.128212727423
1791146584,250,,Aggregated,96.000000,0.000000,210,340,420,470,610,880,1400,1800,3100,3800,4000,60893,0,210,302.72761797907486,4.0074000135064125,4030.669300002046,4794.8573399241295
1791146585,250,,Aggregated,103.800000,0.000000,210,340,420,470,610,880,1400,1800,3100,3800,4000,60954,0,210,302.5115248679207,4.0074000135064125,4030.669300002046,4794.833694261246
1791146587,250,,Aggregated,97.300000,0.000000,210,340,420,470,610,880,1400,1800,3100,3800,4000,61077,0,210,303.07367818326406,4.0074000135064125,4030.669300002046,4795.336296805672
1791146588,250,,Aggregated,99.500000,0.000000,210,340,420,470,610,880,1400,1800,3100,3800,4000,61221,0,210,303.02394682868686,4.0074000135064125,4030.669300002046,4795.512634553503
1791146589,250,,Aggregated,104.100000,0.000000,210,340,420,470,610,880,1400,1800,3100,3800,4000,61271,0,210,302.82405150232506,4.0074000135064125,4030.669300002046,4795.308204533956
1791146590,250,,Aggregated,107.600000,0.000000,210,340,420,470,610,880,1400,1800,3100,3800,4000,61416,0,210,302.99508058158716,4.0074000135064125,4030.669300002046,4795.3931548782075
1791146591,250,,Aggregated,106.100000,0.000000,210,340,420,470,610,880,1400,1800,3100,3800,4000,61540,0,210,302.84467799153146,4.0074000135064125,4030.669300002046,4795.197692557686
1791146592,250,,Aggregated,106.900000,0.000000,210,340,420,470,610,880,1400,1800,3100,3800,4000,61627,0,210,303.05078598013876,4.0074000135064125,4030.669300002046,4795.399694938907
1791146593,250,,Aggregated,108.800000,0.000000,210,340,420,470,610,880,1400,1800,3100,3800,4000,61766,0,210,302.9259670854239,4.0074000135064125,4030.669300002046,4795.191448369653
1791146594,250,,Aggregated,109.300000,0.000000,210,340,420,470,610,880,1400,1800,3100,3800,4000,61780,0,210,302.97282728873836,4.0074000135064125,4030.669300002046,4795.161201035934
1791146595,250,,Aggregated,107.600000,0.000000,210,340,420,470,620,890,1400,1800,3100,3800,4000,61877,0,210,303.5854711039309,4.0074000135064125,4030.669300002046,4795.58003781696
1791146596,250,,Aggregated,104.200000,0.000000,210,340,420,470,620,900,1400,1800,3100,3800,4000,62044,0,210,305.35885110243106,4.0074000135064125,4030.669300002046,4795.846512152666
1791146597,250,,Aggregated,104.200000,0.000000,210,340,420,470,620,910,1400,1800,3100,3800,4000,62084,0,210,305.3717366873772,4.0074000135064125,4030.669300002046,4795.876989240384
1791146598,250,,Aggregated,97.600000,0.000000,210,340,420,470,620,910,1400,1800,3100,3800,4000,62085,0,210,305.3731875090468,4.0074000135064125,4030.669300002046,4795.811452041556
1791146599,250,,Aggregated,100.700000,0.000000,210,340,420,470,630,910,1400,1800,3100,3800,4000,62153,0,210,306.58043998840884,4.0074000135064125,4030.669300002046,4795.474876514408
1791146600,250,,Aggregated,86.400000,0.000000,210,350,430,470,630,940,1500,1900,3100,3800,4000,62328,0,210,310.55938713899104,4.0074000135064125,4030.669300002046,4795.720815684765
1791146601,250,,Aggregated,87.000000,0.000000,210,350,430,470,630,940,1500,1900,3100,3800,4000,62368,0,210,310.93959794926246,4.0074000135064125,4030.669300002046,4795.740940867111
1791146602,250,,Aggregated,88.800000,0.000000,210,350,430,470,630,940,1500,1900,3100,3800,4000,62371,0,210,310.9890476327054,4.0074000135064125,4030.669300002046,4795.709752930047
1791146603,250,,Aggregated,82.600000,0.000000,210,350,430,470,630,950,1500,1900,3100,3800,4000,62422,0,210,312.04437787478054,4.0074000135064125,4030.669300002046,4795.762824004358
1791146604,250,,Aggregated,75.300000,0.000000,210,350,430,480,640,960,1600,1900,3100,3800,4000,62528,0,210,315.03004284320315,4.0074000135064125,4030.669300002046,4795.649245138178
1791146605,250,,Aggregated,64.600000,0.000000,220,350,430,480,640,970,1700,2000,3200,3900,4500,62644,0,220,318.0897324292811,4.0074000135064125,4483.080500038341,4795.230732392568
1791146606,250,,Aggregated,72.800000,0.000000,220,350,430,480,650,970,1700,2000,3200,3900,4500,62744,0,220,318.5661490421318,4.0074000135064125,4483.080500038341,4795.667984189723
1791146607,250,,Aggregated,74.500000,0.000000,220,350,430,480,650,970,1700,2000,3200,3900,4500,62849,0,220,318.6584969195947,4.0074000135064125,4483.080500038341,4795.492100112969
1791146608,250,,Aggregated,69.900000,0.000000,220,350,430,480,650,970,1700,2000,3200,3900,4500,62970,0,220,318.5813117087655,4.0074000135064125,4483.080500038341,4795.483245990154
1791146609,250,,Aggregated,74.200000,0.000000,220,350,430,480,650,970,1700,2000,3200,3900,4500,62976,0,220,318.5938153709481,4.0074000135064125,4483.080500038341,4795.5968622967475
1791146610,250,,Aggregated,87.300000,0.000000,220,350,430,480,650,980,1700,2000,3200,3900,4500,63030,0,220,319.0659154402791,4.0074000135064125,4483.080500038341,4795.540964620022
1791146611,250,,Aggregated,83.400000,0.000000,220,350,430,480,650,1000,1700,2000,3200,3900,4500,63155,0,220,321.6099928430166,4.0074000135064125,4483.080500038341,4794.923363154145
1791146612,250,,Aggregated,69.500000,0.000000,220,350,430,480,660,1000,1700,2000,3300,3900,4500,63286,0,220,323.54467126697097,4.0074000135064125,4483.080500038341,4795.034683816326
1791146613,250,,Aggregated,69.500000,0.000000,220,350,430,480,660,1000,1700,2000,3300,3900,4500,63296,0,220,323.5212927957768,4.0074000135064125,4483.080500038341,4795.052609959555
1791146614,250,,Aggregated,89.300000,0.000000,220,350,430,480,660,1000,1700,2000,3300,3900,4500,63335,0,220,324.1059616010331,4.0074000135064125,4483.080500038341,4795.092855451172
1791146615,250,,Aggregated,88.700000,0.000000,220,350,430,480,660,1000,1700,2000,3300,3900,4500,63477,0,220,326.36409661768823,4.0074000135064125,4483.080500038341,4795.501866817903
1791146616,250,,Aggregated,79.000000,0.000000,220,350,430,480,670,1100,1700,2000,3300,3900,4500,63599,0,220,327.8947510825659,4.0074000135064125,4483.080500038341,4795.295020361956
1791146617,250,,Aggregated,79.000000,0.000000,220,350,430,480,670,1100,1700,2000,3300,3900,4500,63633,0,220,327.7470307764804,4.0074000135064125,4483.080500038341,4795.084547326073
1791146618,250,,Aggregated,83.400000,0.000000,220,350,430,480,670,1100,1700,2000,3300,3900,4500,63639,0,220,327.85087281383557,4.0074000135064125,4483.080500038341,4795.067521488396
1791146619,250,,Aggregated,80.700000,0.000000,220,350,430,480,680,1100,1800,2000,3300,3900,4500,63785,0,220,330.5302557309585,4.0074000135064125,4483.080500038341,4794.837453946852
1791146620,250,,Aggregated,67.500000,0.000000,220,350,440,490,680,1100,1800,2100,3300,3900,4500,63930,0,220,332.0244601501558,4.0074000135064125,4483.080500038341,4794.800500547473
1791146621,250,,Aggregated,73.000000,0.000000,220,350,430,490,680,1100,1800,2100,3300,3900,4500,63978,0,220,331.8507966035179,4.0074000135064125,4483.080500038341,4794.899574853856
1791146622,250,,Aggregated,89.800000,0.000000,220,350,440,490,680,1100,1800,2100,3300,3900,4500,64126,0,220,331.91038048062654,4.0074000135064125,4483.080500038341,4794.873031219786
1791146623,250,,Aggregated,86.700000,0.000000,220,350,440,490,680,1100,1800,2100,3300,3900,4500,64159,0,220,331.973842683031,4.0074000135064125,4483.080500038341,4794.709830265434
1791146624,250,,Aggregated,81.800000,0.000000,220,350,440,490,690,1100,1800,2100,3300,3900,4500,64283,0,220,333.10336936204817,4.0074000135064125,4483.080500038341,4794.690198030584
