Timestamp,User Count,Type,Name,Requests/s,Failures/s,50%,66%,75%,80%,90%,95%,98%,99%,99.9%,99.99%,100%,Total Request Count,Total Failure Count,Total Median Response Time,Total Average Response Time,Total Min Response Time,Total Max Response Time,Total Average Content Size
1791146642,0,,Aggregated,0.000000,0.000000,N/A,N/A,N/A,N/A,N/A,N/A,N/A,N/A,N/A,N/A,N/A,0,0,0,0.0,0,0,0
1791146643,10,,Aggregated,0.000000,0.000000,470,690,820,890,910,920,920,920,920,920,920,19,0,470,410.5483736953159,18.040399998426437,923.412699950859,5087.105263157895
1791146644,20,,Aggregated,0.000000,0.000000,130,210,470,640,890,910,920,920,920,920,920,40,0,130,251.7803500086302,8.429900044575334,923.412699950859,5101.25
1791146645,30,,Aggregated,11.000000,0.000000,34,57,140,160,640,890,910,920,920,920,920,75,0,34,147.64311334273467,8.429900044575334,923.412699950859,5103.946666666667
1791146646,50,,Aggregated,20.000000,0.000000,52,120,150,280,820,840,900,910,920,920,920,103,0,52,186.6759864163576,8.429900044575334,923.412699950859,5142.116504854369
1791146647,60,,Aggregated,24.000000,0.000000,49,120,140,150,690,830,900,910,920,920,920,127,0,49,162.72466614985413,8.429900044575334,923.412699950859,5012.755905511811
1791146648,70,,Aggregated,23.000000,0.000000,65,140,280,440,820,900,1300,1600,1600,1600,1600,184,0,63,229.32795978925677,8.429900044575334,1624.3650999385864,5064.391304347826
1791146649,80,,Aggregated,25.000000,0.000000,52,120,160,270,690,850,1000,1400,1600,1600,1600,231,0,52,190.91120736221924,4.599499981850386,1624.3650999385864,5146.168831168831
1791146650,90,,Aggregated,29.166667,0.000000,45,79,130,200,590,830,1000,1400,1600,1600,1600,289,0,45,163.55520173275656,4.599499981850386,1624.3650999385864,5151.23875432526
1791146651,100,,Aggregated,32.142857,0.000000,42,76,120,150,470,820,950,1300,1600,1600,1600,333,0,42,148.8864933942548,4.599499981850386,1624.3650999385864,5179.873873873874
1791146652,110,,Aggregated,34.875000,0.000000,44,80,130,160,530,830,1000,1400,1800,1800,1800,407,0,44,160.73990982719206,4.599499981850386,1849.7005999088287,5174.948402948403
1791146653,120,,Aggregated,36.111111,0.000000,43,79,130,160,450,820,1000,1400,1800,1800,1800,471,0,43,149.90422229090757,4.599499981850386,1849.7005999088287,5151.6029723991505
1791146654,130,,Aggregated,38.400000,0.000000,43,82,130,180,470,820,950,1300,1800,1800,1800,543,0,43,152.80776353390857,4.599499981850386,1849.7005999088287,5086.055248618784
1791146655,140,,Aggregated,44.500000,0.000000,43,81,130,170,470,800,920,1300,1800,1800,1800,579,0,43,150.86919723487972,4.599499981850386,1849.7005999088287,5058.331606217616
1791146656,150,,Aggregated,47.000000,0.000000,49,100,160,220,640,890,1200,1600,2000,2000,2000,614,0,48,184.86511514519103,4.599499981850386,2028.1356000341475,5049.205211726385
1791146657,160,,Aggregated,49.600000,0.000000,57,130,220,350,820,1100,1600,2000,2300,2300,2300,652,0,57,237.4951855813016,4.599499981850386,2332.104800036177,5047.5337423312885
1791146658,170,,Aggregated,51.600000,0.000000,75,210,500,800,1600,2100,2600,2800,3700,3700,3700,744,0,75,433.9802059130893,4.599499981850386,3685.0602000486106,5008.341397849463
1791146659,180,,Aggregated,51.800000,0.000000,89,250,640,830,1600,2100,2600,2800,3700,3700,3700,860,0,89,453.74030185914813,4.599499981850386,3685.0602000486106,4999.646511627907
1791146660,190,,Aggregated,50.200000,0.000000,98,240,540,790,1500,2100,2500,2800,3700,3700,3700,920,0,96,438.265190433974,4.599499981850386,3685.0602000486106,5001.155434782609
1791146661,200,,Aggregated,59.100000,0.000000,110,290,570,800,1500,2000,2500,2800,3700,3700,3700,942,0,110,442.61192016917994,4.599499981850386,3685.0602000486106,4983.3450106157115
1791146662,210,,Aggregated,61.100000,0.000000,120,360,710,900,1600,2000,2500,2800,3700,3700,3700,999,0,120,478.95339799758693,4.599499981850386,3685.0602000486106,4970.639639639639
1791146663,220,,Aggregated,61.200000,0.000000,150,540,910,1200,2000,2400,2700,2800,3600,3700,3700,1094,0,150,597.9583945145134,4.599499981850386,3685.0602000486106,4944.558500914077
1791146664,230,,Aggregated,57.400000,0.000000,190,670,1100,1300,2000,2400,2700,2800,3600,3700,3700,1235,0,190,644.4232762738429,4.599499981850386,3685.0602000486106,4954.3400809716595
1791146665,240,,Aggregated,56.300000,0.000000,190,650,1000,1300,2000,2400,2700,2800,3600,3700,3700,1290,0,180,629.7723213163774,4.599499981850386,3685.0602000486106,4956.918604651163
1791146666,250,,Aggregated,0.000000,0.000000,1600,1600,1600,2100,2100,2100,2100,2100,2100,2100,2100,5,0,1600,1547.7971199667081,952.172499964945,2106.797899934463,5894.4
1791146667,250,,Aggregated,0.000000,0.000000,1200,1500,1700,1800,2000,2100,2200,2500,2500,2500,2500,90,0,1200,1128.6553133330826,53.155200090259314,2480.05400004331,4934.8
1791146668,250,,Aggregated,0.000000,0.000000,1400,1700,1900,2000,2200,2500,2600,2600,2900,2900,2900,276,0,1400,1306.157499638241,40.19450000487268,2865.853999974206,4788.271739130435
1791146669,250,,Aggregated,37.000000,0.000000,1100,1500,1700,1800,2100,2400,2600,2600,2900,2900,2900,348,0,1100,1068.6201586213429,8.085599984042346,2865.853999974206,4831.85632183908
1791146670,250,,Aggregated,86.500000,0.000000,720,1200,1500,1700,2000,2300,2500,2600,2900,2900,2900,462,0,690,862.3275545464014,8.085599984042346,2865.853999974206,4899.396103896104
1791146671,250,,Aggregated,96.000000,0.000000,680,1200,1500,1700,2000,2200,2500,2600,2900,2900,2900,500,0,670,830.3307244004682,8.085599984042346,2865.853999974206,4901.25
1791146672,250,,Aggregated,101.000000,0.000000,740,1200,1500,1700,2000,2200,2500,2600,2900,2900,2900,532,0,740,860.9113740608713,8.085599984042346,2865.853999974206,4892.921052631579
1791146673,250,,Aggregated,96.400000,0.000000,880,1400,1700,1800,2100,2400,2500,2600,2900,2900,2900,673,0,880,990.4748138179034,8.085599984042346,2865.853999974206,4874.161961367014
1791146674,250,,Aggregated,84.666667,0.000000,870,1400,1600,1800,2100,2300,2500,2600,2900,2900,2900,811,0,870,960.379726633271,6.417699973098934,2865.853999974206,4864.250308261406
1791146675,250,,Aggregated,82.000000,0.000000,690,1200,1600,1700,2100,2300,2500,2600,2900,2900,2900,911,0,690,859.6340956081535,6.417699973098934,2865.853999974206,4860.69703622393
1791146676,250,,Aggregated,92.500000,0.000000,620,1200,1500,1700,2100,2300,2500,2600,2900,2900,2900,954,0,620,831.6987322840354,6.417699973098934,2865.853999974206,4840.7714884696015
1791146677,250,,Aggregated,93.333333,0.000000,610,1200,1500,1700,2100,2300,2500,2600,2900,2900,2900,1000,0,610,826.4602647989523,6.417699973098934,2865.853999974206,4850.978
1791146678,250,,Aggregated,92.700000,0.000000,740,1300,1600,1700,2000,2200,2500,2600,2700,2900,2900,1199,0,740,877.1134772310011,6.417699973098934,2865.853999974206,4832.417848206839
1791146679,250,,Aggregated,92.600000,0.000000,600,1200,1500,1700,2000,2200,2400,2500,2700,2900,2900,1290,0,600,816.7113658138226,5.913499975576997,2865.853999974206,4832.547286821706
1791146680,250,,Aggregated,87.500000,0.000000,400,1100,1500,1600,2000,2200,2400,2500,2700,2900,2900,1397,0,400,758.3637387249598,5.913499975576997,2865.853999974206,4818.886900501074
1791146681,250,,Aggregated,92.400000,0.000000,360,1100,1400,1600,2000,2200,2400,2500,2700,2900,2900,1442,0,350,739.9699297493347,5.913499975576997,2865.853999974206,4817.278085991678
1791146682,250,,Aggregated,90.800000,0.000000,460,1100,1400,1600,1900,2200,2400,2500,2700,2900,2900,1593,0,460,757.4668549889423,5.913499975576997,2865.853999974206,4800.4827369742625
1791146683,250,,Aggregated,92.700000,0.000000,380,1000,1400,1600,1900,2100,2400,2500,2700,2900,2900,1699,0,380,724.6560194218375,5.913499975576997,2865.853999974206,4805.005297233667
1791146684,250,,Aggregated,93.900000,0.000000,270,930,1300,1500,1900,2100,2400,2500,2700,2900,2900,1809,0,270,683.4898682132532,5.913499975576997,2865.853999974206,4798.621890547263
1791146685,250,,Aggregated,105.800000,0.000000,200,850,1200,1500,1800,2100,2400,2500,2700,2900,2900,1954,0,200,643.624691299078,5.913499975576997,2865.853999974206,4839.856192425793
1791146686,250,,Aggregated,96.700000,0.000000,150,780,1200,1400,1800,2100,2300,2500,2700,2900,2900,2053,0,150,613.6491365800623,5.63770008739084,2865.853999974206,4842.918168533853
1791146687,250,,Aggregated,99.100000,0.000000,110,660,1100,1400,1800,2100,2300,2500,2700,2900,2900,2191,0,110,576.8326649926679,3.9540999568998814,2865.853999974206,4834.437699680511
1791146688,250,,Aggregated,104.700000,0.000000,83,570,1000,1300,1800,2100,2300,2500,2700,2900,2900,2303,0,83,550.1383552751862,3.9540999568998814,2865.853999974206,4838.960052105949
1791146689,250,,Aggregated,111.400000,0.000000,76,490,970,1200,1700,2000,2300,2500,2700,2900,2900,2407,0,76,529.1664290814446,3.9540999568998814,2865.853999974206,4828.672206065642
1791146690,250,,Aggregated,116.400000,0.000000,81,490,950,1200,1700,2000,2300,2500,2700,2900,2900,2449,0,81,526.4858976721922,3.9540999568998814,2865.853999974206,4835.255614536545
1791146692,250,,Aggregated,109.500000,0.000000,91,570,1000,1300,1800,2000,2300,2400,2700,2900,2900,2542,0,91,549.1237570414427,3.9540999568998814,2865.853999974206,4828.3217938631
1791146693,250,,Aggregated,104.200000,0.000000,110,630,1100,1300,1800,2000,2300,2400,2700,2900,2900,2703,0,110,563.5883744356067,3.9540999568998814,2865.853999974206,4821.040325564188
1791146694,250,,Aggregated,109.400000,0.000000,97,590,1000,1300,1700,2000,2300,2400,2700,2900,2900,2786,0,97,548.7795516509932,3.9540999568998814,2865.853999974206,4816.275305096913
1791146695,250,,Aggregated,106.700000,0.000000,91,560,1000,1300,1700,2000,2200,2400,2700,2900,2900,2919,0,91,538.2949465225473,3.9540999568998814,2865.853999974206,4824.136005481329
1791146696,250,,Aggregated,107.500000,0.000000,88,530,970,1200,1700,2000,2200,2400,2700,2900,2900,3035,0,88,527.0913278416667,3.9540999568998814,2865.853999974206,4827.538714991762
1791146697,250,,Aggregated,108.300000,0.000000,83,480,930,1200,1700,2000,2200,2400,2700,2900,2900,3117,0,83,516.1851004487932,3.9540999568998814,2865.853999974206,4821.290984921398
1791146698,250,,Aggregated,105.900000,0.000000,85,490,930,1200,1700,2000,2200,2400,2700,2900,2900,3145,0,85,517.529897805672,3.9540999568998814,2865.853999974206,4820.571701112877
1791146699,250,,Aggregated,103.000000,0.000000,92,550,990,1300,1700,2000,2300,2400,2700,2900,2900,3211,0,92,536.8891513231131,3.9540999568998814,2865.853999974206,4823.242603550296
1791146700,250,,Aggregated,92.600000,0.000000,100,640,1100,1400,1800,2200,2500,2700,3100,3200,3200,3323,0,100,588.8093782417808,3.9540999568998814,3166.2382000358775,4816.457718928679
1791146701,250,,Aggregated,84.300000,0.000000,110,680,1200,1400,1800,2200,2500,2700,3100,3200,3200,3436,0,110,606.5575016291616,3.9540999568998814,3166.2382000358775,4824.699359720606
1791146702,250,,Aggregated,82.900000,0.000000,110,660,1200,1400,1800,2100,2500,2700,3100,3200,3200,3497,0,110,601.5667435507713,3.9540999568998814,3166.2382000358775,4823.510723477266
1791146703,250,,Aggregated,96.200000,0.000000,120,700,1200,1400,1800,2100,2500,2700,3100,3200,3200,3533,0,120,609.6812136418682,3.9540999568998814,3166.2382000358775,4817.90772714407
1791146704,250,,Aggregated,93.500000,0.000000,130,740,1200,1400,1800,2100,2500,2700,3100,3200,3200,3581,0,130,618.5232473878867,3.9540999568998814,3166.2382000358775,4816.448478078749
1791146705,250,,Aggregated,80.500000,0.000000,140,800,1300,1500,1900,2200,2600,2900,3200,3400,3400,3667,0,140,649.5553693199621,3.9540999568998814,3437.5758999958634,4816.405508590128
1791146706,250,,Aggregated,77.100000,0.000000,160,860,1400,1600,2000,2400,2800,3100,3500,3700,3700,3774,0,160,696.0645799937996,3.9540999568998814,3717.9484999505803,4810.409644939056
1791146708,250,,Aggregated,70.500000,0.000000,170,870,1400,1600,2000,2400,2900,3100,3500,3700,3700,3809,0,170,703.3153418735785,3.9540999568998814,3717.9484999505803,4810.64898923602
1791146709,250,,Aggregated,64.800000,0.000000,190,910,1400,1600,2100,2500,2900,3100,3500,3700,3700,3866,0,190,720.540316915796,3.9540999568998814,3717.9484999505803,4816.051733057424
1791146710,250,,Aggregated,67.100000,0.000000,200,940,1400,1600,2100,2500,2900,3100,3500,3700,3700,3937,0,200,740.8414304791412,3.9540999568998814,3717.9484999505803,4818.576581153162
1791146711,250,,Aggregated,70.400000,0.000000,260,1000,1500,1700,2200,2500,2900,3100,3500,3700,3700,4076,0,260,775.33345343388,3.9540999568998814,3717.9484999505803,4821.056427870461
1791146712,250,,Aggregated,69.200000,0.000000,260,1000,1500,1700,2100,2500,2900,3100,3500,3700,3700,4171,0,260,775.6290978892634,3.9540999568998814,3717.9484999505803,4823.054183649005
1791146713,250,,Aggregated,65.900000,0.000000,270,1000,1500,1700,2100,2500,2900,3100,3500,3700,3700,4208,0,270,773.6969151369366,3.9540999568998814,3717.9484999505803,4827.759743346008
1791146714,250,,Aggregated,67.500000,0.000000,280,1000,1500,1700,2100,2500,2900,3100,3500,3700,3700,4244,0,280,776.296530324278,3.9540999568998814,3717.9484999505803,4824.958529688973
1791146715,250,,Aggregated,69.700000,0.000000,350,1100,1500,1700,2200,2500,2900,3100,3500,3700,3700,4426,0,350,806.3968670800599,3.9540999568998814,3717.9484999505803,4827.908043380027
1791146716,250,,Aggregated,67.100000,0.000000,350,1100,1500,1700,2200,2500,2900,3100,3500,3700,3700,4503,0,350,801.7979270478755,3.9540999568998814,3717.9484999505803,4827.818565400844
1791146717,250,,Aggregated,75.600000,0.000000,340,1100,1500,1700,2200,2500,2900,3100,3500,3700,3700,4543,0,340,796.7732231116388,3.9540999568998814,3717.9484999505803,4823.808496588158
1791146718,250,,Aggregated,80.800000,0.000000,370,1100,1500,1700,2100,2500,2900,3100,3500,3700,3700,4607,0,370,800.9743778589856,3.9540999568998814,3717.9484999505803,4823.42999782939
1791146719,250,,Aggregated,76.500000,0.000000,390,1200,1600,1700,2200,2500,2900,3100,3500,3700,3700,4706,0,390,818.1461930717074,3.9540999568998814,3717.9484999505803,4819.059923501913
1791146720,250,,Aggregated,76.000000,0.000000,420,1200,1600,1700,2200,2500,2900,3100,3500,3700,3700,4828,0,420,825.3057667555005,3.9540999568998814,3717.9484999505803,4822.273405136702
1791146721,250,,Aggregated,76.400000,0.000000,400,1200,1500,1700,2100,2500,2900,3100,3500,3700,3700,4920,0,400,816.1178390844252,3.9540999568998814,3717.9484999505803,4823.088617886179
1791146722,250,,Aggregated,88.900000,0.000000,400,1200,1500,1700,2100,2500,2900,3100,3500,3700,3700,4962,0,400,812.2970316999822,3.9540999568998814,3717.9484999505803,4826.69810560258
1791146723,250,,Aggregated,81.100000,0.000000,410,1200,1600,1700,2100,2500,2900,3100,3400,3700,3700,5009,0,410,817.9759534428797,3.9540999568998814,3717.9484999505803,4825.463565581953
1791146724,250,,Aggregated,79.300000,0.000000,460,1200,1600,1700,2100,2500,2900,3000,3400,3700,3700,5171,0,460,835.1876974465414,3.9540999568998814,3717.9484999505803,4818.50473796171
1791146725,250,,Aggregated,77.500000,0.000000,460,1200,1600,1700,2100,2500,2900,3000,3400,3700,3700,5274,0,460,828.7260155093294,3.9540999568998814,3717.9484999505803,4812.190747061054
1791146726,250,,Aggregated,87.200000,0.000000,440,1200,1600,1700,2100,2500,2900,3000,3400,3700,3700,5320,0,440,822.9746326684244,3.9540999568998814,3717.9484999505803,4808.487781954887
1791146727,250,,Aggregated,84.900000,0.000000,460,1200,1500,1700,2100,2500,2800,3000,3400,3700,3700,5426,0,460,824.4430300399628,3.9540999568998814,3717.9484999505803,4809.690932546996
1791146728,250,,Aggregated,81.100000,0.000000,470,1200,1500,1700,2100,2500,2800,3000,3400,3700,3700,5559,0,470,824.1818711452453,3.9540999568998814,3717.9484999505803,4816.010433531211
1791146729,250,,Aggregated,80.400000,0.000000,430,1200,1500,1700,2100,2400,2800,3000,3400,3700,3700,5687,0,430,808.0528735530398,3.9540999568998814,3717.9484999505803,4818.578512396694
1791146730,250,,Aggregated,94.700000,0.000000,400,1100,1500,1700,2100,2400,2800,3000,3400,3700,3700,5754,0,400,800.0309079415937,3.9540999568998814,3717.9484999505803,4820.481404240529
1791146731,250,,Aggregated,98.300000,0.000000,400,1100,1500,1700,2100,2400,2800,3000,3400,3700,3700,5789,0,400,797.5420243040661,3.9540999568998814,3717.9484999505803,4818.039039557782
1791146732,250,,Aggregated,89.900000,0.000000,400,1100,1500,1700,2100,2400,2800,3000,3400,3700,3700,5863,0,400,804.0299618790201,3.9540999568998814,3717.9484999505803,4818.338734436295
1791146733,250,,Aggregated,87.500000,0.000000,450,1200,1500,1700,2100,2400,2800,3000,3400,3700,3700,6022,0,450,820.4374463629815,3.9540999568998814,3717.9484999505803,4808.233809365659
1791146734,250,,Aggregated,85.500000,0.000000,440,1200,1500,1700,2100,2400,2800,3000,3400,3700,3700,6070,0,440,818.3381419107578,3.9540999568998814,3717.9484999505803,4811.342668863262
1791146735,250,,Aggregated,92.000000,0.000000,450,1200,1500,1700,2100,2400,2800,3000,3400,3700,3700,6095,0,450,817.8473623458394,3.9540999568998814,3717.9484999505803,4810.07908121411
1791146737,250,,Aggregated,94.400000,0.000000,450,1200,1500,1700,2100,2400,2800,3000,3400,3700,3700,6103,0,450,819.1699460589828,3.9540999568998814,3717.9484999505803,4810.256267409471
1791146738,250,,Aggregated,79.500000,0.000000,480,1200,1600,1700,2100,2500,3000,3200,3800,3900,3900,6190,0,480,845.2284807428643,3.9540999568998814,3883.5353000322357,4806.410339256866
1791146739,250,,Aggregated,75.900000,0.000000,540,1300,1600,1800,2200,2600,3100,3400,3900,4400,4400,6361,0,540,890.1951941515125,3.9540999568998814,4370.564499986358,4814.280616255306
1791146740,250,,Aggregated,62.200000,0.000000,510,1300,1600,1800,2200,2600,3100,3400,3900,4400,4400,6421,0,510,883.0491816692263,3.9540999568998814,4370.564499986358,4814.630275657997
1791146741,250,,Aggregated,70.300000,0.000000,520,1300,1600,1800,2200,2600,3100,3400,3900,4400,4400,6471,0,520,883.9669743312957,3.9540999568998814,4370.564499986358,4815.547674238912
1791146742,250,,Aggregated,67.000000,0.000000,520,1300,1600,1800,2200,2600,3100,3400,3900,4400,4400,6496,0,520,883.308611021877,3.9540999568998814,4370.564499986358,4816.2752463054185
1791146743,250,,Aggregated,67.500000,0.000000,560,1300,1600,1800,2200,2600,3100,3400,3900,4400,4400,6630,0,560,899.9309923375506,3.9540999568998814,4370.564499986358,4817.130165912519
1791146744,250,,Aggregated,69.100000,0.000000,570,1300,1600,1800,2200,2600,3100,3400,3900,4400,4400,6747,0,570,904.9386606044669,3.9540999568998814,4370.564499986358,4812.118274788795
1791146745,250,,Aggregated,66.500000,0.000000,550,1300,1600,1800,2200,2600,3100,3400,3900,4400,4400,6810,0,550,897.6675682229697,3.9540999568998814,4370.564499986358,4810.31483113069
1791146746,250,,Aggregated,63.000000,0.000000,550,1300,1600,1800,2200,2600,3100,3400,3900,4400,4400,6909,0,550,898.8792768126784,3.9540999568998814,4370.564499986358,4804.947604573745
1791146747,250,,Aggregated,69.400000,0.000000,570,1300,1600,1800,2200,2600,3100,3400,3900,4400,4400,7024,0,570,899.1890510534137,3.9540999568998814,4370.564499986358,4804.381691343963
1791146748,250,,Aggregated,73.700000,0.000000,560,1300,1600,1800,2200,2600,3100,3300,3900,4400,4400,7112,0,560,894.8944458097685,3.9540999568998814,4370.564499986358,4807.399746906637
1791146749,250,,Aggregated,84.000000,0.000000,540,1300,1600,1800,2200,2600,3100,3300,3900,4400,4400,7268,0,540,883.5725368326331,3.9540999568998814,4370.564499986358,4804.285360484315
1791146750,250,,Aggregated,90.000000,0.000000,500,1200,1600,1800,2200,2600,3100,3300,3900,4400,4400,7383,0,500,870.2053868616697,3.9540999568998814,4370.564499986358,4802.5121224434515
1791146751,250,,Aggregated,83.100000,0.000000,470,1200,1600,1800,2200,2600,3100,3300,3900,4400,4400,7507,0,470,856.2803966963318,3.9540999568998814,4370.564499986358,4804.613161049687
1791146752,250,,Aggregated,89.900000,0.000000,440,1200,1600,1700,2200,2600,3100,3300,3900,4400,4400,7628,0,440,843.9411475877686,3.9540999568998814,4370.564499986358,4802.484661772417
1791146753,250,,Aggregated,97.000000,0.000000,420,1200,1600,1700,2200,2500,3100,3300,3900,4400,4400,7709,0,420,836.5204894278797,3.9540999568998814,4370.564499986358,4803.080166039694
1791146754,250,,Aggregated,103.500000,0.000000,410,1200,1500,1700,2200,2500,3100,3300,3900,4400,4400,7794,0,410,833.0034649473567,3.9540999568998814,4370.564499986358,4804.307800872466
1791146755,250,,Aggregated,108.000000,0.000000,420,1200,1500,1700,2200,2500,3100,3300,3900,4400,4400,7920,0,420,830.0909428155835,3.9540999568998814,4370.564499986358,4806.520454545454
1791146756,250,,Aggregated,104.200000,0.000000,400,1100,1500,1700,2200,2500,3100,3300,3900,4400,4400,8043,0,400,820.9425421484433,3.9540999568998814,4370.564499986358,4805.593683948775
1791146757,250,,Aggregated,105.000000,0.000000,370,1100,1500,1700,2100,2500,3000,3300,3900,4400,4400,8167,0,370,808.8659428186091,3.9540999568998814,4370.564499986358,4803.183421084854
1791146758,250,,Aggregated,111.100000,0.000000,350,1100,1500,1700,2100,2500,3000,3300,3900,4400,4400,8266,0,350,800.0271821558017,3.9540999568998814,4370.564499986358,4800.961529155577
1791146759,250,,Aggregated,111.400000,0.000000,340,1100,1500,1700,2100,2500,3000,3300,3900,4400,4400,8321,0,340,795.6741467611458,3.9540999568998814,4370.564499986358,4797.702559788487
1791146760,250,,Aggregated,113.400000,0.000000,350,1100,1500,1700,2100,2500,3000,3300,3900,4400,4400,8429,0,350,799.4783848143123,3.9540999568998814,4370.564499986358,4801.233242377506
1791146761,250,,Aggregated,112.500000,0.000000,350,1100,1500,1700,2100,2500,3000,3300,3900,4400,4400,8576,0,350,794.8959566347456,3.9540999568998814,4370.564499986358,4803.315648320896
1791146762,250,,Aggregated,103.600000,0.000000,320,1100,1500,1700,2100,2500,3000,3300,3900,4400,4400,8693,0,320,784.6394664327034,3.9540999568998814,4370.564499986358,4802.64891291844
1791146763,250,,Aggregated,103.200000,0.000000,310,1000,1500,1600,2100,2500,3000,3300,3900,4400,4400,8794,0,310,777.0409094381571,3.9540999568998814,4370.564499986358,4800.319877188993
1791146764,250,,Aggregated,105.100000,0.000000,290,1000,1400,1600,2100,2500,3000,3200,3900,4400,4400,8938,0,290,768.1845028977159,3.9540999568998814,4370.564499986358,4799.796039382412
1791146766,250,,Aggregated,105.300000,0.000000,270,990,1400,1600,2100,2500,3000,3200,3900,4400,4400,9060,0,270,758.2843788299801,3.9540999568998814,4370.564499986358,4793.051766004415
1791146767,250,,Aggregated,112.300000,0.000000,240,970,1400,1600,2100,2500,3000,3200,3900,4400,4400,9178,0,240,748.7995110154833,3.9540999568998814,4370.564499986358,4795.385813902811
1791146768,250,,Aggregated,111.700000,0.000000,220,940,1400,1600,2100,2500,3000,3200,3900,4400,4400,9309,0,220,738.5870759157895,3.9540999568998814,4370.564499986358,4798.898377913847
1791146769,250,,Aggregated,111.400000,0.000000,200,930,1400,1600,2100,2500,3000,3200,3900,4400,4400,9432,0,200,729.225564334177,3.9540999568998814,4370.564499986358,4798.7995122985585
1791146770,250,,Aggregated,113.200000,0.000000,180,910,1400,1600,2100,2500,3000,3200,3900,4400,4400,9558,0,180,719.872371144547,3.9540999568998814,4370.564499986358,4797.809269721699
1791146771,250,,Aggregated,115.500000,0.000000,170,880,1300,1600,2000,2400,3000,3200,3900,4400,4400,9683,0,170,710.7873890012326,3.9540999568998814,4370.564499986358,4793.51533615615
1791146772,250,,Aggregated,123.200000,0.000000,150,860,1300,1600,2000,2400,3000,3200,3900,4400,4400,9810,0,150,701.8927117022515,3.9540999568998814,4370.564499986358,4797.810397553517
1791146773,250,,Aggregated,124.000000,0.000000,140,850,1300,1600,2000,2400,3000,3200,3900,4400,4400,9935,0,140,693.3336407448637,3.9540999568998814,4370.564499986358,4800.504881731254
1791146774,250,,Aggregated,122.500000,0.000000,130,820,1300,1500,2000,2400,3000,3200,3900,4200,4400,10062,0,130,684.840656668623,3.9540999568998814,4370.564499986358,4800.293778572848
1791146775,250,,Aggregated,122.700000,0.000000,130,810,1300,1500,2000,2400,3000,3200,3900,4200,4400,10184,0,130,677.1145150235656,3.9540999568998814,4370.564499986358,4803.500981932443
1791146776,250,,Aggregated,125.500000,0.000000,120,790,1300,1500,2000,2400,3000,3200,3900,4200,4400,10318,0,120,668.6646668152648,3.9540999568998814,4370.564499986358,4803.248788524908
1791146777,250,,Aggregated,124.000000,0.000000,110,760,1200,1500,2000,2400,2900,3200,3900,4200,4400,10425,0,110,662.4054204796975,3.9540999568998814,4370.564499986358,4805.377553956834
1791146778,250,,Aggregated,123.900000,0.000000,110,740,1200,1500,2000,2400,2900,3200,3900,4200,4400,10552,0,110,654.9164052502184,3.9540999568998814,4370.564499986358,4807.449677786201
1791146779,250,,Aggregated,124.700000,0.000000,100,710,1200,1500,2000,2400,2900,3200,3900,4200,4400,10681,0,100,648.0052506882114,3.9540999568998814,4370.564499986358,4809.519520644134
1791146780,250,,Aggregated,124.200000,0.000000,97,690,1200,1500,2000,2400,2900,3200,3900,4200,4400,10808,0,97,640.7393756569375,3.9540999568998814,4370.564499986358,4808.451887490747
1791146781,250,,Aggregated,124.700000,0.000000,93,660,1200,1500,2000,2400,2900,3200,3900,4200,4400,10921,0,93,634.3750564691723,3.9540999568998814,4370.564499986358,4806.932423770717
1791146782,250,,Aggregated,124.400000,0.000000,89,640,1200,1400,2000,2400,2900,3200,3900,4200,4400,11048,0,89,627.4138911566686,3.9540999568998814,4370.564499986358,4802.8143555394645
1791146783,250,,Aggregated,122.500000,0.000000,84,620,1200,1400,2000,2400,2900,3200,3900,4200,4400,11176,0,84,620.563093387555,3.9540999568998814,4370.564499986358,4804.040354330708
1791146784,250,,Aggregated,123.600000,0.000000,80,600,1100,1400,2000,2400,2900,3200,3900,4200,4400,11294,0,80,614.3769113068647,3.643500036559999,4370.564499986358,4801.729325305472
1791146785,250,,Aggregated,123.600000,0.000000,78,580,1100,1400,1900,2400,2900,3200,3900,4200,4400,11422,0,78,608.051563552789,3.643500036559999,4370.564499986358,4800.964979863422
1791146786,250,,Aggregated,123.000000,0.000000,74,550,1100,1400,1900,2400,2900,3200,3900,4200,4400,11553,0,74,601.4819184453535,3.643500036559999,4370.564499986358,4802.442655587293
1791146787,250,,Aggregated,123.000000,0.000000,71,530,1100,1400,1900,2400,2900,3200,3900,4200,4400,11674,0,71,595.5815475927549,3.643500036559999,4370.564499986358,4800.715692992976
1791146788,250,,Aggregated,122.900000,0.000000,68,510,1100,1400,1900,2300,2900,3100,3900,4200,4400,11804,0,68,589.2418700946854,3.643500036559999,4370.564499986358,4798.277617756693
1791146789,250,,Aggregated,123.600000,0.000000,64,480,1100,1400,1900,2300,2900,3100,3900,4200,4400,11924,0,64,583.4208204124443,3.643500036559999,4370.564499986358,4799.913955048642
1791146790,250,,Aggregated,123.400000,0.000000,62,470,1000,1300,1900,2300,2900,3100,3800,4200,4400,12047,0,62,577.7059449156026,3.643500036559999,4370.564499986358,4800.376442267784
1791146791,250,,Aggregated,122.400000,0.000000,61,450,1000,1300,1900,2300,2900,3100,3800,4200,4400,12167,0,61,572.305086044018,3.643500036559999,4370.564499986358,4798.512369524123
1791146792,250,,Aggregated,122.300000,0.000000,59,430,1000,1300,1900,2300,2800,3100,3800,4200,4400,12275,0,59,567.4957224519453,3.643500036559999,4370.564499986358,4798.177759674134
1791146793,250,,Aggregated,124.400000,0.000000,57,410,980,1300,1900,2300,2800,3100,3800,4200,4400,12407,0,57,561.7797958247783,3.643500036559999,4370.564499986358,4796.117191907794
1791146794,250,,Aggregated,121.900000,0.000000,56,390,960,1300,1900,2300,2800,3100,3800,4200,4400,12523,0,56,556.8784613589231,3.643500036559999,4370.564499986358,4795.510660384892
1791146795,250,,Aggregated,122.200000,0.000000,54,370,940,1300,1900,2300,2800,3100,3800,4200,4400,12654,0,54,551.2494083845071,3.643500036559999,4370.564499986358,4792.822664770033
1791146796,250,,Aggregated,121.500000,0.000000,53,350,930,1300,1900,2300,2800,3100,3800,4200,4400,12770,0,53,546.4220916443032,3.643500036559999,4370.564499986358,4794.871730618637
1791146797,250,,Aggregated,120.800000,0.000000,52,340,920,1300,1900,2300,2800,3100,3800,4200,4400,12899,0,52,541.4213706719825,3.643500036559999,4370.564499986358,4794.574230560508
1791146798,250,,Aggregated,121.100000,0.000000,52,320,910,1200,1900,2300,2800,3100,3800,4200,4400,12998,0,52,538.049632420293,3.643500036559999,4370.564499986358,4794.528312048007
1791146799,250,,Aggregated,121.500000,0.000000,52,320,890,1200,1800,2300,2800,3100,3800,4200,4400,13146,0,52,534.6584907727165,3.643500036559999,4370.564499986358,4794.308991328161
1791146800,250,,Aggregated,118.500000,0.000000,51,310,880,1200,1800,2300,2800,3100,3800,4200,4400,13252,0,51,530.6647946572057,3.643500036559999,4370.564499986358,4795.312858436462
1791146801,250,,Aggregated,118.500000,0.000000,50,310,860,1200,1800,2300,2800,3100,3800,4200,4400,13387,0,50,526.4497549038313,3.643500036559999,4370.564499986358,4792.486740868007
1791146802,250,,Aggregated,119.900000,0.000000,49,290,850,1200,1800,2300,2800,3100,3800,4200,4400,13508,0,49,522.2813172784379,3.643500036559999,4370.564499986358,4792.283757773172
1791146803,250,,Aggregated,119.700000,0.000000,49,280,840,1200,1800,2200,2800,3100,3800,4200,4400,13625,0,49,518.1279313172462,3.643500036559999,4370.564499986358,4792.870825688074
1791146804,250,,Aggregated,120.600000,0.000000,48,270,820,1200,1800,2200,2800,3100,3800,4200,4400,13721,0,48,514.965724903245,3.643500036559999,4370.564499986358,4792.612054514977
1791146805,250,,Aggregated,121.000000,0.000000,48,260,810,1200,1800,2200,2700,3100,3800,4200,4400,13868,0,48,510.5566436109872,3.643500036559999,4370.564499986358,4792.900706662821
1791146806,250,,Aggregated,119.800000,0.000000,47,240,800,1200,1800,2200,2700,3100,3800,4200,4400,13992,0,47,506.286211742251,3.643500036559999,4370.564499986358,4791.774728416238
1791146807,250,,Aggregated,120.200000,0.000000,47,230,780,1100,1800,2200,2700,3100,3800,4200,4400,14108,0,47,502.33703230066106,3.643500036559999,4370.564499986358,4791.849943294585
1791146808,250,,Aggregated,121.100000,0.000000,46,220,770,1100,1800,2200,2700,3100,3800,4200,4400,14223,0,46,498.6019483369904,3.643500036559999,4370.564499986358,4790.088588905294
1791146809,250,,Aggregated,119.100000,0.000000,46,210,750,1100,1800,2200,2700,3100,3800,4200,4400,14369,0,46,494.7744787736167,3.643500036559999,4370.564499986358,4789.657109054214
1791146810,250,,Aggregated,122.700000,0.000000,45,200,740,1100,1800,2200,2700,3100,3800,4200,4400,14478,0,45,491.31212856039264,3.643500036559999,4370.564499986358,4789.182414698163
1791146811,250,,Aggregated,121.900000,0.000000,45,190,720,1100,1800,2200,2700,3100,3800,4200,4400,14595,0,45,487.53693365519365,3.643500036559999,4370.564499986358,4788.710654333676
1791146812,250,,Aggregated,120.900000,0.000000,44,190,700,1100,1800,2200,2700,3100,3800,4200,4400,14737,0,44,483.0678855871732,3.643500036559999,4370.564499986358,4791.937232815363
1791146813,250,,Aggregated,120.900000,0.000000,44,180,680,1100,1800,2200,2700,3100,3800,4200,4400,14851,0,44,479.6085899265274,3.643500036559999,4370.564499986358,4792.043027405562
1791146814,250,,Aggregated,122.000000,0.000000,43,170,670,1000,1800,2200,2700,3100,3800,4200,4400,14975,0,43,476.41216763928037,3.643500036559999,4370.564499986358,4790.379966611018
1791146815,250,,Aggregated,121.100000,0.000000,43,170,650,1000,1800,2200,2700,3100,3800,4200,4400,15096,0,43,472.8345289545781,3.643500036559999,4370.564499986358,4789.7917991520935
1791146816,250,,Aggregated,122.400000,0.000000,42,160,640,1000,1800,2200,2700,3100,3800,4200,4400,15225,0,42,469.06124828238814,3.643500036559999,4370.564499986358,4788.411494252873
1791146817,250,,Aggregated,123.000000,0.000000,42,150,630,1000,1800,2200,2700,3100,3800,4200,4400,15350,0,42,465.41488743318905,3.643500036559999,4370.564499986358,4788.337654723127
1791146818,250,,Aggregated,120.700000,0.000000,41,150,610,980,1700,2200,2700,3100,3800,4200,4400,15483,0,41,461.6386339920516,3.643500036559999,4370.564499986358,4786.640896467093
1791146819,250,,Aggregated,123.100000,0.000000,41,140,600,970,1700,2200,2700,3100,3800,4200,4400,15614,0,41,457.98484234019463,3.643500036559999,4370.564499986358,4784.547521455104
1791146820,250,,Aggregated,122.500000,0.000000,41,140,580,950,1700,2200,2700,3100,3800,4200,4400,15744,0,41,454.40358172003823,3.643500036559999,4370.564499986358,4783.739011686992
1791146821,250,,Aggregated,123.500000,0.000000,40,130,560,940,1700,2200,2700,3100,3800,4200,4400,15857,0,40,451.30549839187773,3.643500036559999,4370.564499986358,4783.82714258687
1791146822,250,,Aggregated,122.600000,0.000000,40,130,550,930,1700,2200,2700,3100,3800,4200,4400,15972,0,40,448.31001237170074,3.643500036559999,4370.564499986358,4785.124342599549
1791146823,250,,Aggregated,124.000000,0.000000,40,130,550,930,1700,2200,2700,3100,3800,4200,4400,16085,0,40,447.10183615790766,3.643500036559999,4370.564499986358,4781.966863537457
1791146824,250,,Aggregated,122.700000,0.000000,40,130,540,920,1700,2200,2600,3100,3800,4200,4400,16212,0,40,444.7745814581586,3.643500036559999,4370.564499986358,4782.655193683691
1791146825,250,,Aggregated,120.000000,0.000000,39,120,530,910,1700,2100,2600,3000,3800,4200,4400,16342,0,39,441.418347136175,3.643500036559999,4370.564499986358,4782.734181862686
1791146826,250,,Aggregated,123.300000,0.000000,39,120,510,890,1700,2100,2600,3000,3800,4200,4400,16463,0,39,438.25267829673686,3.643500036559999,4370.564499986358,4782.872198262771
1791146827,250,,Aggregated,121.400000,0.000000,39,120,500,880,1700,2100,2600,3000,3800,4200,4400,16592,0,39,435.0891148866857,3.643500036559999,4370.564499986358,4786.748191899711
1791146828,250,,Aggregated,123.200000,0.000000,39,110,490,870,1700,2100,2600,3000,3800,4200,4400,16701,0,39,432.52211752589443,3.643500036559999,4370.564499986358,4786.317585773307
1791146829,250,,Aggregated,121.900000,0.000000,38,110,480,860,1700,2100,2600,3000,3800,4200,4400,16839,0,38,429.57702322585374,3.643500036559999,4370.564499986358,4787.683532276264
1791146830,250,,Aggregated,120.900000,0.000000,38,110,470,850,1700,2100,2600,3000,3800,4200,4400,16963,0,38,426.6108394210735,3.643500036559999,4370.564499986358,4787.75953545953
1791146831,250,,Aggregated,123.400000,0.000000,38,100,460,840,1700,2100,2600,3000,3800,4200,4400,17089,0,38,423.6393540171673,3.643500036559999,4370.564499986358,4788.1260459945
1791146832,250,,Aggregated,123.500000,0.000000,37,99,440,830,1700,2100,2600,3000,3800,4200,4400,17211,0,37,420.8111251640827,3.643500036559999,4370.564499986358,4787.308930335251
1791146833,250,,Aggregated,121.100000,0.000000,37,95,430,820,1700,2100,2600,3000,3800,4200,4400,17345,0,37,417.71280244444506,3.643500036559999,4370.564499986358,4785.3302969155375
1791146834,250,,Aggregated,122.800000,0.000000,36,93,420,810,1700,2100,2600,3000,3800,4200,4400,17462,0,36,415.05473453209447,3.643500036559999,4370.564499986358,4784.5458710342455
1791146835,250,,Aggregated,125.400000,0.000000,37,95,410,800,1700,2100,2600,3000,3800,4200,4400,17549,0,37,413.92589141258634,3.643500036559999,4370.564499986358,4783.83514730184
1791146836,250,,Aggregated,123.200000,0.000000,37,95,410,800,1600,2100,2600,3000,3800,4200,4400,17576,0,37,413.4721859637844,3.643500036559999,4370.564499986358,4784.179392353209
1791146837,250,,Aggregated,122.200000,0.000000,37,97,420,810,1700,2100,2600,3000,3800,4200,4400,17629,0,37,417.19387006067416,3.643500036559999,4370.564499986358,4782.09529752113
1791146838,250,,Aggregated,117.100000,0.000000,38,100,460,850,1700,2100,2600,3000,3800,4200,4400,17780,0,38,425.93810676040647,3.643500036559999,4370.564499986358,4779.171934758156
1791146839,250,,Aggregated,107.700000,0.000000,38,110,460,860,1700,2100,2600,3000,3800,4200,4400,17901,0,38,427.17715905813105,3.643500036559999,4370.564499986358,4781.604547231998
1791146840,250,,Aggregated,102.800000,0.000000,37,100,460,850,1700,2100,2600,3000,3800,4200,4400,18017,0,37,424.60359414436726,3.643500036559999,4370.564499986358,4781.226119775767
1791146841,250,,Aggregated,102.600000,0.000000,37,100,440,840,1700,2100,2600,3000,3800,4200,4400,18139,0,37,422.03687071489395,3.643500036559999,4370.564499986358,4780.19152103203
1791146843,250,,Aggregated,103.300000,0.000000,38,100,440,840,1700,2100,2600,3000,3800,4200,4400,18188,0,38,421.3915684350857,3.643500036559999,4370.564499986358,4779.830052782054
1791146844,250,,Aggregated,100.700000,0.000000,38,100,450,840,1700,2100,2600,3000,3800,4200,4400,18230,0,38,422.04145427851506,3.643500036559999,4370.564499986358,4778.971201316511
1791146845,250,,Aggregated,93.100000,0.000000,38,110,470,860,1700,2100,2600,3000,3800,4200,4400,18323,0,38,426.96364004238785,3.643500036559999,4370.564499986358,4779.350706761993
1791146846,250,,Aggregated,84.700000,0.000000,39,110,480,880,1700,2100,2600,3000,3800,4200,4400,18430,0,39,434.44410226244264,3.643500036559999,4370.564499986358,4778.129245794899
1791146847,250,,Aggregated,83.600000,0.000000,39,120,490,890,1700,2200,2600,3000,3800,4200,4400,18524,0,39,436.62883074910235,3.643500036559999,4370.564499986358,4779.975059382423
1791146848,250,,Aggregated,86.300000,0.000000,39,110,490,890,1700,2200,2600,3000,3800,4200,4400,18602,0,39,436.49016132658556,3.643500036559999,4370.564499986358,4779.205730566606
1791146849,250,,Aggregated,93.500000,0.000000,39,120,500,910,1700,2200,2600,3000,3800,4200,4400,18693,0,39,439.88901917278577,3.643500036559999,4370.564499986358,4778.6028994810895
1791146850,250,,Aggregated,93.200000,0.000000,39,120,510,910,1700,2200,2600,3000,3800,4200,4400,18742,0,39,441.01590868088607,3.643500036559999,4370.564499986358,4779.293725322805
1791146851,250,,Aggregated,89.400000,0.000000,40,130,530,930,1700,2200,2600,3000,3800,4200,4400,18818,0,40,445.31223957364807,3.643500036559999,4370.564499986358,4779.0630247635245
1791146852,250,,Aggregated,82.000000,0.000000,40,130,550,930,1700,2200,2600,3000,3800,4200,4400,18940,0,40,449.11717815186904,3.643500036559999,4370.564499986358,4780.117793030623
1791146853,250,,Aggregated,75.600000,0.000000,40,130,550,950,1800,2200,2600,3000,3800,4200,4400,19031,0,40,453.1640795805222,3.643500036559999,4370.564499986358,4780.958173506384
1791146854,250,,Aggregated,78.000000,0.000000,40,140,560,950,1800,2200,2600,3000,3800,4200,4400,19073,0,40,453.30811183333543,3.643500036559999,4370.564499986358,4782.104231112044
1791146855,250,,Aggregated,82.300000,0.000000,41,140,560,960,1800,2200,2600,3000,3800,4200,4400,19122,0,41,455.4774605426614,3.643500036559999,4370.564499986358,4782.206463759021
1791146856,250,,Aggregated,83.000000,0.000000,41,140,590,980,1800,2200,2700,3000,3800,4200,4400,19206,0,41,460.70042033720944,3.643500036559999,4370.564499986358,4782.721024679788
1791146857,250,,Aggregated,76.900000,0.000000,41,150,610,1000,1800,2200,2700,3100,3800,4200,4400,19300,0,41,469.7313395438486,3.643500036559999,4370.564499986358,4782.2483419689115
1791146858,250,,Aggregated,73.300000,0.000000,41,150,620,1000,1800,2200,2700,3100,3800,4200,4400,19408,0,41,473.921549417568,3.643500036559999,4370.564499986358,4783.417250618301
1791146859,250,,Aggregated,73.100000,0.000000,42,150,630,1000,1800,2200,2700,3100,3800,4200,4400,19534,0,42,474.7775056463977,3.643500036559999,4370.564499986358,4783.369560765844
1791146860,250,,Aggregated,75.800000,0.000000,41,150,620,1000,1800,2200,2700,3100,3800,4200,4400,19610,0,41,473.2461485362836,3.643500036559999,4370.564499986358,4784.642325344212
1791146861,250,,Aggregated,75.900000,0.000000,41,150,620,1000,1800,2200,2700,3100,3800,4200,4400,19764,0,41,471.8490736741941,3.643500036559999,4370.564499986358,4785.322809147946
1791146862,250,,Aggregated,83.000000,0.000000,41,150,610,1000,1800,2200,2700,3100,3800,4200,4400,19869,0,41,469.4667335344827,3.643500036559999,4370.564499986358,4785.53092757562
1791146863,250,,Aggregated,89.800000,0.000000,41,140,600,1000,1800,2200,2700,3100,3800,4200,4400,20007,0,41,466.4535565600256,3.643500036559999,4370.564499986358,4784.272204728345
1791146864,250,,Aggregated,86.700000,0.000000,41,140,590,990,1800,2200,2700,3100,3800,4200,4400,20081,0,41,465.2450208652982,3.643500036559999,4370.564499986358,4784.193964444002
1791146865,250,,Aggregated,90.900000,0.000000,41,140,600,1000,1800,2200,2700,3100,3800,4200,4400,20145,0,41,465.5363008933211,3.643500036559999,4370.564499986358,4785.347728965004
1791146866,250,,Aggregated,98.600000,0.000000,42,150,620,1000,1800,2200,2700,3100,3800,4200,4400,20312,0,42,467.69984602186605,3.643500036559999,4370.564499986358,4787.190675462781
1791146867,250,,Aggregated,102.000000,0.000000,41,150,610,1000,1800,2200,2700,3100,3800,4200,4400,20402,0,41,466.2699267324871,3.643500036559999,4370.564499986358,4788.679541221449
1791146868,250,,Aggregated,105.300000,0.000000,41,150,610,1000,1800,2200,2700,3100,3800,4200,4400,20496,0,41,465.7105776930003,3.643500036559999,4370.564499986358,4788.288983216237
1791146869,250,,Aggregated,108.100000,0.000000,42,150,610,990,1800,2200,2700,3100,3800,4200,4400,20516,0,42,465.9294984010396,3.643500036559999,4370.564499986358,4788.45325599532
1791146870,250,,Aggregated,110.100000,0.000000,42,150,610,1000,1800,2200,2700,3100,3800,4200,4400,20523,0,42,466.2634015346532,3.643500036559999,4370.564499986358,4788.605369585343
1791146872,250,,Aggregated,95.800000,0.000000,42,160,630,1000,1800,2200,2700,3100,3800,4200,4400,20598,0,42,471.60065729663023,3.643500036559999,4370.564499986358,4789.8523157588115
1791146873,250,,Aggregated,83.600000,0.000000,43,170,670,1100,1800,2300,2900,3200,3800,4200,4400,20767,0,43,489.3081822360406,3.643500036559999,4370.564499986358,4792.352385997015
1791146874,250,,Aggregated,79.300000,0.000000,43,170,670,1100,1800,2300,2900,3200,3800,4200,4400,20839,0,43,489.7529494983463,3.643500036559999,4370.564499986358,4793.690532175248
1791146875,250,,Aggregated,82.000000,0.000000,43,170,660,1100,1800,2300,2900,3200,3800,4200,4400,20884,0,43,489.2589798073473,3.643500036559999,4370.564499986358,4794.612669986593
1791146876,250,,Aggregated,78.400000,0.000000,43,180,680,1100,1800,2300,2900,3200,3800,4200,4400,20948,0,43,492.59282930576103,3.643500036559999,4370.564499986358,4794.576331869391
1791146877,250,,Aggregated,77.100000,0.000000,43,190,700,1100,1800,2300,2900,3200,3800,4200,4400,21047,0,43,497.41243734011834,3.643500036559999,4370.564499986358,4794.908823110182
1791146878,250,,Aggregated,72.000000,0.000000,44,190,720,1100,1800,2300,2900,3200,3800,4200,4400,21171,0,44,501.72022610164925,3.643500036559999,4370.564499986358,4796.396958103065
1791146879,250,,Aggregated,68.100000,0.000000,44,190,720,1100,1800,2300,2900,3200,3800,4200,4400,21212,0,44,501.15504823202224,3.643500036559999,4370.564499986358,4796.347633415048
1791146880,250,,Aggregated,71.500000,0.000000,44,200,730,1100,1800,2300,2900,3200,3800,4200,4400,21268,0,44,502.566044583318,3.643500036559999,4370.564499986358,4795.171478277224
1791146881,250,,Aggregated,69.700000,0.000000,44,200,740,1100,1900,2300,2900,3200,3800,4200,4400,21336,0,44,504.5307889715948,3.643500036559999,4370.564499986358,4794.451537307837
1791146882,250,,Aggregated,72.000000,0.000000,45,210,760,1200,1900,2400,2900,3200,3800,4200,4400,21448,0,45,512.712380016663,3.643500036559999,4370.564499986358,4793.55739462887
1791146883,250,,Aggregated,80.100000,0.000000,45,210,770,1200,1900,2400,2900,3200,3800,4200,4400,21531,0,45,515.236832952393,3.643500036559999,4370.564499986358,4793.3992383075565
1791146884,250,,Aggregated,79.900000,0.000000,45,210,770,1200,1900,2400,2900,3200,3800,4200,4400,21569,0,45,514.8561459964736,3.643500036559999,4370.564499986358,4793.218971672308
1791146885,250,,Aggregated,76.900000,0.000000,46,230,790,1200,1900,2400,2900,3200,3800,4200,4400,21747,0,46,521.7379409618387,3.643500036559999,4370.564499986358,4792.539292776015
1791146886,250,,Aggregated,71.200000,0.000000,46,230,790,1200,1900,2400,2900,3200,3800,4200,4400,21825,0,46,521.0702911338791,3.643500036559999,4370.564499986358,4792.169713631157
1791146887,250,,Aggregated,76.300000,0.000000,46,230,790,1200,1900,2400,2900,3200,3800,4200,4400,21979,0,46,518.6472586331063,3.643500036559999,4370.564499986358,4792.977569498157
1791146888,250,,Aggregated,84.800000,0.000000,45,220,780,1200,1900,2400,2900,3200,3800,4200,4400,22097,0,45,516.006229655479,3.643500036559999,4370.564499986358,4793.217993392768
1791146889,250,,Aggregated,87.600000,0.000000,45,210,760,1200,1900,2400,2900,3200,3800,4200,4400,22222,0,45,513.2291992573726,3.643500036559999,4370.564499986358,4794.29560795608
1791146890,250,,Aggregated,86.200000,0.000000,45,200,750,1200,1900,2300,2900,3200,3800,4200,4400,22341,0,45,510.65161717009397,3.643500036559999,4370.564499986358,4794.147039076138
1791146891,250,,Aggregated,94.200000,0.000000,44,200,740,1100,1900,2300,2900,3100,3800,4200,4400,22467,0,44,507.9131772687463,3.643500036559999,4370.564499986358,4794.019094672186
1791146892,250,,Aggregated,102.300000,0.000000,44,190,730,1100,1900,2300,2900,3100,3800,4200,4400,22598,0,44,505.1219551241917,3.643500036559999,4370.564499986358,4793.2466589963715
1791146893,250,,Aggregated,106.500000,0.000000,43,190,720,1100,1900,2300,2800,3100,3800,4200,4400,22710,0,43,502.792865186993,3.643500036559999,4370.564499986358,4792.289916336415
1791146894,250,,Aggregated,111.600000,0.000000,43,180,700,1100,1900,2300,2800,3100,3800,4200,4400,22845,0,43,499.9866486888739,3.643500036559999,4370.564499986358,4793.643291748742
1791146895,250,,Aggregated,112.400000,0.000000,43,180,690,1100,1900,2300,2800,3100,3800,4200,4400,22969,0,43,497.4266529190192,3.643500036559999,4370.564499986358,4792.79912055379
1791146896,250,,Aggregated,121.300000,0.000000,43,170,680,1100,1800,2300,2800,3100,3800,4200,4400,23096,0,43,494.84064516355784,3.643500036559999,4370.564499986358,4792.228567717354
1791146897,250,,Aggregated,122.700000,0.000000,42,170,670,1100,1800,2300,2800,3100,3800,4200,4400,23224,0,42,492.2773667369253,3.643500036559999,4370.564499986358,4792.586978987255
1791146898,250,,Aggregated,122.300000,0.000000,42,160,660,1100,1800,2300,2800,3100,3800,4200,4400,23334,0,42,490.09050524547126,3.643500036559999,4370.564499986358,4791.5600839976005
1791146899,250,,Aggregated,122.900000,0.000000,42,160,650,1100,1800,2300,2800,3100,3800,4200,4400,23481,0,42,487.32810650306476,3.643500036559999,4370.564499986358,4791.540948000511
1791146900,250,,Aggregated,122.400000,0.000000,42,150,640,1100,1800,2300,2800,3100,3800,4200,4400,23595,0,42,485.0449602542122,3.643500036559999,4370.564499986358,4792.021996185633
1791146901,250,,Aggregated,121.200000,0.000000,41,150,630,1000,1800,2300,2800,3100,3800,4200,4400,23724,0,41,482.46694047791834,3.643500036559999,4370.564499986358,4792.05762097454
1791146902,250,,Aggregated,123.800000,0.000000,41,150,620,1000,1800,2300,2800,3100,3800,4200,4400,23844,0,41,480.09361163388394,3.643500036559999,4370.564499986358,4792.3003271263215
1791146903,250,,Aggregated,121.400000,0.000000,41,140,610,1000,1800,2300,2800,3100,3800,4200,4400,23966,0,41,477.72217100473455,3.643500036559999,4370.564499986358,4792.427355420178
1791146904,250,,Aggregated,124.400000,0.000000,40,140,600,1000,1800,2300,2800,3100,3800,4200,4400,24088,0,40,475.3868335727396,3.643500036559999,4370.564499986358,4792.436898040518
1791146905,250,,Aggregated,122.100000,0.000000,40,140,590,1000,1800,2300,2800,3100,3800,4200,4400,24216,0,40,473.0064694127882,3.643500036559999,4370.564499986358,4793.348199537496
1791146906,250,,Aggregated,122.400000,0.000000,40,130,580,1000,1800,2300,2800,3100,3800,4200,4400,24349,0,40,470.58044579653034,3.643500036559999,4370.564499986358,4793.710213971826
1791146907,250,,Aggregated,123.700000,0.000000,40,130,570,990,1800,2300,2800,3100,3800,4200,4400,24475,0,40,468.2793099162167,3.643500036559999,4370.564499986358,4793.397630234934
1791146908,250,,Aggregated,122.900000,0.000000,39,130,560,980,1800,2300,2800,3100,3800,4200,4400,24600,0,39,465.9970397967332,3.643500036559999,4370.564499986358,4793.031341463415
1791146909,250,,Aggregated,124.000000,0.000000,39,120,550,970,1800,2300,2800,3100,3800,4200,4400,24722,0,39,463.76906317042096,3.643500036559999,4370.564499986358,4793.402232829059
1791146910,250,,Aggregated,123.800000,0.000000,39,120,540,960,1800,2300,2800,3100,3800,4200,4400,24849,0,39,461.4543953358199,3.643500036559999,4370.564499986358,4793.787999517083
1791146911,250,,Aggregated,125.100000,0.000000,38,120,530,960,1800,2300,2800,3100,3800,4200,4400,24977,0,38,459.1548164951799,3.643500036559999,4370.564499986358,4795.056091604276
1791146912,250,,Aggregated,122.700000,0.000000,38,110,520,950,1800,2300,2800,3100,3800,4200,4400,25106,0,38,456.84855687085224,3.643500036559999,4370.564499986358,4794.700270851589
1791146913,250,,Aggregated,124.600000,0.000000,37,110,510,930,1800,2300,2800,3100,3800,4200,4400,25233,0,37,454.60365578411023,3.643500036559999,4370.564499986358,4794.171521420362
1791146914,250,,Aggregated,123.900000,0.000000,37,110,500,930,1800,2300,2800,3100,3800,4200,4400,25351,0,37,452.53679566485744,3.643500036559999,4370.564499986358,4793.265236085362
1791146915,250,,Aggregated,126.200000,0.000000,37,100,490,920,1800,2300,2800,3100,3800,4200,4400,25484,0,37,450.23535121250933,3.643500036559999,4370.564499986358,4793.089546382043
1791146916,250,,Aggregated,125.700000,0.000000,36,100,480,910,1800,2300,2800,3100,3800,4200,4400,25612,0,36,448.04179479928,3.643500036559999,4370.564499986358,4793.622091207247
1791146917,250,,Aggregated,124.700000,0.000000,36,99,470,910,1800,2300,2800,3100,3800,4200,4400,25735,0,36,445.9592755274694,3.643500036559999,4370.564499986358,4793.789547309112
1791146919,250,,Aggregated,126.000000,0.000000,36,97,460,890,1800,2300,2800,3100,3800,4200,4400,25853,0,36,443.9812896220427,3.643500036559999,4370.564499986358,4792.386144741423
1791146920,250,,Aggregated,125.200000,0.000000,35,95,460,880,1800,2300,2800,3100,3800,4200,4400,25985,0,35,441.79848904362336,3.643500036559999,4370.564499986358,4791.730613815663
1791146921,250,,Aggregated,125.200000,0.000000,35,94,450,870,1800,2300,2800,3100,3800,4200,4400,26104,0,35,439.9240845272098,3.643500036559999,4370.564499986358,4792.244943303708
1791146922,250,,Aggregated,125.700000,0.000000,35,91,440,870,1800,2200,2800,3100,3800,4200,4400,26230,0,35,437.9471543956913,3.643500036559999,4370.564499986358,4792.886923370187
1791146923,250,,Aggregated,125.400000,0.000000,35,90,430,860,1800,2200,2800,3100,3800,4200,4400,26357,0,35,435.98042716539857,3.643500036559999,4370.564499986358,4792.538566604697
1791146924,250,,Aggregated,123.900000,0.000000,35,88,420,850,1700,2200,2800,3100,3800,4200,4400,26479,0,35,434.10092717242503,3.643500036559999,4370.564499986358,4792.578042977454
1791146925,250,,Aggregated,123.900000,0.000000,35,86,410,840,1700,2200,2800,3100,3800,4200,4400,26597,0,35,432.3084360077798,3.643500036559999,4370.564499986358,4792.619505959318
1791146926,250,,Aggregated,123.400000,0.000000,35,85,400,840,1700,2200,2700,3100,3800,4200,4400,26729,0,35,430.5113547045692,3.643500036559999,4370.564499986358,4792.819147742152
1791146927,250,,Aggregated,123.900000,0.000000,34,83,400,820,1700,2200,2700,3100,3800,4200,4400,26847,0,34,428.7112823405871,3.643500036559999,4370.564499986358,4793.719223749395
1791146928,250,,Aggregated,122.900000,0.000000,34,82,390,820,1700,2200,2700,3100,3800,4200,4400,26972,0,34,426.7750727346231,3.643500036559999,4370.564499986358,4792.793118789856
1791146929,250,,Aggregated,123.100000,0.000000,34,80,380,810,1700,2200,2700,3100,3800,4200,4400,27105,0,34,424.7497475999875,3.643500036559999,4370.564499986358,4793.400737871241
1791146930,250,,Aggregated,123.000000,0.000000,34,80,380,800,1700,2200,2700,3100,3800,4200,4400,27225,0,34,423.09864923776274,3.643500036559999,4370.564499986358,4793.282093663912
1791146931,250,,Aggregated,124.300000,0.000000,33,78,370,790,1700,2200,2700,3100,3800,4200,4400,27361,0,33,421.0769923503545,3.643500036559999,4370.564499986358,4792.973831365813
1791146932,250,,Aggregated,122.800000,0.000000,33,77,360,790,1700,2200,2700,3100,3800,4200,4400,27477,0,33,419.35943661236115,3.643500036559999,4370.564499986358,4793.601557666412
1791146933,250,,Aggregated,124.200000,0.000000,33,75,350,780,1700,2200,2700,3100,3800,4200,4400,27605,0,33,417.4699334069058,3.643500036559999,4370.564499986358,4794.370657489585
1791146934,250,,Aggregated,124.000000,0.000000,33,74,340,770,1700,2200,2700,3100,3800,4200,4400,27741,0,33,415.47689085822475,3.643500036559999,4370.564499986358,4793.280126887999
1791146935,250,,Aggregated,123.800000,0.000000,32,73,340,760,1700,2200,2700,3100,3800,4200,4400,27867,0,32,413.6486997200208,3.643500036559999,4370.564499986358,4792.387878135429
1791146936,250,,Aggregated,124.400000,0.000000,32,71,330,750,1700,2200,2700,3100,3800,4200,4400,27990,0,32,411.87987667730226,3.643500036559999,4370.564499986358,4792.274955341193
1791146937,250,,Aggregated,126.000000,0.000000,32,71,320,740,1700,2200,2700,3100,3800,4200,4400,28101,0,32,410.2991493576289,3.643500036559999,4370.564499986358,4793.008220348031
1791146938,250,,Aggregated,125.100000,0.000000,32,69,310,730,1700,2200,2700,3100,3800,4200,4400,28228,0,32,408.53303463222016,3.643500036559999,4370.564499986358,4794.19781776959
1791146939,250,,Aggregated,124.100000,0.000000,32,69,310,720,1700,2200,2700,3100,3800,4200,4400,28351,0,32,406.9689512397684,3.643500036559999,4370.564499986358,4795.264188212056
1791146940,250,,Aggregated,124.200000,0.000000,31,68,300,710,1700,2200,2700,3100,3800,4200,4400,28484,0,31,405.12247947267616,3.643500036559999,4370.564499986358,4795.009794972616
1791146941,250,,Aggregated,123.700000,0.000000,31,67,300,700,1700,2200,2700,3100,3800,4200,4400,28602,0,31,403.556771732761,3.643500036559999,4370.564499986358,4794.204321376127
1791146942,250,,Aggregated,124.600000,0.000000,31,66,290,690,1700,2200,2700,3100,3800,4200,4400,28718,0,31,401.9732635559869,3.643500036559999,4370.564499986358,4792.801727139773
1791146943,250,,Aggregated,123.800000,0.000000,31,65,280,690,1700,2200,2700,3100,3800,4200,4400,28841,0,31,400.3062755625807,3.643500036559999,4370.564499986358,4793.015117367637
1791146944,250,,Aggregated,123.100000,0.000000,30,64,280,680,1700,2200,2700,3100,3800,4200,4400,28973,0,30,398.5347154005526,3.643500036559999,4370.564499986358,4792.959755634556
1791146945,250,,Aggregated,122.500000,0.000000,30,64,270,670,1700,2200,2700,3100,3800,4200,4400,29087,0,30,397.01459004026015,3.643500036559999,4370.564499986358,4793.92653075257
1791146946,250,,Aggregated,123.700000,0.000000,30,63,260,660,1700,2200,2700,3100,3800,4200,4400,29203,0,30,395.5303369585893,3.643500036559999,4370.564499986358,4793.881758723419
1791146947,250,,Aggregated,120.600000,0.000000,30,62,260,650,1700,2200,2700,3000,3800,4200,4400,29343,0,30,393.70591684566045,3.643500036559999,4370.564499986358,4792.566063456361
1791146948,250,,Aggregated,121.000000,0.000000,30,61,250,640,1700,2200,2700,3000,3800,4200,4400,29459,0,30,392.2010360671477,3.643500036559999,4370.564499986358,4792.560541769917
1791146949,250,,Aggregated,122.000000,0.000000,29,61,240,630,1700,2200,2700,3000,3800,4200,4400,29597,0,29,390.4215035206994,3.643500036559999,4370.564499986358,4791.352501942764
1791146950,250,,Aggregated,122.000000,0.000000,29,60,240,630,1600,2200,2700,3000,3800,4200,4400,29716,0,29,388.9025909140739,3.643500036559999,4370.564499986358,4790.6910418629695
1791146951,250,,Aggregated,121.300000,0.000000,29,60,230,620,1600,2200,2700,3000,3800,4200,4400,29852,0,29,387.1838634095565,3.643500036559999,4370.564499986358,4789.938630577516
1791146952,250,,Aggregated,122.300000,0.000000,29,59,230,610,1600,2200,2700,3000,3800,4200,4400,29967,0,29,385.7389284246608,3.643500036559999,4370.564499986358,4789.692161377515
1791146953,250,,Aggregated,122.500000,0.000000,28,58,220,600,1600,2200,2700,3000,3800,4200,4400,30108,0,28,383.98486743062233,3.643500036559999,4370.564499986358,4791.154510429122
1791146954,250,,Aggregated,124.000000,0.000000,28,58,220,590,1600,2200,2700,3000,3800,4200,4400,30222,0,28,382.5744789987764,3.643500036559999,4370.564499986358,4791.067930646549
1791146955,250,,Aggregated,124.700000,0.000000,28,57,210,590,1600,2200,2700,3000,3800,4200,4400,30356,0,28,380.93074938401077,3.643500036559999,4370.564499986358,4790.965706944261
1791146956,250,,Aggregated,124.100000,0.000000,28,57,210,580,1600,2200,2700,3000,3800,4200,4400,30482,0,28,379.4052738862529,3.643500036559999,4370.564499986358,4790.968932484745
1791146957,250,,Aggregated,125.500000,0.000000,28,56,200,570,1600,2100,2700,3000,3800,4200,4400,30607,0,28,377.90936977815824,3.643500036559999,4370.564499986358,4790.848498709445
1791146958,250,,Aggregated,125.700000,0.000000,28,56,200,560,1600,2100,2700,3000,3800,4200,4400,30731,0,28,376.46633731738336,3.643500036559999,4370.564499986358,4790.787478441965
1791146959,250,,Aggregated,126.000000,0.000000,27,55,190,550,1600,2100,2700,3000,3800,4200,4400,30868,0,27,374.84518184536023,3.643500036559999,4370.564499986358,4790.957885188544
1791146960,250,,Aggregated,125.900000,0.000000,27,55,190,550,1600,2100,2700,3000,3800,4200,4400,30987,0,27,373.4470863427288,3.643500036559999,4370.564499986358,4790.66747345661
1791146961,250,,Aggregated,127.600000,0.000000,27,54,190,540,1600,2100,2700,3000,3800,4200,4400,31103,0,27,372.098754724674,3.643500036559999,4370.564499986358,4791.141240394817
1791146962,250,,Aggregated,125.900000,0.000000,27,54,180,530,1600,2100,2700,3000,3800,4200,4400,31240,0,27,370.53112937263535,3.643500036559999,4370.564499986358,4790.843693982074
1791146963,250,,Aggregated,125.000000,0.000000,27,53,180,520,1600,2100,2700,3000,3800,4200,4400,31351,0,27,369.25801368382037,3.643500036559999,4370.564499986358,4791.327772638831
1791146964,250,,Aggregated,125.900000,0.000000,26,53,180,510,1600,2100,2700,3000,3800,4200,4400,31473,0,26,367.8678208115412,3.643500036559999,4370.564499986358,4791.43351444095
1791146965,250,,Aggregated,124.300000,0.000000,26,52,170,510,1600,2100,2700,3000,3800,4200,4400,31606,0,26,366.3803295577364,3.643500036559999,4370.564499986358,4792.536828450294
1791146966,250,,Aggregated,123.500000,0.000000,26,52,170,500,1600,2100,2700,3000,3800,4200,4400,31732,0,26,365.05459104378826,3.643500036559999,4370.564499986358,4792.8652149249965
1791146967,250,,Aggregated,122.900000,0.000000,26,52,170,490,1600,2100,2600,3000,3800,4200,4400,31851,0,26,363.84197509032634,3.643500036559999,4370.564499986358,4793.578223603655
1791146968,250,,Aggregated,124.000000,0.000000,26,52,160,480,1600,2100,2600,3000,3800,4200,4400,31967,0,26,362.6166073326273,3.643500036559999,4370.564499986358,4793.530046610567
1791146969,250,,Aggregated,122.800000,0.000000,26,51,160,480,1600,2100,2600,3000,3800,4200,4400,32105,0,26,361.1764928360575,3.643500036559999,4370.564499986358,4794.801401650833
1791146970,250,,Aggregated,123.000000,0.000000,26,51,150,470,1600,2100,2600,3000,3800,4200,4400,32211,0,26,360.0461981715,3.643500036559999,4370.564499986358,4795.081649126075
1791146971,250,,Aggregated,122.200000,0.000000,26,51,150,460,1600,2100,2600,3000,3800,4200,4400,32348,0,26,358.58186655748517,3.643500036559999,4370.564499986358,4794.821596389267
1791146972,250,,Aggregated,122.600000,0.000000,26,50,150,460,1600,2100,2600,3000,3800,4200,4400,32474,0,26,357.23530807728616,3.643500036559999,4370.564499986358,4795.72972223933
1791146973,250,,Aggregated,122.200000,0.000000,26,50,150,450,1600,2100,2600,3000,3800,4200,4400,32602,0,26,355.87385002152155,3.643500036559999,4370.564499986358,4795.652291270474
1791146974,250,,Aggregated,122.500000,0.000000,25,49,140,440,1600,2100,2600,3000,3800,4200,4400,32727,0,25,354.55652496719784,3.643500036559999,4370.564499986358,4796.211354539066
1791146975,250,,Aggregated,124.000000,0.000000,25,49,140,440,1600,2100,2600,3000,3800,4200,4400,32847,0,25,353.2967804944402,3.643500036559999,4370.564499986358,4795.754559016044
1791146976,250,,Aggregated,124.400000,0.000000,25,49,140,430,1600,2100,2600,3000,3800,4200,4400,32964,0,25,352.079598483208,3.643500036559999,4370.564499986358,4795.892761800752
1791146977,250,,Aggregated,124.600000,0.000000,25,49,140,420,1500,2100,2600,3000,3800,4200,4400,33098,0,25,350.70316722159123,3.643500036559999,4370.564499986358,4796.391745724817
1791146978,250,,Aggregated,123.500000,0.000000,25,48,130,410,1500,2100,2600,3000,3800,4200,4400,33223,0,25,349.45164112513226,3.643500036559999,4370.564499986358,4796.9565963338655
1791146979,250,,Aggregated,124.700000,0.000000,25,48,130,410,1500,2100,2600,3000,3800,4200,4400,33344,0,25,348.29020377879357,3.643500036559999,4370.564499986358,4797.578874760076
1791146980,250,,Aggregated,124.100000,0.000000,25,48,130,400,1500,2100,2600,3000,3800,4200,4400,33468,0,25,347.0864061401982,3.643500036559999,4370.564499986358,4796.033315405761
1791146981,250,,Aggregated,123.600000,0.000000,25,48,130,400,1500,2100,2600,3000,3800,4200,4400,33589,0,25,345.9508423323432,3.643500036559999,4370.564499986358,4796.57736163625
1791146982,250,,Aggregated,123.800000,0.000000,25,47,130,390,1500,2100,2600,3000,3800,4200,4400,33717,0,25,344.726092505288,3.643500036559999,4370.564499986358,4797.970074443159
1791146983,250,,Aggregated,124.400000,0.000000,25,47,120,390,1500,2100,2600,3000,3800,4200,4400,33840,0,25,343.5396007299321,3.643500036559999,4370.564499986358,4797.659101654846
1791146984,250,,Aggregated,123.500000,0.000000,25,47,120,380,1500,2100,2600,3000,3800,4200,4400,33966,0,25,342.3810456809959,3.643500036559999,4370.564499986358,4796.645675086852
1791146985,250,,Aggregated,121.600000,0.000000,25,47,120,370,1500,2100,2600,3000,3800,4200,4400,34096,0,25,341.14396553265084,3.643500036559999,4370.564499986358,4796.603765837635
1791146986,250,,Aggregated,122.300000,0.000000,25,47,120,370,1500,2100,2600,3000,3800,4200,4400,34215,0,25,340.0061958322589,3.643500036559999,4370.564499986358,4795.861990355107
1791146987,250,,Aggregated,122.700000,0.000000,24,46,110,360,1500,2100,2600,3000,3800,4200,4400,34345,0,24,338.75928526424616,3.643500036559999,4370.564499986358,4796.683330906973
1791146988,250,,Aggregated,123.500000,0.000000,24,46,110,350,1500,2100,2600,3000,3800,4200,4400,34472,0,24,337.5741224791351,3.643500036559999,4370.564499986358,4796.823044789974
1791146989,250,,Aggregated,122.900000,0.000000,24,46,110,350,1500,2100,2600,3000,3800,4200,4400,34608,0,24,336.3008673168208,3.643500036559999,4370.564499986358,4797.870839112344
1791146990,250,,Aggregated,123.800000,0.000000,24,46,110,340,1500,2100,2600,3000,3800,4200,4400,34724,0,24,335.26957112373316,3.643500036559999,4370.564499986358,4797.754002995047
1791146991,250,,Aggregated,125.300000,0.000000,24,45,110,340,1500,2100,2600,3000,3800,4200,4400,34845,0,24,334.1626814722532,3.643500036559999,4370.564499986358,4796.87676854642
1791146992,250,,Aggregated,124.400000,0.000000,24,45,100,330,1500,2100,2600,3000,3800,4200,4400,34980,0,24,332.9256513407888,3.643500036559999,4370.564499986358,4796.409576901086
1791146993,250,,Aggregated,124.500000,0.000000,24,45,100,320,1500,2100,2600,3000,3800,4200,4400,35095,0,24,331.8701446445692,3.643500036559999,4370.564499986358,4797.0483544664485
1791146994,250,,Aggregated,124.300000,0.000000,24,45,100,320,1500,2100,2600,3000,3800,4200,4400,35231,0,24,330.6396646135834,3.643500036559999,4370.564499986358,4797.9547841389685
1791146995,250,,Aggregated,125.500000,0.000000,24,44,99,310,1500,2100,2600,3000,3800,4200,4400,35335,0,24,329.7222753955346,3.643500036559999,4370.564499986358,4798.368529786331
1791146996,250,,Aggregated,124.500000,0.000000,23,44,97,310,1500,2000,2600,3000,3800,4200,4400,35474,0,23,328.49539490336196,3.643500036559999,4370.564499986358,4797.705389862998
1791146997,250,,Aggregated,125.100000,0.000000,23,44,96,300,1500,2000,2600,3000,3800,4200,4400,35600,0,23,327.37155416581385,3.643500036559999,4370.564499986358,4796.623370786517
1791146998,250,,Aggregated,124.000000,0.000000,23,44,95,300,1500,2000,2600,3000,3800,4200,4400,35716,0,23,326.34723936340373,3.643500036559999,4370.564499986358,4796.332204054205
1791146999,250,,Aggregated,123.600000,0.000000,23,43,94,290,1500,2000,2600,3000,3800,4200,4400,35845,0,23,325.25530079801064,3.643500036559999,4370.564499986358,4795.614116334217
1791147000,250,,Aggregated,123.300000,0.000000,23,43,92,290,1500,2000,2600,3000,3800,4200,4400,35974,0,23,324.19351274823794,3.643500036559999,4370.564499986358,4795.2584088508365
1791147001,250,,Aggregated,122.700000,0.000000,23,43,91,280,1400,2000,2600,3000,3800,4200,4400,36088,0,23,323.24522510821714,3.643500036559999,4370.564499986358,4794.77222345378
1791147002,250,,Aggregated,124.000000,0.000000,23,43,90,280,1400,2000,2600,3000,3800,4200,4400,36220,0,23,322.11585358657595,3.643500036559999,4370.564499986358,4794.4630314743235
1791147003,250,,Aggregated,123.600000,0.000000,23,43,89,270,1400,2000,2600,3000,3800,4200,4400,36345,0,23,321.05194182708556,3.643500036559999,4370.564499986358,4794.272719768882
1791147004,250,,Aggregated,122.800000,0.000000,23,43,88,270,1400,2000,2600,3000,3800,4200,4400,36468,0,23,320.0050554570006,3.643500036559999,4370.564499986358,4793.452286936492
1791147005,250,,Aggregated,124.100000,0.000000,23,42,86,260,1400,2000,2600,3000,3800,4200,4400,36594,0,23,318.94706110580097,3.643500036559999,4370.564499986358,4793.4097393015245
1791147006,250,,Aggregated,124.100000,0.000000,23,42,84,260,1400,2000,2600,3000,3800,4200,4400,36722,0,23,317.87950942776916,3.643500036559999,4370.564499986358,4792.46884701269
1791147007,250,,Aggregated,123.000000,0.000000,22,42,83,250,1400,2000,2600,3000,3800,4200,4400,36852,0,22,316.802551340664,3.643500036559999,4370.564499986358,4792.800824921307
1791147008,250,,Aggregated,124.600000,0.000000,22,42,82,250,1400,2000,2600,3000,3800,4200,4400,36975,0,22,315.79250960667423,3.643500036559999,4370.564499986358,4793.088708586883
1791147009,250,,Aggregated,124.700000,0.000000,22,42,81,240,1400,2000,2600,3000,3800,4200,4400,37099,0,22,314.7890313622128,3.643500036559999,4370.564499986358,4794.1058249548505
1791147010,250,,Aggregated,124.400000,0.000000,22,41,80,240,1400,2000,2600,2900,3800,4200,4400,37236,0,22,313.69192835981704,3.643500036559999,4370.564499986358,4793.48541733806
1791147011,250,,Aggregated,124.000000,0.000000,22,41,79,230,1400,2000,2600,2900,3800,4200,4400,37351,0,22,312.8282289579216,3.643500036559999,4370.564499986358,4793.3002329254905
1791147012,250,,Aggregated,123.500000,0.000000,22,41,79,230,1400,2000,2600,2900,3800,4200,4400,37468,0,22,311.95462705260616,3.643500036559999,4370.564499986358,4792.657547774101
1791147013,250,,Aggregated,124.800000,0.000000,22,41,79,230,1400,2000,2600,2900,3800,4200,4400,37559,0,22,311.4045967492865,3.643500036559999,4370.564499986358,4792.169546580048
1791147014,250,,Aggregated,125.400000,0.000000,22,42,80,230,1400,2000,2600,2900,3800,4200,4400,37611,0,22,311.5471065381369,3.643500036559999,4370.564499986358,4791.371912472415
1791147015,250,,Aggregated,122.900000,0.000000,22,42,83,240,1400,2000,2600,2900,3800,4200,4400,37801,0,22,312.78535171571195,3.643500036559999,4370.564499986358,4792.565593502817
1791147016,250,,Aggregated,118.200000,0.000000,22,42,82,240,1400,2000,2600,2900,3800,4200,4400,37900,0,22,312.07033990516396,3.643500036559999,4370.564499986358,4792.669023746702
1791147017,250,,Aggregated,115.100000,0.000000,22,42,81,240,1400,2000,2600,2900,3800,4200,4400,38043,0,22,311.00055247763277,3.643500036559999,4370.564499986358,4792.161238598428
1791147018,250,,Aggregated,117.500000,0.000000,22,42,80,230,1400,2000,2600,2900,3800,4200,4400,38154,0,22,310.14958108209487,3.643500036559999,4370.564499986358,4791.511139067988
1791147019,250,,Aggregated,116.000000,0.000000,22,42,79,230,1400,2000,2600,2900,3800,4200,4400,38298,0,22,309.0991716357576,3.643500036559999,4370.564499986358,4790.753276933521
1791147020,250,,Aggregated,118.000000,0.000000,22,42,78,230,1400,2000,2600,2900,3800,4200,4400,38413,0,22,308.25227772385125,3.643500036559999,4370.564499986358,4790.561971207664
1791147021,250,,Aggregated,117.000000,0.000000,22,41,78,220,1400,2000,2500,2900,3800,4200,4400,38559,0,22,307.19782672023604,3.643500036559999,4370.564499986358,4790.253326071735
1791147022,250,,Aggregated,118.000000,0.000000,22,41,77,220,1400,2000,2500,2900,3800,4200,4400,38672,0,22,306.39057693695366,3.643500036559999,4370.564499986358,4790.071653909806
1791147024,250,,Aggregated,118.300000,0.000000,22,41,76,210,1400,2000,2500,2900,3800,4200,4400,38801,0,22,305.44287328176705,3.643500036559999,4370.564499986358,4789.826550862092
1791147025,250,,Aggregated,118.600000,0.000000,22,41,75,210,1400,2000,2500,2900,3800,4200,4400,38920,0,22,304.5463230885282,3.643500036559999,4370.564499986358,4789.500513874615
1791147026,250,,Aggregated,123.800000,0.000000,22,41,75,210,1400,2000,2500,2900,3700,4200,4400,39036,0,22,303.7268058895704,3.643500036559999,4370.564499986358,4789.46869556307
1791147027,250,,Aggregated,127.000000,0.000000,22,41,74,200,1300,2000,2500,2900,3700,4200,4400,39162,0,22,302.8402203208904,3.643500036559999,4370.564499986358,4789.739032735815
1791147028,250,,Aggregated,122.800000,0.000000,22,41,73,200,1300,2000,2500,2900,3700,4200,4400,39287,0,22,301.95631520621487,3.643500036559999,4370.564499986358,4790.204902385013
1791147029,250,,Aggregated,124.400000,0.000000,22,41,72,200,1300,2000,2500,2900,3700,4200,4400,39405,0,22,301.132810021738,3.643500036559999,4370.564499986358,4790.169876919173
1791147030,250,,Aggregated,123.200000,0.000000,22,41,72,190,1300,2000,2500,2900,3700,4200,4400,39522,0,22,300.3283135192401,3.643500036559999,4370.564499986358,4790.6581650726175
1791147031,250,,Aggregated,122.700000,0.000000,22,41,71,190,1300,2000,2500,2900,3700,4200,4400,39656,0,22,299.3981426898289,3.643500036559999,4370.564499986358,4790.608155134154
1791147032,250,,Aggregated,120.400000,0.000000,22,41,70,190,1300,2000,2500,2900,3700,4200,4400,39774,0,22,298.58202256768806,3.643500036559999,4370.564499986358,4790.746945240609
1791147033,250,,Aggregated,123.400000,0.000000,22,41,70,180,1300,2000,2500,2900,3700,4200,4400,39904,0,22,297.6859479101926,3.643500036559999,4370.564499986358,4790.526037489976
1791147034,250,,Aggregated,120.900000,0.000000,22,41,69,180,1300,2000,2500,2900,3700,4200,4400,40026,0,22,296.86718460771004,3.643500036559999,4370.564499986358,4790.774421625943
1791147035,250,,Aggregated,121.500000,0.000000,22,41,69,180,1300,2000,2500,2900,3700,4200,4400,40118,0,22,296.4333086347295,3.643500036559999,4370.564499986358,4788.602098808515
1791147036,250,,Aggregated,121.700000,0.000000,22,41,70,180,1300,2000,2500,2900,3700,4200,4400,40273,0,22,296.30154686781856,3.643500036559999,4370.564499986358,4789.22354927619
1791147037,250,,Aggregated,118.600000,0.000000,22,41,70,180,1300,2000,2500,2900,3700,4200,4400,40367,0,22,295.6644601186186,3.643500036559999,4370.564499986358,4788.396957911165
1791147038,250,,Aggregated,122.100000,0.000000,22,41,69,180,1300,2000,2500,2900,3700,4200,4400,40484,0,22,295.0101318226455,3.643500036559999,4370.564499986358,4787.881088825215
1791147039,250,,Aggregated,119.100000,0.000000,22,41,69,180,1300,2000,2500,2900,3700,4200,4400,40613,0,22,294.3395151111178,3.643500036559999,4370.564499986358,4787.895575308399
1791147040,250,,Aggregated,118.000000,0.000000,22,41,69,180,1300,2000,2500,2900,3700,4200,4400,40732,0,22,293.55999342305483,3.643500036559999,4370.564499986358,4787.97903368359
1791147041,250,,Aggregated,119.900000,0.000000,22,41,68,170,1300,1900,2500,2900,3700,4200,4400,40866,0,22,292.6861453092486,3.643500036559999,4370.564499986358,4789.3247687564235
1791147042,250,,Aggregated,120.600000,0.000000,22,41,68,170,1300,1900,2500,2900,3700,4200,4400,40999,0,22,291.82710591252595,3.643500036559999,4370.564499986358,4788.522939583892
1791147043,250,,Aggregated,119.300000,0.000000,22,40,67,170,1300,1900,2500,2900,3700,4200,4400,41114,0,22,291.0822442819471,3.643500036559999,4370.564499986358,4788.123996692124
1791147044,250,,Aggregated,120.400000,0.000000,22,40,67,170,1300,1900,2500,2900,3700,4200,4400,41242,0,22,290.25500790231666,3.643500036559999,4370.564499986358,4788.471606614617
1791147045,250,,Aggregated,120.100000,0.000000,22,40,66,160,1300,1900,2500,2900,3700,4200,4400,41348,0,22,289.5728546195125,3.643500036559999,4370.564499986358,4788.183104382316
1791147046,250,,Aggregated,120.200000,0.000000,22,40,66,160,1300,1900,2500,2900,3700,4200,4400,41445,0,22,289.1079927158286,3.643500036559999,4370.564499986358,4788.242562432139
1791147047,250,,Aggregated,122.600000,0.000000,22,40,67,170,1300,1900,2500,2900,3700,4200,4400,41604,0,22,289.07854288791253,3.643500036559999,4370.564499986358,4787.723920776848
1791147048,250,,Aggregated,117.000000,0.000000,22,40,66,160,1300,1900,2500,2900,3700,4200,4400,41709,0,22,288.40835970433255,3.643500036559999,4370.564499986358,4788.232276007577
1791147049,250,,Aggregated,120.400000,0.000000,22,40,66,160,1300,1900,2500,2900,3700,4200,4400,41823,0,22,287.70356009391605,3.643500036559999,4370.564499986358,4788.12067522655
1791147050,250,,Aggregated,121.700000,0.000000,22,40,65,160,1300,1900,2500,2900,3700,4200,4400,41951,0,22,286.9152601274561,3.643500036559999,4370.564499986358,4788.448976186503
1791147051,250,,Aggregated,119.800000,0.000000,22,40,65,160,1200,1900,2500,2900,3700,4200,4400,42076,0,22,286.13378034049845,3.643500036559999,4370.564499986358,4788.126247742181
1791147052,250,,Aggregated,120.700000,0.000000,22,40,64,150,1200,1900,2500,2900,3700,4200,4400,42217,0,22,285.21638855218833,3.643500036559999,4370.564499986358,4787.346921856124
1791147053,250,,Aggregated,119.200000,0.000000,22,40,64,150,1200,1900,2500,2900,3700,4200,4400,42331,0,22,284.4790678936703,3.643500036559999,4370.564499986358,4787.133117573409
1791147054,250,,Aggregated,119.800000,0.000000,22,40,63,150,1200,1900,2500,2900,3700,4200,4400,42462,0,22,283.6437426265251,3.643500036559999,4370.564499986358,4788.064127926145
1791147055,250,,Aggregated,119.900000,0.000000,22,40,63,150,1200,1900,2500,2900,3700,4200,4400,42574,0,22,282.93390649709465,3.643500036559999,4370.564499986358,4788.226382299055
1791147056,250,,Aggregated,119.600000,0.000000,22,40,63,150,1200,1900,2500,2900,3700,4200,4400,42710,0,22,282.11428755811886,3.643500036559999,4370.564499986358,4787.341418871459
1791147057,250,,Aggregated,120.700000,0.000000,22,40,62,140,1200,1900,2500,2900,3700,4200,4400,42832,0,22,281.40240238156105,3.643500036559999,4370.564499986358,4786.650891856556
1791147058,250,,Aggregated,123.700000,0.000000,22,39,62,140,1200,1900,2500,2900,3700,4200,4400,42955,0,22,280.6340570808474,3.643500036559999,4370.564499986358,4786.58673029915
1791147059,250,,Aggregated,123.500000,0.000000,22,39,62,140,1200,1900,2500,2900,3700,4200,4400,43081,0,22,279.8444799635065,3.643500036559999,4370.564499986358,4786.277686218983
1791147060,250,,Aggregated,122.600000,0.000000,22,39,61,140,1200,1900,2500,2900,3700,4200,4400,43198,0,22,279.1188117067228,3.643500036559999,4370.564499986358,4785.85980832446
1791147061,250,,Aggregated,124.300000,0.000000,22,39,61,140,1200,1900,2500,2900,3700,4200,4400,43323,0,22,278.39289913688754,3.643500036559999,4370.564499986358,4785.7641437573575
1791147062,250,,Aggregated,123.000000,0.000000,22,39,61,140,1200,1900,2500,2900,3700,4200,4400,43455,0,22,277.6853730343311,3.643500036559999,4370.564499986358,4786.05656426188
1791147063,250,,Aggregated,124.600000,0.000000,22,39,61,130,1200,1900,2500,2900,3700,4200,4400,43569,0,22,277.05086980896544,3.643500036559999,4370.564499986358,4785.71114783447
1791147064,250,,Aggregated,123.800000,0.000000,22,39,61,130,1200,1900,2500,2900,3700,4200,4400,43714,0,22,276.249015105166,3.643500036559999,4370.564499986358,4785.784577023379
1791147065,250,,Aggregated,124.000000,0.000000,22,39,60,130,1200,1900,2500,2900,3700,4200,4400,43837,0,22,275.55182676749314,3.643500036559999,4370.564499986358,4785.450236101923
1791147066,250,,Aggregated,124.500000,0.000000,22,39,60,130,1200,1900,2500,2900,3700,4200,4400,43966,0,22,274.81306792535787,3.643500036559999,4370.564499986358,4785.676772960925
1791147067,250,,Aggregated,124.300000,0.000000,22,39,60,130,1200,1900,2500,2900,3700,4200,4400,44089,0,22,274.09573086046146,3.643500036559999,4370.564499986358,4785.543763750596
1791147068,250,,Aggregated,124.900000,0.000000,22,39,59,130,1200,1900,2500,2900,3700,4200,4400,44222,0,22,273.3044714216254,3.643500036559999,4370.564499986358,4785.369386278323
1791147069,250,,Aggregated,125.000000,0.000000,22,39,59,120,1200,1900,2500,2900,3700,4200,4400,44350,0,22,272.5470711771634,3.643500036559999,4370.564499986358,4785.377609921083
1791147070,250,,Aggregated,125.200000,0.000000,21,39,59,120,1200,1900,2500,2900,3700,4200,4400,44470,0,21,271.83855558594274,3.643500036559999,4370.564499986358,4785.571306498763
1791147071,250,,Aggregated,125.300000,0.000000,21,38,58,120,1200,1900,2500,2900,3700,4200,4400,44587,0,21,271.1564652097388,3.643500036559999,4370.564499986358,4785.7195370848
1791147072,250,,Aggregated,126.000000,0.000000,21,38,58,120,1200,1900,2500,2900,3700,4200,4400,44724,0,21,270.3657766279349,3.643500036559999,4370.564499986358,4784.877761380914
1791147073,250,,Aggregated,125.700000,0.000000,21,38,58,120,1200,1900,2500,2900,3700,4200,4400,44848,0,21,269.6958612136093,3.643500036559999,4370.564499986358,4785.1134498751335
1791147074,250,,Aggregated,124.600000,0.000000,21,38,58,120,1200,1900,2500,2900,3700,4200,4400,44976,0,21,268.964314036546,3.643500036559999,4370.564499986358,4785.633026503024
1791147075,250,,Aggregated,125.800000,0.000000,21,38,57,120,1200,1900,2500,2900,3700,4200,4400,45112,0,21,268.1898731758414,3.643500036559999,4370.564499986358,4785.234638233729
1791147076,250,,Aggregated,124.700000,0.000000,21,38,57,110,1100,1900,2500,2900,3700,4200,4400,45233,0,21,267.50601766208445,3.643500036559999,4370.564499986358,4785.395596135565
1791147077,250,,Aggregated,125.500000,0.000000,21,38,57,110,1100,1900,2500,2800,3700,4200,4400,45360,0,21,266.7935092241708,3.643500036559999,4370.564499986358,4785.1444664903
1791147078,250,,Aggregated,125.600000,0.000000,21,37,56,110,1100,1900,2500,2800,3700,4200,4400,45476,0,21,266.1409628201265,3.643500036559999,4370.564499986358,4785.358144955581
1791147079,250,,Aggregated,124.700000,0.000000,21,37,56,110,1100,1900,2500,2800,3700,4200,4400,45594,0,21,265.4935807563978,3.643500036559999,4370.564499986358,4785.258104136509
1791147080,250,,Aggregated,125.100000,0.000000,21,37,56,110,1100,1900,2500,2800,3700,4200,4400,45739,0,21,264.68703276649717,3.643500036559999,4370.564499986358,4785.955661470518
1791147081,250,,Aggregated,123.600000,0.000000,21,37,56,110,1100,1900,2500,2800,3700,4200,4400,45862,0,21,264.01011198392445,3.643500036559999,4370.564499986358,4786.372683267193
1791147082,250,,Aggregated,125.200000,0.000000,21,37,55,110,1100,1900,2500,2800,3700,4200,4400,45982,0,21,263.3481549542567,3.643500036559999,4370.564499986358,4786.229633334783
1791147083,250,,Aggregated,125.700000,0.000000,21,37,55,100,1100,1900,2500,2800,3700,4200,4400,46102,0,21,262.6909759513022,3.643500036559999,4370.564499986358,4786.6702095353785
1791147084,250,,Aggregated,126.600000,0.000000,20,37,55,100,1100,1800,2500,2800,3700,4200,4400,46235,0,20,261.9648209193759,3.643500036559999,4370.564499986358,4786.144414404672
1791147086,250,,Aggregated,125.000000,0.000000,20,37,55,100,1100,1800,2500,2800,3700,4200,4400,46297,0,20,262.2877067111711,3.643500036559999,4370.564499986358,4786.467179298875
1791147087,250,,Aggregated,120.000000,0.000000,21,37,56,110,1100,1800,2400,2800,3700,4200,4400,46487,0,21,263.01635830676986,3.643500036559999,4370.564499986358,4786.000559296147
1791147088,250,,Aggregated,110.100000,0.000000,21,37,56,110,1100,1800,2400,2800,3700,4200,4400,46597,0,21,262.46662396518775,3.643500036559999,4370.564499986358,4785.723394209927
1791147089,250,,Aggregated,119.100000,0.000000,21,37,56,110,1100,1800,2400,2800,3700,4200,4400,46719,0,21,261.89488516675084,3.643500036559999,4370.564499986358,4786.669556283311
1791147090,250,,Aggregated,116.000000,0.000000,21,37,56,110,1100,1800,2400,2800,3700,4200,4400,46843,0,21,261.4230147024129,3.643500036559999,4370.564499986358,4786.360672886023
1791147091,250,,Aggregated,117.300000,0.000000,21,37,56,110,1100,1800,2400,2800,3700,4200,4400,46978,0,21,260.7473670910869,3.643500036559999,4370.564499986358,4786.651028140832
1791147092,250,,Aggregated,116.300000,0.000000,21,37,55,110,1100,1800,2400,2800,3700,4200,4400,47096,0,21,260.12724989394553,3.643500036559999,4370.564499986358,4786.88359945643
1791147093,250,,Aggregated,116.400000,0.000000,20,37,55,100,1100,1800,2400,2800,3700,4200,4400,47210,0,20,259.5282603707963,3.643500036559999,4370.564499986358,4787.4084727811905
1791147094,250,,Aggregated,115.000000,0.000000,20,37,55,100,1100,1800,2400,2800,3700,4200,4400,47328,0,20,258.91048680496596,3.643500036559999,4370.564499986358,4787.572451825557
1791147095,250,,Aggregated,115.000000,0.000000,20,37,55,100,1100,1800,2400,2800,3700,4200,4400,47460,0,20,258.24101086821184,3.643500036559999,4370.564499986358,4787.70233881163
1791147096,250,,Aggregated,116.200000,0.000000,20,36,55,100,1100,1800,2400,2800,3700,4200,4400,47586,0,20,257.5859049490563,3.643500036559999,4370.564499986358,4787.844134829572
1791147097,250,,Aggregated,119.500000,0.000000,20,36,55,100,1100,1800,2400,2800,3700,4200,4400,47699,0,20,257.00196707910965,3.643500036559999,4370.564499986358,4788.0098534560475
1791147098,250,,Aggregated,128.500000,0.000000,20,36,54,99,1100,1800,2400,2800,3700,4200,4400,47827,0,20,256.36074167114725,3.643500036559999,4370.564499986358,4788.5244945323775
1791147099,250,,Aggregated,120.500000,0.000000,20,36,54,98,1000,1800,2400,2800,3700,4200,4400,47956,0,20,255.72248490294152,3.643500036559999,4370.564499986358,4788.527525231462
1791147100,250,,Aggregated,123.300000,0.000000,20,36,54,97,1000,1800,2400,2800,3700,4200,4400,48074,0,20,255.15545231319956,3.643500036559999,4370.564499986358,4788.750301618338
1791147101,250,,Aggregated,121.600000,0.000000,20,36,54,96,1000,1800,2400,2800,3700,4200,4400,48196,0,20,254.57511986690972,3.643500036559999,4370.564499986358,4788.075504191219
1791147102,250,,Aggregated,122.300000,0.000000,20,36,54,95,1000,1800,2400,2800,3700,4200,4400,48310,0,20,254.03741896099947,3.643500036559999,4370.564499986358,4788.2094183398885
1791147103,250,,Aggregated,120.700000,0.000000,20,36,53,94,1000,1800,2400,2800,3700,4200,4400,48447,0,20,253.38224474798264,3.643500036559999,4370.564499986358,4788.600615105166
1791147104,250,,Aggregated,120.800000,0.000000,20,36,53,94,1000,1800,2400,2800,3700,4200,4400,48572,0,20,252.7730427428604,3.643500036559999,4370.564499986358,4788.212571028576
1791147105,250,,Aggregated,122.500000,0.000000,20,36,53,93,1000,1800,2400,2800,3700,4200,4400,48699,0,20,252.19789633271049,3.643500036559999,4370.564499986358,4787.981662867821
1791147106,250,,Aggregated,121.900000,0.000000,20,36,53,92,1000,1800,2400,2800,3700,4200,4400,48816,0,20,251.6636705159461,3.643500036559999,4370.564499986358,4788.276876433956
1791147107,250,,Aggregated,122.800000,0.000000,20,36,53,91,1000,1800,2400,2800,3700,4200,4400,48946,0,20,251.0647999102243,3.643500036559999,4370.564499986358,4788.105115841949
1791147108,250,,Aggregated,123.000000,0.000000,20,36,53,90,1000,1800,2400,2800,3700,4200,4400,49067,0,20,250.50403931982132,3.643500036559999,4370.564499986358,4788.249923573889
1791147109,250,,Aggregated,123.000000,0.000000,20,36,53,89,1000,1800,2400,2800,3700,4200,4400,49192,0,20,249.9341811149368,3.643500036559999,4370.564499986358,4787.699605626931
1791147110,250,,Aggregated,122.500000,0.000000,20,36,52,89,1000,1800,2400,2800,3700,4200,4400,49317,0,20,249.383203510067,3.643500036559999,4370.564499986358,4788.257801569439
1791147111,250,,Aggregated,123.100000,0.000000,20,36,52,88,1000,1800,2400,2800,3700,4200,4400,49437,0,20,248.84652100057295,3.643500036559999,4370.564499986358,4787.965552116835
1791147112,250,,Aggregated,122.300000,0.000000,20,36,52,87,1000,1800,2400,2800,3700,4200,4400,49571,0,20,248.2372154829397,3.643500036559999,4370.564499986358,4787.6596800548705
1791147113,250,,Aggregated,121.900000,0.000000,20,36,52,86,990,1800,2400,2800,3700,4200,4400,49684,0,20,247.7351551667666,3.643500036559999,4370.564499986358,4787.09000885597
1791147114,250,,Aggregated,123.600000,0.000000,20,36,52,85,990,1800,2400,2800,3700,4200,4400,49815,0,20,247.15653499962286,3.643500036559999,4370.564499986358,4786.894469537288
1791147115,250,,Aggregated,122.500000,0.000000,20,36,52,84,990,1800,2400,2800,3700,4200,4400,49938,0,20,246.62775099737036,3.643500036559999,4370.564499986358,4787.461672473868
1791147116,250,,Aggregated,122.100000,0.000000,20,36,52,84,980,1800,2400,2800,3600,4200,4400,50069,0,20,246.0564792647293,3.643500036559999,4370.564499986358,4786.438255207813
1791147117,250,,Aggregated,122.500000,0.000000,20,35,52,83,980,1800,2400,2800,3600,4200,4400,50205,0,20,245.44656995731037,3.643500036559999,4370.564499986358,4786.120486007369
1791147118,250,,Aggregated,121.600000,0.000000,20,35,52,83,970,1800,2400,2800,3600,4200,4400,50313,0,20,244.97451871896584,3.643500036559999,4370.564499986358,4786.761532804643
1791147119,250,,Aggregated,123.400000,0.000000,20,35,51,82,970,1800,2400,2800,3600,4200,4400,50441,0,20,244.4269050159175,3.643500036559999,4370.564499986358,4786.172280486113
1791147120,250,,Aggregated,121.600000,0.000000,20,35,51,81,970,1800,2400,2800,3600,4200,4400,50576,0,20,243.84330445681937,3.643500036559999,4370.564499986358,4786.593384213857
1791147121,250,,Aggregated,122.400000,0.000000,20,35,51,81,960,1800,2400,2800,3600,4200,4400,50692,0,20,243.34370939218473,3.643500036559999,4370.564499986358,4786.367316341829
1791147122,250,,Aggregated,122.800000,0.000000,20,35,51,80,960,1800,2400,2800,3600,4200,4400,50825,0,20,242.77939438875114,3.5797000164166093,4370.564499986358,4786.923128381702
1791147123,250,,Aggregated,124.100000,0.000000,20,35,51,80,960,1800,2400,2800,3600,4200,4400,50939,0,20,242.28561198902167,3.5797000164166093,4370.564499986358,4787.096978739276
1791147124,250,,Aggregated,121.700000,0.000000,20,35,51,79,950,1800,2400,2800,3600,4200,4400,51064,0,20,241.74015279664818,3.5797000164166093,4370.564499986358,4787.737388375372
1791147125,250,,Aggregated,123.000000,0.000000,20,35,51,79,950,1800,2400,2800,3600,4200,4400,51195,0,20,241.19418728796956,3.5797000164166093,4370.564499986358,4788.164058990135
1791147126,250,,Aggregated,122.700000,0.000000,20,35,51,78,950,1800,2400,2800,3600,4200,4400,51304,0,20,240.74798649830151,3.5797000164166093,4370.564499986358,4787.989221113364
1791147127,250,,Aggregated,122.900000,0.000000,20,35,51,77,940,1800,2400,2800,3600,4200,4400,51429,0,20,240.2286245952666,3.5797000164166093,4370.564499986358,4788.481420988159
1791147128,250,,Aggregated,123.300000,0.000000,20,35,50,77,930,1800,2400,2800,3600,4200,4400,51564,0,20,239.65651852861706,3.5797000164166093,4370.564499986358,4788.873380653169
1791147129,250,,Aggregated,120.400000,0.000000,20,35,50,76,930,1800,2400,2800,3600,4200,4400,51701,0,20,239.08830839848795,3.5797000164166093,4370.564499986358,4788.548906210712
1791147130,250,,Aggregated,123.700000,0.000000,20,35,50,76,930,1800,2400,2800,3600,4200,4400,51821,0,20,238.60413775324147,3.5797000164166093,4370.564499986358,4788.600914687096
1791147131,250,,Aggregated,123.100000,0.000000,20,35,50,75,930,1800,2400,2800,3600,4200,4400,51957,0,20,238.05041328812024,3.5797000164166093,4370.564499986358,4788.732066901476
1791147132,250,,Aggregated,124.200000,0.000000,20,35,50,74,920,1800,2400,2800,3600,4200,4400,52082,0,20,237.54168353770908,3.5797000164166093,4370.564499986358,4788.7682692676935
1791147133,250,,Aggregated,123.300000,0.000000,20,35,50,74,920,1800,2400,2800,3600,4200,4400,52208,0,20,237.02562205238678,3.5797000164166093,4370.564499986358,4789.026202880785
1791147134,250,,Aggregated,125.600000,0.000000,20,35,50,73,920,1800,2400,2800,3600,4200,4400,52329,0,20,236.52818743354004,3.5797000164166093,4370.564499986358,4789.228955263811
1791147135,250,,Aggregated,124.900000,0.000000,20,35,50,72,910,1800,2400,2800,3600,4200,4400,52472,0,20,235.9507671769675,3.5797000164166093,4370.564499986358,4788.976120597652
1791147136,250,,Aggregated,126.100000,0.000000,20,35,50,72,910,1800,2400,2800,3600,4200,4400,52589,0,20,235.47497837589637,3.5797000164166093,4370.564499986358,4788.773888075453
1791147137,250,,Aggregated,125.500000,0.000000,20,35,49,72,910,1800,2400,2800,3600,4200,4400,52711,0,20,234.98658567869612,3.5797000164166093,4370.564499986358,4788.305249378687
1791147138,250,,Aggregated,126.200000,0.000000,20,35,49,71,900,1800,2400,2800,3600,4200,4400,52826,0,20,234.5384911124995,3.5797000164166093,4370.564499986358,4788.674535266725
1791147139,250,,Aggregated,127.000000,0.000000,20,35,49,71,900,1700,2400,2800,3600,4200,4400,52956,0,20,234.02887503226486,3.5797000164166093,4370.564499986358,4788.983646801118
1791147140,250,,Aggregated,125.200000,0.000000,20,35,49,70,890,1700,2400,2800,3600,4200,4400,53089,0,20,233.5069922546706,3.5797000164166093,4370.564499986358,4787.9637589707845
1791147141,250,,Aggregated,124.800000,0.000000,20,35,49,70,890,1700,2400,2800,3600,4200,4400,53200,0,20,233.0811062294665,3.5797000164166093,4370.564499986358,4788.087913533835
1791147142,250,,Aggregated,123.500000,0.000000,20,35,49,70,880,1700,2400,2700,3600,4200,4400,53323,0,20,232.58943381294543,3.5797000164166093,4370.564499986358,4787.6604092042835
1791147143,250,,Aggregated,125.200000,0.000000,20,35,49,69,880,1700,2400,2700,3600,4200,4400,53451,0,20,232.0879808442784,3.5797000164166093,4370.564499986358,4787.38816860302
1791147144,250,,Aggregated,123.100000,0.000000,20,35,49,69,870,1700,2400,2700,3600,4200,4400,53572,0,20,231.6169911671684,3.5797000164166093,4370.564499986358,4787.039908907638
1791147145,250,,Aggregated,121.500000,0.000000,20,35,49,68,870,1700,2400,2700,3600,4200,4400,53697,0,20,231.14011069160102,3.5797000164166093,4370.564499986358,4787.759074063728
1791147146,250,,Aggregated,121.700000,0.000000,20,35,49,68,870,1700,2400,2700,3600,4200,4400,53823,0,20,230.65723163901876,3.5797000164166093,4370.564499986358,4788.058580904075
1791147147,250,,Aggregated,121.600000,0.000000,20,35,49,68,870,1700,2400,2700,3600,4200,4400,53949,0,20,230.17471944071391,3.5797000164166093,4370.564499986358,4788.046655174331
1791147148,250,,Aggregated,120.900000,0.000000,20,35,48,67,860,1700,2400,2700,3600,4200,4400,54079,0,20,229.68994844408314,3.5797000164166093,4370.564499986358,4788.149817859058
1791147149,250,,Aggregated,120.600000,0.000000,20,35,48,67,860,1700,2400,2700,3600,4200,4400,54211,0,20,229.19891545640812,3.5797000164166093,4370.564499986358,4788.870598218074
1791147151,250,,Aggregated,123.500000,0.000000,20,35,48,67,860,1700,2400,2700,3600,4200,4400,54324,0,20,228.77923246460387,3.5797000164166093,4370.564499986358,4788.480027243943
1791147152,250,,Aggregated,123.500000,0.000000,20,35,48,66,850,1700,2400,2700,3600,4200,4400,54457,0,20,228.2803303047916,3.5797000164166093,4370.564499986358,4787.418642231485
1791147153,250,,Aggregated,121.500000,0.000000,20,35,48,66,850,1700,2400,2700,3600,4200,4400,54565,0,20,227.85120190613952,3.5797000164166093,4370.564499986358,4787.584220654266
1791147154,250,,Aggregated,123.300000,0.000000,20,35,48,66,840,1700,2400,2700,3600,4200,4400,54700,0,20,227.31278780819258,3.5797000164166093,4370.564499986358,4786.490511882998
1791147155,250,,Aggregated,123.100000,0.000000,20,35,48,65,840,1700,2400,2700,3600,4200,4400,54819,0,20,226.84815997388608,3.5797000164166093,4370.564499986358,4786.6607380652695
1791147156,250,,Aggregated,123.300000,0.000000,20,34,48,65,840,1700,2400,2700,3600,4200,4400,54950,0,20,226.3371515288262,3.5797000164166093,4370.564499986358,4786.562911737944
1791147157,250,,Aggregated,123.000000,0.000000,20,34,48,65,830,1700,2400,2700,3600,4200,4400,55073,0,20,225.85400417644374,3.5797000164166093,4370.564499986358,4786.497194632579
1791147158,250,,Aggregated,123.400000,0.000000,20,34,48,64,830,1700,2400,2700,3600,4200,4400,55200,0,20,225.40208915413209,3.5797000164166093,4370.564499986358,4786.714565217391
1791147159,250,,Aggregated,123.400000,0.000000,20,34,48,64,820,1700,2400,2700,3600,4200,4400,55308,0,20,224.9822908025687,3.5797000164166093,4370.564499986358,4787.049269545093
1791147160,250,,Aggregated,122.800000,0.000000,20,34,47,64,820,1700,2400,2700,3600,4200,4400,55441,0,20,224.47945085601413,3.5797000164166093,4370.564499986358,4786.60076477697
1791147161,250,,Aggregated,121.000000,0.000000,20,34,47,64,820,1700,2400,2700,3600,4200,4400,55573,0,20,224.00724229586484,3.5797000164166093,4370.564499986358,4787.244867111727
1791147162,250,,Aggregated,122.000000,0.000000,20,34,47,63,810,1700,2400,2700,3600,4200,4400,55694,0,20,223.54329562266122,3.5797000164166093,4370.564499986358,4787.6158832190185
1791147163,250,,Aggregated,123.800000,0.000000,20,34,47,63,810,1700,2300,2700,3600,4200,4400,55810,0,20,223.12998720674358,3.5797000164166093,4370.564499986358,4787.431535567102
1791147164,250,,Aggregated,123.000000,0.000000,20,34,47,63,810,1700,2300,2700,3600,4200,4400,55950,0,20,222.64048085628482,3.5797000164166093,4370.564499986358,4787.814423592493
1791147165,250,,Aggregated,123.300000,0.000000,20,34,47,63,800,1700,2300,2700,3600,4200,4400,56074,0,20,222.2041437601896,3.5797000164166093,4370.564499986358,4788.115525912188
1791147166,250,,Aggregated,124.200000,0.000000,20,34,47,63,800,1700,2300,2700,3600,4200,4400,56193,0,20,221.78807526220635,3.5797000164166093,4370.564499986358,4787.861673162138
1791147167,250,,Aggregated,124.800000,0.000000,20,34,47,62,800,1700,2300,2700,3600,4200,4400,56327,0,20,221.32038945637103,3.5797000164166093,4370.564499986358,4788.138849929874
1791147168,250,,Aggregated,124.100000,0.000000,20,34,47,62,790,1700,2300,2700,3600,4200,4400,56449,0,20,220.8959167657338,3.467199974693358,4370.564499986358,4788.5945189463055
1791147169,250,,Aggregated,124.900000,0.000000,20,34,47,62,790,1700,2300,2700,3600,4200,4400,56577,0,20,220.4634400570688,3.467199974693358,4370.564499986358,4789.008678438235
1791147170,250,,Aggregated,124.400000,0.000000,20,34,47,62,790,1700,2300,2700,3600,4200,4400,56698,0,20,220.0346706216979,3.467199974693358,4370.564499986358,4788.923048432043
1791147171,250,,Aggregated,124.800000,0.000000,20,34,47,62,780,1700,2300,2700,3600,4200,4400,56823,0,20,219.58399469068243,3.467199974693358,4370.564499986358,4789.188972775109
1791147172,250,,Aggregated,124.700000,0.000000,20,34,47,61,780,1700,2300,2700,3600,4200,4400,56944,0,20,219.17254845125495,3.467199974693358,4370.564499986358,4789.355998876089
1791147173,250,,Aggregated,123.700000,0.000000,20,34,47,61,780,1700,2300,2700,3600,4200,4400,57083,0,20,218.6980390783192,3.467199974693358,4370.564499986358,4789.798188602561
1791147174,250,,Aggregated,123.300000,0.000000,20,34,47,61,770,1700,2300,2700,3600,4200,4400,57206,0,20,218.2756871273629,3.467199974693358,4370.564499986358,4789.862846554557
1791147175,250,,Aggregated,125.000000,0.000000,20,34,47,61,770,1700,2300,2700,3600,4200,4400,57327,0,20,217.88105421021024,3.467199974693358,4370.564499986358,4789.662584820416
1791147176,250,,Aggregated,123.000000,0.000000,20,34,47,61,760,1700,2300,2700,3600,4200,4400,57458,0,20,217.45357416215117,3.467199974693358,4370.564499986358,4790.17487556128
1791147177,250,,Aggregated,123.400000,0.000000,20,34,46,60,760,1700,2300,2700,3600,4200,4400,57590,0,20,217.01459369003229,3.467199974693358,4370.564499986358,4790.222868553568
1791147178,250,,Aggregated,124.000000,0.000000,20,34,46,60,760,1700,2300,2700,3600,4200,4400,57704,0,20,216.61153824881643,3.467199974693358,4370.564499986358,4789.896402329128
1791147179,250,,Aggregated,123.500000,0.000000,20,34,46,60,750,1700,2300,2700,3600,4200,4400,57832,0,20,216.17659129910695,3.467199974693358,4370.564499986358,4789.527700926823
1791147180,250,,Aggregated,123.200000,0.000000,20,34,46,60,750,1700,2300,2700,3600,4200,4400,57954,0,20,215.78116132294716,3.467199974693358,4370.564499986358,4789.7094074610895
1791147181,250,,Aggregated,125.100000,0.000000,20,34,46,60,740,1700,2300,2700,3600,4200,4400,58074,0,20,215.3805483436577,3.467199974693358,4370.564499986358,4789.2314977442575
1791147182,250,,Aggregated,122.900000,0.000000,20,34,46,60,740,1700,2300,2700,3600,4200,4400,58196,0,20,215.01188631365955,3.467199974693358,4370.564499986358,4788.73114990721
1791147183,250,,Aggregated,123.400000,0.000000,20,34,46,59,740,1700,2300,2700,3600,4200,4400,58319,0,20,214.6054715428853,3.467199974693358,4370.564499986358,4788.962173562647
1791147184,250,,Aggregated,124.800000,0.000000,20,34,46,59,730,1700,2300,2700,3600,4200,4400,58453,0,20,214.17321207823213,3.467199974693358,4370.564499986358,4788.941542777959
1791147185,250,,Aggregated,124.000000,0.000000,20,34,46,59,730,1700,2300,2700,3600,4200,4400,58573,0,20,213.77934579086457,3.467199974693358,4370.564499986358,4789.1450497669575
1791147186,250,,Aggregated,123.300000,0.000000,20,34,46,59,720,1700,2300,2700,3600,4200,4400,58693,0,20,213.39020851733267,3.467199974693358,4370.564499986358,4789.054708397935
1791147187,250,,Aggregated,123.400000,0.000000,20,33,46,59,720,1700,2300,2700,3600,4200,4400,58831,0,20,212.94780518107854,3.467199974693358,4370.564499986358,4788.910540361374
1791147188,250,,Aggregated,122.600000,0.000000,20,33,46,59,710,1700,2300,2700,3600,4200,4400,58962,0,20,212.53480499319699,3.467199974693358,4370.564499986358,4788.632899155388
1791147189,250,,Aggregated,123.700000,0.000000,20,33,46,58,710,1700,2300,2700,3600,4200,4400,59084,0,20,212.14236521917158,3.467199974693358,4370.564499986358,4788.788030600501
1791147190,250,,Aggregated,124.100000,0.000000,20,33,46,58,700,1700,2300,2700,3600,4200,4400,59205,0,20,211.7604007196862,3.4573000157251954,4370.564499986358,4789.235453086732
1791147191,250,,Aggregated,122.200000,0.000000,20,33,46,58,700,1600,2300,2700,3600,4200,4400,59326,0,20,211.38582270688545,3.4573000157251954,4370.564499986358,4789.394430772342
1791147192,250,,Aggregated,124.600000,0.000000,20,33,46,58,700,1600,2300,2700,3600,4200,4400,59463,0,20,210.94468738556952,3.4573000157251954,4370.564499986358,4789.667036644636
1791147193,250,,Aggregated,124.400000,0.000000,20,33,46,58,690,1600,2300,2700,3600,4200,4400,59580,0,20,210.59073914413983,3.4573000157251954,4370.564499986358,4789.6193689157435
1791147194,250,,Aggregated,123.400000,0.000000,20,33,45,58,690,1600,2300,2700,3600,4200,4400,59702,0,20,210.21301065137078,3.4573000157251954,4370.564499986358,4790.073397876118
1791147195,250,,Aggregated,123.700000,0.000000,20,33,45,58,690,1600,2300,2700,3600,4200,4400,59831,0,20,209.83513351287664,3.4573000157251954,4370.564499986358,4789.891059818488
1791147196,250,,Aggregated,124.600000,0.000000,20,33,45,57,680,1600,2300,2700,3600,4200,4400,59949,0,20,209.470760841872,3.4573000157251954,4370.564499986358,4789.711604864135
1791147197,250,,Aggregated,122.800000,0.000000,20,33,45,57,680,1600,2300,2700,3600,4100,4400,60077,0,20,209.08325059689867,3.4573000157251954,4370.564499986358,4790.060572265593
1791147198,250,,Aggregated,124.100000,0.000000,20,33,45,57,680,1600,2300,2700,3600,4100,4400,60205,0,20,208.69445546732965,3.4573000157251954,4370.564499986358,4790.516568391329
1791147199,250,,Aggregated,123.700000,0.000000,20,33,45,57,670,1600,2300,2700,3600,4100,4400,60330,0,20,208.32982745584215,3.4573000157251954,4370.564499986358,4790.114138902702
1791147200,250,,Aggregated,123.300000,0.000000,20,33,45,57,670,1600,2300,2700,3600,4100,4400,60446,0,20,207.99091628412353,3.4573000157251954,4370.564499986358,4790.193445389273
1791147201,250,,Aggregated,124.200000,0.000000,20,33,45,57,660,1600,2300,2700,3600,4100,4400,60571,0,20,207.62589772185106,3.4573000157251954,4370.564499986358,4790.1687276089215
1791147202,250,,Aggregated,123.100000,0.000000,20,33,45,57,660,1600,2300,2700,3600,4100,4400,60693,0,20,207.26054229500122,3.4573000157251954,4370.564499986358,4790.161484849983
1791147203,250,,Aggregated,122.500000,0.000000,20,33,45,57,650,1600,2300,2700,3600,4100,4400,60823,0,20,206.85089876215298,3.4573000157251954,4370.564499986358,4790.223336566759
1791147204,250,,Aggregated,123.400000,0.000000,20,33,45,57,650,1600,2300,2700,3600,4100,4400,60945,0,20,206.48804506209413,3.4573000157251954,4370.564499986358,4789.519763721388
1791147205,250,,Aggregated,122.400000,0.000000,20,33,45,57,650,1600,2300,2700,3600,4100,4400,61064,0,20,206.14474741924502,3.4573000157251954,4370.564499986358,4789.946203982707
1791147206,250,,Aggregated,121.700000,0.000000,20,33,45,56,640,1600,2300,2700,3600,4100,4400,61200,0,20,205.7364364298715,3.4573000157251954,4370.564499986358,4789.858235294118
1791147207,250,,Aggregated,123.300000,0.000000,20,33,45,56,640,1600,2300,2700,3600,4100,4400,61316,0,20,205.3678758351656,3.4573000157251954,4370.564499986358,4790.112270859156
1791147208,250,,Aggregated,123.900000,0.000000,20,33,45,56,640,1600,2300,2700,3600,4100,4400,61447,0,20,204.9807710532423,3.4573000157251954,4370.564499986358,4789.5643400003255
1791147209,250,,Aggregated,122.300000,0.000000,20,33,45,56,640,1600,2300,2700,3600,4100,4400,61554,0,20,204.6617413443301,3.4573000157251954,4370.564499986358,4789.713341131364
1791147210,250,,Aggregated,122.100000,0.000000,20,33,45,56,630,1600,2300,2700,3600,4100,4400,61698,0,20,204.27208161382322,3.4573000157251954,4370.564499986358,4789.593260721579
1791147211,250,,Aggregated,123.300000,0.000000,20,33,45,56,630,1600,2300,2700,3600,4100,4400,61813,0,20,203.93204583030584,3.4573000157251954,4370.564499986358,4789.729215537185
1791147212,250,,Aggregated,122.300000,0.000000,20,33,45,56,630,1600,2300,2700,3600,4100,4400,61935,0,20,203.57843074203518,3.4573000157251954,4370.564499986358,4789.423137159925
1791147213,250,,Aggregated,122.800000,0.000000,20,33,45,56,620,1600,2300,2700,3600,4100,4400,62056,0,20,203.23767989087744,3.4573000157251954,4370.564499986358,4789.469833698595
1791147214,250,,Aggregated,122.100000,0.000000,20,33,45,56,620,1600,2300,2700,3600,4100,4400,62177,0,20,202.89549499828607,3.4573000157251954,4370.564499986358,4789.500506618203
1791147215,250,,Aggregated,122.900000,0.000000,20,33,45,56,610,1600,2300,2700,3600,4100,4400,62311,0,20,202.53558679058958,3.4573000157251954,4370.564499986358,4789.673011185826
1791147216,250,,Aggregated,123.500000,0.000000,20,33,45,56,610,1600,2300,2700,3600,4100,4400,62433,0,20,202.19056319426247,3.4573000157251954,4370.564499986358,4790.322633863501
1791147217,250,,Aggregated,122.700000,0.000000,20,33,45,55,610,1600,2300,2700,3600,4100,4400,62566,0,20,201.81884615777392,3.4573000157251954,4370.564499986358,4790.061407154045
1791147218,250,,Aggregated,121.900000,0.000000,20,33,45,55,610,1600,2300,2700,3600,4100,4400,62678,0,20,201.51461194370452,3.4573000157251954,4370.564499986358,4789.474089792272
1791147219,250,,Aggregated,123.100000,0.000000,20,33,45,55,600,1600,2300,2700,3600,4100,4400,62813,0,20,201.1375891552405,3.4573000157251954,4370.564499986358,4790.282616655788
1791147220,250,,Aggregated,123.200000,0.000000,20,33,45,55,600,1600,2300,2700,3600,4100,4400,62938,0,20,200.78982603845142,3.4573000157251954,4370.564499986358,4790.878229368585
1791147221,250,,Aggregated,122.600000,0.000000,20,33,45,55,600,1600,2300,2700,3600,4100,4400,63058,0,20,200.46105821003573,3.4573000157251954,4370.564499986358,4790.911272162137
1791147222,250,,Aggregated,123.300000,0.000000,20,33,44,55,590,1600,2300,2700,3600,4100,4400,63192,0,20,200.08583369109962,3.4573000157251954,4370.564499986358,4790.835438030131
1791147223,250,,Aggregated,123.100000,0.000000,20,33,44,55,590,1600,2300,2700,3600,4100,4400,63311,0,20,199.77953600966745,3.4488000674173236,4370.564499986358,4791.358752823364
1791147224,250,,Aggregated,123.200000,0.000000,20,33,44,55,590,1600,2300,2700,3600,4100,4400,63437,0,20,199.4337298328754,3.4488000674173236,4370.564499986358,4791.67708119867
1791147225,250,,Aggregated,123.700000,0.000000,20,33,44,55,580,1600,2300,2600,3600,4100,4400,63563,0,20,199.08888146890266,3.4488000674173236,4370.564499986358,4790.762644934946
1791147226,250,,Aggregated,123.200000,0.000000,20,33,44,55,580,1600,2300,2600,3600,4100,4400,63683,0,20,198.76638120861165,3.4488000674173236,4370.564499986358,4790.7979837633275
1791147227,250,,Aggregated,124.100000,0.000000,20,33,44,55,580,1600,2300,2600,3600,4100,4400,63805,0,20,198.43518569560234,3.4488000674173236,4370.564499986358,4790.769923987148
1791147228,250,,Aggregated,124.200000,0.000000,20,33,44,55,570,1600,2300,2600,3600,4100,4400,63938,0,20,198.0747071414283,3.4488000674173236,4370.564499986358,4790.814054240045
1791147229,250,,Aggregated,123.000000,0.000000,20,33,44,55,570,1600,2300,2600,3600,4100,4400,64056,0,20,197.75908550344198,3.4488000674173236,4370.564499986358,4790.352660172349
1791147230,250,,Aggregated,123.400000,0.000000,20,33,44,55,560,1600,2300,2600,3600,4100,4400,64175,0,20,197.44241120698888,3.4488000674173236,4370.564499986358,4790.564082586677
1791147231,250,,Aggregated,123.600000,0.000000,20,33,44,54,560,1600,2300,2600,3600,4100,4400,64297,0,20,197.11489021896105,3.4488000674173236,4370.564499986358,4789.8809431233185
1791147232,250,,Aggregated,122.900000,0.000000,20,33,44,54,560,1600,2300,2600,3600,4100,4400,64417,0,20,196.79521497288874,3.4488000674173236,4370.564499986358,4790.1216914789575
1791147233,250,,Aggregated,124.300000,0.000000,20,33,44,54,550,1600,2300,2600,3600,4100,4400,64545,0,20,196.46342962132672,3.4488000674173236,4370.564499986358,4790.4364087071035
1791147234,250,,Aggregated,121.600000,0.000000,20,33,44,54,550,1600,2300,2600,3600,4100,4400,64663,0,20,196.14956414036516,3.4488000674173236,4370.564499986358,4789.88153967493
1791147235,250,,Aggregated,121.400000,0.000000,20,33,44,54,550,1600,2300,2600,3600,4100,4400,64797,0,20,195.79021206241066,3.4488000674173236,4370.564499986358,4790.051375835301
1791147236,250,,Aggregated,122.300000,0.000000,20,33,44,54,550,1600,2300,2600,3600,4100,4400,64915,0,20,195.48062912589845,3.4488000674173236,4370.564499986358,4789.759254409612
1791147237,250,,Aggregated,121.300000,0.000000,20,33,44,54,540,1600,2300,2600,3600,4100,4400,65031,0,20,195.1895124172838,3.4488000674173236,4370.564499986358,4789.472805277483
1791147238,250,,Aggregated,121.900000,0.000000,20,33,44,54,540,1600,2300,2600,3600,4100,4400,65172,0,20,194.82797433573833,3.4488000674173236,4370.564499986358,4789.758270422881
1791147239,250,,Aggregated,121.900000,0.000000,20,33,44,54,530,1600,2300,2600,3600,4100,4400,65297,0,20,194.47400766817174,3.4488000674173236,4370.564499986358,4789.875246948558
1791147240,250,,Aggregated,121.600000,0.000000,20,33,44,54,530,1600,2200,2600,3600,4100,4400,65414,0,20,194.14928815404826,3.4488000674173236,4370.564499986358,4789.915002904577
1791147241,250,,Aggregated,122.400000,0.000000,20,33,44,54,530,1600,2200,2600,3600,4100,4400,65545,0,20,193.80871282949462,3.4488000674173236,4370.564499986358,4790.310046532916
1791147243,250,,Aggregated,121.400000,0.000000,20,33,44,54,520,1600,2200,2600,3600,4100,4400,65670,0,20,193.50027343550437,3.4488000674173236,4370.564499986358,4790.733516065175
1791147244,250,,Aggregated,121.400000,0.000000,20,33,44,53,520,1600,2200,2600,3600,4100,4400,65791,0,20,193.19146936526823,3.4488000674173236,4370.564499986358,4791.1862868781445
1791147245,250,,Aggregated,124.100000,0.000000,20,33,44,53,520,1600,2200,2600,3600,4100,4400,65916,0,20,192.87056363872864,3.4488000674173236,4370.564499986358,4791.442077795983
1791147246,250,,Aggregated,123.700000,0.000000,20,33,44,53,510,1500,2200,2600,3500,4100,4400,66042,0,20,192.55563912526273,3.4488000674173236,4370.564499986358,4791.345567971896
1791147247,250,,Aggregated,124.400000,0.000000,20,33,44,53,510,1500,2200,2600,3500,4100,4400,66169,0,20,192.23792468242877,3.384200041182339,4370.564499986358,4791.554202118817
1791147248,250,,Aggregated,122.400000,0.000000,20,33,44,53,510,1500,2200,2600,3500,4100,4400,66296,0,20,191.9530545268327,3.384200041182339,4370.564499986358,4791.956105949077
1791147249,250,,Aggregated,123.300000,0.000000,20,33,44,53,510,1500,2200,2600,3500,4100,4400,66409,0,20,191.65854567619982,3.384200041182339,4370.564499986358,4792.566474423647
1791147250,250,,Aggregated,124.900000,0.000000,20,33,44,53,500,1500,2200,2600,3500,4100,4400,66533,0,20,191.32817012476514,3.384200041182339,4370.564499986358,4792.033096358198
1791147251,250,,Aggregated,121.200000,0.000000,20,33,44,53,500,1500,2200,2600,3500,4100,4400,66648,0,20,191.0467855106023,3.384200041182339,4370.564499986358,4792.384482655143
1791147252,250,,Aggregated,121.200000,0.000000,20,33,44,53,500,1500,2200,2600,3500,4100,4400,66779,0,20,190.7169149734328,3.384200041182339,4370.564499986358,4792.44081223139
1791147253,250,,Aggregated,121.000000,0.000000,20,33,44,53,490,1500,2200,2600,3500,4100,4400,66912,0,20,190.395953138614,3.384200041182339,4370.564499986358,4792.8641050932565
1791147254,250,,Aggregated,121.600000,0.000000,20,33,44,53,490,1500,2200,2600,3500,4100,4400,67027,0,20,190.11811866279584,3.384200041182339,4370.564499986358,4792.664180106524
1791147255,250,,Aggregated,122.300000,0.000000,20,33,43,53,490,1500,2200,2600,3500,4100,4400,67161,0,20,189.793203080826,3.384200041182339,4370.564499986358,4793.080150682687
1791147256,250,,Aggregated,121.300000,0.000000,20,33,43,53,480,1500,2200,2600,3500,4100,4400,67282,0,20,189.49733049272902,3.384200041182339,4370.564499986358,4793.619393002587
1791147257,250,,Aggregated,122.300000,0.000000,20,33,43,53,480,1500,2200,2600,3500,4100,4400,67416,0,20,189.19021273751437,3.384200041182339,4370.564499986358,4793.507060638424
1791147258,250,,Aggregated,123.600000,0.000000,20,33,43,53,480,1500,2200,2600,3500,4100,4400,67541,0,20,188.89260216479533,3.384200041182339,4370.564499986358,4793.549118313321
1791147259,250,,Aggregated,123.400000,0.000000,20,33,43,53,480,1500,2200,2600,3500,4100,4400,67651,0,20,188.63029316658572,3.384200041182339,4370.564499986358,4793.333609259286
1791147260,250,,Aggregated,121.800000,0.000000,20,33,43,52,470,1500,2200,2600,3500,4100,4400,67783,0,20,188.3155739774406,3.384200041182339,4370.564499986358,4792.923004293112
1791147261,250,,Aggregated,124.500000,0.000000,20,33,43,52,470,1500,2200,2600,3500,4100,4400,67915,0,20,187.9951451080506,3.384200041182339,4370.564499986358,4792.771258190385
1791147262,250,,Aggregated,124.200000,0.000000,20,33,43,52,470,1500,2200,2600,3500,4100,4400,68042,0,20,187.69162611345774,3.384200041182339,4370.564499986358,4792.586373122484
1791147263,250,,Aggregated,125.700000,0.000000,20,33,43,52,460,1500,2200,2600,3500,4100,4400,68173,0,20,187.37218288048433,3.384200041182339,4370.564499986358,4792.558945623634
1791147264,250,,Aggregated,124.500000,0.000000,20,33,43,52,460,1500,2200,2600,3500,4100,4400,68284,0,20,187.12300886607647,3.384200041182339,4370.564499986358,4792.538164138012
1791147265,250,,Aggregated,124.000000,0.000000,20,33,43,52,460,1500,2200,2600,3500,4100,4400,68421,0,20,186.7948170066464,3.384200041182339,4370.564499986358,4792.4365472588825
1791147266,250,,Aggregated,124.500000,0.000000,20,33,43,52,460,1500,2200,2600,3500,4100,4400,68544,0,20,186.5040816397147,3.384200041182339,4370.564499986358,4791.477751517274
1791147267,250,,Aggregated,123.900000,0.000000,20,33,43,52,450,1500,2200,2600,3500,4100,4400,68642,0,20,186.27983569989783,3.384200041182339,4370.564499986358,4791.252367355263
