Timestamp,User Count,Type,Name,Requests/s,Failures/s,50%,66%,75%,80%,90%,95%,98%,99%,99.9%,99.99%,100%,Total Request Count,Total Failure Count,Total Median Response Time,Total Average Response Time,Total Min Response Time,Total Max Response Time,Total Average Content Size
1791149185,0,,Aggregated,0.000000,0.000000,N/A,N/A,N/A,N/A,N/A,N/A,N/A,N/A,N/A,N/A,N/A,0,0,0,0.0,0,0,0
1791149186,10,,Aggregated,0.000000,0.000000,430,590,680,710,770,770,770,770,770,770,770,20,0,130,338.22778498288244,15.992100001312792,771.3299000170082,4784.6
1791149187,20,,Aggregated,0.000000,0.000000,110,270,430,570,710,770,770,770,770,770,770,40,0,88,220.96224999404512,15.992100001312792,771.3299000170082,5125.1
1791149188,30,,Aggregated,0.000000,0.000000,36,88,130,270,590,710,770,770,770,770,770,70,0,33,140.79037714150869,5.650099948979914,771.3299000170082,5274.028571428571
1791149190,40,,Aggregated,10.000000,0.000000,35,45,100,130,280,590,710,770,770,770,770,106,0,33,108.11856509524591,5.650099948979914,771.3299000170082,5332.396226415094
1791149191,60,,Aggregated,13.333333,0.000000,32,44,58,110,270,590,710,770,770,770,770,137,0,32,91.4221883200816,5.650099948979914,771.3299000170082,5404.759124087591
1791149192,70,,Aggregated,21.200000,0.000000,27,40,50,74,230,590,770,900,1300,1300,1300,211,0,27,94.97307583146785,5.650099948979914,1305.847099982202,5268.701421800948
1791149193,80,,Aggregated,22.833333,0.000000,26,36,42,51,160,570,770,900,1300,1300,1300,255,0,26,81.89615647299398,4.6319999964907765,1305.847099982202,5271.682352941177
1791149194,90,,Aggregated,27.000000,0.000000,24,33,40,47,140,450,770,900,1300,1300,1300,282,0,24,75.84657234301567,4.6319999964907765,1305.847099982202,5241.734042553191
1791149195,100,,Aggregated,30.375000,0.000000,27,39,50,100,300,680,1100,1400,1600,1600,1600,368,0,27,114.45921549001586,4.6319999964907765,1577.0019999472424,5228.415760869565
1791149196,110,,Aggregated,30.666667,0.000000,25,36,45,64,270,620,940,1300,1600,1600,1600,418,0,25,103.12762272680116,4.564899951219559,1577.0019999472424,5159.098086124402
1791149197,120,,Aggregated,34.800000,0.000000,23,35,44,54,210,570,940,1300,1600,1600,1600,495,0,23,91.45769939235778,4.422000027261674,1577.0019999472424,5155.824242424243
1791149198,130,,Aggregated,40.400000,0.000000,22,33,42,50,180,470,870,1100,1600,1600,1600,571,0,22,85.08764658283911,4.422000027261674,1577.0019999472424,5060.926444833625
1791149199,140,,Aggregated,46.400000,0.000000,21,32,40,47,150,420,770,1100,1600,1600,1600,631,0,21,78.82013993534052,4.422000027261674,1577.0019999472424,5086.012678288431
1791149200,150,,Aggregated,51.100000,0.000000,23,36,47,84,260,640,1100,1400,1700,1700,1700,722,0,23,107.60126135539691,4.422000027261674,1667.5082999281585,5061.349030470914
1791149201,160,,Aggregated,54.800000,0.000000,22,34,45,62,220,590,1100,1300,1700,1700,1700,820,0,22,97.41301255885557,4.397699958644807,1667.5082999281585,5029.630487804878
1791149202,170,,Aggregated,60.800000,0.000000,20,32,43,58,190,550,1100,1200,1700,1700,1700,907,0,20,91.31360650378308,4.397699958644807,1667.5082999281585,5038.026460859978
1791149203,180,,Aggregated,66.300000,0.000000,20,32,44,62,220,500,940,1200,1600,1700,1700,1010,0,20,90.6338652462173,4.397699958644807,1667.5082999281585,5008.255445544554
1791149204,190,,Aggregated,70.100000,0.000000,20,32,44,62,200,490,900,1200,1600,1700,1700,1119,0,20,86.54107989213189,4.337300080806017,1667.5082999281585,4995.531724754245
1791149205,200,,Aggregated,74.900000,0.000000,19,31,42,55,180,450,870,1200,1600,1700,1700,1212,0,19,81.84152062728359,4.337300080806017,1667.5082999281585,4986.109735973598
1791149206,210,,Aggregated,82.300000,0.000000,19,30,42,54,170,380,780,1200,1600,1700,1700,1328,0,19,78.70057236404278,4.337300080806017,1667.5082999281585,4985.222891566265
1791149207,220,,Aggregated,84.800000,0.000000,19,29,40,49,140,360,770,1100,1600,1700,1700,1444,0,19,74.19174529024828,4.337300080806017,1667.5082999281585,4979.4335180055405
1791149208,230,,Aggregated,90.800000,0.000000,19,29,40,53,180,380,780,1100,1600,1700,1700,1561,0,19,78.62106828885015,4.337300080806017,1667.5082999281585,4953.418321588725
1791149209,240,,Aggregated,94.000000,0.000000,20,31,44,62,200,450,780,1100,1600,1700,1700,1651,0,20,82.2040906111382,4.337300080806017,1667.5082999281585,4957.328285887341
1791149210,250,,Aggregated,0.000000,0.000000,69,69,1000,1000,1000,1000,1000,1000,1000,1000,1000,3,0,69,376.82993329750997,52.42799990810454,1009.1856999788433,4215.0
1791149211,250,,Aggregated,0.000000,0.000000,500,730,870,990,1300,1400,1500,1500,1500,1500,1500,128,0,480,548.5428742149452,9.448800003156066,1533.3110999781638,4921.0078125
1791149212,250,,Aggregated,0.000000,0.000000,310,560,730,830,1200,1300,1400,1500,1500,1500,1500,277,0,310,434.40928808430255,4.890399985015392,1533.3110999781638,4920.097472924188
1791149213,250,,Aggregated,113.000000,0.000000,65,380,560,650,1000,1200,1400,1500,1500,1500,1500,384,0,65,319.93373541475495,4.0892999386414886,1533.3110999781638,4848.296875
1791149214,250,,Aggregated,126.000000,0.000000,44,86,380,510,870,1200,1400,1400,1500,1500,1500,519,0,44,244.5945965302462,4.0892999386414886,1533.3110999781638,4784.325626204239
1791149215,250,,Aggregated,120.666667,0.000000,35,62,140,390,760,1100,1300,1400,1500,1500,1500,643,0,35,203.08333297019672,4.0892999386414886,1533.3110999781638,4836.7465007776045
1791149216,250,,Aggregated,124.000000,0.000000,27,49,74,160,650,1000,1300,1400,1500,1500,1500,778,0,27,170.9597661967358,4.0892999386414886,1533.3110999781638,4868.415167095116
1791149217,250,,Aggregated,120.000000,0.000000,22,42,59,88,590,950,1300,1400,1500,1500,1500,893,0,22,150.5933014575855,4.0892999386414886,1533.3110999781638,4865.77267637178
1791149218,250,,Aggregated,124.666667,0.000000,20,37,53,72,520,870,1200,1400,1500,1500,1500,1018,0,20,135.6646580554587,4.0892999386414886,1533.3110999781638,4871.757367387034
1791149219,250,,Aggregated,122.571429,0.000000,17,33,48,62,470,810,1200,1400,1500,1500,1500,1137,0,17,122.6193094109009,4.0892999386414886,1533.3110999781638,4867.292875989446
1791149220,250,,Aggregated,123.875000,0.000000,16,29,45,55,390,760,1200,1300,1500,1500,1500,1282,0,16,111.2370004689658,4.0892999386414886,1533.3110999781638,4868.435257410297
1791149221,250,,Aggregated,123.111111,0.000000,15,25,38,51,300,710,1200,1300,1500,1500,1500,1404,0,15,102.54958739382828,4.0892999386414886,1533.3110999781638,4863.465811965812
1791149222,250,,Aggregated,123.600000,0.000000,14,23,35,47,210,650,1200,1300,1500,1500,1500,1525,0,14,95.40043934530838,4.0892999386414886,1533.3110999781638,4873.52
1791149223,250,,Aggregated,123.800000,0.000000,14,20,31,43,150,640,1100,1300,1500,1500,1500,1658,0,14,88.660272256574,4.0892999386414886,1533.3110999781638,4862.3208685162845
1791149224,250,,Aggregated,124.100000,0.000000,13,19,28,38,120,610,1100,1300,1500,1500,1500,1780,0,13,83.35905949509274,4.0892999386414886,1533.3110999781638,4873.08595505618
1791149225,250,,Aggregated,125.000000,0.000000,13,18,27,36,90,560,1000,1200,1500,1500,1500,1896,0,13,79.22120385052723,4.0892999386414886,1533.3110999781638,4853.817510548523
1791149226,250,,Aggregated,124.600000,0.000000,14,19,27,36,78,520,1000,1200,1500,1500,1500,2029,0,14,75.5946667325128,4.0892999386414886,1533.3110999781638,4862.184327254805
1791149227,250,,Aggregated,126.000000,0.000000,14,20,28,37,71,500,960,1200,1500,1500,1500,2149,0,14,72.82318804110152,3.8674999959766865,1533.3110999781638,4859.953932061424
1791149228,250,,Aggregated,123.400000,0.000000,14,21,30,38,68,470,950,1200,1500,1500,1500,2274,0,14,70.44654648185633,3.8674999959766865,1533.3110999781638,4841.138082673703
1791149229,250,,Aggregated,124.700000,0.000000,14,20,28,37,64,440,910,1200,1500,1500,1500,2396,0,14,67.46543530845675,3.8674999959766865,1533.3110999781638,4841.793823038397
1791149230,250,,Aggregated,123.000000,0.000000,13,19,27,35,59,400,870,1200,1500,1500,1500,2522,0,13,64.6837503560852,3.8674999959766865,1533.3110999781638,4844.744250594766
1791149231,250,,Aggregated,124.500000,0.000000,13,18,26,33,57,360,850,1200,1500,1500,1500,2654,0,13,62.077069667649766,3.8674999959766865,1533.3110999781638,4841.3888470233605
1791149232,250,,Aggregated,124.000000,0.000000,13,18,25,33,55,310,830,1200,1500,1500,1500,2778,0,13,60.08788495259346,3.8674999959766865,1533.3110999781638,4827.00935925126
1791149233,250,,Aggregated,124.400000,0.000000,13,17,24,31,54,240,800,1200,1500,1500,1500,2905,0,13,57.9740946637162,3.8674999959766865,1533.3110999781638,4832.297418244406
1791149234,250,,Aggregated,123.600000,0.000000,13,17,23,29,52,220,800,1200,1500,1500,1500,3031,0,13,56.02107677268124,3.8674999959766865,1533.3110999781638,4822.892774661827
1791149235,250,,Aggregated,124.700000,0.000000,13,17,22,28,51,200,770,1100,1500,1500,1500,3158,0,13,54.21519515444032,3.8674999959766865,1533.3110999781638,4823.032298923369
1791149236,250,,Aggregated,122.900000,0.000000,12,16,21,27,50,160,750,1100,1500,1500,1500,3274,0,12,52.677097372701034,3.8674999959766865,1533.3110999781638,4827.678680513134
1791149237,250,,Aggregated,123.500000,0.000000,12,16,20,26,49,140,740,1100,1500,1500,1500,3410,0,12,51.00534662708116,3.8674999959766865,1533.3110999781638,4824.263343108504
1791149238,250,,Aggregated,124.200000,0.000000,12,16,20,25,48,130,710,1100,1500,1500,1500,3520,0,12,49.8070588635032,3.8674999959766865,1533.3110999781638,4825.233238636363
1791149239,250,,Aggregated,124.000000,0.000000,12,15,19,24,47,110,700,1100,1500,1500,1500,3655,0,12,48.41782402163741,3.8674999959766865,1533.3110999781638,4821.4577291381665
1791149240,250,,Aggregated,124.400000,0.000000,12,15,19,24,46,94,680,1000,1500,1500,1500,3779,0,12,47.17757181759448,3.8674999959766865,1533.3110999781638,4811.45355914263
1791149241,250,,Aggregated,124.200000,0.000000,12,15,18,23,45,88,650,1000,1500,1500,1500,3904,0,12,46.010958862396244,3.8674999959766865,1533.3110999781638,4802.156506147541
1791149242,250,,Aggregated,124.800000,0.000000,12,15,18,22,44,84,640,1000,1400,1500,1500,4024,0,12,44.99422504948952,3.8674999959766865,1533.3110999781638,4797.832007952286
1791149243,250,,Aggregated,125.300000,0.000000,12,15,19,23,44,78,630,990,1400,1500,1500,4151,0,12,44.30117263300831,3.8674999959766865,1533.3110999781638,4789.400385449289
1791149244,250,,Aggregated,124.800000,0.000000,12,15,19,24,44,74,620,960,1400,1500,1500,4282,0,12,43.71300065383295,3.806699998676777,1533.3110999781638,4787.888136384867
1791149245,250,,Aggregated,123.600000,0.000000,12,15,19,24,45,72,610,960,1400,1500,1500,4400,0,12,43.11328600004675,3.806699998676777,1533.3110999781638,4781.598636363637
1791149246,250,,Aggregated,125.100000,0.000000,12,15,19,24,44,68,590,950,1400,1500,1500,4529,0,12,42.16298935749315,3.806699998676777,1533.3110999781638,4775.681828218149
1791149247,250,,Aggregated,124.800000,0.000000,12,15,19,23,43,67,570,920,1400,1500,1500,4659,0,12,41.26696434863177,3.806699998676777,1533.3110999781638,4773.1959647993135
1791149248,250,,Aggregated,124.300000,0.000000,12,15,18,23,42,65,560,910,1400,1500,1500,4780,0,12,40.60330922597489,3.806699998676777,1533.3110999781638,4781.926150627615
1791149249,250,,Aggregated,124.700000,0.000000,12,15,18,22,42,64,540,890,1400,1500,1500,4910,0,12,39.839105051064905,3.806699998676777,1533.3110999781638,4789.101018329939
1791149250,250,,Aggregated,125.200000,0.000000,12,15,18,22,41,62,520,870,1400,1500,1500,5040,0,12,39.225717797891114,3.806699998676777,1533.3110999781638,4789.343055555555
1791149251,250,,Aggregated,125.300000,0.000000,12,15,18,23,41,63,510,870,1400,1500,1500,5156,0,12,38.85832711447068,3.806699998676777,1533.3110999781638,4791.565748642359
1791149252,250,,Aggregated,124.700000,0.000000,12,15,18,22,40,60,500,860,1400,1500,1500,5285,0,12,38.1661072470972,3.806699998676777,1533.3110999781638,4793.779186376537
1791149253,250,,Aggregated,125.500000,0.000000,12,14,18,21,40,60,490,840,1400,1500,1500,5403,0,12,37.552012363578015,3.806699998676777,1533.3110999781638,4790.037386637054
1791149254,250,,Aggregated,124.100000,0.000000,12,14,17,21,39,59,490,830,1400,1500,1500,5525,0,12,36.951273067841704,3.806699998676777,1533.3110999781638,4788.474570135747
1791149255,250,,Aggregated,124.500000,0.000000,12,14,17,21,38,57,480,810,1400,1500,1500,5642,0,12,36.410051896406856,3.806699998676777,1533.3110999781638,4785.213222261609
1791149256,250,,Aggregated,124.300000,0.000000,12,14,17,20,38,57,450,810,1400,1500,1500,5777,0,12,35.813239155225496,3.806699998676777,1533.3110999781638,4785.34377704691
1791149257,250,,Aggregated,124.700000,0.000000,12,14,17,20,37,56,450,800,1400,1500,1500,5898,0,12,35.29775016949815,3.806699998676777,1533.3110999781638,4785.293319769414
1791149258,250,,Aggregated,124.600000,0.000000,12,14,17,20,37,55,440,800,1400,1500,1500,6006,0,12,34.87018158507685,3.806699998676777,1533.3110999781638,4779.867465867466
1791149259,250,,Aggregated,124.000000,0.000000,12,14,17,20,36,55,410,780,1400,1500,1500,6143,0,12,34.404550219904806,3.806699998676777,1533.3110999781638,4786.856584730588
1791149260,250,,Aggregated,123.300000,0.000000,12,14,17,20,36,54,400,770,1400,1500,1500,6256,0,12,34.037412340396834,3.806699998676777,1533.3110999781638,4780.917199488491
1791149261,250,,Aggregated,123.100000,0.000000,12,14,17,20,36,55,390,770,1400,1500,1500,6392,0,12,33.76306644275153,3.806699998676777,1533.3110999781638,4778.334167709637
1791149262,250,,Aggregated,122.900000,0.000000,12,14,17,20,36,54,380,750,1400,1500,1500,6523,0,12,33.32945065200286,3.806699998676777,1533.3110999781638,4776.530124175993
1791149263,250,,Aggregated,122.500000,0.000000,12,14,17,20,35,54,360,750,1400,1500,1500,6650,0,12,32.99831854160245,3.806699998676777,1533.3110999781638,4777.133984962406
1791149264,250,,Aggregated,122.900000,0.000000,12,14,17,20,35,53,340,740,1400,1500,1500,6767,0,12,32.71434156974062,3.806699998676777,1533.3110999781638,4777.084084527855
1791149265,250,,Aggregated,123.200000,0.000000,12,14,17,20,35,53,330,740,1400,1500,1500,6895,0,12,32.39740947102067,3.806699998676777,1533.3110999781638,4776.443509789703
1791149266,250,,Aggregated,123.000000,0.000000,12,14,17,20,35,52,300,710,1400,1500,1500,7023,0,12,32.03559491703682,3.806699998676777,1533.3110999781638,4775.957425601595
1791149267,250,,Aggregated,123.500000,0.000000,12,14,17,19,34,51,280,700,1400,1500,1500,7148,0,12,31.66159548154442,3.806699998676777,1533.3110999781638,4783.808477895915
1791149268,250,,Aggregated,123.100000,0.000000,12,14,17,20,35,51,240,700,1400,1500,1500,7263,0,12,31.478530552343244,3.806699998676777,1533.3110999781638,4789.212308963239
1791149269,250,,Aggregated,123.500000,0.000000,12,14,17,20,35,51,230,700,1400,1500,1500,7394,0,12,31.257453976463665,3.806699998676777,1533.3110999781638,4786.601163105221
1791149270,250,,Aggregated,124.000000,0.000000,12,14,17,20,34,50,220,680,1400,1500,1500,7517,0,12,30.913069509309878,3.806699998676777,1533.3110999781638,4787.048423573234
1791149271,250,,Aggregated,123.900000,0.000000,12,14,17,20,34,50,210,650,1400,1500,1500,7650,0,12,30.672103712666974,3.806699998676777,1533.3110999781638,4789.26614379085
1791149272,250,,Aggregated,124.600000,0.000000,12,14,17,19,34,50,210,650,1400,1500,1500,7773,0,12,30.354457326994453,3.806699998676777,1533.3110999781638,4786.82760838801
1791149273,250,,Aggregated,123.800000,0.000000,12,14,17,20,34,50,200,650,1400,1500,1500,7884,0,12,30.1854347923316,3.806699998676777,1533.3110999781638,4788.090182648401
1791149274,250,,Aggregated,124.600000,0.000000,12,14,17,19,33,50,170,640,1400,1500,1500,8018,0,12,29.89158931185788,3.806699998676777,1533.3110999781638,4789.12272387129
1791149275,250,,Aggregated,124.300000,0.000000,12,14,16,19,33,49,160,640,1400,1500,1500,8130,0,12,29.64420223899007,3.806699998676777,1533.3110999781638,4790.958794587946
1791149276,250,,Aggregated,123.800000,0.000000,12,14,16,19,33,49,150,640,1400,1500,1500,8262,0,12,29.350308182402337,3.806699998676777,1533.3110999781638,4791.737835875091
1791149277,250,,Aggregated,122.800000,0.000000,12,14,16,19,32,48,150,630,1400,1500,1500,8379,0,12,29.099189378588484,3.806699998676777,1533.3110999781638,4792.097266976966
1791149278,250,,Aggregated,122.900000,0.000000,12,14,16,19,32,48,140,620,1400,1500,1500,8507,0,12,28.88597523266117,3.806699998676777,1533.3110999781638,4787.295638885624
1791149279,250,,Aggregated,123.500000,0.000000,12,14,16,19,33,49,130,620,1400,1500,1500,8633,0,12,28.881297266790632,3.806699998676777,1533.3110999781638,4785.556469361752
1791149280,250,,Aggregated,123.700000,0.000000,12,14,17,20,34,49,130,610,1400,1500,1500,8747,0,12,28.867239236854132,3.806699998676777,1533.3110999781638,4785.779924545558
1791149281,250,,Aggregated,123.800000,0.000000,12,14,17,20,35,49,130,610,1400,1500,1500,8881,0,12,28.840288943259257,3.806699998676777,1533.3110999781638,4786.981195811282
1791149282,250,,Aggregated,122.600000,0.000000,12,14,17,20,35,50,130,590,1400,1500,1500,9003,0,12,28.764343297257557,3.806699998676777,1533.3110999781638,4787.110407641897
1791149283,250,,Aggregated,122.700000,0.000000,12,14,17,20,35,50,130,590,1400,1500,1500,9124,0,12,28.53142905571338,3.806699998676777,1533.3110999781638,4784.446733888645
1791149284,250,,Aggregated,123.400000,0.000000,12,14,17,20,34,49,120,580,1400,1500,1500,9257,0,12,28.278923550150033,3.806699998676777,1533.3110999781638,4783.456843469807
1791149285,250,,Aggregated,122.400000,0.000000,12,14,17,20,34,49,110,570,1400,1500,1500,9378,0,12,28.04289419954229,3.806699998676777,1533.3110999781638,4779.285881851141
1791149286,250,,Aggregated,123.100000,0.000000,12,14,17,19,33,49,110,560,1400,1500,1500,9509,0,12,27.801601493652104,3.806699998676777,1533.3110999781638,4779.178357345672
1791149287,250,,Aggregated,123.000000,0.000000,12,14,17,19,33,48,110,550,1400,1500,1500,9628,0,12,27.621194744777373,3.806699998676777,1533.3110999781638,4782.663377648525
1791149288,250,,Aggregated,123.400000,0.000000,12,14,16,19,33,48,100,540,1400,1500,1500,9758,0,12,27.41272093695114,3.806699998676777,1533.3110999781638,4780.366775978684
1791149289,250,,Aggregated,124.300000,0.000000,12,14,16,19,33,48,94,540,1400,1500,1500,9887,0,12,27.210041539627397,3.806699998676777,1533.3110999781638,4784.963285121878
1791149290,250,,Aggregated,122.600000,0.000000,12,14,17,19,33,48,91,520,1400,1500,1500,10008,0,12,27.16816782604575,3.806699998676777,1533.3110999781638,4785.046662669864
1791149291,250,,Aggregated,122.900000,0.000000,12,14,17,19,33,48,89,520,1400,1500,1500,10133,0,12,27.088731530981907,3.806699998676777,1533.3110999781638,4784.525609395046
1791149292,250,,Aggregated,125.000000,0.000000,12,14,17,20,34,49,89,520,1400,1500,1500,10265,0,12,27.091590833262288,3.806699998676777,1533.3110999781638,4782.569313200195
1791149293,250,,Aggregated,123.800000,0.000000,12,14,17,20,35,49,88,510,1400,1500,1500,10396,0,12,27.1007433439403,3.806699998676777,1533.3110999781638,4780.603886110042
1791149294,250,,Aggregated,122.800000,0.000000,12,14,17,21,35,50,88,500,1400,1500,1500,10519,0,12,27.14295339907759,3.6962999729439616,1533.3110999781638,4779.257153721836
1791149295,250,,Aggregated,124.400000,0.000000,12,14,18,21,36,50,87,500,1400,1500,1500,10645,0,12,27.166781127756874,3.6962999729439616,1533.3110999781638,4781.866134335369
1791149296,250,,Aggregated,124.900000,0.000000,12,15,18,21,36,50,86,500,1400,1500,1500,10757,0,12,27.109027257157294,3.6962999729439616,1533.3110999781638,4781.757739146602
1791149297,250,,Aggregated,126.300000,0.000000,12,14,18,21,36,50,86,490,1400,1500,1500,10896,0,12,26.893743080505487,3.6962999729439616,1533.3110999781638,4780.158865638767
1791149298,250,,Aggregated,125.600000,0.000000,12,14,17,21,36,50,85,490,1400,1500,1500,11023,0,12,26.703945187780224,3.6962999729439616,1533.3110999781638,4781.671686473736
1791149299,250,,Aggregated,123.600000,0.000000,12,14,17,21,35,50,84,480,1400,1500,1500,11138,0,12,26.54752738420626,3.6962999729439616,1533.3110999781638,4783.07873945053
1791149300,250,,Aggregated,126.200000,0.000000,12,14,17,21,35,49,83,480,1400,1500,1500,11272,0,12,26.391813183562995,3.6962999729439616,1533.3110999781638,4782.616749467707
1791149301,250,,Aggregated,126.300000,0.000000,12,14,17,20,35,49,82,470,1400,1500,1500,11391,0,12,26.248933597106134,3.6962999729439616,1533.3110999781638,4784.1171977877275
1791149302,250,,Aggregated,124.400000,0.000000,12,14,17,20,35,49,81,450,1400,1500,1500,11521,0,12,26.089838043952785,3.6962999729439616,1533.3110999781638,4783.766079333392
1791149303,250,,Aggregated,126.200000,0.000000,12,14,17,20,35,49,80,450,1400,1500,1500,11636,0,12,25.938005973201168,3.6962999729439616,1533.3110999781638,4783.707201787556
1791149304,250,,Aggregated,125.100000,0.000000,12,14,17,20,34,49,80,450,1400,1500,1500,11769,0,12,25.791188053774807,3.6962999729439616,1533.3110999781638,4780.33571246495
1791149305,250,,Aggregated,125.400000,0.000000,12,14,17,20,34,48,78,440,1400,1500,1500,11898,0,12,25.633097781567567,3.6962999729439616,1533.3110999781638,4781.109262060851
1791149306,250,,Aggregated,123.300000,0.000000,12,14,17,20,35,48,78,440,1300,1500,1500,12023,0,12,25.643390169219476,3.6962999729439616,1533.3110999781638,4783.173667137986
1791149307,250,,Aggregated,124.300000,0.000000,12,14,17,21,35,49,77,430,1300,1500,1500,12144,0,12,25.62978687452937,3.6962999729439616,1533.3110999781638,4784.05303030303
1791149308,250,,Aggregated,124.800000,0.000000,12,14,17,21,36,49,77,410,1300,1500,1500,12274,0,12,25.631381620017727,3.6962999729439616,1533.3110999781638,4785.78409646407
1791149309,250,,Aggregated,124.600000,0.000000,12,14,18,21,36,49,77,410,1300,1500,1500,12393,0,12,25.638255289578634,3.6962999729439616,1533.3110999781638,4785.087549423061
1791149310,250,,Aggregated,124.300000,0.000000,12,15,18,21,36,49,76,400,1300,1500,1500,12518,0,12,25.683350966913952,3.6962999729439616,1533.3110999781638,4783.6878095542415
1791149311,250,,Aggregated,123.200000,0.000000,12,15,18,21,37,49,76,400,1300,1500,1500,12656,0,12,25.668341861807082,3.6962999729439616,1533.3110999781638,4783.65747471555
1791149313,250,,Aggregated,123.500000,0.000000,12,15,18,21,37,49,76,390,1300,1500,1500,12782,0,12,25.539841981198634,3.6962999729439616,1533.3110999781638,4780.908465028947
1791149314,250,,Aggregated,125.000000,0.000000,12,15,18,21,36,49,76,390,1300,1500,1500,12899,0,12,25.411887193095488,3.6962999729439616,1533.3110999781638,4780.6752461431115
1791149315,250,,Aggregated,124.000000,0.000000,12,15,18,21,36,49,76,380,1300,1500,1500,13027,0,12,25.27964596633269,3.6962999729439616,1533.3110999781638,4780.472173178782
1791149316,250,,Aggregated,125.100000,0.000000,12,14,18,21,36,49,75,370,1300,1500,1500,13145,0,12,25.147539749263316,3.6962999729439616,1533.3110999781638,4781.496918980601
1791149317,250,,Aggregated,123.500000,0.000000,12,14,17,21,36,49,74,360,1300,1500,1500,13276,0,12,25.006791149691107,3.6962999729439616,1533.3110999781638,4782.621497438988
1791149318,250,,Aggregated,123.100000,0.000000,12,14,17,21,36,49,73,360,1300,1500,1500,13393,0,12,24.891670059208206,3.6962999729439616,1533.3110999781638,4781.794370193385
1791149319,250,,Aggregated,123.900000,0.000000,12,14,17,21,35,48,72,340,1300,1500,1500,13525,0,12,24.759409042701897,3.6962999729439616,1533.3110999781638,4780.8
1791149320,250,,Aggregated,122.500000,0.000000,12,14,17,21,35,48,72,330,1300,1500,1500,13650,0,12,24.678146703537184,3.6962999729439616,1533.3110999781638,4779.265714285714
1791149321,250,,Aggregated,123.200000,0.000000,12,14,17,20,35,48,71,330,1300,1500,1500,13772,0,12,24.55497777397066,3.6962999729439616,1533.3110999781638,4779.670345628812
1791149322,250,,Aggregated,123.500000,0.000000,12,14,17,21,35,48,71,300,1300,1500,1500,13905,0,12,24.57038699763136,3.6962999729439616,1533.3110999781638,4781.577921610931
1791149323,250,,Aggregated,123.300000,0.000000,12,14,18,21,36,49,71,300,1300,1500,1500,14012,0,12,24.608684777468415,3.6962999729439616,1533.3110999781638,4783.16021981159
1791149324,250,,Aggregated,123.600000,0.000000,12,15,18,21,36,49,71,290,1300,1500,1500,14151,0,12,24.642383817543966,3.6962999729439616,1533.3110999781638,4784.789131510141
1791149325,250,,Aggregated,122.700000,0.000000,12,15,18,21,37,49,72,280,1300,1500,1500,14272,0,12,24.7287882498537,3.6962999729439616,1533.3110999781638,4784.2343049327355
1791149326,250,,Aggregated,123.500000,0.000000,12,15,18,22,37,50,76,270,1300,1500,1500,14410,0,12,24.82823032633247,3.6962999729439616,1533.3110999781638,4784.4049271339345
1791149327,250,,Aggregated,123.400000,0.000000,12,15,18,22,37,50,76,260,1300,1500,1500,14539,0,12,24.84078446259306,3.6962999729439616,1533.3110999781638,4784.847788706238
1791149328,250,,Aggregated,123.900000,0.000000,12,15,18,22,37,50,76,260,1300,1500,1500,14642,0,12,24.748913181375197,3.6962999729439616,1533.3110999781638,4787.59964485726
1791149329,250,,Aggregated,123.800000,0.000000,12,15,18,21,37,50,75,250,1300,1500,1500,14763,0,12,24.639172573514713,3.6962999729439616,1533.3110999781638,4786.454582401951
1791149330,250,,Aggregated,123.800000,0.000000,12,15,18,22,37,50,77,240,1300,1500,1500,14896,0,12,24.687400282133098,3.6962999729439616,1533.3110999781638,4786.795381310419
1791149331,250,,Aggregated,122.700000,0.000000,12,15,18,22,37,50,76,240,1300,1500,1500,15018,0,12,24.583456818587887,3.6962999729439616,1533.3110999781638,4784.791450259689
1791149332,250,,Aggregated,123.100000,0.000000,12,15,18,21,37,50,76,240,1300,1500,1500,15152,0,12,24.486948356770938,3.6962999729439616,1533.3110999781638,4784.103220696938
1791149333,250,,Aggregated,122.600000,0.000000,12,15,18,22,37,50,76,230,1300,1500,1500,15274,0,12,24.517000327498042,3.6962999729439616,1533.3110999781638,4785.111824014665
1791149334,250,,Aggregated,123.100000,0.000000,12,15,18,22,37,50,76,230,1300,1500,1500,15393,0,12,24.550020197670325,3.6962999729439616,1533.3110999781638,4785.002208796206
1791149335,250,,Aggregated,124.100000,0.000000,12,15,18,22,38,51,78,240,1300,1500,1500,15487,0,12,24.88435728693233,3.6962999729439616,1533.3110999781638,4784.803964615484
1791149336,250,,Aggregated,123.500000,0.000000,12,15,19,23,39,52,87,410,1300,1500,1500,15630,0,12,26.55030156127329,3.6962999729439616,1533.3110999781638,4786.975623800384
1791149337,250,,Aggregated,121.000000,0.000000,12,15,19,23,39,52,88,410,1300,1500,1500,15746,0,12,26.652169141516637,3.6962999729439616,1533.3110999781638,4787.383462466658
1791149338,250,,Aggregated,122.500000,0.000000,12,15,19,23,39,53,100,490,1300,1500,1500,15884,0,12,27.767794006698193,3.6962999729439616,1533.3110999781638,4787.796084109796
1791149339,250,,Aggregated,121.200000,0.000000,12,15,19,23,39,53,100,490,1300,1500,1500,16001,0,12,27.748939491501154,3.6962999729439616,1533.3110999781638,4786.325854634086
1791149340,250,,Aggregated,123.700000,0.000000,12,15,19,24,39,53,100,490,1300,1500,1500,16141,0,12,27.711368818762118,3.6962999729439616,1533.3110999781638,4787.343287280838
1791149341,250,,Aggregated,122.900000,0.000000,12,15,20,24,40,53,100,480,1300,1500,1500,16248,0,12,27.7402883003045,3.6962999729439616,1533.3110999781638,4788.636201378631
1791149342,250,,Aggregated,123.600000,0.000000,12,15,20,24,40,54,110,480,1300,1500,1500,16392,0,12,27.955107394040958,3.6962999729439616,1533.3110999781638,4787.9597974621765
1791149343,250,,Aggregated,122.700000,0.000000,12,16,20,24,40,54,110,480,1300,1500,1500,16494,0,12,27.985670528876522,3.6962999729439616,1533.3110999781638,4786.4192433612225
1791149344,250,,Aggregated,122.200000,0.000000,12,16,20,24,40,54,110,460,1300,1500,1500,16633,0,12,27.870247243643885,3.6962999729439616,1533.3110999781638,4788.478205976072
1791149345,250,,Aggregated,121.300000,0.000000,12,15,20,24,40,54,110,450,1300,1500,1500,16757,0,12,27.75448952098629,3.6962999729439616,1533.3110999781638,4788.803067374828
1791149346,250,,Aggregated,121.100000,0.000000,12,15,20,24,40,54,100,450,1300,1500,1500,16882,0,12,27.63372265153067,3.6962999729439616,1533.3110999781638,4791.515282549461
1791149347,250,,Aggregated,125.200000,0.000000,12,15,20,24,40,54,100,450,1300,1500,1500,17006,0,12,27.52601714119338,3.6962999729439616,1533.3110999781638,4791.766258967424
1791149348,250,,Aggregated,122.400000,0.000000,12,15,20,24,40,54,110,440,1300,1500,1500,17126,0,12,27.585278518190858,3.6962999729439616,1533.3110999781638,4793.345556463856
1791149349,250,,Aggregated,124.100000,0.000000,12,15,19,24,40,54,110,440,1300,1500,1500,17259,0,12,27.456233316101457,3.6962999729439616,1533.3110999781638,4794.292658902602
1791149350,250,,Aggregated,121.700000,0.000000,12,15,19,23,40,54,110,440,1300,1500,1500,17380,0,12,27.354846450098833,3.6962999729439616,1533.3110999781638,4794.925719217491
1791149351,250,,Aggregated,123.300000,0.000000,12,15,19,23,39,53,100,430,1300,1500,1500,17510,0,12,27.258115505620406,3.6962999729439616,1533.3110999781638,4795.231125071387
1791149352,250,,Aggregated,122.000000,0.000000,12,15,19,23,39,53,100,430,1300,1500,1500,17644,0,12,27.142007232118093,3.6962999729439616,1533.3110999781638,4795.040410337792
1791149353,250,,Aggregated,123.000000,0.000000,12,15,19,23,39,53,100,430,1300,1500,1500,17762,0,12,27.034557825961897,3.6962999729439616,1533.3110999781638,4797.042281274631
1791149354,250,,Aggregated,122.900000,0.000000,12,15,19,23,39,53,100,410,1300,1500,1500,17892,0,12,26.91609562959617,3.6962999729439616,1533.3110999781638,4797.201207243461
1791149355,250,,Aggregated,123.700000,0.000000,12,15,19,23,39,53,98,410,1200,1500,1500,18012,0,12,26.810425300095886,3.6962999729439616,1533.3110999781638,4797.258327781479
1791149356,250,,Aggregated,124.700000,0.000000,12,15,19,23,39,52,96,410,1200,1500,1500,18141,0,12,26.704059638723987,3.6962999729439616,1533.3110999781638,4798.394245080205
1791149357,250,,Aggregated,122.000000,0.000000,12,15,19,23,38,52,94,410,1200,1500,1500,18257,0,12,26.60723290824949,3.6962999729439616,1533.3110999781638,4797.665772032645
1791149358,250,,Aggregated,124.200000,0.000000,12,15,19,23,38,52,93,400,1200,1500,1500,18386,0,12,26.505857908533578,3.6962999729439616,1533.3110999781638,4796.189165669532
1791149359,250,,Aggregated,123.000000,0.000000,12,15,19,22,38,52,92,400,1200,1500,1500,18509,0,12,26.405634799656887,3.6962999729439616,1533.3110999781638,4796.517640066994
1791149360,250,,Aggregated,123.200000,0.000000,12,15,19,22,38,52,92,400,1200,1500,1500,18631,0,12,26.309907772338807,3.6962999729439616,1533.3110999781638,4798.9668831517365
1791149361,250,,Aggregated,123.600000,0.000000,12,15,18,22,38,52,91,400,1200,1500,1500,18761,0,12,26.20217104137222,3.6962999729439616,1533.3110999781638,4799.453920366718
1791149362,250,,Aggregated,122.500000,0.000000,12,15,18,22,38,52,90,400,1200,1500,1500,18887,0,12,26.150639641371907,3.6962999729439616,1533.3110999781638,4799.542224810716
1791149363,250,,Aggregated,124.700000,0.000000,12,15,18,22,38,52,89,390,1200,1500,1500,19015,0,12,26.11639209080888,3.6962999729439616,1533.3110999781638,4799.592532211412
1791149364,250,,Aggregated,122.400000,0.000000,12,15,18,22,38,52,89,390,1200,1500,1500,19128,0,12,26.051912374904713,3.6962999729439616,1533.3110999781638,4799.967011710582
1791149365,250,,Aggregated,124.100000,0.000000,12,15,19,22,38,52,89,380,1200,1500,1500,19253,0,12,26.03347109579453,3.6962999729439616,1533.3110999781638,4800.133589570457
1791149366,250,,Aggregated,123.000000,0.000000,12,15,19,22,38,52,89,380,1200,1500,1500,19374,0,12,25.97606079838699,3.6962999729439616,1533.3110999781638,4799.361773510891
1791149367,250,,Aggregated,123.900000,0.000000,12,15,19,22,38,52,88,380,1200,1500,1500,19502,0,12,25.895168516446944,3.6962999729439616,1533.3110999781638,4799.3111988514
1791149368,250,,Aggregated,123.400000,0.000000,12,15,18,22,37,51,87,370,1200,1500,1500,19634,0,12,25.791633982268557,3.6962999729439616,1533.3110999781638,4798.7995823571355
1791149369,250,,Aggregated,123.400000,0.000000,12,15,18,22,37,51,87,370,1200,1500,1500,19750,0,12,25.707161696610054,3.6962999729439616,1533.3110999781638,4800.365164556962
1791149370,250,,Aggregated,124.000000,0.000000,12,15,18,22,37,51,87,360,1200,1500,1500,19884,0,12,25.606680150322536,3.6962999729439616,1533.3110999781638,4798.941661637497
1791149371,250,,Aggregated,125.200000,0.000000,12,15,18,22,37,51,86,360,1200,1500,1500,20005,0,12,25.53245684625923,3.6962999729439616,1533.3110999781638,4798.891127218196
1791149372,250,,Aggregated,125.000000,0.000000,12,15,18,22,37,52,91,390,1200,1500,1500,20137,0,12,26.007591290127948,3.6962999729439616,1533.3110999781638,4801.385658241049
1791149373,250,,Aggregated,123.900000,0.000000,12,15,18,22,37,51,90,390,1200,1500,1500,20267,0,12,25.914198530065153,3.6962999729439616,1533.3110999781638,4802.192924458479
1791149374,250,,Aggregated,124.500000,0.000000,12,15,18,22,37,51,89,390,1200,1500,1500,20391,0,12,25.845299299110206,3.6962999729439616,1533.3110999781638,4801.574076798588
1791149375,250,,Aggregated,124.000000,0.000000,12,15,18,22,37,51,89,380,1200,1500,1500,20515,0,12,25.86575142131624,3.6962999729439616,1533.3110999781638,4800.519083597368
1791149376,250,,Aggregated,124.400000,0.000000,12,15,18,22,38,52,90,380,1200,1500,1500,20640,0,12,25.890326831824158,3.6962999729439616,1533.3110999781638,4801.073546511628
1791149377,250,,Aggregated,125.200000,0.000000,12,15,18,22,38,52,92,380,1200,1500,1500,20758,0,12,25.95762048414862,3.6962999729439616,1533.3110999781638,4800.981404759611
1791149378,250,,Aggregated,124.400000,0.000000,12,15,19,22,38,52,93,370,1200,1500,1500,20886,0,12,25.989362310140507,3.6962999729439616,1533.3110999781638,4798.9599731877815
1791149379,250,,Aggregated,126.000000,0.000000,12,15,19,23,38,52,92,360,1200,1500,1500,21011,0,12,25.982461720522632,3.6962999729439616,1533.3110999781638,4796.304887915853
1791149380,250,,Aggregated,125.000000,0.000000,12,15,19,23,39,52,91,360,1200,1500,1500,21143,0,12,25.998121066544794,3.6962999729439616,1533.3110999781638,4796.68093458828
1791149381,250,,Aggregated,123.000000,0.000000,12,15,19,23,39,52,90,360,1200,1500,1500,21270,0,12,25.93189961022225,3.6962999729439616,1533.3110999781638,4797.309073812882
1791149382,250,,Aggregated,124.100000,0.000000,12,15,19,23,38,52,90,360,1200,1500,1500,21391,0,12,25.846821649750993,3.6962999729439616,1533.3110999781638,4797.035482212145
1791149383,250,,Aggregated,124.200000,0.000000,12,15,19,23,38,52,89,350,1200,1500,1500,21517,0,12,25.78431695447719,3.6962999729439616,1533.3110999781638,4795.71878049914
1791149384,250,,Aggregated,124.900000,0.000000,12,15,19,23,38,52,89,350,1200,1500,1500,21641,0,12,25.713178915485315,3.6962999729439616,1533.3110999781638,4797.108359133127
1791149385,250,,Aggregated,124.200000,0.000000,12,15,19,22,38,52,89,340,1200,1500,1500,21769,0,12,25.623439405141653,3.6962999729439616,1533.3110999781638,4797.142220588911
1791149386,250,,Aggregated,124.600000,0.000000,12,15,19,22,38,52,89,340,1200,1500,1500,21887,0,12,25.599951163308884,3.6962999729439616,1533.3110999781638,4798.913144789144
1791149387,250,,Aggregated,125.000000,0.000000,12,15,19,23,39,52,95,360,1200,1500,1500,22024,0,12,25.863977120918392,3.6962999729439616,1533.3110999781638,4798.244687613513
1791149388,250,,Aggregated,124.400000,0.000000,12,15,19,23,38,52,94,360,1200,1500,1500,22144,0,12,25.790793393763636,3.6962999729439616,1533.3110999781638,4799.220104768786
1791149389,250,,Aggregated,123.300000,0.000000,12,15,19,23,38,52,93,350,1200,1500,1500,22270,0,12,25.714680341795443,3.6962999729439616,1533.3110999781638,4798.76623259991
1791149390,250,,Aggregated,124.900000,0.000000,12,15,19,23,38,52,92,350,1200,1500,1500,22390,0,12,25.701539317209793,3.6962999729439616,1533.3110999781638,4798.625770433229
1791149391,250,,Aggregated,124.700000,0.000000,12,15,19,23,38,52,92,340,1200,1500,1500,22514,0,12,25.687017349750988,3.6962999729439616,1533.3110999781638,4798.969574486986
1791149392,250,,Aggregated,124.800000,0.000000,12,15,19,23,39,52,92,340,1200,1500,1500,22640,0,12,25.687513644526287,3.6962999729439616,1533.3110999781638,4799.861969964664
1791149393,250,,Aggregated,123.500000,0.000000,12,15,19,23,39,52,91,330,1200,1500,1500,22774,0,12,25.65651719558878,3.6962999729439616,1533.3110999781638,4799.211030122069
1791149394,250,,Aggregated,123.800000,0.000000,12,15,19,23,39,52,91,320,1200,1500,1500,22903,0,12,25.611354181204995,3.6962999729439616,1533.3110999781638,4799.836702615378
1791149395,250,,Aggregated,122.600000,0.000000,12,15,19,23,38,52,90,320,1200,1500,1500,23025,0,12,25.55588148588903,3.6962999729439616,1533.3110999781638,4798.993311617806
1791149396,250,,Aggregated,123.900000,0.000000,12,15,19,23,38,52,89,320,1200,1500,1500,23150,0,12,25.47922450591474,3.6962999729439616,1533.3110999781638,4799.221857451404
1791149397,250,,Aggregated,123.100000,0.000000,12,15,19,23,38,52,89,320,1200,1500,1500,23273,0,12,25.39822051786268,3.6962999729439616,1533.3110999781638,4798.314570532377
1791149398,250,,Aggregated,124.200000,0.000000,12,15,19,23,38,52,89,320,1200,1500,1500,23392,0,12,25.32548636763339,3.6962999729439616,1533.3110999781638,4798.5355677154585
1791149399,250,,Aggregated,124.100000,0.000000,12,15,19,22,38,52,88,310,1200,1500,1500,23526,0,12,25.239061472914624,3.6962999729439616,1533.3110999781638,4798.541486015472
1791149400,250,,Aggregated,123.700000,0.000000,12,15,19,22,38,52,88,310,1200,1500,1500,23633,0,12,25.172173143991465,3.6962999729439616,1533.3110999781638,4799.271907925358
1791149401,250,,Aggregated,123.700000,0.000000,12,15,18,22,38,52,87,300,1200,1500,1500,23769,0,12,25.109966953270423,3.6962999729439616,1533.3110999781638,4799.766628802221
1791149403,250,,Aggregated,123.600000,0.000000,12,15,19,22,38,52,87,300,1200,1500,1500,23895,0,12,25.088773032543752,3.6962999729439616,1533.3110999781638,4797.346390458255
1791149404,250,,Aggregated,123.900000,0.000000,12,15,19,22,38,51,87,300,1200,1500,1500,24016,0,12,25.036175287816153,3.6962999729439616,1533.3110999781638,4796.1375333111255
1791149405,250,,Aggregated,124.100000,0.000000,12,15,18,22,38,51,87,290,1200,1500,1500,24140,0,12,24.966110468590546,3.6962999729439616,1533.3110999781638,4796.956628003314
1791149406,250,,Aggregated,122.700000,0.000000,12,15,18,22,38,51,86,280,1200,1500,1500,24266,0,12,24.902672220901458,3.6962999729439616,1533.3110999781638,4796.122475892194
1791149407,250,,Aggregated,122.500000,0.000000,12,15,18,22,37,51,86,280,1200,1500,1500,24393,0,12,24.83951856731213,3.6962999729439616,1533.3110999781638,4796.432624113475
1791149408,250,,Aggregated,122.600000,0.000000,12,15,18,22,37,51,86,270,1200,1500,1500,24517,0,12,24.765738251538473,3.6962999729439616,1533.3110999781638,4796.121099645145
1791149409,250,,Aggregated,123.300000,0.000000,12,15,18,22,37,51,85,270,1200,1500,1500,24638,0,12,24.694618415132442,3.6962999729439616,1533.3110999781638,4797.7707200259765
1791149410,250,,Aggregated,122.800000,0.000000,12,15,18,22,37,51,85,270,1200,1500,1500,24754,0,12,24.6428885599055,3.6962999729439616,1533.3110999781638,4796.764482507878
1791149411,250,,Aggregated,123.200000,0.000000,12,15,18,22,37,51,85,270,1200,1500,1500,24880,0,12,24.574835876700465,3.6962999729439616,1533.3110999781638,4795.756551446945
1791149412,250,,Aggregated,122.600000,0.000000,12,15,18,22,37,51,84,260,1200,1500,1500,25008,0,12,24.55248923993607,3.6962999729439616,1533.3110999781638,4796.5710972488805
1791149413,250,,Aggregated,123.300000,0.000000,12,15,18,22,37,51,84,260,1200,1500,1500,25144,0,12,24.55841354250475,3.6962999729439616,1533.3110999781638,4795.302497613745
1791149414,250,,Aggregated,122.700000,0.000000,12,15,18,22,37,51,84,250,1200,1500,1500,25257,0,12,24.513616843369977,3.6962999729439616,1533.3110999781638,4795.15441263808
1791149415,250,,Aggregated,124.300000,0.000000,12,15,18,22,37,51,84,250,1200,1500,1500,25388,0,12,24.49115109554269,3.6962999729439616,1533.3110999781638,4794.3723018749015
1791149416,250,,Aggregated,124.000000,0.000000,12,15,18,22,37,51,83,250,1200,1500,1500,25502,0,12,24.515004925659603,3.6962999729439616,1533.3110999781638,4794.517841737903
1791149417,250,,Aggregated,123.400000,0.000000,12,15,18,22,37,51,83,250,1200,1500,1500,25641,0,12,24.492788990834544,3.6962999729439616,1533.3110999781638,4793.059085059085
1791149418,250,,Aggregated,123.400000,0.000000,12,15,19,22,38,51,83,240,1200,1500,1500,25763,0,12,24.523950957342365,3.6962999729439616,1533.3110999781638,4793.913402942204
1791149419,250,,Aggregated,123.500000,0.000000,12,15,19,23,38,51,83,240,1200,1500,1500,25885,0,12,24.54790493390838,3.6962999729439616,1533.3110999781638,4792.935986092331
1791149420,250,,Aggregated,123.500000,0.000000,12,15,19,23,38,51,83,240,1200,1500,1500,26009,0,12,24.56620943574039,3.6962999729439616,1533.3110999781638,4792.924026298589
1791149421,250,,Aggregated,124.300000,0.000000,12,15,19,23,38,51,83,240,1200,1500,1500,26125,0,12,24.55262592974961,3.6962999729439616,1533.3110999781638,4793.560267942584
1791149422,250,,Aggregated,123.700000,0.000000,12,15,19,23,38,51,82,240,1200,1500,1500,26255,0,12,24.51632457490091,3.6962999729439616,1533.3110999781638,4794.276442582365
1791149423,250,,Aggregated,123.400000,0.000000,12,15,19,23,38,51,82,240,1200,1500,1500,26373,0,12,24.466235718879986,3.6962999729439616,1533.3110999781638,4794.17036362947
1791149424,250,,Aggregated,124.400000,0.000000,12,15,19,23,38,51,82,240,1200,1500,1500,26492,0,12,24.409223154642845,3.6962999729439616,1533.3110999781638,4795.170353314208
1791149425,250,,Aggregated,122.500000,0.000000,12,15,19,23,38,51,81,240,1200,1500,1500,26618,0,12,24.357048076970337,3.6962999729439616,1533.3110999781638,4795.914118265835
1791149426,250,,Aggregated,122.200000,0.000000,12,15,19,23,38,51,81,230,1200,1500,1500,26739,0,12,24.298848181031193,3.6962999729439616,1533.3110999781638,4796.104603762295
1791149427,250,,Aggregated,122.400000,0.000000,12,15,19,22,38,50,81,230,1200,1500,1500,26862,0,12,24.237459791294384,3.6962999729439616,1533.3110999781638,4796.543258134167
1791149428,250,,Aggregated,122.800000,0.000000,12,15,19,22,37,50,80,230,1200,1500,1500,26991,0,12,24.17366921989673,3.6962999729439616,1533.3110999781638,4797.541254492238
1791149429,250,,Aggregated,121.400000,0.000000,12,15,19,22,37,50,80,230,1200,1500,1500,27113,0,12,24.110394250537983,3.6962999729439616,1533.3110999781638,4797.550326411684
1791149430,250,,Aggregated,122.400000,0.000000,12,15,19,22,37,50,80,230,1200,1500,1500,27256,0,12,24.063160365222327,3.6962999729439616,1533.3110999781638,4796.916312004696
1791149431,250,,Aggregated,120.900000,0.000000,12,15,19,22,37,50,80,230,1200,1500,1500,27386,0,12,24.025337483181715,3.6962999729439616,1533.3110999781638,4797.952786095085
1791149432,250,,Aggregated,123.400000,0.000000,12,15,19,22,37,50,80,220,1200,1500,1500,27510,0,12,23.985146518175632,3.6962999729439616,1533.3110999781638,4798.6490003635045
1791149433,250,,Aggregated,123.200000,0.000000,12,15,18,22,37,50,79,220,1200,1500,1500,27635,0,12,23.925732850187774,3.6962999729439616,1533.3110999781638,4797.622978107473
1791149434,250,,Aggregated,123.400000,0.000000,12,15,18,22,37,50,78,220,1200,1500,1500,27763,0,12,23.88517999547764,3.6962999729439616,1533.3110999781638,4797.149299427296
1791149435,250,,Aggregated,124.800000,0.000000,12,15,18,22,37,50,78,220,1200,1500,1500,27889,0,12,23.850047381188475,3.6962999729439616,1533.3110999781638,4797.548065545556
1791149436,250,,Aggregated,124.700000,0.000000,12,15,18,22,37,50,78,220,1200,1500,1500,28014,0,12,23.790800657329015,3.6962999729439616,1533.3110999781638,4797.475476547441
1791149437,250,,Aggregated,124.500000,0.000000,12,15,18,22,37,50,78,210,1200,1500,1500,28144,0,12,23.736832248968554,3.6962999729439616,1533.3110999781638,4795.432809835133
1791149438,250,,Aggregated,123.400000,0.000000,12,15,18,22,37,50,78,210,1200,1500,1500,28271,0,12,23.68941555356539,3.6962999729439616,1533.3110999781638,4794.621166566446
1791149439,250,,Aggregated,125.000000,0.000000,12,15,18,22,36,50,78,210,1200,1500,1500,28390,0,12,23.634276925480368,3.6962999729439616,1533.3110999781638,4794.781859809792
1791149440,250,,Aggregated,125.100000,0.000000,12,15,18,22,36,50,78,210,1200,1500,1500,28520,0,12,23.57404192549658,3.6962999729439616,1533.3110999781638,4795.471493688639
1791149441,250,,Aggregated,125.700000,0.000000,12,15,18,22,36,50,77,210,1200,1500,1500,28652,0,12,23.569263905299564,3.6962999729439616,1533.3110999781638,4795.18386151054
1791149442,250,,Aggregated,124.200000,0.000000,12,15,18,22,37,50,77,210,1200,1500,1500,28764,0,12,23.579641030942533,3.6962999729439616,1533.3110999781638,4795.59887359199
1791149443,250,,Aggregated,124.800000,0.000000,12,15,19,22,37,50,77,210,1200,1500,1500,28900,0,12,23.61192286899152,3.6962999729439616,1533.3110999781638,4795.733356401384
1791149444,250,,Aggregated,124.100000,0.000000,12,15,19,22,37,50,77,210,1200,1500,1500,29020,0,12,23.60086832230421,3.6962999729439616,1533.3110999781638,4794.2861130255
1791149445,250,,Aggregated,123.200000,0.000000,12,15,19,22,37,50,77,210,1200,1500,1500,29137,0,12,23.578410804578933,3.6962999729439616,1533.3110999781638,4794.341867728318
1791149446,250,,Aggregated,125.100000,0.000000,12,15,19,22,37,50,78,210,1200,1500,1500,29266,0,12,23.706389097010934,3.6962999729439616,1533.3110999781638,4794.532392537415
1791149447,250,,Aggregated,123.900000,0.000000,12,15,19,23,37,50,78,210,1200,1500,1500,29380,0,12,23.69688695753589,3.6962999729439616,1533.3110999781638,4794.710108917631
1791149448,250,,Aggregated,123.100000,0.000000,12,15,19,23,37,50,78,210,1200,1500,1500,29515,0,12,23.717436795259392,3.6962999729439616,1533.3110999781638,4794.906149415551
1791149449,250,,Aggregated,123.100000,0.000000,12,15,19,23,37,50,78,210,1200,1500,1500,29648,0,12,23.720989665846453,3.6962999729439616,1533.3110999781638,4794.090259039395
1791149450,250,,Aggregated,122.200000,0.000000,12,15,19,23,37,50,78,210,1200,1500,1500,29763,0,12,23.70083264163195,3.6962999729439616,1533.3110999781638,4794.842220206297
1791149451,250,,Aggregated,122.500000,0.000000,12,15,19,23,37,50,78,200,1200,1500,1500,29887,0,12,23.678342754792347,3.6962999729439616,1533.3110999781638,4794.694047579215
1791149452,250,,Aggregated,122.100000,0.000000,12,15,19,23,37,50,78,200,1200,1500,1500,30008,0,12,23.679632568404383,3.6962999729439616,1533.3110999781638,4793.7951213009865
1791149453,250,,Aggregated,123.500000,0.000000,12,15,19,23,37,50,78,200,1200,1500,1500,30137,0,12,23.66846262444473,3.6962999729439616,1533.3110999781638,4794.10857085974
1791149454,250,,Aggregated,122.400000,0.000000,12,15,19,23,37,50,78,200,1200,1500,1500,30257,0,12,23.668941789103457,3.6962999729439616,1533.3110999781638,4795.7756882704825
1791149455,250,,Aggregated,122.800000,0.000000,12,15,19,23,37,50,78,190,1200,1500,1500,30382,0,12,23.67049536279335,3.6962999729439616,1533.3110999781638,4795.1302745046405
1791149456,250,,Aggregated,120.900000,0.000000,12,15,19,23,37,50,78,190,1200,1500,1500,30498,0,12,23.67075968955503,3.6962999729439616,1533.3110999781638,4795.740507574267
1791149457,250,,Aggregated,123.400000,0.000000,12,15,19,23,37,50,77,190,1200,1500,1500,30620,0,12,23.668484748947172,3.6962999729439616,1533.3110999781638,4795.340561724363
1791149458,250,,Aggregated,123.400000,0.000000,12,16,19,23,38,50,77,190,1200,1500,1500,30756,0,12,23.675085235811807,3.6962999729439616,1533.3110999781638,4795.917251918325
1791149459,250,,Aggregated,123.300000,0.000000,12,16,19,23,38,51,78,190,1200,1500,1500,30869,0,12,23.73857186538151,3.6962999729439616,1533.3110999781638,4796.339531568888
1791149460,250,,Aggregated,122.900000,0.000000,12,16,20,23,38,51,81,210,1200,1500,1500,30940,0,12,23.98160015231431,3.6962999729439616,1533.3110999781638,4795.571234647705
1791149461,250,,Aggregated,123.400000,0.000000,12,16,20,24,39,52,91,320,1300,1600,1700,31036,0,12,26.048201479340378,3.6962999729439616,1718.453000066802,4794.655851269494
1791149462,250,,Aggregated,121.200000,0.000000,12,16,20,24,39,53,120,460,1400,1600,1700,31197,0,12,28.464625131026843,3.6962999729439616,1718.453000066802,4795.106228162965
1791149463,250,,Aggregated,113.200000,0.000000,12,16,20,24,39,54,110,450,1400,1600,1700,31306,0,12,28.45933257244364,3.6962999729439616,1718.453000066802,4794.770906535488
1791149464,250,,Aggregated,118.000000,0.000000,12,16,20,24,40,54,120,450,1400,1600,1700,31433,0,12,28.49692712792515,3.6962999729439616,1718.453000066802,4795.901791111252
1791149465,250,,Aggregated,116.000000,0.000000,12,16,20,24,40,54,120,450,1400,1600,1700,31556,0,12,28.528529791851028,3.6962999729439616,1718.453000066802,4796.443845861326
1791149466,250,,Aggregated,116.500000,0.000000,12,16,20,24,40,54,120,450,1400,1600,1700,31678,0,12,28.537997396040765,3.6962999729439616,1718.453000066802,4795.55925247806
1791149467,250,,Aggregated,115.000000,0.000000,12,16,20,24,40,54,120,450,1400,1600,1700,31795,0,12,28.53378154149428,3.6962999729439616,1718.453000066802,4795.240320805158
1791149468,250,,Aggregated,116.200000,0.000000,12,16,20,24,40,54,120,450,1400,1600,1700,31917,0,12,28.504713876964686,3.6962999729439616,1718.453000066802,4795.862142431933
1791149469,250,,Aggregated,115.700000,0.000000,13,16,20,25,40,54,120,450,1400,1600,1700,32040,0,12,28.483311108337627,3.6962999729439616,1718.453000066802,4796.506054931336
1791149470,250,,Aggregated,114.800000,0.000000,13,16,20,25,40,54,120,440,1400,1600,1700,32154,0,13,28.465395658721,3.6962999729439616,1718.453000066802,4795.911768364745
1791149471,250,,Aggregated,113.500000,0.000000,12,16,20,25,40,54,110,440,1400,1600,1700,32278,0,12,28.41067075747562,3.6962999729439616,1718.453000066802,4795.516915546193
1791149472,250,,Aggregated,117.000000,0.000000,13,16,20,25,40,54,110,440,1400,1600,1700,32414,0,13,28.36812466247566,3.6962999729439616,1718.453000066802,4796.043561424076
1791149473,250,,Aggregated,122.700000,0.000000,13,16,20,25,40,54,110,440,1400,1600,1700,32522,0,13,28.337793263304064,3.6962999729439616,1718.453000066802,4795.768925650329
1791149474,250,,Aggregated,119.200000,0.000000,13,16,20,25,40,54,110,440,1400,1600,1700,32665,0,13,28.329867901722874,3.6962999729439616,1718.453000066802,4796.26811572019
1791149475,250,,Aggregated,121.600000,0.000000,13,16,21,25,40,54,110,430,1400,1600,1700,32778,0,13,28.314800476217663,3.6962999729439616,1718.453000066802,4795.999145768504
1791149476,250,,Aggregated,119.200000,0.000000,13,16,21,25,40,54,110,430,1400,1600,1700,32901,0,13,28.32035781311334,3.6962999729439616,1718.453000066802,4795.900215798912
1791149477,250,,Aggregated,122.700000,0.000000,13,16,21,25,40,54,110,420,1400,1600,1700,33018,0,13,28.354192101569105,3.6962999729439616,1718.453000066802,4796.491610636623
1791149478,250,,Aggregated,121.500000,0.000000,13,16,21,25,40,54,120,440,1400,1600,1700,33145,0,13,28.582703850050407,3.6962999729439616,1718.453000066802,4795.988987780963
1791149479,250,,Aggregated,120.900000,0.000000,13,16,21,25,40,54,120,440,1400,1600,1700,33271,0,13,28.572125445867815,3.6962999729439616,1718.453000066802,4795.385891617324
1791149480,250,,Aggregated,123.000000,0.000000,13,16,21,25,40,54,120,440,1400,1600,1700,33386,0,13,28.524392652891056,3.6962999729439616,1718.453000066802,4794.915144072365
1791149481,250,,Aggregated,122.600000,0.000000,13,16,21,25,40,54,120,440,1400,1600,1700,33513,0,13,28.4581623701282,3.6962999729439616,1718.453000066802,4795.255512786083
1791149482,250,,Aggregated,122.600000,0.000000,13,16,21,25,40,54,120,440,1400,1600,1700,33638,0,13,28.402208511496152,3.6962999729439616,1718.453000066802,4795.6032760568405
1791149483,250,,Aggregated,122.100000,0.000000,13,16,21,25,40,54,120,430,1400,1600,1700,33754,0,13,28.404778977617788,3.6962999729439616,1718.453000066802,4796.527463411744
1791149484,250,,Aggregated,121.400000,0.000000,13,16,21,25,41,54,120,430,1400,1600,1700,33874,0,13,28.4155591754714,3.6962999729439616,1718.453000066802,4796.625701127708
1791149485,250,,Aggregated,121.900000,0.000000,13,16,21,25,41,54,120,420,1400,1600,1700,34011,0,13,28.36992021434969,3.6962999729439616,1718.453000066802,4796.962894357708
1791149486,250,,Aggregated,122.400000,0.000000,13,16,21,25,40,54,120,420,1400,1600,1700,34133,0,13,28.327014083481757,3.6962999729439616,1718.453000066802,4797.152052266136
1791149487,250,,Aggregated,120.400000,0.000000,13,16,21,25,41,55,120,420,1400,1600,1700,34264,0,13,28.388314913948008,3.6962999729439616,1718.453000066802,4797.125437777259
1791149488,250,,Aggregated,121.200000,0.000000,13,16,21,25,41,55,120,420,1400,1600,1700,34389,0,13,28.402410500793305,3.6962999729439616,1718.453000066802,4797.309692052691
1791149489,250,,Aggregated,122.400000,0.000000,13,16,21,25,41,55,120,410,1400,1600,1700,34509,0,13,28.3947888554263,3.6962999729439616,1718.453000066802,4797.204207598018
1791149491,250,,Aggregated,122.700000,0.000000,13,16,21,25,41,55,120,410,1400,1600,1700,34641,0,13,28.37780775702725,3.6962999729439616,1718.453000066802,4797.577263935798
1791149492,250,,Aggregated,121.400000,0.000000,13,16,21,26,41,55,120,410,1400,1600,1700,34788,0,13,28.36872478469777,3.6962999729439616,1718.453000066802,4798.06835690468
1791149493,250,,Aggregated,123.600000,0.000000,13,16,21,26,41,55,120,410,1400,1600,1700,34895,0,13,28.32069335177288,3.6962999729439616,1718.453000066802,4798.356268806419
1791149494,250,,Aggregated,123.600000,0.000000,13,16,21,26,41,55,110,400,1400,1600,1700,35025,0,13,28.28072843712879,3.6962999729439616,1718.453000066802,4798.779386152748
1791149495,250,,Aggregated,123.600000,0.000000,13,16,21,26,41,55,110,400,1400,1600,1700,35142,0,13,28.256613238019945,3.6962999729439616,1718.453000066802,4798.330886119174
1791149496,250,,Aggregated,126.400000,0.000000,13,16,21,26,41,55,110,400,1400,1600,1700,35278,0,13,28.19024391436344,3.6962999729439616,1718.453000066802,4798.152134474743
1791149497,250,,Aggregated,124.600000,0.000000,13,16,21,25,41,54,110,400,1400,1600,1700,35395,0,13,28.130340514509086,3.6962999729439616,1718.453000066802,4798.091679615765
1791149498,250,,Aggregated,126.000000,0.000000,13,16,21,25,41,54,110,400,1400,1600,1700,35527,0,13,28.115226960091967,3.6962999729439616,1718.453000066802,4798.353674669969
1791149499,250,,Aggregated,125.200000,0.000000,13,16,21,26,41,54,110,400,1400,1600,1700,35655,0,13,28.115712447366725,3.6962999729439616,1718.453000066802,4798.647454774927
1791149500,250,,Aggregated,123.600000,0.000000,13,16,21,26,41,55,110,400,1400,1600,1700,35773,0,13,28.122607178874933,3.6962999729439616,1718.453000066802,4798.262879825566
1791149501,250,,Aggregated,125.600000,0.000000,13,16,21,26,41,55,110,390,1400,1600,1700,35905,0,13,28.203206723581214,3.6962999729439616,1718.453000066802,4798.057401476118
1791149502,250,,Aggregated,125.800000,0.000000,13,16,21,26,41,55,110,390,1400,1600,1700,36028,0,13,28.19131796965245,3.6962999729439616,1718.453000066802,4798.742144998335
1791149503,250,,Aggregated,124.800000,0.000000,13,17,21,26,41,55,110,390,1400,1600,1700,36153,0,13,28.190506796420546,3.6962999729439616,1718.453000066802,4799.5421956684095
1791149504,250,,Aggregated,123.300000,0.000000,13,17,21,26,41,55,110,390,1400,1600,1700,36276,0,13,28.158384171640435,3.6962999729439616,1718.453000066802,4799.642849266733
1791149505,250,,Aggregated,124.100000,0.000000,13,17,22,26,41,55,110,390,1400,1600,1700,36403,0,13,28.16358070240946,3.6962999729439616,1718.453000066802,4799.9128643243685
1791149506,250,,Aggregated,122.500000,0.000000,13,17,22,26,41,55,110,390,1400,1600,1700,36544,0,13,28.146744349561946,3.6962999729439616,1718.453000066802,4800.129378283713
1791149507,250,,Aggregated,123.600000,0.000000,13,17,22,26,42,55,110,380,1400,1600,1700,36656,0,13,28.12471467183775,3.6962999729439616,1718.453000066802,4800.367306852902
1791149508,250,,Aggregated,123.500000,0.000000,13,17,22,26,42,55,110,380,1400,1600,1700,36781,0,13,28.141974541489684,3.6962999729439616,1718.453000066802,4800.81446942715
1791149509,250,,Aggregated,122.200000,0.000000,13,17,22,26,42,55,110,380,1400,1600,1700,36896,0,13,28.139415367800687,3.6962999729439616,1718.453000066802,4801.538866001734
1791149510,250,,Aggregated,123.100000,0.000000,13,17,22,26,42,55,110,380,1400,1600,1700,37035,0,13,28.118776752054213,3.6962999729439616,1718.453000066802,4801.492291076009
1791149511,250,,Aggregated,122.500000,0.000000,13,17,22,27,42,55,110,380,1400,1600,1700,37154,0,13,28.106741417128333,3.6962999729439616,1718.453000066802,4801.742046616784
1791149512,250,,Aggregated,122.900000,0.000000,13,17,22,27,42,55,110,380,1400,1600,1700,37277,0,13,28.07741986776796,3.6962999729439616,1718.453000066802,4801.721705072833
1791149513,250,,Aggregated,122.800000,0.000000,13,17,22,27,42,55,110,370,1400,1600,1700,37402,0,13,28.06087094836564,3.6962999729439616,1718.453000066802,4801.716245120581
1791149514,250,,Aggregated,121.600000,0.000000,13,17,22,27,42,55,110,370,1400,1600,1700,37523,0,13,28.03730982892209,3.6962999729439616,1718.453000066802,4802.654798390321
1791149515,250,,Aggregated,123.600000,0.000000,13,17,22,27,42,55,110,370,1400,1600,1700,37646,0,13,28.026554845412157,3.6962999729439616,1718.453000066802,4802.287626839505
1791149516,250,,Aggregated,124.300000,0.000000,13,17,22,27,42,55,110,370,1400,1600,1700,37777,0,13,28.008209108968046,3.6962999729439616,1718.453000066802,4802.193848108637
1791149517,250,,Aggregated,122.600000,0.000000,13,17,22,27,42,55,110,360,1400,1600,1700,37898,0,13,28.00785191063164,3.6962999729439616,1718.453000066802,4802.247823104121
1791149518,250,,Aggregated,122.900000,0.000000,13,17,22,27,42,55,110,360,1400,1600,1700,38017,0,13,27.997511716028153,3.6962999729439616,1718.453000066802,4802.288791856275
1791149519,250,,Aggregated,123.600000,0.000000,13,17,22,27,42,55,110,360,1400,1600,1700,38155,0,13,27.98809016140134,3.6962999729439616,1718.453000066802,4801.51427073778
1791149520,250,,Aggregated,123.100000,0.000000,13,17,22,27,42,55,100,360,1400,1600,1700,38268,0,13,27.98242674579122,3.6962999729439616,1718.453000066802,4801.531880422285
1791149521,250,,Aggregated,122.400000,0.000000,13,17,22,27,42,55,100,350,1400,1600,1700,38402,0,13,27.994949729396577,3.6962999729439616,1718.453000066802,4800.77048070413
1791149522,250,,Aggregated,122.000000,0.000000,13,17,22,27,42,55,100,350,1400,1600,1700,38523,0,13,27.989535031226044,3.6962999729439616,1718.453000066802,4801.007813514005
1791149523,250,,Aggregated,123.200000,0.000000,13,17,23,27,42,55,100,350,1400,1600,1700,38659,0,13,27.99427786562669,3.6962999729439616,1718.453000066802,4801.265061175923
1791149524,250,,Aggregated,123.400000,0.000000,13,17,23,27,42,55,100,350,1400,1600,1700,38772,0,13,27.99181200627778,3.6962999729439616,1718.453000066802,4801.944367069019
1791149525,250,,Aggregated,123.100000,0.000000,13,17,23,28,42,55,100,350,1400,1600,1700,38917,0,13,27.989007803953143,3.6962999729439616,1718.453000066802,4801.643060873141
1791149526,250,,Aggregated,122.100000,0.000000,13,17,23,28,42,55,100,350,1300,1600,1700,39034,0,13,27.9834615746905,3.6962999729439616,1718.453000066802,4801.58728288159
1791149527,250,,Aggregated,124.400000,0.000000,13,17,23,28,42,55,100,350,1300,1600,1700,39162,0,13,27.93799037094154,3.6962999729439616,1718.453000066802,4800.439865175425
1791149528,250,,Aggregated,124.500000,0.000000,13,17,23,27,42,55,100,340,1300,1600,1700,39291,0,13,27.882080466432186,3.6962999729439616,1718.453000066802,4798.842126695681
1791149529,250,,Aggregated,124.400000,0.000000,13,17,23,28,42,55,100,340,1300,1600,1700,39400,0,13,27.871216507743792,3.6962999729439616,1718.453000066802,4799.421218274112
1791149530,250,,Aggregated,124.200000,0.000000,13,17,23,28,42,55,100,340,1300,1600,1700,39526,0,13,27.862895448678454,3.6962999729439616,1718.453000066802,4799.864215959115
1791149531,250,,Aggregated,124.100000,0.000000,13,17,23,28,42,55,100,340,1300,1600,1700,39651,0,13,27.856761484064855,3.6962999729439616,1718.453000066802,4800.114347683539
1791149532,250,,Aggregated,125.000000,0.000000,13,17,23,28,42,55,100,340,1300,1600,1700,39777,0,13,27.850459200154546,3.6962999729439616,1718.453000066802,4800.161047841718
1791149533,250,,Aggregated,123.500000,0.000000,13,17,23,28,42,55,100,340,1300,1600,1700,39907,0,13,27.83835675709816,3.6962999729439616,1718.453000066802,4799.027513969981
1791149534,250,,Aggregated,124.700000,0.000000,13,17,23,28,42,55,99,340,1300,1600,1700,40015,0,13,27.795834662141953,3.6962999729439616,1718.453000066802,4798.551118330626
1791149535,250,,Aggregated,122.200000,0.000000,13,17,23,28,42,55,99,340,1300,1600,1700,40137,0,13,27.787495450720847,3.6962999729439616,1718.453000066802,4798.014475421681
1791149536,250,,Aggregated,123.800000,0.000000,13,17,23,28,42,55,98,330,1300,1600,1700,40272,0,13,27.783058402976426,3.6962999729439616,1718.453000066802,4797.794770560191
1791149537,250,,Aggregated,122.400000,0.000000,13,17,23,28,43,55,99,330,1300,1600,1700,40396,0,13,27.80741095169166,3.6962999729439616,1718.453000066802,4797.256560055451
1791149538,250,,Aggregated,121.700000,0.000000,13,17,23,28,43,55,98,330,1300,1600,1700,40523,0,13,27.7679368631161,3.6962999729439616,1718.453000066802,4797.979986674234
1791149539,250,,Aggregated,121.500000,0.000000,13,17,23,28,43,55,100,320,1300,1600,1700,40630,0,13,27.803703285873496,3.6962999729439616,1718.453000066802,4797.4954959389615
1791149540,250,,Aggregated,121.900000,0.000000,13,17,23,28,43,55,100,340,1300,1600,1700,40767,0,13,28.03686336753215,3.6962999729439616,1718.453000066802,4797.682242990654
1791149541,250,,Aggregated,122.500000,0.000000,13,17,23,28,43,55,100,340,1300,1600,1700,40886,0,13,28.022686472245837,3.6962999729439616,1718.453000066802,4798.29371912146
1791149542,250,,Aggregated,120.900000,0.000000,13,17,23,28,43,55,100,340,1300,1600,1700,41016,0,13,27.97060802867001,3.6962999729439616,1718.453000066802,4798.9639409011115
1791149543,250,,Aggregated,121.700000,0.000000,13,17,23,28,43,55,100,340,1300,1600,1700,41141,0,13,27.92255845026839,3.6962999729439616,1718.453000066802,4798.804039765684
1791149544,250,,Aggregated,122.000000,0.000000,13,17,23,28,43,55,100,340,1300,1600,1700,41264,0,13,27.910909957886926,3.6962999729439616,1718.453000066802,4798.974360217138
1791149545,250,,Aggregated,123.200000,0.000000,13,17,23,28,43,55,100,340,1300,1600,1700,41391,0,13,27.89416548047673,3.6962999729439616,1718.453000066802,4798.890580077795
1791149546,250,,Aggregated,122.200000,0.000000,13,18,23,28,43,55,100,340,1300,1600,1700,41528,0,13,27.896980796147066,3.6962999729439616,1718.453000066802,4798.79654690811
1791149547,250,,Aggregated,121.300000,0.000000,13,18,23,28,43,55,100,340,1300,1600,1700,41639,0,13,27.906427688028227,3.6962999729439616,1718.453000066802,4798.8500684454475
1791149548,250,,Aggregated,121.600000,0.000000,13,18,23,28,43,56,100,340,1300,1600,1700,41760,0,13,27.93090565377553,3.6962999729439616,1718.453000066802,4798.656728927203
1791149549,250,,Aggregated,123.800000,0.000000,13,18,23,28,43,56,100,330,1300,1600,1700,41885,0,13,27.918911961354098,3.6962999729439616,1718.453000066802,4799.586367434643
1791149550,250,,Aggregated,121.900000,0.000000,13,18,23,28,43,56,110,340,1300,1600,1700,42004,0,13,28.158012160771353,3.6962999729439616,1718.453000066802,4799.9055328064
1791149551,250,,Aggregated,121.200000,0.000000,13,18,23,28,43,56,110,340,1300,1600,1700,42118,0,13,28.139768111042955,3.6962999729439616,1718.453000066802,4799.099648606297
1791149552,250,,Aggregated,122.100000,0.000000,13,18,23,29,43,56,110,360,1300,1600,1700,42266,0,13,28.462830057276964,3.6962999729439616,1718.453000066802,4798.922206974873
1791149553,250,,Aggregated,120.800000,0.000000,13,18,23,29,43,56,110,360,1300,1600,1700,42378,0,13,28.443940101001786,3.6962999729439616,1718.453000066802,4798.884751522016
1791149554,250,,Aggregated,119.200000,0.000000,13,18,23,29,43,56,110,360,1300,1600,1700,42502,0,13,28.392504039803384,3.6962999729439616,1718.453000066802,4798.501199943532
1791149555,250,,Aggregated,121.500000,0.000000,13,18,23,29,43,56,110,350,1300,1600,1700,42624,0,13,28.37964409017176,3.6962999729439616,1718.453000066802,4798.597081456456
1791149557,250,,Aggregated,122.000000,0.000000,13,18,23,29,43,56,110,350,1300,1600,1700,42752,0,13,28.36823784150102,3.6962999729439616,1718.453000066802,4798.632508420658
1791149558,250,,Aggregated,121.000000,0.000000,13,18,24,29,43,56,110,350,1300,1600,1700,42880,0,13,28.359573861918978,3.6962999729439616,1718.453000066802,4799.177378731343
1791149559,250,,Aggregated,120.300000,0.000000,13,18,24,29,43,56,110,350,1300,1600,1700,43005,0,13,28.36152594116955,3.6962999729439616,1718.453000066802,4799.729008254854
1791149560,250,,Aggregated,121.700000,0.000000,13,18,24,29,43,56,110,350,1300,1600,1700,43122,0,13,28.348750602905657,3.6962999729439616,1718.453000066802,4799.229789898428
1791149561,250,,Aggregated,122.400000,0.000000,13,18,24,29,43,56,110,350,1300,1600,1700,43246,0,13,28.345121241238857,3.6962999729439616,1718.453000066802,4798.622207834251
1791149562,250,,Aggregated,121.500000,0.000000,13,18,24,29,43,56,110,350,1300,1600,1700,43365,0,13,28.32761937043109,3.6962999729439616,1718.453000066802,4797.517398823937
1791149563,250,,Aggregated,123.600000,0.000000,13,18,24,29,43,56,110,350,1300,1600,1700,43496,0,13,28.331740491035422,3.6962999729439616,1718.453000066802,4797.949328673901
1791149564,250,,Aggregated,123.200000,0.000000,13,18,24,29,44,56,110,350,1300,1600,1700,43604,0,13,28.385819172507144,3.6962999729439616,1718.453000066802,4797.382097972663
1791149565,250,,Aggregated,121.300000,0.000000,13,18,24,29,44,56,110,350,1300,1600,1700,43733,0,13,28.36782317468363,3.6962999729439616,1718.453000066802,4797.417236411863
1791149566,250,,Aggregated,121.600000,0.000000,13,18,24,29,44,56,110,340,1300,1600,1700,43858,0,13,28.3658619521532,3.6962999729439616,1718.453000066802,4796.808358794291
1791149567,250,,Aggregated,122.700000,0.000000,13,18,24,29,44,56,110,340,1300,1600,1700,43980,0,13,28.350077873980393,3.6962999729439616,1718.453000066802,4795.32198726694
1791149568,250,,Aggregated,121.600000,0.000000,13,18,24,29,44,56,110,340,1300,1600,1700,44107,0,13,28.352579665299338,3.6962999729439616,1718.453000066802,4795.714399074976
1791149569,250,,Aggregated,122.000000,0.000000,13,18,24,29,44,57,120,350,1300,1600,1700,44237,0,13,28.497995485617214,3.6962999729439616,1718.453000066802,4795.288898433438
1791149570,250,,Aggregated,121.600000,0.000000,13,18,24,29,44,57,120,350,1300,1600,1700,44349,0,13,28.512387778665325,3.6962999729439616,1718.453000066802,4795.411238133893
1791149571,250,,Aggregated,122.000000,0.000000,13,18,24,29,44,57,120,350,1300,1600,1700,44456,0,13,28.622449738973653,3.6962999729439616,1718.453000066802,4795.310576750045
1791149572,250,,Aggregated,121.900000,0.000000,13,18,24,29,44,57,120,390,1300,1600,1700,44581,0,13,29.108832071851094,3.6962999729439616,1718.453000066802,4794.615710728785
1791149573,250,,Aggregated,119.500000,0.000000,13,18,24,30,44,57,130,390,1300,1600,1700,44698,0,13,29.20178320719423,3.6962999729439616,1718.453000066802,4794.277797664325
1791149574,250,,Aggregated,120.400000,0.000000,13,18,24,30,44,58,130,390,1300,1600,1700,44839,0,13,29.208437250931556,3.6962999729439616,1718.453000066802,4793.413992283503
1791149575,250,,Aggregated,120.600000,0.000000,13,18,24,30,44,58,130,390,1300,1600,1700,44949,0,13,29.2070413400693,3.6962999729439616,1718.453000066802,4792.444147811964
1791149576,250,,Aggregated,121.700000,0.000000,13,18,25,30,44,58,130,390,1300,1600,1700,45085,0,13,29.206340463450484,3.6962999729439616,1718.453000066802,4793.231096817123
1791149577,250,,Aggregated,119.100000,0.000000,13,18,25,30,44,58,130,390,1300,1600,1700,45217,0,13,29.207379421349135,3.6962999729439616,1718.453000066802,4792.402857332419
1791149578,250,,Aggregated,121.500000,0.000000,13,18,24,30,44,58,130,390,1300,1600,1700,45342,0,13,29.157419807142897,3.6962999729439616,1718.453000066802,4792.3053680913945
1791149579,250,,Aggregated,120.400000,0.000000,13,18,24,30,44,57,120,380,1300,1600,1700,45460,0,13,29.113668209312934,3.6962999729439616,1718.453000066802,4791.796898372196
1791149580,250,,Aggregated,122.400000,0.000000,13,18,24,30,44,57,120,380,1300,1600,1700,45601,0,13,29.084150237827277,3.6962999729439616,1718.453000066802,4791.990767746322
1791149581,250,,Aggregated,121.000000,0.000000,13,18,24,30,44,57,120,380,1300,1600,1700,45722,0,13,29.069158612813066,3.6962999729439616,1718.453000066802,4792.03433795547
1791149582,250,,Aggregated,122.400000,0.000000,13,18,24,30,44,58,130,380,1300,1600,1700,45849,0,13,29.112228061556664,3.6962999729439616,1718.453000066802,4792.618486771795
1791149583,250,,Aggregated,123.400000,0.000000,13,18,24,30,44,58,120,380,1300,1600,1700,45961,0,13,29.075636596119466,3.6962999729439616,1718.453000066802,4792.869976719393
1791149584,250,,Aggregated,125.500000,0.000000,13,18,24,30,44,58,120,380,1300,1600,1700,46091,0,13,29.029607307168387,3.6962999729439616,1718.453000066802,4793.643639756135
1791149585,250,,Aggregated,124.500000,0.000000,13,18,24,30,44,57,120,380,1300,1600,1700,46221,0,13,28.996423973834737,3.6962999729439616,1718.453000066802,4793.144761039354
1791149586,250,,Aggregated,123.800000,0.000000,13,18,24,30,44,57,120,380,1300,1600,1700,46329,0,13,28.96042977390104,3.6962999729439616,1718.453000066802,4792.816378510221
1791149587,250,,Aggregated,126.700000,0.000000,13,18,24,30,44,57,120,380,1300,1600,1700,46456,0,13,28.91613791104286,3.6962999729439616,1718.453000066802,4792.146202858619
1791149588,250,,Aggregated,124.000000,0.000000,13,18,24,29,44,57,120,380,1300,1600,1700,46589,0,13,28.86636052277366,3.6962999729439616,1718.453000066802,4791.6437141814595
1791149589,250,,Aggregated,124.000000,0.000000,13,18,24,29,44,57,120,370,1300,1600,1700,46719,0,13,28.81392777447086,3.6962999729439616,1718.453000066802,4790.371519082172
1791149590,250,,Aggregated,123.000000,0.000000,13,18,24,29,44,57,120,370,1300,1600,1700,46848,0,13,28.763698155654197,3.6962999729439616,1718.453000066802,4789.971354166667
1791149591,250,,Aggregated,124.300000,0.000000,13,18,24,29,44,57,120,370,1300,1600,1700,46971,0,13,28.716480524076104,3.6962999729439616,1718.453000066802,4789.980775372038
1791149592,250,,Aggregated,124.800000,0.000000,13,18,24,29,44,57,120,370,1300,1600,1700,47111,0,13,28.694155439224428,3.6962999729439616,1718.453000066802,4789.007153318757
1791149593,250,,Aggregated,124.900000,0.000000,13,18,24,29,44,57,120,370,1300,1600,1700,47218,0,13,28.66848979832449,3.6962999729439616,1718.453000066802,4788.893599898344
1791149594,250,,Aggregated,124.300000,0.000000,13,18,24,29,44,57,120,370,1300,1600,1700,47356,0,13,28.61508921144029,3.6962999729439616,1718.453000066802,4788.285285919419
1791149595,250,,Aggregated,124.600000,0.000000,13,18,24,29,44,57,120,360,1300,1600,1700,47469,0,13,28.5743005434421,3.6962999729439616,1718.453000066802,4787.746676778529
1791149596,250,,Aggregated,125.600000,0.000000,13,18,24,29,44,57,120,360,1300,1600,1700,47605,0,13,28.544232177226974,3.6962999729439616,1718.453000066802,4787.412162587963
1791149597,250,,Aggregated,124.400000,0.000000,13,18,24,29,44,57,120,360,1300,1600,1700,47728,0,13,28.517905382538505,3.6962999729439616,1718.453000066802,4787.083829198793
1791149598,250,,Aggregated,124.800000,0.000000,13,18,24,29,44,57,120,360,1300,1600,1700,47855,0,13,28.469282248412206,3.6962999729439616,1718.453000066802,4787.276376554174
1791149599,250,,Aggregated,127.000000,0.000000,13,18,24,29,44,57,120,360,1300,1600,1700,47981,0,13,28.421169633779364,3.6962999729439616,1718.453000066802,4787.867968570893
1791149600,250,,Aggregated,125.800000,0.000000,13,18,24,29,44,57,120,360,1300,1600,1700,48102,0,13,28.375600060257206,3.6962999729439616,1718.453000066802,4788.028917716519
1791149601,250,,Aggregated,125.200000,0.000000,13,18,24,29,43,57,120,350,1300,1600,1700,48223,0,13,28.341738628844155,3.6962999729439616,1718.453000066802,4788.110424486241
1791149602,250,,Aggregated,125.100000,0.000000,13,18,24,29,44,57,120,350,1300,1600,1700,48347,0,13,28.337394649076764,3.6962999729439616,1718.453000066802,4788.135085941217
1791149603,250,,Aggregated,124.800000,0.000000,13,18,24,29,44,57,120,350,1300,1600,1700,48469,0,13,28.325779364125466,3.6962999729439616,1718.453000066802,4787.384926447832
1791149604,250,,Aggregated,124.000000,0.000000,13,18,24,29,44,57,120,350,1300,1600,1700,48608,0,13,28.32765132694378,3.6962999729439616,1718.453000066802,4787.195605661619
1791149605,250,,Aggregated,124.000000,0.000000,13,18,24,29,44,57,120,350,1300,1600,1700,48721,0,13,28.334276205330294,3.6962999729439616,1718.453000066802,4787.56544405903
1791149606,250,,Aggregated,123.700000,0.000000,13,18,24,29,44,57,120,350,1300,1600,1700,48845,0,13,28.345757825758657,3.6962999729439616,1718.453000066802,4787.563619613062
1791149607,250,,Aggregated,124.400000,0.000000,13,18,24,29,44,57,120,350,1300,1600,1700,48976,0,13,28.345591832711523,3.6962999729439616,1718.453000066802,4787.1139129369485
1791149608,250,,Aggregated,124.700000,0.000000,13,18,24,29,44,57,120,350,1300,1600,1700,49089,0,13,28.32289486033636,3.6962999729439616,1718.453000066802,4787.032125323392
1791149609,250,,Aggregated,122.100000,0.000000,13,18,24,29,44,57,120,350,1300,1600,1700,49218,0,13,28.35534274857588,3.6962999729439616,1718.453000066802,4788.334532081759
1791149610,250,,Aggregated,123.400000,0.000000,13,18,24,29,44,57,120,350,1300,1600,1700,49335,0,13,28.3132412952136,3.6962999729439616,1718.453000066802,4788.222215465694
1791149611,250,,Aggregated,123.200000,0.000000,13,18,24,29,44,57,120,350,1300,1600,1700,49469,0,13,28.26845287354104,3.6962999729439616,1718.453000066802,4788.189472194707
1791149612,250,,Aggregated,122.400000,0.000000,13,18,24,29,44,57,120,350,1300,1600,1700,49589,0,13,28.22947723693446,3.6962999729439616,1718.453000066802,4787.725967452459
1791149613,250,,Aggregated,123.200000,0.000000,13,18,24,29,44,57,110,340,1300,1600,1700,49709,0,13,28.19209488425768,3.6962999729439616,1718.453000066802,4787.504375465208
1791149614,250,,Aggregated,122.000000,0.000000,13,18,24,29,44,57,110,340,1300,1600,1700,49826,0,13,28.163897541466252,3.6962999729439616,1718.453000066802,4787.7492072412
1791149615,250,,Aggregated,122.100000,0.000000,13,18,24,29,44,57,110,340,1300,1600,1700,49945,0,13,28.12170440285696,3.6962999729439616,1718.453000066802,4787.327620382421
1791149616,250,,Aggregated,121.900000,0.000000,13,18,24,29,43,56,110,340,1300,1600,1700,50076,0,13,28.076108395258892,3.6962999729439616,1718.453000066802,4788.987319274703
1791149617,250,,Aggregated,119.900000,0.000000,13,18,24,29,43,56,110,340,1300,1600,1700,50202,0,13,28.03764565757227,3.6962999729439616,1718.453000066802,4788.367714433688
1791149618,250,,Aggregated,121.700000,0.000000,13,18,24,29,43,56,110,340,1300,1600,1700,50324,0,13,28.02724485534743,3.6962999729439616,1718.453000066802,4788.0450679596215
1791149619,250,,Aggregated,122.000000,0.000000,13,18,24,29,44,57,110,340,1300,1600,1700,50461,0,13,28.06203523911414,3.6962999729439616,1718.453000066802,4788.1427835358
1791149620,250,,Aggregated,122.500000,0.000000,13,18,24,29,44,57,110,340,1300,1600,1700,50588,0,13,28.057068362095578,3.6962999729439616,1718.453000066802,4788.2846920218235
1791149621,250,,Aggregated,123.300000,0.000000,13,18,24,29,44,57,110,340,1300,1600,1700,50698,0,13,28.053325279150783,3.6962999729439616,1718.453000066802,4788.562763817113
1791149622,250,,Aggregated,123.300000,0.000000,13,18,24,29,44,57,110,340,1300,1600,1700,50833,0,13,28.0426561781353,3.6962999729439616,1718.453000066802,4788.1400861645
1791149623,250,,Aggregated,123.000000,0.000000,13,18,24,29,44,57,110,340,1300,1600,1700,50949,0,13,28.033708149387138,3.6962999729439616,1718.453000066802,4788.014818740309
1791149624,250,,Aggregated,121.900000,0.000000,13,18,24,29,44,57,110,340,1300,1600,1700,51072,0,13,27.993304932317557,3.6962999729439616,1718.453000066802,4787.676946271929
1791149625,250,,Aggregated,124.400000,0.000000,13,18,24,29,43,56,110,340,1300,1600,1700,51193,0,13,27.953222770758327,3.6962999729439616,1718.453000066802,4787.692067274823
1791149626,250,,Aggregated,123.200000,0.000000,13,18,24,29,43,56,110,340,1300,1600,1700,51319,0,13,27.914276556494787,3.6962999729439616,1718.453000066802,4787.940996512013
1791149627,250,,Aggregated,124.600000,0.000000,13,18,24,29,43,56,110,330,1300,1600,1700,51445,0,13,27.88702378664144,3.6962999729439616,1718.453000066802,4787.913324910098
1791149628,250,,Aggregated,123.600000,0.000000,13,18,24,29,43,56,110,330,1300,1600,1700,51560,0,13,27.88832636935576,3.6962999729439616,1718.453000066802,4787.662063615206
1791149629,250,,Aggregated,123.600000,0.000000,13,18,24,29,43,56,110,330,1300,1600,1700,51688,0,13,27.888256425172468,3.6962999729439616,1718.453000066802,4787.274318990868
1791149630,250,,Aggregated,122.800000,0.000000,13,18,24,29,44,56,110,330,1300,1600,1700,51820,0,13,27.887242701741126,3.6962999729439616,1718.453000066802,4787.177672713238
1791149631,250,,Aggregated,121.900000,0.000000,13,18,24,29,43,56,110,330,1300,1600,1700,51937,0,13,27.848453634286532,3.6962999729439616,1718.453000066802,4787.223154976221
1791149632,250,,Aggregated,122.500000,0.000000,13,18,24,29,43,56,110,330,1300,1600,1700,52061,0,13,27.82748729766162,3.6962999729439616,1718.453000066802,4786.478822919268
1791149633,250,,Aggregated,122.200000,0.000000,13,18,24,29,43,56,110,320,1300,1600,1700,52188,0,13,27.784748032193594,3.6962999729439616,1718.453000066802,4786.350693646049
1791149634,250,,Aggregated,125.000000,0.000000,13,18,24,29,43,56,110,320,1300,1600,1700,52319,0,13,27.74790318057455,3.6962999729439616,1718.453000066802,4786.652535407787
1791149635,250,,Aggregated,121.500000,0.000000,13,18,24,29,43,56,110,320,1300,1600,1700,52441,0,13,27.708919572583767,3.6962999729439616,1718.453000066802,4786.844625388532
1791149636,250,,Aggregated,122.800000,0.000000,13,18,24,29,43,56,110,320,1300,1600,1700,52556,0,13,27.675119906484156,3.6962999729439616,1718.453000066802,4787.0919971078465
1791149637,250,,Aggregated,121.500000,0.000000,13,18,24,29,43,56,110,320,1300,1600,1700,52687,0,13,27.645124548849136,3.6962999729439616,1718.453000066802,4787.492170744206
1791149638,250,,Aggregated,122.900000,0.000000,13,18,24,29,43,56,110,320,1300,1600,1700,52819,0,13,27.6509571405203,3.6962999729439616,1718.453000066802,4787.505727105777
1791149639,250,,Aggregated,122.800000,0.000000,13,18,24,29,43,56,110,320,1300,1600,1700,52941,0,13,27.623137475776463,3.6962999729439616,1718.453000066802,4787.176422810298
1791149640,250,,Aggregated,122.800000,0.000000,13,18,24,29,43,56,110,320,1300,1600,1700,53062,0,13,27.604785256956337,3.6962999729439616,1718.453000066802,4787.057819154951
1791149641,250,,Aggregated,123.300000,0.000000,13,18,24,29,43,56,110,320,1300,1600,1700,53193,0,13,27.596704087094615,3.6962999729439616,1718.453000066802,4786.2364220856125
1791149642,250,,Aggregated,122.600000,0.000000,13,18,24,29,43,56,110,310,1300,1600,1700,53306,0,13,27.584976811327618,3.6962999729439616,1718.453000066802,4786.800116309609
1791149643,250,,Aggregated,122.400000,0.000000,13,18,24,29,43,56,110,310,1300,1600,1700,53432,0,13,27.602309763891284,3.6962999729439616,1718.453000066802,4786.743655487348
1791149644,250,,Aggregated,122.300000,0.000000,13,18,24,29,43,56,110,310,1300,1600,1700,53558,0,13,27.589321963182503,3.6962999729439616,1718.453000066802,4786.893255909481
1791149645,250,,Aggregated,122.200000,0.000000,13,18,24,29,43,56,110,310,1300,1600,1700,53672,0,13,27.58450721054166,3.6962999729439616,1718.453000066802,4786.53105902519
1791149646,250,,Aggregated,122.300000,0.000000,13,18,24,29,43,56,110,310,1300,1600,1700,53791,0,13,27.569316896976996,3.6962999729439616,1718.453000066802,4787.065103827778
1791149647,250,,Aggregated,123.200000,0.000000,13,18,24,29,43,56,110,300,1300,1600,1700,53922,0,13,27.534655791799292,3.6962999729439616,1718.453000066802,4786.905196394792
1791149648,250,,Aggregated,120.900000,0.000000,13,18,24,29,43,56,110,300,1300,1600,1700,54032,0,13,27.53267294389146,3.6962999729439616,1718.453000066802,4787.317719129404
1791149649,250,,Aggregated,121.200000,0.000000,13,18,24,29,43,56,110,300,1300,1600,1700,54174,0,13,27.526702578819226,3.6962999729439616,1718.453000066802,4787.015708642522
1791149650,250,,Aggregated,121.400000,0.000000,13,18,24,29,43,56,110,300,1300,1600,1700,54289,0,13,27.525379791563648,3.6962999729439616,1718.453000066802,4786.820939785223
1791149651,250,,Aggregated,120.900000,0.000000,13,18,24,29,43,56,110,300,1300,1600,1700,54419,0,13,27.49395288785167,3.6962999729439616,1718.453000066802,4787.150388651023
1791149652,250,,Aggregated,122.100000,0.000000,13,18,24,29,43,56,110,300,1300,1600,1700,54539,0,13,27.465960655760778,3.6962999729439616,1718.453000066802,4787.2201177139295
1791149653,250,,Aggregated,121.800000,0.000000,13,18,24,29,43,56,110,300,1300,1600,1700,54662,0,13,27.448615325168298,3.6962999729439616,1718.453000066802,4786.185814642713
1791149655,250,,Aggregated,122.200000,0.000000,13,18,24,29,43,56,110,300,1300,1600,1700,54797,0,13,27.436462426862022,3.6962999729439616,1718.453000066802,4786.195996131175
1791149656,250,,Aggregated,122.200000,0.000000,13,18,24,29,43,56,100,300,1300,1600,1700,54917,0,13,27.432261738699314,3.6962999729439616,1718.453000066802,4786.291840413715
1791149657,250,,Aggregated,122.700000,0.000000,13,18,24,29,43,56,100,300,1300,1600,1700,55052,0,13,27.406567214709174,3.6962999729439616,1718.453000066802,4786.3988592603355
1791149658,250,,Aggregated,123.600000,0.000000,13,18,24,29,43,56,100,300,1300,1600,1700,55171,0,13,27.38644433676476,3.6962999729439616,1718.453000066802,4786.575030360153
1791149659,250,,Aggregated,124.800000,0.000000,13,18,24,29,43,56,100,290,1300,1600,1700,55295,0,13,27.3664148151504,3.6962999729439616,1718.453000066802,4785.823926213943
1791149660,250,,Aggregated,123.700000,0.000000,13,18,24,29,43,56,100,290,1300,1600,1700,55428,0,13,27.356577293131064,3.6962999729439616,1718.453000066802,4785.620985783358
1791149661,250,,Aggregated,123.900000,0.000000,13,18,24,29,43,56,100,290,1300,1600,1700,55554,0,13,27.326666654147317,3.6962999729439616,1718.453000066802,4785.706879792634
1791149662,250,,Aggregated,124.100000,0.000000,13,18,24,29,43,56,100,290,1300,1600,1700,55662,0,13,27.296738538035484,3.6962999729439616,1718.453000066802,4785.710808091696
1791149663,250,,Aggregated,125.000000,0.000000,13,18,24,29,43,56,100,290,1300,1600,1700,55794,0,13,27.26768890211721,3.6962999729439616,1718.453000066802,4785.612646521131
1791149664,250,,Aggregated,122.700000,0.000000,13,18,24,29,43,56,100,290,1300,1600,1700,55923,0,13,27.230794878743133,3.6962999729439616,1718.453000066802,4785.452550828818
1791149665,250,,Aggregated,124.900000,0.000000,13,18,24,29,43,56,100,290,1300,1600,1700,56046,0,13,27.222316425863536,3.6962999729439616,1718.453000066802,4785.190593441102
1791149666,250,,Aggregated,125.300000,0.000000,13,18,24,29,43,56,100,280,1300,1600,1700,56181,0,13,27.211784943387478,3.6962999729439616,1718.453000066802,4784.336519463875
1791149667,250,,Aggregated,124.600000,0.000000,13,18,24,29,43,56,100,280,1300,1600,1700,56293,0,13,27.229743984232755,3.6962999729439616,1718.453000066802,4783.962712948324
1791149668,250,,Aggregated,124.800000,0.000000,13,18,24,29,43,56,100,280,1300,1600,1700,56432,0,13,27.197653833019995,3.6962999729439616,1718.453000066802,4784.268411539552
1791149669,250,,Aggregated,123.600000,0.000000,13,18,24,29,43,56,100,280,1300,1600,1700,56549,0,13,27.164865771358723,3.6962999729439616,1718.453000066802,4783.726679516879
1791149670,250,,Aggregated,124.800000,0.000000,13,18,24,29,43,56,100,280,1300,1600,1700,56675,0,13,27.159794962592752,3.6962999729439616,1718.453000066802,4783.494715483017
1791149671,250,,Aggregated,124.400000,0.000000,13,18,24,29,43,56,100,280,1300,1600,1700,56810,0,13,27.1710452579423,3.6962999729439616,1718.453000066802,4783.163703573315
1791149672,250,,Aggregated,123.100000,0.000000,13,18,24,29,43,56,100,280,1300,1600,1700,56925,0,13,27.157477022473426,3.6962999729439616,1718.453000066802,4783.010996925779
1791149673,250,,Aggregated,123.100000,0.000000,13,18,24,29,43,56,100,280,1200,1600,1700,57050,0,13,27.124927330486262,3.6962999729439616,1718.453000066802,4783.5710780017525
1791149674,250,,Aggregated,124.600000,0.000000,13,18,24,29,43,56,100,280,1200,1600,1700,57177,0,13,27.086923507763707,3.6962999729439616,1718.453000066802,4782.899994753135
1791149675,250,,Aggregated,122.900000,0.000000,13,18,24,29,43,56,100,270,1200,1600,1700,57289,0,13,27.059103487651196,3.6962999729439616,1718.453000066802,4782.85669151146
1791149676,250,,Aggregated,121.900000,0.000000,13,18,24,29,43,55,100,270,1200,1600,1700,57410,0,13,27.032895716841782,3.6962999729439616,1718.453000066802,4782.846803692736
1791149677,250,,Aggregated,121.900000,0.000000,13,18,24,29,43,55,100,270,1200,1600,1700,57556,0,13,26.995091903593583,3.6962999729439616,1718.453000066802,4783.042688859546
1791149678,250,,Aggregated,121.900000,0.000000,13,18,24,29,43,55,100,270,1200,1600,1700,57671,0,13,26.96518544508935,3.6962999729439616,1718.453000066802,4783.177645610445
1791149679,250,,Aggregated,123.500000,0.000000,13,18,24,29,43,55,100,270,1200,1600,1700,57796,0,13,26.956677059028706,3.6962999729439616,1718.453000066802,4783.537632362101
1791149680,250,,Aggregated,122.400000,0.000000,13,18,24,29,43,55,99,270,1200,1600,1700,57910,0,13,26.931360506024753,3.6962999729439616,1718.453000066802,4783.84881713003
1791149681,250,,Aggregated,122.800000,0.000000,13,18,24,29,43,55,99,270,1200,1600,1700,58055,0,13,26.891042613105924,3.6962999729439616,1718.453000066802,4783.359538368788
1791149682,250,,Aggregated,122.200000,0.000000,13,18,24,29,43,55,99,270,1200,1600,1700,58171,0,13,26.893390536585375,3.6962999729439616,1718.453000066802,4783.4287703494865
1791149683,250,,Aggregated,123.000000,0.000000,13,18,24,29,43,55,99,270,1200,1600,1700,58294,0,13,26.892582306975747,3.6962999729439616,1718.453000066802,4783.219679555357
1791149684,250,,Aggregated,123.300000,0.000000,13,18,24,29,43,55,99,270,1200,1600,1700,58419,0,13,26.88921607700826,3.6962999729439616,1718.453000066802,4783.740700799397
1791149685,250,,Aggregated,123.100000,0.000000,13,18,24,29,43,55,99,270,1200,1600,1700,58548,0,13,26.897239658104592,3.6962999729439616,1718.453000066802,4784.127416820386
1791149686,250,,Aggregated,124.400000,0.000000,13,18,24,29,43,55,98,270,1200,1600,1700,58671,0,13,26.90276467935922,3.6962999729439616,1718.453000066802,4783.955088544596
1791149687,250,,Aggregated,124.600000,0.000000,13,18,24,29,43,55,98,270,1200,1600,1700,58800,0,13,26.89750285549913,3.6962999729439616,1718.453000066802,4784.0596428571425
1791149688,250,,Aggregated,123.900000,0.000000,13,18,24,29,43,55,98,260,1200,1600,1700,58937,0,13,26.894819488652388,3.6962999729439616,1718.453000066802,4784.055126660672
1791149689,250,,Aggregated,123.800000,0.000000,13,18,24,29,43,55,98,260,1200,1600,1700,59057,0,13,26.89678218336194,3.6962999729439616,1718.453000066802,4784.4928797602315
1791149690,250,,Aggregated,125.000000,0.000000,13,18,24,29,43,55,98,260,1200,1600,1700,59183,0,13,26.880012525596484,3.6962999729439616,1718.453000066802,4784.438369126269
1791149691,250,,Aggregated,125.600000,0.000000,13,18,24,29,43,55,98,260,1200,1600,1700,59314,0,13,26.8453771167373,3.6962999729439616,1718.453000066802,4784.4027379707995
1791149692,250,,Aggregated,125.800000,0.000000,13,18,24,29,43,55,97,260,1200,1600,1700,59430,0,13,26.820409128424934,3.6962999729439616,1718.453000066802,4784.340703348477
1791149693,250,,Aggregated,125.000000,0.000000,13,18,24,29,43,55,97,250,1200,1600,1700,59547,0,13,26.80831783636898,3.6962999729439616,1718.453000066802,4784.279090466354
1791149694,250,,Aggregated,125.100000,0.000000,13,18,24,29,43,55,98,260,1200,1600,1700,59676,0,13,26.832425494375666,3.6962999729439616,1718.453000066802,4784.593622226691
1791149695,250,,Aggregated,125.400000,0.000000,13,18,24,29,43,55,98,260,1200,1600,1700,59795,0,13,26.826481941683,3.6962999729439616,1718.453000066802,4784.4831340413075
1791149696,250,,Aggregated,123.500000,0.000000,13,18,24,29,43,55,98,250,1200,1600,1700,59922,0,13,26.83783101537465,3.6962999729439616,1718.453000066802,4784.674994159073
1791149697,250,,Aggregated,123.400000,0.000000,13,18,24,29,43,55,98,250,1200,1600,1700,60048,0,13,26.836663559211544,3.6962999729439616,1718.453000066802,4784.553806954436
1791149698,250,,Aggregated,124.900000,0.000000,13,18,24,29,43,55,98,250,1200,1600,1700,60170,0,13,26.819777651711227,3.6962999729439616,1718.453000066802,4783.954179823832
1791149699,250,,Aggregated,122.400000,0.000000,13,18,24,29,43,55,97,250,1200,1600,1700,60294,0,13,26.804276999419876,3.6962999729439616,1718.453000066802,4783.957839917736
1791149700,250,,Aggregated,122.300000,0.000000,13,18,24,29,43,55,97,250,1200,1600,1700,60420,0,13,26.796571827248986,3.6962999729439616,1718.453000066802,4784.05099304866
1791149701,250,,Aggregated,121.700000,0.000000,13,18,24,29,43,55,96,250,1200,1600,1700,60551,0,13,26.80426937957517,3.6962999729439616,1718.453000066802,4784.403874419911
1791149702,250,,Aggregated,122.800000,0.000000,13,18,24,29,43,55,97,250,1200,1600,1700,60656,0,13,26.818375387471544,3.6962999729439616,1718.453000066802,4784.099429570034
1791149703,250,,Aggregated,121.800000,0.000000,13,18,24,29,43,55,96,250,1200,1600,1700,60798,0,13,26.812000019771645,3.6962999729439616,1718.453000066802,4783.857939405902
1791149704,250,,Aggregated,121.500000,0.000000,13,18,24,29,43,55,96,240,1200,1600,1700,60922,0,13,26.80871383739695,3.6962999729439616,1718.453000066802,4783.377548340501
1791149705,250,,Aggregated,121.300000,0.000000,13,18,24,30,43,55,96,240,1200,1600,1700,61063,0,13,26.813867045566365,3.6962999729439616,1718.453000066802,4783.494767698934
1791149706,250,,Aggregated,123.700000,0.000000,13,18,24,30,43,55,96,240,1200,1600,1700,61200,0,13,26.809567518020962,3.6962999729439616,1718.453000066802,4783.453333333333
1791149707,250,,Aggregated,123.300000,0.000000,13,18,24,30,44,56,95,240,1200,1600,1700,61318,0,13,26.81670618256152,3.6962999729439616,1718.453000066802,4783.29278515281
1791149708,250,,Aggregated,123.700000,0.000000,13,18,24,30,44,56,98,250,1200,1600,1700,61444,0,13,26.901990567064214,3.6962999729439616,1718.453000066802,4783.175720981707
1791149709,250,,Aggregated,124.300000,0.000000,13,18,24,30,44,56,97,250,1200,1600,1700,61572,0,13,26.868707555429413,3.6962999729439616,1718.453000066802,4783.217663873189
1791149710,250,,Aggregated,123.800000,0.000000,13,18,24,30,44,56,97,250,1200,1600,1700,61688,0,13,26.84239270040104,3.6962999729439616,1718.453000066802,4783.463056023862
1791149711,250,,Aggregated,124.800000,0.000000,13,18,24,29,43,56,97,250,1200,1600,1700,61824,0,13,26.806930704950606,3.6962999729439616,1718.453000066802,4782.876520445135
1791149712,250,,Aggregated,123.600000,0.000000,13,18,24,29,43,55,96,250,1200,1600,1700,61953,0,13,26.775273586469705,3.6962999729439616,1718.453000066802,4783.271641405581
1791149713,250,,Aggregated,124.900000,0.000000,13,18,24,29,43,56,97,250,1200,1600,1700,62087,0,13,26.770591635966085,3.6962999729439616,1718.453000066802,4783.132845845346
1791149714,250,,Aggregated,125.000000,0.000000,13,18,24,29,43,55,97,240,1200,1600,1700,62204,0,13,26.759239839906066,3.6962999729439616,1718.453000066802,4783.242781814674
1791149715,250,,Aggregated,125.300000,0.000000,13,18,24,30,43,56,96,240,1200,1600,1700,62329,0,13,26.76405032813325,3.6962999729439616,1718.453000066802,4783.366603025879
1791149716,250,,Aggregated,125.500000,0.000000,13,18,24,30,43,56,96,240,1200,1600,1700,62465,0,13,26.767335954587573,3.6962999729439616,1718.453000066802,4783.590074441688
1791149717,250,,Aggregated,125.800000,0.000000,13,18,24,30,44,56,96,240,1200,1600,1700,62586,0,13,26.759746681419198,3.6962999729439616,1718.453000066802,4782.922155114562
1791149718,250,,Aggregated,124.100000,0.000000,13,18,24,30,43,55,96,240,1200,1600,1700,62717,0,13,26.739630160938965,3.6962999729439616,1718.453000066802,4783.131925953091
1791149719,250,,Aggregated,125.300000,0.000000,13,18,24,30,43,55,95,240,1200,1600,1700,62837,0,13,26.726143566745503,3.6962999729439616,1718.453000066802,4783.686633671245
1791149720,250,,Aggregated,125.100000,0.000000,13,18,24,30,43,56,95,240,1200,1600,1700,62975,0,13,26.727197811879297,3.6962999729439616,1718.453000066802,4784.727622072251
1791149722,250,,Aggregated,125.100000,0.000000,13,18,24,30,44,56,97,240,1200,1600,1700,63108,0,13,26.749006430304643,3.6962999729439616,1718.453000066802,4784.59002028269
1791149723,250,,Aggregated,125.000000,0.000000,13,18,24,30,44,56,97,240,1200,1600,1700,63232,0,13,26.738173839249622,3.6962999729439616,1718.453000066802,4784.399180794534
1791149724,250,,Aggregated,125.100000,0.000000,13,18,24,30,44,56,97,240,1200,1600,1700,63366,0,13,26.743323560007596,3.6962999729439616,1718.453000066802,4784.52405075277
1791149725,250,,Aggregated,125.200000,0.000000,13,18,25,30,44,56,97,240,1200,1600,1700,63479,0,13,26.74756983732759,3.6962999729439616,1718.453000066802,4784.520849414767
1791149726,250,,Aggregated,124.800000,0.000000,13,18,25,30,44,56,97,240,1200,1600,1700,63601,0,13,26.753096394762228,3.6962999729439616,1718.453000066802,4784.504268800805
1791149727,250,,Aggregated,123.800000,0.000000,13,18,25,30,44,56,97,240,1200,1600,1700,63734,0,13,26.761285464653394,3.6962999729439616,1718.453000066802,4784.677095427872
1791149728,250,,Aggregated,123.800000,0.000000,13,18,25,30,44,56,97,240,1200,1600,1700,63846,0,13,26.74332977796441,3.6962999729439616,1718.453000066802,4784.275663314851
1791149729,250,,Aggregated,123.800000,0.000000,13,19,25,30,44,56,97,240,1200,1600,1700,63973,0,13,26.75732158416969,3.6962999729439616,1718.453000066802,4784.047238678818
1791149730,250,,Aggregated,123.200000,0.000000,13,19,25,30,44,56,99,240,1200,1600,1700,64050,0,13,26.83091089936994,3.6962999729439616,1718.453000066802,4783.453083528493
1791149731,250,,Aggregated,122.200000,0.000000,13,19,25,30,44,56,100,240,1200,1600,1700,64090,0,13,27.000848989000662,3.6962999729439616,1718.453000066802,4783.472897487907
1791149732,250,,Aggregated,118.900000,0.000000,13,19,25,30,44,57,110,340,1500,2000,2100,64242,0,13,29.37708914893513,3.6962999729439616,2065.4028001008555,4784.284253292239
1791149733,250,,Aggregated,111.200000,0.000000,13,19,25,30,44,57,120,380,1500,2000,2200,64349,0,13,30.26329901949187,3.6962999729439616,2176.5916999429464,4784.682217283874
1791149734,250,,Aggregated,109.400000,0.000000,13,19,25,30,44,57,120,380,1500,2000,2200,64490,0,13,30.260618581258367,3.6962999729439616,2176.5916999429464,4784.754721662273
1791149735,250,,Aggregated,110.600000,0.000000,13,19,25,30,44,57,120,380,1500,2000,2200,64609,0,13,30.245523334279564,3.6962999729439616,2176.5916999429464,4784.704360073674
1791149736,250,,Aggregated,109.800000,0.000000,14,19,25,30,44,57,120,380,1500,2000,2200,64735,0,14,30.24759224229241,3.6962999729439616,2176.5916999429464,4784.347926160501
1791149737,250,,Aggregated,110.900000,0.000000,14,19,25,30,44,57,120,380,1500,2000,2200,64866,0,14,30.235938021537045,3.6962999729439616,2176.5916999429464,4784.87144266642
1791149738,250,,Aggregated,111.100000,0.000000,14,19,25,30,44,57,120,380,1500,2000,2200,64989,0,14,30.22888047214901,3.6962999729439616,2176.5916999429464,4784.639877517734
1791149739,250,,Aggregated,111.200000,0.000000,14,19,25,30,44,57,120,380,1500,2000,2200,65110,0,14,30.252385433947286,3.6962999729439616,2176.5916999429464,4784.609506988174
1791149740,250,,Aggregated,112.000000,0.000000,14,19,25,30,45,57,120,370,1500,2000,2200,65235,0,14,30.258698769136743,3.6962999729439616,2176.5916999429464,4785.141779719475
1791149741,250,,Aggregated,111.400000,0.000000,14,19,25,30,45,57,120,370,1500,2000,2200,65365,0,14,30.25142657393687,3.6962999729439616,2176.5916999429464,4785.109202172416
1791149742,250,,Aggregated,115.200000,0.000000,14,19,25,31,45,57,120,370,1500,2000,2200,65467,0,14,30.30708130974993,3.6962999729439616,2176.5916999429464,4784.977988910444
1791149743,250,,Aggregated,121.900000,0.000000,14,19,25,31,45,58,120,390,1500,2000,2200,65579,0,14,30.708372346422852,3.6962999729439616,2176.5916999429464,4785.225727748212
1791149744,250,,Aggregated,123.800000,0.000000,14,19,26,31,45,58,130,410,1500,2000,2200,65691,0,14,31.02811360773296,3.6962999729439616,2176.5916999429464,4785.217624941011
1791149745,250,,Aggregated,118.500000,0.000000,14,19,26,31,45,58,130,430,1500,2000,2200,65823,0,14,31.343409241538193,3.6962999729439616,2176.5916999429464,4785.246555155492
1791149746,250,,Aggregated,120.800000,0.000000,14,19,26,31,45,58,130,430,1500,2000,2200,65935,0,14,31.353937189742066,3.6962999729439616,2176.5916999429464,4784.890210055358
1791149747,250,,Aggregated,120.500000,0.000000,14,19,26,31,45,58,140,440,1500,2000,2200,65999,0,14,31.492220006440434,3.6962999729439616,2176.5916999429464,4784.25553417476
1791149748,250,,Aggregated,118.600000,0.000000,14,19,26,31,45,59,150,530,1600,2000,2200,66140,0,14,33.0860382326104,3.6962999729439616,2176.5916999429464,4784.656773510735
1791149749,250,,Aggregated,114.500000,0.000000,14,19,26,31,46,60,160,560,1600,2000,2200,66241,0,14,33.42218129261806,3.6962999729439616,2176.5916999429464,4784.387584728492
1791149750,250,,Aggregated,108.000000,0.000000,14,19,26,31,46,60,160,560,1600,2000,2200,66301,0,14,33.54950733178442,3.6962999729439616,2176.5916999429464,4784.253797076967
1791149751,250,,Aggregated,113.900000,0.000000,14,19,26,31,46,60,160,580,1700,2100,2300,66334,0,14,33.92881031905897,3.6962999729439616,2346.375499968417,4784.347875900745
1791149752,250,,Aggregated,108.100000,0.000000,14,19,26,31,46,61,180,640,1700,2400,2800,66405,0,14,35.296698162861894,3.6962999729439616,2832.8667000168934,4784.369655899405
1791149753,250,,Aggregated,100.600000,0.000000,14,19,26,32,46,62,210,750,2200,2800,3200,66521,0,14,38.50070675733895,3.6962999729439616,3220.1572000049055,4784.111393394567
1791149754,250,,Aggregated,93.900000,0.000000,14,19,26,32,46,62,230,810,2200,2900,3200,66633,0,14,39.76637452171263,3.6962999729439616,3220.1572000049055,4784.100025512884
1791149755,250,,Aggregated,94.000000,0.000000,14,20,26,32,46,63,250,850,2200,2900,3200,66783,0,14,40.486683373102764,3.6962999729439616,3220.1572000049055,4783.638201338664
1791149756,250,,Aggregated,93.100000,0.000000,14,20,26,32,46,63,250,850,2200,2900,3200,66896,0,14,40.45822775810233,3.6962999729439616,3220.1572000049055,4783.424943195408
1791149757,250,,Aggregated,87.700000,0.000000,14,20,26,32,46,63,250,840,2200,2900,3200,67005,0,14,40.4350382644124,3.6962999729439616,3220.1572000049055,4783.825744347437
1791149758,250,,Aggregated,93.700000,0.000000,14,20,26,32,46,63,250,840,2200,2900,3200,67141,0,14,40.403216760349856,3.6962999729439616,3220.1572000049055,4783.892703415201
1791149759,250,,Aggregated,96.300000,0.000000,14,20,26,32,47,63,250,840,2200,2900,3200,67257,0,14,40.387132774375075,3.6962999729439616,3220.1572000049055,4783.487161187683
1791149760,250,,Aggregated,102.600000,0.000000,14,20,26,32,47,63,250,840,2200,2900,3200,67381,0,14,40.36609613996417,3.6962999729439616,3220.1572000049055,4783.791751383921
1791149761,250,,Aggregated,98.000000,0.000000,14,20,26,32,47,63,250,840,2200,2900,3200,67487,0,14,40.42190056613839,3.6962999729439616,3220.1572000049055,4783.576644390771
1791149762,250,,Aggregated,103.200000,0.000000,14,20,27,32,47,64,270,850,2200,2900,3200,67586,0,14,40.823614482389665,3.6962999729439616,3220.1572000049055,4783.5201521025065
1791149763,250,,Aggregated,110.700000,0.000000,14,20,27,32,47,64,280,860,2200,2900,3200,67634,0,14,41.04020818532128,3.6962999729439616,3220.1572000049055,4783.537702930479
1791149764,250,,Aggregated,114.100000,0.000000,14,20,27,32,47,65,340,960,2200,2900,3200,67754,0,14,42.94304324035209,3.6962999729439616,3220.1572000049055,4783.766478731883
1791149765,250,,Aggregated,114.500000,0.000000,14,20,27,32,47,66,370,1000,2300,2900,3200,67852,0,14,44.041495230886646,3.6962999729439616,3220.1572000049055,4783.779977008784
1791149766,250,,Aggregated,105.000000,0.000000,14,20,27,32,48,67,390,1000,2300,2900,3200,67995,0,14,44.74892522842149,3.6962999729439616,3220.1572000049055,4783.670711081697
1791149767,250,,Aggregated,111.200000,0.000000,14,20,27,32,48,67,390,1000,2300,2900,3200,68117,0,14,44.712809472030926,3.6962999729439616,3220.1572000049055,4783.132933041678
1791149768,250,,Aggregated,105.600000,0.000000,14,20,27,33,48,67,390,1000,2300,2900,3200,68248,0,14,44.67837763020448,3.6962999729439616,3220.1572000049055,4783.136209119682
1791149769,250,,Aggregated,107.100000,0.000000,14,20,27,33,48,67,390,1000,2300,2900,3200,68373,0,14,44.63710532236666,3.6962999729439616,3220.1572000049055,4783.247246720197
1791149770,250,,Aggregated,107.900000,0.000000,14,20,27,33,48,67,390,1000,2300,2900,3200,68501,0,14,44.62520140444272,3.6962999729439616,3220.1572000049055,4783.229967445731
1791149771,250,,Aggregated,107.500000,0.000000,14,20,27,33,48,67,390,1000,2300,2900,3200,68624,0,14,44.61893469056816,3.6962999729439616,3220.1572000049055,4783.248790510608
1791149772,250,,Aggregated,107.500000,0.000000,14,20,27,33,48,67,380,1000,2300,2900,3200,68742,0,14,44.58630041321738,3.6962999729439616,3220.1572000049055,4783.323543103197
1791149773,250,,Aggregated,108.500000,0.000000,14,20,27,33,48,67,380,1000,2300,2900,3200,68873,0,14,44.544041611451654,3.6962999729439616,3220.1572000049055,4782.601440332206
1791149774,250,,Aggregated,112.400000,0.000000,14,20,27,33,48,67,380,1000,2300,2900,3200,68996,0,14,44.5037904038726,3.6962999729439616,3220.1572000049055,4782.2914516783585
1791149775,250,,Aggregated,115.300000,0.000000,14,20,27,33,48,67,380,1000,2300,2900,3200,69117,0,14,44.47012857627148,3.6962999729439616,3220.1572000049055,4782.163476424034
1791149776,250,,Aggregated,123.700000,0.000000,14,20,27,33,48,67,380,1000,2300,2900,3200,69241,0,14,44.514194093184145,3.6962999729439616,3220.1572000049055,4782.041478314871
1791149778,250,,Aggregated,123.100000,0.000000,14,20,27,33,48,67,380,1000,2300,2900,3200,69377,0,14,44.47563320849997,3.6962999729439616,3220.1572000049055,4782.250717096444
1791149779,250,,Aggregated,123.300000,0.000000,14,20,27,33,48,67,380,1000,2300,2900,3200,69490,0,14,44.450650309470966,3.6962999729439616,3220.1572000049055,4782.014131529717
1791149780,250,,Aggregated,123.300000,0.000000,14,20,27,33,48,67,380,1000,2300,2900,3200,69626,0,14,44.413460557912174,3.6962999729439616,3220.1572000049055,4782.629807830408
1791149781,250,,Aggregated,123.000000,0.000000,14,20,27,33,48,67,380,1000,2300,2900,3200,69757,0,14,44.38470458885047,3.6962999729439616,3220.1572000049055,4782.681479994839
1791149782,250,,Aggregated,124.800000,0.000000,14,20,27,33,48,67,380,1000,2300,2900,3200,69883,0,14,44.34821962572205,3.6962999729439616,3220.1572000049055,4782.141050040783
1791149783,250,,Aggregated,124.600000,0.000000,14,20,27,33,48,67,380,1000,2200,2900,3200,70014,0,14,44.32961838210057,3.6962999729439616,3220.1572000049055,4781.5736995458055
1791149784,250,,Aggregated,124.700000,0.000000,14,20,27,33,48,67,370,1000,2200,2900,3200,70134,0,14,44.2850469758433,3.6962999729439616,3220.1572000049055,4781.582342373172
1791149785,250,,Aggregated,124.800000,0.000000,14,20,27,33,48,67,370,1000,2200,2900,3200,70251,0,14,44.25542911991822,3.6962999729439616,3220.1572000049055,4781.94697584376
1791149786,250,,Aggregated,124.200000,0.000000,14,20,27,33,48,67,370,1000,2200,2900,3200,70384,0,14,44.21339755346904,3.6962999729439616,3220.1572000049055,4782.315611502614
1791149787,250,,Aggregated,123.100000,0.000000,14,20,27,33,48,67,370,1000,2200,2900,3200,70501,0,14,44.23362286782506,3.6962999729439616,3220.1572000049055,4782.821733025064
1791149788,250,,Aggregated,125.900000,0.000000,14,20,27,33,48,68,370,1000,2200,2900,3200,70598,0,14,44.29239322933575,3.6962999729439616,3220.1572000049055,4782.766650613332
1791149789,250,,Aggregated,124.400000,0.000000,14,20,27,33,48,68,380,1000,2200,2900,3200,70674,0,14,44.41114817478311,3.6962999729439616,3220.1572000049055,4782.392209299035
1791149790,250,,Aggregated,120.700000,0.000000,14,20,28,33,48,69,400,1100,2300,2900,3200,70790,0,14,45.56513346948673,3.6962999729439616,3220.1572000049055,4782.64240711965
1791149791,250,,Aggregated,117.600000,0.000000,14,20,28,33,48,70,440,1100,2300,2900,3200,70899,0,14,46.60668608872754,3.6962999729439616,3220.1572000049055,4782.309214516425
1791149792,250,,Aggregated,114.500000,0.000000,14,20,28,33,49,71,460,1100,2200,2900,3200,71030,0,14,47.100104171537936,3.6962999729439616,3220.1572000049055,4782.547895255526
1791149793,250,,Aggregated,112.600000,0.000000,14,20,28,33,49,71,460,1100,2200,2900,3200,71144,0,14,47.06251260548164,3.6962999729439616,3220.1572000049055,4782.293362757225
1791149794,250,,Aggregated,112.100000,0.000000,14,20,28,33,49,72,460,1100,2200,2900,3200,71236,0,14,47.124198464327286,3.6962999729439616,3220.1572000049055,4782.035684204616
1791149795,250,,Aggregated,112.300000,0.000000,14,20,28,33,49,72,460,1100,2200,2900,3200,71264,0,14,47.284595985419564,3.6962999729439616,3220.1572000049055,4781.812963066906
1791149796,250,,Aggregated,109.800000,0.000000,14,21,28,33,49,74,510,1200,2300,2900,3200,71323,0,14,48.72313884167297,3.6962999729439616,3220.1572000049055,4781.96473788259
1791149797,250,,Aggregated,102.500000,0.000000,14,21,28,34,49,77,590,1200,2400,2900,3200,71460,0,14,51.04983177307878,3.6962999729439616,3220.1572000049055,4781.882353764344
1791149798,250,,Aggregated,92.000000,0.000000,14,21,28,34,50,79,630,1300,2400,3000,3200,71558,0,14,52.49460912552738,3.6962999729439616,3220.1572000049055,4781.827468626848
1791149799,250,,Aggregated,92.800000,0.000000,14,21,28,34,50,80,630,1300,2400,3000,3200,71613,0,14,52.58052676475762,3.6962999729439616,3220.1572000049055,4781.871042967059
1791149800,250,,Aggregated,94.900000,0.000000,14,21,28,34,50,81,650,1300,2500,3000,3200,71649,0,14,53.23584371595801,3.6962999729439616,3220.1572000049055,4781.7371491577
1791149801,250,,Aggregated,93.300000,0.000000,14,21,28,34,50,84,710,1400,2500,3000,3200,71736,0,14,55.39565820794633,3.6962999729439616,3220.1572000049055,4781.997992639679
1791149802,250,,Aggregated,85.100000,0.000000,14,21,29,34,51,90,810,1500,2600,3000,3200,71893,0,14,58.64552295224187,3.6962999729439616,3220.1572000049055,4782.406854631188
1791149803,250,,Aggregated,81.900000,0.000000,14,21,29,34,51,90,810,1500,2600,3000,3200,71954,0,14,58.664005054692794,3.6962999729439616,3220.1572000049055,4782.632153876088
1791149804,250,,Aggregated,79.200000,0.000000,14,21,29,34,51,92,820,1500,2600,3000,3200,72096,0,14,59.128516677842505,3.6962999729439616,3220.1572000049055,4783.068908122504
1791149805,250,,Aggregated,79.000000,0.000000,14,21,29,35,51,94,820,1500,2600,3000,3200,72223,0,14,59.29104480991003,3.6962999729439616,3220.1572000049055,4782.85716461515
1791149806,250,,Aggregated,81.200000,0.000000,14,21,29,35,51,94,820,1500,2600,3000,3200,72346,0,14,59.26894349108435,3.6962999729439616,3220.1572000049055,4782.512467862771
1791149807,250,,Aggregated,88.200000,0.000000,14,21,29,34,51,94,820,1500,2600,3000,3200,72461,0,14,59.21206486394421,3.6962999729439616,3220.1572000049055,4782.520611087343
1791149808,250,,Aggregated,98.000000,0.000000,14,21,29,35,51,94,810,1500,2600,3000,3200,72600,0,14,59.14812705930952,3.6962999729439616,3220.1572000049055,4782.2816253443525
1791149809,250,,Aggregated,98.700000,0.000000,14,21,29,35,51,93,810,1400,2600,3000,3200,72716,0,14,59.09591896289605,3.6962999729439616,3220.1572000049055,4782.452912701468
1791149810,250,,Aggregated,98.500000,0.000000,14,21,29,35,51,93,810,1400,2600,3000,3200,72855,0,14,59.02677265397714,3.6962999729439616,3220.1572000049055,4782.327733168622
