Timestamp,User Count,Type,Name,Requests/s,Failures/s,50%,66%,75%,80%,90%,95%,98%,99%,99.9%,99.99%,100%,Total Request Count,Total Failure Count,Total Median Response Time,Total Average Response Time,Total Min Response Time,Total Max Response Time,Total Average Content Size
1791149821,0,,Aggregated,0.000000,0.000000,N/A,N/A,N/A,N/A,N/A,N/A,N/A,N/A,N/A,N/A,N/A,0,0,0,0.0,0,0,0
1791149822,10,,Aggregated,0.000000,0.000000,520,560,560,560,570,580,580,580,580,580,580,20,0,100,312.05385000794195,30.914600007236004,577.7494000503793,5168.35
1791149823,20,,Aggregated,0.000000,0.000000,110,260,290,550,560,570,580,580,580,580,580,41,0,110,220.5559975643665,14.266399899497628,577.7494000503793,5463.048780487805
1791149824,40,,Aggregated,1.000000,0.000000,110,200,280,290,560,560,570,580,580,580,580,68,0,100,181.0052602993571,5.810000002384186,577.7494000503793,5449.0
1791149825,50,,Aggregated,20.000000,0.000000,110,200,280,290,450,560,570,570,580,580,580,106,0,110,175.26828113587504,5.810000002384186,577.7494000503793,5306.433962264151
1791149826,60,,Aggregated,21.000000,0.000000,86,190,250,280,370,560,570,570,580,580,580,143,0,86,151.18905035306707,5.459200008772314,577.7494000503793,5182.685314685315
1791149827,70,,Aggregated,24.250000,0.000000,100,190,250,280,380,520,560,570,580,580,580,181,0,100,156.63511602359807,5.459200008772314,577.7494000503793,5100.977900552486
1791149828,80,,Aggregated,25.600000,0.000000,91,190,250,280,390,470,560,570,580,580,580,235,0,91,154.34120553248422,5.128600052557886,577.7494000503793,5093.595744680851
1791149829,90,,Aggregated,27.500000,0.000000,100,180,240,280,380,450,560,570,580,580,580,283,0,100,151.6279830390015,5.128600052557886,577.7494000503793,5088.127208480565
1791149830,100,,Aggregated,29.142857,0.000000,100,190,250,280,390,460,560,560,580,580,580,340,0,91,154.29223147015472,5.128600052557886,577.7494000503793,5105.011764705882
1791149831,110,,Aggregated,32.500000,0.000000,91,190,240,280,390,450,550,560,580,580,580,404,0,88,151.26545594124548,5.128600052557886,577.7494000503793,5060.930693069307
1791149832,120,,Aggregated,33.444444,0.000000,86,190,240,280,420,450,520,560,580,580,580,466,0,84,149.73800042953917,5.128600052557886,577.7494000503793,5095.070815450644
1791149833,130,,Aggregated,36.100000,0.000000,77,190,240,280,430,450,490,560,580,580,580,531,0,77,149.20197024554707,5.128600052557886,577.7494000503793,5095.832391713748
1791149834,140,,Aggregated,42.300000,0.000000,84,190,260,290,430,450,480,560,580,580,580,602,0,78,152.88938787410754,5.128600052557886,577.7494000503793,5079.921926910299
1791149835,150,,Aggregated,44.500000,0.000000,84,190,260,290,440,460,490,560,580,580,580,684,0,80,153.57863084717425,5.128600052557886,577.7494000503793,5075.2807017543855
1791149836,160,,Aggregated,48.500000,0.000000,86,200,270,300,440,460,490,560,580,580,580,769,0,86,159.97953237938452,4.501100047491491,577.7494000503793,5070.404421326398
1791149837,170,,Aggregated,51.700000,0.000000,90,210,280,340,440,470,490,550,580,580,580,848,0,88,165.65634280606284,4.501100047491491,577.7494000503793,5038.570754716981
1791149838,180,,Aggregated,56.700000,0.000000,92,220,280,360,440,470,500,550,580,580,580,949,0,92,169.84392191750538,4.501100047491491,577.7494000503793,5023.739726027397
1791149839,190,,Aggregated,61.300000,0.000000,98,230,290,360,450,480,510,550,570,580,580,1037,0,98,173.71770588226667,4.501100047491491,577.7494000503793,5012.976856316297
1791149840,200,,Aggregated,65.400000,0.000000,110,250,330,380,460,500,570,650,790,810,810,1160,0,110,188.31227724159393,4.501100047491491,805.1948000211269,4980.731896551724
1791149841,210,,Aggregated,70.100000,0.000000,110,250,340,380,460,510,560,650,790,810,810,1258,0,110,189.32623410225804,4.501100047491491,805.1948000211269,4973.310015898252
1791149842,220,,Aggregated,74.500000,0.000000,110,250,340,390,470,520,570,650,790,810,810,1365,0,110,193.1043627843322,4.501100047491491,805.1948000211269,4970.230036630037
1791149843,230,,Aggregated,80.900000,0.000000,120,260,350,390,470,520,570,650,790,810,810,1467,0,120,196.6652905935264,4.501100047491491,805.1948000211269,4950.223585548739
1791149844,240,,Aggregated,84.200000,0.000000,130,280,360,400,480,540,600,670,900,930,930,1595,0,130,205.81514846386102,4.501100047491491,930.1294999895617,4943.948589341693
1791149845,250,,Aggregated,0.000000,0.000000,280,280,390,650,670,770,770,770,770,770,770,13,0,280,345.4928845973112,94.54329998698086,766.2158999592066,5546.538461538462
1791149846,250,,Aggregated,0.000000,0.000000,130,150,200,200,300,400,650,670,770,770,770,143,0,130,156.33267482052315,11.46469998639077,766.2158999592066,4967.762237762237
1791149847,250,,Aggregated,0.000000,0.000000,130,180,240,280,390,520,600,670,770,770,770,275,0,130,176.97090290613812,10.50159998703748,766.2158999592066,4900.938181818182
1791149848,250,,Aggregated,69.000000,0.000000,150,230,290,340,450,540,580,670,770,770,770,378,0,150,203.01304656055032,10.50159998703748,766.2158999592066,4901.428571428572
1791149849,250,,Aggregated,79.500000,0.000000,150,240,300,370,520,560,650,670,770,770,770,453,0,150,213.15324238309262,10.50159998703748,766.2158999592066,4887.757174392936
1791149850,250,,Aggregated,93.333333,0.000000,170,270,320,380,520,560,660,690,810,810,810,602,0,160,221.5037564762506,5.538400029763579,813.9298000605777,4836.375415282392
1791149851,250,,Aggregated,105.500000,0.000000,160,250,320,350,470,550,650,680,810,810,810,723,0,160,213.11060082744473,5.538400029763579,813.9298000605777,4863.807745504841
1791149852,250,,Aggregated,101.800000,0.000000,160,270,330,380,510,570,660,690,810,810,810,805,0,160,221.85592297840608,5.538400029763579,813.9298000605777,4814.855900621118
1791149853,250,,Aggregated,102.500000,0.000000,160,260,340,380,520,620,710,790,920,920,920,937,0,160,225.32533980638144,5.538400029763579,918.6980000231415,4833.248665955176
1791149854,250,,Aggregated,105.857143,0.000000,170,280,360,390,540,630,710,790,920,920,920,976,0,170,235.1193281753441,5.538400029763579,918.6980000231415,4821.0276639344265
1791149855,250,,Aggregated,107.250000,0.000000,180,290,380,440,600,790,1000,1100,1500,1500,1500,1056,0,180,267.91289867359217,5.538400029763579,1530.3624999942258,4820.428977272727
1791149856,250,,Aggregated,104.777778,0.000000,200,320,420,520,770,1200,1400,2000,2800,2800,2800,1136,0,200,331.657106336985,5.538400029763579,2765.176900080405,4829.404049295775
1791149857,250,,Aggregated,98.700000,0.000000,210,370,520,600,1200,1400,2300,2300,3000,3100,3100,1252,0,210,417.33247579779095,5.538400029763579,3101.376900100149,4787.392971246007
1791149858,250,,Aggregated,100.500000,0.000000,200,360,500,580,1100,1400,2300,2300,3100,3500,3500,1383,0,200,409.84882790977787,5.538400029763579,3506.8393000401556,4792.037599421547
1791149859,250,,Aggregated,102.000000,0.000000,210,350,480,550,1100,1400,2300,2300,3100,3500,3500,1497,0,210,397.81488356597004,5.538400029763579,3506.8393000401556,4806.060788243153
1791149860,250,,Aggregated,103.000000,0.000000,210,330,450,540,1000,1400,2300,2300,3100,3500,3500,1581,0,210,386.2869769755538,5.538400029763579,3506.8393000401556,4805.320050600885
1791149861,250,,Aggregated,97.100000,0.000000,210,330,420,520,1000,1400,2200,2300,3100,3500,3500,1725,0,210,375.86306747710466,5.538400029763579,3506.8393000401556,4800.908985507246
1791149862,250,,Aggregated,103.100000,0.000000,200,320,410,520,960,1400,2200,2300,3100,3500,3500,1795,0,200,366.6174129795667,5.538400029763579,3506.8393000401556,4783.298050139276
1791149863,250,,Aggregated,100.100000,0.000000,200,320,440,540,950,1400,2200,2300,3100,3500,3500,1864,0,200,374.60915557846533,5.538400029763579,3506.8393000401556,4787.832618025751
1791149864,250,,Aggregated,100.700000,0.000000,210,340,470,560,1000,1400,2100,2300,3100,3500,3500,1946,0,210,391.751727543162,5.538400029763579,3506.8393000401556,4769.769784172662
1791149865,250,,Aggregated,93.800000,0.000000,210,360,520,660,1200,1600,2300,2700,3000,3500,3500,2059,0,210,436.2781528893934,5.538400029763579,3506.8393000401556,4764.9941719281205
1791149866,250,,Aggregated,94.400000,0.000000,220,380,540,680,1200,1800,2300,2800,3200,3500,3500,2174,0,220,453.1243160069173,5.538400029763579,3506.8393000401556,4758.826126954922
1791149867,250,,Aggregated,97.900000,0.000000,220,360,520,630,1200,1700,2300,2800,3200,3500,3500,2318,0,220,437.5415775236172,5.538400029763579,3506.8393000401556,4773.3744607420185
1791149868,250,,Aggregated,102.000000,0.000000,210,350,510,630,1200,1600,2300,2800,3200,3500,3500,2344,0,210,433.05958860918145,5.538400029763579,3506.8393000401556,4770.441552901024
1791149869,250,,Aggregated,102.000000,0.000000,210,350,510,630,1200,1700,2300,2800,3200,3500,3500,2347,0,210,434.43366369827953,5.538400029763579,3506.8393000401556,4771.949296974862
1791149870,250,,Aggregated,102.900000,0.000000,210,350,510,630,1200,1700,2300,2800,3200,3500,3500,2348,0,210,435.0812659709749,5.538400029763579,3506.8393000401556,4772.425894378194
1791149872,250,,Aggregated,95.100000,0.000000,210,350,520,630,1200,1700,2300,2800,3400,3500,3500,2351,0,210,438.1573226711678,5.538400029763579,3506.8393000401556,4769.488302849851
1791149873,250,,Aggregated,73.200000,0.000000,220,370,540,690,1300,2000,3000,4400,4600,4700,4700,2394,0,220,506.37002038443035,5.538400029763579,4661.409000051208,4773.625313283208
1791149874,250,,Aggregated,60.300000,0.000000,230,390,570,810,1400,2800,4600,4700,5000,5000,5000,2457,0,230,610.9073385024859,5.538400029763579,4988.163499976508,4771.002442002442
1791149875,250,,Aggregated,59.700000,0.000000,230,400,620,880,1800,4400,4800,5000,5400,5600,5600,2495,0,230,666.02024677385,5.538400029763579,5634.873200091533,4768.009619238477
1791149876,250,,Aggregated,56.600000,0.000000,240,430,690,1000,2300,4700,5600,5700,7300,7500,7500,2584,0,240,797.1897869197967,5.538400029763579,7480.510300025344,4771.989938080495
1791149877,250,,Aggregated,52.600000,0.000000,250,490,840,1100,2700,4900,5700,6400,7500,8100,8100,2706,0,250,886.1802191797407,5.538400029763579,8148.073200020008,4779.122320768663
1791149878,250,,Aggregated,52.600000,0.000000,250,500,830,1100,2500,4900,5700,6500,7700,8100,8100,2818,0,250,887.8857926543236,5.538400029763579,8148.073200020008,4784.0010645848115
1791149879,250,,Aggregated,49.200000,0.000000,260,520,820,1100,2400,4900,5700,6500,7700,8100,8100,2878,0,260,881.8606883945957,5.538400029763579,8148.073200020008,4793.35892981237
1791149880,250,,Aggregated,47.900000,0.000000,270,550,810,1100,2300,4800,5700,6400,7700,8100,8100,3005,0,270,870.4321652245607,5.538400029763579,8148.073200020008,4796.2462562396
1791149881,250,,Aggregated,52.200000,0.000000,280,550,800,1000,2300,4800,5700,6400,7700,8100,8100,3088,0,280,862.600394365543,5.538400029763579,8148.073200020008,4794.838082901554
1791149882,250,,Aggregated,64.200000,0.000000,280,550,780,1000,2200,4800,5700,6400,7700,8100,8100,3191,0,280,851.380373457002,5.538400029763579,8148.073200020008,4803.751488561579
1791149883,250,,Aggregated,73.200000,0.000000,290,560,770,1000,2100,4700,5700,6400,7700,8100,8100,3302,0,290,843.0509305272326,5.538400029763579,8148.073200020008,4803.397940642035
1791149884,250,,Aggregated,81.900000,0.000000,300,560,770,1000,2100,4700,5700,6400,7700,8100,8100,3383,0,300,837.7503339047942,5.538400029763579,8148.073200020008,4807.326337570204
1791149885,250,,Aggregated,89.200000,0.000000,300,570,790,1000,2100,4700,5700,5900,7700,8100,8100,3451,0,300,832.7542803821974,5.538400029763579,8148.073200020008,4806.401622718053
1791149886,250,,Aggregated,92.200000,0.000000,310,580,820,1000,2000,4700,5700,5800,7700,8100,8100,3578,0,310,832.1091466738966,5.538400029763579,8148.073200020008,4803.534656232532
1791149887,250,,Aggregated,94.400000,0.000000,320,600,830,1000,2000,4700,5700,5800,7700,8100,8100,3647,0,320,832.2423989029396,5.538400029763579,8148.073200020008,4809.127227858514
1791149888,250,,Aggregated,98.200000,0.000000,320,600,840,1000,2000,4700,5700,5800,7700,8100,8100,3701,0,320,830.5946724935427,5.538400029763579,8148.073200020008,4813.753039718995
1791149889,250,,Aggregated,95.300000,0.000000,330,620,900,1100,2000,4600,5700,5800,7700,8100,8100,3806,0,330,840.8273437198181,5.538400029763579,8148.073200020008,4809.9429847609035
1791149890,250,,Aggregated,86.800000,0.000000,350,650,930,1200,2000,4600,5700,5800,7700,8100,8100,3917,0,350,851.6802640282816,5.538400029763579,8148.073200020008,4808.791422006638
1791149891,250,,Aggregated,91.200000,0.000000,350,660,920,1200,2000,4600,5700,5800,7700,8100,8100,3979,0,350,847.7153110073996,5.538400029763579,8148.073200020008,4808.957778336266
1791149892,250,,Aggregated,90.700000,0.000000,350,660,920,1200,2000,4500,5600,5800,7600,8100,8100,4108,0,350,841.3827672583516,5.538400029763579,8148.073200020008,4818.028237585199
1791149893,250,,Aggregated,88.300000,0.000000,360,660,920,1200,2000,4500,5600,5800,7600,8100,8100,4208,0,360,835.4804678941524,5.538400029763579,8148.073200020008,4815.5967205323195
1791149894,250,,Aggregated,90.400000,0.000000,360,650,910,1100,2000,4500,5600,5800,7600,8100,8100,4289,0,360,828.9106204006446,5.538400029763579,8148.073200020008,4811.600839356493
1791149895,250,,Aggregated,89.600000,0.000000,360,660,910,1100,2000,4500,5600,5800,7600,8100,8100,4348,0,360,826.7918606941492,5.538400029763579,8148.073200020008,4813.424333026679
1791149896,250,,Aggregated,89.800000,0.000000,370,670,920,1200,2000,4500,5600,5800,7600,8100,8100,4388,0,370,830.4165085911778,5.538400029763579,8148.073200020008,4810.620783956244
1791149897,250,,Aggregated,90.500000,0.000000,370,680,950,1200,2000,4400,5600,5800,7600,8100,8100,4477,0,370,839.9589631891046,5.538400029763579,8148.073200020008,4809.7359839178025
1791149898,250,,Aggregated,80.600000,0.000000,380,700,990,1200,2000,4400,5600,5800,7600,8100,8100,4567,0,380,858.7121085168912,5.538400029763579,8148.073200020008,4801.30851762645
1791149899,250,,Aggregated,80.900000,0.000000,390,710,1000,1200,2000,4400,5600,5800,7600,8100,8100,4616,0,390,866.3577105495591,5.538400029763579,8148.073200020008,4796.7842287694975
1791149900,250,,Aggregated,85.100000,0.000000,390,710,1000,1200,2000,4400,5600,5800,7600,8100,8100,4677,0,390,870.1587657893512,5.538400029763579,8148.073200020008,4796.255291853752
1791149901,250,,Aggregated,82.100000,0.000000,390,730,1100,1300,2100,4400,5600,5800,7600,8100,8100,4758,0,390,886.2940201338565,5.538400029763579,8148.073200020008,4799.013661202186
1791149902,250,,Aggregated,75.300000,0.000000,400,750,1100,1300,2100,4400,5600,5800,7600,8100,8100,4855,0,400,898.3391801847997,5.538400029763579,8148.073200020008,4801.741709577755
1791149903,250,,Aggregated,76.300000,0.000000,410,760,1200,1300,2200,4400,5600,5800,7600,8100,8100,4914,0,410,907.4588693522448,5.538400029763579,8148.073200020008,4803.4973544973545
1791149904,250,,Aggregated,74.800000,0.000000,410,760,1200,1400,2200,4400,5600,5800,7600,8100,8100,4945,0,410,909.2275701914288,5.538400029763579,8148.073200020008,4801.922548028311
1791149905,250,,Aggregated,71.300000,0.000000,420,770,1200,1400,2200,4400,5600,5800,7500,8100,8100,5021,0,420,918.4926483561319,5.538400029763579,8148.073200020008,4798.574188408684
1791149906,250,,Aggregated,65.800000,0.000000,440,820,1200,1500,2300,4400,5600,5800,7500,8100,8100,5195,0,440,949.7668298547801,5.538400029763579,8148.073200020008,4808.547256977863
1791149907,250,,Aggregated,63.300000,0.000000,430,810,1200,1500,2300,4400,5600,5800,7500,8100,8100,5254,0,430,942.694935362633,5.538400029763579,8148.073200020008,4804.988770460602
1791149908,250,,Aggregated,72.400000,0.000000,430,800,1200,1400,2300,4300,5600,5800,7500,8100,8100,5315,0,430,936.7661723604002,5.538400029763579,8148.073200020008,4804.532455315146
1791149909,250,,Aggregated,75.300000,0.000000,430,810,1200,1400,2200,4300,5600,5800,7500,8100,8100,5373,0,430,935.6542671870511,5.538400029763579,8148.073200020008,4806.8550158198395
1791149910,250,,Aggregated,73.600000,0.000000,440,810,1200,1500,2200,4300,5600,5800,7500,8100,8100,5440,0,430,937.638966341247,5.538400029763579,8148.073200020008,4804.339522058824
1791149911,250,,Aggregated,74.200000,0.000000,440,830,1200,1500,2300,4200,5600,5800,7500,8100,8100,5486,0,440,947.2397990150907,5.538400029763579,8148.073200020008,4805.617389719286
1791149912,250,,Aggregated,76.000000,0.000000,440,840,1200,1500,2300,4200,5600,5800,7500,8100,8100,5543,0,440,958.071111834184,5.538400029763579,8148.073200020008,4803.77485116363
1791149913,250,,Aggregated,72.600000,0.000000,450,850,1300,1500,2400,4300,5600,5800,7500,8100,8100,5594,0,450,967.3048884513454,5.538400029763579,8148.073200020008,4798.077940650697
1791149914,250,,Aggregated,66.800000,0.000000,450,870,1300,1500,2600,4300,5600,5800,7500,8100,8100,5666,0,450,983.6128006524963,5.538400029763579,8148.073200020008,4789.536710201201
1791149915,250,,Aggregated,67.100000,0.000000,460,900,1300,1600,2700,4400,5600,5900,7500,8100,8100,5753,0,460,1010.4015397178314,5.538400029763579,8148.073200020008,4791.702068486007
1791149916,250,,Aggregated,67.600000,0.000000,470,920,1400,1600,2700,4400,5600,6100,7600,8400,8400,5884,0,470,1028.9564543331826,5.538400029763579,8359.703800058924,4794.349932019035
1791149917,250,,Aggregated,70.200000,0.000000,460,910,1300,1600,2700,4400,5600,6100,7600,8400,8400,5963,0,460,1019.6605892664919,5.538400029763579,8359.703800058924,4792.253731343284
1791149918,250,,Aggregated,70.000000,0.000000,460,910,1300,1600,2700,4400,5600,6100,7600,8400,8400,5976,0,460,1019.8405022249447,5.538400029763579,8359.703800058924,4792.41047523427
1791149919,250,,Aggregated,70.900000,0.000000,470,920,1400,1600,2700,4400,5600,6000,7600,8400,8400,6068,0,470,1018.8748645181232,5.538400029763579,8359.703800058924,4796.485168094924
1791149920,250,,Aggregated,69.000000,0.000000,490,980,1400,1600,2700,4400,5600,5900,7600,8400,8400,6208,0,490,1030.5338657208924,5.538400029763579,8359.703800058924,4795.577641752578
1791149921,250,,Aggregated,65.900000,0.000000,480,960,1400,1600,2700,4400,5600,5900,7600,8400,8400,6307,0,480,1023.3403099881144,5.538400029763579,8359.703800058924,4794.634850166482
1791149922,250,,Aggregated,68.400000,0.000000,480,960,1400,1600,2700,4400,5600,5900,7600,8400,8400,6310,0,480,1023.3102324397876,5.538400029763579,8359.703800058924,4793.534548335974
1791149923,250,,Aggregated,78.000000,0.000000,490,980,1400,1600,2600,4300,5600,5900,7600,8400,8400,6377,0,490,1024.1706691697052,5.538400029763579,8359.703800058924,4797.007527050338
1791149924,250,,Aggregated,81.700000,0.000000,500,1000,1400,1600,2600,4300,5600,5900,7600,8400,8400,6459,0,500,1031.2357802283188,5.538400029763579,8359.703800058924,4796.106827682303
1791149925,250,,Aggregated,74.700000,0.000000,520,1100,1500,1700,2700,4300,5600,5900,7600,8400,8400,6598,0,520,1045.758391178388,5.538400029763579,8359.703800058924,4799.49317975144
1791149926,250,,Aggregated,77.100000,0.000000,500,1000,1500,1700,2700,4200,5600,5800,7600,8400,8400,6682,0,500,1037.8588999543729,5.538400029763579,8359.703800058924,4803.947171505537
1791149927,250,,Aggregated,80.000000,0.000000,490,1000,1500,1700,2600,4200,5500,5800,7600,8400,8400,6808,0,490,1024.715568169044,5.538400029763579,8359.703800058924,4799.274676850764
1791149928,250,,Aggregated,82.700000,0.000000,480,980,1400,1600,2600,4100,5500,5800,7600,8400,8400,6903,0,480,1016.8286116608614,5.538400029763579,8359.703800058924,4801.806750688107
1791149929,250,,Aggregated,76.900000,0.000000,470,950,1400,1600,2600,4000,5500,5800,7500,8400,8400,7019,0,470,1006.7379941722412,5.538400029763579,8359.703800058924,4799.803533266847
1791149930,250,,Aggregated,84.900000,0.000000,460,930,1400,1600,2600,4000,5500,5800,7500,8400,8400,7127,0,460,996.5464511428189,5.538400029763579,8359.703800058924,4803.255787849025
1791149931,250,,Aggregated,90.600000,0.000000,450,910,1400,1600,2500,4000,5500,5800,7500,8400,8400,7235,0,450,985.8128537103706,5.538400029763579,8359.703800058924,4805.100207325501
1791149932,250,,Aggregated,93.400000,0.000000,450,900,1400,1600,2500,3900,5400,5800,7500,8400,8400,7322,0,450,979.6802966531087,5.538400029763579,8359.703800058924,4805.7476099426385
1791149933,250,,Aggregated,90.000000,0.000000,450,890,1300,1600,2500,3900,5400,5800,7500,8400,8400,7452,0,450,971.4658286223967,5.538400029763579,8359.703800058924,4803.036500268385
1791149934,250,,Aggregated,92.800000,0.000000,440,870,1300,1500,2400,3900,5400,5800,7500,8400,8400,7550,0,440,961.0380962641527,5.538400029763579,8359.703800058924,4795.992185430464
1791149936,250,,Aggregated,101.100000,0.000000,450,850,1300,1500,2400,3800,5400,5800,7500,8400,8400,7637,0,450,956.1171670020477,5.538400029763579,8359.703800058924,4790.894592117324
1791149937,250,,Aggregated,107.500000,0.000000,440,830,1300,1500,2400,3700,5300,5800,7500,8400,8400,7790,0,440,944.345057894062,5.538400029763579,8359.703800058924,4787.412323491656
1791149938,250,,Aggregated,102.300000,0.000000,440,820,1300,1500,2400,3600,5300,5800,7500,8400,8400,7837,0,440,941.6885090716095,5.538400029763579,8359.703800058924,4786.337629194845
1791149939,250,,Aggregated,110.600000,0.000000,440,810,1300,1500,2300,3500,5300,5800,7500,8400,8400,7957,0,440,934.0339860367196,5.538400029763579,8359.703800058924,4783.7833354279255
1791149940,250,,Aggregated,102.000000,0.000000,440,800,1200,1500,2300,3400,5300,5800,7500,8400,8400,8070,0,440,927.9455044230791,5.538400029763579,8359.703800058924,4787.248698884759
1791149941,250,,Aggregated,104.800000,0.000000,430,780,1200,1500,2300,3400,5100,5800,7500,8400,8400,8208,0,430,916.6438752429555,5.538400029763579,8359.703800058924,4785.268640350877
1791149942,250,,Aggregated,103.200000,0.000000,440,770,1200,1500,2300,3300,5100,5800,7500,8400,8400,8288,0,440,912.1517828419527,5.538400029763579,8359.703800058924,4782.656008687259
1791149943,250,,Aggregated,107.100000,0.000000,430,760,1200,1500,2300,3300,5000,5800,7500,8400,8400,8405,0,430,902.7202812960601,5.538400029763579,8359.703800058924,4786.03497917906
1791149944,250,,Aggregated,103.600000,0.000000,430,740,1200,1500,2200,3300,5000,5800,7500,8400,8400,8541,0,430,894.3757688318714,5.538400029763579,8359.703800058924,4787.335206650275
1791149945,250,,Aggregated,107.700000,0.000000,420,740,1200,1400,2200,3300,5000,5800,7500,8400,8400,8625,0,420,888.5683697382312,5.538400029763579,8359.703800058924,4787.470492753623
1791149946,250,,Aggregated,105.400000,0.000000,410,720,1200,1400,2200,3300,5000,5800,7500,8400,8400,8767,0,410,877.3018218651615,5.538400029763579,8359.703800058924,4786.498802326908
1791149947,250,,Aggregated,104.400000,0.000000,410,710,1100,1400,2200,3300,5000,5700,7500,8400,8400,8817,0,410,872.9688153104463,5.538400029763579,8359.703800058924,4786.005330611319
1791149948,250,,Aggregated,111.200000,0.000000,400,700,1100,1400,2100,3300,5000,5700,7500,8400,8400,8993,0,400,861.4517845982922,5.538400029763579,8359.703800058924,4788.747136661848
1791149949,250,,Aggregated,101.900000,0.000000,400,690,1100,1400,2100,3300,5000,5700,7500,8400,8400,9102,0,400,853.8602935499691,5.538400029763579,8359.703800058924,4788.617996044825
1791149950,250,,Aggregated,114.600000,0.000000,390,680,1100,1400,2100,3200,5000,5700,7500,8400,8400,9186,0,390,846.7795800230809,5.36339997779578,8359.703800058924,4790.403004572175
1791149951,250,,Aggregated,111.100000,0.000000,390,670,1000,1400,2100,3200,5000,5700,7500,8400,8400,9324,0,390,839.0884207842437,5.36339997779578,8359.703800058924,4791.769519519519
1791149952,250,,Aggregated,112.400000,0.000000,380,660,1000,1300,2000,3200,5000,5700,7500,8400,8400,9435,0,380,830.8762319122699,5.36339997779578,8359.703800058924,4790.482882882883
1791149953,250,,Aggregated,110.100000,0.000000,380,650,990,1300,2000,3200,5000,5700,7500,8400,8400,9548,0,380,824.8341982816196,5.36339997779578,8359.703800058924,4791.58431085044
1791149954,250,,Aggregated,114.400000,0.000000,380,640,980,1300,2000,3200,4900,5700,7500,8400,8400,9622,0,380,819.7532781119867,5.36339997779578,8359.703800058924,4791.485034296404
1791149955,250,,Aggregated,111.000000,0.000000,380,640,970,1300,2000,3200,4900,5700,7500,8400,8400,9752,0,380,815.8268854792955,5.36339997779578,8359.703800058924,4793.619360131255
1791149956,250,,Aggregated,111.400000,0.000000,380,630,950,1300,2000,3200,4900,5700,7500,8400,8400,9864,0,380,809.4190077245239,5.36339997779578,8359.703800058924,4795.024837793999
1791149957,250,,Aggregated,111.100000,0.000000,370,630,930,1300,2000,3100,4900,5700,7500,8400,8400,9965,0,370,803.0849943998608,5.36339997779578,8359.703800058924,4795.980230807827
1791149958,250,,Aggregated,110.200000,0.000000,370,620,920,1200,2000,3100,4900,5700,7400,8100,8400,10114,0,370,796.0818770017629,5.36339997779578,8359.703800058924,4794.707138619735
1791149959,250,,Aggregated,115.100000,0.000000,370,620,920,1200,2000,3100,4900,5700,7400,8100,8400,10139,0,370,794.4867084718068,5.36339997779578,8359.703800058924,4794.743564454088
1791149960,250,,Aggregated,108.200000,0.000000,370,620,910,1200,2000,3100,4800,5700,7400,8100,8400,10320,0,370,787.6573382940097,5.36339997779578,8359.703800058924,4792.083430232558
1791149961,250,,Aggregated,107.200000,0.000000,370,610,900,1200,2000,3100,4800,5700,7400,8100,8400,10390,0,370,784.5013544748311,5.36339997779578,8359.703800058924,4794.206833493744
1791149962,250,,Aggregated,108.700000,0.000000,370,610,890,1200,1900,3100,4800,5700,7400,8100,8400,10515,0,370,778.4039174601913,5.36339997779578,8359.703800058924,4798.7628150261535
1791149963,250,,Aggregated,103.900000,0.000000,370,600,870,1200,1900,3000,4800,5700,7400,8100,8400,10629,0,370,773.8587832809994,5.36339997779578,8359.703800058924,4799.870072443316
1791149964,250,,Aggregated,108.200000,0.000000,360,600,860,1200,1900,3000,4800,5700,7400,8100,8400,10742,0,360,767.0536184875763,5.36339997779578,8359.703800058924,4802.139173338298
1791149965,250,,Aggregated,105.300000,0.000000,360,590,850,1200,1900,3000,4800,5700,7400,8100,8400,10834,0,360,762.1789378339827,5.36339997779578,8359.703800058924,4802.148421635592
1791149966,250,,Aggregated,110.100000,0.000000,350,580,840,1100,1900,3000,4800,5700,7400,8100,8400,10984,0,350,755.401765531146,5.36339997779578,8359.703800058924,4803.057265112891
1791149967,250,,Aggregated,112.400000,0.000000,350,580,830,1100,1900,3000,4700,5700,7400,8100,8400,11058,0,350,751.6725068090497,5.36339997779578,8359.703800058924,4802.694519804666
1791149968,250,,Aggregated,106.700000,0.000000,340,570,810,1100,1900,2900,4700,5700,7400,8100,8400,11215,0,340,743.3675469186844,4.7327999491244555,8359.703800058924,4803.765403477486
1791149969,250,,Aggregated,106.100000,0.000000,340,570,810,1100,1900,2900,4700,5700,7400,8100,8400,11303,0,340,739.3750720952695,4.7327999491244555,8359.703800058924,4804.8617181279305
1791149970,250,,Aggregated,112.500000,0.000000,340,560,800,1100,1900,2900,4700,5700,7400,8100,8400,11394,0,340,734.7438216160737,4.7327999491244555,8359.703800058924,4803.963226259435
1791149971,250,,Aggregated,111.400000,0.000000,340,560,780,1100,1800,2800,4700,5700,7400,8100,8400,11546,0,340,728.9511179450761,4.7327999491244555,8359.703800058924,4803.787718690455
1791149972,250,,Aggregated,111.600000,0.000000,330,550,770,1000,1800,2800,4700,5600,7400,8100,8400,11657,0,330,723.8172977261311,4.7327999491244555,8359.703800058924,4802.182722827486
1791149973,250,,Aggregated,115.800000,0.000000,330,550,770,1000,1800,2800,4700,5600,7400,8100,8400,11705,0,330,721.2615852280106,4.7327999491244555,8359.703800058924,4803.642887654848
1791149974,250,,Aggregated,108.700000,0.000000,330,560,770,1000,1800,2800,4700,5600,7400,8100,8400,11831,0,330,720.0784390241544,4.7327999491244555,8359.703800058924,4804.097371312653
1791149975,250,,Aggregated,113.700000,0.000000,330,560,760,1000,1800,2800,4700,5600,7400,8100,8400,11969,0,330,716.5044478314258,4.7327999491244555,8359.703800058924,4802.489765226836
1791149976,250,,Aggregated,104.900000,0.000000,330,560,760,1000,1800,2800,4700,5600,7400,8100,8400,11983,0,330,716.0898269460204,4.7327999491244555,8359.703800058924,4802.05265793207
1791149977,250,,Aggregated,109.500000,0.000000,340,560,760,1000,1800,2800,4700,5600,7400,8100,8400,12154,0,340,713.9365073631736,4.7327999491244555,8359.703800058924,4799.055866381438
1791149978,250,,Aggregated,105.800000,0.000000,340,560,760,1000,1800,2800,4700,5600,7400,8100,8400,12249,0,340,710.9523245237302,4.7327999491244555,8359.703800058924,4799.601518491306
1791149979,250,,Aggregated,106.100000,0.000000,340,560,760,1000,1800,2800,4700,5600,7400,8100,8400,12340,0,340,709.2237850640585,4.7327999491244555,8359.703800058924,4798.20510534846
1791149980,250,,Aggregated,105.000000,0.000000,340,560,750,980,1800,2800,4700,5600,7400,8100,8400,12467,0,340,706.4886487840442,4.7327999491244555,8359.703800058924,4797.98572230689
1791149981,250,,Aggregated,100.700000,0.000000,340,560,750,980,1800,2800,4600,5600,7400,8100,8400,12538,0,340,704.0488219963861,4.7327999491244555,8359.703800058924,4796.909076407721
1791149982,250,,Aggregated,102.900000,0.000000,340,560,750,980,1800,2800,4600,5600,7400,8100,8400,12605,0,340,703.8335702412509,4.7327999491244555,8359.703800058924,4797.772947243157
1791149983,250,,Aggregated,102.900000,0.000000,340,570,760,1000,1800,2800,4600,5600,7400,8100,8400,12701,0,340,705.7671059751613,4.7327999491244555,8359.703800058924,4799.166837256909
1791149984,250,,Aggregated,97.600000,0.000000,340,570,770,1000,1800,2700,4600,5600,7400,8100,8400,12850,0,340,708.0789728864312,4.7327999491244555,8359.703800058924,4800.121712062257
1791149985,250,,Aggregated,92.700000,0.000000,340,570,770,1000,1800,2700,4600,5600,7400,8100,8400,12888,0,340,706.3077957162028,4.7327999491244555,8359.703800058924,4799.927374301676
1791149986,250,,Aggregated,100.600000,0.000000,340,570,770,1000,1800,2700,4600,5600,7300,8100,8400,13006,0,340,705.1116280478442,4.7327999491244555,8359.703800058924,4799.147393510687
1791149987,250,,Aggregated,95.500000,0.000000,350,570,770,1000,1800,2700,4600,5600,7300,8100,8400,13151,0,350,703.3714370079308,4.7327999491244555,8359.703800058924,4800.6118926317395
1791149988,250,,Aggregated,94.700000,0.000000,350,570,770,1000,1800,2700,4600,5600,7300,8100,8400,13214,0,340,701.4178146504173,4.7327999491244555,8359.703800058924,4801.130240653852
1791149989,250,,Aggregated,99.500000,0.000000,340,570,760,980,1700,2700,4600,5600,7300,8100,8400,13372,0,340,696.0163841976301,4.7327999491244555,8359.703800058924,4800.937032605444
1791149990,250,,Aggregated,92.800000,0.000000,340,570,760,970,1700,2700,4500,5600,7300,8100,8400,13483,0,340,692.6381356739025,4.7327999491244555,8359.703800058924,4802.063561521916
1791149991,250,,Aggregated,104.800000,0.000000,340,560,750,960,1700,2700,4500,5600,7300,8100,8400,13579,0,340,689.4141006547625,4.7327999491244555,8359.703800058924,4802.859709846086
1791149992,250,,Aggregated,96.700000,0.000000,340,560,740,950,1700,2600,4500,5500,7300,8100,8400,13689,0,340,684.9962369925548,4.7327999491244555,8359.703800058924,4800.8951713054275
1791149993,250,,Aggregated,99.500000,0.000000,330,550,740,940,1700,2600,4500,5500,7300,8100,8400,13843,0,330,679.5097755971333,4.7327999491244555,8359.703800058924,4802.376002311637
1791149994,250,,Aggregated,109.800000,0.000000,330,550,730,930,1700,2600,4500,5500,7300,8100,8400,13905,0,330,676.807969046433,4.7327999491244555,8359.703800058924,4802.85969075872
1791149995,250,,Aggregated,110.500000,0.000000,320,550,730,920,1700,2600,4500,5500,7300,8100,8400,14052,0,320,671.5061932742989,4.7327999491244555,8359.703800058924,4802.906988329063
1791149996,250,,Aggregated,109.800000,0.000000,320,540,720,920,1700,2600,4500,5500,7300,8100,8400,14174,0,320,668.474070170052,4.7327999491244555,8359.703800058924,4802.125723155073
1791149997,250,,Aggregated,109.900000,0.000000,320,540,720,910,1700,2600,4500,5500,7300,8100,8400,14274,0,320,665.6275174086813,4.7327999491244555,8359.703800058924,4803.309233571528
1791149998,250,,Aggregated,113.700000,0.000000,320,540,710,900,1700,2600,4500,5500,7300,8100,8400,14354,0,320,662.5946590839709,4.7327999491244555,8359.703800058924,4804.012191723561
1791149999,250,,Aggregated,113.400000,0.000000,320,530,710,890,1600,2500,4500,5400,7300,8100,8400,14503,0,320,657.6850225051005,4.7327999491244555,8359.703800058924,4805.166379369785
1791150000,250,,Aggregated,116.400000,0.000000,310,530,700,880,1600,2500,4500,5400,7300,8100,8400,14621,0,310,654.1141380064358,4.7327999491244555,8359.703800058924,4803.351822720744
1791150001,250,,Aggregated,112.100000,0.000000,310,520,700,870,1600,2500,4400,5400,7300,8100,8400,14725,0,310,650.0857074630109,4.408400040119886,8359.703800058924,4801.393344651952
1791150002,250,,Aggregated,114.300000,0.000000,310,520,690,860,1600,2500,4400,5400,7300,8100,8400,14866,0,310,647.1850075738375,4.408400040119886,8359.703800058924,4801.027108838962
1791150003,250,,Aggregated,114.800000,0.000000,310,520,690,860,1600,2500,4400,5400,7300,8100,8400,14963,0,310,644.5196235576615,4.408400040119886,8359.703800058924,4801.038829111809
1791150004,250,,Aggregated,107.600000,0.000000,310,520,680,850,1600,2500,4400,5400,7200,8100,8400,15079,0,310,639.873179819216,4.252599901519716,8359.703800058924,4800.133032694475
1791150005,250,,Aggregated,115.400000,0.000000,310,510,680,840,1600,2400,4400,5400,7200,8100,8400,15204,0,310,637.1909618386065,4.252599901519716,8359.703800058924,4801.3111023414895
1791150006,250,,Aggregated,113.800000,0.000000,300,510,680,840,1600,2400,4400,5400,7200,8100,8400,15287,0,300,634.1083073522353,4.252599901519716,8359.703800058924,4801.899980375482
1791150007,250,,Aggregated,110.100000,0.000000,300,500,670,830,1600,2400,4400,5300,7200,8100,8400,15438,0,300,630.7150620931322,4.252599901519716,8359.703800058924,4803.368311957507
1791150008,250,,Aggregated,117.900000,0.000000,300,500,670,820,1600,2400,4400,5300,7200,8100,8400,15547,0,300,628.0889075251789,4.252599901519716,8359.703800058924,4803.731459445552
1791150009,250,,Aggregated,109.400000,0.000000,300,500,670,810,1600,2400,4400,5300,7200,8100,8400,15642,0,300,625.5060182965061,4.252599901519716,8359.703800058924,4805.620444955888
1791150010,250,,Aggregated,111.900000,0.000000,300,490,660,810,1500,2400,4400,5300,7200,8100,8400,15784,0,300,621.7082947411311,4.252599901519716,8359.703800058924,4806.290674100354
1791150011,250,,Aggregated,114.900000,0.000000,300,490,660,800,1500,2400,4300,5300,7200,8100,8400,15892,0,300,619.1344873391304,4.252599901519716,8359.703800058924,4806.197331990938
1791150012,250,,Aggregated,116.000000,0.000000,290,490,650,800,1500,2400,4300,5300,7200,8100,8400,15966,0,290,616.376021338711,4.252599901519716,8359.703800058924,4806.237629963673
1791150013,250,,Aggregated,111.600000,0.000000,290,490,650,790,1500,2300,4300,5300,7200,8100,8400,16123,0,290,612.9069652045707,4.252599901519716,8359.703800058924,4805.477516591205
1791150014,250,,Aggregated,118.100000,0.000000,290,480,650,790,1500,2300,4300,5200,7200,8100,8400,16218,0,290,610.1750602536299,4.252599901519716,8359.703800058924,4806.8250092489825
1791150015,250,,Aggregated,110.100000,0.000000,290,480,640,780,1500,2300,4300,5200,7200,8100,8400,16346,0,290,607.5635296521547,4.252599901519716,8359.703800058924,4808.560809984094
1791150016,250,,Aggregated,111.000000,0.000000,290,480,640,780,1500,2300,4300,5100,7200,8100,8400,16438,0,290,604.5215441412413,4.252599901519716,8359.703800058924,4807.973962769193
1791150017,250,,Aggregated,114.200000,0.000000,290,470,630,770,1500,2300,4300,5100,7200,8100,8400,16563,0,290,601.6766606770279,4.252599901519716,8359.703800058924,4805.157519772988
1791150018,250,,Aggregated,115.200000,0.000000,290,470,630,770,1500,2300,4200,5000,7200,8100,8400,16676,0,290,598.9938815179598,4.252599901519716,8359.703800058924,4804.8097265531305
1791150019,250,,Aggregated,114.800000,0.000000,290,470,620,760,1500,2300,4200,5000,7200,8100,8400,16799,0,290,596.7351549552861,4.252599901519716,8359.703800058924,4806.2847193285315
1791150020,250,,Aggregated,112.100000,0.000000,290,470,620,760,1500,2300,4200,5000,7200,8100,8400,16907,0,290,594.6798636951421,4.252599901519716,8359.703800058924,4807.188087774294
1791150021,250,,Aggregated,110.000000,0.000000,290,470,620,750,1500,2200,4200,5000,7200,8100,8400,17013,0,290,592.2254131014067,4.252599901519716,8359.703800058924,4805.880738258978
1791150022,250,,Aggregated,111.400000,0.000000,280,460,610,750,1500,2200,4100,5000,7200,8100,8400,17154,0,280,589.2504710209806,4.252599901519716,8359.703800058924,4805.295033228402
1791150023,250,,Aggregated,112.700000,0.000000,280,460,610,740,1500,2200,4100,5000,7200,8100,8400,17262,0,280,586.6020001965671,4.252599901519716,8359.703800058924,4804.270884022709
1791150024,250,,Aggregated,110.200000,0.000000,280,460,610,740,1500,2200,4100,5000,7200,8100,8400,17328,0,280,585.1204877419895,4.252599901519716,8359.703800058924,4803.642716989843
1791150025,250,,Aggregated,117.900000,0.000000,280,460,610,740,1500,2200,4000,5000,7200,8100,8400,17452,0,280,582.2880354626279,4.252599901519716,8359.703800058924,4803.086809534724
1791150026,250,,Aggregated,114.800000,0.000000,280,450,600,730,1500,2200,4000,5000,7200,8100,8400,17606,0,280,579.3279678401883,4.252599901519716,8359.703800058924,4803.96631830058
1791150027,250,,Aggregated,113.600000,0.000000,280,450,600,730,1500,2200,4000,5000,7200,8100,8400,17725,0,280,575.530989635828,4.252599901519716,8359.703800058924,4803.113286318759
1791150028,250,,Aggregated,106.300000,0.000000,280,450,600,720,1500,2200,4000,5000,7200,8100,8400,17818,0,280,574.1702583732671,4.252599901519716,8359.703800058924,4804.305645975979
1791150029,250,,Aggregated,115.900000,0.000000,270,450,590,720,1400,2100,4000,5000,7200,8100,8400,17940,0,270,570.970562758903,4.252599901519716,8359.703800058924,4802.776309921962
1791150030,250,,Aggregated,116.000000,0.000000,270,450,590,720,1400,2100,4000,5000,7200,8100,8400,18039,0,270,569.0294159319056,4.252599901519716,8359.703800058924,4802.284494705915
1791150031,250,,Aggregated,115.400000,0.000000,270,450,590,710,1400,2100,4000,5000,7200,8100,8400,18181,0,270,566.2015688628364,4.252599901519716,8359.703800058924,4802.92338155217
1791150032,250,,Aggregated,114.200000,0.000000,270,440,580,710,1400,2100,3900,5000,7200,8100,8400,18287,0,270,564.2353325200822,4.252599901519716,8359.703800058924,4802.619183026193
1791150033,250,,Aggregated,112.400000,0.000000,270,440,580,700,1400,2100,3900,5000,7200,8100,8400,18405,0,270,562.6012312901031,4.252599901519716,8359.703800058924,4802.092692203206
1791150034,250,,Aggregated,116.600000,0.000000,270,440,580,700,1400,2100,3900,5000,7200,8100,8400,18489,0,270,560.372645864799,4.252599901519716,8359.703800058924,4801.493428525069
1791150035,250,,Aggregated,112.200000,0.000000,270,440,580,700,1400,2100,3900,5000,7200,8100,8400,18636,0,270,557.4809525485024,4.252599901519716,8359.703800058924,4800.889836874866
1791150037,250,,Aggregated,114.100000,0.000000,260,440,570,690,1400,2100,3900,5000,7200,8100,8400,18759,0,260,554.9869478967112,4.252599901519716,8359.703800058924,4799.753771523002
1791150038,250,,Aggregated,118.200000,0.000000,260,440,570,690,1400,2100,3900,5000,7200,8100,8400,18833,0,260,553.3294648221131,4.252599901519716,8359.703800058924,4798.97897307917
1791150039,250,,Aggregated,114.700000,0.000000,260,430,570,690,1400,2100,3900,5000,7200,8100,8400,18976,0,260,550.5698162096414,4.252599901519716,8359.703800058924,4798.43623524452
1791150040,250,,Aggregated,114.700000,0.000000,260,430,570,680,1400,2000,3800,5000,7200,8100,8400,19087,0,260,548.9249173465842,4.252599901519716,8359.703800058924,4800.356944517211
1791150041,250,,Aggregated,110.400000,0.000000,260,430,560,680,1400,2000,3800,4900,7200,8100,8400,19166,0,260,547.4350117444209,4.252599901519716,8359.703800058924,4801.384952520088
1791150042,250,,Aggregated,114.600000,0.000000,260,430,560,680,1400,2000,3700,4900,7200,8100,8400,19333,0,260,544.3074358399567,4.252599901519716,8359.703800058924,4802.133812651942
1791150043,250,,Aggregated,112.600000,0.000000,260,430,560,670,1400,2000,3700,4900,7200,8100,8400,19403,0,260,543.130689954856,4.252599901519716,8359.703800058924,4803.1988867700875
1791150044,250,,Aggregated,114.000000,0.000000,260,420,560,670,1300,2000,3700,4900,7200,8100,8400,19549,0,260,541.1183620949462,4.252599901519716,8359.703800058924,4803.826743055911
1791150045,250,,Aggregated,110.400000,0.000000,260,420,560,670,1300,2000,3600,4900,7200,8100,8400,19674,0,260,539.567838227779,4.252599901519716,8359.703800058924,4804.4105418318595
1791150046,250,,Aggregated,113.400000,0.000000,260,420,560,670,1300,2000,3600,4900,7200,8100,8400,19755,0,260,538.4579016397844,4.252599901519716,8359.703800058924,4802.893697798026
1791150047,250,,Aggregated,116.600000,0.000000,260,420,550,660,1300,2000,3500,4900,7200,8100,8400,19878,0,260,536.4416865224658,4.252599901519716,8359.703800058924,4802.2875037730155
1791150048,250,,Aggregated,110.600000,0.000000,260,420,550,660,1300,2000,3500,4900,7200,8100,8400,20005,0,260,534.7869588999583,4.252599901519716,8359.703800058924,4802.01024743814
1791150049,250,,Aggregated,111.700000,0.000000,260,420,550,660,1300,2000,3500,4900,7200,8100,8400,20047,0,260,534.3675481515319,4.252599901519716,8359.703800058924,4801.680700354168
1791150050,250,,Aggregated,115.500000,0.000000,260,420,560,660,1300,2000,3400,4900,7200,8100,8400,20201,0,260,534.766450348682,4.252599901519716,8359.703800058924,4799.99628731251
1791150051,250,,Aggregated,106.300000,0.000000,260,420,550,660,1300,2000,3400,4900,7200,8100,8400,20312,0,260,533.2116500440267,4.252599901519716,8359.703800058924,4798.8896218983855
1791150052,250,,Aggregated,109.400000,0.000000,260,420,550,660,1300,2000,3400,4900,7200,8100,8400,20383,0,260,531.61787685297,4.252599901519716,8359.703800058924,4798.575872050238
1791150053,250,,Aggregated,111.400000,0.000000,260,420,550,660,1300,2000,3400,4800,7200,8100,8400,20497,0,260,530.0615371612112,4.252599901519716,8359.703800058924,4797.804020100502
1791150054,250,,Aggregated,105.300000,0.000000,260,420,550,650,1300,2000,3400,4800,7200,8100,8400,20658,0,260,527.8894021004752,4.252599901519716,8359.703800058924,4798.5259947720015
1791150055,250,,Aggregated,110.400000,0.000000,260,420,550,650,1300,2000,3300,4800,7200,8100,8400,20773,0,260,525.7381704516282,4.252599901519716,8359.703800058924,4798.65262600491
1791150056,250,,Aggregated,108.400000,0.000000,260,420,540,650,1300,2000,3300,4800,7200,8100,8400,20877,0,260,524.4171117541767,4.252599901519716,8359.703800058924,4798.375868180294
1791150057,250,,Aggregated,107.800000,0.000000,260,420,540,650,1300,2000,3300,4800,7200,8100,8400,20960,0,260,523.4158312496211,4.252599901519716,8359.703800058924,4797.022328244275
1791150058,250,,Aggregated,109.500000,0.000000,260,410,540,640,1300,2000,3300,4800,7200,8100,8400,21107,0,260,521.0135870987042,4.252599901519716,8359.703800058924,4796.391102477851
1791150059,250,,Aggregated,106.700000,0.000000,260,410,540,640,1300,2000,3300,4800,7200,8100,8400,21203,0,260,519.9412386828604,4.252599901519716,8359.703800058924,4796.941281894072
1791150060,250,,Aggregated,109.900000,0.000000,250,410,540,640,1300,2000,3300,4800,7200,8100,8400,21293,0,250,518.3657050951987,4.252599901519716,8359.703800058924,4797.658761095196
1791150061,250,,Aggregated,112.500000,0.000000,250,410,530,630,1200,2000,3300,4800,7200,8100,8400,21448,0,250,515.5060619634613,4.252599901519716,8359.703800058924,4799.411040656471
1791150062,250,,Aggregated,110.400000,0.000000,250,410,530,630,1200,1900,3300,4800,7200,8100,8400,21538,0,250,514.1667820777996,4.252599901519716,8359.703800058924,4798.726204847247
1791150063,250,,Aggregated,113.600000,0.000000,250,410,530,630,1200,1900,3300,4800,7200,8100,8400,21645,0,250,512.7368862412544,4.252599901519716,8359.703800058924,4798.455024255024
1791150064,250,,Aggregated,111.300000,0.000000,250,410,530,620,1200,1900,3300,4800,7200,8100,8400,21752,0,250,511.43253313220146,4.252599901519716,8359.703800058924,4796.851278043398
1791150065,250,,Aggregated,112.700000,0.000000,250,410,530,620,1200,1900,3300,4800,7200,8100,8400,21865,0,250,509.8577033154495,4.252599901519716,8359.703800058924,4797.202423965241
1791150066,250,,Aggregated,109.100000,0.000000,250,410,530,620,1200,1900,3300,4800,7200,8100,8400,21990,0,250,508.49291031344364,4.252599901519716,8359.703800058924,4795.869440654843
1791150067,250,,Aggregated,112.700000,0.000000,250,410,530,620,1200,1900,3300,4800,7200,8100,8400,22091,0,250,507.2576902581307,4.252599901519716,8359.703800058924,4797.083653976732
1791150068,250,,Aggregated,111.500000,0.000000,250,400,530,620,1200,1900,3300,4700,7200,8100,8400,22203,0,250,505.6673889110724,4.252599901519716,8359.703800058924,4797.096878800162
1791150069,250,,Aggregated,111.100000,0.000000,250,400,520,620,1200,1900,3300,4700,7200,8100,8400,22287,0,250,504.6347413825356,4.252599901519716,8359.703800058924,4797.22156414053
1791150070,250,,Aggregated,111.300000,0.000000,250,400,520,610,1200,1900,3300,4700,7200,8100,8400,22428,0,250,503.19400332587134,4.252599901519716,8359.703800058924,4797.042179418584
1791150071,250,,Aggregated,112.500000,0.000000,250,400,520,610,1200,1900,3300,4700,7200,8100,8400,22527,0,250,502.0599381494522,4.252599901519716,8359.703800058924,4798.394859501931
1791150072,250,,Aggregated,113.700000,0.000000,250,400,520,610,1200,1900,3300,4700,7200,8100,8400,22655,0,250,500.7111156871981,4.252599901519716,8359.703800058924,4797.521386007504
1791150073,250,,Aggregated,110.700000,0.000000,250,400,520,610,1200,1900,3300,4700,7200,8100,8400,22778,0,250,499.3130457499977,4.252599901519716,8359.703800058924,4796.9987707437
1791150074,250,,Aggregated,115.800000,0.000000,250,400,520,610,1200,1900,3300,4700,7200,8100,8400,22882,0,250,498.5398122539222,4.252599901519716,8359.703800058924,4797.179748273752
1791150075,250,,Aggregated,113.600000,0.000000,250,400,520,600,1200,1900,3200,4700,7200,8100,8400,22983,0,250,496.97322666730355,4.252599901519716,8359.703800058924,4796.4143932471825
1791150076,250,,Aggregated,111.400000,0.000000,250,400,520,600,1200,1900,3200,4700,7100,8100,8400,23106,0,250,495.819367380508,4.252599901519716,8359.703800058924,4798.052886696096
1791150077,250,,Aggregated,110.500000,0.000000,250,400,520,600,1200,1900,3200,4700,7100,8100,8400,23218,0,250,494.33475015047964,4.252599901519716,8359.703800058924,4799.594711000086
1791150078,250,,Aggregated,110.100000,0.000000,240,400,510,600,1200,1900,3200,4700,7100,8100,8400,23350,0,240,492.8040151731587,4.252599901519716,8359.703800058924,4800.419229122056
1791150079,250,,Aggregated,115.900000,0.000000,240,400,510,600,1200,1900,3200,4700,7100,8100,8400,23483,0,240,491.28309745745264,4.252599901519716,8359.703800058924,4800.798407358515
1791150080,250,,Aggregated,111.500000,0.000000,240,400,510,590,1200,1900,3200,4700,7100,8100,8400,23581,0,240,490.476773631038,4.252599901519716,8359.703800058924,4801.593910351554
1791150081,250,,Aggregated,111.500000,0.000000,240,400,510,590,1200,1900,3200,4700,7100,8100,8400,23692,0,240,489.0440836397528,4.252599901519716,8359.703800058924,4799.99653891609
1791150082,250,,Aggregated,107.100000,0.000000,240,400,510,590,1200,1900,3200,4700,7100,8100,8400,23792,0,240,487.7075658201295,4.252599901519716,8359.703800058924,4799.932162071284
1791150083,250,,Aggregated,112.700000,0.000000,240,390,510,590,1100,1800,3200,4700,7100,8100,8400,23910,0,240,486.4615065032448,4.252599901519716,8359.703800058924,4799.280803011292
1791150084,250,,Aggregated,112.800000,0.000000,240,390,510,590,1100,1800,3200,4700,7100,8100,8400,24015,0,240,485.2024588462484,4.252599901519716,8359.703800058924,4798.8018738288565
1791150085,250,,Aggregated,110.400000,0.000000,240,390,500,590,1100,1800,3200,4700,7100,8100,8400,24128,0,240,484.2829904713454,4.252599901519716,8359.703800058924,4795.48574270557
1791150086,250,,Aggregated,117.400000,0.000000,240,390,500,580,1100,1800,3200,4700,7100,8100,8400,24254,0,240,483.4158458642787,4.252599901519716,8359.703800058924,4794.298095159561
1791150087,250,,Aggregated,115.800000,0.000000,240,390,500,580,1100,1800,3200,4700,7100,8100,8400,24366,0,240,482.25814807485443,4.252599901519716,8359.703800058924,4794.193548387097
1791150088,250,,Aggregated,118.100000,0.000000,240,390,500,580,1100,1800,3200,4700,7100,8100,8400,24500,0,240,480.68915233436377,4.252599901519716,8359.703800058924,4795.116040816327
1791150089,250,,Aggregated,112.500000,0.000000,240,390,500,580,1100,1800,3200,4700,7100,8100,8400,24619,0,240,479.63806378778617,4.252599901519716,8359.703800058924,4795.553556196433
1791150090,250,,Aggregated,113.200000,0.000000,240,390,500,580,1100,1800,3100,4700,7100,8100,8400,24746,0,240,478.51598323736533,4.252599901519716,8359.703800058924,4794.799725208114
1791150091,250,,Aggregated,112.900000,0.000000,240,390,500,570,1100,1800,3100,4700,7100,8100,8400,24852,0,240,477.6555666019658,4.252599901519716,8359.703800058924,4794.849951714148
1791150092,250,,Aggregated,113.200000,0.000000,240,390,500,570,1100,1800,3100,4700,7100,8100,8400,24935,0,240,476.8594614955829,4.252599901519716,8359.703800058924,4795.300862241828
1791150093,250,,Aggregated,111.000000,0.000000,240,390,500,570,1100,1800,3100,4600,7100,8100,8400,25047,0,240,475.5014571123228,4.252599901519716,8359.703800058924,4795.352337605302
1791150094,250,,Aggregated,111.100000,0.000000,240,390,490,570,1100,1800,3100,4600,7100,8100,8400,25194,0,240,473.6511851826719,4.252599901519716,8359.703800058924,4795.775263951735
1791150095,250,,Aggregated,115.700000,0.000000,240,390,490,570,1100,1800,3100,4600,7100,8100,8400,25294,0,240,473.0639930691974,4.252599901519716,8359.703800058924,4796.700205582351
1791150096,250,,Aggregated,111.300000,0.000000,240,390,490,570,1100,1800,3100,4600,7100,8100,8400,25377,0,240,472.218089628094,4.252599901519716,8359.703800058924,4796.059384482011
1791150097,250,,Aggregated,107.700000,0.000000,240,390,490,570,1100,1800,3100,4600,7100,8100,8400,25487,0,240,471.2306457014197,4.252599901519716,8359.703800058924,4795.033938870797
1791150098,250,,Aggregated,111.700000,0.000000,240,390,490,570,1000,1800,3100,4600,7100,8100,8400,25628,0,240,469.8140420123233,4.252599901519716,8359.703800058924,4794.108319026065
1791150099,250,,Aggregated,113.100000,0.000000,240,390,490,560,1000,1800,3100,4600,7100,8100,8400,25725,0,240,468.72337941657497,4.252599901519716,8359.703800058924,4793.325442176871
1791150100,250,,Aggregated,111.600000,0.000000,240,390,490,560,1000,1800,3100,4600,7100,8100,8400,25828,0,240,467.86566135169693,4.252599901519716,8359.703800058924,4792.508014557844
1791150101,250,,Aggregated,114.000000,0.000000,240,390,490,560,1000,1800,3100,4600,7100,8100,8400,25974,0,240,466.66411392129254,4.252599901519716,8359.703800058924,4791.239816739817
1791150102,250,,Aggregated,115.200000,0.000000,240,390,490,560,1000,1800,3100,4600,7100,8100,8400,26048,0,240,465.4838089485567,4.252599901519716,8359.703800058924,4791.429437960688
1791150103,250,,Aggregated,112.000000,0.000000,240,390,490,560,1000,1800,3100,4600,7100,8100,8400,26167,0,240,464.18966638482334,4.252599901519716,8359.703800058924,4789.844384147973
1791150104,250,,Aggregated,112.000000,0.000000,240,390,490,560,1000,1800,3100,4600,7100,8100,8400,26332,0,240,463.3041861647802,4.252599901519716,8359.703800058924,4789.807382652286
1791150105,250,,Aggregated,111.000000,0.000000,240,390,490,560,1000,1800,3100,4600,7100,8100,8400,26395,0,240,462.28052676230584,4.252599901519716,8359.703800058924,4789.407198333018
1791150106,250,,Aggregated,106.700000,0.000000,240,380,480,560,1000,1800,3000,4600,7100,8100,8400,26529,0,240,461.0432160651128,4.252599901519716,8359.703800058924,4789.449395001696
1791150107,250,,Aggregated,115.100000,0.000000,240,380,480,560,1000,1800,3000,4600,7100,8100,8400,26668,0,240,459.837753670736,4.252599901519716,8359.703800058924,4790.237625618719
1791150108,250,,Aggregated,108.400000,0.000000,240,380,480,560,990,1700,3000,4600,7100,8100,8400,26770,0,240,458.7989360960048,4.252599901519716,8359.703800058924,4788.520246544639
1791150109,250,,Aggregated,106.500000,0.000000,240,380,480,550,990,1700,3000,4500,7100,8100,8400,26894,0,240,458.13273397001643,4.252599901519716,8359.703800058924,4788.264631516324
1791150110,250,,Aggregated,111.200000,0.000000,240,380,480,550,980,1700,3000,4500,7100,8100,8400,26994,0,240,457.4190880673327,4.252599901519716,8359.703800058924,4789.604060161518
1791150111,250,,Aggregated,110.800000,0.000000,240,380,480,550,980,1700,3000,4500,7100,8100,8400,27103,0,240,456.71997474781233,4.252599901519716,8359.703800058924,4789.891451130871
1791150112,250,,Aggregated,114.600000,0.000000,240,380,480,550,970,1700,3000,4500,7100,8100,8400,27202,0,240,455.98725034149936,4.252599901519716,8359.703800058924,4789.7495772369675
1791150113,250,,Aggregated,114.200000,0.000000,240,380,480,550,970,1700,3000,4500,7100,8100,8400,27301,0,240,455.35093976374293,4.252599901519716,8359.703800058924,4789.631515329109
1791150114,250,,Aggregated,114.200000,0.000000,240,380,480,550,960,1700,3000,4500,7100,8100,8400,27453,0,240,454.0511994568886,4.252599901519716,8359.703800058924,4790.4200633810515
1791150115,250,,Aggregated,112.200000,0.000000,240,380,480,550,960,1700,3000,4500,7100,8100,8400,27567,0,240,453.03244360250727,4.252599901519716,8359.703800058924,4790.627090361664
1791150116,250,,Aggregated,115.500000,0.000000,240,380,480,550,950,1700,3000,4500,7100,8100,8400,27689,0,240,452.1138090646677,4.252599901519716,8359.703800058924,4790.825237458918
1791150117,250,,Aggregated,110.600000,0.000000,240,380,480,550,950,1700,2900,4500,7100,8100,8400,27800,0,240,451.21608638098905,4.252599901519716,8359.703800058924,4790.636798561151
1791150118,250,,Aggregated,113.800000,0.000000,240,380,480,550,940,1700,2900,4500,7100,8100,8400,27909,0,240,450.27001163753323,4.252599901519716,8359.703800058924,4790.209968110646
1791150119,250,,Aggregated,115.900000,0.000000,240,380,480,550,940,1700,2900,4500,7100,8100,8400,28026,0,240,449.32028057136563,4.252599901519716,8359.703800058924,4790.939234996075
1791150120,250,,Aggregated,115.100000,0.000000,240,380,480,550,930,1700,2900,4500,7100,8100,8400,28128,0,240,448.53977052734245,4.252599901519716,8359.703800058924,4791.994560580205
1791150121,250,,Aggregated,115.500000,0.000000,240,380,470,540,930,1700,2900,4500,7100,8100,8400,28236,0,240,447.54707270482686,4.252599901519716,8359.703800058924,4792.223013174671
1791150122,250,,Aggregated,111.200000,0.000000,230,380,470,540,920,1700,2900,4500,7100,8100,8400,28341,0,230,446.6170821140423,4.252599901519716,8359.703800058924,4791.823859426273
1791150123,250,,Aggregated,113.100000,0.000000,230,380,470,540,920,1700,2900,4500,7100,8100,8400,28448,0,230,445.4282253232158,4.252599901519716,8359.703800058924,4793.649676602925
1791150124,250,,Aggregated,111.400000,0.000000,230,380,470,540,920,1700,2900,4500,7100,8100,8400,28573,0,230,444.3839490006212,4.252599901519716,8359.703800058924,4794.240856752878
1791150125,250,,Aggregated,110.900000,0.000000,230,380,470,540,920,1700,2900,4500,7100,8100,8400,28684,0,230,443.62896826436094,4.252599901519716,8359.703800058924,4793.139171663645
1791150126,250,,Aggregated,111.000000,0.000000,230,370,470,540,910,1700,2900,4500,7100,8100,8400,28791,0,230,442.673871834802,4.252599901519716,8359.703800058924,4793.048140043764
1791150127,250,,Aggregated,114.000000,0.000000,230,370,470,540,910,1600,2800,4500,7100,8100,8400,28905,0,230,441.83948202714646,4.252599901519716,8359.703800058924,4792.718629994811
1791150128,250,,Aggregated,112.800000,0.000000,230,370,470,540,910,1600,2800,4500,7100,8100,8400,29028,0,230,440.3580006405591,4.252599901519716,8359.703800058924,4793.243316797575
1791150129,250,,Aggregated,111.700000,0.000000,230,370,470,540,900,1600,2800,4500,7100,8100,8400,29141,0,230,439.5759082768095,4.252599901519716,8359.703800058924,4794.192924058886
1791150130,250,,Aggregated,109.800000,0.000000,230,370,470,540,900,1600,2800,4500,7100,8100,8400,29251,0,230,438.93829676916175,4.252599901519716,8359.703800058924,4794.281733957813
1791150131,250,,Aggregated,109.800000,0.000000,230,370,470,530,890,1600,2800,4400,7100,8100,8400,29346,0,230,438.15541095186944,4.252599901519716,8359.703800058924,4794.126933824031
1791150132,250,,Aggregated,110.600000,0.000000,230,370,470,530,890,1600,2800,4400,7100,8100,8400,29503,0,230,437.30648840432036,4.252599901519716,8359.703800058924,4795.869877639562
1791150134,250,,Aggregated,109.800000,0.000000,230,370,460,530,880,1600,2800,4400,7100,8100,8400,29591,0,230,436.48348776628757,4.252599901519716,8359.703800058924,4795.5702747457
1791150135,250,,Aggregated,114.200000,0.000000,230,370,470,530,880,1600,2800,4400,7100,8100,8400,29713,0,230,436.2492209030238,4.252599901519716,8359.703800058924,4795.906000740417
1791150136,250,,Aggregated,113.700000,0.000000,230,370,460,530,880,1600,2800,4400,7100,8100,8400,29817,0,230,435.41033163270436,4.252599901519716,8359.703800058924,4795.609417446423
1791150137,250,,Aggregated,113.700000,0.000000,230,370,460,530,870,1600,2800,4400,7100,8100,8400,29929,0,230,434.461205038321,4.252599901519716,8359.703800058924,4796.68822880818
1791150138,250,,Aggregated,111.300000,0.000000,230,370,460,530,870,1600,2800,4400,7000,7700,8400,30054,0,230,433.87571123615817,4.252599901519716,8359.703800058924,4795.958408198576
1791150139,250,,Aggregated,111.900000,0.000000,230,370,460,530,860,1600,2800,4400,7000,7700,8400,30165,0,230,433.13681150976015,4.252599901519716,8359.703800058924,4795.447637991049
1791150140,250,,Aggregated,113.000000,0.000000,230,370,460,530,860,1600,2800,4400,7000,7700,8400,30256,0,230,432.6091780173174,4.252599901519716,8359.703800058924,4795.369017715494
1791150141,250,,Aggregated,113.400000,0.000000,230,370,460,530,860,1600,2800,4400,7000,7700,8400,30397,0,230,431.09964088207846,4.252599901519716,8359.703800058924,4796.5607461262625
1791150142,250,,Aggregated,109.900000,0.000000,230,370,460,530,860,1600,2800,4400,7000,7700,8400,30477,0,230,430.51471812489876,4.252599901519716,8359.703800058924,4795.816582997014
1791150143,250,,Aggregated,113.800000,0.000000,230,370,460,530,850,1600,2800,4400,7000,7700,8400,30590,0,230,429.6603256126907,4.252599901519716,8359.703800058924,4796.14040536123
1791150144,250,,Aggregated,113.800000,0.000000,230,370,460,530,850,1600,2800,4400,7000,7700,8400,30705,0,230,428.91008850650417,4.252599901519716,8359.703800058924,4795.301546979319
1791150145,250,,Aggregated,111.800000,0.000000,230,370,460,530,850,1600,2800,4400,7000,7700,8400,30821,0,230,428.0669398427091,4.252599901519716,8359.703800058924,4795.581973329872
1791150146,250,,Aggregated,108.300000,0.000000,230,370,460,530,840,1600,2800,4400,7000,7700,8400,30935,0,230,427.43033592346467,4.252599901519716,8359.703800058924,4795.298787780831
1791150147,250,,Aggregated,111.000000,0.000000,230,370,460,530,840,1600,2800,4400,6900,7700,8400,31078,0,230,426.8750347477951,4.252599901519716,8359.703800058924,4795.171857905914
1791150148,250,,Aggregated,112.100000,0.000000,230,370,460,520,840,1600,2800,4400,6900,7700,8400,31171,0,230,426.2692755122351,4.252599901519716,8359.703800058924,4794.996182348978
1791150149,250,,Aggregated,112.100000,0.000000,230,370,460,520,830,1600,2800,4400,6900,7700,8400,31254,0,230,425.88249042975383,4.252599901519716,8359.703800058924,4795.3932936584115
1791150150,250,,Aggregated,111.600000,0.000000,230,370,460,520,830,1600,2800,4400,6900,7700,8400,31417,0,230,425.64806423251144,4.252599901519716,8359.703800058924,4796.610274692046
1791150151,250,,Aggregated,109.100000,0.000000,230,370,460,520,830,1500,2800,4400,6900,7700,8400,31506,0,230,424.92793486614863,4.252599901519716,8359.703800058924,4795.96070589729
1791150152,250,,Aggregated,114.000000,0.000000,230,370,460,520,820,1500,2800,4400,6900,7700,8400,31633,0,230,424.04455527433197,4.252599901519716,8359.703800058924,4795.946353491607
1791150153,250,,Aggregated,110.400000,0.000000,230,370,460,520,820,1500,2800,4300,6900,7700,8400,31731,0,230,423.52286074476865,4.252599901519716,8359.703800058924,4795.5421827235195
1791150154,250,,Aggregated,113.200000,0.000000,230,370,450,520,820,1500,2800,4300,6900,7700,8400,31851,0,230,422.51870696968547,4.252599901519716,8359.703800058924,4795.430441744372
1791150155,250,,Aggregated,109.700000,0.000000,230,370,450,520,810,1500,2700,4300,6900,7700,8400,31952,0,230,421.85796930370304,4.252599901519716,8359.703800058924,4794.711129193791
1791150156,250,,Aggregated,111.300000,0.000000,230,370,450,520,810,1500,2700,4300,6900,7700,8400,32054,0,230,421.0400861450039,4.252599901519716,8359.703800058924,4794.337368191177
1791150157,250,,Aggregated,108.200000,0.000000,230,370,450,520,810,1500,2700,4300,6900,7700,8400,32176,0,230,420.11746414381804,4.252599901519716,8359.703800058924,4794.697787170562
1791150158,250,,Aggregated,111.200000,0.000000,230,370,450,520,810,1500,2700,4300,6900,7700,8400,32276,0,230,419.3350141960412,4.252599901519716,8359.703800058924,4793.649615813608
1791150159,250,,Aggregated,109.700000,0.000000,230,370,450,520,810,1500,2700,4300,6900,7700,8400,32443,0,230,418.4424514623043,4.252599901519716,8359.703800058924,4793.359091329408
1791150160,250,,Aggregated,110.200000,0.000000,230,360,450,520,800,1500,2700,4300,6900,7700,8400,32529,0,230,417.4020034551082,3.950199927203357,8359.703800058924,4792.151557072151
1791150161,250,,Aggregated,115.800000,0.000000,230,360,450,520,800,1500,2700,4300,6900,7700,8400,32643,0,230,416.5867070364497,3.950199927203357,8359.703800058924,4793.197929111908
1791150162,250,,Aggregated,113.900000,0.000000,230,360,450,520,800,1500,2700,4300,6900,7700,8400,32796,0,230,415.8442233745456,3.950199927203357,8359.703800058924,4793.387882668618
1791150163,250,,Aggregated,114.200000,0.000000,230,360,450,510,800,1500,2700,4300,6900,7700,8400,32896,0,230,414.9999996957609,3.950199927203357,8359.703800058924,4793.530429231518
1791150164,250,,Aggregated,114.000000,0.000000,230,360,450,510,790,1500,2700,4300,6900,7700,8400,33005,0,230,414.5715450262535,3.950199927203357,8359.703800058924,4793.7258597182245
1791150165,250,,Aggregated,116.100000,0.000000,230,360,450,510,790,1500,2700,4300,6900,7700,8400,33115,0,230,413.8651410083435,3.950199927203357,8359.703800058924,4793.007851426846
1791150166,250,,Aggregated,113.400000,0.000000,230,360,450,510,790,1500,2700,4300,6900,7700,8400,33251,0,230,413.0693188412404,3.950199927203357,8359.703800058924,4793.42119034014
1791150167,250,,Aggregated,118.700000,0.000000,230,360,450,510,790,1500,2700,4200,6900,7700,8400,33367,0,230,412.42321817635803,3.950199927203357,8359.703800058924,4793.771720562232
1791150168,250,,Aggregated,113.900000,0.000000,230,360,450,510,790,1500,2700,4200,6900,7700,8400,33470,0,230,412.14904600210343,3.950199927203357,8359.703800058924,4793.698894532417
1791150169,250,,Aggregated,111.200000,0.000000,230,360,450,510,780,1500,2700,4200,6900,7700,8400,33579,0,230,411.40311715030833,3.950199927203357,8359.703800058924,4794.62086423062
1791150170,250,,Aggregated,110.500000,0.000000,220,360,450,510,780,1500,2700,4200,6900,7700,8400,33711,0,220,410.37244793066407,3.950199927203357,8359.703800058924,4794.700453857791
1791150171,250,,Aggregated,112.000000,0.000000,220,360,440,510,780,1500,2700,4200,6900,7700,8400,33826,0,220,409.72119262372996,3.950199927203357,8359.703800058924,4795.8408916218295
1791150172,250,,Aggregated,110.500000,0.000000,220,360,440,510,780,1500,2700,4200,6900,7700,8400,33920,0,220,409.237499793326,3.950199927203357,8359.703800058924,4796.2790094339625
1791150173,250,,Aggregated,108.200000,0.000000,220,360,440,510,780,1500,2600,4200,6800,7700,8400,34057,0,220,407.98120617462934,3.950199927203357,8359.703800058924,4795.669377807792
1791150174,250,,Aggregated,111.000000,0.000000,220,360,440,510,770,1500,2600,4100,6800,7700,8400,34154,0,220,407.44094166683834,3.950199927203357,8359.703800058924,4796.487761316391
1791150175,250,,Aggregated,116.000000,0.000000,220,360,440,510,770,1500,2600,4100,6800,7700,8400,34242,0,220,406.78214066318986,3.950199927203357,8359.703800058924,4796.933035453537
1791150176,250,,Aggregated,113.700000,0.000000,220,360,440,510,770,1500,2600,4100,6800,7700,8400,34375,0,220,406.2061946120322,3.950199927203357,8359.703800058924,4796.961134545454
1791150177,250,,Aggregated,112.400000,0.000000,220,360,440,510,770,1500,2600,4100,6800,7700,8400,34534,0,220,405.2087442343263,3.950199927203357,8359.703800058924,4798.34817860659
1791150178,250,,Aggregated,114.500000,0.000000,220,360,440,500,760,1500,2600,4100,6800,7700,8400,34635,0,220,404.6002537747435,3.950199927203357,8359.703800058924,4797.952331456619
1791150179,250,,Aggregated,114.500000,0.000000,220,360,440,500,760,1500,2600,4100,6800,7700,8400,34716,0,220,404.1252771485,3.950199927203357,8359.703800058924,4798.292660444752
1791150180,250,,Aggregated,117.100000,0.000000,220,360,440,500,760,1500,2600,4100,6800,7700,8400,34868,0,220,403.1163275550347,3.950199927203357,8359.703800058924,4797.030658483423
1791150181,250,,Aggregated,114.300000,0.000000,220,360,440,500,760,1500,2600,4000,6800,7700,8400,34936,0,220,402.38587555783323,3.950199927203357,8359.703800058924,4797.317695214106
1791150182,250,,Aggregated,116.800000,0.000000,220,360,440,500,760,1500,2600,4000,6800,7700,8400,35085,0,220,401.62616883819607,3.950199927203357,8359.703800058924,4798.584779820436
1791150183,250,,Aggregated,119.000000,0.000000,220,360,440,500,750,1500,2600,4000,6800,7700,8400,35202,0,220,401.3959380941004,3.950199927203357,8359.703800058924,4798.86409863076
1791150184,250,,Aggregated,116.000000,0.000000,220,360,440,500,750,1500,2600,4000,6800,7700,8400,35302,0,220,400.5605581266914,3.950199927203357,8359.703800058924,4799.2695881253185
1791150185,250,,Aggregated,108.600000,0.000000,220,350,440,500,750,1500,2600,4000,6800,7700,8400,35441,0,220,399.47733846079734,3.950199927203357,8359.703800058924,4798.498631528456
1791150186,250,,Aggregated,117.200000,0.000000,220,350,440,500,750,1500,2600,4000,6800,7700,8400,35561,0,220,399.16865378053785,3.950199927203357,8359.703800058924,4798.778352689745
1791150187,250,,Aggregated,114.100000,0.000000,220,350,440,500,750,1500,2600,4000,6800,7700,8400,35658,0,220,398.590404761616,3.950199927203357,8359.703800058924,4799.1574401256385
1791150188,250,,Aggregated,111.900000,0.000000,220,350,440,500,750,1500,2600,4000,6800,7700,8400,35757,0,220,397.90573107614625,3.950199927203357,8359.703800058924,4799.21604161423
1791150189,250,,Aggregated,117.900000,0.000000,220,350,440,500,740,1500,2600,4000,6800,7700,8400,35865,0,220,397.20233575324784,3.950199927203357,8359.703800058924,4799.688777359543
1791150190,250,,Aggregated,117.600000,0.000000,220,350,440,500,740,1400,2500,4000,6800,7700,8400,36013,0,220,396.59715710131997,3.950199927203357,8359.703800058924,4799.876100297115
1791150191,250,,Aggregated,114.800000,0.000000,220,350,440,500,740,1400,2500,4000,6800,7700,8400,36115,0,220,396.28427937669915,3.950199927203357,8359.703800058924,4800.352706631594
1791150192,250,,Aggregated,113.200000,0.000000,220,350,440,500,740,1400,2500,4000,6800,7700,8400,36249,0,220,395.84760299016335,3.950199927203357,8359.703800058924,4800.969599161356
1791150193,250,,Aggregated,111.500000,0.000000,220,350,440,500,740,1400,2500,4000,6800,7700,8400,36349,0,220,395.59110291870365,3.950199927203357,8359.703800058924,4800.729401083936
1791150194,250,,Aggregated,110.900000,0.000000,220,350,440,500,740,1400,2500,3900,6800,7700,8400,36452,0,220,395.1595688766635,3.950199927203357,8359.703800058924,4800.940030725337
1791150195,250,,Aggregated,116.500000,0.000000,220,350,430,500,730,1400,2500,3900,6800,7700,8400,36575,0,220,394.4651361392424,3.950199927203357,8359.703800058924,4801.965905673274
1791150196,250,,Aggregated,111.400000,0.000000,220,350,430,500,730,1400,2500,3900,6800,7700,8400,36660,0,220,394.1861252889334,3.950199927203357,8359.703800058924,4802.326568466994
1791150197,250,,Aggregated,114.100000,0.000000,220,350,430,490,730,1400,2500,3900,6800,7700,8400,36748,0,220,393.5241298272718,3.950199927203357,8359.703800058924,4803.396239251116
1791150198,250,,Aggregated,114.500000,0.000000,220,350,430,490,730,1400,2500,3900,6800,7700,8400,36924,0,220,393.0459972048544,3.950199927203357,8359.703800058924,4802.55107788972
1791150199,250,,Aggregated,110.200000,0.000000,220,350,430,490,730,1400,2500,3900,6800,7700,8400,37017,0,220,392.09512001222566,3.950199927203357,8359.703800058924,4802.434881270768
1791150200,250,,Aggregated,106.100000,0.000000,220,350,430,490,730,1400,2500,3900,6800,7700,8400,37112,0,220,391.6782473025684,3.950199927203357,8359.703800058924,4801.6995311489545
1791150201,250,,Aggregated,111.600000,0.000000,220,350,430,490,730,1400,2500,3900,6800,7700,8400,37265,0,220,391.31505735654014,3.950199927203357,8359.703800058924,4801.378129612237
1791150202,250,,Aggregated,109.900000,0.000000,220,350,430,490,730,1400,2500,3900,6800,7700,8400,37349,0,220,390.8523874345152,3.950199927203357,8359.703800058924,4801.956625344721
1791150203,250,,Aggregated,109.300000,0.000000,220,350,430,490,720,1400,2500,3900,6800,7700,8400,37466,0,220,390.7087851703299,3.950199927203357,8359.703800058924,4801.996183206107
1791150204,250,,Aggregated,115.800000,0.000000,220,350,430,490,720,1400,2500,3900,6800,7700,8400,37587,0,220,389.84377903773446,3.950199927203357,8359.703800058924,4802.115092984276
1791150205,250,,Aggregated,109.600000,0.000000,220,350,430,490,720,1400,2500,3900,6800,7700,8400,37720,0,220,389.09400285235205,3.950199927203357,8359.703800058924,4802.692020148463
1791150206,250,,Aggregated,113.200000,0.000000,220,350,430,490,720,1400,2500,3900,6800,7700,8400,37817,0,220,388.9550350659943,3.950199927203357,8359.703800058924,4802.462120210487
1791150207,250,,Aggregated,109.700000,0.000000,220,350,430,490,720,1400,2400,3900,6800,7700,8400,37937,0,220,388.15961121836654,3.950199927203357,8359.703800058924,4802.098452697894
1791150208,250,,Aggregated,113.300000,0.000000,220,350,430,490,720,1400,2400,3800,6700,7700,8400,38029,0,220,387.97939202688667,3.950199927203357,8359.703800058924,4802.945436377501
1791150210,250,,Aggregated,111.300000,0.000000,220,350,430,490,720,1400,2400,3800,6700,7700,8400,38144,0,220,387.37743005690885,3.950199927203357,8359.703800058924,4802.948904152685
1791150211,250,,Aggregated,115.900000,0.000000,220,350,430,490,720,1400,2400,3800,6700,7700,8400,38238,0,220,386.88988541741725,3.950199927203357,8359.703800058924,4802.631492232857
1791150212,250,,Aggregated,109.000000,0.000000,210,350,430,490,710,1400,2400,3800,6700,7700,8400,38403,0,210,386.0751157459253,3.950199927203357,8359.703800058924,4803.525141265005
1791150213,250,,Aggregated,112.100000,0.000000,210,350,430,490,710,1400,2400,3800,6700,7700,8400,38504,0,210,385.6994491998305,3.950199927203357,8359.703800058924,4804.188084354872
1791150214,250,,Aggregated,113.000000,0.000000,220,350,430,490,710,1400,2400,3700,6700,7700,8400,38625,0,220,385.4860762249799,3.950199927203357,8359.703800058924,4804.226071197411
1791150215,250,,Aggregated,115.300000,0.000000,210,350,430,490,710,1400,2400,3700,6700,7700,8400,38747,0,210,384.91438529923255,3.950199927203357,8359.703800058924,4803.9132061837045
1791150216,250,,Aggregated,111.300000,0.000000,210,350,430,490,710,1400,2400,3700,6700,7700,8400,38859,0,210,384.51222456801645,3.950199927203357,8359.703800058924,4803.5614400782315
1791150217,250,,Aggregated,115.000000,0.000000,220,350,430,490,710,1400,2400,3700,6700,7700,8400,38952,0,220,384.2820116653405,3.950199927203357,8359.703800058924,4803.3180324501955
1791150218,250,,Aggregated,112.600000,0.000000,210,350,430,490,710,1300,2400,3700,6500,7700,8400,39071,0,210,383.3873428549829,3.950199927203357,8359.703800058924,4803.90064242021
1791150219,250,,Aggregated,112.100000,0.000000,210,350,430,490,710,1300,2400,3600,6500,7700,8400,39159,0,210,382.9260799940527,3.950199927203357,8359.703800058924,4803.225771853214
1791150220,250,,Aggregated,112.800000,0.000000,210,350,430,490,700,1300,2400,3600,6500,7700,8400,39308,0,210,382.17700526065715,3.950199927203357,8359.703800058924,4802.764017502798
1791150221,250,,Aggregated,112.800000,0.000000,210,350,430,490,700,1300,2400,3600,6500,7700,8400,39394,0,210,381.77679199082536,3.950199927203357,8359.703800058924,4802.773188810479
1791150222,250,,Aggregated,111.200000,0.000000,210,350,430,490,700,1300,2400,3600,6500,7700,8400,39536,0,210,381.212061260293,3.950199927203357,8359.703800058924,4804.045249898826
1791150223,250,,Aggregated,115.600000,0.000000,210,350,430,490,700,1300,2400,3500,6500,7700,8400,39653,0,210,380.86668010710457,3.950199927203357,8359.703800058924,4803.716692305752
1791150224,250,,Aggregated,113.300000,0.000000,210,350,430,490,700,1300,2400,3500,6500,7700,8400,39744,0,210,380.7180162637645,3.950199927203357,8359.703800058924,4804.760492149759
1791150225,250,,Aggregated,113.700000,0.000000,210,350,430,480,700,1300,2400,3500,6500,7700,8400,39867,0,210,380.0357417234019,3.950199927203357,8359.703800058924,4803.620187122181
1791150226,250,,Aggregated,109.600000,0.000000,210,350,430,480,700,1300,2400,3500,6500,7700,8400,39966,0,210,379.5635206747544,3.950199927203357,8359.703800058924,4802.421683430916
1791150227,250,,Aggregated,111.700000,0.000000,210,350,430,480,700,1300,2300,3500,6500,7700,8400,40066,0,210,379.2524843879521,3.950199927203357,8359.703800058924,4802.2752458443565
1791150228,250,,Aggregated,109.100000,0.000000,210,350,430,480,690,1300,2300,3400,6500,7700,8400,40218,0,210,378.4579077027057,3.950199927203357,8359.703800058924,4802.411159182456
1791150229,250,,Aggregated,110.100000,0.000000,210,350,430,480,690,1300,2300,3400,6500,7700,8400,40285,0,210,377.89200817891475,3.950199927203357,8359.703800058924,4802.513665135907
1791150230,250,,Aggregated,113.100000,0.000000,210,350,420,480,690,1300,2300,3400,6500,7700,8400,40441,0,210,377.3494454090435,3.950199927203357,8359.703800058924,4803.1537301253675
1791150231,250,,Aggregated,114.000000,0.000000,210,350,420,480,690,1300,2300,3400,6500,7700,8400,40560,0,210,377.1639101525353,3.950199927203357,8359.703800058924,4803.010034516766
1791150232,250,,Aggregated,113.300000,0.000000,210,350,420,480,690,1300,2300,3400,6500,7700,8400,40624,0,210,376.8558742907371,3.950199927203357,8359.703800058924,4802.827958842064
1791150233,250,,Aggregated,113.300000,0.000000,210,350,420,480,690,1300,2300,3400,6500,7700,8400,40781,0,210,376.46641075468006,3.950199927203357,8359.703800058924,4802.577205070989
1791150234,250,,Aggregated,107.600000,0.000000,210,350,430,480,690,1300,2300,3400,6500,7700,8400,40838,0,210,376.36772235139887,3.950199927203357,8359.703800058924,4802.410083745531
1791150235,250,,Aggregated,112.200000,0.000000,210,350,430,480,690,1300,2300,3400,6500,7700,8400,41003,0,210,375.83908961019114,3.950199927203357,8359.703800058924,4801.895154013121
1791150236,250,,Aggregated,108.800000,0.000000,210,350,420,480,690,1300,2300,3400,6500,7700,8400,41107,0,210,375.2459494875894,3.950199927203357,8359.703800058924,4801.444595810933
1791150237,250,,Aggregated,113.300000,0.000000,210,350,420,480,690,1300,2300,3400,6500,7700,8400,41248,0,210,374.7807294992877,3.950199927203357,8359.703800058924,4800.956676687355
1791150238,250,,Aggregated,115.200000,0.000000,210,350,420,480,690,1300,2300,3400,6500,7700,8400,41357,0,210,374.45277336333356,3.950199927203357,8359.703800058924,4800.980462799526
1791150239,250,,Aggregated,115.400000,0.000000,210,350,420,480,680,1300,2300,3300,6500,7700,8400,41464,0,210,374.089034166668,3.950199927203357,8359.703800058924,4799.971107466718
1791150240,250,,Aggregated,110.100000,0.000000,210,350,420,480,680,1300,2300,3300,6500,7700,8400,41595,0,210,373.09993336668725,3.950199927203357,8359.703800058924,4800.60812597668
1791150241,250,,Aggregated,111.300000,0.000000,210,340,420,480,680,1300,2300,3300,6500,7700,8400,41680,0,210,372.63785363453354,3.950199927203357,8359.703800058924,4800.19608925144
1791150242,250,,Aggregated,112.400000,0.000000,210,340,420,480,680,1300,2300,3300,6500,7700,8400,41804,0,210,371.9629470095519,3.950199927203357,8359.703800058924,4801.068916850062
1791150243,250,,Aggregated,111.100000,0.000000,210,340,420,480,680,1300,2300,3300,6500,7700,8400,41944,0,210,371.5046489291969,3.950199927203357,8359.703800058924,4801.91281232119
1791150244,250,,Aggregated,118.700000,0.000000,210,340,420,480,680,1300,2300,3300,6500,7700,8400,42052,0,210,371.2583876150053,3.950199927203357,8359.703800058924,4801.276491011129
1791150245,250,,Aggregated,113.100000,0.000000,210,340,420,480,680,1300,2300,3300,6500,7700,8400,42173,0,210,370.9697743292222,3.950199927203357,8359.703800058924,4800.516278187466
1791150246,250,,Aggregated,117.300000,0.000000,210,340,420,480,680,1300,2300,3300,6500,7700,8400,42279,0,210,370.63756534889734,3.950199927203357,8359.703800058924,4800.552969559356
1791150247,250,,Aggregated,109.100000,0.000000,210,340,420,480,680,1300,2300,3300,6500,7700,8400,42367,0,210,370.3657993812466,3.950199927203357,8359.703800058924,4800.902990535086
1791150248,250,,Aggregated,110.900000,0.000000,210,340,420,480,680,1300,2200,3300,6500,7700,8400,42479,0,210,369.85468452377324,3.950199927203357,8359.703800058924,4801.191930130182
1791150249,250,,Aggregated,111.800000,0.000000,210,340,420,480,670,1300,2200,3300,6500,7700,8400,42600,0,210,369.3035392766504,3.950199927203357,8359.703800058924,4801.183920187794
1791150250,250,,Aggregated,116.700000,0.000000,210,340,420,480,670,1300,2200,3300,6500,7700,8400,42696,0,210,368.94816737599405,3.950199927203357,8359.703800058924,4800.822372119168
1791150251,250,,Aggregated,117.200000,0.000000,210,340,420,480,670,1200,2200,3300,6500,7700,8400,42820,0,210,368.82730264797067,3.950199927203357,8359.703800058924,4799.549182624942
1791150252,250,,Aggregated,111.600000,0.000000,210,340,420,470,670,1200,2200,3300,6500,7700,8400,42929,0,210,368.40290179799115,3.950199927203357,8359.703800058924,4799.608935684502
1791150253,250,,Aggregated,116.900000,0.000000,210,340,420,470,670,1200,2200,3300,6400,7700,8400,43034,0,210,368.00080860450396,3.950199927203357,8359.703800058924,4799.777757122275
1791150254,250,,Aggregated,110.900000,0.000000,210,340,420,470,670,1200,2200,3300,6400,7700,8400,43191,0,210,367.65020316467485,3.950199927203357,8359.703800058924,4800.110740663564
1791150255,250,,Aggregated,112.300000,0.000000,210,340,420,470,670,1200,2200,3300,6400,7700,8400,43303,0,210,367.1901832410194,3.950199927203357,8359.703800058924,4799.404452347412
1791150256,250,,Aggregated,112.900000,0.000000,210,340,420,470,670,1200,2200,3300,6400,7700,8400,43411,0,210,366.7096770884142,3.950199927203357,8359.703800058924,4799.192900416945
1791150257,250,,Aggregated,113.800000,0.000000,210,340,420,470,670,1200,2200,3300,6400,7700,8400,43502,0,210,366.33084533779083,3.950199927203357,8359.703800058924,4799.254631970944
1791150258,250,,Aggregated,111.600000,0.000000,210,340,420,470,670,1200,2200,3300,6400,7700,8400,43612,0,210,365.9779066652373,3.950199927203357,8359.703800058924,4798.899018618728
1791150259,250,,Aggregated,113.700000,0.000000,210,340,420,470,670,1200,2200,3300,6400,7700,8400,43710,0,210,365.5525033215553,3.950199927203357,8359.703800058924,4799.176092427362
1791150260,250,,Aggregated,111.100000,0.000000,210,340,420,470,660,1200,2200,3300,6400,7700,8400,43844,0,210,365.0456710356431,3.950199927203357,8359.703800058924,4799.034805218502
1791150261,250,,Aggregated,113.500000,0.000000,210,340,420,470,660,1200,2200,3300,6400,7700,8400,43988,0,210,364.50935863840294,3.950199927203357,8359.703800058924,4798.605824315722
1791150262,250,,Aggregated,112.800000,0.000000,210,340,420,470,660,1200,2200,3300,6400,7700,8400,44073,0,210,364.254532758967,3.950199927203357,8359.703800058924,4798.432441630931
1791150263,250,,Aggregated,109.700000,0.000000,210,340,420,470,660,1200,2200,3300,6400,7700,8400,44226,0,210,363.9323091639915,3.950199927203357,8359.703800058924,4798.519445575002
1791150264,250,,Aggregated,110.700000,0.000000,210,340,420,470,660,1200,2200,3300,6400,7700,8400,44334,0,210,363.53536656036226,3.950199927203357,8359.703800058924,4798.547119592186
1791150265,250,,Aggregated,109.600000,0.000000,210,340,420,470,660,1200,2200,3300,6400,7700,8400,44415,0,210,363.5436507100555,3.950199927203357,8359.703800058924,4798.641359900935
1791150266,250,,Aggregated,113.500000,0.000000,210,340,420,470,660,1200,2200,3300,6400,7700,8400,44554,0,210,363.0082428084551,3.950199927203357,8359.703800058924,4798.117026529604
1791150267,250,,Aggregated,112.400000,0.000000,210,340,420,470,660,1200,2200,3300,6400,7700,8400,44668,0,210,362.7680979490529,3.950199927203357,8359.703800058924,4797.952404405839
1791150268,250,,Aggregated,116.000000,0.000000,210,340,420,470,660,1200,2100,3300,6400,7700,8400,44766,0,210,362.39448887521417,3.950199927203357,8359.703800058924,4798.011638296922
1791150269,250,,Aggregated,111.400000,0.000000,210,340,420,470,660,1200,2100,3300,6400,7700,8400,44857,0,210,361.99019583984006,3.950199927203357,8359.703800058924,4798.204137592795
1791150270,250,,Aggregated,112.200000,0.000000,210,340,420,470,660,1200,2100,3300,6400,7700,8400,44960,0,210,361.6173915878073,3.950199927203357,8359.703800058924,4797.620573843416
1791150271,250,,Aggregated,112.000000,0.000000,210,340,420,470,660,1200,2100,3300,6400,7700,8400,45080,0,210,361.34317380406696,3.950199927203357,8359.703800058924,4797.160536823425
1791150272,250,,Aggregated,112.400000,0.000000,210,340,420,470,650,1200,2100,3300,6400,7700,8400,45202,0,210,360.9615855025973,3.950199927203357,8359.703800058924,4797.711760541569
1791150273,250,,Aggregated,112.800000,0.000000,210,340,420,470,650,1200,2100,3300,6400,7700,8400,45327,0,210,360.69986822174917,3.950199927203357,8359.703800058924,4796.961634345975
1791150274,250,,Aggregated,113.100000,0.000000,210,340,420,470,650,1200,2100,3300,6400,7700,8400,45462,0,210,360.0777026656705,3.950199927203357,8359.703800058924,4796.5681448242485
1791150275,250,,Aggregated,113.000000,0.000000,210,340,420,470,650,1200,2100,3300,6400,7700,8400,45550,0,210,359.8768027703021,3.950199927203357,8359.703800058924,4796.448035126235
1791150276,250,,Aggregated,111.000000,0.000000,210,340,420,470,650,1200,2100,3300,6400,7700,8400,45667,0,210,359.48477468821466,3.950199927203357,8359.703800058924,4796.765388573806
1791150277,250,,Aggregated,114.000000,0.000000,210,340,420,470,650,1200,2100,3300,6400,7700,8400,45790,0,210,359.1676476148872,3.950199927203357,8359.703800058924,4797.233828346801
1791150278,250,,Aggregated,111.900000,0.000000,210,340,410,470,650,1200,2100,3200,6400,7700,8400,45904,0,210,358.80719259946335,3.950199927203357,8359.703800058924,4797.878093412339
1791150279,250,,Aggregated,112.200000,0.000000,210,340,410,470,650,1200,2100,3200,6400,7700,8400,46028,0,210,358.42568777016714,3.950199927203357,8359.703800058924,4797.760797775267
1791150280,250,,Aggregated,111.400000,0.000000,210,340,410,470,650,1200,2100,3200,6400,7700,8400,46142,0,210,358.2062422106825,3.950199927203357,8359.703800058924,4798.198539291751
1791150281,250,,Aggregated,109.200000,0.000000,210,340,410,470,650,1200,2100,3200,6400,7700,8400,46288,0,210,357.8632153427491,3.950199927203357,8359.703800058924,4798.747018665745
1791150282,250,,Aggregated,110.200000,0.000000,210,340,410,470,650,1200,2100,3200,6400,7700,8400,46363,0,210,357.3432531541318,3.950199927203357,8359.703800058924,4798.8384919008695
1791150283,250,,Aggregated,111.300000,0.000000,210,340,410,470,640,1200,2100,3200,6400,7700,8400,46511,0,210,356.85949626291927,3.950199927203357,8359.703800058924,4798.8236546193375
1791150284,250,,Aggregated,115.800000,0.000000,210,340,410,470,640,1200,2100,3200,6400,7700,8400,46639,0,210,356.4256323009785,3.950199927203357,8359.703800058924,4798.519972555157
1791150285,250,,Aggregated,112.800000,0.000000,210,340,410,470,640,1200,2100,3200,6400,7700,8400,46719,0,210,355.84628158318657,3.890400053933263,8359.703800058924,4798.861362614782
1791150286,250,,Aggregated,116.500000,0.000000,210,340,410,470,640,1200,2100,3200,6400,7700,8400,46849,0,210,355.89903449347145,3.890400053933263,8359.703800058924,4799.236910072787
1791150287,250,,Aggregated,116.100000,0.000000,210,340,410,470,640,1200,2100,3200,6400,7700,8400,46953,0,210,355.5804200005234,3.890400053933263,8359.703800058924,4798.554980512427
1791150288,250,,Aggregated,111.900000,0.000000,210,340,410,470,640,1200,2100,3200,6400,7700,8400,47059,0,210,355.2702712719089,3.890400053933263,8359.703800058924,4798.476508213094
1791150289,250,,Aggregated,119.200000,0.000000,210,340,410,470,640,1200,2100,3200,6400,7700,8400,47195,0,210,354.76161470251293,3.890400053933263,8359.703800058924,4798.462697319631
1791150290,250,,Aggregated,116.400000,0.000000,210,340,410,470,640,1200,2100,3200,6400,7700,8400,47279,0,210,354.4957125951177,3.890400053933263,8359.703800058924,4799.043888407115
1791150291,250,,Aggregated,116.600000,0.000000,210,340,410,470,640,1200,2100,3200,6400,7700,8400,47394,0,210,354.11176922996503,3.890400053933263,8359.703800058924,4798.683588639912
1791150292,250,,Aggregated,117.500000,0.000000,210,340,410,470,640,1200,2000,3200,6400,7700,8400,47485,0,210,353.96512944476945,3.890400053933263,8359.703800058924,4798.289249236601
1791150293,250,,Aggregated,115.700000,0.000000,210,340,410,470,640,1200,2000,3200,6400,7700,8400,47601,0,210,353.8523902330676,3.890400053933263,8359.703800058924,4798.349551480011
1791150294,250,,Aggregated,110.500000,0.000000,210,340,410,470,630,1100,2000,3200,6400,7700,8400,47722,0,210,353.5766775697862,3.890400053933263,8359.703800058924,4798.98164368635
1791150295,250,,Aggregated,111.700000,0.000000,210,340,410,470,630,1100,2000,3200,6400,7700,8400,47851,0,210,353.3179563098926,3.890400053933263,8359.703800058924,4799.557125242942
1791150296,250,,Aggregated,108.500000,0.000000,210,340,410,470,630,1100,2000,3200,6400,7700,8400,47960,0,210,353.11702865480476,3.890400053933263,8359.703800058924,4799.661467889909
1791150297,250,,Aggregated,107.500000,0.000000,210,340,410,460,630,1100,2000,3200,6400,7700,8400,48068,0,210,352.75308879473283,3.890400053933263,8359.703800058924,4799.932678705168
1791150298,250,,Aggregated,113.800000,0.000000,210,340,410,460,630,1100,2000,3200,6400,7700,8400,48179,0,210,352.4415675955525,3.890400053933263,8359.703800058924,4799.848149608751
1791150299,250,,Aggregated,108.600000,0.000000,210,340,410,460,630,1100,2000,3200,6400,7700,8400,48280,0,210,352.3687009297037,3.890400053933263,8359.703800058924,4799.738276719138
1791150301,250,,Aggregated,108.800000,0.000000,210,340,410,460,630,1100,2000,3200,6400,7700,8400,48388,0,210,351.82355839642906,3.890400053933263,8359.703800058924,4799.329957840787
1791150302,250,,Aggregated,107.400000,0.000000,210,340,410,460,630,1100,2000,3200,6400,7700,8400,48540,0,210,351.63308692803776,3.890400053933263,8359.703800058924,4799.383827770911
1791150303,250,,Aggregated,108.600000,0.000000,210,340,410,460,630,1100,2000,3200,6400,7700,8400,48627,0,210,351.35989063663254,3.890400053933263,8359.703800058924,4799.2435478232255
1791150304,250,,Aggregated,108.600000,0.000000,210,340,410,460,630,1100,2000,3200,6400,7700,8400,48734,0,210,350.8932658818797,3.890400053933263,8359.703800058924,4799.508330939385
1791150305,250,,Aggregated,113.600000,0.000000,210,340,410,460,630,1100,2000,3200,6400,7700,8400,48857,0,210,350.4589146342951,3.890400053933263,8359.703800058924,4799.3663548723825
1791150306,250,,Aggregated,113.300000,0.000000,210,340,410,460,630,1100,2000,3200,6400,7700,8400,48951,0,210,350.2481657573535,3.890400053933263,8359.703800058924,4798.976139404711
1791150307,250,,Aggregated,113.300000,0.000000,210,340,410,460,630,1100,2000,3200,6300,7700,8400,49066,0,210,350.0107737147422,3.890400053933263,8359.703800058924,4798.860167937064
1791150308,250,,Aggregated,108.300000,0.000000,210,340,410,460,630,1100,2000,3200,6300,7700,8400,49207,0,210,349.81162417109965,3.890400053933263,8359.703800058924,4798.4870648484975
1791150309,250,,Aggregated,110.000000,0.000000,210,340,410,460,620,1100,2000,3200,6300,7700,8400,49281,0,210,349.75292401914345,3.890400053933263,8359.703800058924,4798.297842982082
1791150310,250,,Aggregated,112.900000,0.000000,210,340,410,460,630,1100,2000,3100,6300,7700,8400,49419,0,210,350.1137335536422,3.890400053933263,8359.703800058924,4798.023695339849
1791150311,250,,Aggregated,112.900000,0.000000,210,340,410,460,630,1100,2000,3100,6300,7700,8400,49505,0,210,349.78436382359007,3.890400053933263,8359.703800058924,4798.112978487022
1791150312,250,,Aggregated,111.300000,0.000000,210,340,410,460,630,1100,2000,3100,6300,7700,8400,49531,0,210,350.09871523261313,3.890400053933263,8359.703800058924,4798.097393551513
1791150313,250,,Aggregated,111.700000,0.000000,210,340,410,460,630,1200,2000,3100,6300,7700,8400,49637,0,210,351.57342397174864,3.890400053933263,8359.703800058924,4797.820698269436
1791150314,250,,Aggregated,97.100000,0.000000,210,340,410,470,640,1200,2000,3100,6300,7700,8400,49787,0,210,353.81219620354176,3.890400053933263,8359.703800058924,4798.011448771767
1791150315,250,,Aggregated,97.100000,0.000000,210,340,410,470,640,1200,2000,3100,6300,7700,8400,49816,0,210,353.6611326016888,3.890400053933263,8359.703800058924,4798.207182431347
1791150316,250,,Aggregated,102.300000,0.000000,210,340,410,470,640,1200,2000,3100,6300,7700,8400,49985,0,210,354.01889525629673,3.890400053933263,8359.703800058924,4797.973672101631
1791150317,250,,Aggregated,96.900000,0.000000,210,340,410,470,640,1200,2000,3100,6300,7600,8400,50080,0,210,353.9305048799284,3.890400053933263,8359.703800058924,4797.803654153355
1791150318,250,,Aggregated,99.200000,0.000000,210,340,410,470,640,1200,2000,3100,6300,7600,8400,50173,0,210,353.4377463672946,3.890400053933263,8359.703800058924,4798.250832120862
1791150319,250,,Aggregated,99.100000,0.000000,210,340,410,470,640,1200,2000,3100,6300,7600,8400,50329,0,210,353.1969178363649,3.890400053933263,8359.703800058924,4798.830078086193
1791150320,250,,Aggregated,96.900000,0.000000,210,340,410,470,640,1200,2000,3100,6300,7600,8400,50427,0,210,352.5456667477101,3.885700018145144,8359.703800058924,4798.831399845321
1791150321,250,,Aggregated,101.100000,0.000000,210,340,410,470,640,1200,2000,3100,6300,7600,8400,50554,0,210,352.35882396619473,3.885700018145144,8359.703800058924,4798.77525022748
1791150322,250,,Aggregated,99.600000,0.000000,210,340,410,470,640,1200,2000,3100,6300,7600,8400,50667,0,210,351.8640320403238,3.885700018145144,8359.703800058924,4798.418674877139
1791150323,250,,Aggregated,98.600000,0.000000,210,340,410,470,640,1200,2000,3100,6300,7600,8400,50780,0,210,351.6402523589531,3.885700018145144,8359.703800058924,4799.054076408034
1791150324,250,,Aggregated,111.800000,0.000000,210,340,410,470,640,1200,2000,3100,6300,7600,8400,50878,0,210,351.40630268657156,3.885700018145144,8359.703800058924,4799.217323794174
1791150325,250,,Aggregated,110.100000,0.000000,210,340,410,470,640,1100,2000,3100,6300,7600,8400,50982,0,210,351.0890550485905,3.885700018145144,8359.703800058924,4799.134282688007
1791150326,250,,Aggregated,107.400000,0.000000,210,340,410,470,630,1100,2000,3100,6300,7600,8400,51082,0,210,350.72420540675,3.885700018145144,8359.703800058924,4799.96441016405
1791150327,250,,Aggregated,113.600000,0.000000,210,340,410,470,630,1100,2000,3100,6300,7600,8400,51196,0,210,350.61934131938193,3.885700018145144,8359.703800058924,4800.241327447457
1791150328,250,,Aggregated,114.700000,0.000000,210,340,410,470,630,1100,2000,3100,6300,7600,8400,51312,0,210,350.40231081399594,3.885700018145144,8359.703800058924,4800.258458060493
1791150329,250,,Aggregated,113.000000,0.000000,210,340,410,470,630,1100,2000,3100,6300,7600,8400,51473,0,210,350.33308799540754,3.885700018145144,8359.703800058924,4801.133332038156
1791150330,250,,Aggregated,114.000000,0.000000,210,340,410,470,630,1100,2000,3100,6300,7600,8400,51560,0,210,350.0622040804517,3.885700018145144,8359.703800058924,4801.32814197052
1791150331,250,,Aggregated,112.900000,0.000000,210,340,410,470,630,1100,2000,3100,6300,7600,8400,51672,0,210,350.0134063203858,3.885700018145144,8359.703800058924,4801.769275429633
1791150332,250,,Aggregated,111.000000,0.000000,210,340,410,470,630,1100,2000,3100,6300,7600,8400,51798,0,210,349.4835105793089,3.885700018145144,8359.703800058924,4801.734043785475
1791150333,250,,Aggregated,111.000000,0.000000,210,340,410,460,630,1100,2000,3100,6300,7600,8400,51866,0,210,349.11851557836616,3.885700018145144,8359.703800058924,4802.00410673659
1791150334,250,,Aggregated,111.500000,0.000000,210,340,410,460,630,1100,2000,3100,6300,7600,8400,52040,0,210,348.70450035908925,3.885700018145144,8359.703800058924,4801.883589546503
1791150335,250,,Aggregated,114.900000,0.000000,210,340,410,460,630,1100,2000,3100,6300,7600,8400,52121,0,210,348.2038277448032,3.885700018145144,8359.703800058924,4802.390399263253
1791150336,250,,Aggregated,115.400000,0.000000,210,340,410,460,630,1100,2000,3100,6300,7600,8400,52275,0,210,347.7363599098477,3.885700018145144,8359.703800058924,4801.534232424678
1791150337,250,,Aggregated,114.300000,0.000000,210,340,410,460,630,1100,2000,3100,6300,7600,8400,52381,0,210,347.54350367092593,3.885700018145144,8359.703800058924,4801.499513182261
1791150338,250,,Aggregated,113.700000,0.000000,210,340,410,460,630,1100,2000,3100,6300,7600,8400,52482,0,210,347.335230635022,3.885700018145144,8359.703800058924,4801.461091421821
1791150339,250,,Aggregated,112.900000,0.000000,210,340,410,460,630,1100,2000,3100,6300,7600,8400,52609,0,210,347.2170691837181,3.885700018145144,8359.703800058924,4801.46089072212
1791150340,250,,Aggregated,111.800000,0.000000,200,340,410,460,630,1100,2000,3100,6300,7600,8400,52721,0,200,346.66520139386046,3.885700018145144,8359.703800058924,4801.929876140437
1791150341,250,,Aggregated,111.200000,0.000000,200,340,410,460,630,1100,2000,3100,6300,7600,8400,52866,0,200,346.33617663877936,3.885700018145144,8359.703800058924,4801.861915030454
1791150342,250,,Aggregated,118.400000,0.000000,200,340,410,460,620,1100,2000,3000,6300,7600,8400,52970,0,200,346.01391534424477,3.885700018145144,8359.703800058924,4801.97951670757
1791150343,250,,Aggregated,115.900000,0.000000,200,340,410,460,620,1100,2000,3000,6300,7600,8400,53098,0,200,345.79799983207903,3.885700018145144,8359.703800058924,4802.221062940223
1791150344,250,,Aggregated,116.300000,0.000000,200,340,410,460,620,1100,2000,3000,6300,7600,8400,53197,0,200,345.6795888430511,3.885700018145144,8359.703800058924,4802.602590371637
1791150345,250,,Aggregated,113.900000,0.000000,200,340,410,460,620,1100,2000,3000,6300,7600,8400,53300,0,200,345.17888508412176,3.885700018145144,8359.703800058924,4802.677767354597
1791150346,250,,Aggregated,113.600000,0.000000,200,340,410,460,620,1100,2000,3000,6300,7600,8400,53429,0,200,344.83329820291203,3.885700018145144,8359.703800058924,4803.185704392746
1791150347,250,,Aggregated,115.400000,0.000000,200,340,410,460,620,1100,2000,3000,6300,7600,8400,53546,0,200,344.6297167404215,3.885700018145144,8359.703800058924,4803.010981212416
1791150348,250,,Aggregated,112.200000,0.000000,200,330,410,460,620,1100,2000,3000,6300,7600,8400,53678,0,200,343.90959994004925,3.885700018145144,8359.703800058924,4803.2189165021055
1791150349,250,,Aggregated,111.700000,0.000000,200,330,410,460,620,1100,2000,3000,6300,7600,8400,53755,0,200,343.8866581207679,3.885700018145144,8359.703800058924,4802.683750348805
1791150350,250,,Aggregated,118.100000,0.000000,200,330,410,460,620,1100,2000,3000,6300,7600,8400,53881,0,200,343.5953568193191,3.885700018145144,8359.703800058924,4802.193110744047
1791150351,250,,Aggregated,118.000000,0.000000,200,330,410,460,620,1100,2000,3000,6300,7600,8400,53993,0,200,343.3488874165473,3.885700018145144,8359.703800058924,4802.3996073565095
1791150352,250,,Aggregated,113.700000,0.000000,200,330,410,460,620,1100,2000,3000,6300,7600,8400,54090,0,200,343.17049574009485,3.885700018145144,8359.703800058924,4801.851968940655
1791150353,250,,Aggregated,117.300000,0.000000,200,330,410,460,620,1100,2000,3000,6300,7600,8400,54220,0,200,342.937161523075,3.885700018145144,8359.703800058924,4802.10330136481
1791150354,250,,Aggregated,113.600000,0.000000,200,330,410,460,620,1100,2000,3000,6300,7600,8400,54323,0,200,342.7344946832982,3.885700018145144,8359.703800058924,4802.197687903835
1791150355,250,,Aggregated,116.200000,0.000000,200,330,410,460,620,1100,2000,3000,6300,7600,8400,54432,0,200,342.43073611994214,3.885700018145144,8359.703800058924,4802.5171957671955
1791150356,250,,Aggregated,112.700000,0.000000,200,330,410,460,620,1100,2000,3000,6300,7600,8400,54548,0,200,342.2043519337258,3.885700018145144,8359.703800058924,4802.441317738506
1791150357,250,,Aggregated,113.300000,0.000000,200,330,410,460,620,1100,2000,3000,6300,7600,8400,54680,0,200,341.9142719400439,3.885700018145144,8359.703800058924,4802.230486466716
1791150358,250,,Aggregated,114.600000,0.000000,200,330,410,460,620,1100,2000,3000,6300,7600,8400,54812,0,200,341.7134417405295,3.885700018145144,8359.703800058924,4801.916861271255
1791150359,250,,Aggregated,115.000000,0.000000,200,330,410,460,620,1100,2000,3000,6300,7600,8400,54928,0,200,341.60935917531526,3.885700018145144,8359.703800058924,4801.726041363239
1791150360,250,,Aggregated,107.600000,0.000000,200,330,410,460,620,1100,2000,3000,6300,7600,8400,55041,0,200,341.4616214291421,3.885700018145144,8359.703800058924,4802.306607801457
1791150361,250,,Aggregated,111.300000,0.000000,200,330,410,460,620,1100,2000,3000,6300,7600,8400,55154,0,200,341.27954112632517,3.885700018145144,8359.703800058924,4802.131812742503
1791150362,250,,Aggregated,111.200000,0.000000,200,330,410,460,620,1000,2000,3000,6300,7600,8400,55254,0,200,341.1059876331188,3.885700018145144,8359.703800058924,4802.48633583089
1791150363,250,,Aggregated,111.500000,0.000000,200,330,410,460,620,1000,2000,3000,6300,7600,8400,55364,0,200,340.8562599411242,3.885700018145144,8359.703800058924,4802.673361751318
1791150364,250,,Aggregated,115.000000,0.000000,200,330,410,460,620,1000,1900,2900,6300,7600,8400,55476,0,200,340.62887435071497,3.885700018145144,8359.703800058924,4803.099682745692
1791150365,250,,Aggregated,113.600000,0.000000,200,330,410,460,610,1000,1900,2900,6300,7600,8400,55584,0,200,340.35598185590226,3.885700018145144,8359.703800058924,4803.041054979851
1791150366,250,,Aggregated,115.100000,0.000000,200,330,410,460,610,1000,1900,2900,6300,7600,8400,55671,0,200,340.1708606649741,3.885700018145144,8359.703800058924,4802.871674660057
1791150367,250,,Aggregated,112.700000,0.000000,200,330,410,460,610,1000,1900,2900,6300,7600,8400,55792,0,200,340.08957672569255,3.885700018145144,8359.703800058924,4803.014088041296
1791150368,250,,Aggregated,113.300000,0.000000,200,330,410,460,610,1000,1900,2900,6300,7600,8400,55931,0,200,339.82703294737536,3.885700018145144,8359.703800058924,4802.540254957001
1791150369,250,,Aggregated,112.000000,0.000000,200,330,410,460,610,1000,1900,2900,6200,7600,8400,56027,0,200,339.66051888695324,3.885700018145144,8359.703800058924,4802.757134952791
1791150370,250,,Aggregated,112.200000,0.000000,200,330,410,460,610,1000,1900,2900,6200,7600,8400,56147,0,200,339.36311204303104,3.885700018145144,8359.703800058924,4802.73156179315
1791150371,250,,Aggregated,111.900000,0.000000,200,330,410,460,610,1000,1900,2900,6200,7600,8400,56259,0,200,339.250182322475,3.885700018145144,8359.703800058924,4803.276098046535
1791150372,250,,Aggregated,110.300000,0.000000,200,330,410,460,610,1000,1900,2900,6200,7600,8400,56413,0,200,339.05180941412885,3.885700018145144,8359.703800058924,4803.283604842855
1791150373,250,,Aggregated,109.900000,0.000000,200,330,410,460,610,1000,1900,2900,6200,7600,8400,56521,0,200,339.0181047093843,3.885700018145144,8359.703800058924,4803.410183825481
1791150374,250,,Aggregated,106.900000,0.000000,200,330,410,460,610,1000,1900,2900,6200,7600,8400,56609,0,200,338.80954694977225,3.885700018145144,8359.703800058924,4804.075147061421
1791150375,250,,Aggregated,112.400000,0.000000,200,330,410,460,610,1000,1900,2900,6200,7600,8400,56713,0,200,338.57862350042177,3.885700018145144,8359.703800058924,4803.953132438771
1791150376,250,,Aggregated,113.100000,0.000000,200,330,410,460,610,1000,1900,2900,6200,7600,8400,56823,0,200,338.3676983647333,3.885700018145144,8359.703800058924,4802.844939549126
1791150377,250,,Aggregated,110.500000,0.000000,200,330,410,460,610,1000,1900,2900,6200,7600,8400,56939,0,200,338.1023816976028,3.885700018145144,8359.703800058924,4803.147104796361
1791150378,250,,Aggregated,110.300000,0.000000,200,330,410,460,610,1000,1900,2900,6200,7600,8400,57047,0,200,337.9271885003684,3.885700018145144,8359.703800058924,4802.700264694025
1791150380,250,,Aggregated,112.400000,0.000000,200,330,410,460,610,1000,1900,2900,6200,7600,8400,57173,0,200,337.6992821993028,3.885700018145144,8359.703800058924,4802.874871005544
1791150381,250,,Aggregated,111.600000,0.000000,200,330,410,460,610,1000,1900,2900,6200,7600,8400,57302,0,200,337.5161555177812,3.885700018145144,8359.703800058924,4803.40651286168
1791150382,250,,Aggregated,113.800000,0.000000,200,330,410,460,610,1000,1900,2900,6200,7600,8400,57407,0,200,337.33253644292245,3.885700018145144,8359.703800058924,4803.788405595136
1791150383,250,,Aggregated,115.400000,0.000000,200,330,410,460,610,1000,1900,2900,6200,7600,8400,57483,0,200,337.16131046533127,3.885700018145144,8359.703800058924,4803.955378111789
1791150384,250,,Aggregated,114.500000,0.000000,200,330,410,460,610,1000,1900,2900,6200,7600,8400,57622,0,200,336.86984892365047,3.885700018145144,8359.703800058924,4804.203168928534
1791150385,250,,Aggregated,106.300000,0.000000,200,330,410,460,610,1000,1900,2800,6200,7600,8400,57758,0,200,336.5265043782328,3.885700018145144,8359.703800058924,4803.7040756258875
1791150386,250,,Aggregated,106.300000,0.000000,200,330,410,460,610,1000,1900,2800,6200,7600,8400,57866,0,200,336.1106355213421,3.885700018145144,8359.703800058924,4803.917187986037
1791150387,250,,Aggregated,113.900000,0.000000,200,330,410,460,600,1000,1900,2800,6200,7600,8400,57981,0,200,335.90004378637974,3.885700018145144,8359.703800058924,4804.092306100274
1791150388,250,,Aggregated,114.500000,0.000000,200,330,410,460,600,1000,1900,2800,6100,7600,8400,58100,0,200,335.68999684644876,3.885700018145144,8359.703800058924,4804.475731497419
1791150389,250,,Aggregated,115.300000,0.000000,200,330,410,460,600,990,1900,2800,6100,7600,8400,58207,0,200,335.77952916277997,3.885700018145144,8359.703800058924,4804.345972133936
1791150390,250,,Aggregated,115.500000,0.000000,200,330,410,460,600,990,1900,2800,6100,7600,8400,58312,0,200,335.492891323875,3.885700018145144,8359.703800058924,4804.3107250651665
1791150391,250,,Aggregated,114.400000,0.000000,200,330,410,460,600,990,1900,2800,6100,7600,8400,58426,0,200,335.35963829933894,3.885700018145144,8359.703800058924,4804.53943449834
1791150392,250,,Aggregated,113.400000,0.000000,200,330,410,450,600,990,1900,2800,6100,7600,8400,58528,0,200,335.1378337919923,3.885700018145144,8359.703800058924,4804.641727036632
1791150393,250,,Aggregated,111.900000,0.000000,200,330,410,450,600,980,1900,2800,6100,7600,8400,58627,0,200,334.97093295882775,3.885700018145144,8359.703800058924,4804.731983557064
1791150394,250,,Aggregated,110.100000,0.000000,200,330,410,450,600,980,1900,2800,6100,7600,8400,58731,0,200,334.6847317903179,3.885700018145144,8359.703800058924,4804.20030307674
1791150395,250,,Aggregated,112.400000,0.000000,200,330,410,450,600,980,1900,2800,6100,7600,8400,58817,0,200,334.4857723273437,3.885700018145144,8359.703800058924,4804.328017409933
1791150396,250,,Aggregated,110.900000,0.000000,200,330,410,450,600,980,1900,2800,6100,7600,8400,58990,0,200,334.23646170668246,3.885700018145144,8359.703800058924,4804.864400745889
1791150397,250,,Aggregated,106.200000,0.000000,200,330,410,450,600,980,1900,2800,6100,7600,8400,59065,0,200,334.03002956873496,3.885700018145144,8359.703800058924,4804.228426309997
1791150398,250,,Aggregated,111.800000,0.000000,200,330,410,450,600,980,1900,2800,6100,7600,8400,59183,0,200,333.77389292325324,3.885700018145144,8359.703800058924,4803.981126336955
1791150399,250,,Aggregated,108.200000,0.000000,200,330,400,450,600,970,1900,2800,6100,7600,8400,59341,0,200,333.5657253109362,3.885700018145144,8359.703800058924,4804.178072496251
1791150400,250,,Aggregated,108.100000,0.000000,200,330,400,450,600,970,1900,2800,6100,7600,8400,59444,0,200,333.2583663847759,3.885700018145144,8359.703800058924,4804.823413632999
1791150401,250,,Aggregated,112.500000,0.000000,200,330,400,450,600,970,1900,2800,6100,7600,8400,59549,0,200,333.1741618982166,3.885700018145144,8359.703800058924,4804.848074694789
1791150402,250,,Aggregated,111.200000,0.000000,200,330,400,450,600,970,1900,2800,6100,7600,8400,59639,0,200,332.8350002326723,3.885700018145144,8359.703800058924,4805.232331192676
1791150403,250,,Aggregated,109.400000,0.000000,200,330,400,450,600,970,1900,2800,6100,7600,8400,59750,0,200,332.66247711761025,3.885700018145144,8359.703800058924,4805.164552301255
1791150404,250,,Aggregated,112.300000,0.000000,200,330,400,450,600,960,1900,2800,6100,7600,8400,59904,0,200,332.29631304884134,3.885700018145144,8359.703800058924,4805.177784455128
1791150405,250,,Aggregated,113.800000,0.000000,200,330,400,450,600,960,1900,2800,6100,7600,8400,60000,0,200,332.07310697629566,3.885700018145144,8359.703800058924,4805.4108166666665
1791150406,250,,Aggregated,113.700000,0.000000,200,330,400,450,600,960,1900,2800,6000,7600,8400,60151,0,200,332.07084974110643,3.885700018145144,8359.703800058924,4805.355738059217
1791150407,250,,Aggregated,114.000000,0.000000,200,330,400,450,600,960,1900,2800,6000,7600,8400,60230,0,200,332.07577072351194,3.885700018145144,8359.703800058924,4805.578880956334
1791150408,250,,Aggregated,109.200000,0.000000,200,330,400,450,600,950,1900,2800,6000,7600,8400,60323,0,200,331.8872272396371,3.885700018145144,8359.703800058924,4805.752150920876
1791150409,250,,Aggregated,111.500000,0.000000,200,330,400,450,600,950,1900,2800,6000,7600,8400,60498,0,200,331.72836639355603,3.885700018145144,8359.703800058924,4805.946659393699
1791150410,250,,Aggregated,114.300000,0.000000,200,330,400,450,600,950,1900,2800,6000,7600,8400,60559,0,200,331.43175532254367,3.885700018145144,8359.703800058924,4806.423075017751
1791150411,250,,Aggregated,111.000000,0.000000,200,330,400,450,600,940,1900,2800,6000,7600,8400,60688,0,200,331.23460960615176,3.885700018145144,8359.703800058924,4806.249967044556
1791150412,250,,Aggregated,113.100000,0.000000,200,330,400,450,600,940,1900,2800,6000,7600,8400,60839,0,200,330.99281146598184,3.885700018145144,8359.703800058924,4805.597807327536
1791150413,250,,Aggregated,115.800000,0.000000,200,330,400,450,600,940,1900,2800,6000,7600,8400,60925,0,200,330.7703173865942,3.885700018145144,8359.703800058924,4805.625818629463
1791150414,250,,Aggregated,114.100000,0.000000,200,330,400,450,600,940,1900,2800,6000,7600,8400,61039,0,200,330.69588306128753,3.885700018145144,8359.703800058924,4806.017775520569
1791150415,250,,Aggregated,112.900000,0.000000,200,330,400,450,590,940,1900,2800,6000,7600,8400,61173,0,200,330.52817046536694,3.885700018145144,8359.703800058924,4804.931276870515
1791150416,250,,Aggregated,112.400000,0.000000,200,330,400,450,590,930,1800,2800,6000,7600,8400,61292,0,200,330.2411186023876,3.885700018145144,8359.703800058924,4804.525321412256
1791150417,250,,Aggregated,114.500000,0.000000,200,330,400,450,590,930,1800,2800,6000,7600,8400,61392,0,200,330.04966236280507,3.885700018145144,8359.703800058924,4804.298442793849
1791150418,250,,Aggregated,112.900000,0.000000,200,330,400,450,590,930,1800,2800,6000,7600,8400,61484,0,200,329.918409743621,3.885700018145144,8359.703800058924,4804.280154186455
1791150419,250,,Aggregated,114.700000,0.000000,200,330,400,450,590,930,1800,2800,6000,7600,8400,61587,0,200,329.88551406428553,3.885700018145144,8359.703800058924,4803.9441602935685
1791150420,250,,Aggregated,113.000000,0.000000,200,330,400,450,590,930,1800,2800,6000,7600,8400,61677,0,200,329.77390663094576,3.885700018145144,8359.703800058924,4803.7173500656645
1791150421,250,,Aggregated,113.900000,0.000000,200,330,400,450,590,930,1800,2800,6000,7600,8400,61809,0,200,329.7829523997663,3.885700018145144,8359.703800058924,4803.679431797958
1791150422,250,,Aggregated,112.000000,0.000000,200,330,400,450,590,920,1800,2800,6000,7600,8400,61952,0,200,329.58623399691135,3.885700018145144,8359.703800058924,4804.096429493801
1791150423,250,,Aggregated,111.400000,0.000000,200,330,400,450,590,920,1800,2800,5900,7600,8400,62080,0,200,329.3467329264813,3.885700018145144,8359.703800058924,4804.172760953608
1791150424,250,,Aggregated,111.400000,0.000000,200,330,400,450,590,920,1800,2800,5900,7600,8400,62188,0,200,328.8183983883598,3.885700018145144,8359.703800058924,4804.260307454814
1791150425,250,,Aggregated,112.000000,0.000000,200,330,400,450,590,920,1800,2800,5900,7600,8400,62296,0,200,328.6526109104206,3.885700018145144,8359.703800058924,4804.066842172852
1791150426,250,,Aggregated,113.600000,0.000000,200,330,400,450,590,920,1800,2800,5900,7600,8400,62407,0,200,328.53346890374104,3.885700018145144,8359.703800058924,4803.344769016297
1791150427,250,,Aggregated,112.600000,0.000000,200,330,400,450,590,920,1800,2800,5900,7600,8400,62514,0,200,328.3240471234464,3.885700018145144,8359.703800058924,4803.256310586428
1791150428,250,,Aggregated,111.900000,0.000000,200,330,400,450,590,920,1800,2800,5900,7600,8400,62611,0,200,328.11605688578004,3.885700018145144,8359.703800058924,4803.221175192857
1791150429,250,,Aggregated,114.300000,0.000000,200,330,400,450,590,910,1800,2800,5900,7600,8400,62740,0,200,327.7516781220339,3.885700018145144,8359.703800058924,4803.278944851769
1791150430,250,,Aggregated,112.900000,0.000000,200,330,400,450,590,910,1800,2800,5900,7600,8400,62851,0,200,327.6138990958993,3.885700018145144,8359.703800058924,4803.6830599354025
1791150431,250,,Aggregated,113.600000,0.000000,200,330,400,450,590,910,1800,2800,5900,7600,8400,63013,0,200,327.3117540329199,3.885700018145144,8359.703800058924,4804.0822369987145
1791150432,250,,Aggregated,114.000000,0.000000,200,330,400,450,590,910,1800,2800,5900,7600,8400,63132,0,200,327.03166735215984,3.885700018145144,8359.703800058924,4803.930067160869
1791150433,250,,Aggregated,111.200000,0.000000,200,330,400,450,590,910,1800,2800,5900,7600,8400,63229,0,200,326.9121032544612,3.885700018145144,8359.703800058924,4803.766815859811
1791150434,250,,Aggregated,113.400000,0.000000,200,330,400,450,590,910,1800,2800,5900,7600,8400,63343,0,200,326.4534414801346,3.885700018145144,8359.703800058924,4803.626604360387
1791150435,250,,Aggregated,115.500000,0.000000,200,330,400,450,590,900,1800,2800,5900,7600,8400,63453,0,200,326.1724512958637,3.885700018145144,8359.703800058924,4803.314673853088
1791150436,250,,Aggregated,115.700000,0.000000,200,330,400,450,590,900,1800,2800,5900,7600,8400,63587,0,200,325.98374842619427,3.885700018145144,8359.703800058924,4803.214100366427
1791150437,250,,Aggregated,112.300000,0.000000,200,330,400,450,590,900,1800,2800,5900,7600,8400,63687,0,200,325.88451862038045,3.885700018145144,8359.703800058924,4803.512883319987
1791150438,250,,Aggregated,113.300000,0.000000,200,330,400,450,590,900,1800,2800,5900,7600,8400,63792,0,200,325.6929094976866,3.885700018145144,8359.703800058924,4803.537371457236
1791150439,250,,Aggregated,112.500000,0.000000,200,330,400,450,590,900,1800,2700,5900,7600,8400,63922,0,200,325.53740644968366,3.885700018145144,8359.703800058924,4803.571555958825
1791150440,250,,Aggregated,112.400000,0.000000,200,330,400,450,590,900,1800,2700,5900,7600,8400,63986,0,200,325.27782180596535,3.885700018145144,8359.703800058924,4803.612821554715
1791150441,250,,Aggregated,109.800000,0.000000,200,330,400,450,590,890,1800,2700,5900,7600,8400,64119,0,200,325.06204772338765,3.885700018145144,8359.703800058924,4804.244451722579
1791150442,250,,Aggregated,113.600000,0.000000,200,330,400,450,580,890,1800,2700,5900,7600,8400,64259,0,200,324.79921744931823,3.885700018145144,8359.703800058924,4804.271277175181
1791150443,250,,Aggregated,113.200000,0.000000,200,330,400,450,580,890,1800,2700,5900,7600,8400,64353,0,200,324.5811306571043,3.885700018145144,8359.703800058924,4804.120320730968
1791150444,250,,Aggregated,110.800000,0.000000,200,330,400,450,580,890,1800,2700,5900,7600,8400,64500,0,200,324.47576106785647,3.885700018145144,8359.703800058924,4804.314325581396
1791150445,250,,Aggregated,112.000000,0.000000,200,330,400,450,580,880,1800,2700,5900,7600,8400,64597,0,200,324.0188321094955,3.885700018145144,8359.703800058924,4803.816849079679
1791150447,250,,Aggregated,117.900000,0.000000,200,330,400,450,580,880,1800,2700,5900,7600,8400,64672,0,200,323.9681700948956,3.885700018145144,8359.703800058924,4803.520797253835
