Timestamp,User Count,Type,Name,Requests/s,Failures/s,50%,66%,75%,80%,90%,95%,98%,99%,99.9%,99.99%,100%,Total Request Count,Total Failure Count,Total Median Response Time,Total Average Response Time,Total Min Response Time,Total Max Response Time,Total Average Content Size
1791150458,0,,Aggregated,0.000000,0.000000,N/A,N/A,N/A,N/A,N/A,N/A,N/A,N/A,N/A,N/A,N/A,0,0,0,0.0,0,0,0
1791150459,25,,Aggregated,0.000000,0.000000,460,490,510,540,630,630,630,630,630,630,630,25,0,460,303.84292799513787,13.916600029915571,633.4850999992341,5530.6
1791150461,75,,Aggregated,0.000000,0.000000,470,630,690,730,1100,1100,1100,1100,1100,1100,1100,103,0,470,453.67143883424114,12.03360001090914,1126.3457000022754,5355.0291262135925
1791150462,100,,Aggregated,12.500000,0.000000,130,390,600,660,870,1100,1100,1100,1100,1100,1100,165,0,130,325.9494878760906,5.39299997035414,1126.3457000022754,5223.654545454546
1791150463,125,,Aggregated,34.333333,0.000000,98,160,360,470,690,900,1100,1100,1100,1100,1100,252,0,98,238.57998690615955,4.412100068293512,1126.3457000022754,5158.6349206349205
1791150464,150,,Aggregated,40.750000,0.000000,110,220,390,460,680,870,1100,1100,1100,1100,1100,356,0,110,242.73543342852474,4.412100068293512,1126.3457000022754,5130.376404494382
1791150465,175,,Aggregated,50.000000,0.000000,120,260,390,460,690,870,1100,1100,1100,1100,1100,451,0,120,254.3697062102322,4.412100068293512,1126.3457000022754,5132.7228381374725
1791150466,200,,Aggregated,59.000000,0.000000,150,320,450,520,790,990,1100,1100,1100,1100,1100,558,0,150,288.0683965971827,4.412100068293512,1126.6341999871656,5149.227598566308
1791150467,225,,Aggregated,59.857143,0.000000,170,340,490,570,840,980,1100,1100,1100,1100,1100,690,0,170,306.11485348089826,4.412100068293512,1126.6341999871656,5132.095652173913
1791150468,250,,Aggregated,64.000000,0.000000,180,340,490,570,840,980,1100,1100,1100,1100,1100,808,0,180,308.94775804602494,4.412100068293512,1126.6341999871656,5102.957920792079
1791150469,275,,Aggregated,69.000000,0.000000,190,350,480,570,840,970,1100,1100,1200,1200,1200,911,0,190,309.65361372326447,4.412100068293512,1186.042599962093,5067.600439077936
1791150470,300,,Aggregated,75.100000,0.000000,210,390,520,640,880,1000,1100,1200,1300,1300,1300,1033,0,210,335.4704659262001,4.412100068293512,1331.261400016956,5053.204259438528
1791150471,325,,Aggregated,87.600000,0.000000,240,440,600,700,950,1100,1300,1300,1400,1500,1500,1187,0,240,373.8254628492568,4.412100068293512,1471.9720999710262,5058.393428812132
1791150472,350,,Aggregated,98.400000,0.000000,250,470,660,780,1000,1200,1300,1400,1500,1600,1600,1322,0,250,400.2170239796414,4.412100068293512,1615.0478000054136,5088.449319213313
1791150473,375,,Aggregated,106.300000,0.000000,280,510,700,820,1100,1200,1400,1400,1500,1600,1600,1498,0,280,426.6182575438567,4.412100068293512,1615.0478000054136,5071.4612817089455
1791150474,400,,Aggregated,113.800000,0.000000,310,560,750,870,1100,1300,1400,1500,1700,1700,1700,1657,0,310,455.9348847923742,4.412100068293512,1749.0489999763668,5053.853349426675
1791150475,425,,Aggregated,122.000000,0.000000,340,600,790,890,1200,1400,1500,1500,1700,1700,1700,1851,0,340,481.06407590559115,4.412100068293512,1749.0489999763668,5065.89735278228
1791150476,450,,Aggregated,126.600000,0.000000,390,670,850,940,1200,1400,1500,1600,2100,2200,2200,2039,0,390,524.4289017658677,4.412100068293512,2215.399199980311,5041.645414418833
1791150477,475,,Aggregated,135.900000,0.000000,410,670,840,940,1200,1400,1500,1700,2100,2200,2200,2281,0,410,532.5066119686919,4.412100068293512,2215.399199980311,5050.784305129329
1791150478,500,,Aggregated,141.300000,0.000000,400,650,820,920,1200,1400,1500,1600,2100,2200,2200,2424,0,390,524.08945552872,4.412100068293512,2215.399199980311,5059.441419141915
1791150479,525,,Aggregated,155.000000,0.000000,420,670,840,930,1200,1400,1500,1600,2100,2200,2200,2651,0,420,538.1667142968782,4.412100068293512,2215.399199980311,5050.025650697849
1791150480,550,,Aggregated,163.400000,0.000000,420,680,850,970,1300,1500,1600,1800,2100,2200,2200,2868,0,420,551.062010809371,4.412100068293512,2215.399199980311,5039.30160390516
1791150481,575,,Aggregated,165.100000,0.000000,440,700,880,1000,1300,1500,1800,2100,2700,2900,2900,3019,0,440,575.7438520705864,4.412100068293512,2905.7087999535725,5039.26001987413
1791150482,600,,Aggregated,174.300000,0.000000,500,770,940,1100,1400,1700,2100,2300,3500,3900,3900,3307,0,500,632.349081977789,4.412100068293512,3908.6377000203356,5025.954036891442
1791150483,625,,Aggregated,175.300000,0.000000,490,750,930,1100,1400,1800,2200,2300,3500,3900,3900,3540,0,480,634.2660095765306,4.412100068293512,3908.6377000203356,5026.585875706215
1791150484,650,,Aggregated,184.400000,0.000000,510,780,970,1100,1500,1900,2200,2300,3500,3900,3900,3747,0,510,654.7818420607595,4.412100068293512,3908.6377000203356,5025.62129703763
1791150485,675,,Aggregated,195.100000,0.000000,510,800,990,1100,1500,1900,2200,2300,3500,3900,3900,4021,0,510,666.0460183043202,4.412100068293512,3908.6377000203356,5020.485700074609
1791150486,700,,Aggregated,199.500000,0.000000,530,840,1000,1200,1500,1900,2200,2400,3500,3900,3900,4296,0,530,688.6199501397973,4.412100068293512,3908.6377000203356,5013.82635009311
1791150487,725,,Aggregated,206.500000,0.000000,530,850,1100,1200,1600,1900,2200,2400,3500,3900,3900,4465,0,530,697.9991616124302,4.412100068293512,3908.6377000203356,5015.110414333707
1791150488,750,,Aggregated,221.300000,0.000000,570,910,1100,1300,1600,1900,2200,2400,3500,3900,3900,4676,0,570,728.6841214710761,4.412100068293512,3908.6377000203356,5008.753207869974
1791150489,775,,Aggregated,219.500000,0.000000,590,960,1200,1300,1700,2000,2200,2400,3500,3900,3900,4933,0,590,758.4575911612017,4.412100068293512,3908.6377000203356,5000.6653152240015
1791150490,800,,Aggregated,214.400000,0.000000,620,1000,1300,1400,1800,2100,2300,2500,3400,3900,3900,5204,0,620,800.8835926398453,4.412100068293512,3908.6377000203356,4999.090122982321
1791150491,825,,Aggregated,222.400000,0.000000,640,1100,1300,1500,1900,2100,2400,2600,3600,4000,4000,5427,0,640,825.1053725630292,4.412100068293512,4014.221000019461,4995.8890731527545
1791150492,850,,Aggregated,227.500000,0.000000,650,1100,1400,1500,2000,2200,2400,2700,3600,4000,4000,5720,0,650,849.7587045803226,4.412100068293512,4014.221000019461,4987.1916083916085
1791150494,875,,Aggregated,234.800000,0.000000,700,1100,1400,1600,2000,2300,2700,2900,3900,4600,4600,6033,0,700,899.7503363664516,4.412100068293512,4551.372300018556,4981.191115531245
1791150495,900,,Aggregated,229.900000,0.000000,770,1200,1500,1600,2100,2500,2900,3300,4600,5100,5100,6390,0,770,958.9090778243528,4.412100068293512,5057.518700021319,4967.589671361502
1791150496,925,,Aggregated,233.700000,0.000000,800,1200,1500,1600,2100,2500,2900,3300,4600,5100,5100,6827,0,800,965.8693974509133,4.412100068293512,5057.518700021319,4962.143840632782
1791150498,950,,Aggregated,229.300000,0.000000,790,1200,1400,1600,2100,2400,2900,3300,4400,5100,5100,7140,0,790,964.4731669042537,4.412100068293512,5057.518700021319,4954.591036414566
1791150499,975,,Aggregated,249.500000,0.000000,820,1200,1500,1700,2100,2400,2900,3300,4800,5500,5500,7478,0,820,984.6912031553109,4.412100068293512,5486.140500055626,4955.279753944905
1791150500,1000,,Aggregated,0.000000,0.000000,1400,1600,1700,1900,2000,2100,2200,3100,3300,3300,3300,274,0,1400,1421.8445682458844,459.6668001031503,3257.8450000146404,4861.160583941606
1791150501,1000,,Aggregated,0.000000,0.000000,1300,1500,1600,1700,1900,2200,2600,2900,3300,3300,3300,664,0,1300,1273.6481813247897,147.6305000251159,3257.8450000146404,4777.659638554217
1791150502,1000,,Aggregated,53.000000,0.000000,1100,1400,1600,1700,2000,2200,2600,2900,3500,3600,3600,1001,0,1100,1155.1281400602898,89.95739999227226,3639.04509996064,4845.447552447553
1791150503,1000,,Aggregated,247.500000,0.000000,1000,1400,1600,1800,2000,2100,2600,3000,3600,3700,3700,1403,0,1000,1135.4554416974395,89.95739999227226,3674.3606000673026,4812.901639344263
1791150504,1000,,Aggregated,271.666667,0.000000,970,1300,1500,1700,1900,2100,2700,3000,3600,3700,3700,1742,0,970,1091.2283405856188,89.95739999227226,3674.3606000673026,4813.394948335247
1791150505,1000,,Aggregated,282.500000,0.000000,940,1300,1500,1600,1900,2100,2600,2900,3600,3700,3700,2082,0,940,1071.5785952927733,89.95739999227226,3674.3606000673026,4785.775696445725
1791150507,1000,,Aggregated,300.666667,0.000000,930,1300,1500,1600,1900,2100,2600,2900,3700,4100,4100,2393,0,930,1070.6423462180862,89.95739999227226,4102.403299999423,4785.966987045549
1791150508,1000,,Aggregated,302.285714,0.000000,990,1300,1500,1600,1900,2100,2600,3000,4100,4300,4300,2753,0,990,1107.8201201242011,89.95739999227226,4311.054700054228,4799.370504903742
1791150509,1000,,Aggregated,295.125000,0.000000,980,1300,1400,1600,1900,2000,2500,2900,3800,4300,4300,3288,0,980,1081.6153636570227,89.95739999227226,4311.054700054228,4781.458333333333
1791150510,1000,,Aggregated,293.666667,0.000000,950,1200,1400,1500,1800,2000,2500,2900,3800,4300,4300,3589,0,950,1048.2521112018292,89.95739999227226,4311.054700054228,4782.588464753413
1791150511,1000,,Aggregated,303.200000,0.000000,930,1200,1400,1500,1800,2000,2400,2800,3800,4300,4300,3850,0,930,1034.7436338971527,89.95739999227226,4311.054700054228,4774.624415584415
1791150513,1000,,Aggregated,335.500000,0.000000,950,1300,1500,1600,1900,2100,2500,2900,3700,4300,4300,4193,0,950,1062.3244125212602,89.95739999227226,4311.054700054228,4778.824469353684
1791150514,1000,,Aggregated,303.500000,0.000000,960,1300,1500,1600,1900,2100,2500,2900,3700,4300,4300,4506,0,960,1075.8056081893978,86.7636000039056,4311.054700054228,4788.174877940523
1791150515,1000,,Aggregated,306.300000,0.000000,980,1300,1600,1700,1900,2200,2600,3100,4300,5000,5000,4854,0,980,1101.0415831892158,86.7636000039056,4999.526200001128,4803.037288833952
1791150516,1000,,Aggregated,302.000000,0.000000,990,1300,1600,1700,1900,2200,2800,3200,4400,5400,5400,5207,0,990,1111.1674444404618,86.7636000039056,5371.578700025566,4810.079508354139
1791150517,1000,,Aggregated,302.900000,0.000000,1000,1300,1500,1700,1900,2200,2900,3200,4700,5400,5400,5538,0,1000,1111.516618707587,86.7636000039056,5371.578700025566,4814.744131455399
1791150518,1000,,Aggregated,302.600000,0.000000,1000,1300,1500,1700,1900,2200,2800,3200,4700,5400,5400,5958,0,1000,1114.4368679596587,86.7636000039056,5371.578700025566,4817.707955689829
1791150519,1000,,Aggregated,309.600000,0.000000,1000,1300,1500,1600,1900,2200,2800,3200,4600,5400,5400,6325,0,1000,1101.5718156687194,86.7636000039056,5371.578700025566,4817.976758893281
1791150520,1000,,Aggregated,312.400000,0.000000,990,1200,1400,1600,1900,2200,2700,3200,4600,5400,5400,6732,0,990,1090.1694880279915,86.7636000039056,5371.578700025566,4815.2908496732025
1791150521,1000,,Aggregated,310.000000,0.000000,980,1200,1400,1600,1900,2200,2700,3200,4600,5400,5400,6980,0,980,1079.8198991120903,86.7636000039056,5371.578700025566,4814.193839541547
1791150522,1000,,Aggregated,304.500000,0.000000,990,1200,1400,1600,1900,2200,2600,3200,4500,5400,5400,7305,0,990,1081.5721783712588,45.927500003017485,5371.578700025566,4817.116906228611
1791150524,1000,,Aggregated,311.600000,0.000000,1000,1300,1500,1600,1900,2200,2800,3200,4500,5400,5400,7664,0,1000,1091.9604208639823,45.927500003017485,5371.578700025566,4820.2899269311065
1791150525,1000,,Aggregated,312.200000,0.000000,1000,1300,1500,1600,1900,2200,2800,3200,4500,5400,5400,8056,0,1000,1095.5475499878542,45.927500003017485,5371.578700025566,4812.592477656405
1791150526,1000,,Aggregated,317.000000,0.000000,1000,1200,1400,1600,1900,2200,2800,3200,4500,6200,6200,8449,0,1000,1087.8164250566015,45.927500003017485,6178.512300015427,4818.541129127708
1791150527,1000,,Aggregated,317.500000,0.000000,1000,1300,1400,1600,1900,2200,2800,3200,4500,6200,6200,8770,0,1000,1094.1410715625952,45.927500003017485,6178.512300015427,4815.310490307867
1791150528,1000,,Aggregated,317.900000,0.000000,1000,1300,1400,1600,1900,2200,2700,3200,4500,6200,6200,9022,0,1000,1091.1881343497869,45.927500003017485,6178.512300015427,4814.144535579694
1791150529,1000,,Aggregated,312.000000,0.000000,1000,1300,1500,1600,1900,2200,2700,3100,4500,6200,6200,9359,0,1000,1100.0327563953444,45.927500003017485,6178.512300015427,4807.58980660327
1791150530,1000,,Aggregated,307.300000,0.000000,1000,1300,1500,1600,1900,2200,2700,3100,4500,6200,6200,9738,0,1000,1111.949794393529,45.927500003017485,6178.512300015427,4803.183918669131
1791150531,1000,,Aggregated,297.200000,0.000000,1000,1300,1500,1600,1900,2200,2700,3100,4400,5400,6200,10046,0,1000,1114.3271040418083,45.927500003017485,6178.512300015427,4807.191419470436
1791150533,1000,,Aggregated,302.800000,0.000000,1000,1300,1500,1600,1900,2200,2700,3100,4400,5400,6200,10405,0,1000,1114.0702029989939,45.927500003017485,6178.512300015427,4804.453051417588
1791150534,1000,,Aggregated,306.400000,0.000000,1000,1300,1500,1600,1900,2200,2700,3100,4400,5400,6200,10761,0,1000,1111.6805645669524,45.927500003017485,6178.512300015427,4800.544466127683
1791150535,1000,,Aggregated,306.800000,0.000000,1000,1300,1500,1600,1900,2200,2700,3100,4400,5400,6200,11128,0,1000,1107.1065839059281,45.927500003017485,6178.512300015427,4793.996944644141
1791150536,1000,,Aggregated,304.500000,0.000000,1000,1300,1500,1600,1900,2200,2700,3100,4400,5400,6200,11483,0,1000,1103.8280891844288,45.927500003017485,6178.512300015427,4793.3730732387
1791150537,1000,,Aggregated,306.100000,0.000000,1000,1300,1500,1600,1900,2200,2700,3100,4400,5400,6200,11849,0,1000,1096.8029007261684,45.927500003017485,6178.512300015427,4787.6316988775425
1791150538,1000,,Aggregated,305.500000,0.000000,1000,1300,1500,1600,1900,2200,2700,3100,4400,5400,6200,12233,0,1000,1096.5791701548937,45.927500003017485,6178.512300015427,4784.86634513202
1791150540,1000,,Aggregated,309.900000,0.000000,1000,1300,1500,1600,1900,2200,2700,3100,4400,5400,6200,12632,0,1000,1092.237854211935,45.927500003017485,6178.512300015427,4782.121516782774
1791150541,1000,,Aggregated,319.800000,0.000000,1000,1300,1500,1600,1900,2200,2700,3100,4400,5400,6200,12954,0,1000,1090.6750139033768,45.927500003017485,6178.512300015427,4782.249729813185
1791150542,1000,,Aggregated,317.800000,0.000000,1000,1300,1400,1600,1900,2200,2700,3100,4400,5400,6200,13307,0,1000,1087.0512772002717,45.927500003017485,6178.512300015427,4784.476140377245
1791150543,1000,,Aggregated,314.600000,0.000000,1000,1300,1400,1600,1900,2300,2700,3100,4400,5400,6200,13653,0,1000,1090.6635890794992,45.927500003017485,6178.512300015427,4785.856954515491
1791150544,1000,,Aggregated,314.800000,0.000000,1000,1300,1500,1600,1900,2300,2700,3100,4400,5400,6200,13965,0,1000,1096.965451836945,45.927500003017485,6178.512300015427,4787.395989974937
1791150545,1000,,Aggregated,313.500000,0.000000,1000,1300,1500,1600,1900,2300,2600,3100,4300,5400,6200,14322,0,1000,1096.8879438558647,45.927500003017485,6178.512300015427,4784.568356374808
1791150546,1000,,Aggregated,306.500000,0.000000,1000,1300,1500,1600,1900,2300,2700,3100,4300,5400,6200,14654,0,1000,1096.6230725332277,45.927500003017485,6178.512300015427,4783.422137300396
1791150548,1000,,Aggregated,304.700000,0.000000,1000,1300,1500,1600,1900,2300,2700,3100,4300,5400,6200,15042,0,1000,1096.0359313989397,45.927500003017485,6178.512300015427,4781.083831937242
1791150549,1000,,Aggregated,308.800000,0.000000,1000,1300,1500,1600,2000,2300,2700,3100,4300,5400,6200,15302,0,1000,1103.669375774646,45.927500003017485,6178.512300015427,4779.274931381518
1791150550,1000,,Aggregated,304.800000,0.000000,1000,1300,1500,1600,2000,2300,2700,3100,4300,5400,6200,15438,0,1000,1103.1968112970885,9.267300018109381,6178.512300015427,4781.272962819018
1791150551,1000,,Aggregated,299.300000,0.000000,1000,1300,1500,1600,2000,2300,2700,3100,4300,5400,6200,15758,0,1000,1118.4108990800655,9.267300018109381,6178.512300015427,4780.532872191902
1791150552,1000,,Aggregated,278.600000,0.000000,1000,1300,1500,1700,2000,2300,2700,3100,4300,5400,6200,16097,0,1000,1136.2798953037627,9.267300018109381,6178.512300015427,4774.972852084239
1791150553,1000,,Aggregated,283.300000,0.000000,1000,1300,1500,1700,2100,2400,2700,3200,4300,5400,6200,16371,0,1000,1145.5714747727977,9.267300018109381,6178.512300015427,4775.82010872885
1791150554,1000,,Aggregated,285.700000,0.000000,1000,1300,1600,1700,2100,2400,2800,3200,4300,5400,6200,16687,0,1000,1155.0813259066372,9.267300018109381,6178.512300015427,4779.881045124947
1791150555,1000,,Aggregated,279.700000,0.000000,1000,1400,1600,1700,2100,2400,2800,3200,4500,6200,6700,16943,0,1000,1161.7331847137286,9.267300018109381,6736.533000017516,4781.1855633595
1791150556,1000,,Aggregated,281.100000,0.000000,1000,1400,1600,1700,2100,2400,2800,3300,4500,6200,6700,17327,0,1000,1167.3969769148978,9.267300018109381,6736.533000017516,4781.766837883073
1791150557,1000,,Aggregated,271.200000,0.000000,1100,1400,1600,1700,2100,2400,2900,3300,4500,6200,6700,17706,0,1100,1172.0219041456821,9.267300018109381,6736.533000017516,4781.554218908845
1791150558,1000,,Aggregated,270.400000,0.000000,1000,1400,1600,1700,2100,2400,2900,3300,4500,6200,6700,18098,0,1000,1167.5909469998828,9.267300018109381,6736.533000017516,4780.498950160239
1791150559,1000,,Aggregated,273.300000,0.000000,1000,1400,1600,1700,2100,2400,2900,3300,4500,6200,6700,18404,0,1000,1160.086577928934,9.267300018109381,6736.533000017516,4780.500923712237
1791150561,1000,,Aggregated,287.100000,0.000000,1000,1400,1600,1700,2100,2400,2800,3300,4500,6200,6700,18769,0,1000,1158.5940982259895,9.267300018109381,6736.533000017516,4781.165379082529
1791150562,1000,,Aggregated,301.800000,0.000000,1000,1400,1500,1700,2100,2400,2800,3300,4500,6200,6700,19133,0,1000,1156.2646712123035,9.267300018109381,6736.533000017516,4781.418073485601
1791150563,1000,,Aggregated,301.100000,0.000000,1000,1400,1500,1700,2100,2400,2800,3300,4500,6200,6700,19485,0,1000,1153.6840985735653,9.267300018109381,6736.533000017516,4781.610931485759
1791150564,1000,,Aggregated,303.000000,0.000000,1000,1300,1500,1700,2100,2400,2800,3300,4500,6700,7200,19890,0,1000,1152.039576566422,9.267300018109381,7163.447399972938,4783.127048768225
1791150565,1000,,Aggregated,311.600000,0.000000,1000,1300,1500,1700,2100,2400,2800,3300,4500,6200,7200,20256,0,1000,1146.3357675901768,9.267300018109381,7163.447399972938,4782.787272906793
1791150566,1000,,Aggregated,314.500000,0.000000,1000,1300,1500,1700,2100,2400,2800,3300,4500,6200,7200,20503,0,1000,1143.41258728511,9.267300018109381,7163.447399972938,4785.608496317612
1791150567,1000,,Aggregated,324.500000,0.000000,1000,1300,1500,1700,2100,2400,2800,3200,4500,6200,7200,20809,0,1000,1141.7716345190547,9.267300018109381,7163.447399972938,4784.59647268009
1791150568,1000,,Aggregated,320.100000,0.000000,1000,1400,1500,1700,2100,2400,2800,3200,4500,6200,7200,21161,0,1000,1145.047442016252,9.267300018109381,7163.447399972938,4784.785737914087
1791150569,1000,,Aggregated,312.500000,0.000000,1000,1400,1500,1700,2100,2400,2800,3300,4500,6200,7200,21518,0,1000,1149.608588753865,9.267300018109381,7163.447399972938,4784.424435356445
1791150570,1000,,Aggregated,309.700000,0.000000,1000,1400,1500,1700,2100,2400,2800,3300,4600,6200,7200,21878,0,1000,1150.954468182916,9.267300018109381,7163.447399972938,4782.5240881250575
1791150572,1000,,Aggregated,318.600000,0.000000,1000,1300,1500,1700,2100,2400,2800,3300,4600,6200,7200,22327,0,1000,1147.6186852289081,9.267300018109381,7163.447399972938,4783.792448604829
1791150573,1000,,Aggregated,312.800000,0.000000,1000,1300,1500,1700,2100,2400,2800,3300,4600,6200,7200,22707,0,1000,1142.802799907747,9.267300018109381,7163.447399972938,4783.513145725988
1791150574,1000,,Aggregated,316.500000,0.000000,1000,1300,1500,1600,2100,2400,2800,3300,4500,6200,7200,23019,0,1000,1137.2166561190932,9.267300018109381,7163.447399972938,4783.417481211173
1791150575,1000,,Aggregated,314.100000,0.000000,1000,1300,1500,1700,2100,2400,2800,3300,4500,6200,7200,23271,0,1000,1137.5341702593325,9.267300018109381,7163.447399972938,4782.691418503717
1791150576,1000,,Aggregated,316.900000,0.000000,1000,1300,1500,1700,2100,2400,2800,3300,4500,6200,7200,23678,0,1000,1144.5105075642964,9.267300018109381,7163.447399972938,4781.227341836304
1791150578,1000,,Aggregated,299.300000,0.000000,1000,1300,1500,1700,2100,2400,2800,3300,4500,6200,7200,24026,0,1000,1147.6322575171696,9.267300018109381,7163.447399972938,4783.021726462998
1791150579,1000,,Aggregated,305.600000,0.000000,1000,1300,1500,1700,2100,2400,2800,3300,4500,6200,7200,24362,0,1000,1148.7341168175042,9.267300018109381,7163.447399972938,4785.651054921599
1791150580,1000,,Aggregated,303.800000,0.000000,1000,1300,1500,1700,2100,2400,2800,3300,4500,6200,7200,24672,0,1000,1148.321446538823,9.267300018109381,7163.447399972938,4786.954239623865
1791150581,1000,,Aggregated,303.800000,0.000000,1000,1300,1500,1700,2100,2400,2800,3300,4600,6200,7200,25026,0,1000,1150.470861716024,9.267300018109381,7163.447399972938,4788.35774794214
1791150582,1000,,Aggregated,291.800000,0.000000,1000,1300,1500,1700,2100,2400,2900,3400,4600,6200,7200,25351,0,1000,1152.1709851526375,9.267300018109381,7163.447399972938,4788.211707624946
1791150583,1000,,Aggregated,294.700000,0.000000,1000,1300,1500,1700,2100,2400,2900,3400,4600,6200,7200,25626,0,1000,1153.7637957974337,9.267300018109381,7163.447399972938,4789.322523999063
1791150584,1000,,Aggregated,288.700000,0.000000,1000,1300,1500,1700,2100,2400,2900,3400,4600,6200,7200,25921,0,1000,1156.6124508971495,9.267300018109381,7163.447399972938,4789.0126152540415
1791150586,1000,,Aggregated,279.300000,0.000000,1100,1400,1500,1700,2100,2400,2900,3500,4700,6200,7200,26258,0,1100,1164.2655999887832,9.267300018109381,7163.447399972938,4789.235890014472
1791150587,1000,,Aggregated,284.700000,0.000000,1100,1400,1500,1700,2100,2400,3000,3500,4700,6700,7200,26548,0,1100,1167.4567283828121,9.267300018109381,7163.447399972938,4790.671726683742
1791150588,1000,,Aggregated,287.400000,0.000000,1100,1400,1500,1700,2100,2500,3000,3500,5000,6700,7200,26856,0,1100,1172.596274687529,9.267300018109381,7163.447399972938,4789.149985105749
1791150589,1000,,Aggregated,282.800000,0.000000,1100,1400,1600,1700,2100,2500,3000,3500,5100,6700,7200,27183,0,1100,1176.0032166798076,9.267300018109381,7163.447399972938,4789.656366111172
1791150590,1000,,Aggregated,283.200000,0.000000,1100,1400,1600,1700,2100,2500,3000,3500,5100,6700,7200,27438,0,1100,1180.6874247506591,9.267300018109381,7163.447399972938,4789.785407099643
1791150591,1000,,Aggregated,282.700000,0.000000,1100,1400,1600,1700,2100,2500,3000,3600,5100,6700,7200,27849,0,1100,1186.9059364110283,9.267300018109381,7163.447399972938,4789.57305468778
1791150593,1000,,Aggregated,276.300000,0.000000,1100,1400,1600,1700,2100,2500,3000,3600,5100,6700,7200,28266,0,1100,1187.7371911594,9.267300018109381,7163.447399972938,4790.392379537253
1791150594,1000,,Aggregated,277.100000,0.000000,1100,1400,1600,1700,2100,2500,3000,3600,5100,6700,7200,28595,0,1100,1183.7839665820306,9.267300018109381,7163.447399972938,4788.3500961706595
1791150595,1000,,Aggregated,284.400000,0.000000,1100,1400,1600,1700,2100,2500,3000,3600,5100,6700,7200,28871,0,1100,1180.734404690257,9.267300018109381,7163.447399972938,4789.53583180354
1791150596,1000,,Aggregated,288.600000,0.000000,1100,1400,1600,1700,2100,2500,3000,3500,5100,6700,7200,29260,0,1100,1182.1769292075394,9.267300018109381,7163.447399972938,4790.926828434724
1791150597,1000,,Aggregated,283.900000,0.000000,1100,1400,1600,1700,2200,2500,3000,3600,5100,6700,7200,29642,0,1100,1184.6246955979088,9.267300018109381,7163.447399972938,4792.3648876594025
1791150598,1000,,Aggregated,289.800000,0.000000,1100,1400,1600,1700,2200,2500,3000,3600,5100,6200,7200,30051,0,1100,1181.8006288280806,9.267300018109381,7163.447399972938,4794.060131110446
1791150599,1000,,Aggregated,296.900000,0.000000,1100,1400,1500,1700,2200,2500,3000,3600,5100,6200,7200,30370,0,1100,1179.1424100168922,9.267300018109381,7163.447399972938,4794.228218636813
1791150601,1000,,Aggregated,302.500000,0.000000,1100,1300,1500,1700,2100,2500,3000,3500,5100,6200,7200,30701,0,1100,1176.9723280679043,9.267300018109381,7163.447399972938,4795.3907364580955
1791150602,1000,,Aggregated,308.500000,0.000000,1100,1300,1500,1700,2100,2500,3000,3500,5100,6200,7200,31140,0,1100,1175.5310861917699,9.267300018109381,7163.447399972938,4797.294765574823
1791150603,1000,,Aggregated,308.300000,0.000000,1100,1300,1500,1700,2100,2500,3000,3500,5100,6200,7200,31576,0,1100,1172.1464633712524,9.267300018109381,7163.447399972938,4795.71411831771
1791150604,1000,,Aggregated,311.600000,0.000000,1100,1300,1500,1700,2100,2500,3000,3500,5100,6200,7200,31877,0,1100,1166.7872860969032,9.267300018109381,7163.447399972938,4796.155503968378
1791150605,1000,,Aggregated,310.600000,0.000000,1100,1300,1500,1700,2100,2500,3000,3500,5000,6200,7200,32150,0,1100,1165.0359597266174,9.267300018109381,7163.447399972938,4795.181897356143
1791150606,1000,,Aggregated,314.100000,0.000000,1100,1300,1500,1700,2100,2500,2900,3500,5000,6200,7200,32532,0,1100,1165.513320672294,9.267300018109381,7163.447399972938,4794.450971351285
1791150607,1000,,Aggregated,318.600000,0.000000,1100,1300,1500,1700,2100,2500,3000,3500,5000,6200,7200,32880,0,1100,1164.7844952375722,9.267300018109381,7163.447399972938,4792.837743309003
1791150608,1000,,Aggregated,316.100000,0.000000,1100,1300,1500,1700,2100,2500,3000,3500,5000,6200,7200,33271,0,1100,1164.5723218782246,9.267300018109381,7163.447399972938,4791.421508220372
1791150610,1000,,Aggregated,315.900000,0.000000,1100,1300,1500,1700,2100,2500,3000,3500,5000,6200,7200,33527,0,1100,1164.9566798135756,9.267300018109381,7163.447399972938,4793.136636144003
1791150611,1000,,Aggregated,315.700000,0.000000,1100,1300,1500,1700,2100,2500,3000,3500,5000,6200,7200,33926,0,1100,1165.6676121385044,9.267300018109381,7163.447399972938,4793.810941460826
1791150612,1000,,Aggregated,307.100000,0.000000,1100,1300,1500,1700,2100,2400,3000,3500,5000,6200,7200,34306,0,1100,1163.958558984202,9.267300018109381,7163.447399972938,4792.205532559902
1791150613,1000,,Aggregated,305.900000,0.000000,1100,1300,1500,1700,2100,2500,2900,3500,5000,6200,7200,34564,0,1100,1165.7090799621828,9.267300018109381,7163.447399972938,4791.057342900127
1791150614,1000,,Aggregated,313.900000,0.000000,1100,1300,1500,1700,2100,2500,2900,3500,5000,6200,7200,34784,0,1100,1168.7564394265614,9.267300018109381,7163.447399972938,4790.54976425943
1791150615,1000,,Aggregated,301.400000,0.000000,1100,1300,1500,1700,2100,2500,3000,3500,5000,6200,7200,35039,0,1100,1173.0839191362077,9.267300018109381,7163.447399972938,4790.528839293359
1791150617,1000,,Aggregated,281.300000,0.000000,1100,1400,1600,1700,2200,2500,3000,3500,5000,6200,7200,35380,0,1100,1179.325645930282,9.267300018109381,7163.447399972938,4790.917156585641
1791150618,1000,,Aggregated,276.600000,0.000000,1100,1400,1600,1700,2200,2500,3000,3500,5000,6200,7200,35777,0,1100,1186.6725068427359,9.267300018109381,7163.447399972938,4790.7950638678485
1791150619,1000,,Aggregated,273.400000,0.000000,1100,1400,1600,1700,2200,2500,3000,3500,5000,6200,7200,36139,0,1100,1187.0074602288971,9.267300018109381,7163.447399972938,4790.809042862282
1791150620,1000,,Aggregated,273.300000,0.000000,1100,1400,1600,1700,2200,2500,3000,3500,5000,6200,7200,36467,0,1100,1182.4227187734405,9.267300018109381,7163.447399972938,4791.313598595991
1791150621,1000,,Aggregated,276.900000,0.000000,1100,1400,1600,1700,2200,2500,3000,3500,5000,6200,7200,36824,0,1100,1181.238669446827,9.267300018109381,7163.447399972938,4792.393058874647
1791150622,1000,,Aggregated,289.800000,0.000000,1100,1400,1600,1700,2200,2500,3000,3500,5000,6200,7200,37208,0,1100,1181.5065588478642,9.267300018109381,7163.447399972938,4791.202402709095
1791150623,1000,,Aggregated,290.000000,0.000000,1100,1300,1600,1700,2200,2500,3000,3500,5000,6200,7200,37531,0,1100,1179.479039119951,9.267300018109381,7163.447399972938,4791.543044416616
1791150625,1000,,Aggregated,285.700000,0.000000,1100,1300,1600,1700,2200,2500,3000,3500,5000,6200,7200,37909,0,1100,1177.234233720492,9.267300018109381,7163.447399972938,4791.12129045873
1791150626,1000,,Aggregated,300.200000,0.000000,1100,1300,1600,1700,2200,2500,3000,3500,5000,6200,7200,38293,0,1100,1176.5573852795578,9.267300018109381,7163.447399972938,4789.888334682579
1791150627,1000,,Aggregated,309.600000,0.000000,1100,1300,1600,1700,2200,2500,3000,3500,5000,6200,7200,38621,0,1100,1176.0770592633762,9.267300018109381,7163.447399972938,4790.189378835349
1791150628,1000,,Aggregated,319.400000,0.000000,1100,1300,1600,1700,2200,2500,3000,3500,5000,6200,7200,38880,0,1100,1175.855162598058,9.267300018109381,7163.447399972938,4789.114351851852
1791150629,1000,,Aggregated,313.200000,0.000000,1100,1400,1600,1700,2200,2500,3000,3500,5000,6200,7200,39195,0,1100,1176.746356492255,9.267300018109381,7163.447399972938,4789.861997703789
1791150630,1000,,Aggregated,303.900000,0.000000,1100,1400,1600,1700,2200,2500,3000,3500,5000,6200,7200,39539,0,1100,1178.0990475205206,9.267300018109381,7163.447399972938,4789.419965097752
1791150632,1000,,Aggregated,293.000000,0.000000,1100,1400,1600,1700,2200,2500,3000,3500,5000,6200,7200,39926,0,1100,1183.3367812456208,9.267300018109381,7163.447399972938,4789.064945148525
1791150633,1000,,Aggregated,290.000000,0.000000,1100,1400,1600,1700,2200,2500,3000,3500,5000,6100,7200,40284,0,1100,1183.5896049799605,9.267300018109381,7163.447399972938,4788.8163538874
1791150634,1000,,Aggregated,296.500000,0.000000,1100,1400,1600,1700,2200,2500,3000,3500,5000,6100,7200,40572,0,1100,1182.958412353624,9.267300018109381,7163.447399972938,4788.1985605836535
1791150635,1000,,Aggregated,298.900000,0.000000,1100,1400,1600,1700,2200,2500,3000,3500,5000,6100,7200,40921,0,1100,1181.0823812592396,9.267300018109381,7163.447399972938,4787.754551452799
1791150636,1000,,Aggregated,294.600000,0.000000,1100,1400,1600,1700,2200,2500,3000,3500,5000,6100,7200,41314,0,1100,1180.9403534639193,9.267300018109381,7163.447399972938,4787.87745074309
1791150637,1000,,Aggregated,295.000000,0.000000,1100,1400,1600,1700,2200,2500,3000,3500,5000,6100,7200,41671,0,1100,1179.346474594054,9.267300018109381,7163.447399972938,4789.069880732404
1791150638,1000,,Aggregated,294.300000,0.000000,1100,1400,1600,1700,2200,2500,3000,3500,5000,6100,7200,42026,0,1100,1177.425831052432,9.267300018109381,7163.447399972938,4790.2951982106315
1791150639,1000,,Aggregated,300.900000,0.000000,1100,1300,1600,1700,2200,2500,3000,3500,5000,6100,7200,42421,0,1100,1175.480408121194,9.267300018109381,7163.447399972938,4791.923834893096
1791150641,1000,,Aggregated,310.000000,0.000000,1100,1300,1600,1700,2200,2500,3000,3500,5000,6100,7200,42796,0,1100,1175.617255809191,9.267300018109381,7163.447399972938,4791.41209458828
1791150642,1000,,Aggregated,313.400000,0.000000,1100,1300,1600,1700,2200,2500,3000,3500,4900,6100,7200,43141,0,1100,1174.939872773249,9.267300018109381,7163.447399972938,4789.949723001321
1791150643,1000,,Aggregated,320.000000,0.000000,1100,1300,1500,1700,2200,2500,3000,3500,4900,6100,7200,43582,0,1100,1170.8105810130246,9.267300018109381,7163.447399972938,4790.65868936717
1791150644,1000,,Aggregated,313.900000,0.000000,1000,1300,1500,1700,2100,2500,3000,3500,4900,6100,7200,43929,0,1000,1167.913031578466,9.267300018109381,7163.447399972938,4790.7553097042955
1791150645,1000,,Aggregated,320.400000,0.000000,1000,1300,1500,1700,2100,2500,3000,3500,4800,6100,7200,44313,0,1000,1167.017482905906,9.267300018109381,7163.447399972938,4790.018730395143
1791150647,1000,,Aggregated,322.600000,0.000000,1000,1300,1500,1700,2100,2500,3000,3500,4800,6100,7200,44736,0,1000,1164.780222387076,9.267300018109381,7163.447399972938,4789.9455472103
1791150648,1000,,Aggregated,318.900000,0.000000,1000,1300,1500,1700,2100,2500,2900,3500,4800,6100,7200,45120,0,1000,1161.9184591557491,9.267300018109381,7163.447399972938,4789.684109042553
1791150649,1000,,Aggregated,321.400000,0.000000,1000,1300,1500,1700,2100,2500,2900,3400,4800,6100,7200,45397,0,1000,1159.8403987049228,9.267300018109381,7163.447399972938,4789.638103839461
1791150650,1000,,Aggregated,323.900000,0.000000,1000,1300,1500,1700,2100,2500,2900,3400,4800,6100,7200,45647,0,1000,1160.0146289790619,9.267300018109381,7163.447399972938,4789.35239993866
1791150651,1000,,Aggregated,321.800000,0.000000,1000,1300,1500,1700,2100,2500,2900,3400,4800,6100,7200,45969,0,1000,1162.686364532787,9.267300018109381,7163.447399972938,4789.907350605843
1791150652,1000,,Aggregated,312.500000,0.000000,1000,1300,1500,1700,2100,2500,2900,3400,4800,6100,7200,46301,0,1000,1163.3568814627538,9.267300018109381,7163.447399972938,4789.886373944407
1791150653,1000,,Aggregated,311.300000,0.000000,1000,1300,1500,1700,2100,2500,2900,3400,4800,6100,7200,46680,0,1000,1163.7749566603889,9.267300018109381,7163.447399972938,4790.244258783205
1791150654,1000,,Aggregated,310.700000,0.000000,1000,1300,1500,1700,2100,2500,2900,3500,4700,6100,7200,47073,0,1000,1163.2903653603353,9.267300018109381,7163.447399972938,4790.821957385338
1791150655,1000,,Aggregated,308.000000,0.000000,1000,1300,1500,1700,2100,2500,2900,3500,4700,6100,7200,47476,0,1000,1159.6627195426315,9.267300018109381,7163.447399972938,4791.046528772433
1791150656,1000,,Aggregated,311.100000,0.000000,1000,1300,1500,1700,2100,2500,2900,3500,4700,6100,7200,47778,0,1000,1157.9696719998196,9.267300018109381,7163.447399972938,4790.148520239441
1791150657,1000,,Aggregated,316.100000,0.000000,1000,1300,1500,1700,2100,2500,2900,3400,4700,6100,7200,48050,0,1000,1155.979242510064,9.267300018109381,7163.447399972938,4790.295733610822
1791150658,1000,,Aggregated,316.500000,0.000000,1000,1300,1500,1700,2100,2500,2900,3400,4800,6100,7200,48399,0,1000,1156.8453103557806,9.267300018109381,7163.447399972938,4790.2750883282715
1791150660,1000,,Aggregated,302.400000,0.000000,1000,1300,1500,1700,2100,2500,2900,3400,4800,6100,7200,48799,0,1000,1157.8744708131285,9.267300018109381,7163.447399972938,4790.6447468185825
1791150661,1000,,Aggregated,309.200000,0.000000,1000,1300,1500,1700,2100,2500,2900,3400,4800,6100,7200,49138,0,1000,1156.3186265926602,9.267300018109381,7163.447399972938,4790.137266474012
1791150662,1000,,Aggregated,323.800000,0.000000,1000,1300,1500,1700,2100,2500,2900,3400,4800,6100,7200,49459,0,1000,1155.3763770842572,9.267300018109381,7163.447399972938,4790.591398936493
1791150663,1000,,Aggregated,322.800000,0.000000,1000,1300,1500,1700,2100,2500,2900,3400,4800,6100,7200,49871,0,1000,1154.8137109905447,9.267300018109381,7163.447399972938,4790.656834633354
1791150664,1000,,Aggregated,322.400000,0.000000,1000,1300,1500,1700,2100,2500,2900,3400,4700,6100,7200,50244,0,1000,1153.3663266919484,9.267300018109381,7163.447399972938,4790.921204521933
1791150665,1000,,Aggregated,317.900000,0.000000,1000,1300,1500,1700,2100,2500,2900,3400,4700,6100,7200,50639,0,1000,1151.440049306065,9.267300018109381,7163.447399972938,4791.012322518217
1791150666,1000,,Aggregated,319.000000,0.000000,1000,1300,1500,1700,2100,2500,2900,3400,4700,6100,7200,50974,0,1000,1149.0653147410412,9.267300018109381,7163.447399972938,4790.999646878801
1791150667,1000,,Aggregated,316.700000,0.000000,1000,1300,1500,1700,2100,2500,2900,3400,4700,6100,7200,51315,0,1000,1147.4453272203286,9.267300018109381,7163.447399972938,4789.660235798499
1791150669,1000,,Aggregated,321.800000,0.000000,1000,1300,1500,1700,2100,2500,2900,3400,4700,6100,7200,51721,0,1000,1146.7898656157286,9.267300018109381,7163.447399972938,4790.576303629086
1791150670,1000,,Aggregated,327.000000,0.000000,1000,1300,1500,1700,2100,2500,2900,3400,4700,6100,7200,52041,0,1000,1146.6031773796215,9.267300018109381,7163.447399972938,4790.097423185565
1791150671,1000,,Aggregated,327.700000,0.000000,1000,1300,1500,1700,2100,2400,2900,3400,4700,6100,7200,52310,0,1000,1145.1282488914612,9.267300018109381,7163.447399972938,4790.147122921047
1791150672,1000,,Aggregated,316.100000,0.000000,1000,1300,1500,1700,2100,2400,2900,3400,4700,6100,7200,52583,0,1000,1145.0133380125255,9.267300018109381,7163.447399972938,4788.865926249929
1791150673,1000,,Aggregated,314.700000,0.000000,1000,1300,1500,1700,2100,2500,2900,3400,4700,6100,7200,52899,0,1000,1147.5809715384635,9.267300018109381,7163.447399972938,4789.26365337719
1791150674,1000,,Aggregated,309.000000,0.000000,1000,1300,1500,1700,2100,2500,2900,3400,4700,6100,7200,53110,0,1000,1150.653001186503,9.267300018109381,7163.447399972938,4790.112389380531
1791150675,1000,,Aggregated,307.700000,0.000000,1000,1300,1500,1700,2100,2500,3000,3400,4800,6100,7200,53551,0,1000,1156.755756129956,9.267300018109381,7163.447399972938,4791.204328583966
1791150677,1000,,Aggregated,283.100000,0.000000,1000,1300,1500,1700,2100,2500,3000,3400,4800,6100,7200,54029,0,1000,1157.4817471767974,9.267300018109381,7163.447399972938,4792.035666031205
1791150678,1000,,Aggregated,283.400000,0.000000,1000,1300,1500,1700,2100,2500,3000,3400,4800,6100,7200,54348,0,1000,1154.8264861653554,9.267300018109381,7163.447399972938,4791.873224405682
1791150679,1000,,Aggregated,298.000000,0.000000,1000,1300,1500,1700,2100,2500,3000,3400,4800,6100,7200,54604,0,1000,1152.5734552049948,9.267300018109381,7163.447399972938,4791.11881913413
1791150680,1000,,Aggregated,297.500000,0.000000,1000,1300,1500,1700,2100,2500,3000,3400,4800,6100,7200,54939,0,1000,1152.3692540110437,9.267300018109381,7163.447399972938,4791.604233786563
1791150681,1000,,Aggregated,285.800000,0.000000,1000,1300,1500,1700,2100,2500,3000,3400,4800,6100,7200,55286,0,1000,1152.844949282121,9.267300018109381,7163.447399972938,4791.4452483449695
1791150682,1000,,Aggregated,290.400000,0.000000,1000,1300,1500,1700,2100,2500,3000,3400,4800,6100,7200,55650,0,1000,1153.0871695455799,9.267300018109381,7163.447399972938,4792.254357592094
1791150683,1000,,Aggregated,298.400000,0.000000,1000,1300,1500,1700,2100,2500,3000,3400,4800,6100,7200,55964,0,1000,1152.3373893952032,9.267300018109381,7163.447399972938,4793.210599671217
1791150684,1000,,Aggregated,307.000000,0.000000,1000,1300,1500,1700,2100,2500,3000,3400,4800,6100,7200,56344,0,1000,1151.9773320497745,9.267300018109381,7163.447399972938,4792.406538406929
1791150685,1000,,Aggregated,305.900000,0.000000,1000,1300,1500,1700,2100,2500,3000,3400,4800,6100,7200,56747,0,1000,1152.4534477630998,9.267300018109381,7163.447399972938,4792.919925282394
1791150686,1000,,Aggregated,317.100000,0.000000,1000,1300,1500,1700,2100,2500,3000,3400,4800,6100,7200,57093,0,1000,1151.1871327573208,9.267300018109381,7163.447399972938,4793.5362653915545
1791150688,1000,,Aggregated,323.200000,0.000000,1000,1300,1500,1700,2100,2500,3000,3400,4800,6100,7200,57379,0,1000,1149.649505852569,9.267300018109381,7163.447399972938,4794.167151745412
1791150689,1000,,Aggregated,309.300000,0.000000,1000,1300,1500,1700,2100,2500,3000,3400,4800,6100,7200,57751,0,1000,1149.5342851849264,9.267300018109381,7163.447399972938,4794.103132413292
1791150690,1000,,Aggregated,305.100000,0.000000,1000,1300,1500,1700,2100,2500,3000,3400,4800,6100,7200,58106,0,1000,1150.9367638680262,9.267300018109381,7163.447399972938,4794.473427873198
1791150691,1000,,Aggregated,315.600000,0.000000,1000,1300,1500,1700,2100,2500,3000,3400,4800,6100,7200,58490,0,1000,1150.8219995335223,9.267300018109381,7163.447399972938,4793.941699435801
1791150692,1000,,Aggregated,314.800000,0.000000,1000,1300,1500,1700,2100,2500,3000,3400,4800,6100,7200,58924,0,1000,1149.372774348575,9.267300018109381,7163.447399972938,4792.20976172697
1791150693,1000,,Aggregated,307.800000,0.000000,1000,1300,1500,1700,2100,2500,3000,3400,4800,6100,7200,59202,0,1000,1148.7576962554388,9.267300018109381,7163.447399972938,4792.50244924158
1791150694,1000,,Aggregated,308.300000,0.000000,1000,1300,1500,1700,2100,2500,3000,3400,4800,6100,7200,59471,0,1000,1148.1473492107853,9.267300018109381,7163.447399972938,4793.150157219485
1791150696,1000,,Aggregated,307.500000,0.000000,1000,1300,1500,1700,2100,2500,3000,3400,4800,6100,7200,59789,0,1000,1148.9766847733688,9.267300018109381,7163.447399972938,4793.173108765826
1791150697,1000,,Aggregated,305.300000,0.000000,1000,1300,1500,1700,2100,2500,3000,3400,4800,6100,7200,60188,0,1000,1151.4767604010294,9.267300018109381,7163.447399972938,4793.739333421944
1791150698,1000,,Aggregated,294.300000,0.000000,1000,1300,1500,1700,2100,2500,3000,3400,4800,6100,7200,60561,0,1000,1150.8377454321655,9.267300018109381,7163.447399972938,4793.7402123478805
1791150699,1000,,Aggregated,303.200000,0.000000,1000,1300,1500,1700,2100,2500,3000,3400,4800,6100,7200,60873,0,1000,1149.9022640368923,9.267300018109381,7163.447399972938,4794.692277364349
1791150700,1000,,Aggregated,309.800000,0.000000,1000,1300,1500,1700,2100,2500,3000,3400,4800,6100,7200,61211,0,1000,1148.923590763396,9.267300018109381,7163.447399972938,4793.877848752675
1791150701,1000,,Aggregated,306.400000,0.000000,1000,1300,1500,1700,2100,2500,3000,3400,4800,6100,7200,61538,0,1000,1148.652241945117,9.267300018109381,7163.447399972938,4793.890490428678
1791150702,1000,,Aggregated,309.600000,0.000000,1000,1300,1500,1700,2100,2500,3000,3400,4800,6100,7200,61892,0,1000,1148.744539473876,9.267300018109381,7163.447399972938,4794.148565242681
1791150703,1000,,Aggregated,309.200000,0.000000,1000,1300,1500,1700,2100,2500,3000,3400,4700,6100,7200,62273,0,1000,1148.557813823311,9.267300018109381,7163.447399972938,4794.125816967225
1791150704,1000,,Aggregated,309.700000,0.000000,1000,1300,1500,1700,2100,2500,3000,3400,4700,6100,7200,62618,0,1000,1147.0455639563672,9.267300018109381,7163.447399972938,4794.609537193778
1791150705,1000,,Aggregated,307.400000,0.000000,1000,1300,1500,1700,2100,2500,3000,3400,4700,6100,7200,62908,0,1000,1145.515031853174,9.267300018109381,7163.447399972938,4794.397421631589
1791150706,1000,,Aggregated,315.100000,0.000000,1000,1300,1500,1700,2100,2500,3000,3400,4700,6100,7200,63289,0,1000,1145.721409376353,9.267300018109381,7163.447399972938,4794.236249585236
1791150708,1000,,Aggregated,317.000000,0.000000,1000,1300,1500,1700,2100,2500,3000,3400,4700,6100,7200,63660,0,1000,1146.4390601652499,9.267300018109381,7163.447399972938,4794.2885171222115
1791150709,1000,,Aggregated,320.300000,0.000000,1000,1300,1500,1700,2100,2500,3000,3400,4700,6100,7200,63964,0,1000,1145.5461251238237,9.267300018109381,7163.447399972938,4793.78100181352
1791150710,1000,,Aggregated,318.300000,0.000000,1000,1300,1500,1700,2100,2500,3000,3400,4700,6100,7200,64299,0,1000,1145.0270820575765,9.267300018109381,7163.447399972938,4793.828737616448
1791150711,1000,,Aggregated,317.500000,0.000000,1000,1300,1500,1700,2100,2500,3000,3400,4700,6100,7200,64587,0,1000,1145.7429697001094,9.267300018109381,7163.447399972938,4794.2793751064455
1791150712,1000,,Aggregated,314.100000,0.000000,1000,1300,1500,1700,2100,2500,3000,3400,4700,6100,7200,64923,0,1000,1145.5606714480505,9.267300018109381,7163.447399972938,4794.091662430879
1791150713,1000,,Aggregated,314.200000,0.000000,1000,1300,1500,1700,2100,2500,3000,3400,4700,6100,7200,65251,0,1000,1146.0059916326404,9.267300018109381,7163.447399972938,4794.57171537601
1791150714,1000,,Aggregated,308.500000,0.000000,1000,1300,1500,1700,2100,2500,3000,3400,4700,6100,7200,65620,0,1000,1147.2726607897166,9.267300018109381,7163.447399972938,4795.15783297775
1791150715,1000,,Aggregated,309.900000,0.000000,1000,1300,1500,1700,2100,2500,3000,3400,4700,6100,7200,66002,0,1000,1147.6412438095797,9.267300018109381,7163.447399972938,4794.627511287536
1791150716,1000,,Aggregated,304.600000,0.000000,1000,1300,1500,1700,2100,2500,3000,3400,4700,6100,7200,66388,0,1000,1146.6027269132871,9.267300018109381,7163.447399972938,4793.315764897271
1791150718,1000,,Aggregated,308.100000,0.000000,1000,1300,1500,1700,2100,2500,3000,3400,4700,6100,7200,66805,0,1000,1144.7849737163153,9.267300018109381,7163.447399972938,4794.542728837662
1791150719,1000,,Aggregated,306.000000,0.000000,1000,1300,1500,1700,2100,2500,3000,3400,4700,6100,7200,67189,0,1000,1143.0475494622344,9.267300018109381,7163.447399972938,4795.508565390168
1791150720,1000,,Aggregated,309.300000,0.000000,1000,1300,1500,1700,2100,2500,3000,3400,4700,6100,7200,67438,0,1000,1141.495438957508,9.267300018109381,7163.447399972938,4795.853791630831
1791150721,1000,,Aggregated,310.200000,0.000000,1000,1300,1500,1700,2100,2500,3000,3400,4700,6100,7200,67746,0,1000,1140.93233918631,9.267300018109381,7163.447399972938,4796.084610161485
1791150722,1000,,Aggregated,311.800000,0.000000,1000,1300,1500,1700,2100,2500,3000,3400,4700,6100,7200,68132,0,1000,1142.1592416238573,9.267300018109381,7163.447399972938,4796.505694827688
1791150723,1000,,Aggregated,307.500000,0.000000,1000,1300,1500,1700,2100,2500,3000,3400,4700,6100,7200,68509,0,1000,1143.0989927851047,9.267300018109381,7163.447399972938,4796.462552365383
1791150724,1000,,Aggregated,313.300000,0.000000,1000,1300,1500,1700,2100,2500,3000,3400,4700,6100,7200,68904,0,1000,1141.4855495503089,9.267300018109381,7163.447399972938,4795.439103680483
1791150726,1000,,Aggregated,321.700000,0.000000,1000,1300,1500,1700,2100,2500,3000,3400,4700,6100,7200,69288,0,1000,1139.8408069350023,9.267300018109381,7163.447399972938,4795.532718508255
1791150727,1000,,Aggregated,315.200000,0.000000,1000,1300,1500,1700,2100,2500,2900,3400,4700,6100,7200,69658,0,1000,1138.7170917024914,9.267300018109381,7163.447399972938,4795.809985931264
1791150728,1000,,Aggregated,316.400000,0.000000,1000,1300,1500,1700,2100,2500,3000,3400,4700,6100,7200,70022,0,1000,1138.2120943505563,9.267300018109381,7163.447399972938,4796.686412841678
1791150729,1000,,Aggregated,317.000000,0.000000,1000,1300,1500,1700,2100,2500,2900,3400,4700,6100,7200,70411,0,1000,1136.6974868914685,9.267300018109381,7163.447399972938,4796.272528440159
1791150730,1000,,Aggregated,317.500000,0.000000,1000,1300,1500,1700,2100,2500,2900,3400,4700,6100,7200,70690,0,1000,1136.2777855017218,9.267300018109381,7163.447399972938,4796.583505446315
1791150731,1000,,Aggregated,319.000000,0.000000,1000,1300,1500,1700,2100,2500,2900,3400,4700,6100,7200,71012,0,1000,1135.5923762817038,9.267300018109381,7163.447399972938,4796.263096378077
1791150732,1000,,Aggregated,321.000000,0.000000,1000,1300,1500,1700,2100,2500,2900,3400,4700,6100,7200,71296,0,1000,1135.7311161904777,9.267300018109381,7163.447399972938,4797.008387567325
1791150734,1000,,Aggregated,318.000000,0.000000,1000,1300,1500,1700,2100,2500,2900,3400,4700,6100,7200,71604,0,1000,1137.8740764135707,9.267300018109381,7163.447399972938,4796.635160046925
1791150735,1000,,Aggregated,305.100000,0.000000,1000,1300,1500,1700,2100,2500,3000,3400,4700,6100,7200,71988,0,1000,1140.3948487236287,9.267300018109381,7163.447399972938,4796.53699227649
1791150736,1000,,Aggregated,296.000000,0.000000,1000,1300,1500,1700,2100,2500,3000,3400,4700,6100,7200,72400,0,1000,1141.8556777350384,9.267300018109381,7163.447399972938,4796.504419889503
1791150737,1000,,Aggregated,292.500000,0.000000,1000,1300,1500,1700,2100,2500,3000,3400,4700,6100,7200,72752,0,1000,1140.960171378348,9.267300018109381,7163.447399972938,4795.909060919287
1791150738,1000,,Aggregated,301.600000,0.000000,1000,1300,1500,1700,2100,2500,3000,3400,4700,6100,7200,73136,0,1000,1139.8188260339164,9.267300018109381,7163.447399972938,4796.427176766572
1791150739,1000,,Aggregated,302.300000,0.000000,1000,1300,1500,1700,2100,2500,3000,3400,4700,6100,7200,73520,0,1000,1138.5231241718936,9.267300018109381,7163.447399972938,4796.517682263329
1791150741,1000,,Aggregated,294.500000,0.000000,1000,1300,1500,1700,2100,2500,3000,3400,4700,6100,7200,73862,0,1000,1138.1013238311796,9.267300018109381,7163.447399972938,4796.922639516937
1791150742,1000,,Aggregated,295.800000,0.000000,1000,1300,1500,1700,2100,2500,3000,3400,4700,6100,7200,74206,0,1000,1137.5685710281948,9.267300018109381,7163.447399972938,4796.737366250707
1791150743,1000,,Aggregated,305.000000,0.000000,1000,1300,1500,1700,2100,2500,3000,3400,4700,6100,7200,74571,0,1000,1137.3362623783876,9.267300018109381,7163.447399972938,4797.769105952716
1791150744,1000,,Aggregated,305.300000,0.000000,1000,1300,1500,1700,2100,2500,3000,3400,4700,6100,7200,74899,0,1000,1136.4436681747388,9.267300018109381,7163.447399972938,4797.366052951308
1791150745,1000,,Aggregated,312.500000,0.000000,1000,1300,1500,1700,2100,2500,3000,3400,4700,6100,7200,75238,0,1000,1136.2192401568425,9.267300018109381,7163.447399972938,4797.680108455834
1791150746,1000,,Aggregated,318.200000,0.000000,1000,1300,1500,1700,2100,2500,3000,3400,4700,6100,7200,75620,0,1000,1135.8688772218911,9.267300018109381,7163.447399972938,4797.540610949484
1791150747,1000,,Aggregated,325.800000,0.000000,1000,1300,1500,1700,2100,2500,3000,3400,4700,6100,7200,76000,0,1000,1135.6353448779155,9.267300018109381,7163.447399972938,4797.75997368421
1791150748,1000,,Aggregated,318.900000,0.000000,1000,1300,1500,1600,2100,2500,3000,3400,4700,6100,7200,76384,0,1000,1134.8370738390338,9.267300018109381,7163.447399972938,4799.137175324675
1791150750,1000,,Aggregated,319.800000,0.000000,1000,1300,1500,1600,2100,2500,3000,3400,4700,6100,7200,76779,0,1000,1133.6032049299881,9.267300018109381,7163.447399972938,4799.450552885554
1791150751,1000,,Aggregated,324.000000,0.000000,1000,1300,1500,1600,2100,2500,3000,3400,4700,6100,7200,77187,0,1000,1132.995470264667,9.267300018109381,7163.447399972938,4799.092386023553
1791150752,1000,,Aggregated,317.200000,0.000000,1000,1300,1500,1600,2100,2500,3000,3400,4700,6100,7200,77590,0,1000,1132.0002841232115,9.267300018109381,7163.447399972938,4797.913996649053
1791150753,1000,,Aggregated,315.000000,0.000000,1000,1300,1500,1600,2100,2500,3000,3400,4700,6100,7200,77961,0,1000,1129.9817525880815,9.267300018109381,7163.447399972938,4798.271815394877
1791150754,1000,,Aggregated,319.100000,0.000000,1000,1300,1500,1600,2100,2500,3000,3400,4700,6100,7200,78381,0,1000,1127.896196592544,9.267300018109381,7163.447399972938,4799.353695410878
1791150756,1000,,Aggregated,327.900000,0.000000,1000,1300,1500,1600,2100,2400,3000,3400,4700,6100,7200,78765,0,1000,1126.222519846624,9.267300018109381,7163.447399972938,4798.695689709896
1791150757,1000,,Aggregated,326.300000,0.000000,1000,1300,1500,1600,2100,2400,2900,3400,4700,6100,7200,79070,0,1000,1125.2090848959,9.267300018109381,7163.447399972938,4798.285316807892
1791150758,1000,,Aggregated,326.600000,0.000000,1000,1300,1500,1600,2100,2400,2900,3400,4700,6100,7200,79385,0,1000,1124.470979496368,9.267300018109381,7163.447399972938,4798.084776721043
1791150759,1000,,Aggregated,320.900000,0.000000,1000,1300,1500,1600,2100,2400,2900,3400,4700,6100,7200,79746,0,1000,1124.7683376096395,9.267300018109381,7163.447399972938,4797.091916835954
1791150760,1000,,Aggregated,322.200000,0.000000,1000,1300,1500,1600,2100,2400,2900,3400,4700,6100,7200,80130,0,1000,1125.6309760503934,9.267300018109381,7163.447399972938,4797.415749407213
1791150761,1000,,Aggregated,320.500000,0.000000,1000,1300,1500,1600,2100,2400,2900,3400,4700,6100,7200,80432,0,1000,1124.499633588842,9.267300018109381,7163.447399972938,4798.371667992838
1791150762,1000,,Aggregated,329.700000,0.000000,1000,1300,1500,1600,2100,2400,2900,3400,4700,6100,7200,80729,0,1000,1124.2420325511093,9.267300018109381,7163.447399972938,4798.2868857535705
1791150763,1000,,Aggregated,333.400000,0.000000,1000,1300,1500,1600,2100,2400,2900,3400,4700,6100,7200,81109,0,1000,1123.9803364006355,9.267300018109381,7163.447399972938,4798.636994661505
1791150764,1000,,Aggregated,327.200000,0.000000,1000,1300,1500,1600,2100,2400,2900,3400,4700,6100,7200,81485,0,1000,1124.3798833910319,9.267300018109381,7163.447399972938,4798.008541449347
1791150765,1000,,Aggregated,320.600000,0.000000,1000,1300,1500,1600,2100,2400,2900,3400,4700,6100,7200,81847,0,1000,1123.0404424733767,9.267300018109381,7163.447399972938,4798.132967610297
1791150766,1000,,Aggregated,319.900000,0.000000,1000,1300,1500,1600,2100,2400,2900,3400,4700,6100,7200,82209,0,1000,1121.8078959374054,9.267300018109381,7163.447399972938,4798.200902577577
1791150767,1000,,Aggregated,322.800000,0.000000,1000,1300,1500,1600,2100,2400,2900,3400,4700,6100,7200,82570,0,1000,1120.9457061731725,9.267300018109381,7163.447399972938,4798.795664284849
1791150769,1000,,Aggregated,327.200000,0.000000,1000,1300,1500,1600,2100,2400,2900,3400,4700,6100,7200,82931,0,1000,1121.2188039396426,9.267300018109381,7163.447399972938,4799.06226863296
1791150770,1000,,Aggregated,327.000000,0.000000,1000,1300,1500,1600,2100,2400,2900,3400,4700,6100,7200,83250,0,1000,1120.845814349786,9.267300018109381,7163.447399972938,4799.00154954955
1791150771,1000,,Aggregated,318.100000,0.000000,1000,1300,1500,1600,2100,2400,2900,3400,4700,6100,7200,83568,0,1000,1120.785198742577,9.267300018109381,7163.447399972938,4798.622714436147
1791150772,1000,,Aggregated,312.900000,0.000000,1000,1300,1500,1600,2100,2400,2900,3400,4700,6100,7200,83953,0,1000,1121.8585954453126,9.267300018109381,7163.447399972938,4798.855145140734
1791150773,1000,,Aggregated,311.400000,0.000000,1000,1300,1500,1600,2100,2400,2900,3400,4700,6100,7200,84305,0,1000,1121.1524671148845,9.267300018109381,7163.447399972938,4798.714002728189
1791150774,1000,,Aggregated,310.400000,0.000000,1000,1300,1500,1600,2100,2400,2900,3400,4700,6100,8700,84649,0,1000,1120.8456025921203,9.267300018109381,8716.440199990757,4797.959208023722
1791150776,1000,,Aggregated,312.800000,0.000000,1000,1300,1500,1600,2100,2400,2900,3400,4700,6100,8700,84965,0,1000,1121.5897901808873,9.267300018109381,8716.440199990757,4798.260012946507
1791150777,1000,,Aggregated,304.000000,0.000000,1000,1300,1500,1600,2100,2400,2900,3400,4700,6100,8700,85417,0,1000,1121.631469429026,9.267300018109381,8716.440199990757,4798.247819520704
1791150778,1000,,Aggregated,305.700000,0.000000,1000,1300,1500,1600,2100,2400,2900,3400,4700,6100,8700,85737,0,1000,1121.1263859001303,9.267300018109381,8716.440199990757,4798.053034279249
1791150779,1000,,Aggregated,303.200000,0.000000,1000,1300,1500,1600,2100,2400,2900,3400,4700,6100,8700,86102,0,1000,1120.2689775594058,9.267300018109381,8716.440199990757,4797.9855171773015
1791150780,1000,,Aggregated,306.000000,0.000000,1000,1300,1500,1600,2100,2400,2900,3400,4700,6100,8700,86514,0,1000,1119.6962871167718,9.267300018109381,8716.440199990757,4797.85587303789
1791150781,1000,,Aggregated,311.600000,0.000000,1000,1300,1500,1600,2100,2400,2900,3400,4700,6100,8700,86893,0,1000,1119.3892891109706,9.267300018109381,8716.440199990757,4798.611050372297
1791150782,1000,,Aggregated,311.700000,0.000000,1000,1300,1500,1600,2100,2400,2900,3400,4700,6100,8700,87194,0,1000,1118.060158573059,9.267300018109381,8716.440199990757,4798.068032204051
1791150783,1000,,Aggregated,314.400000,0.000000,1000,1300,1500,1600,2100,2400,2900,3400,4700,6100,8700,87511,0,1000,1117.385920143977,9.267300018109381,8716.440199990757,4798.109151992321
1791150785,1000,,Aggregated,313.800000,0.000000,1000,1300,1500,1600,2100,2400,2900,3400,4700,6100,8700,87892,0,1000,1117.6598557971113,9.267300018109381,8716.440199990757,4798.09739225413
1791150786,1000,,Aggregated,312.800000,0.000000,1000,1300,1500,1600,2100,2400,2900,3400,4700,6100,8700,88242,0,1000,1117.5901991083676,9.267300018109381,8716.440199990757,4798.833220008612
1791150787,1000,,Aggregated,322.400000,0.000000,1000,1300,1500,1600,2100,2400,2900,3400,4700,6100,8700,88668,0,1000,1116.999691783072,9.267300018109381,8716.440199990757,4798.605088645283
1791150788,1000,,Aggregated,323.300000,0.000000,1000,1300,1500,1600,2100,2400,2900,3400,4700,6100,8700,89052,0,1000,1115.7170101437664,9.267300018109381,8716.440199990757,4798.1077909536
1791150789,1000,,Aggregated,323.900000,0.000000,1000,1300,1500,1600,2100,2400,2900,3400,4700,6100,8700,89297,0,1000,1115.7984200345256,9.267300018109381,8716.440199990757,4798.159154282898
1791150790,1000,,Aggregated,325.100000,0.000000,1000,1300,1500,1600,2100,2400,2900,3300,4700,6100,8700,89531,0,1000,1115.6674311805318,9.267300018109381,8716.440199990757,4797.818453943327
1791150791,1000,,Aggregated,317.300000,0.000000,1000,1300,1500,1600,2100,2400,2900,3300,4700,6100,8700,89900,0,1000,1117.2459574719142,9.267300018109381,8716.440199990757,4798.307274749722
1791150793,1000,,Aggregated,303.500000,0.000000,1000,1300,1500,1600,2100,2400,2900,3400,4700,6100,8700,90289,0,1000,1120.0631876709926,9.267300018109381,8716.440199990757,4797.8615113690485
1791150794,1000,,Aggregated,298.500000,0.000000,1000,1300,1500,1600,2100,2400,3000,3400,4700,6100,8700,90585,0,1000,1121.7223298904546,9.267300018109381,8716.440199990757,4797.410641938511
1791150795,1000,,Aggregated,301.000000,0.000000,1000,1300,1500,1600,2100,2400,3000,3400,4700,6100,8700,90993,0,1000,1122.423059876334,9.267300018109381,8716.440199990757,4796.889804710252
1791150796,1000,,Aggregated,291.800000,0.000000,1000,1300,1500,1600,2100,2400,2900,3400,4700,6100,8700,91380,0,1000,1122.1186692156714,9.267300018109381,8716.440199990757,4796.442908732764
1791150797,1000,,Aggregated,282.100000,0.000000,1000,1300,1500,1600,2100,2400,2900,3400,4700,6100,8700,91722,0,1000,1121.2308301773583,9.267300018109381,8716.440199990757,4796.125476984802
1791150798,1000,,Aggregated,291.300000,0.000000,1000,1300,1500,1600,2100,2400,2900,3400,4700,6100,8700,92021,0,1000,1120.6226201152667,9.267300018109381,8716.440199990757,4796.330967931233
1791150800,1000,,Aggregated,287.000000,0.000000,1000,1300,1500,1600,2100,2400,2900,3400,4700,6100,8700,92421,0,1000,1120.7422062640142,9.267300018109381,8716.440199990757,4796.811503878988
1791150801,1000,,Aggregated,291.000000,0.000000,1000,1300,1500,1600,2100,2400,2900,3400,4700,6100,8700,92765,0,1000,1120.880208481924,9.267300018109381,8716.440199990757,4796.914407373471
1791150802,1000,,Aggregated,304.200000,0.000000,1000,1300,1500,1600,2100,2400,2900,3400,4600,6100,8700,93120,0,1000,1120.300268603145,9.267300018109381,8716.440199990757,4796.9270403780065
1791150803,1000,,Aggregated,310.400000,0.000000,1000,1300,1500,1600,2100,2400,2900,3400,4600,6100,8700,93430,0,1000,1119.4705733589185,9.267300018109381,8716.440199990757,4797.139109493739
1791150804,1000,,Aggregated,309.100000,0.000000,1000,1300,1500,1600,2100,2400,2900,3400,4600,6100,8700,93776,0,1000,1118.4368803491714,9.267300018109381,8716.440199990757,4797.303030626173
1791150805,1000,,Aggregated,310.600000,0.000000,1000,1300,1500,1600,2100,2400,2900,3400,4600,6100,8700,94129,0,1000,1119.0478603387344,9.267300018109381,8716.440199990757,4797.43830275473
1791150806,1000,,Aggregated,319.600000,0.000000,1000,1300,1500,1600,2100,2400,2900,3400,4600,6100,8700,94511,0,1000,1119.3967180087411,9.267300018109381,8716.440199990757,4797.969686068288
1791150807,1000,,Aggregated,324.700000,0.000000,1000,1300,1500,1600,2100,2400,2900,3400,4600,6100,8700,94898,0,1000,1118.9959785277265,9.267300018109381,8716.440199990757,4796.966142595207
1791150809,1000,,Aggregated,317.800000,0.000000,1000,1300,1500,1600,2100,2400,2900,3400,4600,6100,8700,95195,0,1000,1118.442611486144,9.267300018109381,8716.440199990757,4796.965586427858
1791150810,1000,,Aggregated,319.100000,0.000000,1000,1300,1500,1600,2100,2400,2900,3400,4600,6100,8700,95579,0,1000,1119.1836293027063,9.267300018109381,8716.440199990757,4796.744713796964
1791150811,1000,,Aggregated,317.400000,0.000000,1000,1300,1500,1600,2100,2400,2900,3400,4600,6100,8700,95997,0,1000,1119.406598004348,9.267300018109381,8716.440199990757,4797.277727428982
1791150812,1000,,Aggregated,310.500000,0.000000,1000,1300,1500,1600,2100,2400,2900,3300,4600,6100,8700,96333,0,1000,1118.2783655499459,9.267300018109381,8716.440199990757,4797.166879470171
1791150813,1000,,Aggregated,308.900000,0.000000,1000,1300,1500,1600,2000,2400,2900,3300,4600,6100,8700,96720,0,1000,1117.6059328703875,9.267300018109381,8716.440199990757,4796.818331265508
1791150814,1000,,Aggregated,316.500000,0.000000,1000,1300,1500,1600,2000,2400,2900,3300,4600,6100,8700,97037,0,1000,1116.6742510117263,9.267300018109381,8716.440199990757,4796.756165174109
1791150815,1000,,Aggregated,318.100000,0.000000,1000,1300,1500,1600,2000,2400,2900,3300,4600,6100,8700,97312,0,1000,1115.9807671934184,9.267300018109381,8716.440199990757,4796.557156363038
1791150816,1000,,Aggregated,318.600000,0.000000,1000,1300,1500,1600,2100,2400,2900,3300,4600,6100,8700,97663,0,1000,1116.6921667031172,9.267300018109381,8716.440199990757,4796.387710801429
1791150818,1000,,Aggregated,308.200000,0.000000,1000,1300,1500,1600,2100,2400,2900,3300,4600,6100,8700,98071,0,1000,1117.7028105752795,9.267300018109381,8716.440199990757,4796.490185681802
1791150819,1000,,Aggregated,306.200000,0.000000,1000,1300,1500,1600,2100,2400,2900,3300,4600,6100,8700,98434,0,1000,1118.0796392316554,9.267300018109381,8716.440199990757,4796.659690757258
1791150820,1000,,Aggregated,307.400000,0.000000,1000,1300,1500,1600,2100,2400,2900,3300,4600,6100,8700,98866,0,1000,1117.026942215006,9.267300018109381,8716.440199990757,4796.417180830619
1791150821,1000,,Aggregated,315.900000,0.000000,1000,1300,1500,1600,2100,2400,2900,3300,4600,6100,8700,99250,0,1000,1116.2980678320266,9.267300018109381,8716.440199990757,4796.461914357683
1791150822,1000,,Aggregated,320.000000,0.000000,1000,1300,1500,1600,2000,2400,2900,3300,4600,6100,8700,99634,0,1000,1115.02305159512,9.267300018109381,8716.440199990757,4796.269877752575
1791150824,1000,,Aggregated,317.200000,0.000000,990,1300,1500,1600,2000,2400,2900,3300,4600,6100,8700,100018,0,990,1113.7856294859685,9.267300018109381,8716.440199990757,4796.1403247415465
1791150825,1000,,Aggregated,315.600000,0.000000,990,1300,1500,1600,2000,2400,2900,3300,4600,6100,8700,100402,0,990,1113.0865684869627,9.267300018109381,8716.440199990757,4796.2672257524755
1791150826,1000,,Aggregated,313.800000,0.000000,990,1300,1500,1600,2000,2400,2900,3300,4600,6100,8700,100762,0,990,1112.3841007505457,9.267300018109381,8716.440199990757,4796.306286099919
1791150827,1000,,Aggregated,320.300000,0.000000,990,1300,1500,1600,2000,2400,2900,3300,4600,6100,8700,100982,0,990,1111.9236069747622,9.267300018109381,8716.440199990757,4796.465993939514
1791150828,1000,,Aggregated,322.900000,0.000000,990,1300,1500,1600,2000,2400,2900,3300,4600,6100,8700,101331,0,990,1113.4932592289124,9.267300018109381,8716.440199990757,4796.627458527006
1791150829,1000,,Aggregated,316.500000,0.000000,990,1300,1500,1600,2000,2400,2900,3300,4600,6100,8700,101684,0,990,1114.8773236617806,9.267300018109381,8716.440199990757,4797.089424098186
1791150830,1000,,Aggregated,305.900000,0.000000,990,1300,1500,1600,2000,2400,2900,3300,4600,6100,8700,101941,0,990,1114.40734931308,9.267300018109381,8716.440199990757,4797.4554889593
1791150831,1000,,Aggregated,304.300000,0.000000,1000,1300,1500,1600,2100,2400,2900,3300,4600,6100,8700,102187,0,1000,1115.5688521477782,9.267300018109381,8716.440199990757,4797.455488467222
1791150832,1000,,Aggregated,308.700000,0.000000,1000,1300,1500,1600,2100,2400,2900,3300,4600,6100,8700,102512,0,1000,1116.6075042143925,9.267300018109381,8716.440199990757,4797.614064694865
1791150833,1000,,Aggregated,300.100000,0.000000,1000,1300,1500,1600,2100,2400,2900,3300,4600,6100,8700,102851,0,1000,1117.7796630458083,9.267300018109381,8716.440199990757,4797.492401629542
1791150834,1000,,Aggregated,287.200000,0.000000,1000,1300,1500,1600,2100,2400,2900,3300,4600,6100,8700,103219,0,1000,1118.962363928386,9.267300018109381,8716.440199990757,4797.307840610741
1791150835,1000,,Aggregated,287.900000,0.000000,1000,1300,1500,1600,2100,2400,2900,3400,4600,6100,8700,103561,0,1000,1118.3785499427772,9.267300018109381,8716.440199990757,4797.169388090111
1791150837,1000,,Aggregated,293.300000,0.000000,1000,1300,1500,1600,2100,2400,2900,3400,4600,6100,9800,103876,0,1000,1118.25132090495,9.267300018109381,9784.230599994771,4797.30914744503
1791150838,1000,,Aggregated,296.700000,0.000000,1000,1300,1500,1600,2100,2400,2900,3400,4600,6100,9800,104221,0,1000,1118.0388042719023,9.267300018109381,9784.230599994771,4797.642759136834
1791150839,1000,,Aggregated,301.900000,0.000000,1000,1300,1500,1600,2100,2400,2900,3400,4600,6100,9800,104543,0,1000,1118.494115152821,9.267300018109381,9784.230599994771,4797.293859942799
1791150840,1000,,Aggregated,312.100000,0.000000,1000,1300,1500,1600,2100,2400,2900,3400,4600,6100,9800,104929,0,1000,1118.6159866587996,9.267300018109381,9784.230599994771,4797.519074802962
1791150841,1000,,Aggregated,305.800000,0.000000,1000,1300,1500,1600,2100,2400,2900,3400,4600,6100,9800,105331,0,1000,1118.4252069335735,9.267300018109381,9784.230599994771,4797.36565683417
1791150842,1000,,Aggregated,305.500000,0.000000,1000,1300,1500,1600,2100,2400,2900,3400,4600,6100,9800,105694,0,1000,1117.3502825053529,9.267300018109381,9784.230599994771,4797.690095937329
1791150843,1000,,Aggregated,317.600000,0.000000,1000,1300,1500,1600,2100,2400,2900,3400,4600,6100,9800,106102,0,1000,1116.560094001252,9.267300018109381,9784.230599994771,4798.327326534843
1791150845,1000,,Aggregated,322.200000,0.000000,1000,1300,1500,1600,2100,2400,2900,3400,4600,6100,9800,106544,0,1000,1115.7698936901356,9.267300018109381,9784.230599994771,4797.521315137408
1791150846,1000,,Aggregated,320.800000,0.000000,1000,1300,1500,1600,2100,2400,2900,3400,4600,6100,9800,106831,0,1000,1115.1305576520247,9.267300018109381,9784.230599994771,4797.565238554353
1791150847,1000,,Aggregated,320.200000,0.000000,1000,1300,1500,1600,2100,2400,2900,3400,4600,6100,9800,107185,0,1000,1115.0464571257558,9.267300018109381,9784.230599994771,4797.724746932873
1791150848,1000,,Aggregated,319.200000,0.000000,1000,1300,1500,1600,2100,2400,2900,3400,4600,6100,9800,107563,0,1000,1115.0304897689969,9.267300018109381,9784.230599994771,4797.085140801205
1791150849,1000,,Aggregated,315.200000,0.000000,1000,1300,1500,1600,2100,2400,2900,3400,4600,6100,9800,107875,0,1000,1115.7198895492231,9.267300018109381,9784.230599994771,4797.229784472769
1791150850,1000,,Aggregated,313.600000,0.000000,1000,1300,1500,1600,2100,2400,2900,3300,4600,6100,9800,108174,0,1000,1115.0209949490952,9.267300018109381,9784.230599994771,4796.705437535822
1791150851,1000,,Aggregated,315.500000,0.000000,1000,1300,1500,1600,2100,2400,2900,3300,4600,6100,9800,108502,0,1000,1114.1705394326834,9.267300018109381,9784.230599994771,4796.550294003797
1791150852,1000,,Aggregated,313.000000,0.000000,1000,1300,1500,1600,2100,2400,2900,3300,4600,6100,9800,108808,0,1000,1114.8676492236166,9.267300018109381,9784.230599994771,4796.444379089773
1791150853,1000,,Aggregated,308.700000,0.000000,1000,1300,1500,1600,2100,2400,2900,3400,4600,6100,9800,109069,0,1000,1115.452271756632,9.267300018109381,9784.230599994771,4796.102338886393
1791150855,1000,,Aggregated,308.600000,0.000000,1000,1300,1500,1600,2100,2400,2900,3400,4600,6100,9800,109431,0,1000,1116.850283063516,9.267300018109381,9784.230599994771,4796.22166479334
1791150856,1000,,Aggregated,300.900000,0.000000,1000,1300,1500,1600,2100,2400,2900,3400,4600,6100,9800,109814,0,1000,1116.5946239898656,9.267300018109381,9784.230599994771,4796.1722822226675
1791150857,1000,,Aggregated,299.400000,0.000000,1000,1300,1500,1600,2100,2400,2900,3400,4700,6100,9800,110158,0,1000,1116.246620501668,9.267300018109381,9784.230599994771,4796.767788086204
1791150858,1000,,Aggregated,304.700000,0.000000,1000,1300,1500,1600,2100,2400,2900,3400,4700,6100,9800,110502,0,1000,1116.1156146352234,9.267300018109381,9784.230599994771,4796.7532261859515
1791150859,1000,,Aggregated,311.400000,0.000000,1000,1300,1500,1600,2100,2400,2900,3400,4700,6100,9800,110797,0,1000,1115.8154757098046,9.267300018109381,9784.230599994771,4796.647941731274
1791150860,1000,,Aggregated,309.800000,0.000000,1000,1300,1500,1600,2100,2400,2900,3400,4700,6100,9800,111163,0,1000,1115.4093237481825,9.267300018109381,9784.230599994771,4796.6981639574315
1791150861,1000,,Aggregated,313.100000,0.000000,1000,1300,1500,1600,2100,2400,2900,3400,4700,6100,9800,111588,0,1000,1116.006388232776,9.267300018109381,9784.230599994771,4796.757007921999
1791150862,1000,,Aggregated,309.100000,0.000000,990,1300,1500,1600,2100,2400,2900,3400,4700,6100,9800,111920,0,990,1115.1476545900466,9.267300018109381,9784.230599994771,4796.364617583989
1791150863,1000,,Aggregated,313.700000,0.000000,990,1300,1500,1600,2100,2400,2900,3400,4700,6100,9800,112260,0,990,1114.4074415109337,9.267300018109381,9784.230599994771,4796.389568858008
1791150864,1000,,Aggregated,318.300000,0.000000,990,1300,1500,1600,2100,2400,2900,3400,4700,6100,9800,112645,0,990,1114.4489395971202,9.267300018109381,9784.230599994771,4796.137467264415
1791150866,1000,,Aggregated,322.800000,0.000000,990,1300,1500,1600,2100,2400,2900,3400,4700,6100,9800,113094,0,990,1113.9641494926043,9.267300018109381,9784.230599994771,4795.513493200347
1791150867,1000,,Aggregated,322.200000,0.000000,990,1300,1500,1600,2100,2400,2900,3400,4700,6100,9800,113384,0,990,1112.8984846628825,9.267300018109381,9784.230599994771,4795.736594228462
1791150868,1000,,Aggregated,323.700000,0.000000,990,1300,1500,1600,2100,2400,2900,3400,4700,6100,9800,113699,0,990,1112.3077601537198,9.267300018109381,9784.230599994771,4795.160485140591
1791150869,1000,,Aggregated,320.700000,0.000000,990,1300,1500,1600,2100,2400,2900,3400,4700,6100,9800,114071,0,990,1112.6019377511934,9.267300018109381,9784.230599994771,4795.676552322676
1791150870,1000,,Aggregated,319.400000,0.000000,990,1300,1500,1600,2100,2400,2900,3400,4700,6100,9800,114375,0,990,1113.1073817601284,9.267300018109381,9784.230599994771,4795.750059016394
1791150871,1000,,Aggregated,322.000000,0.000000,990,1300,1500,1600,2100,2400,2900,3400,4700,6100,9800,114789,0,990,1112.4092770684742,9.267300018109381,9784.230599994771,4796.031414159894
1791150872,1000,,Aggregated,320.600000,0.000000,990,1300,1500,1600,2100,2400,2900,3400,4700,6100,9800,115184,0,990,1111.5527257588926,9.267300018109381,9784.230599994771,4796.032426378663
1791150873,1000,,Aggregated,317.700000,0.000000,990,1300,1500,1600,2100,2400,2900,3400,4700,6100,9800,115517,0,990,1110.8510863648914,9.267300018109381,9784.230599994771,4795.43986599375
1791150875,1000,,Aggregated,317.300000,0.000000,990,1300,1500,1600,2100,2400,2900,3400,4700,6100,9800,115830,0,990,1109.7890008375477,9.267300018109381,9784.230599994771,4795.573866873867
1791150876,1000,,Aggregated,318.200000,0.000000,990,1300,1500,1600,2100,2400,2900,3400,4700,6100,9800,116138,0,990,1110.0614880203939,9.267300018109381,9784.230599994771,4795.592080111592
1791150877,1000,,Aggregated,317.700000,0.000000,990,1300,1500,1600,2100,2400,2900,3400,4700,6100,9800,116474,0,990,1110.5044941309961,9.267300018109381,9784.230599994771,4795.5965709085285
1791150878,1000,,Aggregated,308.800000,0.000000,990,1300,1500,1600,2100,2400,2900,3400,4700,6100,9800,116826,0,990,1110.9944414044385,9.267300018109381,9784.230599994771,4795.771840172564
1791150879,1000,,Aggregated,311.400000,0.000000,990,1300,1500,1600,2100,2400,2900,3400,4700,6100,9800,117191,0,990,1111.076455737345,9.267300018109381,9784.230599994771,4795.550631021153
1791150880,1000,,Aggregated,315.800000,0.000000,990,1300,1500,1600,2100,2400,2900,3400,4700,6100,9800,117571,0,990,1110.7260651233312,9.267300018109381,9784.230599994771,4795.445109763462
1791150881,1000,,Aggregated,312.700000,0.000000,990,1300,1500,1600,2100,2400,2900,3400,4700,6100,9800,117933,0,990,1109.988455602882,9.267300018109381,9784.230599994771,4795.535176752902
1791150882,1000,,Aggregated,319.200000,0.000000,990,1300,1500,1600,2000,2400,2900,3400,4700,6100,9800,118317,0,990,1109.4119929571918,9.267300018109381,9784.230599994771,4795.468892889441
1791150883,1000,,Aggregated,320.000000,0.000000,990,1300,1500,1600,2000,2400,2900,3400,4700,6100,9800,118716,0,990,1108.7662495334691,9.267300018109381,9784.230599994771,4795.617583139594
1791150884,1000,,Aggregated,317.600000,0.000000,990,1300,1500,1600,2000,2400,2900,3400,4700,6100,9800,119066,0,990,1107.906259115236,9.267300018109381,9784.230599994771,4795.494616431223
1791150886,1000,,Aggregated,316.700000,0.000000,990,1300,1500,1600,2000,2400,2900,3300,4700,6100,9800,119430,0,990,1107.2900112452076,9.267300018109381,9784.230599994771,4795.472586452315
1791150887,1000,,Aggregated,328.000000,0.000000,990,1300,1500,1600,2000,2400,2900,3300,4700,6100,9800,119788,0,990,1106.8346166570543,9.267300018109381,9784.230599994771,4795.546290112532
1791150888,1000,,Aggregated,330.100000,0.000000,990,1300,1500,1600,2000,2400,2900,3300,4600,6100,9800,120094,0,990,1106.9608534507577,9.267300018109381,9784.230599994771,4795.420295768315
1791150889,1000,,Aggregated,327.000000,0.000000,990,1300,1500,1600,2000,2400,2900,3300,4600,6100,9800,120451,0,990,1106.7467152386819,9.267300018109381,9784.230599994771,4795.586445940673
1791150890,1000,,Aggregated,318.400000,0.000000,990,1300,1500,1600,2000,2400,2900,3300,4600,6100,9800,120824,0,990,1106.960357796589,9.267300018109381,9784.230599994771,4795.37115970337
1791150891,1000,,Aggregated,322.800000,0.000000,990,1300,1500,1600,2000,2400,2900,3300,4600,6100,9800,121192,0,990,1107.1566732673384,9.267300018109381,9784.230599994771,4795.936868770216
1791150892,1000,,Aggregated,318.700000,0.000000,990,1300,1500,1600,2000,2400,2900,3300,4600,6100,9800,121576,0,990,1106.5339422888846,9.267300018109381,9784.230599994771,4795.651691123248
1791150893,1000,,Aggregated,320.200000,0.000000,990,1300,1500,1600,2000,2400,2900,3300,4600,6100,9800,121913,0,990,1106.0155005718286,9.267300018109381,9784.230599994771,4795.702861876912
1791150895,1000,,Aggregated,319.700000,0.000000,990,1300,1500,1600,2000,2400,2900,3300,4600,6100,9800,122305,0,990,1105.9979899882521,9.267300018109381,9784.230599994771,4796.089227750296
1791150896,1000,,Aggregated,310.000000,0.000000,990,1300,1500,1600,2000,2400,2900,3300,4600,6100,9800,122736,0,990,1105.587108575424,9.267300018109381,9784.230599994771,4795.920422695867
1791150897,1000,,Aggregated,309.700000,0.000000,990,1300,1500,1600,2000,2400,2900,3300,4600,6100,9800,123071,0,990,1104.9790258315354,9.267300018109381,9784.230599994771,4795.792445011416
1791150898,1000,,Aggregated,313.400000,0.000000,990,1300,1500,1600,2000,2400,2900,3300,4600,6100,9800,123266,0,990,1104.3668798574802,9.267300018109381,9784.230599994771,4796.222194279038
1791150899,1000,,Aggregated,313.800000,0.000000,990,1300,1500,1600,2000,2400,2900,3300,4600,6100,9800,123606,0,990,1104.3247388315535,9.267300018109381,9784.230599994771,4795.59419445658
1791150900,1000,,Aggregated,319.000000,0.000000,990,1300,1500,1600,2000,2400,2900,3300,4600,6100,9800,123971,0,990,1105.8787118109378,9.267300018109381,9784.230599994771,4795.56468044946
1791150901,1000,,Aggregated,307.700000,0.000000,990,1300,1500,1600,2000,2400,2900,3300,4600,6100,9800,124365,0,990,1106.7803177824517,9.267300018109381,9784.230599994771,4795.53192618502
1791150902,1000,,Aggregated,307.500000,0.000000,990,1300,1500,1600,2000,2400,2900,3300,4600,6100,9800,124695,0,990,1106.2388952830088,9.267300018109381,9784.230599994771,4795.312626809415
1791150904,1000,,Aggregated,306.700000,0.000000,990,1300,1500,1600,2000,2400,2900,3300,4600,6100,9800,125052,0,990,1105.753086948748,9.267300018109381,9784.230599994771,4795.057919905319
1791150905,1000,,Aggregated,307.000000,0.000000,990,1300,1500,1600,2000,2400,2900,3300,4600,6100,9800,125482,0,990,1105.626473195484,9.267300018109381,9784.230599994771,4795.116694027829
1791150906,1000,,Aggregated,310.600000,0.000000,990,1300,1500,1600,2000,2400,2900,3300,4600,6100,9800,125842,0,990,1104.7438757864325,9.267300018109381,9784.230599994771,4795.360746014844
1791150907,1000,,Aggregated,314.700000,0.000000,990,1300,1500,1600,2000,2400,2900,3300,4600,6100,9800,126147,0,990,1104.4872359161538,9.267300018109381,9784.230599994771,4795.705312056569
1791150908,1000,,Aggregated,308.800000,0.000000,990,1300,1500,1600,2000,2400,2900,3300,4600,6100,9800,126442,0,990,1104.773080572237,9.267300018109381,9784.230599994771,4795.60665759795
1791150909,1000,,Aggregated,310.300000,0.000000,990,1300,1500,1600,2000,2400,2900,3300,4600,6100,9800,126760,0,990,1105.2826496190905,9.267300018109381,9784.230599994771,4795.4313900284005
1791150910,1000,,Aggregated,306.900000,0.000000,990,1300,1500,1600,2000,2400,2900,3300,4600,6100,9800,127102,0,990,1105.9092754521203,9.267300018109381,9784.230599994771,4795.336698085002
1791150912,1000,,Aggregated,309.000000,0.000000,990,1300,1500,1600,2000,2400,2900,3300,4600,6100,9800,127441,0,990,1106.9594153986232,9.267300018109381,9784.230599994771,4795.307287293728
1791150913,1000,,Aggregated,309.900000,0.000000,990,1300,1500,1600,2000,2400,2900,3400,4600,6100,9800,127755,0,990,1107.1745697860454,9.267300018109381,9784.230599994771,4795.289843841729
1791150914,1000,,Aggregated,306.900000,0.000000,990,1300,1500,1600,2000,2400,2900,3300,4600,6100,9800,127977,0,990,1107.7988382898152,9.267300018109381,9784.230599994771,4794.920313806387
1791150915,1000,,Aggregated,300.800000,0.000000,990,1300,1500,1600,2000,2400,2900,3400,4600,6100,9800,128338,0,990,1108.8601452501714,9.267300018109381,9784.230599994771,4794.582150259471
1791150916,1000,,Aggregated,287.300000,0.000000,990,1300,1500,1600,2100,2400,2900,3400,4600,6100,9800,128752,0,990,1109.9276413260895,9.267300018109381,9784.230599994771,4793.86094196595
1791150917,1000,,Aggregated,284.000000,0.000000,990,1300,1500,1600,2100,2400,2900,3400,4600,6100,9800,129136,0,990,1110.228933804027,9.267300018109381,9784.230599994771,4794.111518089456
1791150918,1000,,Aggregated,290.800000,0.000000,990,1300,1500,1600,2100,2400,2900,3400,4600,6100,9800,129481,0,990,1109.436991635966,9.267300018109381,9784.230599994771,4794.0574447216195
1791150920,1000,,Aggregated,297.500000,0.000000,990,1300,1500,1600,2100,2400,2900,3400,4600,6100,9800,129839,0,990,1109.4159246999436,9.267300018109381,9784.230599994771,4794.218609200625
1791150921,1000,,Aggregated,300.900000,0.000000,990,1300,1500,1600,2100,2400,2900,3400,4600,6100,9800,130179,0,990,1109.8533446978156,9.267300018109381,9784.230599994771,4794.65164888346
1791150922,1000,,Aggregated,299.100000,0.000000,990,1300,1500,1600,2100,2400,2900,3400,4600,6100,9800,130493,0,990,1109.6449453665539,9.267300018109381,9784.230599994771,4794.6320185757095
1791150923,1000,,Aggregated,294.700000,0.000000,990,1300,1500,1600,2100,2400,2900,3300,4600,6100,9800,130799,0,990,1109.9441803409695,9.267300018109381,9784.230599994771,4794.799012224864
1791150924,1000,,Aggregated,294.200000,0.000000,990,1300,1500,1600,2100,2400,2900,3300,4600,6100,9800,131154,0,990,1110.2753406492889,9.267300018109381,9784.230599994771,4794.70520914345
1791150925,1000,,Aggregated,298.500000,0.000000,990,1300,1500,1600,2100,2400,2900,3400,4600,6100,9800,131526,0,990,1110.5543160919915,9.267300018109381,9784.230599994771,4794.970728221037
1791150926,1000,,Aggregated,311.400000,0.000000,990,1300,1500,1600,2100,2400,2900,3300,4600,6100,9800,131892,0,990,1110.5442465556237,9.267300018109381,9784.230599994771,4794.990310253844
1791150927,1000,,Aggregated,313.800000,0.000000,990,1300,1500,1600,2100,2400,2900,3400,4600,6100,9800,132200,0,990,1110.2841419789295,9.267300018109381,9784.230599994771,4794.855741301059
1791150928,1000,,Aggregated,306.900000,0.000000,990,1300,1500,1600,2100,2400,2900,3300,4600,6100,9800,132516,0,990,1109.8510134226433,9.267300018109381,9784.230599994771,4795.37273989556
1791150930,1000,,Aggregated,308.900000,0.000000,990,1300,1500,1600,2100,2400,2900,3300,4600,6100,9800,132886,0,990,1110.4338672983956,9.267300018109381,9784.230599994771,4795.57749499571
1791150931,1000,,Aggregated,311.300000,0.000000,990,1300,1500,1600,2100,2400,2900,3300,4600,6100,9800,133270,0,990,1111.003177981641,9.267300018109381,9784.230599994771,4795.4492458917985
1791150932,1000,,Aggregated,310.400000,0.000000,990,1300,1500,1600,2100,2400,2900,3300,4600,6100,9800,133606,0,990,1110.4760254884743,9.267300018109381,9784.230599994771,4795.343045970989
1791150933,1000,,Aggregated,310.000000,0.000000,990,1300,1500,1600,2100,2400,2900,3300,4600,6100,9800,133967,0,990,1110.1189014355261,9.267300018109381,9784.230599994771,4795.248456709488
1791150934,1000,,Aggregated,315.600000,0.000000,990,1300,1500,1600,2100,2400,2900,3300,4600,6100,9800,134376,0,990,1110.5769533898506,9.267300018109381,9784.230599994771,4795.202685003274
1791150935,1000,,Aggregated,313.300000,0.000000,990,1300,1500,1600,2100,2400,2900,3300,4600,6100,9800,134695,0,990,1110.2698492149937,9.267300018109381,9784.230599994771,4795.215761535321
1791150936,1000,,Aggregated,316.000000,0.000000,990,1300,1500,1600,2100,2400,2900,3300,4600,6100,9800,135044,0,990,1109.6872968018874,9.267300018109381,9784.230599994771,4794.834120731021
1791150937,1000,,Aggregated,315.300000,0.000000,990,1300,1500,1600,2100,2400,2900,3300,4600,6100,9800,135414,0,990,1109.3460235759537,9.267300018109381,9784.230599994771,4794.492925399147
1791150939,1000,,Aggregated,310.600000,0.000000,990,1300,1500,1600,2100,2400,2900,3300,4600,6100,9800,135746,0,990,1109.2437663011378,9.267300018109381,9784.230599994771,4794.405315810411
1791150940,1000,,Aggregated,316.700000,0.000000,990,1300,1500,1600,2100,2400,2900,3300,4600,6100,9800,136131,0,990,1109.0081557919536,9.267300018109381,9784.230599994771,4794.255188017424
1791150941,1000,,Aggregated,313.400000,0.000000,990,1300,1500,1600,2100,2400,2900,3300,4600,6100,9800,136515,0,990,1108.7424650977268,9.267300018109381,9784.230599994771,4794.066901073142
1791150942,1000,,Aggregated,319.900000,0.000000,990,1300,1500,1600,2100,2400,2900,3300,4600,6100,9800,136876,0,990,1108.405772962513,9.267300018109381,9784.230599994771,4793.574154709372
1791150943,1000,,Aggregated,324.000000,0.000000,990,1300,1500,1600,2100,2400,2900,3300,4600,6100,9800,137236,0,990,1108.354061041681,9.267300018109381,9784.230599994771,4793.467013028651
1791150944,1000,,Aggregated,320.200000,0.000000,990,1300,1500,1600,2000,2400,2900,3300,4600,6100,9800,137585,0,990,1108.521110577577,9.267300018109381,9784.230599994771,4793.524759239743
1791150945,1000,,Aggregated,320.400000,0.000000,990,1300,1500,1600,2000,2400,2900,3300,4600,6100,9800,137890,0,990,1108.1703888542693,9.267300018109381,9784.230599994771,4793.33969105809
1791150946,1000,,Aggregated,315.100000,0.000000,990,1300,1500,1600,2000,2400,2900,3300,4600,6100,9800,138187,0,990,1108.4987293067657,9.267300018109381,9784.230599994771,4793.242048817906
1791150947,1000,,Aggregated,314.900000,0.000000,990,1300,1500,1600,2000,2400,2900,3300,4600,6100,9800,138525,0,990,1108.574243063094,9.267300018109381,9784.230599994771,4793.523782710702
1791150949,1000,,Aggregated,315.200000,0.000000,990,1300,1500,1600,2000,2400,2900,3300,4600,6100,9800,138891,0,990,1108.7900653167967,9.267300018109381,9784.230599994771,4793.603617225018
1791150950,1000,,Aggregated,311.800000,0.000000,990,1300,1500,1600,2100,2400,2900,3300,4600,6100,9800,139281,0,990,1109.1802382809976,9.267300018109381,9784.230599994771,4793.913871956692
1791150951,1000,,Aggregated,315.500000,0.000000,990,1300,1500,1600,2100,2400,2900,3300,4600,6100,9800,139627,0,990,1109.381944974943,9.267300018109381,9784.230599994771,4793.8898064128
1791150952,1000,,Aggregated,306.800000,0.000000,990,1300,1500,1600,2100,2400,2900,3300,4600,6100,9800,139934,0,990,1108.9299090894067,9.267300018109381,9784.230599994771,4793.583039147026
1791150953,1000,,Aggregated,301.800000,0.000000,990,1300,1500,1600,2100,2400,2900,3300,4600,6100,9800,140242,0,990,1109.250277874808,9.267300018109381,9784.230599994771,4793.844568674149
1791150954,1000,,Aggregated,306.400000,0.000000,990,1300,1500,1600,2000,2400,2900,3300,4600,6100,9800,140585,0,990,1109.319723208157,9.267300018109381,9784.230599994771,4793.695600526372
1791150955,1000,,Aggregated,305.500000,0.000000,990,1300,1500,1600,2000,2400,2900,3300,4600,6100,9800,140940,0,990,1109.6866991813442,9.267300018109381,9784.230599994771,4793.907875691783
1791150956,1000,,Aggregated,306.700000,0.000000,990,1300,1500,1600,2000,2400,2900,3300,4600,6100,9800,141254,0,990,1109.6348872592525,9.267300018109381,9784.230599994771,4793.722379543234
1791150957,1000,,Aggregated,307.700000,0.000000,990,1300,1500,1600,2000,2400,2900,3300,4600,6100,9800,141606,0,990,1109.6160187698197,9.267300018109381,9784.230599994771,4793.6193028543985
1791150958,1000,,Aggregated,310.800000,0.000000,990,1300,1500,1600,2000,2400,2900,3300,4600,6100,9800,141989,0,990,1109.5525753390586,9.267300018109381,9784.230599994771,4793.759946193015
1791150960,1000,,Aggregated,314.100000,0.000000,990,1300,1500,1600,2000,2400,2900,3300,4600,6100,9800,142337,0,990,1109.3678173167755,9.267300018109381,9784.230599994771,4793.779333553468
1791150961,1000,,Aggregated,315.200000,0.000000,990,1300,1500,1600,2000,2400,2900,3300,4600,6100,9800,142721,0,990,1109.143687253577,9.267300018109381,9784.230599994771,4794.070438127535
1791150962,1000,,Aggregated,318.400000,0.000000,990,1300,1500,1600,2000,2400,2900,3300,4600,6100,9800,143162,0,990,1108.6760326547335,9.267300018109381,9784.230599994771,4794.18334474232
1791150963,1000,,Aggregated,316.800000,0.000000,990,1300,1500,1600,2000,2400,2900,3300,4600,6100,9800,143546,0,990,1107.8463296644697,9.267300018109381,9784.230599994771,4793.884824376855
1791150964,1000,,Aggregated,317.900000,0.000000,990,1300,1500,1600,2000,2400,2900,3300,4600,6100,9800,143865,0,990,1107.2595697947202,9.267300018109381,9784.230599994771,4793.980697181385
1791150965,1000,,Aggregated,326.400000,0.000000,990,1300,1500,1600,2000,2400,2900,3300,4600,6100,9800,144168,0,990,1106.8719084257057,9.267300018109381,9784.230599994771,4793.669316353144
1791150966,1000,,Aggregated,322.500000,0.000000,990,1300,1500,1600,2000,2400,2900,3300,4600,6100,9800,144420,0,990,1106.9129956648421,9.267300018109381,9784.230599994771,4793.956785763745
1791150968,1000,,Aggregated,315.300000,0.000000,990,1300,1500,1600,2000,2400,2900,3300,4600,6100,9800,144768,0,990,1108.2371530063008,9.267300018109381,9784.230599994771,4794.521620800177
1791150969,1000,,Aggregated,307.000000,0.000000,990,1300,1500,1600,2000,2400,2900,3300,4600,6100,9800,145127,0,990,1108.7877999022687,9.267300018109381,9784.230599994771,4794.120294638489
1791150970,1000,,Aggregated,307.400000,0.000000,990,1300,1500,1600,2000,2400,2900,3300,4600,6100,9800,145489,0,990,1108.6448606974902,9.267300018109381,9784.230599994771,4794.152575108771
1791150971,1000,,Aggregated,307.900000,0.000000,990,1300,1500,1600,2000,2400,2900,3300,4600,6100,9800,145780,0,990,1109.152018551366,9.267300018109381,9784.230599994771,4793.693798875017
1791150972,1000,,Aggregated,310.600000,0.000000,990,1300,1500,1600,2000,2400,2900,3300,4600,6100,9800,146142,0,990,1108.6490702112856,9.267300018109381,9784.230599994771,4793.877844835844
1791150973,1000,,Aggregated,305.800000,0.000000,990,1300,1500,1600,2000,2400,2900,3300,4600,6100,9800,146439,0,990,1108.7591886568273,9.267300018109381,9784.230599994771,4793.947589098532
1791150974,1000,,Aggregated,299.900000,0.000000,990,1300,1500,1600,2100,2400,2900,3300,4600,6100,9800,146708,0,990,1109.9849540707833,9.267300018109381,9784.230599994771,4793.604309240123
1791150975,1000,,Aggregated,291.400000,0.000000,990,1300,1500,1600,2100,2400,2900,3300,4600,6100,9800,147020,0,990,1110.0768334656286,9.267300018109381,9784.230599994771,4793.558624676914
1791150977,1000,,Aggregated,287.000000,0.000000,990,1300,1500,1600,2100,2400,2900,3300,4600,6100,9800,147434,0,990,1110.8251033575411,9.267300018109381,9784.230599994771,4793.425437823026
1791150978,1000,,Aggregated,288.500000,0.000000,990,1300,1500,1600,2100,2400,2900,3300,4600,6100,9800,147823,0,990,1111.9024945604922,9.267300018109381,9784.230599994771,4793.475764935091
1791150979,1000,,Aggregated,293.200000,0.000000,990,1300,1500,1600,2100,2400,2900,3400,4600,6100,9800,148194,0,990,1111.4004708309237,9.267300018109381,9784.230599994771,4793.737627704226
1791150980,1000,,Aggregated,295.100000,0.000000,990,1300,1500,1600,2100,2400,2900,3300,4600,6100,9800,148578,0,990,1110.659842172579,9.267300018109381,9784.230599994771,4793.65371723943
1791150981,1000,,Aggregated,296.700000,0.000000,990,1300,1500,1600,2100,2400,2900,3300,4600,6100,9800,148984,0,990,1109.7905726555719,9.267300018109381,9784.230599994771,4793.493261021318
1791150983,1000,,Aggregated,298.800000,0.000000,990,1300,1500,1600,2100,2400,2900,3300,4600,6100,9800,149295,0,990,1109.8752685047593,9.267300018109381,9784.230599994771,4793.697565223216
1791150984,1000,,Aggregated,303.000000,0.000000,990,1300,1500,1600,2100,2400,2900,3300,4600,6100,9800,149735,0,990,1109.8574748376739,9.267300018109381,9784.230599994771,4793.542992620296
1791150985,1000,,Aggregated,303.700000,0.000000,990,1300,1500,1600,2000,2400,2900,3300,4600,6100,9800,150094,0,990,1109.3159691967635,9.267300018109381,9784.230599994771,4793.447892653937
1791150986,1000,,Aggregated,312.500000,0.000000,990,1300,1500,1600,2000,2400,2900,3300,4600,6100,9800,150390,0,990,1108.634184570246,9.267300018109381,9784.230599994771,4793.966852849258
1791150987,1000,,Aggregated,327.600000,0.000000,990,1300,1500,1600,2000,2400,2900,3300,4600,6100,9800,150719,0,990,1108.3906430285476,9.267300018109381,9784.230599994771,4794.147400128716
1791150988,1000,,Aggregated,324.600000,0.000000,990,1300,1500,1600,2000,2400,2900,3300,4600,6100,9800,151166,0,990,1108.4749522142488,9.267300018109381,9784.230599994771,4793.723740788272
1791150989,1000,,Aggregated,322.100000,0.000000,990,1300,1500,1600,2000,2400,2900,3300,4600,6100,9800,151549,0,990,1108.1949201883226,9.267300018109381,9784.230599994771,4793.595767705495
1791150991,1000,,Aggregated,319.700000,0.000000,990,1300,1500,1600,2000,2400,2900,3300,4600,6100,9800,151841,0,990,1107.571159933871,9.267300018109381,9784.230599994771,4793.8959569549725
1791150992,1000,,Aggregated,317.700000,0.000000,990,1300,1500,1600,2000,2400,2900,3300,4600,6100,9800,152038,0,990,1107.6025669103735,9.267300018109381,9784.230599994771,4793.882397821597
1791150993,1000,,Aggregated,309.200000,0.000000,990,1300,1500,1600,2000,2400,2900,3300,4600,6100,9800,152351,0,990,1108.2964860947354,9.267300018109381,9784.230599994771,4793.5960577876085
1791150994,1000,,Aggregated,303.000000,0.000000,990,1300,1500,1600,2000,2400,2900,3300,4600,6100,9800,152701,0,990,1109.7113475878964,9.267300018109381,9784.230599994771,4793.73031610795
1791150995,1000,,Aggregated,304.600000,0.000000,990,1300,1500,1600,2100,2400,2900,3300,4600,6100,9800,153080,0,990,1110.7281744709906,9.267300018109381,9784.230599994771,4793.426254246146
1791150996,1000,,Aggregated,304.100000,0.000000,990,1300,1500,1600,2100,2400,2900,3300,4600,6100,9800,153493,0,990,1110.3081563505698,9.267300018109381,9784.230599994771,4793.5038601108845
1791150997,1000,,Aggregated,294.400000,0.000000,990,1300,1500,1600,2100,2400,2900,3300,4600,6100,9800,153858,0,990,1109.522121534265,9.267300018109381,9784.230599994771,4793.406069232669
1791150998,1000,,Aggregated,299.700000,0.000000,990,1300,1500,1600,2100,2400,2900,3300,4600,6100,9800,154189,0,990,1108.9465545072517,9.267300018109381,9784.230599994771,4793.488102264105
1791150999,1000,,Aggregated,309.500000,0.000000,990,1300,1500,1600,2000,2400,2900,3300,4600,6100,9800,154514,0,990,1108.5755394133762,9.267300018109381,9784.230599994771,4793.854006756669
1791151000,1000,,Aggregated,309.400000,0.000000,990,1300,1500,1600,2000,2400,2900,3300,4600,6100,9800,154896,0,990,1108.6868908972401,9.267300018109381,9784.230599994771,4793.9770943084395
1791151001,1000,,Aggregated,298.600000,0.000000,990,1300,1500,1600,2000,2400,2900,3300,4600,6100,9800,155266,0,990,1108.2521225433532,9.267300018109381,9784.230599994771,4794.120097123646
1791151003,1000,,Aggregated,310.700000,0.000000,990,1300,1500,1600,2000,2400,2900,3300,4600,6100,9800,155638,0,990,1108.0762420887904,9.267300018109381,9784.230599994771,4794.054138449479
1791151004,1000,,Aggregated,323.000000,0.000000,990,1300,1500,1600,2000,2400,2900,3300,4600,6100,9800,156036,0,990,1107.8983064825743,9.267300018109381,9784.230599994771,4794.179413725038
1791151005,1000,,Aggregated,324.500000,0.000000,990,1300,1500,1600,2000,2400,2900,3300,4600,6100,9800,156382,0,990,1107.5115904964268,9.267300018109381,9784.230599994771,4794.382460897034
1791151006,1000,,Aggregated,326.600000,0.000000,990,1300,1500,1600,2000,2400,2900,3300,4600,6100,9800,156737,0,990,1106.8610133402638,9.267300018109381,9784.230599994771,4794.465346408315
1791151007,1000,,Aggregated,327.500000,0.000000,990,1300,1500,1600,2000,2400,2900,3300,4600,6100,9800,157114,0,990,1106.7215879979613,9.267300018109381,9784.230599994771,4794.253172855379
1791151008,1000,,Aggregated,326.600000,0.000000,990,1300,1500,1600,2000,2400,2900,3300,4600,6100,9800,157540,0,990,1106.5191546090593,9.267300018109381,9784.230599994771,4794.070604290973
1791151010,1000,,Aggregated,322.300000,0.000000,990,1300,1500,1600,2000,2400,2900,3300,4600,6100,9800,157879,0,990,1106.4021452315544,9.267300018109381,9784.230599994771,4794.430779267667
1791151011,1000,,Aggregated,326.100000,0.000000,990,1300,1500,1600,2000,2400,2900,3300,4600,6100,9800,158161,0,990,1106.581689087789,9.267300018109381,9784.230599994771,4794.114256991294
1791151012,1000,,Aggregated,322.700000,0.000000,990,1300,1500,1600,2000,2400,2900,3300,4600,6100,9800,158391,0,990,1106.526442558693,9.267300018109381,9784.230599994771,4794.051486511228
1791151013,1000,,Aggregated,308.900000,0.000000,990,1300,1500,1600,2000,2400,2900,3300,4600,6100,9800,158697,0,990,1107.3826663208217,9.267300018109381,9784.230599994771,4793.989262556948
1791151014,1000,,Aggregated,306.000000,0.000000,990,1300,1500,1600,2000,2400,2900,3300,4600,6100,9800,159061,0,990,1108.5319845387376,9.267300018109381,9784.230599994771,4793.907651781392
1791151015,1000,,Aggregated,299.900000,0.000000,990,1300,1500,1600,2000,2400,2900,3300,4600,6100,9800,159416,0,990,1108.432544935365,9.267300018109381,9784.230599994771,4793.576234505947
1791151016,1000,,Aggregated,297.000000,0.000000,990,1300,1500,1600,2000,2400,2900,3300,4600,6100,9800,159786,0,990,1108.2567653262277,9.267300018109381,9784.230599994771,4793.598794637828
1791151017,1000,,Aggregated,302.500000,0.000000,990,1300,1500,1600,2000,2400,2900,3300,4600,6100,9800,160145,0,990,1108.5368017297797,9.267300018109381,9784.230599994771,4793.2513597052675
1791151018,1000,,Aggregated,301.700000,0.000000,990,1300,1500,1600,2000,2400,2900,3300,4600,6100,9800,160529,0,990,1108.364113047582,9.267300018109381,9784.230599994771,4793.663257106193
1791151020,1000,,Aggregated,297.800000,0.000000,990,1300,1500,1600,2000,2400,2900,3300,4600,6100,9800,160947,0,990,1107.86063615858,9.267300018109381,9784.230599994771,4793.935053154144
1791151021,1000,,Aggregated,298.900000,0.000000,990,1300,1500,1600,2000,2400,2900,3300,4600,6100,9800,161330,0,990,1106.8477589779661,9.267300018109381,9784.230599994771,4793.957286307568
1791151022,1000,,Aggregated,305.500000,0.000000,990,1300,1500,1600,2000,2400,2900,3300,4600,6100,9800,161689,0,990,1106.312108509021,9.267300018109381,9784.230599994771,4793.887747465814
1791151023,1000,,Aggregated,321.700000,0.000000,990,1300,1500,1600,2000,2400,2900,3300,4600,6100,9800,162025,0,990,1105.7029948589065,9.267300018109381,9784.230599994771,4794.115303193951
1791151024,1000,,Aggregated,323.800000,0.000000,990,1300,1500,1600,2000,2400,2900,3300,4600,6100,9800,162311,0,990,1105.3402051235907,9.267300018109381,9784.230599994771,4794.115703803192
1791151025,1000,,Aggregated,328.800000,0.000000,990,1300,1500,1600,2000,2400,2900,3300,4600,6100,9800,162650,0,990,1105.2244741169065,9.267300018109381,9784.230599994771,4794.256741469413
1791151026,1000,,Aggregated,327.100000,0.000000,990,1300,1500,1600,2000,2400,2900,3300,4600,6100,9800,163043,0,990,1105.8825047424036,9.267300018109381,9784.230599994771,4794.232619615685
1791151027,1000,,Aggregated,315.100000,0.000000,990,1300,1500,1600,2000,2400,2900,3300,4600,6100,9800,163378,0,990,1105.5580840689454,9.267300018109381,9784.230599994771,4794.266021128916
1791151028,1000,,Aggregated,318.800000,0.000000,990,1300,1500,1600,2000,2400,2900,3300,4600,6100,9800,163776,0,990,1105.1985614730945,9.267300018109381,9784.230599994771,4794.304837094568
1791151030,1000,,Aggregated,325.500000,0.000000,990,1300,1500,1600,2000,2400,2900,3300,4600,6100,9800,164160,0,990,1105.151260485003,9.267300018109381,9784.230599994771,4794.368908382066
1791151031,1000,,Aggregated,324.700000,0.000000,990,1300,1500,1600,2000,2400,2900,3300,4600,6100,9800,164544,0,990,1105.3304627529376,9.267300018109381,9784.230599994771,4794.745083381952
1791151032,1000,,Aggregated,321.600000,0.000000,980,1300,1500,1600,2000,2400,2900,3300,4600,6100,9800,164793,0,980,1104.830159727783,9.267300018109381,9784.230599994771,4794.725801460014
1791151033,1000,,Aggregated,309.700000,0.000000,980,1300,1500,1600,2000,2400,2900,3300,4600,6100,9800,165061,0,980,1104.9727173730985,9.267300018109381,9784.230599994771,4794.671460853866
1791151034,1000,,Aggregated,312.300000,0.000000,990,1300,1500,1600,2000,2400,2900,3300,4600,6100,9800,165368,0,990,1106.207169398681,9.267300018109381,9784.230599994771,4794.657896328189
1791151035,1000,,Aggregated,301.200000,0.000000,990,1300,1500,1600,2000,2400,2900,3300,4600,6100,9800,165733,0,990,1107.1835247960275,9.267300018109381,9784.230599994771,4794.935631407143
1791151036,1000,,Aggregated,296.600000,0.000000,990,1300,1500,1600,2000,2400,2900,3300,4600,6100,9800,166127,0,990,1107.1818430978697,9.267300018109381,9784.230599994771,4794.697171441127
1791151037,1000,,Aggregated,300.500000,0.000000,990,1300,1500,1600,2000,2400,2900,3400,4600,6100,9800,166418,0,990,1107.2718091403544,9.267300018109381,9784.230599994771,4794.842673268517
1791151039,1000,,Aggregated,301.300000,0.000000,990,1300,1500,1600,2000,2400,2900,3400,4600,6100,9800,166721,0,990,1107.3933449542565,9.267300018109381,9784.230599994771,4794.971137409205
1791151040,1000,,Aggregated,295.300000,0.000000,990,1300,1500,1600,2000,2400,2900,3400,4600,6100,9800,167137,0,990,1107.8040240253133,9.267300018109381,9784.230599994771,4795.422090859594
1791151041,1000,,Aggregated,288.400000,0.000000,990,1300,1500,1600,2000,2400,2900,3400,4600,6100,9800,167571,0,990,1107.9731631393158,9.267300018109381,9784.230599994771,4795.506298822589
1791151042,1000,,Aggregated,289.300000,0.000000,990,1300,1500,1600,2000,2400,2900,3400,4600,6100,9800,167862,0,990,1107.4484419214482,9.267300018109381,9784.230599994771,4795.76382385531
1791151043,1000,,Aggregated,301.300000,0.000000,980,1300,1500,1600,2000,2400,2900,3400,4600,6100,9800,168131,0,980,1107.0384221114439,9.267300018109381,9784.230599994771,4795.821758033914
1791151044,1000,,Aggregated,299.600000,0.000000,990,1300,1500,1600,2000,2400,2900,3400,4600,6100,9800,168472,0,990,1107.4477386872572,9.267300018109381,9784.230599994771,4795.830713709103
1791151045,1000,,Aggregated,305.300000,0.000000,990,1300,1500,1600,2000,2400,2900,3400,4600,6100,9800,168839,0,990,1108.0298726432866,9.267300018109381,9784.230599994771,4795.806348059394
1791151046,1000,,Aggregated,309.100000,0.000000,990,1300,1500,1600,2000,2400,2900,3400,4600,6100,9800,169207,0,990,1107.9043970037865,9.267300018109381,9784.230599994771,4795.8801645322
1791151048,1000,,Aggregated,312.000000,0.000000,990,1300,1500,1600,2000,2400,2900,3400,4600,6100,9800,169538,0,990,1107.554927227634,9.267300018109381,9784.230599994771,4796.018461937737
1791151049,1000,,Aggregated,309.100000,0.000000,990,1300,1500,1600,2000,2400,2900,3400,4600,6100,9800,169939,0,990,1107.1280134714157,9.267300018109381,9784.230599994771,4796.051500832652
1791151050,1000,,Aggregated,312.000000,0.000000,980,1300,1500,1600,2000,2400,2900,3400,4600,6100,9800,170330,0,980,1106.8479422111043,9.267300018109381,9784.230599994771,4796.171208829918
1791151051,1000,,Aggregated,319.400000,0.000000,980,1300,1500,1600,2000,2400,2900,3400,4600,6100,9800,170653,0,980,1106.5986894195753,9.267300018109381,9784.230599994771,4796.252459669622
1791151052,1000,,Aggregated,321.100000,0.000000,980,1300,1500,1600,2000,2400,2900,3400,4600,6100,9800,170973,0,980,1106.531723503242,9.267300018109381,9784.230599994771,4796.0207986056275
1791151053,1000,,Aggregated,316.100000,0.000000,980,1300,1500,1600,2000,2400,2900,3300,4600,6100,9800,171229,0,980,1106.294388109607,9.267300018109381,9784.230599994771,4795.9622727458545
1791151054,1000,,Aggregated,305.500000,0.000000,980,1300,1500,1600,2000,2400,2900,3300,4600,6100,9800,171568,0,980,1106.9408509321047,9.267300018109381,9784.230599994771,4796.088909353725
1791151055,1000,,Aggregated,310.200000,0.000000,980,1300,1500,1600,2100,2400,2900,3300,4600,6100,9800,171935,0,980,1107.7872562207738,9.267300018109381,9784.230599994771,4796.3084246953795
1791151057,1000,,Aggregated,307.600000,0.000000,990,1300,1500,1600,2100,2400,2900,3400,4600,6100,9800,172342,0,990,1107.9833729968334,9.267300018109381,9784.230599994771,4796.536671269917
1791151058,1000,,Aggregated,302.700000,0.000000,980,1300,1500,1600,2100,2400,2900,3400,4600,6100,9800,172759,0,980,1107.4140541952647,9.267300018109381,9784.230599994771,4796.3028843649245
1791151059,1000,,Aggregated,307.100000,0.000000,980,1300,1500,1600,2100,2400,2900,3400,4600,6100,9800,173039,0,980,1107.0430206867768,9.267300018109381,9784.230599994771,4796.860037332624
1791151060,1000,,Aggregated,310.300000,0.000000,980,1300,1500,1600,2000,2400,2900,3400,4600,6100,9800,173345,0,980,1106.5522594111133,9.267300018109381,9784.230599994771,4797.036678300499
1791151061,1000,,Aggregated,309.900000,0.000000,980,1300,1500,1600,2100,2400,2900,3400,4600,6100,9800,173672,0,980,1106.756371906352,9.267300018109381,9784.230599994771,4796.962699801926
1791151062,1000,,Aggregated,301.100000,0.000000,980,1300,1500,1600,2100,2400,2900,3400,4600,6100,9800,173982,0,980,1107.142482225278,9.267300018109381,9784.230599994771,4797.381188858618
1791151063,1000,,Aggregated,299.200000,0.000000,980,1300,1500,1600,2100,2400,2900,3400,4600,6100,9800,174337,0,980,1107.326220009623,9.267300018109381,9784.230599994771,4797.182193108749
1791151064,1000,,Aggregated,307.500000,0.000000,980,1300,1500,1600,2100,2400,2900,3400,4600,6100,9800,174732,0,980,1107.1040633262237,9.267300018109381,9784.230599994771,4796.902708147334
1791151065,1000,,Aggregated,308.500000,0.000000,980,1300,1500,1600,2100,2400,2900,3400,4600,6100,9800,175185,0,980,1106.9808837772466,9.267300018109381,9784.230599994771,4796.917532893798
1791151067,1000,,Aggregated,318.900000,0.000000,980,1300,1500,1600,2100,2400,2900,3400,4600,6100,9800,175545,0,980,1106.4273491248236,9.267300018109381,9784.230599994771,4796.928092511892
1791151068,1000,,Aggregated,325.000000,0.000000,980,1300,1500,1600,2100,2400,2900,3400,4600,6100,9800,175893,0,980,1106.1096794734185,9.267300018109381,9784.230599994771,4796.728312098833
1791151069,1000,,Aggregated,315.800000,0.000000,980,1300,1500,1600,2000,2400,2900,3400,4600,6100,9800,176182,0,980,1105.7930235201002,9.267300018109381,9784.230599994771,4796.88232623083
1791151070,1000,,Aggregated,308.500000,0.000000,980,1300,1500,1600,2000,2400,2900,3400,4600,6100,9800,176474,0,980,1105.8155661701878,9.267300018109381,9784.230599994771,4796.853814159593
1791151071,1000,,Aggregated,308.700000,0.000000,980,1300,1500,1600,2000,2400,2900,3400,4600,6100,9800,176805,0,980,1106.097838582157,9.267300018109381,9784.230599994771,4796.634275048783
1791151072,1000,,Aggregated,311.000000,0.000000,980,1300,1500,1600,2100,2400,2900,3400,4600,6100,9800,177089,0,980,1107.2423567681653,9.267300018109381,9784.230599994771,4796.487116647561
1791151073,1000,,Aggregated,312.600000,0.000000,980,1300,1500,1600,2100,2400,2900,3400,4600,6100,9800,177327,0,980,1107.1846405940228,9.267300018109381,9784.230599994771,4796.624298612169
1791151074,1000,,Aggregated,309.300000,0.000000,980,1300,1500,1600,2100,2400,2900,3400,4600,6100,9800,177620,0,980,1107.965084993337,9.267300018109381,9784.230599994771,4796.630587771648
1791151075,1000,,Aggregated,305.000000,0.000000,990,1300,1500,1600,2100,2400,2900,3400,4600,6100,9800,177918,0,990,1108.7694831226545,9.267300018109381,9784.230599994771,4796.926027720635
1791151076,1000,,Aggregated,294.600000,0.000000,990,1300,1500,1600,2100,2400,2900,3400,4600,6100,9800,178275,0,990,1109.4942432304977,9.267300018109381,9784.230599994771,4796.836533445519
1791151077,1000,,Aggregated,287.700000,0.000000,990,1300,1500,1600,2100,2400,2900,3400,4600,6100,9800,178646,0,990,1110.3319589552261,9.267300018109381,9784.230599994771,4796.744511492001
1791151079,1000,,Aggregated,288.200000,0.000000,990,1300,1500,1600,2100,2400,2900,3400,4600,6100,9800,179013,0,990,1110.192407121352,9.267300018109381,9784.230599994771,4796.708914995001
1791151080,1000,,Aggregated,292.000000,0.000000,980,1300,1500,1600,2100,2400,2900,3400,4600,6100,9800,179307,0,980,1109.608266948941,9.267300018109381,9784.230599994771,4797.059228027907
1791151081,1000,,Aggregated,292.500000,0.000000,980,1300,1500,1600,2100,2400,2900,3400,4600,6100,9800,179628,0,980,1109.5668789003648,9.267300018109381,9784.230599994771,4797.286152492929
1791151082,1000,,Aggregated,295.500000,0.000000,980,1300,1500,1600,2100,2400,2900,3400,4600,6100,9800,179963,0,980,1109.9145048710839,9.267300018109381,9784.230599994771,4797.646482888149
1791151083,1000,,Aggregated,292.500000,0.000000,990,1300,1500,1600,2100,2400,2900,3400,4600,6100,9800,180332,0,990,1110.1760503588619,9.267300018109381,9784.230599994771,4797.650322738061
1791151084,1000,,Aggregated,297.400000,0.000000,990,1300,1500,1600,2100,2400,2900,3400,4700,6100,9800,180731,0,990,1110.2542367829205,9.267300018109381,9784.230599994771,4797.814575252723
1791151085,1000,,Aggregated,303.900000,0.000000,990,1300,1500,1600,2100,2400,2900,3400,4600,6100,9800,181049,0,990,1109.8706424123513,9.267300018109381,9784.230599994771,4797.903473645256
1791151086,1000,,Aggregated,312.200000,0.000000,990,1300,1500,1600,2100,2400,2900,3400,4600,6100,9800,181428,0,990,1109.6278934476088,9.267300018109381,9784.230599994771,4797.438416341469
1791151088,1000,,Aggregated,318.500000,0.000000,980,1300,1500,1600,2100,2400,2900,3400,4600,6100,9800,181814,0,980,1109.617972250844,9.267300018109381,9784.230599994771,4797.182560198885
1791151089,1000,,Aggregated,313.700000,0.000000,980,1300,1500,1600,2100,2400,2900,3400,4600,6100,9800,182195,0,980,1109.294167467909,9.267300018109381,9784.230599994771,4797.316386289415
1791151090,1000,,Aggregated,316.800000,0.000000,980,1300,1500,1600,2100,2400,2900,3400,4600,6100,9800,182612,0,980,1108.78545761459,9.267300018109381,9784.230599994771,4797.265727334458
1791151091,1000,,Aggregated,319.800000,0.000000,980,1300,1500,1600,2100,2400,2900,3400,4600,6100,9800,182991,0,980,1108.2998583827402,9.267300018109381,9784.230599994771,4796.786656174348
1791151093,1000,,Aggregated,320.900000,0.000000,980,1300,1500,1600,2100,2400,2900,3400,4600,6100,9800,183182,0,980,1108.495929730634,9.267300018109381,9784.230599994771,4796.885065126487
1791151094,1000,,Aggregated,316.200000,0.000000,990,1300,1500,1600,2100,2400,2900,3400,4600,6100,9800,183452,0,990,1109.4561110760083,9.267300018109381,9784.230599994771,4796.986634105924
1791151095,1000,,Aggregated,296.800000,0.000000,990,1300,1500,1600,2100,2400,2900,3400,4600,6100,9800,183790,0,990,1110.9985839584103,9.267300018109381,9784.230599994771,4796.685031829806
1791151096,1000,,Aggregated,280.500000,0.000000,990,1300,1500,1600,2100,2400,3000,3400,4600,6100,9800,184109,0,990,1113.1933770712694,9.267300018109381,9784.230599994771,4796.800227039417
1791151098,1000,,Aggregated,267.500000,0.000000,990,1300,1500,1600,2100,2400,3000,3400,4700,6100,9800,184429,0,990,1114.501659915821,9.267300018109381,9784.230599994771,4796.714979748304
1791151099,1000,,Aggregated,265.900000,0.000000,990,1300,1500,1600,2100,2400,3000,3400,4700,6100,9800,184791,0,990,1115.229716330422,9.267300018109381,9784.230599994771,4796.8745826366
1791151100,1000,,Aggregated,257.300000,0.000000,990,1300,1500,1600,2100,2400,3000,3400,4700,6100,9800,185129,0,990,1115.8385341303356,9.267300018109381,9784.230599994771,4796.756007972819
1791151101,1000,,Aggregated,251.700000,0.000000,990,1300,1500,1600,2100,2400,3000,3400,4700,6100,9800,185451,0,990,1116.6851494945531,9.267300018109381,9784.230599994771,4796.772349569428
1791151103,1000,,Aggregated,239.100000,0.000000,990,1300,1500,1600,2100,2400,3000,3400,4700,6100,9800,185895,0,990,1117.3580296458506,9.267300018109381,9784.230599994771,4796.688861991985
1791151104,1000,,Aggregated,240.900000,0.000000,990,1300,1500,1600,2100,2400,3000,3400,4700,6100,9800,186214,0,990,1117.3466263144317,9.267300018109381,9784.230599994771,4796.715773250132
1791151105,1000,,Aggregated,265.700000,0.000000,990,1300,1500,1600,2100,2400,3000,3400,4700,6100,9800,186500,0,990,1117.8744239732716,9.267300018109381,9784.230599994771,4796.634445040215
1791151106,1000,,Aggregated,280.100000,0.000000,990,1300,1500,1600,2100,2400,3000,3400,4700,6100,9800,186782,0,990,1118.0206499556427,9.267300018109381,9784.230599994771,4796.428483472711
1791151107,1000,,Aggregated,267.600000,0.000000,990,1300,1500,1600,2100,2400,3000,3400,4700,6100,9800,187140,0,990,1118.6847232201237,9.267300018109381,9784.230599994771,4796.304590146415
1791151108,1000,,Aggregated,269.900000,0.000000,990,1300,1500,1600,2100,2400,3000,3400,4700,6100,9800,187548,0,990,1119.484571843014,9.267300018109381,9784.230599994771,4795.954219719752
1791151110,1000,,Aggregated,283.000000,0.000000,990,1300,1500,1600,2100,2400,3000,3400,4700,6100,9800,187924,0,990,1119.0538279230711,9.267300018109381,9784.230599994771,4795.804532683425
1791151111,1000,,Aggregated,291.000000,0.000000,990,1300,1500,1600,2100,2400,3000,3400,4700,6100,9800,188238,0,990,1118.4283083076493,9.267300018109381,9784.230599994771,4795.697563722521
1791151112,1000,,Aggregated,293.100000,0.000000,990,1300,1500,1600,2100,2400,3000,3400,4700,6100,9800,188586,0,990,1118.209247196055,9.267300018109381,9784.230599994771,4795.4356102786
1791151113,1000,,Aggregated,296.300000,0.000000,990,1300,1500,1600,2100,2400,3000,3400,4700,6100,9800,188938,0,990,1118.5647997920712,9.267300018109381,9784.230599994771,4795.448686870825
1791151114,1000,,Aggregated,302.100000,0.000000,990,1300,1500,1600,2100,2400,3000,3400,4700,6100,9800,189313,0,990,1118.9765808001243,9.267300018109381,9784.230599994771,4795.406966241093
1791151115,1000,,Aggregated,295.600000,0.000000,990,1300,1500,1600,2100,2400,3000,3400,4700,6100,9800,189711,0,990,1118.722909503472,9.267300018109381,9784.230599994771,4795.438593439495
1791151116,1000,,Aggregated,289.100000,0.000000,990,1300,1500,1600,2100,2400,3000,3400,4700,6100,9800,190008,0,990,1118.5450781767684,9.267300018109381,9784.230599994771,4795.851911498463
1791151118,1000,,Aggregated,319.000000,0.000000,990,1300,1500,1600,2100,2400,3000,3400,4700,6100,9800,190327,0,990,1118.403716625654,9.267300018109381,9784.230599994771,4796.145454927572
1791151119,1000,,Aggregated,317.800000,0.000000,990,1300,1500,1600,2100,2400,3000,3400,4700,6100,9800,190674,0,990,1118.2958268285759,9.267300018109381,9784.230599994771,4796.540173280048
1791151120,1000,,Aggregated,310.300000,0.000000,990,1300,1500,1600,2100,2400,3000,3400,4700,6100,9800,191046,0,990,1118.5950503135916,9.267300018109381,9784.230599994771,4796.68519100112
1791151121,1000,,Aggregated,306.700000,0.000000,990,1300,1500,1600,2100,2400,3000,3400,4700,6100,9800,191471,0,990,1118.4050857373256,9.267300018109381,9784.230599994771,4796.8410150884465
1791151122,1000,,Aggregated,311.600000,0.000000,990,1300,1500,1600,2100,2400,3000,3400,4700,6100,9800,191855,0,990,1118.0447042089702,9.267300018109381,9784.230599994771,4796.940887649527
1791151123,1000,,Aggregated,318.100000,0.000000,990,1300,1500,1600,2100,2400,3000,3400,4700,6100,9800,192239,0,990,1117.6334194628066,9.267300018109381,9784.230599994771,4796.863222343021
1791151125,1000,,Aggregated,316.100000,0.000000,990,1300,1500,1600,2100,2400,3000,3400,4700,6100,9800,192599,0,990,1117.6292122275354,9.267300018109381,9784.230599994771,4796.830902548819
1791151126,1000,,Aggregated,320.200000,0.000000,990,1300,1500,1600,2100,2400,3000,3400,4700,6100,9800,193072,0,990,1117.2765013394517,9.267300018109381,9784.230599994771,4797.021442777824
1791151127,1000,,Aggregated,315.000000,0.000000,990,1300,1500,1600,2100,2400,3000,3400,4700,6100,9800,193431,0,990,1116.513026657097,9.267300018109381,9784.230599994771,4797.0974042423395
1791151128,1000,,Aggregated,315.400000,0.000000,990,1300,1500,1600,2100,2400,3000,3400,4700,6100,9800,193732,0,990,1115.9988214895254,9.267300018109381,9784.230599994771,4797.034965829083
1791151129,1000,,Aggregated,323.100000,0.000000,990,1300,1500,1600,2100,2400,3000,3400,4700,6100,9800,194100,0,990,1115.891391727506,9.267300018109381,9784.230599994771,4796.90544049459
1791151130,1000,,Aggregated,324.400000,0.000000,990,1300,1500,1600,2100,2400,3000,3400,4700,6100,9800,194453,0,990,1115.7777355340768,9.267300018109381,9784.230599994771,4797.301481591953
1791151132,1000,,Aggregated,318.100000,0.000000,990,1300,1500,1600,2100,2400,3000,3400,4700,6100,9800,194774,0,990,1115.6123526687732,9.267300018109381,9784.230599994771,4796.846093421093
1791151133,1000,,Aggregated,313.600000,0.000000,990,1300,1500,1600,2100,2400,3000,3400,4700,6100,9800,195109,0,990,1115.6525971462565,9.267300018109381,9784.230599994771,4796.816261679369
1791151134,1000,,Aggregated,306.200000,0.000000,990,1300,1500,1600,2100,2400,3000,3400,4700,6100,9800,195443,0,990,1115.7920655383366,9.267300018109381,9784.230599994771,4796.759602543964
1791151135,1000,,Aggregated,311.700000,0.000000,990,1300,1500,1600,2100,2400,3000,3400,4700,6100,9800,195845,0,990,1115.9809223564998,9.267300018109381,9784.230599994771,4796.902468789093
1791151136,1000,,Aggregated,313.400000,0.000000,990,1300,1500,1600,2100,2400,3000,3400,4700,6100,9800,196206,0,990,1115.6432647014303,9.267300018109381,9784.230599994771,4797.01798619818
1791151137,1000,,Aggregated,317.400000,0.000000,990,1300,1500,1600,2100,2400,3000,3400,4700,6100,9800,196556,0,990,1115.3592779747717,9.267300018109381,9784.230599994771,4797.394834042207
1791151138,1000,,Aggregated,315.500000,0.000000,990,1300,1500,1600,2100,2400,3000,3400,4700,6100,9800,196940,0,990,1115.2205166868628,9.267300018109381,9784.230599994771,4797.1962018889
1791151139,1000,,Aggregated,310.500000,0.000000,990,1300,1500,1600,2100,2400,2900,3400,4700,6100,9800,197323,0,990,1114.8606948506215,9.267300018109381,9784.230599994771,4796.869949270992
1791151140,1000,,Aggregated,312.000000,0.000000,990,1300,1500,1600,2100,2400,2900,3400,4700,6100,9800,197608,0,990,1114.3584575336417,9.267300018109381,9784.230599994771,4796.723320918181
1791151142,1000,,Aggregated,315.200000,0.000000,990,1300,1500,1600,2100,2400,2900,3400,4700,6100,9800,197953,0,990,1114.328962698758,9.267300018109381,9784.230599994771,4796.681207155234
1791151143,1000,,Aggregated,313.900000,0.000000,990,1300,1500,1600,2100,2400,2900,3400,4700,6100,9800,198333,0,990,1114.3646594036732,9.267300018109381,9784.230599994771,4796.386844347638
1791151144,1000,,Aggregated,322.300000,0.000000,990,1300,1500,1600,2100,2400,2900,3400,4700,6100,9800,198716,0,990,1114.140148591,9.267300018109381,9784.230599994771,4796.403777249945
1791151145,1000,,Aggregated,321.600000,0.000000,990,1300,1500,1600,2100,2400,2900,3400,4700,6100,9800,199088,0,990,1114.1415910336611,9.267300018109381,9784.230599994771,4796.423737241823
1791151146,1000,,Aggregated,321.100000,0.000000,990,1300,1500,1600,2100,2400,2900,3400,4700,6100,9800,199379,0,990,1113.5867814835563,9.267300018109381,9784.230599994771,4796.4689360464245
1791151147,1000,,Aggregated,315.400000,0.000000,990,1300,1500,1600,2100,2400,2900,3400,4700,6100,9800,199729,0,990,1113.6301218651768,9.267300018109381,9784.230599994771,4796.451927361575
1791151148,1000,,Aggregated,316.300000,0.000000,990,1300,1500,1600,2100,2400,2900,3400,4700,6100,9800,200097,0,990,1114.0609655962326,9.267300018109381,9784.230599994771,4796.43462420726
1791151149,1000,,Aggregated,309.800000,0.000000,990,1300,1500,1600,2100,2400,2900,3400,4700,6100,9800,200429,0,990,1113.9536491471201,9.267300018109381,9784.230599994771,4796.717146720285
1791151151,1000,,Aggregated,309.500000,0.000000,990,1300,1500,1600,2100,2400,2900,3400,4700,6100,9800,200793,0,990,1113.6914084928676,9.267300018109381,9784.230599994771,4796.652687095666
1791151152,1000,,Aggregated,310.600000,0.000000,990,1300,1500,1600,2100,2400,2900,3400,4700,6100,9800,201183,0,990,1113.4988576584929,9.267300018109381,9784.230599994771,4796.314300910117
1791151153,1000,,Aggregated,316.500000,0.000000,990,1300,1500,1600,2100,2400,2900,3400,4700,6100,9800,201420,0,990,1113.8710907248922,9.267300018109381,9784.230599994771,4796.265499950353
1791151154,1000,,Aggregated,319.200000,0.000000,990,1300,1500,1600,2100,2400,2900,3400,4700,6100,9800,201631,0,990,1113.9397176773746,9.267300018109381,9784.230599994771,4796.2748932455825
1791151155,1000,,Aggregated,302.200000,0.000000,990,1300,1500,1600,2100,2400,2900,3400,4700,6100,9800,201914,0,990,1114.4567312687943,9.267300018109381,9784.230599994771,4796.33779728003
1791151156,1000,,Aggregated,295.100000,0.000000,990,1300,1500,1600,2100,2400,2900,3400,4600,6100,9800,202272,0,990,1115.842522969105,9.267300018109381,9784.230599994771,4796.490206256922
1791151157,1000,,Aggregated,285.100000,0.000000,990,1300,1500,1600,2100,2400,2900,3400,4600,6100,9800,202590,0,990,1117.0555056750493,9.267300018109381,9784.230599994771,4797.005873932573
1791151159,1000,,Aggregated,283.300000,0.000000,990,1300,1500,1600,2100,2400,3000,3400,4700,6100,9800,202961,0,990,1117.3464079532957,9.267300018109381,9784.230599994771,4796.955641724272
1791151160,1000,,Aggregated,289.000000,0.000000,990,1300,1500,1600,2100,2400,3000,3400,4700,6100,9800,203339,0,990,1117.3295242792042,9.267300018109381,9784.230599994771,4797.019465031302
1791151161,1000,,Aggregated,286.400000,0.000000,990,1300,1500,1600,2100,2400,3000,3400,4700,6100,9800,203793,0,990,1116.9947614535763,9.267300018109381,9784.230599994771,4796.826946951073
1791151162,1000,,Aggregated,285.400000,0.000000,990,1300,1500,1600,2100,2400,3000,3400,4700,6100,9800,204142,0,990,1116.4411679360799,9.267300018109381,9784.230599994771,4797.12782768857
1791151163,1000,,Aggregated,283.300000,0.000000,990,1300,1500,1600,2100,2400,3000,3400,4700,6100,9800,204405,0,990,1116.237107710217,9.267300018109381,9784.230599994771,4797.196864068883
1791151164,1000,,Aggregated,284.400000,0.000000,990,1300,1500,1600,2100,2400,2900,3400,4700,6100,9800,204726,0,990,1116.1503202031342,9.267300018109381,9784.230599994771,4797.162724812676
1791151165,1000,,Aggregated,291.700000,0.000000,990,1300,1500,1600,2100,2400,2900,3400,4600,6100,9800,205117,0,990,1116.6352758772173,9.267300018109381,9784.230599994771,4797.064304762647
1791151166,1000,,Aggregated,293.300000,0.000000,990,1300,1500,1600,2100,2400,3000,3400,4600,6100,9800,205471,0,990,1116.8690893162927,9.267300018109381,9784.230599994771,4797.24914464815
1791151168,1000,,Aggregated,311.600000,0.000000,990,1300,1500,1600,2100,2400,3000,3400,4700,6100,9800,205811,0,990,1116.5382600459027,9.267300018109381,9784.230599994771,4797.418796857311
1791151169,1000,,Aggregated,312.000000,0.000000,990,1300,1500,1600,2100,2400,2900,3400,4600,6100,9800,206195,0,990,1116.5278658774753,9.267300018109381,9784.230599994771,4797.387434224885
1791151170,1000,,Aggregated,309.800000,0.000000,990,1300,1500,1600,2100,2400,2900,3400,4600,6100,9800,206591,0,990,1116.2666277209903,9.267300018109381,9784.230599994771,4797.556781273143
1791151171,1000,,Aggregated,310.600000,0.000000,990,1300,1500,1600,2100,2400,2900,3400,4600,6100,9800,206920,0,990,1116.2903556128363,9.267300018109381,9784.230599994771,4797.69600811908
1791151173,1000,,Aggregated,312.700000,0.000000,990,1300,1500,1600,2100,2400,2900,3400,4600,6100,9800,207299,0,990,1115.9068424421157,9.267300018109381,9784.230599994771,4797.5792020222
1791151174,1000,,Aggregated,301.600000,0.000000,990,1300,1500,1600,2100,2400,2900,3400,4600,6100,9800,207620,0,990,1116.553369169672,9.267300018109381,9784.230599994771,4797.679178306522
1791151175,1000,,Aggregated,296.900000,0.000000,990,1300,1500,1600,2100,2400,2900,3400,4600,6100,9800,207915,0,990,1116.744463176813,9.267300018109381,9784.230599994771,4797.61531876007
1791151176,1000,,Aggregated,309.000000,0.000000,990,1300,1500,1600,2100,2400,2900,3400,4600,6100,9800,208203,0,990,1116.520337280004,9.267300018109381,9784.230599994771,4797.778038741037
1791151177,1000,,Aggregated,302.000000,0.000000,990,1300,1500,1600,2100,2400,3000,3400,4600,6100,9800,208556,0,990,1117.369335216001,9.267300018109381,9784.230599994771,4797.772555093116
1791151178,1000,,Aggregated,294.300000,0.000000,990,1300,1500,1600,2100,2400,3000,3400,4600,6100,9800,208941,0,990,1118.1128284650135,9.267300018109381,9784.230599994771,4797.486098946592
1791151179,1000,,Aggregated,290.800000,0.000000,990,1300,1500,1600,2100,2400,3000,3400,4600,6100,9800,209301,0,990,1117.6345298087817,9.267300018109381,9784.230599994771,4797.603499266606
1791151180,1000,,Aggregated,300.300000,0.000000,990,1300,1500,1600,2100,2400,3000,3400,4600,6100,9800,209660,0,990,1117.4245888524613,9.267300018109381,9784.230599994771,4797.381932652866
1791151181,1000,,Aggregated,303.300000,0.000000,990,1300,1500,1600,2100,2400,3000,3400,4600,6100,9800,210064,0,990,1117.2414972256386,9.267300018109381,9784.230599994771,4797.269536903039
1791151183,1000,,Aggregated,300.400000,0.000000,990,1300,1500,1600,2100,2400,3000,3400,4600,6100,9800,210373,0,990,1116.9975415704735,9.267300018109381,9784.230599994771,4797.037219605178
1791151184,1000,,Aggregated,306.700000,0.000000,990,1300,1500,1600,2100,2400,3000,3400,4600,6100,9800,210712,0,990,1116.7289893679745,9.267300018109381,9784.230599994771,4797.039020084286
1791151185,1000,,Aggregated,316.700000,0.000000,990,1300,1500,1600,2100,2400,3000,3400,4600,6100,9800,211182,0,990,1116.5581816613314,9.267300018109381,9784.230599994771,4797.076204411361
1791151186,1000,,Aggregated,310.500000,0.000000,990,1300,1500,1600,2100,2400,3000,3400,4600,6100,9800,211572,0,990,1116.0878554194394,9.267300018109381,9784.230599994771,4797.250567182803
1791151187,1000,,Aggregated,316.600000,0.000000,990,1300,1500,1600,2100,2400,2900,3400,4600,6100,9800,211855,0,990,1115.6502985735606,9.267300018109381,9784.230599994771,4797.279209836916
1791151188,1000,,Aggregated,323.300000,0.000000,990,1300,1500,1600,2100,2400,3000,3400,4600,6100,9800,212110,0,990,1115.7445658964748,9.267300018109381,9784.230599994771,4797.377770967894
1791151189,1000,,Aggregated,327.900000,0.000000,990,1300,1500,1600,2100,2400,3000,3400,4600,6100,9800,212428,0,990,1116.1665681284985,9.267300018109381,9784.230599994771,4797.382581392283
1791151190,1000,,Aggregated,313.000000,0.000000,990,1300,1500,1600,2100,2400,3000,3400,4600,6100,9800,212797,0,990,1116.7728876737062,9.267300018109381,9784.230599994771,4797.1128399366535
1791151192,1000,,Aggregated,306.100000,0.000000,990,1300,1500,1600,2100,2400,3000,3400,4600,6100,9800,213157,0,990,1116.9143725418412,9.267300018109381,9784.230599994771,4797.000971115187
1791151193,1000,,Aggregated,307.200000,0.000000,990,1300,1500,1600,2100,2400,3000,3400,4600,6100,9800,213429,0,990,1116.5195070852628,9.267300018109381,9784.230599994771,4797.178345023403
1791151194,1000,,Aggregated,309.300000,0.000000,990,1300,1500,1600,2100,2400,3000,3400,4600,6100,9800,213746,0,990,1116.9641961510454,9.267300018109381,9784.230599994771,4796.886393195662
1791151195,1000,,Aggregated,304.800000,0.000000,990,1300,1500,1600,2100,2400,3000,3400,4600,6100,9800,214118,0,990,1117.8737188419427,9.267300018109381,9784.230599994771,4796.973453889911
1791151196,1000,,Aggregated,295.100000,0.000000,990,1300,1500,1600,2100,2400,3000,3400,4600,6100,9800,214521,0,990,1117.8595047351912,9.267300018109381,9784.230599994771,4796.932127856946
1791151197,1000,,Aggregated,290.900000,0.000000,990,1300,1500,1600,2100,2400,3000,3400,4700,6100,9800,214849,0,990,1117.719468186958,9.267300018109381,9784.230599994771,4797.385866352648
1791151198,1000,,Aggregated,296.500000,0.000000,990,1300,1500,1600,2100,2400,3000,3400,4600,6100,9800,215203,0,990,1117.3829862520508,9.267300018109381,9784.230599994771,4797.492363024679
1791151200,1000,,Aggregated,303.900000,0.000000,990,1300,1500,1600,2100,2400,3000,3400,4600,6100,9800,215591,0,990,1117.5258802352585,9.267300018109381,9784.230599994771,4797.560371258541
1791151201,1000,,Aggregated,304.300000,0.000000,990,1300,1500,1600,2100,2400,3000,3400,4600,6100,9800,215983,0,990,1117.6604213896455,9.267300018109381,9784.230599994771,4797.323655102485
1791151202,1000,,Aggregated,307.200000,0.000000,990,1300,1500,1600,2100,2400,3000,3400,4600,6100,9800,216273,0,990,1117.3433004466517,9.267300018109381,9784.230599994771,4797.270352748609
1791151203,1000,,Aggregated,303.900000,0.000000,990,1300,1500,1600,2100,2400,3000,3400,4600,6100,9800,216539,0,990,1117.5875540826344,9.267300018109381,9784.230599994771,4797.176148407446
1791151204,1000,,Aggregated,299.000000,0.000000,990,1300,1500,1600,2100,2400,3000,3400,4600,6100,9800,216923,0,990,1118.5872264591592,9.267300018109381,9784.230599994771,4797.109716350963
1791151205,1000,,Aggregated,297.500000,0.000000,990,1300,1500,1600,2100,2400,3000,3400,4600,6100,9800,217267,0,990,1118.697243496708,9.267300018109381,9784.230599994771,4797.2257728969425
1791151207,1000,,Aggregated,306.200000,0.000000,990,1300,1500,1600,2100,2400,3000,3400,4600,6100,9800,217626,0,990,1118.9834746004587,9.267300018109381,9784.230599994771,4797.22183470725
1791151208,1000,,Aggregated,296.700000,0.000000,990,1300,1500,1600,2100,2400,3000,3400,4600,6100,9800,217941,0,990,1118.9534715436685,9.267300018109381,9784.230599994771,4797.0173716739855
1791151209,1000,,Aggregated,296.400000,0.000000,990,1300,1500,1600,2100,2400,3000,3400,4600,6100,9800,218288,0,990,1118.8013931095531,9.267300018109381,9784.230599994771,4796.910966246427
1791151210,1000,,Aggregated,298.800000,0.000000,990,1300,1500,1600,2100,2400,3000,3400,4600,6100,9800,218679,0,990,1118.6432982311867,9.267300018109381,9784.230599994771,4796.282112136968
1791151211,1000,,Aggregated,303.800000,0.000000,990,1300,1500,1600,2100,2400,3000,3400,4600,6100,9800,218986,0,990,1118.4534635145603,9.267300018109381,9784.230599994771,4796.365046167335
1791151212,1000,,Aggregated,302.000000,0.000000,990,1300,1500,1600,2100,2400,3000,3400,4600,6100,9800,219338,0,990,1118.215992237101,9.267300018109381,9784.230599994771,4796.48189552198
1791151213,1000,,Aggregated,305.900000,0.000000,990,1300,1500,1600,2100,2400,3000,3400,4600,6100,9800,219634,0,990,1118.2158028074043,9.267300018109381,9784.230599994771,4796.421724323192
1791151215,1000,,Aggregated,310.000000,0.000000,990,1300,1500,1600,2100,2400,3000,3400,4600,6100,9800,219923,0,990,1119.2973374271983,9.267300018109381,9784.230599994771,4796.433633589938
1791151216,1000,,Aggregated,303.400000,0.000000,990,1300,1500,1600,2100,2400,3000,3400,4600,6100,9800,220256,0,990,1119.9106700802856,9.267300018109381,9784.230599994771,4796.595039408688
1791151217,1000,,Aggregated,293.300000,0.000000,990,1300,1500,1600,2100,2400,3000,3400,4700,6100,9800,220636,0,990,1120.511480306035,9.267300018109381,9784.230599994771,4796.580023205642
1791151218,1000,,Aggregated,295.800000,0.000000,990,1300,1500,1600,2100,2400,3000,3400,4700,6100,9800,220970,0,990,1120.88922601984,9.267300018109381,9784.230599994771,4796.550608679911
1791151219,1000,,Aggregated,296.700000,0.000000,990,1300,1500,1600,2100,2400,3000,3400,4700,6100,9800,221306,0,990,1120.6190984804027,9.267300018109381,9784.230599994771,4796.4560924692505
1791151220,1000,,Aggregated,296.700000,0.000000,990,1300,1500,1600,2100,2400,3000,3400,4700,6100,9800,221670,0,990,1120.3360338286914,9.267300018109381,9784.230599994771,4796.331434113773
1791151221,1000,,Aggregated,295.300000,0.000000,990,1300,1500,1600,2100,2400,3000,3400,4700,6100,9800,222056,0,990,1120.8587555643935,9.267300018109381,9784.230599994771,4796.2801725690815
1791151222,1000,,Aggregated,293.000000,0.000000,990,1300,1500,1600,2100,2400,3000,3400,4700,6100,9800,222374,0,990,1120.67994741925,9.267300018109381,9784.230599994771,4796.387419392555
1791151223,1000,,Aggregated,292.400000,0.000000,990,1300,1500,1600,2100,2400,3000,3400,4700,6100,9800,222683,0,990,1120.3807360629635,9.267300018109381,9784.230599994771,4796.51078438857
1791151224,1000,,Aggregated,294.700000,0.000000,990,1300,1500,1600,2100,2400,3000,3400,4700,6100,9800,223050,0,990,1120.3961784183314,9.267300018109381,9784.230599994771,4796.781430172607
1791151226,1000,,Aggregated,310.100000,0.000000,990,1300,1500,1600,2100,2400,3000,3400,4700,6100,9800,223426,0,990,1120.6023822071218,9.267300018109381,9784.230599994771,4796.764570819869
1791151227,1000,,Aggregated,316.600000,0.000000,990,1300,1500,1600,2100,2400,3000,3400,4700,6100,9800,223791,0,990,1120.1937483424613,9.267300018109381,9784.230599994771,4796.6663583432755
1791151228,1000,,Aggregated,315.400000,0.000000,990,1300,1500,1600,2100,2400,3000,3400,4700,6100,9800,224080,0,990,1119.8236752312039,9.267300018109381,9784.230599994771,4796.602815958586
1791151229,1000,,Aggregated,313.500000,0.000000,990,1300,1500,1600,2100,2400,3000,3400,4700,6100,9800,224437,0,990,1119.7684125376275,9.267300018109381,9784.230599994771,4796.452585803589
1791151230,1000,,Aggregated,311.800000,0.000000,990,1300,1500,1600,2100,2400,3000,3400,4700,6100,9800,224812,0,990,1119.9340280407982,9.267300018109381,9784.230599994771,4796.248220735548
1791151231,1000,,Aggregated,313.300000,0.000000,990,1300,1500,1600,2100,2400,3000,3400,4700,6100,9800,225203,0,990,1119.834590144928,9.267300018109381,9784.230599994771,4796.22640018117
1791151232,1000,,Aggregated,318.900000,0.000000,990,1300,1500,1600,2100,2400,3000,3400,4700,6100,9800,225495,0,990,1119.5288013823254,9.267300018109381,9784.230599994771,4796.397618572474
1791151233,1000,,Aggregated,317.000000,0.000000,990,1300,1500,1600,2100,2400,3000,3400,4700,6100,9800,225879,0,990,1119.587948868674,9.267300018109381,9784.230599994771,4796.4164176395325
1791151235,1000,,Aggregated,318.400000,0.000000,990,1300,1500,1600,2100,2400,3000,3400,4700,6100,9800,226205,0,990,1119.6405026927164,9.267300018109381,9784.230599994771,4796.5116818814795
1791151236,1000,,Aggregated,319.700000,0.000000,990,1300,1500,1600,2100,2400,3000,3400,4700,6100,9800,226519,0,990,1119.7821555684313,9.267300018109381,9784.230599994771,4796.648771184757
1791151237,1000,,Aggregated,312.500000,0.000000,990,1300,1500,1600,2100,2400,3000,3400,4700,6100,9800,226841,0,990,1119.7789488055755,9.267300018109381,9784.230599994771,4796.610528960814
1791151238,1000,,Aggregated,311.800000,0.000000,990,1300,1500,1600,2100,2400,3000,3400,4700,6100,9800,227214,0,990,1120.0824473954278,9.267300018109381,9784.230599994771,4796.447001505189
1791151239,1000,,Aggregated,309.500000,0.000000,990,1300,1500,1600,2100,2400,3000,3400,4700,6100,9800,227523,0,990,1120.0523487827859,9.267300018109381,9784.230599994771,4796.362262276781
1791151240,1000,,Aggregated,310.400000,0.000000,990,1300,1500,1600,2100,2400,3000,3400,4700,6100,9800,227829,0,990,1120.0675626342788,9.267300018109381,9784.230599994771,4796.314437582573
1791151241,1000,,Aggregated,310.500000,0.000000,990,1300,1500,1600,2100,2400,3000,3400,4700,6100,9800,228114,0,990,1120.1764696906132,9.267300018109381,9784.230599994771,4796.43557168784
1791151242,1000,,Aggregated,302.700000,0.000000,990,1300,1500,1600,2100,2400,3000,3400,4700,6100,9800,228451,0,990,1120.2413764881937,9.267300018109381,9784.230599994771,4796.599008102394
1791151243,1000,,Aggregated,300.200000,0.000000,990,1300,1500,1600,2100,2400,3000,3400,4700,6100,9800,228794,0,990,1120.6889762266696,9.267300018109381,9784.230599994771,4796.489505843685
1791151244,1000,,Aggregated,296.200000,0.000000,990,1300,1500,1600,2100,2400,3000,3400,4700,6100,9800,229132,0,990,1120.8787011116146,9.267300018109381,9784.230599994771,4796.364719899447
1791151245,1000,,Aggregated,301.300000,0.000000,990,1300,1500,1600,2100,2400,3000,3400,4700,6100,9800,229521,0,990,1120.8072683615264,9.267300018109381,9784.230599994771,4796.408603134354
1791151246,1000,,Aggregated,301.600000,0.000000,990,1300,1500,1600,2100,2400,3000,3400,4700,6100,9800,229910,0,990,1120.6652277413189,9.267300018109381,9784.230599994771,4796.379013527032
1791151247,1000,,Aggregated,307.000000,0.000000,990,1300,1500,1600,2100,2400,3000,3400,4700,6100,9800,230288,0,990,1120.2036449706732,9.267300018109381,9784.230599994771,4796.353101333982
1791151249,1000,,Aggregated,316.100000,0.000000,990,1300,1500,1600,2100,2400,3000,3400,4700,6100,9800,230625,0,990,1120.0440506627824,9.267300018109381,9784.230599994771,4796.455527371274
1791151250,1000,,Aggregated,318.300000,0.000000,990,1300,1500,1600,2100,2400,3000,3400,4700,6100,9800,230940,0,990,1120.2513610860112,9.267300018109381,9784.230599994771,4796.415817961375
1791151251,1000,,Aggregated,311.100000,0.000000,990,1300,1500,1600,2100,2400,3000,3400,4700,6100,9800,231437,0,990,1120.0546778186067,9.267300018109381,9784.230599994771,4796.638251446398
1791151252,1000,,Aggregated,307.200000,0.000000,990,1300,1500,1600,2100,2400,3000,3400,4700,6100,9800,231759,0,990,1119.5864694031568,9.267300018109381,9784.230599994771,4796.594583166134
1791151253,1000,,Aggregated,309.900000,0.000000,990,1300,1500,1600,2100,2400,3000,3400,4700,6100,9800,232095,0,990,1118.8816663120908,9.267300018109381,9784.230599994771,4796.526267261251
1791151254,1000,,Aggregated,324.600000,0.000000,990,1300,1500,1600,2100,2400,3000,3400,4700,6100,9800,232394,0,990,1118.6277010968654,9.267300018109381,9784.230599994771,4796.58855650318
1791151256,1000,,Aggregated,319.700000,0.000000,990,1300,1500,1600,2100,2400,3000,3400,4700,6100,9800,232749,0,990,1119.0464174699107,9.267300018109381,9784.230599994771,4796.439009404981
1791151257,1000,,Aggregated,312.400000,0.000000,990,1300,1500,1600,2100,2400,3000,3400,4700,6100,9800,233118,0,990,1119.991370146043,9.267300018109381,9784.230599994771,4796.570123285203
1791151258,1000,,Aggregated,302.200000,0.000000,990,1300,1500,1600,2100,2400,3000,3400,4700,6100,9800,233415,0,990,1119.681716627923,9.267300018109381,9784.230599994771,4796.698129940235
1791151259,1000,,Aggregated,300.100000,0.000000,990,1300,1500,1600,2100,2400,3000,3400,4700,6100,9800,233731,0,990,1119.6749252564152,9.267300018109381,9784.230599994771,4796.636034586769
1791151260,1000,,Aggregated,302.000000,0.000000,990,1300,1500,1600,2100,2400,3000,3400,4700,6100,9800,234079,0,990,1120.1371100850895,9.267300018109381,9784.230599994771,4796.703728228504
1791151261,1000,,Aggregated,304.900000,0.000000,990,1300,1500,1600,2100,2400,3000,3400,4700,6100,9800,234439,0,990,1120.222934417518,9.267300018109381,9784.230599994771,4796.866967526734
1791151262,1000,,Aggregated,311.600000,0.000000,990,1300,1500,1600,2100,2400,3000,3400,4700,6100,9800,234790,0,990,1120.3062313152595,9.267300018109381,9784.230599994771,4797.147395544955
1791151263,1000,,Aggregated,310.700000,0.000000,990,1300,1500,1600,2100,2400,3000,3400,4700,6100,9800,235085,0,990,1119.870421092839,9.267300018109381,9784.230599994771,4797.298309122232
1791151264,1000,,Aggregated,297.700000,0.000000,990,1300,1500,1600,2100,2400,3000,3400,4700,6100,9800,235441,0,990,1120.0697279403769,9.267300018109381,9784.230599994771,4797.289881541447
1791151266,1000,,Aggregated,299.800000,0.000000,990,1300,1500,1600,2100,2400,3000,3400,4700,6100,9800,235805,0,990,1120.2212431810647,9.267300018109381,9784.230599994771,4797.179372786836
1791151267,1000,,Aggregated,307.600000,0.000000,990,1300,1500,1600,2100,2400,3000,3400,4700,6100,9800,236189,0,990,1120.2292408537744,9.267300018109381,9784.230599994771,4797.207054519898
1791151268,1000,,Aggregated,315.600000,0.000000,990,1300,1500,1600,2100,2400,3000,3400,4700,6100,9800,236584,0,990,1119.9862640132612,9.267300018109381,9784.230599994771,4797.525830149122
1791151269,1000,,Aggregated,316.400000,0.000000,990,1300,1500,1600,2100,2400,3000,3400,4700,6100,9800,236952,0,990,1119.6217168367928,9.267300018109381,9784.230599994771,4797.466744319525
1791151270,1000,,Aggregated,312.800000,0.000000,990,1300,1500,1600,2100,2400,3000,3400,4700,6100,9800,237241,0,990,1119.1385655034794,9.267300018109381,9784.230599994771,4797.621810732546
1791151271,1000,,Aggregated,315.500000,0.000000,990,1300,1500,1600,2100,2400,3000,3400,4700,6100,9800,237615,0,990,1119.1099519184818,9.267300018109381,9784.230599994771,4797.720893041264
1791151272,1000,,Aggregated,317.000000,0.000000,990,1300,1500,1600,2100,2400,3000,3400,4700,6100,9800,237913,0,990,1119.2729589497433,9.267300018109381,9784.230599994771,4797.530946186211
1791151274,1000,,Aggregated,314.300000,0.000000,990,1300,1500,1600,2100,2400,3000,3400,4700,6100,9800,238218,0,990,1119.612154258327,9.267300018109381,9784.230599994771,4797.714895599829
1791151275,1000,,Aggregated,311.700000,0.000000,990,1300,1500,1600,2100,2400,3000,3400,4700,6100,9800,238550,0,990,1120.4440378730242,9.267300018109381,9784.230599994771,4797.6610060783905
1791151276,1000,,Aggregated,307.400000,0.000000,990,1300,1500,1600,2100,2400,3000,3400,4700,6100,9800,238911,0,990,1121.1197653440327,9.267300018109381,9784.230599994771,4797.842146238558
1791151277,1000,,Aggregated,287.100000,0.000000,990,1300,1500,1600,2100,2400,3000,3400,4700,6100,9800,239338,0,990,1121.3397440398421,9.267300018109381,9784.230599994771,4798.018112460203
1791151279,1000,,Aggregated,296.200000,0.000000,990,1300,1500,1600,2100,2400,3000,3400,4700,6100,9800,239769,0,990,1120.6778894256843,9.267300018109381,9784.230599994771,4798.211753813045
1791151280,1000,,Aggregated,298.700000,0.000000,990,1300,1500,1600,2100,2400,3000,3400,4700,6100,9800,240028,0,990,1120.3548051090147,9.267300018109381,9784.230599994771,4798.2374764610795
1791151281,1000,,Aggregated,301.700000,0.000000,990,1300,1500,1600,2100,2400,3000,3400,4700,6100,9800,240292,0,990,1120.2579360948655,9.267300018109381,9784.230599994771,4798.286726149851
1791151282,1000,,Aggregated,294.800000,0.000000,990,1300,1500,1600,2100,2400,3000,3400,4700,6100,9800,240645,0,990,1120.9284670963807,9.267300018109381,9784.230599994771,4798.182135510815
1791151283,1000,,Aggregated,287.300000,0.000000,990,1300,1500,1600,2100,2400,3000,3400,4700,6100,9800,240971,0,990,1121.218438820061,9.267300018109381,9784.230599994771,4798.228085537264
1791151284,1000,,Aggregated,284.400000,0.000000,990,1300,1500,1600,2100,2400,3000,3400,4700,6100,9800,241317,0,990,1121.3309001148218,9.267300018109381,9784.230599994771,4798.300998271982
1791151285,1000,,Aggregated,289.900000,0.000000,990,1300,1500,1600,2100,2400,3000,3400,4700,6100,9800,241727,0,990,1121.6278147824146,9.267300018109381,9784.230599994771,4798.1069760514965
1791151286,1000,,Aggregated,295.000000,0.000000,990,1300,1500,1600,2100,2400,3000,3400,4700,6100,9800,242042,0,990,1121.386142570332,9.267300018109381,9784.230599994771,4797.938043810578
1791151287,1000,,Aggregated,315.400000,0.000000,990,1300,1500,1600,2100,2400,3000,3400,4700,6100,9800,242351,0,990,1121.044239561663,9.267300018109381,9784.230599994771,4797.946734282095
1791151288,1000,,Aggregated,302.300000,0.000000,990,1300,1500,1600,2100,2400,3000,3400,4700,6100,9800,242692,0,990,1121.0894250099316,9.267300018109381,9784.230599994771,4797.877577340827
1791151289,1000,,Aggregated,301.000000,0.000000,990,1300,1500,1600,2100,2400,3000,3400,4700,6100,9800,243005,0,990,1121.1413486978097,9.267300018109381,9784.230599994771,4797.967391617456
1791151290,1000,,Aggregated,299.300000,0.000000,990,1300,1500,1600,2100,2400,3000,3400,4700,6100,9800,243343,0,990,1121.313699505687,9.267300018109381,9784.230599994771,4797.9372531776135
1791151291,1000,,Aggregated,297.800000,0.000000,1000,1300,1500,1600,2100,2400,3000,3400,4700,6100,9800,243666,0,1000,1121.1977188299247,9.267300018109381,9784.230599994771,4798.089938686563
1791151292,1000,,Aggregated,303.300000,0.000000,1000,1300,1500,1600,2100,2400,3000,3400,4700,6100,9800,243992,0,1000,1121.3192337101718,9.267300018109381,9784.230599994771,4797.855773959802
1791151294,1000,,Aggregated,315.900000,0.000000,1000,1300,1500,1600,2100,2400,3000,3400,4700,6100,9800,244354,0,1000,1121.5791777978336,9.267300018109381,9784.230599994771,4798.096953600105
1791151295,1000,,Aggregated,313.600000,0.000000,1000,1300,1500,1600,2100,2400,3000,3400,4700,6100,9800,244738,0,1000,1121.522828225743,9.267300018109381,9784.230599994771,4797.9908187531155
1791151296,1000,,Aggregated,313.100000,0.000000,1000,1300,1500,1600,2100,2400,3000,3400,4700,6100,9800,245117,0,1000,1121.1476605433795,9.267300018109381,9784.230599994771,4797.985647670296
1791151297,1000,,Aggregated,311.000000,0.000000,1000,1300,1500,1600,2100,2400,3000,3400,4700,6100,9800,245411,0,1000,1120.7795577708882,9.267300018109381,9784.230599994771,4797.824893749669
1791151298,1000,,Aggregated,313.100000,0.000000,1000,1300,1500,1600,2100,2400,3000,3400,4700,6100,9800,245687,0,1000,1121.1179163891982,9.267300018109381,9784.230599994771,4797.907854302425
1791151299,1000,,Aggregated,316.500000,0.000000,1000,1300,1500,1600,2100,2400,3000,3400,4700,6100,9800,245880,0,1000,1121.1274573438789,9.267300018109381,9784.230599994771,4797.99845046364
1791151300,1000,,Aggregated,311.000000,0.000000,1000,1300,1500,1600,2100,2400,3000,3400,4700,6100,9800,246199,0,1000,1121.9915579657586,9.267300018109381,9784.230599994771,4798.001425675978
1791151301,1000,,Aggregated,300.700000,0.000000,1000,1300,1500,1600,2100,2400,3000,3400,4700,6100,9800,246496,0,1000,1123.108415340261,9.267300018109381,9784.230599994771,4798.01040179151
1791151302,1000,,Aggregated,291.700000,0.000000,1000,1300,1500,1700,2100,2400,3000,3400,4700,6100,9800,246832,0,1000,1123.5046334831502,9.267300018109381,9784.230599994771,4798.081395443054
1791151303,1000,,Aggregated,287.000000,0.000000,1000,1300,1500,1700,2100,2400,3000,3400,4700,6100,9800,247215,0,1000,1124.1668593103723,9.267300018109381,9784.230599994771,4798.13679995146
1791151305,1000,,Aggregated,287.700000,0.000000,1000,1300,1500,1700,2100,2400,3000,3400,4700,6100,9800,247595,0,1000,1124.2037585763542,9.267300018109381,9784.230599994771,4798.0193622649895
1791151306,1000,,Aggregated,291.900000,0.000000,1000,1300,1500,1700,2100,2400,3000,3400,4700,6100,9800,247925,0,1000,1123.7239729842236,9.267300018109381,9784.230599994771,4798.031945144701
1791151307,1000,,Aggregated,291.700000,0.000000,1000,1300,1500,1700,2100,2400,3000,3400,4700,6100,9800,248303,0,1000,1123.5794648808665,9.267300018109381,9784.230599994771,4797.848245893122
1791151308,1000,,Aggregated,291.100000,0.000000,1000,1300,1500,1700,2100,2400,3000,3400,4700,6100,9800,248665,0,1000,1123.761185803846,9.267300018109381,9784.230599994771,4797.903697745964
1791151309,1000,,Aggregated,287.800000,0.000000,1000,1300,1500,1700,2100,2400,3000,3400,4700,6100,9800,249029,0,1000,1123.6836420236823,9.267300018109381,9784.230599994771,4797.971288484474
1791151310,1000,,Aggregated,288.600000,0.000000,1000,1300,1500,1700,2100,2400,3000,3400,4700,6100,9800,249419,0,1000,1123.434714444434,9.267300018109381,9784.230599994771,4797.887911506341
1791151312,1000,,Aggregated,312.000000,0.000000,1000,1300,1500,1700,2100,2400,3000,3400,4700,6100,9800,249753,0,1000,1123.20902622157,9.267300018109381,9784.230599994771,4797.980857086802
1791151313,1000,,Aggregated,317.200000,0.000000,1000,1300,1500,1700,2100,2400,3000,3400,4700,6100,9800,250069,0,1000,1123.0467246944454,9.267300018109381,9784.230599994771,4797.948514210078
1791151314,1000,,Aggregated,317.700000,0.000000,1000,1300,1500,1700,2100,2400,3000,3400,4700,6100,9800,250405,0,1000,1122.9462610531593,9.267300018109381,9784.230599994771,4797.863493141112
1791151315,1000,,Aggregated,312.900000,0.000000,1000,1300,1500,1700,2100,2400,3000,3400,4700,6100,9800,250768,0,1000,1123.1471544360359,9.267300018109381,9784.230599994771,4797.985313118101
1791151316,1000,,Aggregated,309.200000,0.000000,1000,1300,1500,1700,2100,2400,3000,3400,4700,6100,9800,251155,0,1000,1123.1092499269982,9.267300018109381,9784.230599994771,4798.123764209353
1791151317,1000,,Aggregated,310.900000,0.000000,1000,1300,1500,1700,2100,2400,3000,3400,4700,6100,9800,251463,0,1000,1122.9839416610637,9.267300018109381,9784.230599994771,4798.216337990082
1791151318,1000,,Aggregated,313.900000,0.000000,1000,1300,1500,1700,2100,2400,3000,3400,4700,6100,9800,251831,0,1000,1123.0497944753258,9.267300018109381,9784.230599994771,4798.0866851181945
1791151320,1000,,Aggregated,313.900000,0.000000,1000,1300,1500,1600,2100,2400,3000,3400,4700,6100,9800,252201,0,1000,1122.9953879065317,9.267300018109381,9784.230599994771,4798.0611972196775
1791151321,1000,,Aggregated,316.300000,0.000000,1000,1300,1500,1600,2100,2400,3000,3400,4700,6100,9800,252526,0,1000,1122.7080005805917,9.267300018109381,9784.230599994771,4798.1765164775115
1791151322,1000,,Aggregated,311.300000,0.000000,1000,1300,1500,1600,2100,2400,3000,3400,4700,6100,9800,252860,0,1000,1122.792760792594,9.267300018109381,9784.230599994771,4798.299600569485
1791151323,1000,,Aggregated,307.900000,0.000000,1000,1300,1500,1600,2100,2400,3000,3400,4700,6100,9800,253231,0,1000,1122.8771517192413,9.267300018109381,9784.230599994771,4798.086221671122
1791151324,1000,,Aggregated,310.300000,0.000000,1000,1300,1500,1600,2100,2400,3000,3400,4700,6100,9800,253564,0,1000,1122.749783632981,9.267300018109381,9784.230599994771,4797.936453913016
1791151325,1000,,Aggregated,314.200000,0.000000,1000,1300,1500,1600,2100,2400,3000,3400,4700,6100,9800,253941,0,1000,1122.534429587635,9.267300018109381,9784.230599994771,4797.872186846551
1791151326,1000,,Aggregated,316.500000,0.000000,1000,1300,1500,1600,2100,2400,3000,3400,4700,6100,9800,254261,0,1000,1122.4364593953203,9.267300018109381,9784.230599994771,4797.766550906352
1791151327,1000,,Aggregated,316.800000,0.000000,1000,1300,1500,1600,2100,2400,3000,3400,4700,6100,9800,254594,0,1000,1122.15752931064,9.267300018109381,9784.230599994771,4797.81069860248
1791151328,1000,,Aggregated,314.700000,0.000000,1000,1300,1500,1600,2100,2400,3000,3400,4700,6100,9800,254963,0,1000,1122.4480149771289,9.267300018109381,9784.230599994771,4797.624270972651
1791151329,1000,,Aggregated,311.900000,0.000000,1000,1300,1500,1600,2100,2400,3000,3400,4700,6100,9800,255347,0,1000,1122.5442466690902,9.267300018109381,9784.230599994771,4797.694956275186
1791151330,1000,,Aggregated,323.700000,0.000000,1000,1300,1500,1600,2100,2400,3000,3400,4700,6100,9800,255626,0,1000,1122.4433128093892,9.267300018109381,9784.230599994771,4797.803091234851
1791151332,1000,,Aggregated,314.600000,0.000000,1000,1300,1500,1600,2100,2400,3000,3400,4700,6100,9800,255979,0,1000,1122.37834315203,9.267300018109381,9784.230599994771,4797.58625121592
1791151333,1000,,Aggregated,313.400000,0.000000,1000,1300,1500,1600,2100,2400,3000,3400,4700,6100,9800,256293,0,1000,1122.5433251614907,9.267300018109381,9784.230599994771,4797.519350899166
1791151334,1000,,Aggregated,314.800000,0.000000,1000,1300,1500,1600,2100,2400,3000,3400,4700,6100,9800,256580,0,1000,1122.7060309607689,9.267300018109381,9784.230599994771,4797.516189882298
1791151335,1000,,Aggregated,310.400000,0.000000,1000,1300,1500,1600,2100,2400,3000,3400,4700,6100,9800,256941,0,1000,1122.9561746887982,9.267300018109381,9784.230599994771,4797.292148781237
1791151336,1000,,Aggregated,304.700000,0.000000,1000,1300,1500,1600,2100,2400,3000,3400,4700,6100,9800,257326,0,1000,1123.1223212925033,9.267300018109381,9784.230599994771,4797.254552590877
1791151337,1000,,Aggregated,301.600000,0.000000,1000,1300,1500,1600,2100,2400,3000,3400,4700,6100,9800,257756,0,1000,1122.8550446453876,9.267300018109381,9784.230599994771,4797.292427722342
1791151338,1000,,Aggregated,304.500000,0.000000,1000,1300,1500,1600,2100,2400,3000,3400,4700,6100,9800,258012,0,1000,1122.7510369332256,9.267300018109381,9784.230599994771,4797.103956405129
1791151339,1000,,Aggregated,312.100000,0.000000,1000,1300,1500,1600,2100,2400,3000,3400,4700,6100,9800,258352,0,1000,1122.5040079372948,9.267300018109381,9784.230599994771,4797.039577785347
1791151341,1000,,Aggregated,303.600000,0.000000,1000,1300,1500,1600,2100,2400,3000,3400,4700,6100,9800,258716,0,1000,1122.4353945663065,9.267300018109381,9784.230599994771,4797.018642063112
1791151342,1000,,Aggregated,300.500000,0.000000,1000,1300,1500,1600,2100,2400,3000,3400,4700,6100,9800,259104,0,1000,1122.5577917389044,9.267300018109381,9784.230599994771,4796.941224373225
1791151343,1000,,Aggregated,306.400000,0.000000,1000,1300,1500,1600,2100,2400,3000,3400,4700,6100,9800,259416,0,1000,1122.5594896356367,9.267300018109381,9784.230599994771,4797.087149597558
1791151344,1000,,Aggregated,307.100000,0.000000,1000,1300,1500,1600,2100,2400,3000,3400,4700,6100,9800,259770,0,1000,1122.6103502183444,9.267300018109381,9784.230599994771,4797.111179119991
1791151345,1000,,Aggregated,307.300000,0.000000,1000,1300,1500,1600,2100,2400,3000,3400,4700,6100,9800,260165,0,1000,1122.7966345973512,9.267300018109381,9784.230599994771,4797.143697269041
1791151346,1000,,Aggregated,305.900000,0.000000,1000,1300,1500,1600,2100,2400,3000,3400,4700,6100,9800,260627,0,1000,1122.4643128364262,9.267300018109381,9784.230599994771,4797.075191749128
1791151348,1000,,Aggregated,309.600000,0.000000,1000,1300,1500,1600,2100,2400,3000,3400,4700,6100,9800,260993,0,1000,1121.861154212257,9.267300018109381,9784.230599994771,4797.180368822153
1791151349,1000,,Aggregated,309.500000,0.000000,1000,1300,1500,1600,2100,2400,3000,3400,4700,6100,9800,261305,0,1000,1121.6034795282071,9.267300018109381,9784.230599994771,4797.106947819598
1791151350,1000,,Aggregated,310.300000,0.000000,1000,1300,1500,1600,2100,2400,3000,3400,4700,6100,9800,261678,0,1000,1121.5986441879643,9.267300018109381,9784.230599994771,4797.239783245057
1791151351,1000,,Aggregated,312.100000,0.000000,1000,1300,1500,1600,2100,2400,3000,3400,4700,6100,9800,262014,0,1000,1121.3831476394996,9.267300018109381,9784.230599994771,4797.406779790393
1791151352,1000,,Aggregated,310.900000,0.000000,1000,1300,1500,1600,2100,2400,3000,3400,4700,6100,9800,262338,0,1000,1121.5300728659797,9.267300018109381,9784.230599994771,4797.079088809093
1791151353,1000,,Aggregated,313.400000,0.000000,1000,1300,1500,1600,2100,2400,3000,3400,4700,6100,9800,262591,0,1000,1121.534563795084,9.267300018109381,9784.230599994771,4797.025480690503
1791151354,1000,,Aggregated,309.600000,0.000000,1000,1300,1500,1600,2100,2400,3000,3400,4700,6100,9800,262871,0,1000,1121.6766021140202,9.267300018109381,9784.230599994771,4797.092733698278
1791151355,1000,,Aggregated,306.400000,0.000000,1000,1300,1500,1600,2100,2400,3000,3400,4700,6100,9800,263137,0,1000,1122.470039343438,9.267300018109381,9784.230599994771,4796.925901716596
1791151357,1000,,Aggregated,307.700000,0.000000,1000,1300,1500,1600,2100,2400,3000,3400,4700,6100,9800,263378,0,1000,1123.1446782598175,9.267300018109381,9784.230599994771,4796.90043207861
1791151358,1000,,Aggregated,288.400000,0.000000,1000,1300,1500,1700,2100,2400,3000,3400,4700,6100,9800,263708,0,1000,1124.1238498059006,9.267300018109381,9784.230599994771,4796.582587558967
1791151359,1000,,Aggregated,275.100000,0.000000,1000,1300,1500,1700,2100,2400,3000,3400,4700,6100,9800,264040,0,1000,1125.1830032582664,9.267300018109381,9784.230599994771,4796.544084229662
1791151360,1000,,Aggregated,265.900000,0.000000,1000,1300,1500,1700,2100,2400,3000,3400,4700,6100,9800,264341,0,1000,1125.3750949391635,9.267300018109381,9784.230599994771,4796.522688497055
1791151361,1000,,Aggregated,277.800000,0.000000,1000,1300,1500,1700,2100,2400,3000,3400,4700,6100,9800,264717,0,1000,1126.0995463370882,9.267300018109381,9784.230599994771,4796.575168954015
1791151362,1000,,Aggregated,275.600000,0.000000,1000,1300,1500,1700,2100,2400,3000,3400,4700,6100,9800,265055,0,1000,1126.4319526072534,9.267300018109381,9784.230599994771,4796.57449585935
1791151364,1000,,Aggregated,262.200000,0.000000,1000,1300,1500,1700,2100,2400,3000,3400,4700,6100,9800,265440,0,1000,1126.4222111016234,9.267300018109381,9784.230599994771,4796.439507986739
1791151365,1000,,Aggregated,271.100000,0.000000,1000,1300,1500,1700,2100,2400,3000,3400,4700,6100,9800,265833,0,1000,1126.4615788980814,9.267300018109381,9784.230599994771,4796.247708147596
1791151366,1000,,Aggregated,276.500000,0.000000,1000,1300,1500,1700,2100,2400,3000,3400,4700,6100,9800,266175,0,1000,1126.2553599962926,9.267300018109381,9784.230599994771,4796.0122926646
1791151367,1000,,Aggregated,284.700000,0.000000,1000,1300,1500,1700,2100,2400,3000,3400,4700,6100,9800,266542,0,1000,1126.030822169915,9.267300018109381,9784.230599994771,4796.112395044684
1791151368,1000,,Aggregated,288.600000,0.000000,1000,1300,1500,1700,2100,2400,3000,3400,4700,6100,9800,266915,0,1000,1125.9398419890772,9.267300018109381,9784.230599994771,4795.956581683307
1791151369,1000,,Aggregated,295.200000,0.000000,1000,1300,1500,1700,2100,2400,3000,3400,4700,6100,9800,267254,0,1000,1125.7932158172164,9.267300018109381,9784.230599994771,4795.766151301758
1791151371,1000,,Aggregated,301.100000,0.000000,1000,1300,1500,1700,2100,2400,3000,3400,4700,6100,9800,267647,0,1000,1125.7149940257696,9.267300018109381,9784.230599994771,4796.084876721951
1791151372,1000,,Aggregated,303.700000,0.000000,1000,1300,1500,1700,2100,2400,3000,3400,4700,6100,9800,267999,0,1000,1125.6474811025985,9.267300018109381,9784.230599994771,4796.316019835895
1791151373,1000,,Aggregated,309.500000,0.000000,1000,1300,1500,1700,2100,2400,3000,3400,4700,6100,9800,268339,0,1000,1125.378469260953,9.267300018109381,9784.230599994771,4796.39893940128
1791151374,1000,,Aggregated,318.600000,0.000000,1000,1300,1500,1700,2100,2400,3000,3400,4700,6100,9800,268740,0,1000,1125.3269246063696,9.267300018109381,9784.230599994771,4796.536637642331
1791151375,1000,,Aggregated,318.500000,0.000000,1000,1300,1500,1700,2100,2400,3000,3400,4700,6100,9800,269090,0,1000,1125.128098492756,9.267300018109381,9784.230599994771,4796.4359879594185
1791151376,1000,,Aggregated,313.100000,0.000000,1000,1300,1500,1700,2100,2400,3000,3400,4700,6100,9800,269395,0,1000,1125.0320150370871,9.267300018109381,9784.230599994771,4796.468679819595
1791151378,1000,,Aggregated,315.700000,0.000000,1000,1300,1500,1700,2100,2400,3000,3400,4700,6100,9800,269753,0,1000,1125.2340140488386,9.267300018109381,9784.230599994771,4796.48865814282
1791151379,1000,,Aggregated,310.600000,0.000000,1000,1300,1500,1700,2100,2400,3000,3400,4700,6100,9800,270045,0,1000,1125.6436976256366,9.267300018109381,9784.230599994771,4796.581814142088
1791151380,1000,,Aggregated,306.400000,0.000000,1000,1300,1500,1700,2100,2400,3000,3400,4700,6100,9800,270403,0,1000,1126.2676873692756,9.267300018109381,9784.230599994771,4796.566942674453
1791151381,1000,,Aggregated,295.400000,0.000000,1000,1300,1500,1700,2100,2400,3000,3400,4700,6100,9800,270750,0,1000,1126.556659080752,9.267300018109381,9784.230599994771,4796.382585410895
1791151382,1000,,Aggregated,294.500000,0.000000,1000,1300,1500,1700,2100,2400,3000,3400,4700,6100,9800,271044,0,1000,1126.660057014409,9.267300018109381,9784.230599994771,4796.153997136997
1791151383,1000,,Aggregated,285.900000,0.000000,1000,1300,1500,1700,2100,2400,3000,3400,4700,6100,9800,271352,0,1000,1126.8356706750421,9.267300018109381,9784.230599994771,4796.050248385861
1791151385,1000,,Aggregated,279.300000,0.000000,1000,1300,1500,1700,2100,2400,3000,3400,4700,6100,9800,271622,0,1000,1127.1628377735,9.267300018109381,9784.230599994771,4795.916932354522
1791151386,1000,,Aggregated,280.100000,0.000000,1000,1300,1500,1700,2100,2400,3000,3400,4700,6100,9800,271918,0,1000,1127.5216770725501,9.267300018109381,9784.230599994771,4796.020241396303
1791151387,1000,,Aggregated,270.500000,0.000000,1000,1300,1500,1700,2100,2400,3000,3400,4700,6100,9800,272332,0,1000,1128.2965580200337,9.267300018109381,9784.230599994771,4796.011023309784
1791151388,1000,,Aggregated,269.800000,0.000000,1000,1300,1500,1700,2100,2400,3000,3400,4700,6100,9800,272685,0,1000,1128.4158167981848,9.267300018109381,9784.230599994771,4796.183820158792
1791151389,1000,,Aggregated,280.600000,0.000000,1000,1300,1500,1700,2100,2400,3000,3400,4700,6100,9800,273114,0,1000,1128.048831995845,9.267300018109381,9784.230599994771,4796.184959394245
1791151390,1000,,Aggregated,282.200000,0.000000,1000,1300,1500,1700,2100,2400,3000,3400,4700,6100,9800,273498,0,1000,1127.8141606849463,9.267300018109381,9784.230599994771,4796.43267226817
1791151392,1000,,Aggregated,304.300000,0.000000,1000,1300,1500,1700,2100,2400,3000,3400,4700,6100,9800,273882,0,1000,1127.4459933522917,9.267300018109381,9784.230599994771,4796.535267012801
1791151393,1000,,Aggregated,302.500000,0.000000,1000,1300,1500,1700,2100,2400,3000,3400,4700,6100,9800,274266,0,1000,1127.23784810006,9.267300018109381,9784.230599994771,4796.571248350142
1791151394,1000,,Aggregated,303.900000,0.000000,1000,1300,1500,1700,2100,2400,3000,3400,4700,6100,9800,274485,0,1000,1127.5969344044715,9.267300018109381,9784.230599994771,4796.781703918247
1791151395,1000,,Aggregated,306.100000,0.000000,1000,1300,1500,1700,2100,2400,3000,3400,4700,6100,9800,274825,0,1000,1127.9429466959414,9.267300018109381,9784.230599994771,4796.745514418266
1791151396,1000,,Aggregated,293.300000,0.000000,1000,1300,1500,1700,2100,2400,3000,3400,4700,6100,9800,275178,0,1000,1128.4504655805042,9.267300018109381,9784.230599994771,4796.702559797658
1791151397,1000,,Aggregated,286.900000,0.000000,1000,1300,1500,1700,2100,2400,3000,3400,4700,6100,9800,275510,0,1000,1128.7465851294426,9.267300018109381,9784.230599994771,4796.654894559181
1791151400,1000,,Aggregated,297.300000,0.000000,1000,1300,1500,1700,2100,2400,3000,3400,4700,6100,9800,275915,0,1000,1129.1166933403813,9.267300018109381,9784.230599994771,4796.753297211098
