Timestamp,User Count,Type,Name,Requests/s,Failures/s,50%,66%,75%,80%,90%,95%,98%,99%,99.9%,99.99%,100%,Total Request Count,Total Failure Count,Total Median Response Time,Total Average Response Time,Total Min Response Time,Total Max Response Time,Total Average Content Size
1791065395,0,,Aggregated,0.000000,0.000000,N/A,N/A,N/A,N/A,N/A,N/A,N/A,N/A,N/A,N/A,N/A,0,0,0,0.0,0,0,0
1791065396,25,,Aggregated,0.000000,0.000000,860,890,890,890,930,940,960,960,960,960,960,38,0,860,560.7899394741062,21.987400017678738,961.3078000256792,5355.263157894737
1791065397,50,,Aggregated,0.000000,0.000000,320,540,600,860,890,930,960,1200,1200,1200,1200,101,0,320,401.30617524817643,9.943899989593774,1206.6390999825671,5169.950495049505
1791065398,100,,Aggregated,1.000000,0.000000,160,510,560,570,870,890,940,1200,1200,1200,1200,175,0,160,325.9054148592986,4.71460004337132,1206.6390999825671,5148.4457142857145
1791065399,125,,Aggregated,29.000000,0.000000,110,470,540,550,620,890,930,960,1200,1200,1200,251,0,110,286.35488964261975,2.8159000212326646,1206.6390999825671,5142.139442231076
1791065400,150,,Aggregated,38.666667,0.000000,140,420,540,560,670,880,920,940,1200,1200,1200,349,0,140,290.45115644779366,2.2849999950267375,1206.6390999825671,5106.3753581661895
1791065401,175,,Aggregated,49.250000,0.000000,140,420,540,560,710,860,890,930,1200,1200,1200,449,0,140,287.7393734967025,2.2849999950267375,1206.6390999825671,5034.743875278396
1791065402,200,,Aggregated,51.400000,0.000000,150,420,540,570,700,830,890,930,1200,1200,1200,553,0,150,285.3333593130821,2.2686999873258173,1206.6390999825671,5048.878842676311
1791065403,225,,Aggregated,59.333333,0.000000,150,400,530,570,680,780,890,920,1200,1200,1200,681,0,150,283.0915911899772,2.2686999873258173,1206.6390999825671,5012.284875183554
1791065404,250,,Aggregated,65.428571,0.000000,160,360,520,560,660,770,880,890,1200,1200,1200,823,0,160,278.8473335362095,2.2686999873258173,1206.6390999825671,4990.7496962332925
1791065405,275,,Aggregated,70.625000,0.000000,180,390,520,560,670,770,890,920,1200,1200,1200,960,0,180,285.8157472919629,2.2686999873258173,1206.6390999825671,5008.644791666667
1791065406,300,,Aggregated,76.333333,0.000000,150,330,460,540,650,750,880,920,1200,1200,1200,1119,0,150,263.3916505810516,2.2686999873258173,1206.6390999825671,5016.394995531725
1791065407,325,,Aggregated,84.000000,0.000000,150,320,450,530,650,730,870,920,1200,1200,1200,1288,0,150,260.6227222053383,2.2686999873258173,1206.6390999825671,5021.619565217391
1791065408,350,,Aggregated,103.800000,0.000000,130,280,420,500,640,730,870,900,1200,1300,1300,1487,0,130,246.73641587129376,2.2686999873258173,1260.5620000394993,5044.698722259583
1791065409,375,,Aggregated,107.700000,0.000000,140,290,430,510,650,760,880,920,1200,1300,1300,1604,0,140,256.76161789329797,2.2686999873258173,1260.5620000394993,5049.845386533666
1791065410,400,,Aggregated,125.200000,0.000000,140,320,470,550,700,840,990,1200,1800,1900,1900,1809,0,140,277.6103642351311,2.2686999873258173,1904.181600024458,5034.22056384743
1791065411,425,,Aggregated,129.900000,0.000000,140,330,490,570,720,880,1100,1300,1900,2700,2700,2034,0,140,289.7267328423753,2.2686999873258173,2705.084499961231,5003.963126843658
1791065412,450,,Aggregated,142.000000,0.000000,140,310,460,550,720,880,1100,1300,1900,2700,2700,2266,0,140,283.7298737429613,2.2686999873258173,2705.084499961231,4981.451015004413
1791065413,475,,Aggregated,152.100000,0.000000,140,300,460,550,710,870,1100,1300,1900,2700,2700,2435,0,140,282.57720164332665,2.2686999873258173,2705.084499961231,4986.951540041067
1791065414,500,,Aggregated,166.400000,0.000000,140,300,470,570,740,890,1200,1400,2000,2700,2700,2670,0,140,289.93625992548056,2.2686999873258173,2705.084499961231,4973.330711610487
1791065415,525,,Aggregated,172.500000,0.000000,140,310,500,590,770,970,1400,1800,2700,2800,2800,2907,0,140,309.32345029265736,2.2686999873258173,2833.408300008159,4950.446508427933
1791065416,550,,Aggregated,181.400000,0.000000,130,300,500,600,770,1000,1500,1900,2800,4100,4100,3164,0,130,314.14501137817194,2.2686999873258173,4101.962800021283,4948.678571428572
1791065417,575,,Aggregated,191.000000,0.000000,130,300,510,610,790,1100,1500,2000,2900,4100,4100,3412,0,130,321.5361303050331,2.2686999873258173,4101.962800021283,4943.209554513482
1791065418,600,,Aggregated,195.300000,0.000000,130,290,510,620,810,1200,1600,2100,3400,5000,5000,3658,0,130,325.69640883013017,2.2686999873258173,5012.797299947124,4926.658829961728
1791065419,625,,Aggregated,209.800000,0.000000,120,280,520,630,850,1200,1800,2100,3700,6300,6300,3911,0,120,334.29795791377387,2.2686999873258173,6311.915999976918,4931.214011761698
1791065420,650,,Aggregated,211.800000,0.000000,120,280,520,640,890,1300,1900,2200,4100,6300,6300,4184,0,120,344.1930355164258,2.2686999873258173,6311.915999976918,4936.721558317399
1791065421,675,,Aggregated,223.400000,0.000000,120,270,530,650,930,1300,2000,2600,4500,6300,6300,4468,0,120,355.9809950541062,2.2686999873258173,6311.915999976918,4936.324306177261
1791065422,700,,Aggregated,232.200000,0.000000,110,260,530,650,970,1400,2100,2700,4500,6300,6300,4739,0,110,362.8008111630509,2.2686999873258173,6311.915999976918,4931.11036083562
1791065423,725,,Aggregated,240.600000,0.000000,110,250,530,650,1000,1400,2200,2800,4600,6300,6300,5022,0,110,371.95475824413575,2.2686999873258173,6311.915999976918,4935.275985663083
1791065424,750,,Aggregated,242.800000,0.000000,110,250,530,660,1000,1500,2200,2800,4800,6500,6500,5271,0,110,381.7265930946912,2.2686999873258173,6456.136699998751,4938.739707835325
1791065425,775,,Aggregated,250.900000,0.000000,110,240,530,670,1100,1700,2600,3100,5000,8200,8200,5548,0,110,399.33041231110394,2.2686999873258173,8229.269599949475,4934.006488824802
1791065426,800,,Aggregated,259.000000,0.000000,110,230,530,680,1200,1800,2700,3200,6000,8200,8200,5819,0,110,414.6366817841686,2.2686999873258173,8229.269599949475,4930.814229249012
1791065427,825,,Aggregated,259.800000,0.000000,110,230,540,690,1300,1900,2900,3500,6000,8200,8200,6097,0,110,431.66310926728806,2.2686999873258173,8229.269599949475,4931.239954075775
1791065428,850,,Aggregated,261.300000,0.000000,110,220,540,690,1300,2000,3200,3800,7000,8200,8200,6345,0,110,450.8006666670462,2.2686999873258173,8229.269599949475,4921.465878644602
1791065429,875,,Aggregated,266.300000,0.000000,100,220,530,700,1400,2100,3300,4100,7400,9500,9500,6631,0,100,466.86547695705764,2.2686999873258173,9523.74219999183,4920.971648318504
1791065430,900,,Aggregated,267.500000,0.000000,100,210,530,700,1500,2300,3400,4300,7400,9500,9500,6910,0,100,483.9069970624316,2.2686999873258173,9523.74219999183,4922.158755426917
1791065431,925,,Aggregated,268.400000,0.000000,100,210,530,700,1600,2500,3700,4700,7800,9500,9500,7190,0,100,501.9689283729191,2.2686999873258173,9523.74219999183,4926.09735744089
1791065432,950,,Aggregated,270.200000,0.000000,100,210,530,710,1700,2700,4000,5100,8000,13000,13000,7455,0,100,528.82212920207,2.2686999873258173,12667.948900023475,4922.368879946344
1791065433,975,,Aggregated,267.600000,0.000000,99,200,520,720,1700,2800,4400,5300,8700,13000,13000,7721,0,99,547.2609545785725,2.2686999873258173,12667.948900023475,4928.484522730217
1791065434,1000,,Aggregated,0.000000,0.000000,3000,3100,3100,3200,5800,5800,6100,6100,6100,6100,6100,37,0,3000,2000.8731513516977,41.76510003162548,6110.232400009409,4557.378378378378
1791065435,1000,,Aggregated,0.000000,0.000000,90,220,3000,3300,3400,6000,10000,12000,13000,13000,13000,331,0,90,1269.3462649536505,32.43200003635138,12741.434899973683,4902.915407854985
1791065436,1000,,Aggregated,0.000000,0.000000,89,220,3300,3400,3700,6500,10000,12000,13000,13000,13000,605,0,89,1482.570781486594,29.479799966793507,12741.434899973683,4800.9586776859505
1791065437,1000,,Aggregated,86.000000,0.000000,87,180,3300,3400,6000,8400,11000,12000,14000,14000,14000,888,0,86,1530.0947424542312,29.479799966793507,14324.803699972108,4769.731981981982
1791065438,1000,,Aggregated,191.500000,0.000000,83,160,3300,3400,4000,6800,10000,12000,16000,16000,16000,1172,0,83,1460.0584693673704,29.479799966793507,16162.806499982253,4779.21843003413
1791065439,1000,,Aggregated,220.666667,0.000000,82,160,3300,3400,6200,7000,10000,12000,16000,17000,17000,1468,0,81,1542.7207352851035,29.479799966793507,17170.74190004496,4742.014986376022
1791065440,1000,,Aggregated,235.250000,0.000000,78,150,3200,3300,6300,8500,10000,12000,16000,17000,17000,1770,0,78,1555.34405864349,29.479799966793507,17170.74190004496,4756.8
1791065441,1000,,Aggregated,244.600000,0.000000,77,140,3200,3300,6300,8400,10000,12000,16000,17000,17000,2074,0,77,1524.2094322561381,29.479799966793507,17170.74190004496,4785.338476374156
1791065442,1000,,Aggregated,253.166667,0.000000,77,130,3100,3300,6300,8400,10000,12000,16000,17000,17000,2377,0,77,1494.5218553634863,29.479799966793507,17170.74190004496,4759.547328565419
1791065443,1000,,Aggregated,258.714286,0.000000,76,140,3000,3300,6200,8400,10000,12000,16000,17000,17000,2699,0,76,1499.5441791771982,29.479799966793507,17170.74190004496,4722.319748054835
1791065444,1000,,Aggregated,265.875000,0.000000,79,140,2900,3300,6100,8600,10000,12000,16000,21000,21000,3010,0,79,1521.4203991690883,29.479799966793507,20816.427999990992,4745.457475083056
1791065446,1000,,Aggregated,268.333333,0.000000,77,140,2900,3200,6100,8800,11000,12000,16000,21000,21000,3330,0,77,1521.8473111710025,29.479799966793507,20816.427999990992,4750.687987987988
1791065447,1000,,Aggregated,292.500000,0.000000,76,140,2900,3200,6000,8800,11000,12000,17000,23000,23000,3642,0,76,1530.8782861886168,29.479799966793507,23160.230199981015,4736.906370126304
1791065448,1000,,Aggregated,292.500000,0.000000,75,140,2800,3100,6000,8800,11000,13000,21000,23000,23000,3963,0,75,1521.730750870314,29.479799966793507,23160.230199981015,4728.431995962655
1791065449,1000,,Aggregated,297.800000,0.000000,75,140,2700,3000,5900,8700,11000,13000,20000,23000,23000,4285,0,75,1479.032840723277,29.479799966793507,23160.230199981015,4742.178063010501
1791065450,1000,,Aggregated,302.200000,0.000000,75,140,2600,3000,5800,8400,11000,13000,20000,23000,23000,4609,0,75,1457.678534692855,29.479799966793507,23160.230199981015,4724.834237361683
1791065451,1000,,Aggregated,305.800000,0.000000,74,130,2600,2900,5600,8300,11000,13000,20000,23000,23000,4944,0,74,1431.3327951050592,29.479799966793507,23160.230199981015,4723.240088996764
1791065452,1000,,Aggregated,308.200000,0.000000,74,130,2500,2900,5400,8000,11000,13000,20000,23000,23000,5238,0,74,1407.6789346123421,29.479799966793507,23160.230199981015,4728.937380679648
1791065453,1000,,Aggregated,313.000000,0.000000,73,130,2600,2900,5400,7900,11000,13000,20000,23000,23000,5564,0,73,1414.4033508805355,29.479799966793507,23160.230199981015,4714.425413371675
1791065454,1000,,Aggregated,310.000000,0.000000,73,130,2500,2800,5300,7800,11000,13000,21000,27000,27000,5893,0,73,1413.250180756644,29.479799966793507,27445.38480002666,4703.702867809266
1791065455,1000,,Aggregated,314.700000,0.000000,73,130,2500,2800,5300,7700,11000,13000,20000,27000,27000,6222,0,72,1387.2725014624095,29.479799966793507,27445.38480002666,4705.036965605915
1791065456,1000,,Aggregated,318.600000,0.000000,72,130,370,2800,5200,7700,11000,13000,21000,27000,27000,6567,0,72,1373.0653458200877,29.479799966793507,27445.38480002666,4714.159738084361
1791065457,1000,,Aggregated,319.500000,0.000000,73,130,260,2700,5200,7500,10000,13000,21000,27000,27000,6883,0,73,1352.2683986779655,29.479799966793507,27445.38480002666,4719.171146302484
1791065458,1000,,Aggregated,322.100000,0.000000,72,130,250,2700,5100,7500,10000,13000,21000,27000,27000,7238,0,72,1342.4121754076552,29.479799966793507,27445.38480002666,4716.376208897485
1791065459,1000,,Aggregated,323.200000,0.000000,72,130,220,2700,5000,7400,10000,12000,21000,27000,27000,7558,0,72,1316.194806192211,29.479799966793507,27445.38480002666,4722.659566022758
1791065460,1000,,Aggregated,325.900000,0.000000,72,120,210,2700,5000,7400,10000,13000,21000,27000,27000,7890,0,72,1307.5196297465661,29.479799966793507,27445.38480002666,4729.76349809886
1791065461,1000,,Aggregated,326.100000,0.000000,72,120,200,2600,5000,7400,10000,13000,21000,27000,27000,8214,0,72,1299.2894085220007,29.479799966793507,27445.38480002666,4724.703433162893
1791065462,1000,,Aggregated,327.300000,0.000000,72,120,200,2600,5000,7400,10000,13000,21000,30000,30000,8524,1,72,1300.1592538479188,29.479799966793507,30115.824799984694,4724.156147348663
1791065463,1000,,Aggregated,325.400000,0.000000,72,120,200,2600,5000,7400,10000,13000,21000,30000,30000,8872,1,72,1303.3507496167203,29.479799966793507,30115.824799984694,4713.400247971145
1791065464,1000,,Aggregated,326.500000,0.100000,72,120,200,2600,5000,7300,10000,12000,21000,30000,30000,9213,1,72,1292.5299483664144,29.479799966793507,30115.824799984694,4712.800282209921
1791065465,1000,,Aggregated,328.400000,0.100000,72,120,200,2600,4900,7300,10000,12000,21000,30000,30000,9556,1,72,1283.32998431356,29.479799966793507,30115.824799984694,4713.161573880285
1791065466,1000,,Aggregated,329.900000,0.100000,72,120,200,2600,4800,7300,10000,12000,21000,30000,30000,9888,1,72,1272.8906064017574,27.585200034081936,30115.824799984694,4713.429308252427
1791065467,1000,,Aggregated,332.000000,0.100000,73,120,200,2600,4800,7300,9900,12000,21000,27000,30000,10209,1,73,1270.5408252620564,27.585200034081936,30115.824799984694,4710.427172103046
1791065468,1000,,Aggregated,329.700000,0.100000,73,130,200,2600,4800,7200,9900,12000,21000,27000,30000,10564,1,73,1257.6405988830516,27.585200034081936,30115.824799984694,4715.766092389246
1791065469,1000,,Aggregated,328.100000,0.100000,74,120,200,2600,4800,7100,9900,12000,21000,27000,30000,10905,1,74,1242.066654296201,27.585200034081936,30115.824799984694,4722.977716643742
1791065470,1000,,Aggregated,331.500000,0.100000,73,120,190,2600,4800,7100,9800,12000,20000,27000,30000,11247,1,73,1233.138634044677,27.585200034081936,30115.824799984694,4717.132657597582
1791065471,1000,,Aggregated,331.200000,0.100000,74,120,190,2600,4800,7100,9800,12000,20000,27000,30000,11568,1,74,1225.9929688970453,27.585200034081936,30115.824799984694,4718.596732365145
1791065472,1000,,Aggregated,331.900000,0.100000,74,120,190,2600,4800,7100,9800,12000,20000,27000,30000,11878,1,74,1223.4303591766843,27.585200034081936,30115.824799984694,4717.987876746927
1791065473,1000,,Aggregated,331.600000,0.100000,74,120,190,2600,4800,7100,9800,12000,20000,27000,30000,12213,1,74,1221.2279669123322,27.585200034081936,30115.824799984694,4708.283468435274
1791065474,1000,,Aggregated,333.000000,0.000000,74,120,190,2500,4800,6900,9800,12000,20000,27000,30000,12528,1,74,1206.7966781928635,27.585200034081936,30115.824799984694,4717.83277458493
1791065475,1000,,Aggregated,331.600000,0.000000,75,120,190,2500,4700,6900,9800,12000,20000,27000,30000,12871,1,75,1199.3636803667491,27.585200034081936,30115.824799984694,4719.413332297413
1791065476,1000,,Aggregated,329.200000,0.000000,74,120,190,2500,4800,6800,9800,12000,20000,27000,30000,13226,1,74,1201.3039305080542,27.585200034081936,30115.824799984694,4710.774686224104
1791065477,1000,,Aggregated,326.900000,0.000000,75,120,190,2500,4800,6800,9800,12000,20000,27000,30000,13564,1,75,1196.037005079607,27.585200034081936,30115.824799984694,4713.115968740784
1791065478,1000,,Aggregated,331.700000,0.000000,75,120,180,2500,4700,6800,9800,12000,20000,27000,30000,13874,1,75,1187.399049971189,27.585200034081936,30115.824799984694,4718.331411272885
1791065479,1000,,Aggregated,334.000000,0.000000,75,120,180,2500,4800,6800,9800,12000,20000,27000,30000,14239,1,75,1184.859677273739,27.585200034081936,30115.824799984694,4717.101060467729
1791065480,1000,,Aggregated,328.300000,0.000000,75,120,180,2500,4700,6700,9700,12000,20000,27000,30000,14592,1,75,1179.3267023027056,27.585200034081936,30115.824799984694,4717.938185307017
1791065481,1000,,Aggregated,331.600000,0.000000,75,120,180,2500,4800,6700,9800,12000,20000,27000,30000,14963,1,75,1179.4918578695028,27.585200034081936,30115.824799984694,4714.956826839538
1791065482,1000,,Aggregated,332.700000,0.000000,75,120,180,2500,4700,6700,9800,12000,20000,27000,30000,15293,1,75,1172.9051567123065,27.585200034081936,30115.824799984694,4719.871313672922
1791065483,1000,,Aggregated,336.400000,0.000000,75,120,180,2500,4700,6700,9800,12000,20000,27000,30000,15632,1,75,1166.2758696648561,27.585200034081936,30115.824799984694,4719.270406857728
1791065484,1000,,Aggregated,335.000000,0.000000,75,120,180,2500,4700,6600,9800,12000,20000,27000,30000,15991,1,75,1158.2457738478508,27.585200034081936,30115.824799984694,4719.425927083985
1791065485,1000,,Aggregated,340.200000,0.000000,74,120,180,2500,4700,6700,9800,12000,20000,27000,30000,16338,1,74,1159.5717732832327,27.585200034081936,30115.824799984694,4715.758354755784
1791065486,1000,,Aggregated,342.800000,0.000000,74,120,180,2400,4600,6600,9700,12000,20000,27000,30000,16736,1,74,1149.0516288660142,27.585200034081936,30115.824799984694,4717.319729923518
1791065487,1000,,Aggregated,346.800000,0.000000,74,120,170,2400,4500,6600,9700,12000,20000,27000,30000,17111,1,74,1145.2849811408962,27.585200034081936,30115.824799984694,4718.865291333061
1791065488,1000,,Aggregated,346.500000,0.000000,75,120,170,2400,4300,6600,9700,12000,20000,27000,30000,17502,1,75,1133.2357165468156,27.585200034081936,30115.824799984694,4723.526111301566
1791065489,1000,,Aggregated,352.900000,0.000000,75,120,180,2400,4000,6600,9600,12000,20000,27000,30000,17845,1,75,1124.4170982910086,27.585200034081936,30115.824799984694,4726.004595124685
1791065490,1000,,Aggregated,355.500000,0.000000,76,120,170,2300,3700,6600,9600,12000,20000,27000,30000,18166,1,76,1114.8549492900804,27.585200034081936,30115.824799984694,4729.407079158868
1791065491,1000,,Aggregated,355.400000,0.000000,77,120,180,2300,3500,6500,9600,12000,20000,27000,30000,18466,1,77,1101.6475505363348,27.585200034081936,30115.824799984694,4737.984403769089
1791065492,1000,,Aggregated,353.700000,0.000000,77,120,180,2300,3400,6500,9600,12000,20000,27000,30000,18789,1,77,1092.635063335114,27.585200034081936,30115.824799984694,4742.554899143116
1791065493,1000,,Aggregated,346.000000,0.000000,77,120,170,2300,3400,6500,9600,12000,20000,27000,30000,19121,1,77,1094.8614970923734,27.585200034081936,30115.824799984694,4742.509701375451
1791065494,1000,,Aggregated,349.600000,0.000000,77,120,180,2300,3500,6500,9600,12000,20000,27000,30000,19472,1,77,1102.7598059882584,27.585200034081936,30115.824799984694,4736.0081655710765
1791065495,1000,,Aggregated,341.000000,0.000000,77,120,180,2300,3500,6500,9600,12000,20000,27000,30000,19842,1,77,1107.6308532710273,27.585200034081936,30115.824799984694,4731.479941538151
1791065496,1000,,Aggregated,341.400000,0.000000,77,120,180,2300,3500,6500,9600,12000,20000,27000,30000,20191,1,77,1112.4530136893948,27.585200034081936,30115.824799984694,4726.046803031053
1791065497,1000,,Aggregated,341.100000,0.000000,77,120,180,2300,3500,6500,9600,12000,20000,27000,30000,20554,1,77,1107.5281718547596,27.585200034081936,30115.824799984694,4727.826165223314
1791065498,1000,,Aggregated,343.800000,0.000000,77,120,180,2300,3500,6500,9600,12000,20000,27000,30000,20910,1,77,1102.01818934971,27.585200034081936,30115.824799984694,4729.137876614061
1791065499,1000,,Aggregated,338.100000,0.000000,77,120,180,2200,3400,6500,9600,12000,20000,27000,30000,21267,1,77,1094.561560690372,27.585200034081936,30115.824799984694,4729.469459726337
1791065500,1000,,Aggregated,338.300000,0.000000,77,120,170,2200,3400,6500,9600,12000,20000,27000,30000,21657,1,77,1092.0932478368275,27.585200034081936,30115.824799984694,4728.156069631066
1791065501,1000,,Aggregated,336.500000,0.000000,77,120,170,2200,3400,6500,9600,12000,20000,27000,30000,22051,1,77,1087.7288937010715,27.585200034081936,30115.824799984694,4726.498571493356
1791065502,1000,,Aggregated,342.100000,0.000000,77,120,170,2200,3400,6400,9600,12000,20000,27000,30000,22369,1,77,1082.4725152533329,27.585200034081936,30115.824799984694,4727.815190665653
1791065503,1000,,Aggregated,352.200000,0.000000,77,120,180,2100,3400,6400,9600,12000,20000,27000,30000,22580,1,77,1075.3439021834338,27.585200034081936,30115.824799984694,4734.326793622675
1791065504,1000,,Aggregated,358.000000,0.000000,78,130,190,2100,3400,6300,9600,12000,20000,27000,30000,22782,22,78,1070.5802721798848,27.585200034081936,30115.824799984694,4736.051400228251
1791065505,1000,,Aggregated,350.600000,0.000000,79,130,200,1600,3400,6300,9500,12000,20000,27000,30000,23142,67,79,1070.2035243583873,27.585200034081936,30115.824799984694,4733.754602022297
1791065506,1000,,Aggregated,337.200000,0.000000,79,130,200,1700,3400,6300,9500,12000,20000,27000,30000,23382,67,79,1074.9637151784284,27.585200034081936,30115.824799984694,4730.965571807374
1791065507,1000,,Aggregated,318.000000,3.200000,80,130,200,1500,3400,6300,9500,12000,20000,27000,30000,23660,67,80,1069.9826927219822,27.585200034081936,30115.824799984694,4734.756720202874
1791065508,1000,,Aggregated,319.000000,6.600000,80,130,210,1500,3400,6300,9500,12000,20000,27000,30000,23870,67,80,1073.8877706996986,27.585200034081936,30115.824799984694,4734.177000418936
1791065509,1000,,Aggregated,309.500000,6.600000,81,130,210,1000,3400,6300,9500,12000,18000,27000,30000,24189,67,81,1073.3536437141477,27.585200034081936,30115.824799984694,4737.65670346025
1791065510,1000,,Aggregated,302.400000,6.600000,82,140,220,790,3400,6200,9500,12000,20000,27000,30000,24337,67,82,1072.7346123311117,27.585200034081936,30115.824799984694,4741.3460163537
1791065511,1000,,Aggregated,292.900000,6.600000,83,140,230,730,3400,6300,9500,12000,20000,27000,30000,24622,67,83,1068.401878832041,27.585200034081936,30115.824799984694,4744.599545122248
1791065512,1000,,Aggregated,273.600000,6.600000,83,140,230,770,3600,6400,9700,12000,20000,27000,30000,24904,67,83,1091.6753372149979,27.585200034081936,30115.824799984694,4739.54288467716
1791065513,1000,,Aggregated,257.200000,6.600000,83,140,240,1500,4300,6500,9900,12000,20000,27000,30000,25244,67,83,1115.8748747426016,27.585200034081936,30115.824799984694,4733.979638726034
1791065514,1000,,Aggregated,246.700000,6.600000,83,140,240,1800,4400,6600,10000,12000,20000,27000,30000,25604,67,83,1129.0241464576868,27.585200034081936,30115.824799984694,4727.354905483518
1791065515,1000,,Aggregated,255.000000,6.600000,82,140,240,1800,4400,6600,10000,12000,20000,27000,30000,26005,67,82,1135.831689698202,27.585200034081936,30115.824799984694,4728.9221688136895
1791065516,1000,,Aggregated,268.400000,6.600000,82,140,230,1800,4400,6600,10000,12000,20000,27000,30000,26359,67,82,1138.058043066943,27.585200034081936,30115.824799984694,4729.181607799992
1791065517,1000,,Aggregated,289.400000,3.400000,83,140,230,1500,4400,6600,10000,12000,20000,27000,30000,26706,68,83,1133.3833360706371,27.585200034081936,30187.516600009985,4731.518385381562
1791065518,1000,,Aggregated,286.300000,0.000000,83,140,230,1000,4400,6600,10000,12000,20000,27000,30000,27039,68,83,1131.8484396354438,27.585200034081936,30187.516600009985,4729.825437331262
1791065519,1000,,Aggregated,295.500000,0.100000,83,140,230,820,4300,6600,10000,12000,20000,27000,30000,27412,68,83,1129.0098374617921,27.585200034081936,30187.516600009985,4728.927878301473
1791065520,1000,,Aggregated,305.300000,0.100000,83,140,220,770,4300,6600,10000,12000,21000,27000,30000,27746,68,83,1128.184455269336,27.585200034081936,30187.516600009985,4729.480465652707
1791065521,1000,,Aggregated,313.300000,0.100000,83,140,220,770,4300,6600,10000,12000,20000,27000,30000,28104,68,83,1127.8632541063016,27.585200034081936,30187.516600009985,4727.545438371762
1791065522,1000,,Aggregated,330.000000,0.100000,83,140,220,750,4300,6600,10000,12000,20000,27000,30000,28447,68,83,1125.8063739165073,27.585200034081936,30187.516600009985,4727.407951629346
1791065523,1000,,Aggregated,342.800000,0.100000,83,140,220,770,4300,6600,10000,12000,21000,27000,30000,28828,68,83,1126.5873724747823,27.585200034081936,30187.516600009985,4723.3877133342585
1791065524,1000,,Aggregated,346.200000,0.100000,82,140,220,800,4300,6600,10000,12000,21000,27000,30000,29220,68,82,1126.1891370192375,27.585200034081936,30187.516600009985,4721.791273100616
1791065525,1000,,Aggregated,352.500000,0.100000,82,130,220,750,4300,6600,10000,12000,21000,27000,30000,29598,68,82,1120.1943212380113,27.585200034081936,30187.516600009985,4721.350429083046
1791065526,1000,,Aggregated,355.200000,0.100000,82,130,220,690,4200,6600,10000,12000,21000,27000,30000,29986,68,82,1113.2525283333264,27.585200034081936,30187.516600009985,4724.405022343761
1791065527,1000,,Aggregated,355.300000,0.100000,82,130,220,740,4200,6600,10000,12000,21000,27000,30000,30355,68,82,1114.4608596838486,27.585200034081936,30187.516600009985,4721.484862460879
1791065528,1000,,Aggregated,358.100000,0.100000,82,130,210,690,4200,6500,10000,12000,21000,27000,30000,30741,68,82,1106.8060039915288,27.585200034081936,30187.516600009985,4722.344946488403
1791065529,1000,,Aggregated,363.100000,0.000000,82,130,210,680,4100,6500,10000,12000,20000,27000,30000,31146,68,82,1101.9776410455174,27.585200034081936,30187.516600009985,4722.185866563925
1791065530,1000,,Aggregated,363.100000,0.000000,82,130,220,690,3900,6500,10000,12000,20000,27000,30000,31501,68,82,1098.7204623346302,27.585200034081936,30187.516600009985,4721.902891971684
1791065531,1000,,Aggregated,366.500000,0.000000,83,130,220,620,3800,6500,10000,12000,20000,27000,30000,31891,68,83,1090.5587193786066,27.585200034081936,30187.516600009985,4723.913831488508
1791065532,1000,,Aggregated,374.300000,0.000000,82,130,210,620,3700,6400,10000,12000,20000,27000,30000,32312,68,82,1083.6424128467472,27.585200034081936,30187.516600009985,4724.225736568457
1791065533,1000,,Aggregated,373.300000,0.000000,82,130,210,600,3600,6400,9900,12000,20000,27000,30000,32693,68,82,1078.0765823725174,27.585200034081936,30187.516600009985,4725.717248340623
1791065534,1000,,Aggregated,380.000000,0.000000,83,130,210,570,3500,6300,9900,12000,20000,27000,30000,33079,68,83,1070.8529026151036,27.585200034081936,30187.516600009985,4727.437860878503
1791065535,1000,,Aggregated,383.400000,0.000000,83,130,210,550,3500,6300,9900,12000,20000,27000,30000,33414,68,83,1064.195442835506,27.585200034081936,30187.516600009985,4730.415813730771
1791065536,1000,,Aggregated,384.700000,0.000000,83,130,210,540,3500,6200,9900,12000,20000,27000,30000,33826,68,83,1058.9864488028506,27.585200034081936,30187.516600009985,4728.843936616804
1791065537,1000,,Aggregated,384.100000,0.000000,82,130,210,540,3500,6200,9900,12000,20000,27000,30000,34212,68,82,1055.916568639798,27.585200034081936,30187.516600009985,4725.835817841693
1791065538,1000,,Aggregated,379.000000,0.000000,83,130,210,520,3500,6200,9900,12000,20000,27000,30000,34632,68,83,1050.0832894376736,27.585200034081936,30187.516600009985,4729.04440979441
1791065539,1000,,Aggregated,380.200000,0.000000,83,130,210,520,3500,6100,9800,12000,20000,27000,30000,35004,68,83,1045.7133466862526,27.585200034081936,30187.516600009985,4727.8929836590105
1791065540,1000,,Aggregated,379.700000,0.000000,83,130,200,520,3500,6100,9800,12000,20000,27000,30000,35397,68,83,1040.6309154591033,27.585200034081936,30187.516600009985,4728.251377235359
1791065541,1000,,Aggregated,384.400000,0.000000,82,130,200,510,3400,6100,9800,12000,20000,27000,30000,35768,68,82,1037.3503534110173,27.585200034081936,30187.516600009985,4727.992982554239
1791065542,1000,,Aggregated,377.600000,0.000000,83,130,200,500,3400,6000,9800,12000,20000,27000,30000,36170,68,83,1032.3484195439444,27.585200034081936,30187.516600009985,4730.82662427426
1791065543,1000,,Aggregated,382.800000,0.000000,83,130,200,500,3400,6000,9700,12000,20000,27000,30000,36577,68,83,1028.230363471702,27.585200034081936,30187.516600009985,4728.615933510129
1791065545,1000,,Aggregated,380.700000,0.000000,83,130,200,500,3400,6000,9700,12000,20000,27000,30000,36989,68,83,1024.3239512207551,27.585200034081936,30187.516600009985,4726.959474438347
1791065546,1000,,Aggregated,380.400000,0.000000,82,130,200,500,3400,5900,9600,12000,20000,27000,30000,37408,68,82,1019.2717002032707,27.585200034081936,30187.516600009985,4726.606982463644
1791065547,1000,,Aggregated,384.700000,0.000000,82,130,200,490,3400,5900,9600,12000,20000,27000,30000,37811,68,82,1014.2705140912474,27.585200034081936,30187.516600009985,4727.169765412182
1791065548,1000,,Aggregated,391.200000,0.000000,82,130,200,480,3400,5900,9600,12000,20000,27000,30000,38221,68,82,1008.2155974701099,27.585200034081936,30187.516600009985,4728.4690353470605
1791065549,1000,,Aggregated,392.000000,0.000000,83,130,200,470,3400,5900,9500,12000,20000,27000,30000,38609,68,83,1002.6536525137877,27.585200034081936,30187.516600009985,4731.545701779378
1791065550,1000,,Aggregated,395.100000,0.000000,83,130,200,460,3300,5800,9500,12000,20000,27000,30000,39010,68,83,997.9795785799824,27.585200034081936,30187.516600009985,4730.301384260446
1791065551,1000,,Aggregated,392.100000,0.000000,82,130,200,460,3300,5800,9500,12000,20000,27000,30000,39438,68,82,992.3501907932659,27.585200034081936,30187.516600009985,4730.726203154318
1791065552,1000,,Aggregated,396.200000,0.000000,82,130,200,450,3300,5800,9400,12000,20000,27000,30000,39823,68,82,987.2414750070369,27.585200034081936,30187.516600009985,4731.756623057027
1791065553,1000,,Aggregated,400.500000,0.000000,82,130,190,440,3300,5700,9400,12000,19000,25000,30000,40261,68,82,981.6414855767605,27.585200034081936,30187.516600009985,4733.43073942525
1791065554,1000,,Aggregated,403.800000,0.000000,83,130,190,440,3300,5700,9400,12000,19000,25000,30000,40663,68,83,975.5818389889023,27.585200034081936,30187.516600009985,4733.677323365221
1791065555,1000,,Aggregated,405.200000,0.000000,82,130,190,430,3200,5600,9300,11000,18000,25000,30000,41068,68,82,969.6585670669634,27.585200034081936,30187.516600009985,4734.744423882342
1791065556,1000,,Aggregated,406.100000,0.000000,82,130,190,420,3200,5600,9300,11000,18000,25000,30000,41466,68,82,964.3228488980409,27.585200034081936,30187.516600009985,4733.817778420875
1791065557,1000,,Aggregated,405.100000,0.000000,82,130,190,410,3200,5600,9200,11000,18000,25000,30000,41906,68,82,959.7884187946094,27.585200034081936,30187.516600009985,4732.0117166992795
1791065558,1000,,Aggregated,403.900000,0.000000,82,130,190,410,3200,5600,9200,11000,18000,25000,30000,42336,68,82,955.8436286070092,27.585200034081936,30187.516600009985,4730.842828798186
1791065559,1000,,Aggregated,405.900000,0.000000,82,120,190,400,3100,5500,9100,11000,18000,25000,30000,42757,68,82,949.5680278084695,27.585200034081936,30187.516600009985,4731.931636924948
1791065560,1000,,Aggregated,406.900000,0.000000,82,120,190,390,3100,5500,9100,11000,18000,25000,30000,43163,68,82,944.1222815885288,27.585200034081936,30187.516600009985,4732.398373607025
1791065561,1000,,Aggregated,412.900000,0.000000,82,120,190,390,3100,5500,9000,11000,18000,25000,30000,43593,68,82,938.9985532816262,27.585200034081936,30187.516600009985,4733.337554194481
1791065562,1000,,Aggregated,412.700000,0.000000,83,120,190,380,3000,5500,9000,11000,18000,25000,30000,43987,68,83,932.699231986849,27.585200034081936,30187.516600009985,4735.803964807784
1791065563,1000,,Aggregated,411.600000,0.000000,82,120,180,370,3000,5400,8900,11000,18000,25000,30000,44392,68,82,928.5351069878714,27.585200034081936,30187.516600009985,4734.816047936565
1791065564,1000,,Aggregated,411.100000,0.000000,82,120,180,370,3000,5400,8900,11000,18000,25000,30000,44794,68,82,924.3455646181533,27.585200034081936,30187.516600009985,4735.427713533062
1791065565,1000,,Aggregated,412.600000,0.000000,82,120,180,370,2900,5400,8900,11000,18000,25000,30000,45215,68,82,921.2662111933146,27.585200034081936,30187.516600009985,4734.7595267057395
1791065566,1000,,Aggregated,411.100000,0.000000,83,120,180,370,2900,5400,8800,11000,18000,25000,30000,45635,68,83,918.3945814924161,27.585200034081936,30187.516600009985,4733.736298893393
1791065567,1000,,Aggregated,414.100000,0.000000,82,120,180,360,2900,5300,8800,11000,18000,25000,30000,46067,68,82,913.3060417762335,27.585200034081936,30187.516600009985,4734.392211344346
1791065568,1000,,Aggregated,410.600000,0.000000,82,120,180,360,2900,5300,8800,11000,18000,25000,30000,46502,68,82,908.8346681713973,27.585200034081936,30187.516600009985,4733.548514042407
1791065569,1000,,Aggregated,414.300000,0.000000,82,120,180,350,2900,5300,8800,11000,18000,25000,30000,46914,68,82,903.4614875965958,27.585200034081936,30187.516600009985,4734.755979025451
1791065570,1000,,Aggregated,415.500000,0.000000,82,120,180,350,2900,5300,8700,11000,18000,25000,30000,47318,68,82,899.4224203475809,27.585200034081936,30187.516600009985,4734.750264170083
1791065571,1000,,Aggregated,413.100000,0.000000,82,120,180,340,2800,5300,8700,10000,18000,25000,30000,47705,68,82,894.59192655921,27.585200034081936,30187.516600009985,4734.920490514621
1791065572,1000,,Aggregated,413.300000,0.000000,82,120,180,330,2800,5300,8600,10000,18000,25000,30000,48143,68,82,889.8178691275292,27.585200034081936,30187.516600009985,4736.262841950024
1791065573,1000,,Aggregated,412.300000,0.000000,82,120,180,320,2800,5300,8500,10000,18000,25000,30000,48563,68,82,885.5408583326132,27.585200034081936,30187.516600009985,4735.132281778308
1791065574,1000,,Aggregated,414.000000,0.000000,82,120,180,310,2800,5300,8500,10000,18000,25000,30000,48987,68,82,881.4386756446819,27.585200034081936,30187.516600009985,4736.938555126871
1791065575,1000,,Aggregated,412.900000,0.000000,82,120,180,310,2800,5200,8400,10000,18000,25000,30000,49391,68,82,878.5985475857282,27.585200034081936,30187.516600009985,4736.575448968436
1791065576,1000,,Aggregated,411.500000,0.000000,82,120,170,300,2800,5200,8400,10000,18000,25000,30000,49829,68,82,874.1183696463486,27.585200034081936,30187.516600009985,4736.3236870095725
1791065577,1000,,Aggregated,413.000000,0.000000,82,120,170,300,2800,5200,8400,10000,18000,25000,30000,50188,68,82,870.4060138321522,27.585200034081936,30187.516600009985,4737.634833027815
1791065578,1000,,Aggregated,418.300000,0.000000,83,120,180,290,2800,5200,8300,10000,18000,25000,30000,50576,68,83,865.732866023568,27.585200034081936,30187.516600009985,4740.296029737425
1791065579,1000,,Aggregated,410.700000,0.000000,83,120,180,290,2700,5200,8200,10000,18000,25000,30000,50990,68,83,863.6426159542667,27.585200034081936,30187.516600009985,4738.625377525005
1791065580,1000,,Aggregated,403.900000,0.000000,82,120,170,290,2800,5200,8200,10000,18000,25000,30000,51384,68,82,862.6505168205618,27.585200034081936,30187.516600009985,4736.417639732213
1791065581,1000,,Aggregated,403.800000,0.000000,83,120,170,280,2700,5200,8100,10000,18000,25000,30000,51810,68,83,858.8692770239028,27.585200034081936,30187.516600009985,4738.382570932253
1791065582,1000,,Aggregated,403.700000,0.000000,83,120,170,280,2700,5200,8100,10000,18000,25000,30000,52205,68,83,856.4881921426854,27.585200034081936,30187.516600009985,4737.8827315391245
1791065583,1000,,Aggregated,402.400000,0.000000,83,120,170,280,2700,5200,8100,10000,18000,25000,30000,52564,68,83,855.386431533138,27.585200034081936,30187.516600009985,4736.36174948634
1791065584,1000,,Aggregated,401.600000,0.000000,83,120,170,280,2700,5100,8100,10000,18000,25000,30000,53029,68,83,851.9934967962322,27.585200034081936,30187.516600009985,4736.6469667540405
1791065585,1000,,Aggregated,401.600000,0.000000,83,120,170,280,2700,5100,8000,10000,18000,25000,30000,53456,68,83,848.8901968274356,27.585200034081936,30187.516600009985,4734.8930522298715
1791065586,1000,,Aggregated,404.400000,0.000000,83,120,170,270,2700,5100,8000,10000,18000,25000,30000,53834,68,83,845.3403895624888,27.585200034081936,30187.516600009985,4736.186443511536
1791065587,1000,,Aggregated,402.900000,0.000000,83,120,170,270,2700,5100,7900,10000,18000,25000,30000,54207,68,83,842.4517084067928,27.585200034081936,30187.516600009985,4737.064677993617
1791065588,1000,,Aggregated,399.300000,0.000000,83,120,170,270,2700,5100,7900,10000,18000,25000,30000,54647,68,83,839.7608249273978,27.585200034081936,30187.516600009985,4736.524859553132
1791065589,1000,,Aggregated,399.000000,0.000000,83,120,170,270,2700,5100,7900,10000,18000,25000,30000,55018,68,83,836.3318804738018,27.585200034081936,30187.516600009985,4738.389399832782
1791065590,1000,,Aggregated,404.800000,0.000000,83,120,170,260,2700,5100,7900,10000,18000,25000,30000,55431,68,83,834.5788935055892,27.585200034081936,30187.516600009985,4736.099745629702
1791065591,1000,,Aggregated,398.300000,0.000000,83,120,170,270,2700,5100,7800,10000,18000,25000,30000,55828,68,83,833.6475670686482,27.585200034081936,30187.516600009985,4734.417586157484
1791065592,1000,,Aggregated,401.200000,0.000000,83,120,170,260,2700,5100,7800,10000,18000,25000,30000,56211,68,83,830.4831391846463,27.585200034081936,30187.516600009985,4735.632634181921
1791065593,1000,,Aggregated,400.100000,0.000000,83,120,170,260,2700,5100,7800,10000,18000,25000,30000,56629,68,83,827.7109121281942,27.585200034081936,30187.516600009985,4735.621430715711
1791065594,1000,,Aggregated,396.700000,0.000000,83,120,170,260,2700,5100,7800,10000,18000,25000,30000,57009,68,83,825.7354732534733,27.585200034081936,30187.516600009985,4734.181602904804
1791065595,1000,,Aggregated,397.100000,0.000000,83,120,170,260,2700,5100,7800,10000,18000,25000,30000,57412,68,83,823.4330308264408,27.585200034081936,30187.516600009985,4734.278373859123
1791065596,1000,,Aggregated,395.100000,0.000000,83,120,170,260,2700,5000,7800,10000,18000,25000,30000,57811,68,83,821.8694912267023,27.585200034081936,30187.516600009985,4734.740602999429
1791065597,1000,,Aggregated,391.600000,0.000000,83,120,170,250,2700,5000,7800,10000,18000,25000,30000,58219,68,83,819.8081699360316,27.585200034081936,30187.516600009985,4735.206255689724
1791065598,1000,,Aggregated,393.300000,0.000000,83,120,170,250,2700,5000,7800,10000,18000,25000,30000,58621,68,83,816.8730270262413,27.585200034081936,30187.516600009985,4736.272308558367
1791065599,1000,,Aggregated,397.200000,0.000000,83,120,170,250,2700,5000,7800,10000,18000,25000,30000,59022,68,83,814.2921479584601,27.585200034081936,30187.516600009985,4737.367608688286
1791065600,1000,,Aggregated,394.600000,0.000000,83,120,170,250,2700,5000,7800,10000,18000,25000,30000,59443,68,83,813.3467338812712,27.585200034081936,30187.516600009985,4736.19238598321
1791065601,1000,,Aggregated,399.000000,0.000000,83,120,170,250,2700,5000,7800,10000,18000,25000,30000,59823,68,83,812.8404062718986,27.585200034081936,30187.516600009985,4736.006084616285
1791065602,1000,,Aggregated,397.400000,0.000000,83,120,170,250,2700,5000,7700,10000,18000,24000,30000,60240,68,83,810.2705518028353,27.585200034081936,30187.516600009985,4736.487732403719
1791065603,1000,,Aggregated,394.900000,0.000000,83,120,170,250,2700,5000,7700,10000,18000,24000,30000,60645,68,83,807.412400376002,27.585200034081936,30187.516600009985,4736.967202572348
1791065604,1000,,Aggregated,402.400000,0.000000,83,120,170,240,2700,5000,7700,10000,18000,24000,30000,61054,68,83,805.2015284977689,27.585200034081936,30187.516600009985,4736.271808562911
1791065605,1000,,Aggregated,399.600000,0.000000,83,120,170,240,2700,5000,7700,10000,18000,24000,30000,61484,68,83,803.4422581420163,27.585200034081936,30187.516600009985,4735.3538969488
1791065606,1000,,Aggregated,400.000000,0.000000,83,120,170,240,2700,4900,7700,10000,18000,24000,30000,61889,68,83,800.8034735462459,27.585200034081936,30187.516600009985,4735.855030780915
1791065607,1000,,Aggregated,402.900000,0.000000,83,120,170,240,2700,4900,7700,10000,18000,24000,30000,62302,68,83,798.6748088135873,27.585200034081936,30187.516600009985,4735.57283875317
1791065608,1000,,Aggregated,403.000000,0.000000,83,120,160,240,2600,4900,7700,10000,18000,24000,30000,62681,68,83,795.886350034362,27.585200034081936,30187.516600009985,4736.980392782501
1791065609,1000,,Aggregated,402.100000,0.000000,83,120,160,240,2600,4900,7600,10000,18000,24000,30000,63111,68,83,794.6089427548777,27.585200034081936,30187.516600009985,4736.118980843276
1791065610,1000,,Aggregated,400.300000,0.000000,83,120,160,240,2600,4900,7600,10000,18000,24000,30000,63520,68,83,792.5675226574781,27.585200034081936,30187.516600009985,4736.632887279597
1791065611,1000,,Aggregated,404.800000,0.000000,83,120,160,240,2600,4900,7600,10000,18000,24000,30000,63928,68,83,790.1609238549906,27.585200034081936,30187.516600009985,4737.365802152422
1791065612,1000,,Aggregated,401.600000,0.000000,83,120,160,230,2600,4900,7600,10000,17000,24000,30000,64345,68,83,787.7675460113751,27.585200034081936,30187.516600009985,4738.326490014764
1791065613,1000,,Aggregated,407.000000,0.000000,83,120,160,230,2600,4900,7600,10000,17000,24000,30000,64726,68,83,785.9082221286998,27.585200034081936,30187.516600009985,4738.167274356519
1791065614,1000,,Aggregated,398.300000,0.000000,83,120,160,230,2600,4900,7600,10000,17000,24000,30000,65133,68,83,783.8687962369687,27.585200034081936,30187.516600009985,4738.018807670459
1791065615,1000,,Aggregated,404.000000,0.000000,83,120,160,230,2600,4900,7600,10000,17000,24000,30000,65522,68,83,782.1429528326718,27.585200034081936,30187.516600009985,4737.875537987241
1791065616,1000,,Aggregated,401.700000,0.000000,83,120,160,230,2600,4900,7600,10000,17000,24000,30000,65943,68,83,780.7515726294139,27.585200034081936,30187.516600009985,4736.776306810427
1791065617,1000,,Aggregated,399.100000,0.000000,83,120,160,230,2600,4800,7600,10000,17000,24000,30000,66360,68,83,778.2821879189406,27.585200034081936,30187.516600009985,4737.637221217601
1791065618,1000,,Aggregated,400.400000,0.000000,83,120,160,230,2600,4800,7500,10000,17000,24000,30000,66764,68,83,776.2146142052663,27.585200034081936,30187.516600009985,4737.907135582051
1791065619,1000,,Aggregated,398.500000,0.000000,83,120,160,230,2600,4800,7500,10000,17000,24000,30000,67148,68,83,775.3820992285715,27.585200034081936,30187.516600009985,4736.9059242270805
1791065620,1000,,Aggregated,402.900000,0.000000,83,120,160,230,2600,4800,7500,10000,17000,24000,30000,67556,68,83,772.8716659541699,27.585200034081936,30187.516600009985,4736.93078335011
1791065621,1000,,Aggregated,396.600000,0.000000,83,120,160,230,2600,4800,7500,10000,17000,24000,30000,67974,68,83,771.2398010812914,27.585200034081936,30187.516600009985,4735.847897725601
1791065622,1000,,Aggregated,400.700000,0.000000,83,120,160,230,2600,4800,7500,10000,17000,24000,30000,68397,68,83,769.0827316870557,27.585200034081936,30187.516600009985,4736.180972849686
1791065623,1000,,Aggregated,400.200000,0.000000,83,120,160,230,2600,4800,7500,10000,17000,24000,30000,68800,68,83,766.9973048459218,27.585200034081936,30187.516600009985,4736.289549418605
1791065624,1000,,Aggregated,403.600000,0.000000,83,120,160,220,2600,4800,7500,10000,17000,24000,30000,69195,68,83,765.604535540132,27.585200034081936,30187.516600009985,4736.082766095817
1791065625,1000,,Aggregated,402.800000,0.000000,83,120,160,220,2600,4800,7500,10000,17000,24000,30000,69626,68,83,764.0678518714292,27.585200034081936,30187.516600009985,4735.252333898256
1791065626,1000,,Aggregated,404.600000,0.000000,83,120,160,220,2600,4800,7500,10000,17000,24000,30000,70022,68,83,762.6413703992991,27.585200034081936,30187.516600009985,4735.45471423267
1791065627,1000,,Aggregated,406.900000,0.000000,83,120,160,220,2600,4700,7500,9900,17000,24000,30000,70432,68,83,760.4251745371321,27.585200034081936,30187.516600009985,4735.749247501136
1791065628,1000,,Aggregated,406.000000,0.000000,83,120,160,220,2600,4700,7500,9900,17000,24000,30000,70826,68,83,759.1759456851942,22.37819996662438,30187.516600009985,4734.728602490611
1791065629,1000,,Aggregated,406.600000,0.000000,83,120,160,220,2600,4700,7400,9900,17000,24000,30000,71229,68,83,757.7368431832421,22.37819996662438,30187.516600009985,4734.412683036404
1791065630,1000,,Aggregated,407.000000,0.000000,83,120,160,220,2600,4700,7400,9900,17000,24000,30000,71645,68,83,756.0077908479268,22.37819996662438,30187.516600009985,4734.34509037616
1791065631,1000,,Aggregated,407.100000,0.000000,83,110,160,220,2600,4700,7400,9900,17000,24000,30000,72081,68,83,754.8630283694632,22.37819996662438,30187.516600009985,4733.411148568971
1791065632,1000,,Aggregated,405.100000,0.000000,83,110,160,220,2600,4700,7400,9900,17000,24000,30000,72501,68,83,752.8037016303005,22.37819996662438,30187.516600009985,4733.890139446353
1791065633,1000,,Aggregated,405.500000,0.000000,83,110,160,220,2600,4700,7400,9900,17000,24000,30000,72925,68,83,751.0240492670317,22.37819996662438,30187.516600009985,4734.708440178265
1791065634,1000,,Aggregated,408.600000,0.000000,83,110,160,220,2600,4700,7400,9900,17000,24000,30000,73323,68,83,748.9150421300092,22.37819996662438,30187.516600009985,4734.974564597739
1791065635,1000,,Aggregated,407.700000,0.000000,83,110,160,220,2600,4600,7400,9900,17000,24000,30000,73750,68,83,747.1500138521827,22.37819996662438,30187.516600009985,4734.3522169491525
1791065636,1000,,Aggregated,409.300000,0.000000,83,110,160,220,2600,4600,7300,9900,17000,24000,30000,74157,68,83,745.6937322585694,22.37819996662438,30187.516600009985,4733.6543954043445
1791065637,1000,,Aggregated,409.400000,0.000000,83,110,160,220,2600,4600,7300,9800,17000,24000,30000,74605,68,83,742.8699988257983,22.37819996662438,30187.516600009985,4734.59079150191
1791065638,1000,,Aggregated,412.000000,0.000000,84,110,160,220,2600,4600,7300,9800,17000,24000,30000,74999,68,84,740.0301208522668,22.37819996662438,30187.516600009985,4736.75427672369
1791065639,1000,,Aggregated,414.300000,0.000000,84,110,160,220,2600,4600,7300,9800,17000,24000,30000,75387,68,84,738.7400403159553,22.37819996662438,30187.516600009985,4736.2216562537305
1791065640,1000,,Aggregated,411.000000,0.000000,84,110,160,210,2600,4500,7300,9800,17000,24000,30000,75776,68,84,736.744646281127,22.37819996662438,30187.516600009985,4738.128338788007
1791065641,1000,,Aggregated,416.100000,0.000000,84,110,160,210,2600,4500,7300,9800,17000,24000,30000,76206,68,84,734.7996466550975,22.37819996662438,30187.516600009985,4738.522977193396
1791065642,1000,,Aggregated,412.900000,0.000000,84,110,160,210,2600,4500,7300,9800,17000,24000,30000,76585,68,84,734.762131053052,22.37819996662438,30187.516600009985,4737.223268264021
1791065643,1000,,Aggregated,410.000000,0.000000,84,110,160,210,2600,4500,7300,9800,17000,24000,30000,77026,68,84,732.8357986056349,22.37819996662438,30187.516600009985,4737.094967932906
1791065644,1000,,Aggregated,410.500000,0.000000,83,110,160,210,2600,4500,7300,9800,17000,24000,30000,77444,68,83,731.2193997507621,22.37819996662438,30187.516600009985,4735.930491710139
1791065645,1000,,Aggregated,406.600000,0.000000,83,110,160,210,2600,4500,7200,9700,17000,24000,30000,77860,68,83,730.2801230105018,22.37819996662438,30187.516600009985,4735.584343693809
1791065646,1000,,Aggregated,407.400000,0.000000,83,110,160,210,2500,4500,7200,9700,17000,24000,30000,78321,68,83,728.5378890629419,22.37819996662438,30187.516600009985,4736.381443035712
1791065647,1000,,Aggregated,408.300000,0.000000,83,110,160,210,2500,4500,7200,9700,17000,24000,30000,78753,68,83,726.547741984412,22.37819996662438,30187.516600009985,4736.902721166178
1791065648,1000,,Aggregated,407.100000,0.000000,84,110,160,210,2500,4400,7200,9700,17000,24000,30000,79162,68,84,723.9889982099775,22.37819996662438,30187.516600009985,4738.444847275207
1791065649,1000,,Aggregated,408.800000,0.000000,84,110,150,210,2500,4400,7200,9700,17000,24000,30000,79597,68,84,721.7994127529793,22.37819996662438,30187.516600009985,4738.841313114816
1791065650,1000,,Aggregated,412.300000,0.000000,84,110,150,210,2500,4400,7200,9600,17000,24000,30000,80024,68,84,720.0773197928132,22.37819996662438,30187.516600009985,4738.42254823553
1791065651,1000,,Aggregated,412.300000,0.000000,84,110,150,210,2500,4400,7200,9600,17000,24000,30000,80438,68,84,718.5070138951629,22.37819996662438,30187.516600009985,4738.428006663517
1791065652,1000,,Aggregated,417.300000,0.000000,84,110,150,210,2500,4400,7100,9600,17000,24000,30000,80879,68,84,716.311658860746,22.37819996662438,30187.516600009985,4738.328268153662
1791065653,1000,,Aggregated,421.800000,0.000000,84,110,160,210,2500,4400,7100,9600,17000,24000,30000,81211,68,84,715.0974803437704,22.37819996662438,30187.516600009985,4739.100331235916
1791065654,1000,,Aggregated,420.300000,0.000000,84,110,160,210,2500,4400,7100,9600,17000,24000,30000,81698,68,84,713.290100883725,22.37819996662438,30187.516600009985,4739.3653822615
1791065655,1000,,Aggregated,425.500000,0.000000,84,110,160,210,2500,4400,7100,9500,17000,24000,30000,82117,68,84,711.8899923401862,22.37819996662438,30187.516600009985,4738.894735560237
1791065656,1000,,Aggregated,420.500000,0.000000,84,110,150,210,2500,4300,7100,9500,17000,24000,30000,82542,68,84,709.960503266201,22.37819996662438,30187.516600009985,4738.834375227157
1791065657,1000,,Aggregated,421.300000,0.000000,84,110,150,210,2500,4300,7100,9500,17000,24000,30000,82995,68,84,708.689099092694,22.37819996662438,30187.516600009985,4737.5231278992715
1791065658,1000,,Aggregated,420.900000,0.000000,84,110,150,210,2500,4300,7100,9500,17000,24000,30000,83374,68,84,707.0781480497279,22.37819996662438,30187.516600009985,4737.845575359224
1791065659,1000,,Aggregated,420.500000,0.000000,84,110,150,210,2500,4300,7000,9500,17000,24000,30000,83841,68,84,704.8360677138767,22.37819996662438,30187.516600009985,4738.109731515607
1791065660,1000,,Aggregated,422.000000,0.000000,84,110,150,210,2500,4300,7000,9400,17000,24000,30000,84247,68,84,703.14064541288,22.37819996662438,30187.516600009985,4737.821204315881
1791065661,1000,,Aggregated,420.600000,0.000000,83,110,150,210,2400,4300,7000,9400,17000,24000,30000,84693,68,83,701.2860126326683,22.37819996662438,30187.516600009985,4737.515320038256
1791065662,1000,,Aggregated,421.300000,0.000000,83,110,150,210,2400,4300,6900,9400,17000,24000,30000,85160,68,83,699.6256857703157,22.37819996662438,30187.516600009985,4736.7690465007045
1791065663,1000,,Aggregated,419.400000,0.000000,83,110,150,210,2400,4200,6900,9400,17000,24000,30000,85570,68,83,697.6626733925474,22.37819996662438,30187.516600009985,4737.207724669861
1791065664,1000,,Aggregated,423.000000,0.000000,83,110,150,210,2400,4200,6900,9400,17000,24000,30000,86001,68,83,695.4562550854064,22.37819996662438,30187.516600009985,4738.206044115766
1791065665,1000,,Aggregated,426.200000,0.000000,83,110,150,200,2400,4200,6900,9400,17000,24000,30000,86473,68,83,693.3325322412783,22.37819996662438,30187.516600009985,4738.798515143455
1791065666,1000,,Aggregated,429.600000,0.000000,83,110,150,200,2400,4200,6900,9300,17000,24000,30000,86899,68,83,691.3546207700903,22.37819996662438,30187.516600009985,4738.863312581272
1791065667,1000,,Aggregated,429.800000,0.000000,83,110,150,200,2400,4200,6800,9300,17000,24000,30000,87336,68,83,689.4725041494944,22.37819996662438,30187.516600009985,4738.992935330219
1791065668,1000,,Aggregated,433.300000,0.000000,83,110,150,200,2400,4200,6800,9300,17000,24000,30000,87751,68,83,687.482024315395,22.37819996662438,30187.516600009985,4740.208954883705
1791065670,1000,,Aggregated,431.900000,0.000000,84,110,150,200,2400,4200,6800,9300,17000,24000,30000,88151,68,84,686.0156755283606,22.37819996662438,30187.516600009985,4740.396104411748
1791065671,1000,,Aggregated,432.700000,0.000000,84,110,150,200,2400,4100,6700,9300,17000,24000,30000,88657,68,84,684.8477460651783,22.37819996662438,30187.516600009985,4740.828169236495
1791065672,1000,,Aggregated,423.900000,0.000000,84,110,150,200,2400,4100,6700,9200,17000,24000,30000,89077,68,84,683.0588822064136,22.37819996662438,30187.516600009985,4740.623606542654
1791065673,1000,,Aggregated,431.700000,0.000000,84,110,150,200,2400,4100,6700,9200,17000,24000,30000,89517,68,84,681.5195182233729,22.37819996662438,30187.516600009985,4739.97063127674
1791065674,1000,,Aggregated,428.800000,0.000000,84,110,150,200,2300,4100,6700,9200,17000,24000,30000,89927,68,84,679.5118826737405,22.37819996662438,30187.516600009985,4740.357389882905
1791065675,1000,,Aggregated,426.000000,0.000000,84,110,150,200,2300,4100,6700,9100,17000,24000,30000,90367,68,84,677.6181490887255,22.37819996662438,30187.516600009985,4740.453760775505
1791065676,1000,,Aggregated,427.300000,0.000000,84,110,150,200,2300,4100,6700,9100,17000,24000,30000,90789,68,84,675.9740498408502,22.37819996662438,30187.516600009985,4741.279934793863
1791065677,1000,,Aggregated,426.300000,0.000000,84,110,150,200,2300,4100,6700,9100,17000,24000,30000,91234,68,84,674.3594888539459,22.37819996662438,30187.516600009985,4741.584979284039
1791065678,1000,,Aggregated,423.200000,0.000000,84,110,150,200,2300,4000,6700,9100,17000,24000,30000,91635,68,84,673.2101717869817,22.37819996662438,30187.516600009985,4741.1855841108745
1791065679,1000,,Aggregated,421.100000,0.000000,84,110,150,200,2300,4000,6600,9100,17000,24000,30000,92031,68,84,671.5795072095289,22.37819996662438,30187.516600009985,4741.795101650531
1791065680,1000,,Aggregated,419.800000,0.000000,84,110,150,200,2300,4000,6600,9000,17000,24000,30000,92456,68,84,670.4494813262494,22.37819996662438,30187.516600009985,4741.380970407546
1791065681,1000,,Aggregated,418.700000,0.000000,84,110,150,200,2300,4000,6600,9000,17000,24000,30000,92882,68,84,669.1702655885966,22.37819996662438,30187.516600009985,4741.5364548566995
1791065682,1000,,Aggregated,426.300000,0.000000,84,110,150,200,2300,4000,6600,9000,17000,24000,30000,93302,68,84,667.7868502111461,22.37819996662438,30187.516600009985,4741.7224068079995
1791065683,1000,,Aggregated,419.300000,0.000000,84,110,150,200,2300,3900,6600,9000,17000,24000,30000,93731,68,84,666.8138858456726,22.37819996662438,30187.516600009985,4741.4300924987465
1791065684,1000,,Aggregated,418.100000,0.000000,84,110,150,200,2300,3900,6600,9000,17000,24000,30000,94129,68,84,665.5787806680261,22.37819996662438,30187.516600009985,4741.376887038001
1791065685,1000,,Aggregated,418.100000,0.000000,84,110,150,200,2300,3900,6600,8900,17000,24000,30000,94549,68,84,664.1731577129364,22.37819996662438,30187.516600009985,4741.683920506827
1791065686,1000,,Aggregated,417.200000,0.000000,84,110,150,200,2300,3900,6600,8900,17000,24000,30000,94960,68,84,662.8269748873215,22.37819996662438,30187.516600009985,4741.633445661331
1791065687,1000,,Aggregated,415.000000,0.000000,84,110,150,200,2300,3900,6600,8900,16000,24000,30000,95382,68,84,662.3755687414788,22.37819996662438,30187.516600009985,4741.035824369378
1791065688,1000,,Aggregated,409.300000,0.000000,84,110,150,200,2300,3900,6600,8900,16000,24000,30000,95801,68,84,661.7936042254187,22.37819996662438,30187.516600009985,4740.7059842799135
1791065689,1000,,Aggregated,413.400000,0.000000,84,110,150,200,2300,3900,6600,8900,16000,24000,30000,96137,68,84,660.7725202752306,22.37819996662438,30187.516600009985,4742.343020897261
1791065690,1000,,Aggregated,415.400000,0.000000,84,110,150,200,2300,3900,6600,8900,16000,24000,30000,96557,68,84,659.2602410959223,22.37819996662438,30187.516600009985,4742.1790962850955
1791065691,1000,,Aggregated,410.500000,0.000000,84,110,150,200,2300,3800,6500,8900,16000,24000,30000,96961,68,84,658.353202539159,22.37819996662438,30187.516600009985,4742.458926784996
1791065692,1000,,Aggregated,406.100000,0.000000,84,110,150,200,2300,3800,6500,8800,16000,24000,30000,97388,68,84,658.130629060035,22.37819996662438,30187.516600009985,4741.926038115579
1791065693,1000,,Aggregated,405.100000,0.000000,84,110,150,200,2300,3800,6500,8800,16000,24000,30000,97819,68,84,657.9288061317177,22.37819996662438,30187.516600009985,4741.3572823275645
1791065694,1000,,Aggregated,407.200000,0.000000,84,110,150,200,2300,3800,6500,8800,16000,24000,30000,98271,68,84,656.2995907439515,22.37819996662438,30187.516600009985,4741.360197820313
1791065695,1000,,Aggregated,407.100000,0.000000,84,110,150,200,2300,3800,6500,8800,16000,24000,30000,98668,68,84,655.4772484999996,22.37819996662438,30187.516600009985,4740.891849434467
1791065696,1000,,Aggregated,409.500000,0.000000,84,110,150,200,2200,3800,6500,8800,16000,24000,30000,99095,68,84,653.9495397638365,22.37819996662438,30187.516600009985,4741.619254250972
1791065697,1000,,Aggregated,409.000000,0.000000,84,110,150,200,2200,3800,6500,8800,16000,24000,30000,99544,68,84,653.1091495840784,22.37819996662438,30187.516600009985,4740.303242787109
1791065698,1000,,Aggregated,415.500000,0.000000,84,110,150,200,2200,3800,6500,8800,16000,24000,30000,100020,68,84,651.9974594490857,22.37819996662438,30187.516600009985,4740.273855228954
1791065699,1000,,Aggregated,416.100000,0.000000,84,110,150,200,2200,3800,6500,8800,16000,24000,30000,100449,68,84,650.6080000527404,22.37819996662438,30187.516600009985,4740.690171131619
1791065700,1000,,Aggregated,413.700000,0.000000,84,110,150,200,2200,3800,6400,8800,16000,24000,30000,100877,68,84,649.0669993328216,22.37819996662438,30187.516600009985,4741.029203881955
1791065701,1000,,Aggregated,423.700000,0.000000,84,110,150,200,2200,3700,6400,8700,16000,24000,30000,101331,68,84,647.5529246686294,22.37819996662438,30187.516600009985,4741.498100285204
1791065702,1000,,Aggregated,425.800000,0.000000,84,110,150,200,2200,3700,6400,8700,16000,24000,30000,101753,68,84,646.0150906479092,22.37819996662438,30187.516600009985,4741.418906567866
1791065703,1000,,Aggregated,430.000000,0.000000,84,110,150,200,2200,3700,6400,8700,16000,24000,30000,102211,68,84,644.4067485554046,22.37819996662438,30187.516600009985,4741.678968017141
1791065704,1000,,Aggregated,429.300000,0.000000,84,110,150,200,2200,3700,6400,8700,16000,24000,30000,102664,68,84,643.2357316897571,22.37819996662438,30187.516600009985,4741.08441128341
1791065705,1000,,Aggregated,429.200000,0.000000,84,110,150,200,2100,3700,6400,8700,16000,24000,30000,103089,68,84,641.412645026115,22.37819996662438,30187.516600009985,4741.464782857531
1791065706,1000,,Aggregated,431.500000,0.000000,84,110,150,200,2100,3700,6300,8600,16000,24000,30000,103529,68,84,639.5450876652624,22.37819996662438,30187.516600009985,4742.132880642139
1791065707,1000,,Aggregated,434.600000,0.000000,84,110,150,200,2100,3600,6300,8600,16000,24000,30000,103963,68,84,637.9586712455132,22.37819996662438,30187.516600009985,4742.882159999231
1791065708,1000,,Aggregated,434.700000,0.000000,84,110,150,190,2100,3600,6300,8600,16000,24000,30000,104382,68,84,636.559724402652,22.37819996662438,30187.516600009985,4743.414362629572
1791065709,1000,,Aggregated,434.100000,0.000000,84,110,150,190,2100,3600,6300,8600,16000,24000,30000,104829,68,84,635.131608684592,22.37819996662438,30187.516600009985,4744.443455532343
1791065710,1000,,Aggregated,434.800000,0.000000,84,110,150,190,2100,3600,6300,8600,16000,24000,30000,105255,68,84,633.5621578138507,22.37819996662438,30187.516600009985,4745.812740487388
1791065711,1000,,Aggregated,433.100000,0.000000,84,110,150,190,2100,3600,6300,8500,16000,24000,30000,105685,68,84,632.5299788465471,22.37819996662438,30187.516600009985,4746.27273501443
1791065712,1000,,Aggregated,434.900000,0.000000,84,110,150,190,2100,3600,6200,8500,16000,24000,30000,106109,68,84,631.4063852321478,22.37819996662438,30187.516600009985,4746.29508335768
1791065713,1000,,Aggregated,432.200000,0.000000,84,110,150,190,2100,3600,6200,8500,16000,24000,30000,106500,68,84,629.9893255248624,22.37819996662438,30187.516600009985,4747.023624413146
1791065714,1000,,Aggregated,435.400000,0.000000,84,110,150,190,2100,3600,6200,8500,16000,24000,30000,106946,68,84,628.7186072494296,22.37819996662438,30187.516600009985,4747.56013315131
1791065715,1000,,Aggregated,427.900000,0.000000,84,110,150,190,2100,3500,6200,8500,16000,24000,30000,107323,68,84,628.2777151067147,22.37819996662438,30187.516600009985,4746.934273175368
1791065716,1000,,Aggregated,427.700000,0.000000,84,110,150,190,2000,3500,6200,8400,16000,24000,30000,107765,68,84,627.3785153797367,22.37819996662438,30187.516600009985,4747.218020693175
1791065717,1000,,Aggregated,422.900000,0.000000,84,110,150,190,2000,3500,6200,8400,16000,24000,30000,108183,68,84,626.725058828999,22.37819996662438,30187.516600009985,4746.857472985589
1791065718,1000,,Aggregated,420.300000,0.000000,84,110,150,190,2000,3500,6200,8400,16000,24000,30000,108618,68,84,625.8619933528316,22.37819996662438,30187.516600009985,4746.028577215563
1791065719,1000,,Aggregated,418.400000,0.000000,84,110,150,190,2000,3500,6200,8400,16000,24000,30000,109048,68,84,624.6282514112902,22.37819996662438,30187.516600009985,4746.033077177023
1791065720,1000,,Aggregated,420.800000,0.000000,84,110,150,190,2000,3500,6200,8400,16000,24000,30000,109450,68,84,623.9560974709799,22.37819996662438,30187.516600009985,4746.226386477843
1791065721,1000,,Aggregated,419.700000,0.000000,84,110,150,190,2000,3500,6100,8400,16000,24000,30000,109923,68,84,622.6695810831155,22.37819996662438,30187.516600009985,4745.3652374844205
1791065722,1000,,Aggregated,416.800000,0.000000,84,110,150,190,2000,3500,6100,8400,16000,24000,30000,110357,68,84,621.1917361073546,22.37819996662438,30187.516600009985,4745.551809128556
1791065723,1000,,Aggregated,421.300000,0.000000,84,110,150,190,2000,3500,6100,8300,16000,24000,30000,110756,68,84,619.787459811654,22.37819996662438,30187.516600009985,4746.63626349814
1791065724,1000,,Aggregated,416.700000,0.000000,84,110,150,190,2000,3500,6100,8300,16000,24000,30000,111193,68,84,618.9617677488648,22.37819996662438,30187.516600009985,4746.476729650248
1791065725,1000,,Aggregated,420.800000,0.000000,84,110,150,190,2000,3500,6100,8200,16000,24000,30000,111629,68,84,617.9007944261765,22.37819996662438,30187.516600009985,4746.946375941736
1791065726,1000,,Aggregated,420.100000,0.000000,84,110,150,190,2000,3500,6100,8200,16000,24000,30000,112028,68,84,616.6607866265598,22.37819996662438,30187.516600009985,4746.5873888670685
1791065727,1000,,Aggregated,425.100000,0.000000,84,110,150,190,1900,3500,6100,8200,16000,24000,30000,112486,68,84,615.5980610387049,22.37819996662438,30187.516600009985,4746.869485980477
1791065728,1000,,Aggregated,426.800000,0.000000,84,110,150,190,1900,3400,6000,8200,16000,24000,30000,112877,68,84,614.5739419252765,22.37819996662438,30187.516600009985,4747.165950547942
1791065729,1000,,Aggregated,426.900000,0.000000,84,110,150,190,1900,3400,6000,8200,16000,24000,30000,113312,68,84,613.3418335842616,22.37819996662438,30187.516600009985,4747.585604349054
1791065730,1000,,Aggregated,422.500000,0.000000,85,110,150,190,1900,3400,6000,8100,16000,24000,30000,113731,68,85,612.2816157388916,22.37819996662438,30187.516600009985,4747.60381074641
1791065731,1000,,Aggregated,423.200000,0.000000,85,110,150,190,1900,3400,6000,8100,15000,24000,30000,114174,68,85,611.5921714584721,22.37819996662438,30187.516600009985,4747.1359591500695
1791065732,1000,,Aggregated,425.900000,0.000000,84,110,150,190,1900,3400,6000,8100,15000,24000,30000,114631,68,84,611.0451205467909,22.37819996662438,30187.516600009985,4746.649806771292
1791065733,1000,,Aggregated,420.300000,0.000000,84,110,150,190,1900,3400,6000,8100,15000,24000,30000,115048,68,84,609.9825560644156,22.37819996662438,30187.516600009985,4746.618507057924
1791065734,1000,,Aggregated,423.400000,0.000000,84,110,150,190,1900,3400,6000,8100,15000,24000,30000,115507,68,84,608.5927071553981,22.37819996662438,30187.516600009985,4746.693291315678
1791065735,1000,,Aggregated,429.600000,0.000000,84,110,150,190,1900,3400,6000,8100,15000,24000,30000,115885,68,84,607.4296873952535,22.37819996662438,30187.516600009985,4747.214272770419
1791065736,1000,,Aggregated,428.500000,0.000000,85,110,150,190,1900,3400,6000,8100,15000,24000,30000,116258,68,85,606.8122822781966,22.37819996662438,30187.516600009985,4747.254872782948
1791065737,1000,,Aggregated,427.600000,0.000000,85,110,150,190,1900,3400,6000,8000,15000,24000,30000,116745,68,85,605.5643447368072,22.37819996662438,30187.516600009985,4747.6466401130665
1791065738,1000,,Aggregated,424.200000,0.000000,85,110,150,190,1900,3400,5900,8000,15000,24000,30000,117161,68,85,604.7885642150344,22.37819996662438,30187.516600009985,4747.23480509726
1791065739,1000,,Aggregated,422.200000,0.000000,85,110,150,190,1900,3400,5900,8000,15000,24000,30000,117589,68,85,603.9313037698885,22.37819996662438,30187.516600009985,4747.366445841022
1791065740,1000,,Aggregated,426.600000,0.000000,85,110,150,190,1900,3400,5900,8000,15000,24000,30000,117982,68,85,602.8483828024418,22.37819996662438,30187.516600009985,4747.999652489363
1791065741,1000,,Aggregated,422.900000,0.000000,85,110,150,190,1900,3400,5900,8000,15000,24000,30000,118423,68,85,601.9947531028452,22.37819996662438,30187.516600009985,4748.389105156937
1791065742,1000,,Aggregated,426.100000,0.000000,85,110,150,190,1900,3400,5900,8000,15000,24000,30000,118853,68,85,601.5341485524028,22.37819996662438,30187.516600009985,4747.579160812095
1791065743,1000,,Aggregated,422.400000,0.000000,85,110,150,190,1900,3400,5900,7900,15000,24000,30000,119259,68,85,600.7759230439476,22.37819996662438,30187.516600009985,4747.336922161011
1791065744,1000,,Aggregated,423.700000,0.000000,85,110,150,190,1900,3400,5900,7900,15000,24000,30000,119715,68,85,599.4911248222749,22.37819996662438,30187.516600009985,4747.398446309986
1791065745,1000,,Aggregated,418.800000,0.000000,85,110,150,190,1900,3400,5900,7900,15000,23000,30000,120132,68,85,599.0460200928845,22.37819996662438,30187.516600009985,4747.383644657543
1791065746,1000,,Aggregated,418.300000,0.000000,85,110,150,190,1900,3400,5900,7900,15000,23000,30000,120538,68,85,598.2459221440375,22.37819996662438,30187.516600009985,4747.996424364101
1791065747,1000,,Aggregated,418.600000,0.000000,85,110,150,190,1800,3300,5900,7900,15000,23000,30000,120966,68,85,597.1053269331663,22.37819996662438,30187.516600009985,4748.195724418431
1791065748,1000,,Aggregated,420.500000,0.000000,85,110,150,190,1800,3300,5900,7900,15000,23000,30000,121425,68,85,596.2682328877687,22.37819996662438,30187.516600009985,4748.465365451925
1791065749,1000,,Aggregated,421.900000,0.000000,85,110,150,190,1800,3300,5800,7900,15000,23000,30000,121851,68,85,595.7553373464061,22.37819996662438,30187.516600009985,4748.128673543918
1791065750,1000,,Aggregated,415.000000,0.000000,85,110,150,190,1800,3300,5800,7900,15000,23000,30000,122275,68,85,594.7246379382295,22.37819996662438,30187.516600009985,4748.224567573094
1791065751,1000,,Aggregated,422.500000,0.000000,85,110,150,190,1800,3300,5800,7900,15000,23000,30000,122691,68,85,593.8520261445133,22.37819996662438,30187.516600009985,4748.521790514382
1791065752,1000,,Aggregated,419.000000,0.000000,85,110,150,190,1800,3300,5800,7800,15000,23000,30000,123174,68,85,593.0561386339291,22.37819996662438,30187.516600009985,4748.267775666943
1791065753,1000,,Aggregated,424.600000,0.000000,85,110,150,190,1800,3300,5800,7800,15000,23000,30000,123597,68,85,592.5069910596184,22.37819996662438,30187.516600009985,4748.10592490109
1791065754,1000,,Aggregated,418.800000,0.000000,85,110,150,190,1800,3300,5800,7800,15000,23000,30000,124065,68,85,591.3273498440055,22.37819996662438,30187.516600009985,4748.366348285173
1791065755,1000,,Aggregated,424.500000,0.000000,85,110,150,190,1800,3300,5800,7800,15000,23000,30000,124476,68,85,590.1821574495923,22.37819996662438,30187.516600009985,4748.79279539831
1791065756,1000,,Aggregated,423.500000,0.000000,85,110,150,190,1800,3300,5800,7800,15000,23000,30000,124887,68,85,589.0651316902143,22.37819996662438,30187.516600009985,4748.988917981856
1791065757,1000,,Aggregated,426.100000,0.000000,85,110,150,190,1800,3300,5800,7800,15000,23000,30000,125312,68,85,588.0860116445034,22.37819996662438,30187.516600009985,4749.535168220123
1791065758,1000,,Aggregated,426.800000,0.000000,85,110,150,190,1800,3300,5800,7800,15000,23000,30000,125696,68,85,587.3507753301319,22.37819996662438,30187.516600009985,4749.75820232943
1791065759,1000,,Aggregated,425.800000,0.000000,85,110,150,190,1800,3300,5800,7800,15000,23000,30000,126101,68,85,586.4576266191158,22.37819996662438,30187.516600009985,4750.336944195526
1791065760,1000,,Aggregated,429.500000,0.000000,85,110,150,190,1800,3300,5700,7800,15000,23000,30000,126409,68,85,585.7922194092015,22.37819996662438,30187.516600009985,4751.163010545135
1791065762,1000,,Aggregated,421.800000,0.000000,85,110,150,190,1800,3300,5700,7800,15000,23000,30000,126817,68,85,585.1427118524963,22.37819996662438,30187.516600009985,4752.369556132065
1791065763,1000,,Aggregated,406.500000,0.000000,85,110,150,190,1800,3300,5700,7800,15000,23000,30000,127184,68,85,584.790745112583,22.37819996662438,30187.516600009985,4752.384726066171
1791065764,1000,,Aggregated,408.000000,0.000000,85,110,150,190,1800,3300,5700,7800,15000,23000,30000,127554,68,85,585.1477607342686,22.37819996662438,30187.516600009985,4751.986296000126
1791065765,1000,,Aggregated,396.700000,0.000000,85,110,150,190,1800,3300,5800,7800,15000,23000,30000,127962,68,85,586.4947312092611,22.37819996662438,30187.516600009985,4750.749324018067
1791065766,1000,,Aggregated,391.800000,0.000000,85,110,150,190,1800,3300,5800,7800,15000,23000,30000,128372,68,85,586.8851166025231,22.37819996662438,30187.516600009985,4749.491532421401
1791065767,1000,,Aggregated,386.800000,0.000000,85,110,150,190,1800,3300,5800,7800,15000,23000,30000,128798,68,85,586.8199217619785,22.37819996662438,30187.516600009985,4749.535644963431
1791065768,1000,,Aggregated,385.500000,0.000000,85,110,150,190,1800,3300,5800,7800,15000,23000,30000,129231,68,85,586.5544388343354,22.37819996662438,30187.516600009985,4749.4225998405955
1791065769,1000,,Aggregated,387.900000,0.000000,85,110,150,190,1800,3300,5800,7800,15000,23000,30000,129628,68,85,585.8978832034779,22.37819996662438,30187.516600009985,4749.413575770667
1791065770,1000,,Aggregated,388.100000,0.000000,85,110,150,190,1800,3300,5700,7800,15000,22000,30000,130061,68,85,585.4940427845463,22.37819996662438,30187.516600009985,4749.778119497774
1791065771,1000,,Aggregated,389.700000,0.000000,85,110,150,190,1800,3300,5700,7800,15000,22000,30000,130495,68,85,585.8750527606528,22.37819996662438,30187.516600009985,4749.381324954979
1791065772,1000,,Aggregated,391.600000,0.000000,85,110,150,190,1800,3300,5700,7800,15000,22000,30000,130924,68,85,585.1941159184075,22.37819996662438,30187.516600009985,4749.3976963734685
1791065773,1000,,Aggregated,404.800000,0.000000,85,110,150,190,1800,3300,5700,7800,15000,22000,30000,131367,68,85,584.6239147556166,22.37819996662438,30187.516600009985,4748.725654083598
1791065774,1000,,Aggregated,404.000000,0.000000,85,110,150,190,1800,3300,5700,7800,15000,22000,30000,131785,68,85,583.8324920491741,22.37819996662438,30187.516600009985,4749.1656030655995
1791065775,1000,,Aggregated,413.100000,0.000000,85,110,150,190,1800,3300,5700,7700,15000,22000,30000,132202,68,85,582.9317982579698,22.37819996662438,30187.516600009985,4749.053501459887
1791065776,1000,,Aggregated,418.100000,0.000000,85,110,150,190,1800,3300,5700,7700,15000,22000,30000,132625,68,85,582.3277128060473,22.37819996662438,30187.516600009985,4748.587634307258
1791065777,1000,,Aggregated,417.400000,0.000000,85,110,150,190,1800,3300,5700,7700,15000,22000,30000,133035,68,85,581.4420883865308,22.37819996662438,30187.516600009985,4748.78957417221
1791065778,1000,,Aggregated,419.800000,0.000000,85,110,150,190,1800,3300,5700,7700,15000,22000,30000,133451,68,85,581.0327554390902,22.37819996662438,30187.516600009985,4748.171381256042
1791065779,1000,,Aggregated,416.400000,0.000000,85,110,150,190,1800,3300,5700,7700,15000,22000,30000,133872,68,85,580.2602288970171,22.37819996662438,30187.516600009985,4748.025262937732
1791065780,1000,,Aggregated,417.400000,0.000000,85,110,150,190,1800,3300,5700,7700,15000,22000,30000,134278,68,85,580.0985460812747,22.37819996662438,30187.516600009985,4747.492597447087
1791065781,1000,,Aggregated,415.800000,0.000000,85,110,150,190,1800,3300,5700,7700,15000,22000,30000,134736,68,85,579.6679034994423,22.37819996662438,30187.516600009985,4747.441077366108
1791065782,1000,,Aggregated,418.400000,0.000000,85,110,150,190,1800,3300,5700,7700,15000,22000,30000,135139,68,85,578.9085403399608,22.37819996662438,30187.516600009985,4747.7516557026465
1791065783,1000,,Aggregated,418.200000,0.000000,85,110,150,190,1800,3300,5700,7700,15000,22000,30000,135575,68,85,578.2228780955328,22.37819996662438,30187.516600009985,4747.448128342246
1791065784,1000,,Aggregated,420.500000,0.000000,85,110,150,180,1800,3300,5600,7700,15000,22000,30000,136016,68,85,577.3903614685107,22.37819996662438,30187.516600009985,4747.442367074462
1791065785,1000,,Aggregated,418.700000,0.000000,85,110,150,180,1800,3200,5600,7700,15000,22000,30000,136447,68,85,576.4945035090607,22.37819996662438,30187.516600009985,4747.7714277338455
1791065786,1000,,Aggregated,419.600000,0.000000,85,110,150,180,1800,3200,5600,7700,15000,22000,30000,136876,68,85,575.8142054859892,22.37819996662438,30187.516600009985,4747.4646979748095
1791065787,1000,,Aggregated,421.800000,0.000000,85,110,150,180,1800,3200,5600,7700,15000,22000,30000,137295,68,85,575.3658404989246,22.37819996662438,30187.516600009985,4746.977646673222
1791065788,1000,,Aggregated,422.500000,0.000000,85,110,150,190,1800,3200,5600,7700,15000,22000,30000,137765,68,85,574.7437654890578,22.37819996662438,30187.516600009985,4748.113925888288
1791065789,1000,,Aggregated,425.600000,0.000000,85,110,150,190,1700,3200,5600,7700,15000,22000,30000,138198,68,85,574.1104785141551,22.37819996662438,30187.516600009985,4748.129951229395
1791065790,1000,,Aggregated,423.900000,0.000000,85,110,150,190,1700,3200,5600,7700,15000,22000,30000,138637,68,85,573.3720837424354,22.37819996662438,30187.516600009985,4747.519226469124
1791065791,1000,,Aggregated,427.100000,0.000000,85,110,150,190,1700,3200,5600,7600,15000,22000,30000,139082,68,85,572.3169864720124,22.37819996662438,30187.516600009985,4747.678312074891
1791065792,1000,,Aggregated,427.400000,0.000000,85,110,150,190,1700,3200,5600,7600,15000,22000,30000,139493,68,85,571.3767753027098,22.37819996662438,30187.516600009985,4748.840113840838
1791065793,1000,,Aggregated,428.500000,0.000000,85,110,150,180,1700,3200,5600,7600,15000,22000,30000,139898,68,85,570.4825379633746,22.37819996662438,30187.516600009985,4749.183426496447
1791065794,1000,,Aggregated,428.100000,0.000000,85,110,150,180,1700,3200,5600,7600,15000,22000,30000,140329,68,85,569.566321396156,22.37819996662438,30187.516600009985,4749.268476223731
1791065795,1000,,Aggregated,425.400000,0.000000,85,110,150,180,1700,3200,5600,7600,15000,22000,30000,140770,68,85,569.2021758819448,22.37819996662438,30187.516600009985,4748.54917951268
1791065796,1000,,Aggregated,424.700000,0.000000,85,110,150,180,1700,3200,5600,7600,15000,22000,30000,141212,68,85,568.5736774863378,22.37819996662438,30187.516600009985,4748.7602186783
1791065797,1000,,Aggregated,425.500000,0.000000,85,110,150,180,1700,3200,5600,7600,15000,22000,30000,141676,68,85,567.5640029969819,22.37819996662438,30187.516600009985,4749.119498009543
1791065798,1000,,Aggregated,428.300000,0.000000,85,110,150,180,1700,3200,5600,7600,15000,22000,30000,142071,68,85,566.8897667117142,22.37819996662438,30187.516600009985,4749.109909833815
1791065799,1000,,Aggregated,429.800000,0.000000,85,110,150,180,1700,3200,5600,7600,15000,22000,30000,142507,68,85,566.1463415607656,22.37819996662438,30187.516600009985,4749.187275011052
1791065800,1000,,Aggregated,431.000000,0.000000,85,110,150,180,1700,3200,5600,7600,15000,22000,30000,142915,68,85,565.2762772913928,22.37819996662438,30187.516600009985,4750.353706748767
1791065801,1000,,Aggregated,430.700000,0.000000,85,110,150,180,1700,3200,5600,7600,15000,22000,30000,143345,68,85,564.9689600830116,22.37819996662438,30187.516600009985,4749.557389514807
1791065802,1000,,Aggregated,424.000000,0.000000,85,110,150,180,1700,3200,5500,7600,15000,22000,30000,143763,68,85,564.5210190904431,22.37819996662438,30187.516600009985,4749.272907493583
1791065803,1000,,Aggregated,423.400000,0.000000,85,110,150,180,1700,3200,5500,7600,15000,22000,30000,144196,68,85,564.4245881855169,22.37819996662438,30187.516600009985,4748.37064828428
1791065804,1000,,Aggregated,423.300000,0.000000,85,110,150,180,1700,3200,5500,7600,15000,22000,30000,144634,68,85,563.8160228908732,22.37819996662438,30187.516600009985,4748.699766306678
1791065805,1000,,Aggregated,424.600000,0.000000,85,110,150,180,1700,3200,5500,7600,15000,22000,30000,145062,68,85,563.372919673656,22.37819996662438,30187.516600009985,4748.146730363569
1791065806,1000,,Aggregated,423.100000,0.000000,85,110,150,180,1700,3200,5500,7600,15000,22000,30000,145527,68,85,562.4439404825207,22.37819996662438,30187.516600009985,4748.275295993183
1791065807,1000,,Aggregated,425.800000,0.000000,85,110,150,180,1700,3200,5500,7500,15000,22000,30000,145944,68,85,561.7996264094392,22.37819996662438,30187.516600009985,4748.074405251329
1791065808,1000,,Aggregated,423.300000,0.000000,85,110,150,180,1700,3100,5500,7500,15000,22000,30000,146353,68,85,560.8602027508736,22.37819996662438,30187.516600009985,4748.6900917644325
1791065809,1000,,Aggregated,423.600000,0.000000,85,110,150,180,1700,3100,5500,7500,15000,22000,30000,146828,68,85,559.9745353079692,22.37819996662438,30187.516600009985,4748.756531451767
1791065810,1000,,Aggregated,421.600000,0.000000,85,110,140,180,1700,3100,5500,7500,15000,22000,30000,147255,68,85,559.250552388024,22.37819996662438,30187.516600009985,4748.820074021256
1791065811,1000,,Aggregated,422.900000,0.000000,85,110,140,180,1600,3100,5500,7500,15000,22000,30000,147707,68,85,558.654937556777,22.37819996662438,30187.516600009985,4748.749077565722
1791065812,1000,,Aggregated,429.800000,0.000000,85,110,150,180,1600,3100,5500,7500,15000,22000,30000,148142,68,85,558.0874344264187,22.37819996662438,30187.516600009985,4748.804923654332
1791065813,1000,,Aggregated,429.300000,0.000000,85,110,140,180,1600,3100,5500,7500,15000,22000,30000,148583,68,85,557.3011343686655,22.37819996662438,30187.516600009985,4749.456525982111
1791065814,1000,,Aggregated,432.300000,0.000000,85,110,140,180,1600,3100,5500,7500,15000,22000,30000,149023,68,85,556.5866551773818,22.37819996662438,30187.516600009985,4749.455822255625
1791065815,1000,,Aggregated,430.900000,0.000000,85,110,140,180,1600,3100,5500,7500,15000,22000,30000,149518,68,85,555.8578099265583,22.37819996662438,30187.516600009985,4748.831558742091
1791065816,1000,,Aggregated,434.600000,0.000000,85,110,140,180,1600,3100,5500,7500,15000,22000,30000,149907,68,85,554.9600788295363,22.37819996662438,30187.516600009985,4748.775834350631
1791065817,1000,,Aggregated,434.900000,0.000000,86,110,140,180,1600,3100,5400,7500,15000,22000,30000,150377,68,86,553.7135171382583,22.37819996662438,30187.516600009985,4749.738251195329
1791065818,1000,,Aggregated,436.700000,0.000000,86,110,140,180,1600,3100,5400,7500,15000,22000,30000,150777,68,86,552.95416277151,22.37819996662438,30187.516600009985,4749.953534027073
1791065819,1000,,Aggregated,433.900000,0.000000,86,110,140,180,1600,3100,5400,7500,15000,22000,30000,151249,68,86,552.7392941520283,22.37819996662438,30187.516600009985,4748.7244940462415
1791065820,1000,,Aggregated,438.000000,0.000000,86,110,140,180,1600,3100,5400,7500,15000,22000,30000,151697,68,86,551.8662032841795,22.37819996662438,30187.516600009985,4749.49271903861
1791065821,1000,,Aggregated,435.200000,0.000000,86,110,140,180,1600,3100,5400,7500,15000,22000,30000,152150,68,86,551.2383525862641,22.37819996662438,30187.516600009985,4749.4964968780805
1791065822,1000,,Aggregated,430.500000,0.000000,86,110,140,180,1600,3100,5400,7500,15000,22000,30000,152559,68,86,550.5895731028708,22.37819996662438,30187.516600009985,4749.5126213464955
1791065823,1000,,Aggregated,431.700000,0.000000,86,110,140,180,1600,3100,5400,7500,15000,22000,30000,152972,68,86,549.7184927816954,22.37819996662438,30187.516600009985,4750.396392803912
1791065824,1000,,Aggregated,431.800000,0.000000,86,110,140,180,1600,3100,5400,7500,15000,22000,30000,153389,68,86,549.3663082013823,22.37819996662438,30187.516600009985,4749.673803206228
1791065825,1000,,Aggregated,429.800000,0.000000,86,110,140,180,1600,3100,5400,7400,15000,22000,30000,153738,68,86,548.9910611937308,22.37819996662438,30187.516600009985,4750.139997918537
1791065826,1000,,Aggregated,430.000000,0.000000,86,110,140,180,1600,3100,5400,7400,15000,22000,30000,154163,68,86,548.7475063912917,22.37819996662438,30187.516600009985,4749.803208292522
1791065827,1000,,Aggregated,423.400000,0.000000,86,110,140,180,1600,3100,5400,7400,15000,22000,30000,154606,68,86,548.7260604717877,22.37819996662438,30187.516600009985,4749.650194688434
1791065828,1000,,Aggregated,415.500000,0.000000,86,110,140,180,1600,3100,5400,7400,15000,22000,30000,154990,68,86,548.4936517239843,22.37819996662438,30187.516600009985,4750.41426543648
1791065829,1000,,Aggregated,413.300000,0.000000,86,110,140,180,1600,3100,5400,7400,15000,22000,30000,155425,68,86,548.4041065768089,22.37819996662438,30187.516600009985,4750.028097152967
1791065830,1000,,Aggregated,411.100000,0.000000,86,110,140,180,1600,3100,5400,7400,15000,22000,30000,155817,68,86,548.2823041600146,22.37819996662438,30187.516600009985,4749.725107016564
1791065831,1000,,Aggregated,410.300000,0.000000,86,110,140,180,1600,3000,5400,7400,15000,22000,30000,156276,68,86,547.8008952750314,22.37819996662438,30187.516600009985,4749.693977322174
1791065832,1000,,Aggregated,412.500000,0.000000,86,110,140,180,1600,3000,5400,7400,15000,22000,30000,156692,68,86,547.4983743216042,22.37819996662438,30187.516600009985,4748.972136420493
1791065833,1000,,Aggregated,408.700000,0.000000,86,110,140,180,1600,3000,5400,7400,15000,22000,30000,157104,68,86,547.0140983463269,22.37819996662438,30187.516600009985,4749.650397189123
1791065834,1000,,Aggregated,408.600000,0.000000,86,110,140,180,1600,3000,5400,7400,15000,22000,30000,157537,68,86,546.6892113516292,22.37819996662438,30187.516600009985,4749.690745666097
1791065835,1000,,Aggregated,409.800000,0.000000,86,110,140,180,1600,3000,5400,7400,15000,22000,30000,157976,68,86,546.2610564035115,22.37819996662438,30187.516600009985,4748.887647490758
1791065836,1000,,Aggregated,408.800000,0.000000,86,110,140,180,1600,3000,5400,7400,15000,22000,30000,158425,68,86,545.8609326937116,22.37819996662438,30187.516600009985,4749.283029824838
1791065837,1000,,Aggregated,410.800000,0.000000,86,110,150,180,1600,3000,5400,7400,15000,22000,30000,158848,68,86,545.0260984488376,22.37819996662438,30187.516600009985,4749.8466143734895
1791065838,1000,,Aggregated,416.300000,0.000000,86,110,140,180,1600,3000,5400,7400,15000,22000,30000,159258,68,86,544.3582020897015,22.37819996662438,30187.516600009985,4750.456868728729
1791065839,1000,,Aggregated,421.500000,0.000000,86,110,150,180,1600,3000,5400,7400,15000,22000,30000,159638,68,86,543.9416783798525,22.37819996662438,30187.516600009985,4750.801338027287
1791065841,1000,,Aggregated,423.600000,0.000000,86,110,150,180,1600,3000,5300,7400,15000,22000,30000,160081,68,86,543.6745933958643,22.37819996662438,30187.516600009985,4750.352815137337
1791065842,1000,,Aggregated,418.800000,0.000000,86,110,150,180,1600,3000,5300,7400,15000,22000,30000,160491,68,86,543.4778050763223,22.37819996662438,30187.516600009985,4750.144886629157
1791065843,1000,,Aggregated,421.900000,0.000000,86,110,140,180,1600,3000,5300,7400,15000,22000,30000,160920,68,86,543.1645931941619,22.37819996662438,30187.516600009985,4750.01604523987
1791065844,1000,,Aggregated,418.100000,0.000000,86,110,140,180,1600,3000,5300,7400,15000,22000,30000,161353,68,86,542.6409844694808,22.37819996662438,30187.516600009985,4750.131940527911
1791065845,1000,,Aggregated,420.400000,0.000000,86,110,140,180,1600,3000,5300,7300,15000,22000,30000,161780,68,86,542.3267955217168,22.37819996662438,30187.516600009985,4750.030071702312
1791065846,1000,,Aggregated,420.500000,0.000000,86,110,140,180,1600,3000,5300,7300,15000,22000,30000,162197,68,86,541.8357968273342,22.37819996662438,30187.516600009985,4750.39624037436
1791065847,1000,,Aggregated,422.000000,0.000000,86,110,140,180,1600,3000,5300,7300,15000,22000,30000,162612,68,86,541.155175726904,22.37819996662438,30187.516600009985,4750.484988807714
1791065848,1000,,Aggregated,419.900000,0.000000,86,110,140,180,1600,3000,5300,7300,15000,22000,30000,163020,68,86,540.9262556704928,22.37819996662438,30187.516600009985,4750.2526929211135
1791065849,1000,,Aggregated,415.600000,0.000000,86,110,140,180,1600,3000,5300,7300,15000,22000,30000,163413,68,86,540.5959387582619,22.37819996662438,30187.516600009985,4750.335793357934
1791065850,1000,,Aggregated,414.700000,0.000000,86,110,140,180,1600,3000,5300,7300,15000,22000,30000,163844,68,86,540.2497764587248,22.37819996662438,30187.516600009985,4750.046513756988
1791065851,1000,,Aggregated,412.000000,0.000000,86,110,140,180,1600,3000,5300,7300,15000,22000,30000,164233,68,86,540.2267884304777,22.37819996662438,30187.516600009985,4749.690683358399
1791065852,1000,,Aggregated,417.600000,0.000000,86,110,140,180,1600,3000,5300,7300,15000,22000,30000,164654,68,86,539.5850065464725,22.37819996662438,30187.516600009985,4749.7388766747235
1791065853,1000,,Aggregated,412.900000,0.000000,86,110,140,180,1600,3000,5300,7300,15000,22000,30000,165041,68,86,540.0767996667663,22.37819996662438,30187.516600009985,4748.827479232433
1791065854,1000,,Aggregated,412.900000,0.000000,86,110,140,180,1600,3000,5300,7300,15000,22000,30000,165510,68,86,539.6512894665138,22.37819996662438,30187.516600009985,4749.680943749622
1791065855,1000,,Aggregated,408.600000,0.000000,86,110,140,180,1600,3000,5300,7300,15000,22000,30000,165945,68,86,539.3877659881404,22.37819996662438,30187.516600009985,4749.1696525957395
1791065856,1000,,Aggregated,410.200000,0.000000,86,110,140,180,1600,3000,5300,7300,15000,22000,30000,166391,68,86,539.0528847972668,22.37819996662438,30187.516600009985,4749.123227818813
1791065857,1000,,Aggregated,410.600000,0.000000,86,110,140,180,1600,3000,5300,7300,15000,22000,30000,166823,68,86,538.4480083897408,22.37819996662438,30187.516600009985,4749.2102707660215
1791065858,1000,,Aggregated,414.200000,0.000000,86,110,140,180,1600,3000,5300,7300,15000,22000,30000,167262,68,86,538.1285942676843,22.37819996662438,30187.516600009985,4748.626723344214
1791065859,1000,,Aggregated,417.500000,0.000000,86,110,150,180,1600,3000,5300,7300,15000,22000,30000,167726,68,86,537.4724691324028,22.37819996662438,30187.516600009985,4749.422522447325
1791065860,1000,,Aggregated,421.300000,0.000000,86,110,140,180,1600,3000,5300,7300,15000,22000,30000,168154,68,86,536.7505172229127,22.37819996662438,30187.516600009985,4749.297727083507
1791065861,1000,,Aggregated,420.900000,0.000000,86,110,140,180,1600,3000,5300,7300,15000,22000,30000,168578,68,86,536.0537621795349,22.37819996662438,30187.516600009985,4749.421454756848
1791065862,1000,,Aggregated,423.700000,0.000000,86,110,140,180,1500,3000,5300,7300,15000,22000,30000,169003,68,86,535.4025074750217,22.37819996662438,30187.516600009985,4749.88215593806
1791065863,1000,,Aggregated,426.800000,0.000000,86,110,140,180,1500,3000,5300,7300,15000,22000,30000,169466,68,86,534.9475489260453,22.37819996662438,30187.516600009985,4749.719017384018
1791065864,1000,,Aggregated,423.900000,0.000000,86,110,140,180,1500,3000,5300,7300,15000,22000,30000,169919,68,86,534.6803187153912,22.37819996662438,30187.516600009985,4749.4263972834115
1791065865,1000,,Aggregated,433.100000,0.000000,86,110,140,180,1500,3000,5300,7200,15000,22000,30000,170343,68,86,534.100496146014,22.37819996662438,30187.516600009985,4749.8451888249
1791065866,1000,,Aggregated,431.000000,0.000000,86,110,140,180,1500,3000,5300,7200,15000,22000,30000,170733,68,86,533.5837032747056,22.37819996662438,30187.516600009985,4749.755671135633
1791065867,1000,,Aggregated,432.800000,0.000000,86,110,140,180,1500,3000,5300,7200,15000,22000,30000,171197,68,86,533.1560598853966,22.37819996662438,30187.516600009985,4749.653773138548
1791065868,1000,,Aggregated,429.600000,0.000000,86,110,140,180,1500,3000,5300,7200,15000,22000,30000,171656,68,86,532.6488286491638,22.37819996662438,30187.516600009985,4749.417521088689
1791065869,1000,,Aggregated,429.600000,0.000000,86,110,140,180,1500,3000,5300,7200,15000,22000,30000,172032,68,86,532.5367469058111,22.37819996662438,30187.516600009985,4748.841535295759
1791065870,1000,,Aggregated,427.300000,0.000000,86,110,150,180,1500,2900,5300,7200,15000,22000,30000,172485,68,86,531.8026471165621,22.37819996662438,30187.516600009985,4750.211664782445
1791065871,1000,,Aggregated,430.100000,0.000000,86,110,140,180,1500,2900,5300,7200,15000,22000,30000,172930,68,86,531.312847124268,22.37819996662438,30187.516600009985,4749.837928641647
1791065872,1000,,Aggregated,428.300000,0.000000,86,110,140,180,1500,2900,5200,7200,15000,22000,30000,173352,68,86,530.9656406415853,22.37819996662438,30187.516600009985,4749.866127878536
1791065873,1000,,Aggregated,427.300000,0.000000,86,110,140,180,1500,2900,5200,7200,15000,22000,30000,173800,68,86,530.3406447548891,22.37819996662438,30187.516600009985,4750.093711162255
1791065874,1000,,Aggregated,432.400000,0.000000,86,110,140,180,1500,2900,5200,7200,15000,22000,30000,174179,68,86,529.9501271467852,22.37819996662438,30187.516600009985,4750.026530178724
1791065875,1000,,Aggregated,429.000000,0.000000,86,110,140,180,1500,2900,5200,7200,15000,22000,30000,174627,68,86,529.1998354761854,22.37819996662438,30187.516600009985,4750.297685924857
1791065876,1000,,Aggregated,428.300000,0.000000,86,110,140,180,1500,2900,5200,7200,15000,22000,30000,175073,68,86,529.0231911665434,22.37819996662438,30187.516600009985,4749.802042576525
1791065877,1000,,Aggregated,423.600000,0.000000,86,110,140,180,1500,2900,5200,7200,15000,22000,30000,175491,68,86,528.6988041403821,22.37819996662438,30187.516600009985,4749.185342838095
1791065878,1000,,Aggregated,425.700000,0.000000,86,110,140,180,1500,2900,5200,7200,15000,22000,30000,175904,68,86,528.1083289612503,22.37819996662438,30187.516600009985,4749.749556576315
1791065879,1000,,Aggregated,424.900000,0.000000,86,110,140,180,1500,2900,5200,7200,15000,22000,30000,176319,68,86,527.7561807513662,22.37819996662438,30187.516600009985,4749.635524248663
1791065880,1000,,Aggregated,423.000000,0.000000,86,110,140,180,1500,2900,5200,7100,15000,22000,30000,176735,68,86,527.4624915432685,22.37819996662438,30187.516600009985,4749.468299997171
1791065881,1000,,Aggregated,421.500000,0.000000,86,110,140,180,1500,2900,5200,7100,15000,22000,30000,177144,68,86,527.1947127777337,22.37819996662438,30187.516600009985,4749.3918055367385
1791065882,1000,,Aggregated,421.400000,0.000000,86,110,140,180,1500,2900,5200,7100,15000,22000,30000,177577,68,86,526.8004124362975,22.37819996662438,30187.516600009985,4749.305343597425
1791065883,1000,,Aggregated,421.700000,0.000000,86,110,140,180,1500,2900,5200,7100,15000,22000,30000,178019,68,86,526.7069522067915,22.37819996662438,30187.516600009985,4748.644976098057
1791065884,1000,,Aggregated,418.500000,0.000000,86,110,140,180,1500,2900,5200,7100,15000,22000,30000,178438,68,86,526.4939985076096,22.37819996662438,30187.516600009985,4748.87838913236
1791065885,1000,,Aggregated,418.000000,0.000000,86,110,140,180,1500,2900,5200,7100,15000,22000,30000,178878,68,86,526.2505796872753,22.37819996662438,30187.516600009985,4748.625085253637
1791065886,1000,,Aggregated,417.300000,0.000000,86,110,140,180,1500,2900,5200,7100,15000,22000,30000,179331,68,86,525.8355381233603,22.37819996662438,30187.516600009985,4748.173751331337
1791065887,1000,,Aggregated,421.200000,0.000000,86,110,140,180,1500,2900,5200,7100,15000,22000,30000,179779,68,86,525.170775309129,22.37819996662438,30187.516600009985,4747.959338966175
1791065888,1000,,Aggregated,419.200000,0.000000,86,110,140,180,1500,2900,5200,7100,15000,22000,30000,180198,68,86,524.4299617232142,22.37819996662438,30187.516600009985,4748.010643847323
1791065889,1000,,Aggregated,423.400000,0.000000,86,110,140,180,1500,2900,5200,7100,15000,22000,30000,180621,68,86,523.7932806451138,22.37819996662438,30187.516600009985,4748.130577286141
1791065890,1000,,Aggregated,425.300000,0.000000,86,110,140,180,1500,2900,5200,7100,15000,22000,30000,181025,68,86,523.3940211849275,22.37819996662438,30187.516600009985,4748.02859273581
1791065891,1000,,Aggregated,425.900000,0.000000,86,110,140,180,1500,2900,5200,7100,15000,22000,30000,181484,68,86,522.919590787621,22.37819996662438,30187.516600009985,4747.803960679729
1791065892,1000,,Aggregated,427.400000,0.000000,86,110,140,180,1500,2900,5200,7100,15000,22000,30000,181910,68,86,522.3886535374686,22.37819996662438,30187.516600009985,4748.073717772525
1791065893,1000,,Aggregated,427.800000,0.000000,86,110,140,180,1500,2900,5200,7100,14000,22000,30000,182296,68,86,521.7971324318723,22.37819996662438,30187.516600009985,4749.090632816957
1791065894,1000,,Aggregated,431.800000,0.000000,86,110,140,180,1500,2900,5200,7100,14000,22000,30000,182732,68,86,521.4130812304403,22.37819996662438,30187.516600009985,4749.221296762472
1791065895,1000,,Aggregated,426.000000,0.000000,86,110,140,180,1500,2900,5200,7100,14000,22000,30000,183131,68,86,521.1773173274942,22.37819996662438,30187.516600009985,4749.061529724623
1791065896,1000,,Aggregated,426.500000,0.000000,86,110,140,180,1500,2900,5200,7100,14000,22000,30000,183566,68,86,520.903549667701,22.37819996662438,30187.516600009985,4748.726060381552
1791065897,1000,,Aggregated,425.400000,0.000000,86,110,140,180,1500,2900,5200,7100,14000,22000,30000,184010,68,86,520.7540879180519,22.37819996662438,30187.516600009985,4748.42744959513
1791065898,1000,,Aggregated,423.000000,0.000000,86,110,140,180,1500,2900,5200,7100,14000,22000,30000,184452,68,86,520.5036561365646,22.37819996662438,30187.516600009985,4748.069394747685
1791065899,1000,,Aggregated,420.500000,0.000000,86,110,140,180,1500,2900,5200,7100,14000,22000,30000,184885,68,86,520.1685519139071,22.37819996662438,30187.516600009985,4747.949060226628
1791065900,1000,,Aggregated,418.600000,0.000000,86,110,140,180,1500,2900,5200,7100,14000,22000,30000,185324,68,86,519.65239843087,22.37819996662438,30187.516600009985,4747.590965012627
1791065901,1000,,Aggregated,425.200000,0.000000,86,110,140,180,1500,2900,5200,7000,14000,22000,30000,185780,68,86,519.0912353536563,22.37819996662438,30187.516600009985,4747.519253956292
1791065902,1000,,Aggregated,422.400000,0.000000,86,110,140,180,1500,2900,5200,7000,14000,22000,30000,186180,68,86,518.8243904195031,22.37819996662438,30187.516600009985,4747.020050488774
1791065903,1000,,Aggregated,422.800000,0.000000,86,110,140,180,1500,2900,5200,7000,14000,22000,30000,186628,68,86,518.1451583401406,22.37819996662438,30187.516600009985,4747.380575262018
1791065904,1000,,Aggregated,424.800000,0.000000,86,110,140,180,1500,2900,5100,7000,14000,22000,30000,187066,68,86,517.4679666989384,22.37819996662438,30187.516600009985,4747.689441159804
1791065905,1000,,Aggregated,428.100000,0.000000,86,110,140,180,1500,2900,5100,7000,14000,22000,30000,187502,68,86,516.9092934299595,22.37819996662438,30187.516600009985,4747.709747096031
1791065906,1000,,Aggregated,430.200000,0.000000,86,110,140,180,1500,2900,5100,7000,14000,22000,30000,187931,68,86,516.4394109790511,22.37819996662438,30187.516600009985,4747.600518275324
1791065907,1000,,Aggregated,430.300000,0.000000,86,110,140,180,1500,2900,5100,7000,14000,22000,30000,188375,68,86,515.8416423172106,22.37819996662438,30187.516600009985,4747.644135368281
1791065908,1000,,Aggregated,433.700000,0.000000,86,110,140,180,1500,2900,5100,7000,14000,22000,30000,188732,68,86,515.4395114432356,22.37819996662438,30187.516600009985,4747.711559248034
1791065909,1000,,Aggregated,431.500000,0.000000,86,110,140,180,1500,2900,5100,7000,14000,22000,30000,189211,68,86,514.9136222492574,22.37819996662438,30187.516600009985,4748.332855912183
1791065910,1000,,Aggregated,434.200000,0.000000,86,110,140,180,1500,2900,5100,6900,14000,22000,30000,189664,68,86,514.6427753321916,22.37819996662438,30187.516600009985,4748.104189514088
1791065911,1000,,Aggregated,428.600000,0.000000,86,110,140,180,1500,2900,5100,6900,14000,22000,30000,190044,68,86,514.2763041274887,22.37819996662438,30187.516600009985,4747.902501525962
1791065912,1000,,Aggregated,429.000000,0.000000,86,110,140,180,1500,2900,5100,6900,14000,22000,30000,190480,68,86,513.905162537295,22.37819996662438,30187.516600009985,4747.66337148257
1791065913,1000,,Aggregated,429.500000,0.000000,86,110,140,180,1500,2900,5100,6900,14000,22000,30000,190901,68,86,513.5153887895025,22.37819996662438,30187.516600009985,4747.385419667786
1791065914,1000,,Aggregated,424.600000,0.000000,86,110,140,180,1500,2900,5100,6900,14000,22000,30000,191341,68,86,513.2649849473203,22.37819996662438,30187.516600009985,4747.5589497284955
1791065915,1000,,Aggregated,425.800000,0.000000,86,110,140,180,1500,2800,5100,6900,14000,22000,30000,191761,68,86,512.91526032303,22.37819996662438,30187.516600009985,4747.717153122898
1791065916,1000,,Aggregated,425.200000,0.000000,86,110,140,180,1500,2800,5100,6900,14000,22000,30000,192172,68,86,512.7834584684766,22.37819996662438,30187.516600009985,4747.627583623004
1791065917,1000,,Aggregated,422.100000,0.000000,86,110,140,180,1500,2800,5100,6900,14000,22000,30000,192637,68,86,512.5470102213138,22.37819996662438,30187.516600009985,4747.316133453075
1791065918,1000,,Aggregated,423.700000,0.000000,86,110,140,180,1500,2800,5100,6900,14000,22000,30000,192994,68,86,512.6056576759021,22.37819996662438,30187.516600009985,4746.8658041182625
1791065919,1000,,Aggregated,420.900000,0.000000,86,110,140,180,1500,2800,5100,6900,14000,22000,30000,193406,68,86,512.0446319287067,22.37819996662438,30187.516600009985,4747.7850738860225
1791065920,1000,,Aggregated,423.500000,0.000000,86,110,140,180,1500,2800,5100,6900,14000,22000,30000,193897,68,86,511.6230164391578,22.37819996662438,30187.516600009985,4747.936136196022
1791065921,1000,,Aggregated,420.900000,0.000000,86,110,140,180,1500,2800,5100,6900,14000,22000,30000,194325,68,86,511.183527215253,22.37819996662438,30187.516600009985,4748.2474874565805
1791065922,1000,,Aggregated,421.000000,0.000000,86,110,140,180,1500,2800,5100,6900,14000,22000,30000,194782,68,86,511.01674888082107,22.37819996662438,30187.516600009985,4747.612335842121
1791065923,1000,,Aggregated,421.800000,0.000000,86,110,140,180,1500,2800,5100,6900,14000,22000,30000,195223,68,86,510.5079647459791,22.37819996662438,30187.516600009985,4747.614497267227
1791065924,1000,,Aggregated,423.700000,0.000000,86,110,140,180,1500,2800,5100,6800,14000,22000,30000,195637,68,86,509.9907228157466,22.37819996662438,30187.516600009985,4747.760285631041
1791065925,1000,,Aggregated,425.400000,0.000000,86,110,140,180,1500,2800,5100,6800,14000,22000,30000,196076,68,86,509.27024922481036,22.37819996662438,30187.516600009985,4747.931526550929
1791065926,1000,,Aggregated,428.100000,0.000000,86,110,140,180,1500,2800,5100,6800,14000,22000,30000,196491,68,86,508.85063035561,22.37819996662438,30187.516600009985,4748.028255747083
1791065927,1000,,Aggregated,430.200000,0.000000,86,110,140,180,1500,2800,5100,6800,14000,22000,30000,196956,68,86,508.55224508217333,22.37819996662438,30187.516600009985,4747.564466175187
1791065928,1000,,Aggregated,427.500000,0.000000,86,110,140,180,1500,2800,5100,6800,14000,22000,30000,197361,68,86,508.14228895123387,22.37819996662438,30187.516600009985,4747.643465527637
1791065929,1000,,Aggregated,430.400000,0.000000,86,110,140,180,1500,2800,5100,6800,14000,22000,30000,197825,68,86,507.6883996547658,22.37819996662438,30187.516600009985,4748.0763705295085
1791065930,1000,,Aggregated,427.800000,0.000000,86,110,140,180,1500,2800,5100,6800,14000,22000,30000,198254,68,86,507.22105482060755,22.37819996662438,30187.516600009985,4748.0100527606
1791065931,1000,,Aggregated,433.200000,0.000000,86,110,140,180,1400,2800,5100,6800,14000,22000,30000,198691,68,86,506.67925491644974,22.37819996662438,30187.516600009985,4748.228616293642
1791065932,1000,,Aggregated,435.500000,0.000000,86,110,140,180,1400,2800,5100,6800,14000,22000,30000,199142,68,86,506.3056855339615,22.37819996662438,30187.516600009985,4748.245292303984
1791065933,1000,,Aggregated,430.800000,0.000000,86,110,140,180,1400,2800,5100,6800,14000,22000,30000,199577,68,86,505.8342652966201,22.37819996662438,30187.516600009985,4748.444865891361
1791065934,1000,,Aggregated,432.200000,0.000000,86,110,140,180,1400,2800,5100,6800,14000,22000,30000,200009,68,86,505.6380849322012,22.37819996662438,30187.516600009985,4748.0870260838265
1791065935,1000,,Aggregated,433.400000,0.000000,86,110,140,180,1400,2800,5000,6700,14000,22000,30000,200471,68,86,504.885027065282,22.37819996662438,30187.516600009985,4748.796414443985
1791065936,1000,,Aggregated,430.700000,0.000000,86,110,140,180,1400,2800,5000,6700,14000,22000,30000,200907,68,86,504.5354671848366,22.37819996662438,30187.516600009985,4748.595479500465
1791065937,1000,,Aggregated,430.200000,0.000000,86,110,140,180,1400,2800,5000,6700,14000,22000,30000,201350,68,86,504.03290351877126,22.37819996662438,30187.516600009985,4748.973325055873
1791065938,1000,,Aggregated,435.800000,0.000000,86,110,140,180,1400,2800,5000,6700,14000,22000,30000,201769,68,86,503.50542406863855,22.37819996662438,30187.516600009985,4748.955994231026
1791065939,1000,,Aggregated,435.900000,0.000000,86,110,140,180,1400,2800,5000,6700,14000,22000,30000,202195,68,86,503.017554076041,22.37819996662438,30187.516600009985,4749.29377581048
1791065941,1000,,Aggregated,433.400000,0.000000,86,110,140,180,1400,2800,5000,6700,14000,22000,30000,202703,68,86,502.75702277916594,22.37819996662438,30187.516600009985,4749.231131261007
1791065942,1000,,Aggregated,429.400000,0.000000,86,110,140,180,1400,2800,5000,6700,14000,22000,30000,203092,68,86,502.41242706017476,22.37819996662438,30187.516600009985,4749.518375908456
1791065943,1000,,Aggregated,436.200000,0.000000,86,110,140,180,1400,2800,5000,6700,14000,22000,30000,203541,68,86,502.19590292768856,22.37819996662438,30187.516600009985,4749.0682516053275
1791065944,1000,,Aggregated,430.100000,0.000000,86,110,140,180,1400,2800,5000,6700,14000,22000,30000,203918,68,86,501.9287781858598,22.37819996662438,30187.516600009985,4749.180533351641
1791065945,1000,,Aggregated,429.900000,0.000000,86,110,140,180,1400,2800,5000,6700,14000,22000,30000,204366,68,86,501.4993701677591,22.37819996662438,30187.516600009985,4749.393827740427
1791065946,1000,,Aggregated,426.000000,0.000000,86,110,140,180,1400,2800,5000,6700,14000,22000,30000,204803,68,86,501.14569286340594,22.37819996662438,30187.516600009985,4749.516711180989
1791065947,1000,,Aggregated,428.200000,0.000000,86,110,140,180,1400,2800,5000,6700,14000,22000,30000,205220,68,86,500.871733063563,22.37819996662438,30187.516600009985,4749.6432657635705
1791065948,1000,,Aggregated,422.100000,0.000000,86,110,140,180,1400,2800,5000,6700,14000,22000,30000,205657,68,86,500.65629631038223,22.37819996662438,30187.516600009985,4749.651045186889
1791065949,1000,,Aggregated,422.100000,0.000000,86,110,140,180,1400,2800,5000,6700,14000,22000,30000,206056,68,86,500.38248598829364,22.37819996662438,30187.516600009985,4749.757988119734
1791065950,1000,,Aggregated,418.900000,0.000000,86,110,140,180,1400,2800,5000,6700,14000,22000,30000,206484,68,86,500.0928235006327,22.37819996662438,30187.516600009985,4749.734420100347
1791065951,1000,,Aggregated,420.200000,0.000000,86,110,140,180,1400,2800,5000,6700,14000,22000,30000,206921,68,86,500.3943754771414,22.37819996662438,30187.516600009985,4749.435586528192
1791065952,1000,,Aggregated,421.500000,0.000000,86,110,140,180,1400,2800,5000,6700,14000,22000,30000,207368,68,86,499.89673593951153,22.37819996662438,30187.516600009985,4749.785236873578
1791065953,1000,,Aggregated,415.100000,0.000000,86,110,140,180,1400,2800,5000,6700,14000,22000,30000,207842,68,86,499.5475203332582,22.37819996662438,30187.516600009985,4749.850785692978
1791065954,1000,,Aggregated,422.400000,0.000000,86,110,140,180,1400,2800,5000,6700,14000,22000,30000,208281,68,86,499.096710632295,22.37819996662438,30187.516600009985,4749.941382075177
1791065955,1000,,Aggregated,423.700000,0.000000,86,110,140,180,1400,2800,5000,6700,14000,22000,30000,208697,68,86,498.7125791295751,22.37819996662438,30187.516600009985,4750.120317972946
1791065956,1000,,Aggregated,424.900000,0.000000,86,110,140,180,1400,2800,5000,6700,14000,22000,30000,209140,68,86,498.3349417873413,22.37819996662438,30187.516600009985,4750.199469255044
1791065957,1000,,Aggregated,422.500000,0.000000,86,110,140,180,1400,2800,5000,6700,14000,22000,30000,209579,68,86,498.0759424436819,22.37819996662438,30187.516600009985,4749.884893047491
1791065958,1000,,Aggregated,422.900000,0.000000,86,110,140,180,1400,2800,5000,6600,14000,22000,30000,209998,68,86,497.5923329031952,22.37819996662438,30187.516600009985,4749.888156077677
1791065959,1000,,Aggregated,427.600000,0.000000,86,110,140,180,1400,2800,5000,6600,14000,22000,30000,210424,68,86,497.18698741020285,22.37819996662438,30187.516600009985,4750.438315021101
1791065960,1000,,Aggregated,427.100000,0.000000,86,110,140,180,1400,2800,5000,6600,14000,22000,30000,210844,68,86,496.81536738681166,22.37819996662438,30187.516600009985,4750.442711198801
1791065961,1000,,Aggregated,427.200000,0.000000,86,110,140,180,1400,2800,5000,6600,14000,22000,30000,211266,68,86,496.4831202867706,22.37819996662438,30187.516600009985,4750.365165241922
1791065962,1000,,Aggregated,429.200000,0.000000,86,110,140,180,1400,2800,5000,6600,14000,22000,30000,211714,68,86,496.10292677340516,22.37819996662438,30187.516600009985,4750.436607876663
1791065963,1000,,Aggregated,431.100000,0.000000,86,110,140,180,1400,2800,5000,6600,14000,22000,30000,212139,68,86,495.9699780281068,22.37819996662438,30187.516600009985,4750.129886536658
1791065964,1000,,Aggregated,429.800000,0.000000,86,110,140,180,1400,2800,4900,6600,14000,22000,30000,212547,68,86,495.7849810926718,22.37819996662438,30187.516600009985,4750.073484923335
1791065965,1000,,Aggregated,425.700000,0.000000,86,110,140,180,1400,2800,4900,6600,14000,22000,30000,213000,68,86,495.4891139000167,22.37819996662438,30187.516600009985,4750.199699530516
1791065966,1000,,Aggregated,424.800000,0.000000,86,110,140,180,1400,2800,4900,6600,14000,22000,30000,213428,68,86,495.28386546284173,22.37819996662438,30187.516600009985,4749.981014674738
1791065967,1000,,Aggregated,427.400000,0.000000,86,110,140,180,1400,2800,4900,6600,14000,22000,30000,213802,68,86,495.33608478172613,22.37819996662438,30187.516600009985,4749.312190718515
1791065968,1000,,Aggregated,430.700000,0.000000,86,110,140,180,1400,2800,4900,6600,14000,22000,30000,214292,68,86,494.8399016566277,22.37819996662438,30187.516600009985,4749.772721333507
1791065969,1000,,Aggregated,425.400000,0.000000,86,110,140,180,1400,2700,4900,6600,14000,22000,30000,214720,68,86,494.55332387715055,22.37819996662438,30187.516600009985,4749.473388599105
1791065970,1000,,Aggregated,426.800000,0.000000,86,110,140,180,1400,2700,4900,6600,14000,22000,30000,215166,68,86,494.2114679559122,22.37819996662438,30187.516600009985,4749.602743927944
1791065971,1000,,Aggregated,426.200000,0.000000,86,110,140,180,1400,2700,4900,6600,14000,22000,30000,215554,68,86,493.89728682511947,22.37819996662438,30187.516600009985,4750.0020366126355
1791065972,1000,,Aggregated,426.200000,0.000000,86,110,140,180,1400,2700,4900,6600,14000,22000,30000,216039,68,86,493.45869699082795,22.37819996662438,30187.516600009985,4749.715569873958
1791065973,1000,,Aggregated,423.600000,0.000000,86,110,140,180,1400,2700,4900,6600,14000,22000,30000,216485,68,86,492.94743762109096,22.37819996662438,30187.516600009985,4749.790553618033
1791065974,1000,,Aggregated,428.800000,0.000000,86,110,140,180,1400,2700,4900,6600,14000,22000,30000,216952,68,86,492.3761545166738,22.37819996662438,30187.516600009985,4749.8401074892145
1791065975,1000,,Aggregated,432.300000,0.000000,86,110,140,180,1400,2700,4900,6600,14000,22000,30000,217391,68,86,491.8437039044926,22.37819996662438,30187.516600009985,4750.055618677866
1791065976,1000,,Aggregated,436.300000,0.000000,86,110,140,180,1400,2700,4900,6600,14000,22000,30000,217816,68,86,491.33838998513164,22.37819996662438,30187.516600009985,4750.351861203952
1791065977,1000,,Aggregated,436.400000,0.000000,86,110,140,180,1400,2700,4900,6600,14000,22000,30000,218251,68,86,490.74334823758505,22.37819996662438,30187.516600009985,4750.5552551878345
1791065978,1000,,Aggregated,436.600000,0.000000,86,110,140,180,1400,2700,4900,6600,14000,22000,30000,218678,68,86,490.25455382160646,22.37819996662438,30187.516600009985,4750.816195502062
1791065979,1000,,Aggregated,436.000000,0.000000,86,110,140,180,1400,2700,4900,6600,14000,22000,30000,219088,68,86,489.98963082551984,22.37819996662438,30187.516600009985,4751.006577265756
1791065980,1000,,Aggregated,436.100000,0.000000,86,110,140,180,1400,2700,4900,6600,14000,22000,30000,219522,68,86,489.8391450856942,22.37819996662438,30187.516600009985,4750.773375789215
1791065981,1000,,Aggregated,432.100000,0.000000,86,110,140,180,1400,2700,4900,6600,14000,22000,30000,219942,68,86,489.6242182993745,22.37819996662438,30187.516600009985,4750.7183393803825
1791065982,1000,,Aggregated,433.800000,0.000000,86,110,140,180,1400,2700,4900,6600,14000,21000,30000,220386,68,86,489.2984964698346,22.37819996662438,30187.516600009985,4750.717218879602
1791065983,1000,,Aggregated,436.200000,0.000000,86,110,140,180,1400,2700,4900,6600,14000,21000,30000,220766,68,86,489.1949274236185,22.37819996662438,30187.516600009985,4750.543281121187
1791065984,1000,,Aggregated,430.000000,0.000000,86,110,140,180,1400,2700,4900,6600,14000,21000,30000,221220,68,86,488.7897303376824,22.37819996662438,30187.516600009985,4750.592161649037
1791065985,1000,,Aggregated,428.000000,0.000000,86,110,140,180,1400,2700,4900,6500,14000,21000,30000,221650,68,86,488.535335182503,22.37819996662438,30187.516600009985,4750.295750056395
1791065986,1000,,Aggregated,425.100000,0.000000,86,110,140,180,1400,2700,4900,6500,14000,21000,30000,222093,68,86,488.2677136024183,22.37819996662438,30187.516600009985,4750.164489650732
1791065987,1000,,Aggregated,423.800000,0.000000,86,110,140,180,1400,2700,4900,6500,14000,21000,30000,222538,68,86,487.81234606764815,22.37819996662438,30187.516600009985,4750.366247562214
1791065988,1000,,Aggregated,422.500000,0.000000,86,110,140,180,1400,2700,4900,6500,14000,21000,30000,222952,68,86,487.7029506669719,22.37819996662438,30187.516600009985,4749.787801858696
1791065989,1000,,Aggregated,424.500000,0.000000,86,110,140,180,1400,2700,4900,6500,14000,21000,30000,223342,68,86,487.4033509917651,22.37819996662438,30187.516600009985,4750.097209660521
1791065990,1000,,Aggregated,424.300000,0.000000,86,110,140,180,1400,2700,4900,6500,14000,21000,30000,223795,68,86,487.18720950960306,22.37819996662438,30187.516600009985,4750.283643513037
1791065991,1000,,Aggregated,430.000000,0.000000,86,110,140,180,1400,2700,4900,6500,14000,21000,30000,224198,68,86,486.8143733592714,22.37819996662438,30187.516600009985,4750.528037716661
1791065992,1000,,Aggregated,425.000000,0.000000,86,110,140,180,1400,2700,4800,6500,14000,21000,30000,224619,68,86,486.6129853930488,22.37819996662438,30187.516600009985,4750.252721274692
1791065993,1000,,Aggregated,423.000000,0.000000,86,110,140,180,1400,2700,4800,6500,14000,21000,30000,225053,68,86,486.4063053303033,22.37819996662438,30187.516600009985,4749.849168862445
1791065994,1000,,Aggregated,422.800000,0.000000,86,110,140,180,1400,2700,4800,6500,14000,21000,30000,225496,68,86,486.21542038041054,22.37819996662438,30187.516600009985,4750.097119239365
1791065995,1000,,Aggregated,420.400000,0.000000,86,110,140,180,1400,2700,4800,6500,14000,21000,30000,225913,68,86,485.9487214051503,22.37819996662438,30187.516600009985,4750.197425557626
1791065996,1000,,Aggregated,424.300000,0.000000,86,110,140,180,1400,2700,4800,6500,14000,21000,30000,226382,68,86,485.4683972899897,22.37819996662438,30187.516600009985,4750.579251000521
1791065997,1000,,Aggregated,424.500000,0.000000,86,110,140,180,1400,2700,4800,6500,14000,21000,30000,226818,68,86,485.2510692123264,22.37819996662438,30187.516600009985,4750.611335960991
1791065998,1000,,Aggregated,423.500000,0.000000,86,110,140,180,1400,2700,4800,6500,14000,21000,30000,227220,68,86,484.94149865857713,22.37819996662438,30187.516600009985,4750.826304902737
1791065999,1000,,Aggregated,426.200000,0.000000,86,110,140,180,1400,2700,4800,6500,14000,21000,30000,227687,68,86,484.7683696188268,22.37819996662438,30187.516600009985,4750.799764589107
1791066000,1000,,Aggregated,425.300000,0.000000,86,110,140,180,1400,2700,4800,6500,14000,21000,30000,228131,68,86,484.3715318071703,22.37819996662438,30187.516600009985,4750.954644480584
1791066001,1000,,Aggregated,419.500000,0.000000,86,110,140,180,1400,2700,4800,6500,14000,21000,30000,228529,68,86,483.9323583068303,22.37819996662438,30187.516600009985,4751.134039881153
1791066002,1000,,Aggregated,420.800000,0.000000,86,110,140,180,1400,2700,4800,6500,14000,21000,30000,228973,68,86,483.5434027112453,22.37819996662438,30187.516600009985,4751.105881479476
1791066003,1000,,Aggregated,428.200000,0.000000,86,110,140,180,1400,2700,4800,6500,14000,21000,30000,229387,68,86,483.3989890530071,22.37819996662438,30187.516600009985,4750.560149441773
1791066004,1000,,Aggregated,426.400000,0.000000,86,110,140,180,1400,2700,4800,6500,14000,21000,30000,229849,68,86,483.27772126918904,22.37819996662438,30187.516600009985,4750.238426097133
1791066005,1000,,Aggregated,428.100000,0.000000,86,110,140,180,1400,2700,4800,6500,14000,21000,30000,230302,68,86,483.02324343037185,22.37819996662438,30187.516600009985,4750.188925845195
1791066006,1000,,Aggregated,425.800000,0.000000,86,110,140,180,1300,2700,4800,6400,14000,21000,30000,230748,68,86,482.6151192127436,22.37819996662438,30187.516600009985,4750.412740305442
1791066007,1000,,Aggregated,428.700000,0.000000,86,110,140,180,1300,2700,4800,6400,14000,21000,30000,231200,68,86,482.1805417902349,22.37819996662438,30187.516600009985,4750.551423010381
1791066008,1000,,Aggregated,430.900000,0.000000,86,110,140,180,1300,2700,4800,6400,14000,21000,30000,231611,68,86,481.7746728579517,22.37819996662438,30187.516600009985,4750.282149811537
1791066009,1000,,Aggregated,429.300000,0.000000,86,110,140,180,1300,2700,4800,6400,14000,21000,30000,232056,68,86,481.2801517060666,22.37819996662438,30187.516600009985,4750.607586099907
1791066010,1000,,Aggregated,432.000000,0.000000,86,110,140,180,1300,2700,4800,6400,14000,21000,30000,232502,68,86,480.91847663634314,22.37819996662438,30187.516600009985,4750.633323584313
1791066011,1000,,Aggregated,437.400000,0.000000,86,110,140,180,1300,2700,4800,6400,14000,21000,30000,232948,68,86,480.4580718422263,22.37819996662438,30187.516600009985,4751.03964404073
1791066012,1000,,Aggregated,438.600000,0.000000,86,110,140,170,1300,2700,4800,6400,14000,21000,30000,233400,68,86,480.0629733757616,22.37819996662438,30187.516600009985,4750.76323907455
1791066013,1000,,Aggregated,436.400000,0.000000,86,110,140,170,1300,2700,4800,6400,14000,21000,30000,233828,68,86,479.6641707092492,22.37819996662438,30187.516600009985,4751.122384829875
1791066014,1000,,Aggregated,438.300000,0.000000,86,110,140,170,1300,2700,4800,6400,14000,21000,30000,234246,68,86,479.3938278147871,22.37819996662438,30187.516600009985,4751.310737429882
1791066015,1000,,Aggregated,439.900000,0.000000,86,110,140,180,1300,2700,4800,6400,14000,21000,30000,234690,68,86,479.1743994017772,22.37819996662438,30187.516600009985,4751.497089778005
1791066016,1000,,Aggregated,442.000000,0.000000,86,110,140,180,1300,2700,4800,6400,13000,21000,30000,235115,68,86,478.91459826171433,22.37819996662438,30187.516600009985,4751.623579950237
1791066017,1000,,Aggregated,434.700000,0.000000,86,110,140,170,1300,2700,4800,6400,13000,21000,30000,235537,68,86,478.58006103968216,22.37819996662438,30187.516600009985,4751.533410886613
1791066018,1000,,Aggregated,435.300000,0.000000,86,110,140,170,1300,2700,4800,6400,13000,21000,30000,235948,68,86,478.2349024920888,22.37819996662438,30187.516600009985,4751.675797209555
1791066019,1000,,Aggregated,432.200000,0.000000,86,110,140,170,1300,2700,4800,6400,13000,21000,30000,236401,68,86,477.98237863842843,22.37819996662438,30187.516600009985,4751.466910038452
1791066020,1000,,Aggregated,429.400000,0.000000,86,110,140,170,1300,2700,4800,6400,13000,21000,30000,236871,68,86,477.71184083911857,22.37819996662438,30187.516600009985,4751.350351034952
1791066021,1000,,Aggregated,428.700000,0.000000,86,110,140,170,1300,2700,4800,6400,13000,21000,30000,237294,68,86,477.3999056200425,22.37819996662438,30187.516600009985,4751.262573010696
1791066022,1000,,Aggregated,428.100000,0.000000,86,110,140,170,1300,2700,4800,6300,13000,21000,30000,237735,68,86,477.0217280324883,22.37819996662438,30187.516600009985,4751.456108692451
1791066023,1000,,Aggregated,430.900000,0.000000,86,110,140,170,1300,2700,4700,6300,13000,21000,30000,238164,68,86,476.6545111956607,22.37819996662438,30187.516600009985,4751.403306125191
1791066024,1000,,Aggregated,430.500000,0.000000,86,110,140,170,1300,2700,4700,6300,13000,21000,30000,238603,68,86,476.34741699057986,22.37819996662438,30187.516600009985,4751.563337426604
1791066025,1000,,Aggregated,429.100000,0.000000,86,110,140,170,1300,2700,4700,6300,13000,21000,30000,239058,68,86,475.9773003539004,22.37819996662438,30187.516600009985,4751.5373884162
1791066026,1000,,Aggregated,428.900000,0.000000,86,110,140,170,1300,2700,4700,6300,13000,21000,30000,239497,68,86,475.6440502215188,22.37819996662438,30187.516600009985,4751.836494820394
1791066027,1000,,Aggregated,432.800000,0.000000,86,110,140,170,1300,2700,4700,6300,13000,21000,30000,239907,68,86,475.31790033847926,22.37819996662438,30187.516600009985,4751.802177510452
1791066028,1000,,Aggregated,433.500000,0.000000,86,110,140,170,1300,2700,4700,6300,13000,21000,30000,240309,68,86,474.98155170760685,22.37819996662438,30187.516600009985,4752.1594155857665
1791066029,1000,,Aggregated,435.400000,0.000000,86,110,140,170,1300,2700,4700,6300,13000,21000,30000,240783,68,86,474.5092739541556,22.37819996662438,30187.516600009985,4752.225215235295
1791066030,1000,,Aggregated,434.400000,0.000000,86,110,140,170,1300,2600,4700,6300,13000,21000,30000,241212,68,86,474.24452238033007,22.37819996662438,30187.516600009985,4752.321746015953
1791066032,1000,,Aggregated,432.400000,0.000000,86,110,140,170,1300,2600,4700,6300,13000,21000,30000,241616,68,86,474.28233071032054,22.37819996662438,30187.516600009985,4751.773351102576
1791066033,1000,,Aggregated,431.700000,0.000000,86,110,140,170,1300,2600,4700,6300,13000,21000,30000,242068,68,86,473.8444978212906,22.37819996662438,30187.516600009985,4751.829138919642
1791066034,1000,,Aggregated,429.300000,0.000000,86,110,140,170,1300,2600,4700,6300,13000,21000,30000,242495,68,86,473.6506079927614,22.37819996662438,30187.516600009985,4751.386185282171
1791066035,1000,,Aggregated,431.400000,0.000000,86,110,140,170,1300,2600,4700,6300,13000,21000,30000,242925,68,86,473.41835510797574,22.37819996662438,30187.516600009985,4751.222311412987
1791066036,1000,,Aggregated,429.300000,0.000000,86,110,140,170,1300,2600,4700,6300,13000,21000,30000,243395,68,86,473.0195618028538,22.37819996662438,30187.516600009985,4751.278719776495
1791066037,1000,,Aggregated,429.000000,0.000000,86,110,140,170,1300,2600,4700,6300,13000,21000,30000,243849,68,86,472.6740976785042,22.37819996662438,30187.516600009985,4751.479891244172
1791066038,1000,,Aggregated,430.700000,0.000000,86,110,140,170,1300,2600,4700,6300,13000,21000,30000,244307,68,86,472.2214249931686,22.37819996662438,30187.516600009985,4751.785343850156
1791066039,1000,,Aggregated,431.400000,0.000000,86,110,140,170,1300,2600,4700,6300,13000,21000,30000,244680,68,86,471.86302391657114,22.37819996662438,30187.516600009985,4752.3159677946705
1791066040,1000,,Aggregated,435.100000,0.000000,86,110,140,170,1300,2600,4700,6200,13000,21000,30000,245121,68,86,471.45033423291466,22.37819996662438,30187.516600009985,4752.626743526666
1791066041,1000,,Aggregated,434.600000,0.000000,86,110,140,170,1300,2600,4700,6200,13000,21000,30000,245565,68,86,471.1751401775775,22.37819996662438,30187.516600009985,4752.9746055015985
1791066042,1000,,Aggregated,432.400000,0.000000,86,110,140,170,1300,2600,4700,6200,13000,21000,30000,246003,68,86,470.9778671227865,22.37819996662438,30187.516600009985,4752.707174302753
1791066043,1000,,Aggregated,431.800000,0.000000,86,110,140,170,1300,2600,4700,6200,13000,21000,30000,246429,68,86,470.73281772683424,22.37819996662438,30187.516600009985,4752.478770761558
1791066044,1000,,Aggregated,434.500000,0.000000,86,110,140,170,1300,2600,4700,6200,13000,21000,30000,246866,68,86,470.4547819169335,22.37819996662438,30187.516600009985,4752.430022765387
1791066045,1000,,Aggregated,432.800000,0.000000,86,110,140,170,1300,2600,4700,6200,13000,21000,30000,247309,68,86,470.35116403287384,22.37819996662438,30187.516600009985,4752.149662972233
1791066046,1000,,Aggregated,434.200000,0.000000,86,110,140,170,1300,2600,4700,6200,13000,21000,30000,247741,68,86,470.0472976923691,22.37819996662438,30187.516600009985,4752.207212370984
1791066047,1000,,Aggregated,435.800000,0.000000,86,110,140,170,1300,2600,4700,6200,13000,21000,30000,248184,68,86,469.773897885463,22.37819996662438,30187.516600009985,4752.129017180801
1791066048,1000,,Aggregated,430.600000,0.000000,86,110,140,170,1300,2600,4600,6200,13000,21000,30000,248663,68,86,469.4730377523244,22.37819996662438,30187.516600009985,4752.03528470259
1791066049,1000,,Aggregated,430.300000,0.000000,86,110,140,170,1300,2600,4600,6200,13000,21000,30000,249027,68,86,469.3611044260473,22.37819996662438,30187.516600009985,4751.784778357367
1791066050,1000,,Aggregated,432.600000,0.000000,86,110,140,170,1300,2600,4600,6200,13000,21000,30000,249540,68,86,468.7888044361825,22.37819996662438,30187.516600009985,4752.606275547007
1791066051,1000,,Aggregated,427.900000,0.000000,86,110,140,170,1300,2600,4600,6200,13000,21000,30000,249944,68,86,468.4743941042989,22.37819996662438,30187.516600009985,4752.669854047306
1791066052,1000,,Aggregated,434.400000,0.000000,86,110,140,170,1300,2600,4600,6200,13000,21000,30000,250359,68,86,468.1087767553955,22.37819996662438,30187.516600009985,4752.9334795234045
1791066053,1000,,Aggregated,433.600000,0.000000,86,110,140,170,1300,2600,4600,6200,13000,21000,30000,250823,68,86,467.8015985061391,22.37819996662438,30187.516600009985,4752.818166595567
1791066054,1000,,Aggregated,431.200000,0.000000,86,110,140,170,1300,2600,4600,6200,13000,21000,30000,251274,68,86,467.4929063174277,22.37819996662438,30187.516600009985,4752.651308929694
1791066055,1000,,Aggregated,434.800000,0.000000,86,110,140,170,1300,2600,4600,6200,13000,21000,30000,251707,68,86,467.2048977410461,22.37819996662438,30187.516600009985,4752.691947383267
1791066056,1000,,Aggregated,437.500000,0.000000,86,110,140,170,1300,2600,4600,6200,13000,21000,30000,252178,68,86,466.66288392090206,22.37819996662438,30187.516600009985,4752.843523225658
1791066057,1000,,Aggregated,436.500000,0.000000,86,110,140,170,1300,2600,4600,6200,13000,21000,30000,252610,68,86,466.2807966169379,22.37819996662438,30187.516600009985,4752.484656189383
1791066058,1000,,Aggregated,440.000000,0.000000,86,110,140,170,1300,2600,4600,6200,13000,21000,30000,253059,68,86,465.7923911309413,22.37819996662438,30187.516600009985,4752.505557992405
1791066059,1000,,Aggregated,440.900000,0.000000,86,110,140,170,1300,2600,4600,6200,13000,21000,30000,253500,68,86,465.36724272230686,22.37819996662438,30187.516600009985,4752.660414201184
1791066060,1000,,Aggregated,437.700000,0.000000,86,110,140,170,1300,2600,4600,6200,13000,21000,30000,253936,68,86,465.02532593686965,22.37819996662438,30187.516600009985,4752.834485854703
1791066061,1000,,Aggregated,445.600000,0.000000,86,110,140,170,1300,2600,4600,6200,13000,21000,30000,254375,68,86,464.67039705240484,22.37819996662438,30187.516600009985,4753.090374447174
1791066062,1000,,Aggregated,441.200000,0.000000,86,110,140,170,1300,2600,4600,6100,13000,21000,30000,254830,68,86,464.2989650814489,22.37819996662438,30187.516600009985,4753.435890593729
1791066063,1000,,Aggregated,441.800000,0.000000,86,110,140,170,1300,2600,4600,6100,13000,21000,30000,255196,68,86,464.11475332923106,22.37819996662438,30187.516600009985,4753.187542124485
1791066064,1000,,Aggregated,444.700000,0.000000,86,110,140,170,1300,2600,4600,6100,13000,21000,30000,255660,68,86,463.98165372254704,22.37819996662438,30187.516600009985,4752.9482515841355
1791066065,1000,,Aggregated,440.500000,0.000000,86,110,140,170,1300,2600,4600,6100,13000,21000,30000,256137,68,86,463.6155978679654,22.37819996662438,30187.516600009985,4753.462264335102
1791066066,1000,,Aggregated,437.000000,0.000000,86,110,140,170,1300,2600,4600,6100,13000,21000,30000,256591,68,86,463.16215888323217,22.37819996662438,30187.516600009985,4753.6122233437645
1791066067,1000,,Aggregated,440.700000,0.000000,86,110,140,170,1300,2600,4600,6100,13000,21000,30000,257035,68,86,462.85302622758417,22.37819996662438,30187.516600009985,4753.525049117824
1791066068,1000,,Aggregated,435.900000,0.000000,86,110,140,170,1300,2600,4600,6100,13000,21000,30000,257457,68,86,462.5677469655446,22.37819996662438,30187.516600009985,4753.244067941443
1791066069,1000,,Aggregated,437.600000,0.000000,86,110,140,170,1300,2600,4600,6100,13000,21000,30000,257832,68,86,462.20020163210063,22.37819996662438,30187.516600009985,4753.973994694219
1791066070,1000,,Aggregated,438.600000,0.000000,86,110,140,170,1300,2600,4500,6100,13000,21000,30000,258226,68,86,461.8428564792367,22.37819996662438,30187.516600009985,4754.783414528359
1791066071,1000,,Aggregated,431.600000,0.000000,86,110,140,170,1300,2600,4500,6100,13000,21000,30000,258618,68,86,461.66539383263165,22.37819996662438,30187.516600009985,4754.896070652469
1791066072,1000,,Aggregated,424.600000,0.000000,86,110,140,170,1300,2600,4500,6100,13000,21000,30000,259019,68,86,461.72677310122987,22.37819996662438,30187.516600009985,4754.536972191229
1791066073,1000,,Aggregated,420.100000,0.000000,86,110,140,170,1300,2600,4500,6100,13000,21000,30000,259426,68,86,462.177629935734,22.37819996662438,30187.516600009985,4754.006348631209
1791066074,1000,,Aggregated,417.800000,0.000000,86,110,140,170,1300,2600,4500,6100,13000,21000,30000,259836,68,86,462.1837577826315,22.37819996662438,30187.516600009985,4754.294847519204
1791066075,1000,,Aggregated,414.100000,0.000000,86,110,140,170,1300,2600,4600,6100,13000,21000,30000,260242,68,86,462.4408721009962,22.37819996662438,30187.516600009985,4754.332279186296
1791066076,1000,,Aggregated,411.300000,0.000000,86,110,140,170,1300,2600,4600,6100,13000,21000,30000,260658,68,86,462.45087443127903,22.37819996662438,30187.516600009985,4754.338923033247
1791066077,1000,,Aggregated,404.000000,0.000000,86,110,140,170,1300,2600,4600,6100,13000,21000,30000,261083,68,86,462.6230397620992,22.37819996662438,30187.516600009985,4753.952930677217
1791066078,1000,,Aggregated,405.000000,0.000000,86,110,140,170,1300,2600,4600,6100,13000,21000,30000,261498,68,86,462.5555804163262,22.37819996662438,30187.516600009985,4753.599717779868
1791066079,1000,,Aggregated,402.000000,0.000000,86,110,140,170,1300,2600,4600,6100,13000,21000,30000,261936,68,86,462.346241482305,22.37819996662438,30187.516600009985,4753.954985187222
1791066080,1000,,Aggregated,400.100000,0.000000,86,110,140,170,1300,2600,4600,6100,13000,21000,30000,262373,68,86,462.3050517248722,22.37819996662438,30187.516600009985,4753.723607230927
1791066081,1000,,Aggregated,404.600000,0.000000,86,110,140,170,1300,2600,4600,6100,13000,21000,30000,262737,68,86,462.3857406292587,22.37819996662438,30187.516600009985,4753.187156738488
1791066082,1000,,Aggregated,409.000000,0.000000,86,110,140,170,1300,2600,4500,6100,13000,21000,30000,263248,68,86,462.00521301438164,22.37819996662438,30187.516600009985,4753.532854950465
1791066083,1000,,Aggregated,414.400000,0.000000,86,110,140,170,1300,2600,4500,6100,13000,21000,30000,263667,68,86,461.75065153018755,22.37819996662438,30187.516600009985,4753.472258568573
1791066084,1000,,Aggregated,417.100000,0.000000,86,110,140,170,1300,2600,4500,6100,13000,21000,30000,264106,68,86,461.39968409619615,22.37819996662438,30187.516600009985,4753.68010571513
1791066085,1000,,Aggregated,421.500000,0.000000,86,110,140,170,1300,2600,4500,6100,13000,21000,30000,264517,68,86,461.2125472072112,22.37819996662438,30187.516600009985,4753.603155940828
1791066086,1000,,Aggregated,424.200000,0.000000,86,110,140,170,1300,2600,4500,6100,13000,21000,30000,264966,68,86,460.95768804265504,22.37819996662438,30187.516600009985,4753.6594581946365
1791066087,1000,,Aggregated,429.500000,0.000000,86,110,140,170,1300,2600,4500,6100,13000,21000,30000,265425,68,86,460.5877196164997,22.37819996662438,30187.516600009985,4753.708546670434
1791066088,1000,,Aggregated,428.500000,0.000000,86,110,140,170,1300,2600,4500,6100,13000,21000,30000,265827,68,86,460.4715452745917,22.37819996662438,30187.516600009985,4753.840674574065
1791066089,1000,,Aggregated,428.700000,0.000000,86,110,140,170,1300,2600,4500,6100,13000,21000,30000,266254,68,86,460.327020584514,22.37819996662438,30187.516600009985,4754.115329722746
1791066090,1000,,Aggregated,427.300000,0.000000,86,110,140,170,1300,2600,4500,6100,13000,21000,30000,266673,68,86,460.0518888058018,22.37819996662438,30187.516600009985,4754.436508382926
1791066091,1000,,Aggregated,428.000000,0.000000,86,110,140,170,1300,2600,4500,6100,13000,21000,30000,267080,68,86,459.86581922124435,22.37819996662438,30187.516600009985,4754.364673506066
1791066092,1000,,Aggregated,428.200000,0.000000,86,110,140,170,1300,2600,4500,6000,13000,21000,30000,267538,68,86,459.69528338183454,22.37819996662438,30187.516600009985,4754.505442217554
1791066093,1000,,Aggregated,427.300000,0.000000,86,110,140,170,1300,2600,4500,6000,13000,21000,30000,267943,68,86,459.67900827716664,22.37819996662438,30187.516600009985,4754.382850083786
1791066094,1000,,Aggregated,424.400000,0.000000,86,110,140,170,1300,2600,4500,6000,13000,21000,30000,268388,68,86,459.5366190254706,22.37819996662438,30187.516600009985,4754.116145282203
1791066095,1000,,Aggregated,424.400000,0.000000,86,110,140,170,1300,2600,4500,6000,13000,21000,30000,268793,68,86,459.34370366158055,22.37819996662438,30187.516600009985,4754.355961650787
1791066096,1000,,Aggregated,423.400000,0.000000,86,110,140,170,1300,2600,4500,6000,13000,21000,30000,269225,68,86,459.3732751995817,22.37819996662438,30187.516600009985,4754.071100380723
1791066097,1000,,Aggregated,421.000000,0.000000,86,110,140,170,1300,2600,4500,6000,13000,21000,30000,269648,68,86,459.2197748735655,22.37819996662438,30187.516600009985,4754.099192280306
1791066098,1000,,Aggregated,422.200000,0.000000,86,110,140,170,1300,2600,4500,6000,13000,21000,30000,270098,68,86,459.0338882172687,22.37819996662438,30187.516600009985,4754.227865441432
1791066099,1000,,Aggregated,421.700000,0.000000,86,110,140,170,1300,2600,4500,6000,13000,21000,30000,270489,68,86,458.80258317753265,22.37819996662438,30187.516600009985,4754.690638066612
1791066100,1000,,Aggregated,417.900000,0.000000,86,110,140,170,1300,2600,4500,6000,13000,21000,30000,270898,68,86,458.6544638491524,22.37819996662438,30187.516600009985,4754.526611492149
1791066101,1000,,Aggregated,412.500000,0.000000,86,110,140,170,1300,2600,4500,6000,13000,21000,30000,271320,68,86,458.5944711400107,22.37819996662438,30187.516600009985,4754.71789768539
1791066102,1000,,Aggregated,418.100000,0.000000,86,110,140,170,1300,2600,4500,6000,13000,21000,30000,271731,68,86,458.3744711637898,22.37819996662438,30187.516600009985,4754.892180134029
1791066103,1000,,Aggregated,417.800000,0.000000,86,110,140,170,1300,2600,4500,6000,13000,21000,30000,272155,68,86,458.3078814326699,22.37819996662438,30187.516600009985,4754.7665154048245
1791066104,1000,,Aggregated,414.900000,0.000000,86,110,140,170,1300,2600,4500,6000,13000,21000,30000,272567,68,86,458.394769070754,22.37819996662438,30187.516600009985,4754.557114397561
1791066105,1000,,Aggregated,414.000000,0.000000,86,110,140,170,1300,2600,4500,6000,13000,21000,30000,273008,68,86,458.2976739857767,22.37819996662438,30187.516600009985,4754.709708140421
1791066106,1000,,Aggregated,412.700000,0.000000,86,110,140,170,1300,2600,4500,6000,13000,21000,30000,273446,68,86,458.2916046590862,22.37819996662438,30187.516600009985,4754.432948370062
1791066107,1000,,Aggregated,413.100000,0.000000,86,110,140,170,1300,2600,4500,6000,13000,21000,30000,273874,68,86,458.1336412920103,22.37819996662438,30187.516600009985,4754.358672236138
1791066108,1000,,Aggregated,414.800000,0.000000,86,110,140,170,1300,2600,4500,6000,13000,21000,30000,274312,68,86,457.99442650816667,22.37819996662438,30187.516600009985,4754.4497980401875
1791066109,1000,,Aggregated,414.100000,0.000000,86,110,140,170,1300,2600,4500,6000,13000,21000,30000,274722,68,86,457.86659446497686,22.37819996662438,30187.516600009985,4754.3785899927925
1791066110,1000,,Aggregated,417.800000,0.000000,86,110,140,170,1300,2600,4500,6000,13000,21000,30000,275167,68,86,457.7088819746095,22.37819996662438,30187.516600009985,4754.110714584234
1791066111,1000,,Aggregated,425.600000,0.000000,86,110,140,170,1300,2600,4500,6000,13000,21000,30000,275597,68,86,457.5662432403364,22.37819996662438,30187.516600009985,4754.169424921171
1791066112,1000,,Aggregated,420.000000,0.000000,86,110,140,170,1300,2600,4500,6000,13000,21000,30000,276034,68,86,457.2908236112503,22.37819996662438,30187.516600009985,4754.620405457299
1791066113,1000,,Aggregated,423.200000,0.000000,86,110,140,170,1300,2600,4500,6000,13000,21000,30000,276464,68,86,457.15355932059043,22.37819996662438,30187.516600009985,4754.167728890561
1791066114,1000,,Aggregated,426.300000,0.000000,86,110,140,170,1300,2600,4500,6000,13000,21000,30000,276862,68,86,457.0805559578688,22.37819996662438,30187.516600009985,4754.135139527996
1791066115,1000,,Aggregated,427.200000,0.000000,86,110,140,170,1300,2600,4500,6000,13000,21000,30000,277334,68,86,456.84542996425995,22.37819996662438,30187.516600009985,4754.014722320379
1791066116,1000,,Aggregated,429.100000,0.000000,86,110,140,170,1300,2600,4500,6000,13000,21000,30000,277763,68,86,456.5317852889245,22.37819996662438,30187.516600009985,4754.058906333817
1791066117,1000,,Aggregated,430.200000,0.000000,86,110,140,170,1300,2600,4500,6000,13000,21000,30000,278205,68,86,456.24540146944776,22.37819996662438,30187.516600009985,4753.894088891285
1791066118,1000,,Aggregated,430.100000,0.000000,86,110,140,170,1300,2600,4500,6000,13000,21000,30000,278609,68,86,456.0034861447658,22.37819996662438,30187.516600009985,4753.962018455973
1791066119,1000,,Aggregated,431.400000,0.000000,86,110,140,170,1300,2600,4500,6000,13000,21000,30000,279038,68,86,455.6772363671128,22.37819996662438,30187.516600009985,4754.438753861481
1791066120,1000,,Aggregated,431.500000,0.000000,86,110,140,170,1300,2600,4500,6000,13000,21000,30000,279485,68,86,455.64089188974896,22.37819996662438,30187.516600009985,4754.343635615507
1791066121,1000,,Aggregated,427.100000,0.000000,86,110,140,170,1300,2600,4500,6000,13000,21000,30000,279935,68,86,455.4214723268141,22.37819996662438,30187.516600009985,4754.209991605194
1791066122,1000,,Aggregated,429.300000,0.000000,86,110,140,170,1300,2600,4500,6000,13000,21000,30000,280367,68,86,455.1602781062196,22.37819996662438,30187.516600009985,4754.446942757172
1791066123,1000,,Aggregated,428.800000,0.000000,86,110,140,170,1300,2600,4500,6000,13000,21000,30000,280824,68,86,454.7891001851902,22.37819996662438,30187.516600009985,4754.722662592941
1791066124,1000,,Aggregated,432.000000,0.000000,86,110,140,170,1300,2600,4500,6000,13000,21000,30000,281213,68,86,454.6300795507574,22.37819996662438,30187.516600009985,4754.727420140605
1791066125,1000,,Aggregated,431.200000,0.000000,86,110,140,170,1300,2600,4400,6000,13000,21000,30000,281606,68,86,454.4237292650286,22.37819996662438,30187.516600009985,4754.974872694474
1791066126,1000,,Aggregated,434.500000,0.000000,86,110,140,170,1300,2600,4400,6000,13000,21000,30000,282035,68,86,454.2610276838257,22.37819996662438,30187.516600009985,4755.093708227702
1791066127,1000,,Aggregated,427.800000,0.000000,86,110,140,170,1300,2600,4400,6000,13000,21000,30000,282442,68,86,454.31049923809957,22.37819996662438,30187.516600009985,4754.881398658839
1791066128,1000,,Aggregated,424.400000,0.000000,86,110,140,170,1300,2600,4400,6000,13000,21000,30000,282819,68,86,454.31754170302327,22.37819996662438,30187.516600009985,4754.628769637117
1791066129,1000,,Aggregated,423.200000,0.000000,86,110,140,170,1300,2600,4400,5900,13000,21000,30000,283271,68,86,454.0812398763255,22.37819996662438,30187.516600009985,4754.676048730721
1791066130,1000,,Aggregated,420.000000,0.000000,86,110,140,170,1300,2600,4400,5900,13000,21000,30000,283660,68,86,454.1688814277928,22.37819996662438,30187.516600009985,4754.3202319678485
1791066131,1000,,Aggregated,421.700000,0.000000,86,110,140,170,1300,2600,4400,5900,13000,21000,30000,284111,68,86,454.25971368658,22.37819996662438,30187.516600009985,4753.971778635815
1791066132,1000,,Aggregated,416.600000,0.000000,86,110,140,170,1300,2600,4400,5900,13000,21000,30000,284518,68,86,454.1033313611375,22.37819996662438,30187.516600009985,4753.90632227135
1791066133,1000,,Aggregated,408.800000,0.000000,86,110,140,170,1300,2600,4400,5900,13000,21000,30000,284925,68,86,454.01721641943794,22.37819996662438,30187.516600009985,4753.890988856717
1791066134,1000,,Aggregated,409.700000,0.000000,86,110,140,170,1300,2600,4400,5900,13000,21000,30000,285369,68,86,453.9998612572071,22.37819996662438,30187.516600009985,4753.7431150545435
1791066135,1000,,Aggregated,407.900000,0.000000,86,110,140,170,1300,2600,4400,5900,13000,21000,30000,285789,68,86,454.14897895758054,22.37819996662438,30187.516600009985,4753.326489123095
1791066136,1000,,Aggregated,403.000000,0.000000,86,110,140,170,1300,2600,4400,5900,13000,21000,30000,286242,68,86,454.0407892409487,22.37819996662438,30187.516600009985,4753.417754906687
1791066137,1000,,Aggregated,408.800000,0.000000,86,110,140,170,1300,2600,4400,5900,13000,21000,30000,286657,68,86,453.79827052438117,22.37819996662438,30187.516600009985,4753.66084554014
1791066138,1000,,Aggregated,409.800000,0.000000,86,110,140,170,1300,2600,4400,5900,13000,21000,30000,287044,68,86,453.67945240767085,22.37819996662438,30187.516600009985,4753.619716837837
1791066139,1000,,Aggregated,413.100000,0.000000,86,110,140,170,1300,2600,4400,5900,13000,21000,30000,287497,68,86,453.4463079910648,22.37819996662438,30187.516600009985,4753.591101820193
1791066140,1000,,Aggregated,416.500000,0.000000,86,110,140,170,1300,2600,4400,5900,13000,21000,30000,287914,68,86,453.32044822658287,22.37819996662438,30187.516600009985,4753.415148273442
1791066141,1000,,Aggregated,416.600000,0.000000,86,110,140,170,1300,2600,4400,5900,13000,21000,30000,288360,68,86,453.1120774445395,22.37819996662438,30187.516600009985,4753.356197114717
1791066142,1000,,Aggregated,418.300000,0.000000,86,110,140,170,1300,2600,4400,5900,13000,21000,30000,288788,68,86,453.094721738463,22.37819996662438,30187.516600009985,4753.413999196642
1791066143,1000,,Aggregated,423.500000,0.000000,86,110,140,170,1300,2600,4400,5900,13000,21000,30000,289211,68,86,452.8998623417093,22.37819996662438,30187.516600009985,4753.512190061927
1791066145,1000,,Aggregated,422.500000,0.000000,86,110,140,170,1300,2600,4400,5900,13000,21000,30000,289585,68,86,452.7375706873917,22.37819996662438,30187.516600009985,4753.7631023706335
1791066146,1000,,Aggregated,425.500000,0.000000,86,110,140,170,1300,2500,4400,5900,13000,21000,30000,289986,68,86,452.53950251635763,22.37819996662438,30187.516600009985,4754.242528949673
1791066147,1000,,Aggregated,419.800000,0.000000,86,110,140,170,1300,2500,4400,5900,13000,21000,30000,290372,68,86,452.4554383987068,22.37819996662438,30187.516600009985,4754.225782788974
1791066148,1000,,Aggregated,418.000000,0.000000,86,110,140,170,1300,2600,4400,5900,13000,21000,30000,290764,68,86,452.762156492239,22.37819996662438,30187.516600009985,4754.0006981607075
1791066149,1000,,Aggregated,410.400000,0.000000,86,110,140,170,1300,2600,4400,5900,13000,21000,30000,291118,68,86,452.8220089616883,22.37819996662438,30187.516600009985,4754.328835729842
1791066150,1000,,Aggregated,403.800000,0.000000,86,110,140,170,1300,2600,4400,5900,13000,21000,30000,291590,68,86,453.0250552526086,22.37819996662438,30187.516600009985,4754.482739462945
1791066151,1000,,Aggregated,401.600000,0.000000,86,110,140,170,1300,2600,4400,5900,13000,21000,30000,291995,68,86,453.17140909333204,22.37819996662438,30187.516600009985,4754.284340485282
1791066152,1000,,Aggregated,405.000000,0.000000,86,110,140,170,1300,2600,4400,5900,13000,21000,30000,292414,68,86,453.19604303250696,22.37819996662438,30187.516600009985,4754.29155922767
1791066153,1000,,Aggregated,401.700000,0.000000,86,110,140,170,1300,2600,4400,5900,13000,21000,30000,292839,68,86,453.2097186003464,22.37819996662438,30187.516600009985,4754.383077390648
1791066154,1000,,Aggregated,399.500000,0.000000,86,110,140,170,1300,2600,4400,5900,13000,21000,30000,293256,68,86,453.21835279076026,22.37819996662438,30187.516600009985,4754.215801211229
1791066155,1000,,Aggregated,399.400000,0.000000,86,110,140,170,1300,2600,4400,5900,13000,21000,30000,293696,68,86,453.11870731847864,22.37819996662438,30187.516600009985,4754.373495042493
1791066156,1000,,Aggregated,400.100000,0.000000,86,110,140,170,1300,2600,4400,5900,13000,21000,30000,294126,68,86,453.10149533535986,22.37819996662438,30187.516600009985,4754.300140076022
1791066157,1000,,Aggregated,404.300000,0.000000,86,110,140,170,1300,2600,4400,5900,13000,21000,30000,294570,68,86,453.1868656329846,22.37819996662438,30187.516600009985,4754.007628068031
1791066158,1000,,Aggregated,407.800000,0.000000,86,110,140,170,1300,2600,4400,5900,13000,21000,30000,295039,68,86,453.0987705374822,22.37819996662438,30187.516600009985,4753.938387806358
1791066159,1000,,Aggregated,412.700000,0.000000,86,110,140,170,1300,2600,4400,5900,13000,21000,30000,295441,68,86,452.81251891108144,22.37819996662438,30187.516600009985,4753.826520354318
1791066160,1000,,Aggregated,422.800000,0.000000,86,110,140,170,1300,2500,4400,5900,13000,21000,30000,295921,68,86,452.4619847027057,22.37819996662438,30187.516600009985,4753.54054291517
1791066161,1000,,Aggregated,424.600000,0.000000,86,110,140,170,1300,2500,4400,5900,13000,21000,30000,296361,68,86,452.32509998450826,22.37819996662438,30187.516600009985,4753.408150870054
1791066162,1000,,Aggregated,427.500000,0.000000,86,110,140,170,1300,2500,4400,5900,13000,21000,30000,296806,68,86,451.92155825996724,22.37819996662438,30187.516600009985,4753.674026131547
1791066163,1000,,Aggregated,433.800000,0.000000,86,110,140,170,1300,2500,4400,5900,13000,21000,30000,297203,68,86,451.6070986248724,22.37819996662438,30187.516600009985,4754.2341059814335
1791066164,1000,,Aggregated,435.200000,0.000000,86,110,140,170,1300,2500,4400,5900,13000,21000,30000,297630,68,86,451.33741847296324,22.37819996662438,30187.516600009985,4754.4596109263175
1791066165,1000,,Aggregated,428.200000,0.000000,86,110,140,170,1300,2500,4400,5900,13000,21000,30000,298063,68,86,451.3194050704313,22.37819996662438,30187.516600009985,4754.297937013316
1791066166,1000,,Aggregated,429.300000,0.000000,86,110,140,170,1300,2500,4400,5900,13000,21000,30000,298507,68,86,451.2361700751006,22.37819996662438,30187.516600009985,4754.166739808446
1791066167,1000,,Aggregated,432.500000,0.000000,86,110,140,170,1300,2500,4400,5900,13000,21000,30000,298942,68,86,451.03677766693187,22.37819996662438,30187.516600009985,4754.318178777154
1791066168,1000,,Aggregated,432.800000,0.000000,86,110,140,170,1300,2500,4400,5900,13000,21000,30000,299308,68,86,450.8101976101829,22.37819996662438,30187.516600009985,4754.326787122295
1791066169,1000,,Aggregated,434.400000,0.000000,86,110,140,170,1300,2500,4400,5900,13000,21000,30000,299739,68,86,450.50902217198615,22.37819996662438,30187.516600009985,4755.15847120328
1791066170,1000,,Aggregated,429.900000,0.000000,86,110,140,170,1300,2500,4400,5900,13000,21000,30000,300160,68,86,450.45584920711906,22.37819996662438,30187.516600009985,4755.116111407249
1791066171,1000,,Aggregated,422.900000,0.000000,86,110,140,170,1300,2500,4400,5900,13000,21000,30000,300579,68,86,450.5937823407779,22.37819996662438,30187.516600009985,4754.898090019596
1791066172,1000,,Aggregated,421.000000,0.000000,86,110,140,170,1300,2500,4400,5900,13000,21000,30000,301002,68,86,450.4495615972927,22.37819996662438,30187.516600009985,4755.106032518056
1791066173,1000,,Aggregated,419.200000,0.000000,86,110,140,170,1300,2500,4400,5900,13000,21000,30000,301441,68,86,450.41664918909214,22.37819996662438,30187.516600009985,4754.800939487329
1791066174,1000,,Aggregated,415.900000,0.000000,86,110,140,170,1300,2500,4400,5900,13000,21000,30000,301881,68,86,450.2320019862408,22.37819996662438,30187.516600009985,4755.149274051696
1791066175,1000,,Aggregated,425.800000,0.000000,86,110,140,170,1300,2500,4400,5900,13000,21000,30000,302369,68,86,450.0811657633814,22.37819996662438,30187.516600009985,4755.00983566437
1791066176,1000,,Aggregated,417.600000,0.000000,86,110,140,170,1300,2500,4400,5900,13000,21000,30000,302812,68,86,449.9610357928611,22.37819996662438,30187.516600009985,4754.7371471408005
1791066177,1000,,Aggregated,425.000000,0.000000,86,110,140,170,1300,2500,4400,5900,13000,21000,30000,303254,68,86,449.6425331715591,22.37819996662438,30187.516600009985,4754.870587032652
1791066178,1000,,Aggregated,427.000000,0.000000,86,110,140,170,1300,2500,4400,5900,13000,21000,30000,303706,68,86,449.2469902840506,22.37819996662438,30187.516600009985,4754.995291499015
1791066179,1000,,Aggregated,428.300000,0.000000,86,110,140,170,1300,2500,4400,5900,13000,21000,30000,304129,68,86,448.93637464729284,22.37819996662438,30187.516600009985,4755.266495467384
1791066180,1000,,Aggregated,428.700000,0.000000,86,110,140,170,1300,2500,4400,5900,13000,21000,30000,304564,68,86,448.6572520219268,22.37819996662438,30187.516600009985,4755.247869084987
1791066181,1000,,Aggregated,437.000000,0.000000,86,110,140,170,1300,2500,4400,5900,13000,21000,30000,304981,68,86,448.5248209701804,22.37819996662438,30187.516600009985,4755.559064335155
1791066182,1000,,Aggregated,436.400000,0.000000,86,110,140,170,1300,2500,4400,5900,13000,21000,30000,305434,68,86,448.279492431771,22.37819996662438,30187.516600009985,4755.602712861044
1791066183,1000,,Aggregated,430.600000,0.000000,86,110,140,170,1300,2500,4400,5900,13000,21000,30000,305840,68,86,448.1488010005457,22.37819996662438,30187.516600009985,4755.44992479728
1791066184,1000,,Aggregated,439.300000,0.000000,86,110,140,170,1300,2500,4400,5900,13000,21000,30000,306266,68,86,447.84760325111716,22.37819996662438,30187.516600009985,4755.755591544605
1791066185,1000,,Aggregated,436.300000,0.000000,86,110,140,170,1300,2500,4400,5900,13000,21000,30000,306688,68,86,447.6462428041082,22.37819996662438,30187.516600009985,4755.944350610393
1791066186,1000,,Aggregated,442.900000,0.000000,86,110,140,170,1300,2500,4400,5900,13000,21000,30000,307120,68,86,447.54473000686176,22.37819996662438,30187.516600009985,4755.9764033602505
1791066187,1000,,Aggregated,430.900000,0.000000,86,110,140,170,1300,2500,4400,5900,13000,21000,30000,307527,68,86,447.38649804182506,22.37819996662438,30187.516600009985,4756.393819079301
1791066188,1000,,Aggregated,430.400000,0.000000,86,110,140,170,1300,2500,4400,5900,13000,21000,30000,307965,68,86,447.4151674921125,22.37819996662438,30187.516600009985,4756.13620054227
1791066189,1000,,Aggregated,426.400000,0.000000,86,110,140,170,1300,2500,4400,5900,13000,21000,30000,308335,68,86,447.3960887281964,22.37819996662438,30187.516600009985,4756.049044059221
1791066190,1000,,Aggregated,424.700000,0.000000,86,110,140,170,1300,2500,4400,5800,13000,21000,30000,308779,68,86,447.34063214340154,22.37819996662438,30187.516600009985,4756.072449875153
1791066191,1000,,Aggregated,421.900000,0.000000,86,110,140,170,1300,2500,4400,5800,12000,21000,30000,309234,68,86,447.40204894806703,22.37819996662438,30187.516600009985,4755.687896544365
1791066192,1000,,Aggregated,418.400000,0.000000,86,110,140,170,1300,2500,4400,5800,12000,21000,30000,309661,68,86,447.38989202581513,22.37819996662438,30187.516600009985,4755.494317979985
1791066193,1000,,Aggregated,426.900000,0.000000,86,110,140,170,1300,2500,4400,5800,12000,20000,30000,310110,68,86,447.27611660767343,22.37819996662438,30187.516600009985,4755.182096675373
1791066194,1000,,Aggregated,420.100000,0.000000,86,110,140,170,1300,2500,4400,5800,12000,20000,30000,310487,68,86,447.02625115256205,22.37819996662438,30187.516600009985,4755.488297416639
1791066195,1000,,Aggregated,422.000000,0.000000,86,110,140,170,1300,2500,4400,5800,12000,20000,30000,310934,68,86,446.79256973057005,22.37819996662438,30187.516600009985,4755.895399023587
1791066196,1000,,Aggregated,419.300000,0.000000,86,110,140,170,1300,2500,4400,5800,12000,20000,30000,311343,68,86,446.8778700015941,22.37819996662438,30187.516600009985,4755.747330115018
1791066197,1000,,Aggregated,421.900000,0.000000,86,110,140,170,1300,2500,4300,5800,12000,20000,30000,311710,68,86,446.9836109865149,22.37819996662438,30187.516600009985,4755.244968079304
1791066198,1000,,Aggregated,415.600000,0.000000,87,110,140,170,1300,2500,4300,5800,12000,20000,30000,312177,68,87,446.9515751243911,22.37819996662438,30187.516600009985,4755.631567988673
1791066199,1000,,Aggregated,417.000000,0.000000,87,110,140,170,1300,2500,4300,5800,12000,20000,30000,312555,68,87,446.7734507146152,22.37819996662438,30187.516600009985,4755.70911039657
1791066200,1000,,Aggregated,415.000000,0.000000,87,110,140,170,1300,2500,4300,5800,12000,20000,30000,312983,68,87,446.68992674908196,22.37819996662438,30187.516600009985,4755.886051319081
1791066201,1000,,Aggregated,417.300000,0.000000,87,110,140,170,1300,2500,4300,5800,12000,20000,30000,313389,68,87,446.80984598728156,22.37819996662438,30187.516600009985,4755.410078209509
1791066202,1000,,Aggregated,417.800000,0.000000,86,110,140,170,1300,2500,4300,5800,12000,20000,30000,313834,68,86,446.8544177766198,22.37819996662438,30187.516600009985,4755.20740582601
1791066203,1000,,Aggregated,412.300000,0.000000,86,110,140,170,1300,2500,4300,5800,12000,20000,30000,314288,68,86,446.8042358381711,22.37819996662438,30187.516600009985,4754.8897094384765
1791066204,1000,,Aggregated,412.200000,0.000000,86,110,140,170,1300,2500,4300,5800,12000,20000,30000,314710,68,86,446.58970173939997,22.37819996662438,30187.516600009985,4754.8943122239525
1791066205,1000,,Aggregated,411.100000,0.000000,86,110,140,170,1300,2500,4300,5800,12000,20000,30000,315072,68,86,446.4300712199321,22.37819996662438,30187.516600009985,4754.983445053829
1791066206,1000,,Aggregated,415.100000,0.000000,86,110,140,170,1300,2500,4300,5800,12000,20000,30000,315537,68,86,446.25408918448863,22.37819996662438,30187.516600009985,4754.862786297645
1791066207,1000,,Aggregated,414.600000,0.000000,86,110,140,170,1300,2500,4300,5800,12000,20000,30000,315969,68,86,446.16656373696765,22.37819996662438,30187.516600009985,4754.804651722163
1791066208,1000,,Aggregated,415.800000,0.000000,86,110,140,170,1300,2500,4300,5800,12000,20000,30000,316408,68,86,446.0271490300676,22.37819996662438,30187.516600009985,4754.753732522566
1791066209,1000,,Aggregated,415.400000,0.000000,86,110,140,170,1300,2500,4300,5800,12000,20000,30000,316814,68,86,445.94148085818694,22.37819996662438,30187.516600009985,4754.844018888054
1791066210,1000,,Aggregated,419.600000,0.000000,86,110,140,170,1300,2500,4300,5800,12000,20000,30000,317230,68,86,445.773513486132,22.37819996662438,30187.516600009985,4755.09587050405
1791066211,1000,,Aggregated,418.800000,0.000000,86,110,140,170,1300,2500,4300,5800,12000,20000,30000,317605,68,86,445.63179021521876,22.37819996662438,30187.516600009985,4755.304985752743
1791066212,1000,,Aggregated,415.300000,0.000000,86,110,140,170,1300,2500,4300,5800,12000,20000,30000,318032,68,86,445.65406960684646,22.37819996662438,30187.516600009985,4755.217213991045
1791066213,1000,,Aggregated,413.600000,0.000000,86,110,140,170,1300,2500,4300,5800,12000,20000,30000,318445,68,86,445.7851373075531,22.37819996662438,30187.516600009985,4754.937125720297
1791066214,1000,,Aggregated,415.100000,0.000000,86,110,140,170,1300,2500,4300,5800,12000,20000,30000,318849,68,86,445.9223007705961,22.37819996662438,30187.516600009985,4755.225752628988
1791066215,1000,,Aggregated,415.700000,0.000000,86,110,140,170,1300,2500,4300,5800,12000,20000,30000,319220,68,86,445.7824234051839,22.37819996662438,30187.516600009985,4755.414134452729
1791066216,1000,,Aggregated,408.500000,0.000000,86,110,140,170,1300,2500,4300,5800,12000,20000,30000,319649,68,86,445.9323066429182,22.37819996662438,30187.516600009985,4755.186939424181
1791066217,1000,,Aggregated,407.700000,0.000000,86,110,140,170,1300,2500,4300,5800,12000,20000,30000,320081,68,86,445.96474995329874,22.37819996662438,30187.516600009985,4755.083744427192
1791066218,1000,,Aggregated,407.200000,0.000000,86,110,140,170,1300,2500,4300,5800,12000,20000,30000,320502,68,86,445.85675203493645,22.37819996662438,30187.516600009985,4755.052183761723
1791066219,1000,,Aggregated,407.700000,0.000000,86,110,140,170,1300,2500,4300,5800,12000,20000,30000,320930,68,86,445.6095310039587,22.37819996662438,30187.516600009985,4755.128451687284
1791066220,1000,,Aggregated,408.600000,0.000000,86,110,140,170,1300,2500,4300,5800,12000,20000,30000,321336,68,86,445.5860661569205,22.37819996662438,30187.516600009985,4755.260033111758
1791066221,1000,,Aggregated,409.500000,0.000000,86,110,140,170,1300,2500,4300,5800,12000,20000,30000,321783,68,86,445.7330385592166,22.37819996662438,30187.516600009985,4754.995055674165
1791066222,1000,,Aggregated,409.900000,0.000000,86,110,140,170,1300,2500,4300,5800,12000,20000,30000,322213,68,86,445.80980133483234,22.37819996662438,30187.516600009985,4754.783208622867
1791066223,1000,,Aggregated,414.900000,0.000000,86,110,140,170,1300,2500,4300,5800,12000,20000,30000,322667,68,86,445.6361195195041,22.37819996662438,30187.516600009985,4754.934446348712
1791066224,1000,,Aggregated,416.300000,0.000000,86,110,140,170,1300,2500,4300,5800,12000,20000,30000,323091,68,86,445.42952400066605,22.37819996662438,30187.516600009985,4754.898462043201
1791066225,1000,,Aggregated,414.900000,0.000000,86,110,140,170,1300,2500,4300,5800,12000,20000,30000,323451,68,86,445.30993548667243,22.37819996662438,30187.516600009985,4755.043258484284
1791066226,1000,,Aggregated,423.400000,0.000000,86,110,140,170,1300,2500,4300,5800,12000,20000,30000,323901,68,86,445.10463588997965,22.37819996662438,30187.516600009985,4755.11112963529
1791066227,1000,,Aggregated,422.300000,0.000000,86,110,140,170,1300,2500,4300,5800,12000,20000,30000,324347,68,86,445.20473443287955,22.37819996662438,30187.516600009985,4754.786469429346
1791066228,1000,,Aggregated,422.800000,0.000000,86,110,140,170,1300,2500,4300,5800,12000,20000,30000,324791,68,86,445.1903757425582,22.37819996662438,30187.516600009985,4754.81293816639
1791066229,1000,,Aggregated,422.100000,0.000000,86,110,140,170,1300,2500,4300,5800,12000,20000,30000,325217,68,86,444.9696205791888,22.37819996662438,30187.516600009985,4754.915742411989
1791066230,1000,,Aggregated,422.000000,0.000000,86,110,140,170,1300,2500,4300,5800,12000,20000,30000,325637,68,86,444.93539929523365,22.37819996662438,30187.516600009985,4754.66008776644
1791066231,1000,,Aggregated,422.500000,0.000000,86,110,140,170,1300,2500,4300,5800,12000,20000,30000,326068,68,86,444.8022122977485,22.37819996662438,30187.516600009985,4755.162751327944
1791066232,1000,,Aggregated,426.800000,0.000000,86,110,140,170,1300,2500,4300,5800,12000,20000,30000,326516,68,86,444.6883825298059,22.37819996662438,30187.516600009985,4754.743807347879
1791066233,1000,,Aggregated,420.600000,0.000000,86,110,140,170,1300,2500,4300,5800,12000,20000,30000,326972,68,86,444.4694653117137,22.37819996662438,30187.516600009985,4754.62911197289
1791066234,1000,,Aggregated,422.200000,0.000000,86,110,140,170,1300,2500,4300,5800,12000,20000,30000,327420,68,86,444.34099777625494,22.37819996662438,30187.516600009985,4754.600815466373
1791066235,1000,,Aggregated,422.400000,0.000000,86,110,140,170,1300,2500,4300,5800,12000,20000,30000,327809,68,86,444.0575319545875,22.37819996662438,30187.516600009985,4754.94879945334
1791066236,1000,,Aggregated,424.800000,0.000000,86,110,140,170,1300,2500,4300,5800,12000,20000,30000,328223,68,86,443.8238107841348,22.37819996662438,30187.516600009985,4755.0108584712225
1791066237,1000,,Aggregated,427.700000,0.000000,86,110,140,170,1300,2500,4300,5800,12000,20000,30000,328636,68,86,443.72880578999695,22.37819996662438,30187.516600009985,4754.942760379265
1791066238,1000,,Aggregated,427.000000,0.000000,86,110,140,170,1300,2500,4300,5800,12000,20000,30000,329041,68,86,443.7927351141692,22.37819996662438,30187.516600009985,4754.850295251959
1791066239,1000,,Aggregated,423.100000,0.000000,86,110,140,170,1300,2500,4300,5800,12000,20000,30000,329460,68,86,443.6893149632768,22.37819996662438,30187.516600009985,4755.145277120136
1791066240,1000,,Aggregated,422.600000,0.000000,86,110,140,170,1300,2500,4300,5800,12000,20000,30000,329869,68,86,443.55933131667706,22.37819996662438,30187.516600009985,4755.41407952854
1791066241,1000,,Aggregated,422.000000,0.000000,86,110,140,170,1300,2500,4300,5800,12000,20000,30000,330310,68,86,443.7245493581817,22.37819996662438,30187.516600009985,4755.092682631467
1791066242,1000,,Aggregated,419.200000,0.000000,86,110,140,170,1300,2500,4300,5800,12000,20000,30000,330740,68,86,443.6829677024269,22.37819996662438,30187.516600009985,4754.9045080728065
1791066243,1000,,Aggregated,422.800000,0.000000,86,110,140,170,1300,2500,4300,5800,12000,20000,30000,331205,68,86,443.6146364707691,22.37819996662438,30187.516600009985,4754.818948989297
1791066244,1000,,Aggregated,419.800000,0.000000,86,110,140,170,1300,2500,4300,5800,12000,20000,30000,331638,68,86,443.47057794252,22.37819996662438,30187.516600009985,4754.764095188127
1791066245,1000,,Aggregated,419.900000,0.000000,86,110,140,170,1300,2500,4300,5800,12000,20000,30000,332030,68,86,443.2593247486735,22.37819996662438,30187.516600009985,4754.884793542752
1791066247,1000,,Aggregated,419.400000,0.000000,86,110,140,170,1300,2500,4300,5800,12000,20000,30000,332467,68,86,443.03543517342365,22.37819996662438,30187.516600009985,4755.082558569723
1791066248,1000,,Aggregated,418.600000,0.000000,86,110,140,170,1300,2500,4300,5800,12000,20000,30000,332855,68,86,443.03352972466485,22.37819996662438,30187.516600009985,4755.16576587403
1791066249,1000,,Aggregated,423.400000,0.000000,86,110,140,170,1300,2500,4300,5800,12000,20000,30000,333290,68,86,442.9377405127742,22.37819996662438,30187.516600009985,4755.230838008941
1791066250,1000,,Aggregated,423.400000,0.000000,86,110,140,170,1300,2500,4300,5800,12000,20000,30000,333731,68,86,442.8754260665108,22.37819996662438,30187.516600009985,4755.227935073457
1791066251,1000,,Aggregated,421.600000,0.000000,86,110,140,170,1300,2500,4300,5800,12000,20000,30000,334162,68,86,442.76696448699545,22.37819996662438,30187.516600009985,4755.213345622782
1791066252,1000,,Aggregated,425.200000,0.000000,86,110,140,170,1300,2500,4300,5700,12000,20000,30000,334584,68,86,442.59813955450034,22.37819996662438,30187.516600009985,4755.0915345623225
1791066253,1000,,Aggregated,426.600000,0.000000,86,110,140,170,1300,2500,4300,5700,12000,20000,30000,335032,68,86,442.60024017825947,22.37819996662438,30187.516600009985,4754.8437014971705
1791066254,1000,,Aggregated,425.100000,0.000000,86,110,140,170,1300,2500,4300,5700,12000,20000,30000,335445,68,86,442.4471326551378,22.37819996662438,30187.516600009985,4754.945505224403
1791066255,1000,,Aggregated,426.400000,0.000000,86,110,140,170,1300,2500,4300,5700,12000,20000,30000,335907,68,86,442.23528791541486,22.37819996662438,30187.516600009985,4754.812498697556
1791066256,1000,,Aggregated,421.800000,0.000000,86,110,140,170,1300,2500,4300,5700,12000,20000,30000,336317,68,86,442.0695873735268,22.37819996662438,30187.516600009985,4754.8696497649535
1791066257,1000,,Aggregated,423.600000,0.000000,86,110,140,170,1200,2500,4300,5700,12000,20000,30000,336772,68,86,441.9162751971754,22.37819996662438,30187.516600009985,4755.077975603673
1791066258,1000,,Aggregated,426.500000,0.000000,86,110,140,170,1200,2500,4300,5700,12000,20000,30000,337204,68,86,441.8000121238282,22.37819996662438,30187.516600009985,4754.95805506459
1791066259,1000,,Aggregated,425.700000,0.000000,86,110,140,170,1200,2500,4300,5700,12000,20000,30000,337619,68,86,441.61070170044417,22.37819996662438,30187.516600009985,4754.946321148987
1791066260,1000,,Aggregated,432.300000,0.000000,86,110,140,170,1200,2500,4300,5700,12000,20000,30000,338043,68,86,441.3557859577113,22.37819996662438,30187.516600009985,4754.973331795068
1791066261,1000,,Aggregated,429.100000,0.000000,86,110,140,170,1200,2500,4300,5700,12000,20000,30000,338466,68,86,441.2129268854272,22.37819996662438,30187.516600009985,4755.2617338226
1791066262,1000,,Aggregated,429.200000,0.000000,86,110,140,170,1200,2500,4300,5700,12000,20000,30000,338877,68,86,441.13177861083193,22.37819996662438,30187.516600009985,4755.342605134017
1791066263,1000,,Aggregated,427.300000,0.000000,86,110,140,170,1200,2500,4300,5700,12000,20000,30000,339337,68,86,440.99505762325566,22.37819996662438,30187.516600009985,4755.372685560372
1791066264,1000,,Aggregated,427.100000,0.000000,86,110,140,170,1200,2500,4300,5700,12000,20000,30000,339763,68,86,440.9464720796634,22.37819996662438,30187.516600009985,4755.308797603035
1791066265,1000,,Aggregated,425.500000,0.000000,86,110,140,170,1200,2500,4300,5700,12000,20000,30000,340202,68,86,440.95193074233134,22.37819996662438,30187.516600009985,4755.078570966661
1791066266,1000,,Aggregated,427.000000,0.000000,86,110,140,170,1200,2500,4300,5700,12000,20000,30000,340629,68,86,440.8376021557256,22.37819996662438,30187.516600009985,4754.96030872298
1791066267,1000,,Aggregated,426.100000,0.000000,86,110,140,170,1200,2500,4300,5700,12000,20000,30000,341058,68,86,440.6396187724752,22.37819996662438,30187.516600009985,4755.193647414809
1791066268,1000,,Aggregated,429.000000,0.000000,86,110,140,170,1200,2500,4300,5700,12000,20000,30000,341506,68,86,440.44294931100086,22.37819996662438,30187.516600009985,4755.112557319637
1791066269,1000,,Aggregated,425.600000,0.000000,86,110,140,170,1200,2500,4300,5700,12000,20000,30000,341939,68,86,440.2464647431338,22.37819996662438,30187.516600009985,4755.015324370721
1791066270,1000,,Aggregated,428.200000,0.000000,86,110,140,170,1200,2500,4300,5700,12000,20000,30000,342378,68,86,440.0910807952093,22.37819996662438,30187.516600009985,4754.947946421791
1791066271,1000,,Aggregated,428.900000,0.000000,86,110,140,170,1200,2500,4300,5700,12000,20000,30000,342812,68,86,439.8907919553647,22.37819996662438,30187.516600009985,4754.96268800392
1791066272,1000,,Aggregated,427.400000,0.000000,86,110,140,170,1200,2500,4300,5700,12000,20000,30000,343279,68,86,439.7512465743696,22.37819996662438,30187.516600009985,4755.1576123211735
1791066273,1000,,Aggregated,428.800000,0.000000,86,110,140,170,1200,2500,4200,5700,12000,20000,30000,343715,68,86,439.69576630261423,22.37819996662438,30187.516600009985,4754.954214974616
1791066274,1000,,Aggregated,433.000000,0.000000,86,110,140,170,1200,2500,4200,5700,12000,20000,30000,344146,68,86,439.5237297809735,22.37819996662438,30187.516600009985,4755.248728737222
1791066275,1000,,Aggregated,434.100000,0.000000,86,110,140,170,1200,2500,4200,5700,12000,20000,30000,344618,68,86,439.30721784382564,22.37819996662438,30187.516600009985,4755.05253352988
1791066276,1000,,Aggregated,435.100000,0.000000,86,110,140,170,1200,2500,4200,5700,12000,20000,30000,344986,68,86,439.0992469540911,22.37819996662438,30187.516600009985,4755.300273054559
1791066277,1000,,Aggregated,434.200000,0.000000,86,110,140,170,1200,2500,4200,5700,12000,20000,30000,345426,68,86,438.86411336293156,22.37819996662438,30187.516600009985,4755.370580095303
1791066278,1000,,Aggregated,431.000000,0.000000,86,110,140,170,1200,2500,4200,5700,12000,20000,30000,345865,68,86,438.7294218001324,22.37819996662438,30187.516600009985,4755.191843638414
1791066279,1000,,Aggregated,431.300000,0.000000,86,110,140,170,1200,2500,4200,5700,12000,20000,30000,346313,68,86,438.56645177369273,22.37819996662438,30187.516600009985,4755.119080138487
1791066280,1000,,Aggregated,429.200000,0.000000,86,110,140,170,1200,2500,4200,5700,12000,20000,30000,346726,68,86,438.40988219718827,22.37819996662438,30187.516600009985,4755.125577545382
1791066281,1000,,Aggregated,432.200000,0.000000,86,110,140,170,1200,2500,4200,5700,12000,20000,30000,347141,68,86,438.3530563658645,22.37819996662438,30187.516600009985,4755.107146663748
1791066282,1000,,Aggregated,428.200000,0.000000,86,110,140,170,1200,2500,4200,5700,12000,20000,30000,347564,68,86,438.2034889637671,22.37819996662438,30187.516600009985,4755.0403292631
1791066283,1000,,Aggregated,425.500000,0.000000,86,110,140,170,1200,2500,4200,5700,12000,20000,30000,347995,68,86,438.09313220104355,22.37819996662438,30187.516600009985,4755.107967068492
1791066284,1000,,Aggregated,426.400000,0.000000,86,110,140,170,1200,2500,4200,5700,12000,20000,30000,348473,68,86,437.8749099953284,22.37819996662438,30187.516600009985,4755.308973722498
1791066285,1000,,Aggregated,424.500000,0.000000,86,110,140,170,1200,2500,4200,5700,12000,20000,30000,348905,68,86,437.7587519396472,22.37819996662438,30187.516600009985,4755.358149066365
1791066286,1000,,Aggregated,426.000000,0.000000,86,110,140,170,1200,2500,4200,5700,12000,20000,30000,349346,68,86,437.70742245596705,22.37819996662438,30187.516600009985,4755.321308960171
1791066287,1000,,Aggregated,428.900000,0.000000,86,110,140,170,1200,2500,4200,5700,12000,20000,30000,349792,68,86,437.45134254557445,22.37819996662438,30187.516600009985,4755.634208329521
1791066288,1000,,Aggregated,431.600000,0.000000,86,110,140,170,1200,2500,4200,5700,12000,20000,30000,350216,68,86,437.34455234855466,22.37819996662438,30187.516600009985,4755.422327934761
1791066289,1000,,Aggregated,431.500000,0.000000,86,110,140,170,1200,2500,4200,5700,12000,20000,30000,350653,68,86,437.2345904831836,22.37819996662438,30187.516600009985,4755.582322124722
1791066290,1000,,Aggregated,431.900000,0.000000,86,110,140,170,1200,2500,4200,5600,12000,20000,30000,351094,68,86,436.9923467965842,22.37819996662438,30187.516600009985,4755.647615738235
1791066291,1000,,Aggregated,429.100000,0.000000,86,110,140,170,1200,2500,4200,5600,12000,20000,30000,351526,68,86,436.97951440718225,22.37819996662438,30187.516600009985,4755.462438055791
1791066292,1000,,Aggregated,433.300000,0.000000,86,110,140,170,1200,2500,4200,5600,12000,20000,30000,352004,68,86,436.68858235275525,22.37819996662438,30187.516600009985,4755.805104487449
1791066293,1000,,Aggregated,440.200000,0.000000,86,110,140,170,1200,2500,4200,5600,12000,20000,30000,352448,68,86,436.46372758023335,22.37819996662438,30187.516600009985,4755.670487561286
1791066294,1000,,Aggregated,438.500000,0.000000,86,110,140,170,1200,2500,4200,5600,12000,20000,30000,352895,68,86,436.2258861944742,22.37819996662438,30187.516600009985,4755.64851584749
1791066295,1000,,Aggregated,440.300000,0.000000,86,110,140,170,1200,2500,4200,5600,12000,20000,30000,353356,68,86,435.9693864091728,22.37819996662438,30187.516600009985,4755.863256885407
1791066296,1000,,Aggregated,438.500000,0.000000,86,110,140,170,1200,2500,4200,5600,12000,20000,30000,353803,68,86,435.6965756248537,22.37819996662438,30187.516600009985,4755.82662668208
1791066297,1000,,Aggregated,438.400000,0.000000,86,110,140,170,1200,2500,4200,5600,12000,20000,30000,354140,68,86,435.63532463969125,22.37819996662438,30187.516600009985,4755.7107443383975
1791066298,1000,,Aggregated,440.400000,0.000000,87,110,140,170,1200,2500,4200,5600,12000,20000,30000,354641,68,87,435.3512434453457,22.37819996662438,30187.516600009985,4756.104508502965
1791066299,1000,,Aggregated,441.000000,0.000000,87,110,140,170,1200,2500,4200,5600,12000,20000,30000,355061,68,87,435.18692564742685,22.37819996662438,30187.516600009985,4756.169824340043
1791066300,1000,,Aggregated,440.600000,0.000000,87,110,140,170,1200,2500,4200,5600,12000,20000,30000,355465,68,87,435.04463807998417,22.37819996662438,30187.516600009985,4756.255245945452
1791066301,1000,,Aggregated,439.800000,0.000000,87,110,140,170,1200,2500,4200,5600,12000,20000,30000,355864,68,87,434.8722754335967,22.37819996662438,30187.516600009985,4756.549825214127
1791066302,1000,,Aggregated,437.400000,0.000000,87,110,140,170,1200,2500,4200,5600,12000,20000,30000,356296,68,87,434.91406540966864,22.37819996662438,30187.516600009985,4756.278894514673
1791066303,1000,,Aggregated,432.600000,0.000000,87,110,140,170,1200,2500,4200,5600,12000,20000,30000,356728,68,87,434.97822109927995,22.37819996662438,30187.516600009985,4756.260722455204
1791066304,1000,,Aggregated,428.100000,0.000000,87,110,140,170,1200,2500,4200,5600,12000,20000,30000,357165,68,87,435.06229649546884,22.37819996662438,30187.516600009985,4756.1069533688915
1791066305,1000,,Aggregated,426.800000,0.000000,87,110,140,170,1200,2500,4200,5600,12000,20000,30000,357609,68,87,435.02737666083397,22.37819996662438,30187.516600009985,4756.07879275969
1791066306,1000,,Aggregated,425.800000,0.000000,86,110,140,170,1200,2500,4200,5600,12000,20000,30000,358044,68,86,434.94517353985606,22.37819996662438,30187.516600009985,4755.990738568444
1791066307,1000,,Aggregated,424.500000,0.000000,86,110,140,170,1200,2500,4200,5600,12000,20000,30000,358468,68,86,434.69149710351746,22.37819996662438,30187.516600009985,4756.273274043987
1791066308,1000,,Aggregated,421.800000,0.000000,86,110,140,170,1200,2500,4200,5600,12000,20000,30000,358894,68,86,434.5470961016452,22.37819996662438,30187.516600009985,4756.129227571372
1791066309,1000,,Aggregated,421.600000,0.000000,87,110,140,170,1200,2500,4200,5600,12000,20000,30000,359322,68,87,434.4556855040971,22.37819996662438,30187.516600009985,4756.188415961171
1791066310,1000,,Aggregated,420.400000,0.000000,87,110,140,170,1200,2500,4200,5600,12000,20000,30000,359746,68,87,434.37638538080654,22.37819996662438,30187.516600009985,4756.242646200375
1791066311,1000,,Aggregated,421.400000,0.000000,87,110,140,170,1200,2500,4200,5600,12000,20000,30000,360166,68,87,434.2828938159152,22.37819996662438,30187.516600009985,4756.14153473676
1791066312,1000,,Aggregated,420.700000,0.000000,86,110,140,170,1200,2500,4200,5600,12000,20000,30000,360631,68,86,434.26665937538036,22.37819996662438,30187.516600009985,4756.018326211557
1791066313,1000,,Aggregated,424.000000,0.000000,87,110,140,170,1200,2500,4200,5600,12000,20000,30000,360965,68,87,434.27142240134765,22.37819996662438,30187.516600009985,4755.684318424224
1791066314,1000,,Aggregated,426.700000,0.000000,87,110,140,170,1200,2500,4200,5600,12000,20000,30000,361481,68,87,434.1006650487896,22.37819996662438,30187.516600009985,4755.984145778063
1791066315,1000,,Aggregated,428.200000,0.000000,86,110,140,170,1200,2500,4200,5600,12000,20000,30000,361927,68,86,434.010862549631,22.37819996662438,30187.516600009985,4755.7343138257165
1791066316,1000,,Aggregated,428.000000,0.000000,86,110,140,170,1200,2500,4200,5600,12000,20000,30000,362342,68,86,433.92465416319317,22.37819996662438,30187.516600009985,4755.508365025307
1791066317,1000,,Aggregated,426.200000,0.000000,86,110,140,170,1200,2500,4200,5600,12000,20000,30000,362850,68,86,433.62635290643533,22.37819996662438,30187.516600009985,4755.633454595563
1791066318,1000,,Aggregated,427.500000,0.000000,86,110,140,170,1200,2500,4200,5600,12000,20000,30000,363257,68,86,433.351988585216,22.37819996662438,30187.516600009985,4755.871223403816
1791066319,1000,,Aggregated,432.600000,0.000000,86,110,140,170,1200,2500,4200,5600,12000,20000,30000,363671,68,86,433.07201347894,22.37819996662438,30187.516600009985,4755.970855526011
1791066320,1000,,Aggregated,425.500000,0.000000,86,110,140,170,1200,2400,4200,5600,12000,20000,30000,364116,68,86,432.8233891463139,22.37819996662438,30187.516600009985,4756.080597941315
1791066321,1000,,Aggregated,432.800000,0.000000,87,110,140,170,1200,2400,4200,5600,12000,20000,30000,364510,68,87,432.6568170187363,22.37819996662438,30187.516600009985,4756.186998984938
1791066322,1000,,Aggregated,436.500000,0.000000,86,110,140,170,1200,2400,4200,5600,12000,20000,30000,364949,68,86,432.539727895678,22.37819996662438,30187.516600009985,4756.226176808266
1791066323,1000,,Aggregated,432.100000,0.000000,86,110,140,170,1200,2400,4200,5600,12000,20000,30000,365376,68,86,432.551287419261,22.37819996662438,30187.516600009985,4755.98404930811
1791066324,1000,,Aggregated,427.400000,0.000000,86,110,140,170,1200,2500,4200,5600,12000,20000,30000,365834,68,86,432.5532671118599,22.37819996662438,30187.516600009985,4755.912372824833
1791066325,1000,,Aggregated,427.800000,0.000000,86,110,140,170,1200,2400,4200,5600,12000,20000,30000,366268,68,86,432.4432726118568,22.37819996662438,30187.516600009985,4756.062899297782
1791066326,1000,,Aggregated,429.200000,0.000000,86,110,140,170,1200,2400,4200,5600,12000,20000,30000,366696,68,86,432.457416974552,22.37819996662438,30187.516600009985,4755.958434234352
1791066327,1000,,Aggregated,432.100000,0.000000,86,110,140,170,1200,2400,4200,5600,12000,20000,30000,367137,68,86,432.3059414924133,22.37819996662438,30187.516600009985,4756.134835224998
1791066328,1000,,Aggregated,429.000000,0.000000,86,110,140,170,1200,2400,4200,5600,12000,20000,30000,367576,68,86,432.1438190551055,22.37819996662438,30187.516600009985,4756.269601388556
1791066329,1000,,Aggregated,427.400000,0.000000,86,110,140,170,1200,2400,4200,5600,12000,20000,30000,367935,68,86,432.1298671681121,22.37819996662438,30187.516600009985,4756.135893568157
1791066330,1000,,Aggregated,436.300000,0.000000,86,110,140,170,1200,2400,4200,5600,12000,20000,30000,368433,68,86,431.9021583183381,22.37819996662438,30187.516600009985,4756.2811148838455
1791066331,1000,,Aggregated,426.400000,0.000000,86,110,140,170,1200,2400,4100,5600,12000,20000,30000,368875,68,86,431.8636488783488,22.37819996662438,30187.516600009985,4756.133907150119
1791066332,1000,,Aggregated,422.800000,0.000000,86,110,140,170,1200,2400,4100,5600,12000,20000,30000,369314,68,86,431.69184854189376,22.37819996662438,30187.516600009985,4756.172855618796
1791066333,1000,,Aggregated,430.400000,0.000000,86,110,140,170,1200,2400,4100,5600,12000,20000,30000,369766,68,86,431.5427591338885,22.37819996662438,30187.516600009985,4756.181541839975
1791066334,1000,,Aggregated,433.600000,0.000000,86,110,140,170,1200,2400,4100,5600,12000,20000,30000,370191,68,86,431.34411884162927,22.37819996662438,30187.516600009985,4756.325280733459
1791066336,1000,,Aggregated,435.500000,0.000000,86,110,140,170,1200,2400,4100,5600,12000,20000,30000,370572,68,86,431.6949958105348,22.37819996662438,30187.516600009985,4755.618171367508
