Timestamp,User Count,Type,Name,Requests/s,Failures/s,50%,66%,75%,80%,90%,95%,98%,99%,99.9%,99.99%,100%,Total Request Count,Total Failure Count,Total Median Response Time,Total Average Response Time,Total Min Response Time,Total Max Response Time,Total Average Content Size
1791067931,0,,Aggregated,0.000000,0.000000,N/A,N/A,N/A,N/A,N/A,N/A,N/A,N/A,N/A,N/A,N/A,0,0,0,0.0,0,0,0
1791067932,10,,Aggregated,0.000000,0.000000,850,890,900,900,930,940,940,940,940,940,940,16,0,780,573.8043187520816,27.915300044696778,942.7631000289693,4777.375
1791067933,30,,Aggregated,0.000000,0.000000,300,570,600,850,900,930,940,940,940,940,940,40,0,290,390.0180025026202,7.184099988080561,942.7631000289693,5201.125
1791067934,40,,Aggregated,0.000000,0.000000,200,350,420,570,870,900,930,940,940,940,940,69,0,200,292.7597927569034,6.5274000517092645,942.7631000289693,5219.420289855072
1791067935,50,,Aggregated,10.000000,0.000000,140,260,360,390,600,890,920,930,940,940,940,106,0,130,236.98733584902618,3.131300036329776,942.7631000289693,5233.311320754717
1791067936,60,,Aggregated,13.666667,0.000000,100,250,300,350,540,850,920,930,940,940,940,142,0,94,200.8001443644671,3.131300036329776,942.7631000289693,5237.056338028169
1791067937,70,,Aggregated,17.500000,0.000000,110,200,290,320,470,600,900,930,940,940,940,184,0,100,189.48787282525976,3.131300036329776,942.7631000289693,5146.054347826087
1791067938,80,,Aggregated,22.200000,0.000000,86,200,280,320,480,590,900,920,940,940,940,231,0,86,182.36307402542548,3.131300036329776,942.7631000289693,5155.943722943723
1791067940,90,,Aggregated,23.666667,0.000000,86,200,290,330,500,580,890,920,940,940,940,278,0,86,183.61290575427225,3.131300036329776,942.7631000289693,5038.845323741008
1791067941,100,,Aggregated,26.428571,0.000000,93,190,280,320,510,630,870,900,940,940,940,342,0,91,186.38268508693088,3.131300036329776,942.7631000289693,5035.891812865497
1791067942,110,,Aggregated,28.875000,0.000000,120,230,310,390,570,670,890,900,940,940,940,396,0,120,210.3224441919457,3.131300036329776,942.7631000289693,5031.944444444444
1791067943,120,,Aggregated,34.200000,0.000000,110,210,290,360,540,660,890,900,940,940,940,460,0,110,197.74486326129156,3.131300036329776,942.7631000289693,5037.667391304348
1791067944,130,,Aggregated,39.600000,0.000000,100,200,270,320,510,630,890,890,940,940,940,536,0,100,189.05599309703155,3.131300036329776,942.7631000289693,5016.940298507463
1791067945,140,,Aggregated,43.800000,0.000000,91,190,260,310,510,600,880,890,940,940,940,615,0,91,181.75755658563665,3.131300036329776,942.7631000289693,4980.079674796748
1791067946,150,,Aggregated,49.400000,0.000000,91,190,260,310,500,590,870,890,940,940,940,694,0,91,179.78516801126887,3.131300036329776,942.7631000289693,4974.863112391931
1791067947,160,,Aggregated,54.100000,0.000000,110,210,290,350,510,600,850,890,940,940,940,767,0,110,191.31624641425415,3.131300036329776,942.7631000289693,4948.509778357236
1791067948,170,,Aggregated,58.000000,0.000000,120,220,310,360,530,630,780,890,940,940,940,863,0,120,200.25729999941183,3.131300036329776,942.7631000289693,4927.877172653534
1791067949,180,,Aggregated,62.200000,0.000000,110,220,310,360,520,600,770,890,940,940,940,943,0,110,196.3824602327268,3.131300036329776,942.7631000289693,4918.778366914104
1791067950,190,,Aggregated,67.600000,0.000000,120,230,310,380,550,670,870,890,930,940,940,1020,0,120,207.5798046072105,3.131300036329776,942.7631000289693,4927.864705882353
1791067951,200,,Aggregated,70.900000,0.000000,120,240,330,400,570,710,880,900,1400,1500,1500,1139,0,120,219.55546347589558,3.131300036329776,1472.2144000115804,4901.103599648814
1791067952,210,,Aggregated,73.600000,0.000000,130,250,340,420,570,740,870,900,1400,1500,1500,1222,0,130,227.05513093201938,3.131300036329776,1472.2144000115804,4905.444353518822
1791067953,220,,Aggregated,79.500000,0.000000,130,250,340,400,570,720,870,900,1400,1500,1500,1348,0,130,222.16050867866124,3.131300036329776,1472.2144000115804,4878.973293768546
1791067954,230,,Aggregated,81.500000,0.000000,130,250,340,410,570,750,890,940,1400,1500,1500,1411,0,130,228.22333359232795,3.131300036329776,1472.2144000115804,4899.869596031183
1791067955,240,,Aggregated,88.800000,0.000000,130,250,340,430,590,800,900,970,1500,1500,1500,1577,0,130,234.53016366447739,3.131300036329776,1520.6585999694653,4874.729866835764
1791067956,250,,Aggregated,0.000000,0.000000,210,320,340,420,530,860,860,860,860,860,860,15,0,210,281.46355333349976,53.05739998584613,860.2883999701589,3373.9333333333334
1791067957,250,,Aggregated,0.000000,0.000000,69,130,170,200,320,430,820,860,890,890,890,156,0,69,138.1571602579266,2.614300057757646,887.4463000101969,4628.967948717948
1791067958,250,,Aggregated,0.000000,0.000000,130,180,250,290,420,520,660,830,890,890,890,259,0,130,176.394416215968,2.614300057757646,887.4463000101969,4552.610038610039
1791067959,250,,Aggregated,72.500000,0.000000,63,130,180,230,350,480,650,690,890,890,890,401,0,63,134.0489109733927,2.528199984226376,887.4463000101969,4604.663341645885
1791067960,250,,Aggregated,80.666667,0.000000,45,84,150,180,320,430,590,690,890,890,890,512,0,45,108.94228066524647,2.3111000191420317,887.4463000101969,4640.333984375
1791067961,250,,Aggregated,97.750000,0.000000,40,69,120,160,280,410,570,680,890,890,890,618,0,39,97.03042928877657,2.3111000191420317,887.4463000101969,4682.574433656958
1791067962,250,,Aggregated,99.600000,0.000000,45,95,160,200,340,490,650,690,890,890,890,771,0,45,118.31946485174878,2.3111000191420317,887.4463000101969,4633.853437094682
1791067963,250,,Aggregated,100.666667,0.000000,39,75,130,180,320,470,650,690,890,890,890,870,0,39,107.57879873613248,2.3111000191420317,887.4463000101969,4645.998850574712
1791067964,250,,Aggregated,107.714286,0.000000,36,63,110,150,300,430,620,680,890,890,890,989,0,36,98.568562993413,2.3111000191420317,887.4463000101969,4666.543983822043
1791067965,250,,Aggregated,105.500000,0.000000,41,79,130,180,320,430,650,720,890,900,900,1070,0,41,110.13883439270197,2.3111000191420317,902.1134999929927,4714.5046728971965
1791067966,250,,Aggregated,107.333333,0.000000,47,95,160,220,360,540,730,830,970,1000,1000,1218,0,47,127.01411108394215,2.3111000191420317,1009.1434000059962,4662.749589490969
1791067967,250,,Aggregated,104.500000,0.000000,45,87,150,200,350,520,710,820,970,1000,1000,1322,0,45,121.39373888064713,2.3111000191420317,1009.1434000059962,4691.868381240544
1791067968,250,,Aggregated,119.200000,0.000000,48,110,180,230,370,540,700,820,970,1000,1000,1463,0,48,130.82510348612644,2.3111000191420317,1009.1434000059962,4684.015721120984
1791067969,250,,Aggregated,116.100000,0.000000,44,94,160,210,350,520,700,810,970,1000,1000,1574,0,44,123.17946588339785,2.3111000191420317,1009.1434000059962,4688.238881829733
1791067970,250,,Aggregated,116.400000,0.000000,38,78,140,190,330,510,690,810,970,1000,1000,1699,0,38,114.68951006497659,2.3111000191420317,1009.1434000059962,4717.629782224838
1791067971,250,,Aggregated,115.600000,0.000000,35,68,130,180,320,500,680,770,970,1000,1000,1821,0,35,108.36958989592674,2.3111000191420317,1009.1434000059962,4722.503569467326
1791067972,250,,Aggregated,117.600000,0.000000,37,74,140,180,330,510,680,770,970,1000,1000,1923,0,37,112.65458185163371,2.3111000191420317,1009.1434000059962,4724.527821112844
1791067973,250,,Aggregated,118.300000,0.000000,36,67,130,180,320,500,670,760,900,1000,1000,2059,0,36,107.68982219552638,2.3111000191420317,1009.1434000059962,4718.965031568723
1791067974,250,,Aggregated,110.700000,0.000000,33,61,110,160,310,480,670,760,900,1000,1000,2182,0,33,102.89784092600688,2.3111000191420317,1009.1434000059962,4699.890467461045
1791067975,250,,Aggregated,118.300000,0.000000,31,56,100,150,300,470,660,750,900,1000,1000,2311,0,31,98.22399247105648,2.3111000191420317,1009.1434000059962,4708.144526179143
1791067976,250,,Aggregated,117.500000,0.000000,29,51,92,140,290,440,660,740,900,1000,1000,2435,0,29,93.7638427516459,2.3111000191420317,1009.1434000059962,4712.48295687885
1791067977,250,,Aggregated,123.400000,0.000000,26,48,84,130,280,430,650,730,900,1000,1000,2555,0,26,89.71984540148767,2.3111000191420317,1009.1434000059962,4725.400391389432
1791067978,250,,Aggregated,119.900000,0.000000,24,45,74,120,260,420,650,730,900,1000,1000,2685,0,24,85.95863273790023,2.209199999924749,1009.1434000059962,4733.529981378026
1791067979,250,,Aggregated,121.800000,0.000000,24,44,69,110,250,410,640,710,900,1000,1000,2808,0,24,83.57974156031538,2.209199999924749,1009.1434000059962,4739.853276353277
1791067980,250,,Aggregated,123.900000,0.000000,26,47,80,130,280,430,660,750,970,1000,1000,2888,0,26,89.34782825527991,2.209199999924749,1009.1434000059962,4748.798476454293
1791067981,250,,Aggregated,122.600000,0.000000,26,47,81,130,280,430,660,770,970,1000,1000,3051,0,26,90.78633621802751,2.209199999924749,1024.6012000134215,4749.448049819731
1791067982,250,,Aggregated,116.600000,0.000000,25,46,76,120,270,430,660,770,970,1000,1000,3162,0,25,88.413727672788,2.209199999924749,1024.6012000134215,4754.728969006957
1791067983,250,,Aggregated,122.300000,0.000000,24,44,70,110,260,430,650,760,970,1000,1000,3276,0,24,85.96735076372349,2.209199999924749,1024.6012000134215,4744.82967032967
1791067984,250,,Aggregated,126.100000,0.000000,23,42,65,100,250,420,650,750,970,1000,1000,3409,0,23,83.21881290757004,2.209199999924749,1024.6012000134215,4747.0108536227635
1791067985,250,,Aggregated,121.600000,0.000000,22,41,62,95,250,410,650,750,970,1000,1000,3531,0,22,81.10771560507368,2.209199999924749,1024.6012000134215,4746.642027754177
1791067986,250,,Aggregated,122.900000,0.000000,21,39,59,91,240,400,640,750,970,1000,1000,3655,0,21,78.73236563666016,2.209199999924749,1024.6012000134215,4757.390697674418
1791067987,250,,Aggregated,120.300000,0.000000,20,37,56,84,230,400,630,740,970,1000,1000,3769,0,20,76.64506439426971,2.209199999924749,1024.6012000134215,4745.308569912444
1791067988,250,,Aggregated,121.300000,0.000000,21,38,59,90,240,400,620,730,970,1000,1000,3857,0,21,77.37022330875212,2.209199999924749,1024.6012000134215,4749.341716359865
1791067989,250,,Aggregated,118.900000,0.000000,21,39,61,94,250,400,640,740,910,1000,1000,4015,0,21,79.81582724832573,2.209199999924749,1024.6012000134215,4745.641095890411
1791067990,250,,Aggregated,117.800000,0.000000,21,38,59,89,250,400,640,740,910,1000,1000,4134,0,21,78.09940396759258,2.209199999924749,1024.6012000134215,4741.702467343976
1791067991,250,,Aggregated,119.400000,0.000000,21,36,56,83,240,390,620,740,910,1000,1000,4262,0,21,76.28256414878409,2.209199999924749,1024.6012000134215,4741.253167526983
1791067992,250,,Aggregated,124.200000,0.000000,20,36,55,78,230,380,610,740,910,1000,1000,4381,0,20,74.76569958963297,2.209199999924749,1024.6012000134215,4736.6580689340335
1791067993,250,,Aggregated,118.300000,0.000000,19,35,52,73,230,370,600,730,910,1000,1000,4510,0,19,72.83865044400935,2.209199999924749,1024.6012000134215,4740.30022172949
1791067994,250,,Aggregated,121.400000,0.000000,19,34,50,70,220,370,590,720,910,1000,1000,4628,0,19,71.15873759775191,2.209199999924749,1024.6012000134215,4734.683448573898
1791067995,250,,Aggregated,119.600000,0.000000,18,33,49,67,210,360,590,720,910,1000,1000,4757,0,18,69.44380384745897,2.209199999924749,1024.6012000134215,4735.285894471305
1791067996,250,,Aggregated,120.400000,0.000000,17,32,47,64,210,350,590,710,910,1000,1000,4877,0,17,67.913196084159,2.209199999924749,1024.6012000134215,4735.578634406397
1791067997,250,,Aggregated,121.700000,0.000000,16,31,45,62,200,340,580,710,900,1000,1000,5005,0,16,66.37348231812288,2.209199999924749,1024.6012000134215,4740.504495504496
1791067998,250,,Aggregated,121.100000,0.000000,16,30,44,60,190,340,580,710,900,1000,1000,5138,0,16,64.82542512686018,2.209199999924749,1024.6012000134215,4743.379135850526
1791067999,250,,Aggregated,123.700000,0.000000,15,29,43,58,190,330,570,700,900,1000,1000,5251,0,15,63.62388063260702,2.209199999924749,1024.6012000134215,4751.27309083984
1791068000,250,,Aggregated,124.600000,0.000000,15,28,42,56,180,330,570,700,900,1000,1000,5381,0,15,62.51288188095986,2.209199999924749,1024.6012000134215,4750.317413120238
1791068001,250,,Aggregated,123.400000,0.000000,15,28,41,55,180,320,560,690,900,1000,1000,5507,0,15,61.54973501020475,2.1425000159069896,1024.6012000134215,4752.854548756129
1791068002,250,,Aggregated,124.400000,0.000000,15,27,40,53,170,320,560,690,900,1000,1000,5630,0,15,60.5374575135394,2.1425000159069896,1024.6012000134215,4748.637122557727
1791068003,250,,Aggregated,126.200000,0.000000,15,27,39,51,170,320,540,680,900,1000,1000,5751,0,15,59.42723858471017,2.1425000159069896,1024.6012000134215,4747.543731524952
1791068004,250,,Aggregated,121.800000,0.000000,15,26,38,50,160,310,540,680,900,1000,1000,5881,0,15,58.26455170902411,2.1425000159069896,1024.6012000134215,4754.223091311002
1791068005,250,,Aggregated,125.500000,0.000000,15,26,37,49,160,310,530,680,900,1000,1000,5995,0,15,57.522079766610695,2.1425000159069896,1024.6012000134215,4755.784153461218
1791068006,250,,Aggregated,125.000000,0.000000,15,26,36,48,150,300,520,680,900,1000,1000,6120,0,15,56.74270006550858,2.1425000159069896,1024.6012000134215,4756.493300653595
1791068007,250,,Aggregated,124.100000,0.000000,15,26,36,47,150,300,520,670,900,1000,1000,6249,0,15,56.02540539300658,2.1425000159069896,1024.6012000134215,4755.830212834054
1791068008,250,,Aggregated,124.700000,0.000000,15,25,36,46,150,300,520,670,900,1000,1000,6358,0,15,55.26910336596537,2.1425000159069896,1024.6012000134215,4758.589336269267
1791068009,250,,Aggregated,123.300000,0.000000,15,26,36,46,140,290,510,670,900,1000,1000,6492,0,15,54.78613589043654,2.1425000159069896,1024.6012000134215,4761.174984596426
1791068010,250,,Aggregated,123.100000,0.000000,15,25,36,45,130,290,510,660,900,1000,1000,6624,0,15,54.022151343771554,2.1176000009290874,1024.6012000134215,4766.410175120773
1791068011,250,,Aggregated,122.500000,0.000000,15,25,35,44,130,290,510,660,900,1000,1000,6745,0,15,53.413453714002486,2.1176000009290874,1024.6012000134215,4768.053076352854
1791068012,250,,Aggregated,122.300000,0.000000,14,25,35,43,130,280,510,660,900,1000,1000,6876,0,14,52.541299709298706,2.1176000009290874,1024.6012000134215,4769.547411285631
1791068013,250,,Aggregated,122.200000,0.000000,14,24,34,42,120,280,510,660,900,1000,1000,7010,0,14,51.836674279769476,2.1176000009290874,1024.6012000134215,4771.403994293866
1791068014,250,,Aggregated,125.000000,0.000000,14,24,33,42,120,270,500,660,900,1000,1000,7118,0,14,51.213804425525616,2.1176000009290874,1024.6012000134215,4770.242343354875
1791068015,250,,Aggregated,123.200000,0.000000,14,24,33,41,120,270,490,650,900,1000,1000,7257,0,14,50.57883369168654,2.1176000009290874,1024.6012000134215,4773.275182582334
1791068016,250,,Aggregated,122.800000,0.000000,14,24,33,41,110,260,490,650,900,1000,1000,7343,0,14,50.24533031461114,2.1176000009290874,1024.6012000134215,4775.07013482228
1791068017,250,,Aggregated,124.000000,0.000000,15,24,34,43,130,270,490,650,900,1000,1000,7497,0,15,51.864023275981594,2.1176000009290874,1024.6012000134215,4772.386421235161
1791068018,250,,Aggregated,122.800000,0.000000,14,24,34,42,120,270,490,650,900,1000,1000,7617,0,14,51.28370942631672,2.1176000009290874,1024.6012000134215,4770.50899304188
1791068019,250,,Aggregated,119.900000,0.000000,14,24,33,42,120,260,490,650,900,1000,1000,7737,0,14,50.61500253332715,2.1176000009290874,1024.6012000134215,4771.4342768514925
1791068020,250,,Aggregated,123.700000,0.000000,14,23,33,41,120,260,480,650,900,1000,1000,7858,0,14,49.969357381103755,2.1176000009290874,1024.6012000134215,4773.902392466276
1791068021,250,,Aggregated,122.600000,0.000000,14,23,33,40,110,260,480,640,900,1000,1000,7976,0,14,49.478023671120646,2.1176000009290874,1024.6012000134215,4770.649197592778
1791068022,250,,Aggregated,123.300000,0.000000,14,23,32,40,110,260,470,640,900,1000,1000,8102,0,14,49.011755998656916,2.1176000009290874,1024.6012000134215,4770.185509750679
1791068023,250,,Aggregated,121.800000,0.000000,14,23,32,40,110,250,460,640,900,1000,1000,8233,0,14,48.58464739479496,2.1176000009290874,1024.6012000134215,4770.840641321511
1791068024,250,,Aggregated,122.300000,0.000000,14,23,32,39,100,250,450,630,900,1000,1000,8357,0,14,48.21905205229094,2.1176000009290874,1024.6012000134215,4772.038889553668
1791068025,250,,Aggregated,121.500000,0.000000,14,23,32,39,100,250,450,630,900,1000,1000,8493,0,14,47.6573759920592,2.1176000009290874,1024.6012000134215,4773.716472389026
1791068026,250,,Aggregated,121.300000,0.000000,14,23,31,38,99,250,450,620,900,1000,1000,8621,0,14,47.08747272945096,2.1176000009290874,1024.6012000134215,4772.3719986080505
1791068027,250,,Aggregated,121.600000,0.000000,14,22,31,38,95,250,440,620,900,1000,1000,8763,0,14,46.45557297741557,2.1176000009290874,1024.6012000134215,4774.478374985735
1791068028,250,,Aggregated,122.300000,0.000000,14,22,31,37,94,240,430,610,900,1000,1000,8881,0,14,45.93644208999962,2.1176000009290874,1024.6012000134215,4772.512329692602
1791068029,250,,Aggregated,126.400000,0.000000,13,22,30,37,92,240,430,610,890,1000,1000,9007,0,13,45.4113990675535,2.1176000009290874,1024.6012000134215,4772.624181192406
1791068030,250,,Aggregated,124.000000,0.000000,13,22,30,36,89,240,430,610,890,1000,1000,9133,0,13,44.90897052466911,2.1176000009290874,1024.6012000134215,4769.708529508376
1791068031,250,,Aggregated,123.900000,0.000000,13,21,29,36,86,230,430,610,890,1000,1000,9255,0,13,44.45061753668129,2.1176000009290874,1024.6012000134215,4770.00226904376
1791068032,250,,Aggregated,123.100000,0.000000,13,21,29,36,84,230,430,600,890,1000,1000,9380,0,13,43.945807025827186,2.1176000009290874,1024.6012000134215,4774.510021321961
1791068033,250,,Aggregated,124.300000,0.000000,13,21,29,36,81,230,430,590,890,1000,1000,9501,0,13,43.48847079280572,2.1176000009290874,1024.6012000134215,4772.100515735186
1791068034,250,,Aggregated,123.400000,0.000000,13,20,28,35,79,230,420,590,890,1000,1000,9630,0,13,42.997636781173235,2.1176000009290874,1024.6012000134215,4771.671235721703
1791068035,250,,Aggregated,124.700000,0.000000,12,20,28,35,77,220,420,590,890,1000,1000,9752,0,12,42.61455399944775,2.1176000009290874,1024.6012000134215,4771.624077112388
1791068036,250,,Aggregated,124.100000,0.000000,12,20,28,34,76,220,420,590,890,1000,1000,9875,0,12,42.23841801539795,2.1176000009290874,1024.6012000134215,4772.825316455696
1791068038,250,,Aggregated,124.300000,0.000000,12,20,28,34,73,220,410,590,890,1000,1000,10007,0,12,41.805843999345974,2.1176000009290874,1024.6012000134215,4772.227840511642
1791068039,250,,Aggregated,123.000000,0.000000,12,20,27,34,71,220,410,590,890,1000,1000,10132,0,12,41.39327866180175,2.1176000009290874,1024.6012000134215,4774.900809317015
1791068040,250,,Aggregated,123.000000,0.000000,12,20,27,33,70,210,410,590,890,1000,1000,10243,0,12,41.061861710602905,2.1176000009290874,1024.6012000134215,4775.343063555599
1791068041,250,,Aggregated,123.600000,0.000000,12,20,27,33,69,210,410,580,890,1000,1000,10382,0,12,40.68250991156918,2.1176000009290874,1024.6012000134215,4775.501926411096
1791068042,250,,Aggregated,123.000000,0.000000,12,20,27,33,68,210,400,580,890,1000,1000,10505,0,12,40.41794850094256,2.1176000009290874,1024.6012000134215,4776.260447405997
1791068043,250,,Aggregated,124.100000,0.000000,12,20,27,34,72,210,410,570,890,1000,1000,10630,0,12,41.14575741324913,2.1176000009290874,1024.6012000134215,4771.5116650987775
1791068044,250,,Aggregated,123.000000,0.000000,12,20,28,34,72,210,410,570,890,1000,1000,10742,0,12,41.12368842886074,2.1176000009290874,1024.6012000134215,4772.787749022528
1791068045,250,,Aggregated,123.400000,0.000000,12,20,28,34,72,210,400,570,890,1000,1000,10866,0,12,41.096296171826936,2.1176000009290874,1024.6012000134215,4775.037364255476
1791068046,250,,Aggregated,123.500000,0.000000,12,20,28,34,71,210,400,570,890,1000,1000,11001,0,12,40.85212069841648,2.1176000009290874,1024.6012000134215,4775.216162167076
1791068047,250,,Aggregated,121.900000,0.000000,12,20,27,34,70,210,400,570,890,1000,1000,11120,0,12,40.51779477548532,2.1176000009290874,1024.6012000134215,4776.463848920864
1791068048,250,,Aggregated,124.600000,0.000000,12,20,27,33,69,200,400,560,890,1000,1000,11237,0,12,40.18053128983173,2.1176000009290874,1024.6012000134215,4775.770935303017
1791068049,250,,Aggregated,123.800000,0.000000,12,20,27,33,68,200,400,560,890,1000,1000,11369,0,12,39.8147808869777,2.1176000009290874,1024.6012000134215,4774.353153311637
1791068050,250,,Aggregated,122.300000,0.000000,12,19,27,33,67,200,400,560,890,1000,1000,11495,0,12,39.45769677286025,2.1176000009290874,1024.6012000134215,4774.856546324489
1791068051,250,,Aggregated,123.500000,0.000000,12,19,27,33,66,200,390,560,890,1000,1000,11629,0,12,39.21021559926768,2.1176000009290874,1024.6012000134215,4773.925445008169
1791068052,250,,Aggregated,124.800000,0.000000,12,19,27,33,66,190,390,560,890,1000,1000,11741,0,12,39.081277421322795,2.1176000009290874,1024.6012000134215,4773.374244101865
1791068053,250,,Aggregated,122.900000,0.000000,12,19,26,32,65,190,380,560,890,1000,1000,11884,0,12,38.767288371192585,2.1176000009290874,1024.6012000134215,4773.065971053517
1791068054,250,,Aggregated,123.800000,0.000000,12,19,26,32,65,190,380,550,890,1000,1000,12011,0,12,38.44203471013385,2.1176000009290874,1024.6012000134215,4770.653317792024
1791068055,250,,Aggregated,124.100000,0.000000,12,19,26,32,64,180,380,540,890,1000,1000,12131,0,12,38.24925040006947,2.1176000009290874,1024.6012000134215,4768.616107493199
1791068056,250,,Aggregated,124.300000,0.000000,12,19,27,33,67,190,380,540,890,1000,1000,12268,0,12,38.943087015268766,2.1176000009290874,1024.6012000134215,4768.420035865667
1791068057,250,,Aggregated,124.800000,0.000000,12,19,27,33,67,190,380,540,890,1000,1000,12384,0,12,38.788129126556285,2.1176000009290874,1024.6012000134215,4768.686773255814
1791068058,250,,Aggregated,122.400000,0.000000,12,19,26,32,66,190,380,540,890,1000,1000,12512,0,12,38.45447423298682,2.1176000009290874,1024.6012000134215,4769.431985294118
1791068059,250,,Aggregated,124.400000,0.000000,12,19,26,32,65,180,370,540,890,1000,1000,12640,0,12,38.13295162996112,2.1176000009290874,1024.6012000134215,4770.556803797468
1791068060,250,,Aggregated,124.100000,0.000000,12,19,26,32,65,180,370,530,890,1000,1000,12774,0,12,37.863714584509296,2.1176000009290874,1024.6012000134215,4771.209722874589
1791068061,250,,Aggregated,123.800000,0.000000,12,19,26,32,64,180,370,530,890,1000,1000,12899,0,12,37.57163201043613,2.1176000009290874,1024.6012000134215,4767.973098689821
1791068062,250,,Aggregated,124.300000,0.000000,12,19,26,32,63,180,370,530,880,1000,1000,13030,0,12,37.36515871088052,2.1176000009290874,1024.6012000134215,4765.914274750576
1791068063,250,,Aggregated,125.300000,0.000000,12,19,26,32,63,180,360,530,880,1000,1000,13152,0,12,37.208981478333,2.1176000009290874,1024.6012000134215,4766.36473540146
1791068064,250,,Aggregated,124.900000,0.000000,12,19,26,32,62,180,360,520,880,1000,1000,13277,0,12,37.06142008763348,2.1176000009290874,1024.6012000134215,4765.612939670106
1791068065,250,,Aggregated,124.500000,0.000000,12,19,26,31,61,170,360,520,880,1000,1000,13405,0,12,36.797339746628495,2.1176000009290874,1024.6012000134215,4764.948974263335
1791068066,250,,Aggregated,125.400000,0.000000,12,19,26,31,61,170,360,520,880,1000,1000,13520,0,12,36.72500085826572,2.1176000009290874,1024.6012000134215,4764.815532544379
1791068067,250,,Aggregated,124.800000,0.000000,12,19,26,31,61,170,350,520,880,1000,1000,13637,0,12,36.55601648483864,2.1176000009290874,1024.6012000134215,4764.273520569041
1791068068,250,,Aggregated,125.100000,0.000000,12,19,26,31,61,170,350,520,880,1000,1000,13755,0,12,36.3048219631791,2.1176000009290874,1024.6012000134215,4765.380298073428
1791068069,250,,Aggregated,124.100000,0.000000,11,18,25,31,60,170,350,520,880,1000,1000,13888,0,11,36.02100424132633,2.1176000009290874,1024.6012000134215,4767.438148041475
1791068070,250,,Aggregated,123.000000,0.000000,11,18,25,31,59,160,350,510,860,1000,1000,14008,0,11,35.774787857214775,2.1176000009290874,1024.6012000134215,4769.180896630497
1791068071,250,,Aggregated,124.700000,0.000000,11,18,25,30,59,160,340,510,860,1000,1000,14129,0,11,35.5345534223073,2.1176000009290874,1024.6012000134215,4770.4763960648315
1791068072,250,,Aggregated,123.000000,0.000000,11,18,25,30,58,160,340,510,860,1000,1000,14258,0,11,35.26859270609329,2.1176000009290874,1024.6012000134215,4770.88960583532
1791068073,250,,Aggregated,122.100000,0.000000,11,18,24,30,58,160,340,510,860,1000,1000,14392,0,11,35.041892343240896,2.1176000009290874,1024.6012000134215,4768.676417454141
1791068074,250,,Aggregated,122.300000,0.000000,11,18,24,30,57,160,340,510,860,1000,1000,14507,0,11,34.815279554955,2.1176000009290874,1024.6012000134215,4770.719032191356
1791068075,250,,Aggregated,122.400000,0.000000,11,18,24,29,56,160,330,510,860,1000,1000,14638,0,11,34.57933736192336,2.1176000009290874,1024.6012000134215,4769.278180079245
1791068076,250,,Aggregated,123.100000,0.000000,11,17,24,29,56,160,330,510,860,1000,1000,14772,0,11,34.34989723150309,2.1176000009290874,1024.6012000134215,4771.950243704306
1791068077,250,,Aggregated,122.200000,0.000000,11,17,24,29,55,150,330,510,860,1000,1000,14893,0,11,34.11921202604324,2.1176000009290874,1024.6012000134215,4775.086953602364
1791068078,250,,Aggregated,123.500000,0.000000,11,17,24,29,55,150,330,510,860,1000,1000,15005,0,11,33.97944460537856,2.1176000009290874,1024.6012000134215,4774.031589470176
1791068079,250,,Aggregated,123.900000,0.000000,11,17,24,29,55,150,330,500,860,1000,1000,15138,0,11,33.78006973864275,2.1176000009290874,1024.6012000134215,4774.207887435593
1791068080,250,,Aggregated,125.400000,0.000000,11,17,23,29,54,150,320,500,860,1000,1000,15269,0,11,33.569025208179234,2.1176000009290874,1024.6012000134215,4772.897242779488
1791068081,250,,Aggregated,123.100000,0.000000,11,17,23,29,54,150,320,500,860,1000,1000,15394,0,11,33.44782052121026,2.1176000009290874,1024.6012000134215,4773.1881252436015
1791068082,250,,Aggregated,124.500000,0.000000,11,17,23,28,53,150,320,500,860,1000,1000,15518,0,11,33.27175440802038,2.1176000009290874,1024.6012000134215,4773.633200154659
1791068083,250,,Aggregated,124.600000,0.000000,10,17,23,28,53,140,320,490,860,1000,1000,15661,0,10,33.021833695405334,2.1176000009290874,1024.6012000134215,4776.567715982376
1791068084,250,,Aggregated,124.800000,0.000000,10,17,23,28,52,140,320,490,860,1000,1000,15783,0,10,32.81286636275816,2.1176000009290874,1024.6012000134215,4775.837356649559
1791068085,250,,Aggregated,123.500000,0.000000,10,17,23,28,52,140,320,490,860,1000,1000,15911,0,10,32.59845305157208,2.1176000009290874,1024.6012000134215,4777.020928917102
1791068086,250,,Aggregated,124.400000,0.000000,10,17,23,28,51,140,320,490,860,1000,1000,16038,0,10,32.39676136698014,2.1176000009290874,1024.6012000134215,4775.339319117097
1791068087,250,,Aggregated,125.900000,0.000000,10,16,23,28,51,140,320,490,860,1000,1000,16167,0,10,32.19343582629793,2.1176000009290874,1024.6012000134215,4773.323498484568
1791068088,250,,Aggregated,126.500000,0.000000,10,16,22,27,50,130,320,480,860,1000,1000,16289,0,10,32.003819823429,2.1176000009290874,1024.6012000134215,4773.560807907176
1791068089,250,,Aggregated,124.000000,0.000000,10,16,22,27,50,130,310,480,860,1000,1000,16409,0,10,31.83507890813572,2.1176000009290874,1024.6012000134215,4770.922542507161
1791068090,250,,Aggregated,126.200000,0.000000,10,16,22,27,50,130,310,480,860,1000,1000,16540,0,10,31.654051680993003,2.1176000009290874,1024.6012000134215,4773.502297460701
1791068091,250,,Aggregated,126.400000,0.000000,10,16,22,27,49,130,310,480,860,1000,1000,16671,0,10,31.47294484458346,2.1176000009290874,1024.6012000134215,4775.264891128307
1791068092,250,,Aggregated,124.900000,0.000000,10,16,22,27,49,130,310,480,860,1000,1000,16782,0,10,31.318004451450395,2.1176000009290874,1024.6012000134215,4773.775890835419
1791068093,250,,Aggregated,125.900000,0.000000,10,16,22,27,48,130,300,470,860,1000,1000,16916,0,10,31.125990405795495,2.1176000009290874,1024.6012000134215,4771.3139631118465
1791068094,250,,Aggregated,126.100000,0.000000,10,16,22,26,48,130,300,470,860,1000,1000,17045,0,10,30.947405726288387,2.1176000009290874,1024.6012000134215,4770.901965385744
1791068095,250,,Aggregated,126.700000,0.000000,10,16,21,26,48,130,300,470,860,1000,1000,17156,0,10,30.81161046890349,2.1176000009290874,1024.6012000134215,4770.078981114479
1791068096,250,,Aggregated,125.400000,0.000000,10,16,21,26,48,120,300,460,860,1000,1000,17292,0,10,30.628321877442637,2.1176000009290874,1024.6012000134215,4770.055921813555
1791068097,250,,Aggregated,124.800000,0.000000,10,16,21,26,47,120,300,460,860,1000,1000,17415,0,10,30.526491025240276,2.1176000009290874,1024.6012000134215,4769.804364053976
1791068098,250,,Aggregated,123.100000,0.000000,10,16,21,26,47,120,300,460,860,1000,1000,17544,0,10,30.449254366417293,2.1176000009290874,1024.6012000134215,4770.724977200182
1791068099,250,,Aggregated,126.400000,0.000000,10,16,21,26,47,120,300,450,860,1000,1000,17661,0,10,30.37471642063523,2.1176000009290874,1024.6012000134215,4771.6782175414755
1791068100,250,,Aggregated,124.000000,0.000000,10,16,21,26,47,120,300,450,860,1000,1000,17773,0,10,30.276476796524666,2.1176000009290874,1024.6012000134215,4772.161087042143
1791068101,250,,Aggregated,124.300000,0.000000,10,16,21,26,47,120,300,450,860,1000,1000,17908,0,10,30.149618254669782,2.1176000009290874,1024.6012000134215,4772.275854366763
1791068102,250,,Aggregated,123.900000,0.000000,10,16,21,26,46,110,290,450,850,1000,1000,18040,0,10,29.973210415987715,2.1176000009290874,1024.6012000134215,4772.573337028824
1791068103,250,,Aggregated,124.900000,0.000000,10,15,21,26,46,110,290,450,850,1000,1000,18168,0,10,29.804514911088713,2.1176000009290874,1024.6012000134215,4773.133751651255
1791068104,250,,Aggregated,123.300000,0.000000,9,15,21,26,46,110,290,450,850,1000,1000,18291,0,9,29.643790290545233,2.1176000009290874,1024.6012000134215,4773.597616314034
1791068105,250,,Aggregated,124.200000,0.000000,9,15,21,26,46,110,290,440,850,1000,1000,18409,0,9,29.491278326052825,2.1176000009290874,1024.6012000134215,4772.678689771307
1791068106,250,,Aggregated,123.000000,0.000000,9,15,21,26,45,110,290,430,850,1000,1000,18535,0,9,29.34020810919714,2.1176000009290874,1024.6012000134215,4773.119449689776
1791068107,250,,Aggregated,124.400000,0.000000,9,15,21,25,45,110,290,430,850,1000,1000,18657,0,9,29.194361564238598,2.1176000009290874,1024.6012000134215,4774.034357077772
1791068108,250,,Aggregated,124.600000,0.000000,9,15,20,25,45,110,290,430,850,1000,1000,18789,0,9,29.03339098961214,2.1176000009290874,1024.6012000134215,4773.7099898877
1791068109,250,,Aggregated,122.000000,0.000000,9,15,20,25,45,110,280,430,850,1000,1000,18911,0,9,28.893502744629775,2.1176000009290874,1024.6012000134215,4774.664692507006
1791068110,250,,Aggregated,124.700000,0.000000,9,15,20,25,44,110,280,430,850,1000,1000,19032,0,9,28.797203179055483,2.1176000009290874,1024.6012000134215,4774.544714165616
1791068111,250,,Aggregated,124.100000,0.000000,9,15,20,25,44,110,280,430,850,1000,1000,19162,0,9,28.699148909497968,2.1176000009290874,1024.6012000134215,4773.237396931427
1791068112,250,,Aggregated,123.900000,0.000000,9,15,20,25,44,100,280,430,850,1000,1000,19290,0,9,28.56320124434246,2.1176000009290874,1024.6012000134215,4773.096267496112
1791068113,250,,Aggregated,123.700000,0.000000,9,15,20,25,43,100,280,430,850,1000,1000,19418,0,9,28.42307564133125,2.1176000009290874,1024.6012000134215,4775.134205376455
1791068114,250,,Aggregated,124.900000,0.000000,9,15,20,25,43,100,280,430,850,1000,1000,19526,0,9,28.30243379100001,2.1176000009290874,1024.6012000134215,4775.048089726519
1791068115,250,,Aggregated,124.100000,0.000000,9,15,20,24,43,100,280,430,850,1000,1000,19664,0,9,28.150142310958035,2.1176000009290874,1024.6012000134215,4776.188974776241
1791068116,250,,Aggregated,125.300000,0.000000,9,15,20,24,43,100,270,430,850,1000,1000,19787,0,9,28.018747384749915,2.1176000009290874,1024.6012000134215,4775.010916258149
1791068117,250,,Aggregated,123.300000,0.000000,9,15,20,24,43,100,270,430,850,1000,1000,19909,0,9,27.890550188462335,2.1176000009290874,1024.6012000134215,4774.236224822945
1791068118,250,,Aggregated,124.700000,0.000000,9,14,20,24,42,100,270,430,840,970,1000,20039,0,9,27.754055741401547,2.1176000009290874,1024.6012000134215,4776.6609611258045
1791068119,250,,Aggregated,125.600000,0.000000,9,14,19,24,42,99,270,420,840,970,1000,20154,0,9,27.62647719072031,2.1176000009290874,1024.6012000134215,4778.407710628163
1791068120,250,,Aggregated,123.300000,0.000000,9,14,19,24,42,97,270,420,840,970,1000,20291,0,9,27.48471546506756,2.1176000009290874,1024.6012000134215,4778.495244196934
1791068121,250,,Aggregated,123.900000,0.000000,9,14,19,24,42,96,270,420,840,970,1000,20409,0,9,27.443150649306702,2.1176000009290874,1024.6012000134215,4779.426331520408
1791068122,250,,Aggregated,124.500000,0.000000,9,14,19,24,42,95,260,420,840,970,1000,20527,0,9,27.38446658068795,2.1176000009290874,1024.6012000134215,4778.764602718371
1791068123,250,,Aggregated,123.500000,0.000000,9,14,19,24,42,94,260,420,840,970,1000,20661,0,9,27.25344329422199,2.1176000009290874,1024.6012000134215,4777.541358114322
1791068124,250,,Aggregated,123.700000,0.000000,9,14,19,24,41,94,260,420,840,970,1000,20777,0,9,27.134757448220345,2.1176000009290874,1024.6012000134215,4777.272416614525
1791068125,250,,Aggregated,123.800000,0.000000,9,14,19,24,41,93,260,420,840,970,1000,20927,0,9,27.002441253001397,2.1176000009290874,1024.6012000134215,4778.76685621446
1791068126,250,,Aggregated,122.900000,0.000000,9,14,19,23,41,92,260,410,830,970,1000,21045,0,9,26.889820727103153,2.1176000009290874,1024.6012000134215,4777.488999762414
1791068127,250,,Aggregated,124.000000,0.000000,9,14,19,23,41,91,260,410,830,970,1000,21170,0,9,26.769394964673374,2.1176000009290874,1024.6012000134215,4778.005715635333
1791068128,250,,Aggregated,124.600000,0.000000,9,14,19,23,40,90,260,410,830,970,1000,21301,0,9,26.66014390415594,2.1176000009290874,1024.6012000134215,4778.01478803812
1791068129,250,,Aggregated,124.100000,0.000000,8,14,19,23,40,89,260,410,830,970,1000,21420,0,8,26.551250074818352,2.1176000009290874,1024.6012000134215,4779.622502334267
1791068130,250,,Aggregated,124.300000,0.000000,8,14,19,23,40,88,260,410,830,970,1000,21533,0,8,26.477082292432318,2.1176000009290874,1024.6012000134215,4778.012446013096
1791068131,250,,Aggregated,124.800000,0.000000,8,14,19,23,40,87,260,410,830,970,1000,21661,0,8,26.414900646469277,2.1176000009290874,1024.6012000134215,4776.62351691981
1791068132,250,,Aggregated,125.000000,0.000000,8,14,19,23,40,86,250,410,830,970,1000,21790,0,8,26.293650064381787,2.1176000009290874,1024.6012000134215,4776.817255621845
1791068133,250,,Aggregated,124.600000,0.000000,8,14,19,23,40,85,250,410,830,970,1000,21912,0,8,26.188360099616244,2.1176000009290874,1024.6012000134215,4774.30207192406
1791068134,250,,Aggregated,124.500000,0.000000,8,14,19,23,39,84,250,410,820,970,1000,22020,0,8,26.097363696753348,2.1176000009290874,1024.6012000134215,4774.098773841962
1791068135,250,,Aggregated,123.900000,0.000000,8,14,19,23,39,83,250,410,820,970,1000,22165,0,8,25.97474466964452,2.1176000009290874,1024.6012000134215,4771.053462666366
1791068136,250,,Aggregated,124.500000,0.000000,8,14,18,23,39,82,250,400,820,970,1000,22293,0,8,25.871700121246832,2.1176000009290874,1024.6012000134215,4772.404701027228
1791068137,250,,Aggregated,122.600000,0.000000,8,14,18,22,39,81,250,400,820,970,1000,22420,0,8,25.77369953179867,2.1176000009290874,1024.6012000134215,4774.316547725245
1791068138,250,,Aggregated,122.700000,0.000000,8,14,18,22,39,80,250,400,820,970,1000,22538,0,8,25.675786618284725,2.1176000009290874,1024.6012000134215,4774.8332593841515
1791068139,250,,Aggregated,123.700000,0.000000,8,14,18,22,38,79,250,400,820,970,1000,22665,0,8,25.584364226908715,2.1176000009290874,1024.6012000134215,4773.162850209575
1791068140,250,,Aggregated,124.500000,0.000000,8,14,18,22,38,79,250,400,820,970,1000,22789,0,8,25.513367102677343,2.1176000009290874,1024.6012000134215,4772.371758304445
1791068141,250,,Aggregated,123.200000,0.000000,8,14,18,22,38,78,250,400,820,970,1000,22920,0,8,25.404932949507433,2.1176000009290874,1024.6012000134215,4773.009554973822
1791068143,250,,Aggregated,123.400000,0.000000,8,14,18,22,38,78,250,400,820,970,1000,23043,0,8,25.307059749283294,2.1176000009290874,1024.6012000134215,4772.780627522458
1791068144,250,,Aggregated,124.800000,0.000000,8,13,18,22,38,77,250,400,820,970,1000,23182,0,8,25.19843501004239,2.1176000009290874,1024.6012000134215,4771.39401259598
1791068145,250,,Aggregated,124.900000,0.000000,8,13,18,22,38,77,250,400,820,970,1000,23292,0,8,25.110821689989915,2.1176000009290874,1024.6012000134215,4771.999270135669
1791068146,250,,Aggregated,124.900000,0.000000,8,13,18,22,38,76,240,400,820,970,1000,23421,0,8,25.018416015703533,2.1176000009290874,1024.6012000134215,4771.530165236326
1791068147,250,,Aggregated,126.400000,0.000000,8,13,18,22,38,75,240,400,820,970,1000,23557,0,8,24.96026788230893,2.1062999730929732,1024.6012000134215,4771.2536825572015
1791068148,250,,Aggregated,125.100000,0.000000,8,13,18,22,37,75,240,400,820,970,1000,23666,0,8,24.92383695189729,2.1062999730929732,1024.6012000134215,4770.058015718752
1791068149,250,,Aggregated,125.900000,0.000000,8,13,18,22,37,73,240,390,820,970,1000,23811,0,8,24.874267825956895,2.1062999730929732,1024.6012000134215,4770.433329133593
1791068150,250,,Aggregated,123.700000,0.000000,8,13,18,22,37,73,240,390,820,970,1000,23933,0,8,24.783671971913122,2.1062999730929732,1024.6012000134215,4771.5980445410105
1791068151,250,,Aggregated,125.700000,0.000000,8,13,18,22,37,72,240,390,820,970,1000,24043,0,8,24.700987243868905,2.1062999730929732,1024.6012000134215,4771.4281079732145
1791068152,250,,Aggregated,125.800000,0.000000,8,13,18,22,37,72,240,390,820,970,1000,24180,0,8,24.605000070461365,2.1062999730929732,1024.6012000134215,4772.228329197684
1791068153,250,,Aggregated,124.700000,0.000000,8,13,18,22,37,72,240,390,820,970,1000,24297,0,8,24.551276540461778,2.1062999730929732,1024.6012000134215,4772.472239371115
1791068154,250,,Aggregated,124.500000,0.000000,8,13,18,22,37,71,240,380,820,970,1000,24426,0,8,24.460851723715386,2.1062999730929732,1024.6012000134215,4772.105379513633
1791068155,250,,Aggregated,124.700000,0.000000,8,13,18,21,37,71,240,380,820,970,1000,24535,0,8,24.37926476067771,2.1062999730929732,1024.6012000134215,4772.085225188506
1791068156,250,,Aggregated,123.000000,0.000000,8,13,18,21,36,70,240,380,820,970,1000,24667,0,8,24.321850107576747,2.1062999730929732,1024.6012000134215,4772.154862772125
1791068157,250,,Aggregated,123.200000,0.000000,8,13,18,22,37,70,230,380,820,970,1000,24794,0,8,24.300320408309982,2.1062999730929732,1024.6012000134215,4771.310357344519
1791068158,250,,Aggregated,123.400000,0.000000,8,13,18,22,37,70,230,380,820,970,1000,24928,0,8,24.276222733615086,2.1062999730929732,1024.6012000134215,4770.5410783055195
1791068159,250,,Aggregated,122.500000,0.000000,8,13,18,22,37,69,230,380,810,970,1000,25048,0,8,24.203539683956453,2.1062999730929732,1024.6012000134215,4769.993771957841
1791068160,250,,Aggregated,124.300000,0.000000,8,13,18,22,36,69,230,380,810,970,1000,25178,0,8,24.11529096845157,2.1062999730929732,1024.6012000134215,4769.146834538089
1791068161,250,,Aggregated,122.600000,0.000000,8,13,18,21,36,68,230,370,810,970,1000,25307,0,8,24.059548089603652,2.1062999730929732,1024.6012000134215,4769.427865807879
1791068162,250,,Aggregated,123.400000,0.000000,8,13,18,22,36,68,230,370,810,970,1000,25436,0,8,24.022577614547085,2.1062999730929732,1024.6012000134215,4771.038567384809
1791068163,250,,Aggregated,125.000000,0.000000,8,13,18,22,36,68,230,370,810,970,1000,25567,0,8,24.03620235866052,2.1062999730929732,1024.6012000134215,4770.719247467438
1791068164,250,,Aggregated,124.200000,0.000000,8,13,18,22,36,68,230,370,810,970,1000,25676,0,8,24.032889235235658,2.1062999730929732,1024.6012000134215,4770.718803551955
1791068165,250,,Aggregated,125.400000,0.000000,8,13,18,22,37,69,230,370,810,970,1000,25796,0,8,24.087859943552896,2.1062999730929732,1024.6012000134215,4770.144712358505
1791068166,250,,Aggregated,125.000000,0.000000,8,14,18,22,37,70,230,370,810,970,1000,25949,0,8,24.113631099623657,2.1062999730929732,1024.6012000134215,4769.569270492119
1791068167,250,,Aggregated,125.000000,0.000000,8,13,18,22,37,69,230,370,810,970,1000,26074,0,8,24.036970952058592,2.1062999730929732,1024.6012000134215,4768.640101250287
1791068168,250,,Aggregated,126.500000,0.000000,8,14,18,22,37,69,230,370,810,970,1000,26193,0,8,24.040939480174515,2.1062999730929732,1024.6012000134215,4767.688771809262
1791068169,250,,Aggregated,126.000000,0.000000,8,14,18,22,37,69,230,370,810,970,1000,26307,0,8,24.02070926005355,2.1062999730929732,1024.6012000134215,4767.501995666553
1791068170,250,,Aggregated,124.600000,0.000000,8,14,18,22,37,68,230,360,810,970,1000,26443,0,8,23.982062334247274,2.1062999730929732,1024.6012000134215,4768.958892712627
1791068171,250,,Aggregated,126.100000,0.000000,8,14,18,22,37,68,220,360,810,970,1000,26569,0,8,23.918996428339504,2.1062999730929732,1024.6012000134215,4771.036471075314
1791068172,250,,Aggregated,124.900000,0.000000,8,14,18,22,37,67,220,360,810,970,1000,26689,0,8,23.840698066789002,2.1062999730929732,1024.6012000134215,4770.112855483532
1791068173,250,,Aggregated,125.300000,0.000000,8,13,18,22,36,67,220,360,810,970,1000,26817,0,8,23.76063308739838,2.1062999730929732,1024.6012000134215,4771.439571913338
1791068174,250,,Aggregated,125.800000,0.000000,8,13,18,22,36,67,220,360,810,970,1000,26951,0,8,23.679897224750423,2.1062999730929732,1024.6012000134215,4771.827575971207
1791068175,250,,Aggregated,124.200000,0.000000,8,13,18,22,36,66,220,360,810,970,1000,27066,0,8,23.605888332381532,2.1062999730929732,1024.6012000134215,4771.4271041158645
1791068176,250,,Aggregated,125.300000,0.000000,8,13,18,22,36,66,220,360,810,970,1000,27183,0,8,23.530797965796374,2.1062999730929732,1024.6012000134215,4771.136077695619
1791068177,250,,Aggregated,126.600000,0.000000,8,13,18,22,36,66,220,360,810,970,1000,27309,0,8,23.452045505294347,2.1062999730929732,1024.6012000134215,4772.91109158153
1791068178,250,,Aggregated,122.300000,0.000000,8,13,18,22,36,66,220,350,810,970,1000,27430,0,8,23.382051844829984,2.1062999730929732,1024.6012000134215,4773.035472110828
1791068179,250,,Aggregated,124.100000,0.000000,8,13,18,21,36,65,220,350,810,970,1000,27555,0,8,23.311769279752824,2.1062999730929732,1024.6012000134215,4770.737107602976
1791068180,250,,Aggregated,124.500000,0.000000,8,13,18,21,36,65,220,350,810,970,1000,27683,0,8,23.27020295140835,2.1062999730929732,1024.6012000134215,4770.082108153018
1791068181,250,,Aggregated,122.700000,0.000000,8,13,18,21,36,65,220,350,810,970,1000,27792,0,8,23.24376224825591,2.1062999730929732,1024.6012000134215,4770.812535981578
1791068182,250,,Aggregated,123.500000,0.000000,8,13,18,22,36,65,210,350,810,970,1000,27912,0,8,23.25311200928316,2.1062999730929732,1024.6012000134215,4770.60124677558
1791068183,250,,Aggregated,121.900000,0.000000,8,13,18,22,36,65,210,350,810,970,1000,28049,0,8,23.218465599601323,2.1062999730929732,1024.6012000134215,4771.62704552747
1791068184,250,,Aggregated,120.700000,0.000000,8,13,18,22,36,65,210,350,810,970,1000,28168,0,8,23.164892235982226,2.1062999730929732,1024.6012000134215,4769.736119000284
1791068185,250,,Aggregated,122.100000,0.000000,8,13,18,22,36,64,210,350,810,970,1000,28294,0,8,23.110480822913406,2.1062999730929732,1024.6012000134215,4769.3538912843715
1791068186,250,,Aggregated,121.600000,0.000000,8,13,18,22,36,64,210,340,810,970,1000,28417,0,8,23.0702250696334,2.1062999730929732,1024.6012000134215,4768.909737129184
1791068187,250,,Aggregated,121.200000,0.000000,8,13,18,21,36,64,210,340,810,970,1000,28548,0,8,23.003529918151997,2.1062999730929732,1024.6012000134215,4769.002031665966
1791068188,250,,Aggregated,122.600000,0.000000,8,13,18,21,36,63,210,340,810,970,1000,28668,0,8,22.9418960200613,2.1062999730929732,1024.6012000134215,4767.567427096414
1791068189,250,,Aggregated,121.700000,0.000000,8,13,18,21,36,63,210,340,810,970,1000,28789,0,8,22.900579978571166,2.1062999730929732,1024.6012000134215,4766.543436729306
1791068190,250,,Aggregated,122.700000,0.000000,8,13,18,21,36,63,210,340,810,970,1000,28917,0,8,22.883363077194144,2.1062999730929732,1024.6012000134215,4766.19324272919
1791068191,250,,Aggregated,123.300000,0.000000,8,13,18,21,36,63,210,340,800,970,1000,29044,0,8,22.85461663692979,2.1062999730929732,1024.6012000134215,4767.265459303127
1791068192,250,,Aggregated,124.100000,0.000000,8,13,18,22,36,62,200,340,800,970,1000,29157,0,8,22.833051164497657,2.1062999730929732,1024.6012000134215,4766.992557533354
1791068193,250,,Aggregated,122.600000,0.000000,8,13,18,22,36,63,210,340,800,970,1000,29291,0,8,22.923583756209794,2.1062999730929732,1024.6012000134215,4767.756751220511
1791068194,250,,Aggregated,123.900000,0.000000,8,13,18,22,36,63,200,330,800,970,1000,29412,0,8,22.877472201937838,2.1062999730929732,1024.6012000134215,4767.748266013872
1791068195,250,,Aggregated,122.400000,0.000000,8,13,18,22,36,63,200,330,800,970,1000,29528,0,8,22.8133059876418,2.1062999730929732,1024.6012000134215,4767.787286643186
1791068196,250,,Aggregated,123.300000,0.000000,8,13,18,22,36,63,200,330,800,970,1000,29671,0,8,22.747932516712734,2.1062999730929732,1024.6012000134215,4765.758720636311
1791068197,250,,Aggregated,122.900000,0.000000,8,13,18,21,35,62,200,330,800,970,1000,29784,0,8,22.687869017033165,2.1062999730929732,1024.6012000134215,4766.13950443191
1791068198,250,,Aggregated,124.600000,0.000000,8,13,18,21,35,62,200,330,800,970,1000,29922,0,8,22.640023240550732,2.1062999730929732,1024.6012000134215,4767.213321302052
1791068199,250,,Aggregated,123.700000,0.000000,8,13,18,21,35,62,200,330,770,970,1000,30041,0,8,22.62066038758515,2.1062999730929732,1024.6012000134215,4766.7300356179885
1791068200,250,,Aggregated,122.600000,0.000000,8,13,18,21,35,61,200,330,770,970,1000,30166,0,8,22.56901369765663,2.1062999730929732,1024.6012000134215,4767.994894914805
1791068201,250,,Aggregated,123.600000,0.000000,8,13,18,21,35,61,200,330,770,970,1000,30295,0,8,22.538176478090172,2.1062999730929732,1024.6012000134215,4767.6108268691205
1791068202,250,,Aggregated,123.300000,0.000000,8,13,18,21,35,61,200,330,770,970,1000,30420,0,8,22.513480844948333,2.1062999730929732,1024.6012000134215,4767.752235371466
1791068203,250,,Aggregated,124.700000,0.000000,8,13,18,22,35,61,200,330,770,970,1000,30553,0,8,22.49675212593972,2.1062999730929732,1024.6012000134215,4766.7269335253495
1791068204,250,,Aggregated,125.000000,0.000000,8,14,18,22,35,61,190,330,770,970,1000,30674,0,8,22.49058585458528,2.1062999730929732,1024.6012000134215,4766.369563799961
1791068205,250,,Aggregated,126.700000,0.000000,8,14,18,22,35,60,190,320,770,970,1000,30801,0,8,22.449150371873092,2.1062999730929732,1024.6012000134215,4765.89480861011
1791068206,250,,Aggregated,124.200000,0.000000,8,13,18,22,35,60,190,320,770,970,1000,30923,0,8,22.38610415238496,2.1062999730929732,1024.6012000134215,4764.880283284287
1791068207,250,,Aggregated,125.700000,0.000000,8,13,18,21,35,60,190,320,770,970,1000,31051,0,8,22.32070507244882,2.1062999730929732,1024.6012000134215,4765.653119062188
1791068208,250,,Aggregated,124.000000,0.000000,8,13,18,21,35,60,190,320,770,970,1000,31177,0,8,22.260498094876425,2.1062999730929732,1024.6012000134215,4766.37242197774
1791068209,250,,Aggregated,125.700000,0.000000,8,13,18,21,35,59,190,320,770,970,1000,31294,0,8,22.202600450702647,2.1062999730929732,1024.6012000134215,4766.391448840033
1791068210,250,,Aggregated,124.900000,0.000000,8,13,18,21,35,59,190,320,770,970,1000,31416,0,8,22.152693232889884,2.1062999730929732,1024.6012000134215,4766.449229691877
1791068211,250,,Aggregated,125.000000,0.000000,8,13,18,21,35,59,190,320,770,970,1000,31547,0,8,22.091947522905464,2.1062999730929732,1024.6012000134215,4768.056455447428
1791068212,250,,Aggregated,122.900000,0.000000,8,13,18,21,34,59,190,320,770,970,1000,31680,0,8,22.02949045470935,2.1062999730929732,1024.6012000134215,4766.326420454546
1791068213,250,,Aggregated,124.700000,0.000000,8,13,18,21,34,59,190,320,770,970,1000,31802,0,8,21.9900815044735,2.1062999730929732,1024.6012000134215,4767.067448588139
1791068214,250,,Aggregated,123.300000,0.000000,8,13,17,21,34,58,190,320,770,970,1000,31934,0,8,21.926620116649403,2.1062999730929732,1024.6012000134215,4767.2617273125825
1791068215,250,,Aggregated,123.700000,0.000000,8,13,17,21,34,58,180,320,770,970,1000,32049,0,8,21.87398824939884,2.1062999730929732,1024.6012000134215,4767.015008268589
1791068216,250,,Aggregated,124.700000,0.000000,8,13,17,21,34,58,180,320,770,970,1000,32179,0,8,21.816993511458005,2.1062999730929732,1024.6012000134215,4765.906429659094
1791068217,250,,Aggregated,124.600000,0.000000,8,13,17,21,34,58,180,320,770,970,1000,32305,0,8,21.76285982062588,2.1062999730929732,1024.6012000134215,4766.070608264975
1791068218,250,,Aggregated,124.400000,0.000000,8,13,17,21,34,58,180,320,770,970,1000,32423,0,8,21.713198112615558,2.1062999730929732,1024.6012000134215,4765.4561885081575
1791068219,250,,Aggregated,122.400000,0.000000,8,13,17,21,34,57,180,320,770,970,1000,32552,0,8,21.653240166664343,2.1062999730929732,1024.6012000134215,4766.080517326124
1791068220,250,,Aggregated,125.000000,0.000000,8,13,17,21,34,57,180,320,770,970,1000,32677,0,8,21.601419255284252,2.1062999730929732,1024.6012000134215,4765.087921167794
1791068221,250,,Aggregated,123.600000,0.000000,8,13,17,21,34,57,180,320,770,970,1000,32802,0,8,21.551949795881217,2.1062999730929732,1024.6012000134215,4764.118559843912
1791068222,250,,Aggregated,125.000000,0.000000,8,13,17,21,34,57,180,320,770,970,1000,32919,0,8,21.50360206884079,2.1062999730929732,1024.6012000134215,4763.991008232328
1791068223,250,,Aggregated,124.000000,0.000000,8,13,17,21,34,56,180,310,760,970,1000,33047,0,8,21.444803346859928,2.1062999730929732,1024.6012000134215,4763.606288014041
1791068224,250,,Aggregated,124.200000,0.000000,8,13,17,21,34,56,180,310,760,970,1000,33179,0,8,21.392362382936167,2.1062999730929732,1024.6012000134215,4764.3308116579765
1791068225,250,,Aggregated,122.400000,0.000000,8,13,17,21,33,56,180,310,760,970,1000,33293,0,8,21.344128450518937,2.1062999730929732,1024.6012000134215,4764.3692367765
1791068226,250,,Aggregated,123.100000,0.000000,8,13,17,20,33,56,180,310,760,970,1000,33427,0,8,21.28477460445856,2.1062999730929732,1024.6012000134215,4764.75953570467
1791068227,250,,Aggregated,121.800000,0.000000,8,13,17,20,33,56,180,310,760,970,1000,33549,0,8,21.234797093894123,2.1062999730929732,1024.6012000134215,4764.296640734448
1791068228,250,,Aggregated,124.200000,0.000000,8,13,17,20,33,56,180,310,760,970,1000,33675,0,8,21.18276106022712,2.1062999730929732,1024.6012000134215,4764.216451373422
1791068229,250,,Aggregated,123.900000,0.000000,8,13,17,20,33,55,180,310,760,970,1000,33799,0,8,21.13075983323574,2.1062999730929732,1024.6012000134215,4763.106837480399
1791068230,250,,Aggregated,124.100000,0.000000,8,13,17,20,33,55,170,310,760,970,1000,33919,0,8,21.080664577477865,2.1062999730929732,1024.6012000134215,4763.874583566732
1791068231,250,,Aggregated,124.200000,0.000000,8,13,17,20,33,55,170,310,760,970,1000,34050,0,8,21.034642552234516,2.1062999730929732,1024.6012000134215,4763.24
1791068232,250,,Aggregated,123.900000,0.000000,8,13,17,20,33,55,170,310,760,970,1000,34186,0,8,20.998820628438157,2.1062999730929732,1024.6012000134215,4762.4261393552915
1791068233,250,,Aggregated,122.700000,0.000000,8,13,17,20,33,55,170,310,760,970,1000,34300,0,8,20.965941277062438,2.1062999730929732,1024.6012000134215,4762.57472303207
1791068234,250,,Aggregated,124.300000,0.000000,8,13,17,20,33,55,170,310,760,970,1000,34432,0,8,20.911938548525104,2.1062999730929732,1024.6012000134215,4763.524076440521
1791068235,250,,Aggregated,125.700000,0.000000,8,13,17,20,33,56,170,310,760,970,1000,34539,0,8,21.04810949660425,2.1062999730929732,1024.6012000134215,4762.69993340861
1791068236,250,,Aggregated,123.400000,0.000000,8,13,17,20,33,56,170,310,760,970,1000,34659,0,8,21.113781456568752,2.1062999730929732,1024.6012000134215,4762.677515219712
1791068237,250,,Aggregated,124.600000,0.000000,8,13,17,20,33,56,170,310,760,970,1000,34808,0,8,21.04807187149153,2.1062999730929732,1024.6012000134215,4763.199465640083
1791068238,250,,Aggregated,123.300000,0.000000,8,13,17,20,33,56,170,310,760,970,1000,34927,0,8,21.00088865641928,2.1062999730929732,1024.6012000134215,4762.523577747874
1791068239,250,,Aggregated,121.800000,0.000000,8,13,17,20,33,56,170,300,750,970,1000,35042,0,8,20.958508144583384,2.1062999730929732,1024.6012000134215,4762.986616060727
1791068240,250,,Aggregated,122.500000,0.000000,8,13,17,20,33,56,170,300,750,970,1000,35178,0,8,20.901994465356832,2.1062999730929732,1024.6012000134215,4761.978878844732
1791068241,250,,Aggregated,121.800000,0.000000,8,13,17,20,33,55,170,300,750,970,1000,35298,0,8,20.85697449153868,2.1062999730929732,1024.6012000134215,4762.925519859482
1791068242,250,,Aggregated,122.400000,0.000000,8,13,17,20,33,55,170,300,750,970,1000,35425,0,8,20.808665208239503,2.1062999730929732,1024.6012000134215,4762.049004940014
1791068243,250,,Aggregated,123.800000,0.000000,8,12,17,20,33,55,170,300,750,970,1000,35534,0,8,20.76326663201629,2.1062999730929732,1024.6012000134215,4762.889598694208
1791068244,250,,Aggregated,122.100000,0.000000,8,12,17,20,33,55,170,300,750,970,1000,35663,0,8,20.71605720780976,2.1062999730929732,1024.6012000134215,4762.842245464487
1791068245,250,,Aggregated,121.300000,0.000000,8,12,16,20,33,55,170,300,750,970,1000,35798,0,8,20.667033845533357,2.1062999730929732,1024.6012000134215,4762.644477345103
1791068246,250,,Aggregated,122.500000,0.000000,8,12,16,20,32,55,170,300,750,970,1000,35919,0,8,20.61952353355911,2.1062999730929732,1024.6012000134215,4761.892090537041
1791068247,250,,Aggregated,122.300000,0.000000,8,12,16,20,32,54,170,300,750,970,1000,36040,0,8,20.57546588795441,2.1062999730929732,1024.6012000134215,4761.653357380688
1791068248,250,,Aggregated,123.200000,0.000000,8,12,16,20,32,54,170,300,750,970,1000,36165,0,8,20.532087902719386,2.1062999730929732,1024.6012000134215,4761.837964883174
1791068250,250,,Aggregated,125.000000,0.000000,8,12,16,20,32,54,170,300,750,970,1000,36287,0,8,20.483964764290285,2.1062999730929732,1024.6012000134215,4762.038884448976
1791068251,250,,Aggregated,123.000000,0.000000,8,12,16,20,32,54,170,300,750,970,1000,36420,0,8,20.43177229549837,2.1062999730929732,1024.6012000134215,4761.926194398682
1791068252,250,,Aggregated,123.000000,0.000000,8,12,16,20,32,54,160,300,750,970,1000,36544,0,8,20.383753847470427,2.1062999730929732,1024.6012000134215,4762.109320271454
1791068253,250,,Aggregated,123.500000,0.000000,8,12,16,19,32,53,160,300,750,970,1000,36664,0,8,20.34095148923876,2.1062999730929732,1024.6012000134215,4763.2601461924505
1791068254,250,,Aggregated,124.100000,0.000000,8,12,16,19,32,53,160,300,750,970,1000,36787,0,8,20.300780756832683,2.1062999730929732,1024.6012000134215,4762.994046810014
1791068255,250,,Aggregated,123.300000,0.000000,8,12,16,19,32,53,160,300,750,970,1000,36899,0,8,20.279327664754653,2.1062999730929732,1024.6012000134215,4761.527439768015
1791068256,250,,Aggregated,123.900000,0.000000,8,12,16,19,32,53,160,300,750,970,1000,37033,0,8,20.232893565240285,2.1062999730929732,1024.6012000134215,4761.55423541166
1791068257,250,,Aggregated,122.200000,0.000000,8,12,16,19,32,53,160,300,750,970,1000,37154,0,8,20.18602044737037,2.1062999730929732,1024.6012000134215,4762.481374818324
1791068258,250,,Aggregated,122.200000,0.000000,8,12,16,19,32,53,160,290,750,970,1000,37279,0,8,20.143212564752996,2.1062999730929732,1024.6012000134215,4762.308377370638
1791068259,250,,Aggregated,122.500000,0.000000,7,12,16,19,32,53,160,290,750,970,1000,37407,0,7,20.106446983230928,2.1062999730929732,1024.6012000134215,4762.239286764509
1791068260,250,,Aggregated,123.300000,0.000000,7,12,16,19,32,52,160,290,750,970,1000,37528,0,7,20.062998574448223,2.1062999730929732,1024.6012000134215,4762.09909933916
1791068261,250,,Aggregated,123.600000,0.000000,7,12,16,19,32,52,160,290,750,970,1000,37661,0,7,20.023138342106012,2.1062999730929732,1024.6012000134215,4762.875760070099
1791068262,250,,Aggregated,123.600000,0.000000,7,12,16,19,32,52,160,290,750,970,1000,37781,0,7,19.98156379402685,2.1062999730929732,1024.6012000134215,4763.419417167359
1791068263,250,,Aggregated,123.600000,0.000000,7,12,16,19,31,52,160,290,750,970,1000,37917,0,7,19.95059146826321,2.1062999730929732,1024.6012000134215,4760.9590948651
1791068264,250,,Aggregated,122.600000,0.000000,7,12,16,19,31,52,160,290,750,970,1000,38041,0,7,19.90888401730598,2.1062999730929732,1024.6012000134215,4761.717778186693
1791068265,250,,Aggregated,124.300000,0.000000,7,12,16,19,31,52,160,290,750,970,1000,38153,0,7,19.87749158395559,2.1062999730929732,1024.6012000134215,4762.217099572773
1791068266,250,,Aggregated,124.700000,0.000000,7,12,16,19,31,51,160,290,750,970,1000,38299,0,7,19.827321575045314,2.1062999730929732,1024.6012000134215,4762.340113318885
1791068267,250,,Aggregated,124.800000,0.000000,7,12,16,19,31,51,160,290,750,970,1000,38425,0,7,19.78441028763336,2.1062999730929732,1024.6012000134215,4762.853350683149
1791068268,250,,Aggregated,124.600000,0.000000,7,12,16,19,31,51,160,290,750,970,1000,38545,0,7,19.746867189051425,2.1062999730929732,1024.6012000134215,4762.987339473343
1791068269,250,,Aggregated,125.100000,0.000000,7,12,16,19,31,51,150,290,750,970,1000,38665,0,7,19.71010765296443,2.1062999730929732,1024.6012000134215,4763.107358075779
1791068270,250,,Aggregated,124.600000,0.000000,7,12,16,19,31,51,150,290,750,970,1000,38796,0,7,19.674077417828723,2.1062999730929732,1024.6012000134215,4762.427569852563
1791068271,250,,Aggregated,123.400000,0.000000,7,12,16,19,31,51,150,290,750,970,1000,38918,0,7,19.632135780421972,2.1062999730929732,1024.6012000134215,4762.889485585077
1791068272,250,,Aggregated,124.900000,0.000000,7,12,16,19,31,51,150,290,750,970,1000,39039,0,7,19.593265398754617,2.1062999730929732,1024.6012000134215,4762.900893977817
1791068273,250,,Aggregated,124.200000,0.000000,7,12,16,19,31,51,150,290,750,970,1000,39171,0,7,19.55327815735564,2.1062999730929732,1024.6012000134215,4762.411503408133
1791068274,250,,Aggregated,124.100000,0.000000,7,12,16,19,31,50,150,280,750,970,1000,39301,0,7,19.508511564643314,2.1062999730929732,1024.6012000134215,4762.765374926847
1791068275,250,,Aggregated,124.100000,0.000000,7,12,16,19,31,50,150,280,750,970,1000,39417,0,7,19.470443194614404,2.1062999730929732,1024.6012000134215,4762.557576680113
1791068276,250,,Aggregated,123.600000,0.000000,7,12,16,19,31,50,150,280,750,970,1000,39539,0,7,19.430970431779514,2.1062999730929732,1024.6012000134215,4762.796049470144
1791068277,250,,Aggregated,124.400000,0.000000,7,12,16,19,31,50,150,280,750,970,1000,39658,0,7,19.393158996981757,2.1062999730929732,1024.6012000134215,4763.076327600988
1791068278,250,,Aggregated,123.600000,0.000000,7,12,16,19,30,50,150,280,750,970,1000,39786,0,7,19.35419711964327,2.1062999730929732,1024.6012000134215,4763.009098677927
1791068279,250,,Aggregated,122.400000,0.000000,7,12,15,19,30,50,150,280,750,970,1000,39904,0,7,19.318242649912523,2.1062999730929732,1024.6012000134215,4762.811998797113
1791068280,250,,Aggregated,123.000000,0.000000,7,12,15,19,30,50,150,280,740,910,1000,40035,0,7,19.275126534344196,2.1062999730929732,1024.6012000134215,4762.601448732359
1791068281,250,,Aggregated,123.800000,0.000000,7,12,15,19,30,50,150,280,740,910,1000,40160,0,7,19.240347109129164,2.1062999730929732,1024.6012000134215,4761.723256972112
1791068282,250,,Aggregated,122.900000,0.000000,7,12,15,18,30,49,150,280,740,910,1000,40291,0,7,19.19980857765175,2.1062999730929732,1024.6012000134215,4761.455089225882
1791068283,250,,Aggregated,122.800000,0.000000,7,12,15,18,30,49,150,280,740,910,1000,40411,0,7,19.164778891942284,2.1062999730929732,1024.6012000134215,4760.992452550048
1791068284,250,,Aggregated,124.200000,0.000000,7,12,15,18,30,49,150,280,740,910,1000,40543,0,7,19.135122208576337,2.1062999730929732,1024.6012000134215,4761.417162025504
1791068285,250,,Aggregated,123.600000,0.000000,7,12,15,18,30,49,150,280,740,910,1000,40659,0,7,19.102918005905586,2.1062999730929732,1024.6012000134215,4760.79628126614
1791068286,250,,Aggregated,124.200000,0.000000,7,12,15,18,30,49,140,280,740,910,1000,40780,0,7,19.074355306575082,2.1062999730929732,1024.6012000134215,4760.734796468857
1791068287,250,,Aggregated,124.700000,0.000000,7,12,15,18,30,49,140,270,740,910,1000,40905,0,7,19.040621821346807,2.1062999730929732,1024.6012000134215,4761.028431732062
1791068288,250,,Aggregated,123.400000,0.000000,7,12,15,18,30,49,140,270,740,910,1000,41044,0,7,18.99986345147049,2.1062999730929732,1024.6012000134215,4762.195984796804
1791068289,250,,Aggregated,124.200000,0.000000,7,12,15,18,30,48,140,270,740,910,1000,41151,0,7,18.966202053462105,2.1062999730929732,1024.6012000134215,4762.764890282132
1791068290,250,,Aggregated,124.600000,0.000000,7,12,15,18,30,48,140,270,740,910,1000,41300,0,7,18.932749876552645,2.1062999730929732,1024.6012000134215,4762.459636803874
1791068291,250,,Aggregated,122.800000,0.000000,7,12,15,18,30,48,140,270,740,910,1000,41410,0,7,18.900659352858813,2.1062999730929732,1024.6012000134215,4762.223569186187
1791068292,250,,Aggregated,124.000000,0.000000,7,11,15,18,30,48,140,270,740,910,1000,41542,0,7,18.861131871413757,2.1062999730929732,1024.6012000134215,4761.837634201531
1791068293,250,,Aggregated,124.700000,0.000000,7,11,15,18,30,48,140,270,740,910,1000,41669,0,7,18.82817287438098,2.1062999730929732,1024.6012000134215,4761.937675490172
1791068294,250,,Aggregated,124.200000,0.000000,7,11,15,18,30,48,140,270,740,910,1000,41797,0,7,18.7895364739595,2.1062999730929732,1024.6012000134215,4762.712826279398
1791068295,250,,Aggregated,124.400000,0.000000,7,11,15,18,29,48,140,270,740,910,1000,41924,0,7,18.7556539810681,2.1062999730929732,1024.6012000134215,4762.561158286423
1791068296,250,,Aggregated,123.400000,0.000000,7,11,15,18,29,48,140,270,740,910,1000,42053,0,7,18.72619518232842,2.1062999730929732,1024.6012000134215,4761.72211257223
1791068297,250,,Aggregated,124.100000,0.000000,7,11,15,18,29,48,140,270,740,910,1000,42176,0,7,18.692527980431024,2.1062999730929732,1024.6012000134215,4761.423060508346
1791068298,250,,Aggregated,125.700000,0.000000,7,11,15,18,29,47,140,260,740,910,1000,42309,0,7,18.66282193393803,2.1062999730929732,1024.6012000134215,4761.297454442317
1791068299,250,,Aggregated,126.700000,0.000000,7,11,15,18,29,47,140,260,740,910,1000,42424,0,7,18.634515998086187,2.1062999730929732,1024.6012000134215,4760.774585140486
1791068300,250,,Aggregated,124.900000,0.000000,7,11,15,18,29,47,140,260,740,910,1000,42553,0,7,18.59840600669032,2.1062999730929732,1024.6012000134215,4759.97306887881
1791068301,250,,Aggregated,127.900000,0.000000,7,11,15,18,29,47,140,260,740,910,1000,42674,0,7,18.56507512777903,2.1062999730929732,1024.6012000134215,4759.509092187281
1791068302,250,,Aggregated,125.700000,0.000000,7,11,15,18,29,47,140,260,740,910,1000,42798,0,7,18.53205125712766,2.1062999730929732,1024.6012000134215,4759.470722930978
1791068303,250,,Aggregated,125.500000,0.000000,7,11,15,18,29,47,140,260,740,910,1000,42931,0,7,18.498757690306103,2.1062999730929732,1024.6012000134215,4759.006615266358
1791068304,250,,Aggregated,125.000000,0.000000,7,11,15,18,29,47,130,260,740,910,1000,43051,0,7,18.464355610853815,2.1062999730929732,1024.6012000134215,4758.733850549348
1791068305,250,,Aggregated,125.000000,0.000000,7,11,15,18,29,47,130,260,740,910,1000,43162,0,7,18.437268296265724,2.1062999730929732,1024.6012000134215,4758.898591353505
1791068306,250,,Aggregated,125.400000,0.000000,7,11,15,18,29,47,130,260,740,910,1000,43281,0,7,18.409068226311263,2.1062999730929732,1024.6012000134215,4759.078533305607
1791068307,250,,Aggregated,124.900000,0.000000,7,11,15,18,29,47,130,260,740,910,1000,43413,0,7,18.370641022355063,2.1062999730929732,1024.6012000134215,4759.650127841891
1791068308,250,,Aggregated,122.800000,0.000000,7,11,15,18,29,46,130,260,740,910,1000,43533,0,7,18.338284356769574,2.1062999730929732,1024.6012000134215,4759.698711322445
1791068309,250,,Aggregated,122.900000,0.000000,7,11,15,18,29,46,130,260,740,910,1000,43667,0,7,18.304320310614187,2.1062999730929732,1024.6012000134215,4759.97606888497
1791068310,250,,Aggregated,123.100000,0.000000,7,11,15,18,29,46,130,260,740,910,1000,43793,0,7,18.27307068946837,2.1062999730929732,1024.6012000134215,4760.210124905807
1791068311,250,,Aggregated,122.000000,0.000000,7,11,15,18,29,46,130,260,740,910,1000,43924,0,7,18.240079924502137,2.1062999730929732,1024.6012000134215,4759.5477415535925
1791068312,250,,Aggregated,123.600000,0.000000,7,11,15,18,29,46,130,260,730,910,1000,44050,0,7,18.20573091722214,2.1062999730929732,1024.6012000134215,4758.8426333711695
1791068313,250,,Aggregated,122.800000,0.000000,7,11,15,18,29,46,130,260,730,910,1000,44164,0,7,18.179669158219365,2.1062999730929732,1024.6012000134215,4758.260393080337
1791068314,250,,Aggregated,124.700000,0.000000,7,11,15,18,28,46,130,260,730,910,1000,44302,0,7,18.14077254985017,2.1062999730929732,1024.6012000134215,4758.333935262516
1791068315,250,,Aggregated,123.200000,0.000000,7,11,15,18,28,46,130,260,730,910,1000,44426,0,7,18.111182064630544,2.1062999730929732,1024.6012000134215,4757.89960833746
1791068316,250,,Aggregated,125.000000,0.000000,7,11,15,18,28,46,130,260,730,910,1000,44542,0,7,18.082686222069164,2.1062999730929732,1024.6012000134215,4758.366754972834
1791068317,250,,Aggregated,123.000000,0.000000,7,11,15,17,28,46,130,260,730,910,1000,44683,0,7,18.047807083302825,2.1062999730929732,1024.6012000134215,4757.342703041425
1791068318,250,,Aggregated,124.600000,0.000000,7,11,15,17,28,45,130,260,730,910,1000,44798,0,7,18.023412971623532,2.1062999730929732,1024.6012000134215,4757.764699316934
1791068319,250,,Aggregated,125.000000,0.000000,7,11,15,17,28,45,130,250,730,910,1000,44921,0,7,17.995634885742053,2.1062999730929732,1024.6012000134215,4757.983214977405
1791068320,250,,Aggregated,124.400000,0.000000,7,11,15,17,28,45,130,250,730,910,1000,45039,0,7,17.96845264774985,2.1062999730929732,1024.6012000134215,4758.3142609738225
1791068321,250,,Aggregated,124.400000,0.000000,7,11,15,17,28,45,130,250,730,910,1000,45166,0,7,17.94058435110394,2.1062999730929732,1024.6012000134215,4758.656732940708
1791068322,250,,Aggregated,123.300000,0.000000,7,11,15,17,28,45,130,250,730,910,1000,45296,0,7,17.911638963763867,2.1062999730929732,1024.6012000134215,4758.9722271282235
1791068323,250,,Aggregated,123.200000,0.000000,7,11,15,17,28,45,130,250,730,910,1000,45411,0,7,17.887174907021052,2.1062999730929732,1024.6012000134215,4758.710070247297
1791068324,250,,Aggregated,121.900000,0.000000,7,11,15,17,28,45,130,250,730,910,1000,45532,0,7,17.858357076410016,2.1062999730929732,1024.6012000134215,4759.287072827901
1791068325,250,,Aggregated,123.700000,0.000000,7,11,15,17,28,45,130,250,730,910,1000,45661,0,7,17.82876874363052,2.1062999730929732,1024.6012000134215,4759.429206543878
1791068326,250,,Aggregated,120.300000,0.000000,7,11,14,17,28,45,130,250,730,910,1000,45776,0,7,17.801256933817896,2.1062999730929732,1024.6012000134215,4759.310883432367
1791068327,250,,Aggregated,123.300000,0.000000,7,11,14,17,28,45,130,250,730,910,1000,45902,0,7,17.768981196943727,2.1062999730929732,1024.6012000134215,4759.553265652913
1791068328,250,,Aggregated,122.900000,0.000000,7,11,14,17,28,45,130,250,720,910,1000,46035,0,7,17.73695978715489,2.1062999730929732,1024.6012000134215,4759.370413815575
1791068329,250,,Aggregated,121.500000,0.000000,7,11,14,17,28,44,120,250,720,910,1000,46156,0,7,17.705578440542237,2.1062999730929732,1024.6012000134215,4758.713450038998
1791068330,250,,Aggregated,122.200000,0.000000,7,11,14,17,28,44,120,250,720,910,1000,46268,0,7,17.683168678169803,2.1062999730929732,1024.6012000134215,4758.936003285208
1791068331,250,,Aggregated,122.800000,0.000000,7,11,14,17,28,44,120,250,720,910,1000,46383,0,7,17.65863272753715,2.1062999730929732,1024.6012000134215,4758.181855421167
1791068332,250,,Aggregated,122.600000,0.000000,7,11,14,17,28,44,120,250,720,910,1000,46518,0,7,17.62646311968376,2.1062999730929732,1024.6012000134215,4758.297089298766
1791068333,250,,Aggregated,122.000000,0.000000,7,11,14,17,28,44,120,250,720,910,1000,46645,0,7,17.595865432551022,2.1062999730929732,1024.6012000134215,4759.279343981134
1791068334,250,,Aggregated,122.900000,0.000000,7,11,14,17,28,44,120,250,720,910,1000,46776,0,7,17.56387438432799,2.1062999730929732,1024.6012000134215,4759.395886779545
1791068335,250,,Aggregated,120.900000,0.000000,7,11,14,17,28,44,120,250,720,910,1000,46895,0,7,17.539048346328194,2.1062999730929732,1024.6012000134215,4758.896790702634
1791068336,250,,Aggregated,123.700000,0.000000,7,11,14,17,27,44,120,250,720,910,1000,47028,0,7,17.509690739585917,2.1062999730929732,1024.6012000134215,4759.208747979927
1791068337,250,,Aggregated,123.300000,0.000000,7,11,14,17,27,44,120,250,720,910,1000,47150,0,7,17.48072631391208,2.1062999730929732,1024.6012000134215,4758.621420996818
1791068338,250,,Aggregated,124.100000,0.000000,7,11,14,17,27,44,120,250,720,910,1000,47277,0,7,17.449716828503416,2.0978000247851014,1024.6012000134215,4759.073481819913
1791068339,250,,Aggregated,122.900000,0.000000,7,11,14,17,27,43,120,250,720,910,1000,47395,0,7,17.42443083871567,2.0978000247851014,1024.6012000134215,4759.617765587087
1791068340,250,,Aggregated,124.100000,0.000000,7,11,14,17,27,43,120,250,720,910,1000,47521,0,7,17.398767666942565,2.0978000247851014,1024.6012000134215,4759.073672692073
1791068341,250,,Aggregated,123.900000,0.000000,7,11,14,17,27,43,120,250,720,910,1000,47648,0,7,17.380300986419854,2.0978000247851014,1024.6012000134215,4760.828282404298
1791068342,250,,Aggregated,123.900000,0.000000,7,11,14,17,27,43,120,250,720,910,1000,47769,0,7,17.3541318051655,2.0978000247851014,1024.6012000134215,4760.554878687015
1791068343,250,,Aggregated,124.000000,0.000000,7,11,14,17,27,43,120,250,720,910,1000,47898,0,7,17.324576971913793,2.0978000247851014,1024.6012000134215,4760.042402605537
1791068344,250,,Aggregated,124.700000,0.000000,7,11,14,17,27,43,120,250,710,910,1000,48017,0,7,17.298021852698835,2.0978000247851014,1024.6012000134215,4760.035841472812
1791068345,250,,Aggregated,124.500000,0.000000,7,11,14,17,27,43,120,250,710,910,1000,48132,0,7,17.270832626965948,2.0978000247851014,1024.6012000134215,4759.457263359096
1791068346,250,,Aggregated,124.100000,0.000000,7,11,14,17,27,43,120,240,710,910,1000,48260,0,7,17.249406065084912,2.0978000247851014,1024.6012000134215,4759.86866970576
1791068347,250,,Aggregated,122.800000,0.000000,7,11,14,17,27,43,110,240,710,910,1000,48382,0,7,17.223174536012035,2.0978000247851014,1024.6012000134215,4759.77692116903
1791068348,250,,Aggregated,121.100000,0.000000,7,11,14,17,27,43,110,240,710,910,1000,48508,0,7,17.197357996644705,2.0978000247851014,1024.6012000134215,4759.290859239713
1791068349,250,,Aggregated,123.300000,0.000000,7,11,14,17,27,43,110,240,710,910,1000,48635,0,7,17.168192090080762,2.0978000247851014,1024.6012000134215,4759.401665467256
1791068350,250,,Aggregated,122.000000,0.000000,7,11,14,17,27,43,110,240,710,910,1000,48759,0,7,17.1612317931275,2.0978000247851014,1024.6012000134215,4758.546340162842
1791068351,250,,Aggregated,123.200000,0.000000,7,11,14,17,27,43,110,240,710,910,1000,48898,0,7,17.1331087447576,2.0978000247851014,1024.6012000134215,4759.103910180375
1791068352,250,,Aggregated,122.600000,0.000000,7,11,14,17,27,43,110,240,710,910,1000,49022,0,7,17.108898796487388,2.0978000247851014,1024.6012000134215,4759.44333156542
1791068353,250,,Aggregated,123.400000,0.000000,7,11,14,17,27,43,110,240,710,910,1000,49154,0,7,17.083570722664586,2.0978000247851014,1024.6012000134215,4759.347011433454
1791068354,250,,Aggregated,123.600000,0.000000,7,11,14,17,27,42,110,240,710,910,1000,49273,0,7,17.058855683668416,2.0978000247851014,1024.6012000134215,4759.437886875165
1791068355,250,,Aggregated,124.700000,0.000000,7,11,14,17,27,42,110,240,710,910,1000,49408,0,7,17.03044259434749,2.0978000247851014,1024.6012000134215,4759.251517972798
1791068356,250,,Aggregated,125.700000,0.000000,7,10,14,17,27,42,110,240,710,910,1000,49534,0,7,17.010830365035517,2.0978000247851014,1024.6012000134215,4759.0538418056285
1791068357,250,,Aggregated,126.100000,0.000000,7,10,14,17,27,42,110,240,710,910,1000,49652,0,7,16.989330460030846,2.0978000247851014,1024.6012000134215,4758.728450012084
1791068358,250,,Aggregated,127.200000,0.000000,7,10,14,17,27,42,110,240,710,910,1000,49779,0,7,16.963503242352655,2.0978000247851014,1024.6012000134215,4758.889069688021
1791068359,250,,Aggregated,125.800000,0.000000,7,10,14,17,27,42,110,240,710,910,1000,49905,0,7,16.94605630500352,2.0978000247851014,1024.6012000134215,4759.924095781986
1791068360,250,,Aggregated,126.100000,0.000000,7,10,14,17,27,42,110,240,710,900,1000,50034,0,7,16.93160666948379,2.0978000247851014,1024.6012000134215,4760.031518567374
1791068361,250,,Aggregated,125.200000,0.000000,7,10,14,17,27,42,110,240,710,900,1000,50142,0,7,16.915887322033544,2.0978000247851014,1024.6012000134215,4760.239200670097
1791068362,250,,Aggregated,125.600000,0.000000,7,10,14,17,27,42,110,240,710,900,1000,50274,0,7,16.88988347260826,2.0978000247851014,1024.6012000134215,4759.6932012571115
1791068363,250,,Aggregated,125.700000,0.000000,7,10,14,17,27,42,110,240,710,900,1000,50393,0,7,16.8636751076842,2.0978000247851014,1024.6012000134215,4760.051673843589
1791068364,250,,Aggregated,123.500000,0.000000,7,10,14,16,27,42,110,240,710,900,1000,50533,0,7,16.838879825104943,2.0978000247851014,1024.6012000134215,4760.016227019967
1791068365,250,,Aggregated,123.800000,0.000000,7,10,14,16,26,42,110,240,710,900,1000,50662,0,7,16.81227433978914,2.0978000247851014,1024.6012000134215,4760.815127709131
1791068366,250,,Aggregated,121.900000,0.000000,7,10,14,16,26,42,110,240,710,900,1000,50773,0,7,16.788879502939782,2.0978000247851014,1024.6012000134215,4761.205916530439
1791068367,250,,Aggregated,122.900000,0.000000,7,10,14,16,26,42,110,240,710,900,1000,50895,0,7,16.770728399699586,2.0978000247851014,1024.6012000134215,4760.980194518125
1791068368,250,,Aggregated,123.900000,0.000000,7,10,14,16,26,42,110,230,710,900,1000,51033,0,7,16.744011598424713,2.0978000247851014,1024.6012000134215,4761.202809946505
1791068369,250,,Aggregated,123.300000,0.000000,7,10,14,16,26,41,110,230,710,900,1000,51146,0,7,16.724578483223198,2.0978000247851014,1024.6012000134215,4760.722969538185
1791068371,250,,Aggregated,122.900000,0.000000,7,10,14,16,26,41,110,230,710,900,1000,51281,0,7,16.698649675381862,2.0978000247851014,1024.6012000134215,4760.477818295275
1791068372,250,,Aggregated,123.200000,0.000000,7,10,14,16,26,41,110,230,710,900,1000,51400,0,7,16.679133930022047,2.0978000247851014,1024.6012000134215,4760.442918287938
1791068373,250,,Aggregated,123.200000,0.000000,7,10,14,16,26,41,110,230,710,900,1000,51526,0,7,16.653522181096772,2.0978000247851014,1024.6012000134215,4760.755579707332
1791068374,250,,Aggregated,124.200000,0.000000,7,10,14,16,26,41,110,230,710,900,1000,51650,0,7,16.63051807170144,2.0978000247851014,1024.6012000134215,4761.126427879961
1791068375,250,,Aggregated,124.200000,0.000000,7,10,14,16,26,41,110,230,710,900,1000,51784,0,7,16.60925251820913,2.0978000247851014,1024.6012000134215,4761.564382820949
1791068376,250,,Aggregated,124.900000,0.000000,7,10,14,16,26,41,110,230,710,900,1000,51901,0,7,16.587145789155407,2.0978000247851014,1024.6012000134215,4761.328760524845
1791068377,250,,Aggregated,124.300000,0.000000,7,10,14,16,26,41,110,230,700,900,1000,52025,0,7,16.564456605533042,2.0978000247851014,1024.6012000134215,4761.158519942335
1791068378,250,,Aggregated,122.800000,0.000000,7,10,14,16,26,41,110,230,700,900,1000,52152,0,7,16.53882424840546,2.0978000247851014,1024.6012000134215,4761.32416781715
1791068379,250,,Aggregated,124.300000,0.000000,7,10,14,16,26,41,110,230,700,900,1000,52270,0,7,16.51670666544839,2.0978000247851014,1024.6012000134215,4760.719533193036
1791068380,250,,Aggregated,125.300000,0.000000,7,10,14,16,26,41,100,230,700,900,1000,52399,0,7,16.494090486513677,2.0978000247851014,1024.6012000134215,4761.139048455123
1791068381,250,,Aggregated,123.200000,0.000000,7,10,14,16,26,41,100,230,700,900,1000,52521,0,7,16.474357794085908,2.0978000247851014,1024.6012000134215,4760.667847146856
1791068382,250,,Aggregated,124.400000,0.000000,7,10,14,16,26,41,100,230,700,900,1000,52650,0,7,16.449837006703913,2.0978000247851014,1024.6012000134215,4759.570864197531
1791068383,250,,Aggregated,123.300000,0.000000,7,10,14,16,26,40,100,230,700,900,1000,52783,0,7,16.423786488139548,2.0978000247851014,1024.6012000134215,4759.413258056571
1791068384,250,,Aggregated,124.100000,0.000000,7,10,14,16,26,40,100,230,700,900,1000,52897,0,7,16.40364874195656,2.0978000247851014,1024.6012000134215,4759.3766376165
1791068385,250,,Aggregated,123.500000,0.000000,7,10,14,16,26,40,100,230,700,900,1000,53028,0,7,16.382671471737307,2.0978000247851014,1024.6012000134215,4759.571980840311
1791068386,250,,Aggregated,123.000000,0.000000,7,10,14,16,26,40,100,230,700,900,1000,53146,0,7,16.36396865621566,2.0978000247851014,1024.6012000134215,4759.408666691755
1791068387,250,,Aggregated,123.000000,0.000000,7,10,14,16,26,40,100,230,700,900,1000,53285,0,7,16.353645575738316,2.0978000247851014,1024.6012000134215,4759.262306465234
1791068388,250,,Aggregated,123.600000,0.000000,7,10,14,16,26,40,100,230,700,900,1000,53401,0,7,16.33557208297659,2.0978000247851014,1024.6012000134215,4759.567236568603
1791068389,250,,Aggregated,124.000000,0.000000,7,10,14,16,26,40,100,230,700,900,1000,53538,0,7,16.314178282759258,2.0978000247851014,1024.6012000134215,4759.1229593933285
1791068390,250,,Aggregated,122.800000,0.000000,7,10,14,16,26,40,100,230,700,900,1000,53653,0,7,16.293645630286857,2.0978000247851014,1024.6012000134215,4759.851881535049
1791068391,250,,Aggregated,124.500000,0.000000,7,10,14,16,26,40,100,230,700,900,1000,53789,0,7,16.270910431542088,2.0978000247851014,1024.6012000134215,4759.621762813958
1791068392,250,,Aggregated,124.300000,0.000000,7,10,14,16,26,40,100,230,700,900,1000,53910,0,7,16.253166644446967,2.0978000247851014,1024.6012000134215,4759.238861064738
1791068393,250,,Aggregated,124.500000,0.000000,7,10,13,16,26,40,100,230,690,900,1000,54037,0,7,16.231640740635193,2.0978000247851014,1024.6012000134215,4759.647445268983
1791068394,250,,Aggregated,124.500000,0.000000,7,10,13,16,26,40,100,230,690,900,1000,54159,0,7,16.20985399474705,2.0978000247851014,1024.6012000134215,4759.163610849536
1791068395,250,,Aggregated,124.000000,0.000000,7,10,13,16,26,40,100,230,690,900,1000,54280,0,7,16.189838754624297,2.0978000247851014,1024.6012000134215,4758.980213706706
1791068396,250,,Aggregated,125.600000,0.000000,7,10,13,16,25,40,100,220,690,900,1000,54401,0,7,16.17104056544498,2.0978000247851014,1024.6012000134215,4758.855627653904
1791068397,250,,Aggregated,125.000000,0.000000,7,10,13,16,25,40,100,220,690,900,1000,54523,0,7,16.149906798974808,2.0978000247851014,1024.6012000134215,4758.616345395521
1791068398,250,,Aggregated,124.100000,0.000000,7,10,13,16,25,40,99,220,690,900,1000,54667,0,7,16.12657739404516,2.0978000247851014,1024.6012000134215,4758.623429125432
1791068399,250,,Aggregated,123.300000,0.000000,7,10,13,16,25,40,99,220,690,900,1000,54790,0,7,16.10850710167149,2.0978000247851014,1024.6012000134215,4758.769538236905
1791068400,250,,Aggregated,125.900000,0.000000,7,10,13,16,25,39,99,220,690,900,1000,54914,0,7,16.097867232407335,2.0978000247851014,1024.6012000134215,4758.778180427577
1791068401,250,,Aggregated,125.100000,0.000000,7,10,13,16,25,39,98,220,690,900,1000,55023,0,7,16.095919519111582,2.0978000247851014,1024.6012000134215,4759.171909928576
1791068402,250,,Aggregated,123.900000,0.000000,7,10,13,16,25,39,98,220,690,900,1000,55150,0,7,16.07527070716661,2.0978000247851014,1024.6012000134215,4759.134088848595
1791068403,250,,Aggregated,123.500000,0.000000,7,10,13,16,25,39,97,220,690,900,1000,55281,0,7,16.053113138328357,2.0978000247851014,1024.6012000134215,4759.438975416509
1791068404,250,,Aggregated,122.800000,0.000000,7,10,13,16,25,39,97,220,690,900,1000,55409,0,7,16.02816947968227,2.0978000247851014,1024.6012000134215,4760.379487086935
1791068405,250,,Aggregated,124.300000,0.000000,7,10,13,16,25,39,97,220,690,900,1000,55534,0,7,16.00949574133921,2.0978000247851014,1024.6012000134215,4759.715183491195
1791068406,250,,Aggregated,123.600000,0.000000,7,10,13,16,25,39,96,220,690,900,1000,55652,0,7,15.989012738078685,2.0978000247851014,1024.6012000134215,4759.663893480917
1791068407,250,,Aggregated,122.700000,0.000000,7,10,13,16,25,39,96,220,690,900,1000,55793,0,7,15.964553225305586,2.0978000247851014,1024.6012000134215,4759.531321133475
1791068408,250,,Aggregated,124.400000,0.000000,7,10,13,16,25,39,96,220,690,900,1000,55916,0,7,15.947528739523696,2.0978000247851014,1024.6012000134215,4759.353852206882
1791068409,250,,Aggregated,124.800000,0.000000,7,10,13,16,25,39,96,220,690,900,1000,56041,0,7,15.927463637322314,2.0978000247851014,1024.6012000134215,4759.0075480451815
1791068410,250,,Aggregated,122.900000,0.000000,7,10,13,16,25,39,95,220,690,900,1000,56153,0,7,15.908289507218218,2.0978000247851014,1024.6012000134215,4758.717343686001
1791068411,250,,Aggregated,123.100000,0.000000,7,10,13,16,25,39,95,220,690,900,1000,56285,0,7,15.891566326711573,2.0978000247851014,1024.6012000134215,4759.302709425247
1791068412,250,,Aggregated,124.200000,0.000000,7,10,13,16,25,39,94,220,690,900,1000,56415,0,7,15.880419021520787,2.0978000247851014,1024.6012000134215,4759.016006381282
1791068413,250,,Aggregated,125.100000,0.000000,7,10,13,16,25,39,94,220,690,900,1000,56543,0,7,15.86142561764808,2.0978000247851014,1024.6012000134215,4759.410165714589
1791068414,250,,Aggregated,127.100000,0.000000,7,10,13,16,25,39,94,220,690,900,1000,56661,0,7,15.843080033862398,2.0978000247851014,1024.6012000134215,4759.2169040433455
1791068415,250,,Aggregated,124.100000,0.000000,7,10,13,16,25,39,94,220,690,900,1000,56788,0,7,15.8239023437851,2.0978000247851014,1024.6012000134215,4758.516499964781
1791068416,250,,Aggregated,123.100000,0.000000,7,10,13,16,25,39,94,220,690,900,1000,56904,0,7,15.80466275479285,2.0978000247851014,1024.6012000134215,4758.742021650499
1791068417,250,,Aggregated,124.700000,0.000000,7,10,13,16,25,38,94,220,680,900,1000,57047,0,7,15.78468720702388,2.0978000247851014,1024.6012000134215,4759.050274335197
1791068418,250,,Aggregated,123.800000,0.000000,7,10,13,16,25,38,93,220,680,900,1000,57160,0,7,15.770698289001674,2.0978000247851014,1024.6012000134215,4759.003184044786
1791068419,250,,Aggregated,123.100000,0.000000,7,10,13,16,25,38,92,220,680,900,1000,57291,0,7,15.751650332505829,2.0978000247851014,1024.6012000134215,4758.808364315512
1791068420,250,,Aggregated,124.100000,0.000000,7,10,13,16,25,38,92,210,680,900,1000,57424,0,7,15.732796522360093,2.0978000247851014,1024.6012000134215,4758.724139732516
1791068421,250,,Aggregated,124.100000,0.000000,7,10,13,16,25,38,92,210,680,900,1000,57546,0,7,15.719254222704643,2.0978000247851014,1024.6012000134215,4758.5443297535885
1791068422,250,,Aggregated,125.100000,0.000000,7,10,13,16,25,38,91,210,680,900,1000,57667,0,7,15.700416333429775,2.0978000247851014,1024.6012000134215,4759.207987237068
1791068423,250,,Aggregated,123.100000,0.000000,7,10,13,16,25,38,91,210,680,900,1000,57788,0,7,15.682104829720808,2.0978000247851014,1024.6012000134215,4758.770125285527
1791068424,250,,Aggregated,122.400000,0.000000,7,10,13,16,25,38,91,210,680,900,1000,57926,0,7,15.66403040430357,2.0978000247851014,1024.6012000134215,4758.43110175051
1791068425,250,,Aggregated,124.200000,0.000000,7,10,13,15,25,38,91,210,680,900,1000,58050,0,7,15.644545479758637,2.0978000247851014,1024.6012000134215,4758.265615848407
1791068426,250,,Aggregated,125.600000,0.000000,7,10,13,15,25,38,90,210,680,900,1000,58180,0,7,15.62418726194704,2.0978000247851014,1024.6012000134215,4758.013028532142
1791068427,250,,Aggregated,125.800000,0.000000,7,10,13,15,25,38,90,210,680,900,1000,58305,0,7,15.61858661520877,2.0978000247851014,1024.6012000134215,4758.526249892805
1791068428,250,,Aggregated,124.900000,0.000000,7,10,13,15,25,38,90,210,680,900,1000,58440,0,7,15.600910612601439,2.0978000247851014,1024.6012000134215,4758.65961670089
1791068429,250,,Aggregated,124.900000,0.000000,7,10,13,15,25,38,89,210,680,900,1000,58554,0,7,15.587353613763417,2.0978000247851014,1024.6012000134215,4758.71738907675
1791068430,250,,Aggregated,126.200000,0.000000,7,10,13,15,25,38,89,210,680,900,1000,58681,0,7,15.570863582764467,2.0978000247851014,1024.6012000134215,4758.6938020824455
1791068431,250,,Aggregated,124.700000,0.000000,7,10,13,15,25,38,88,210,680,900,1000,58799,0,7,15.551850448141447,2.0978000247851014,1024.6012000134215,4758.133607714417
1791068432,250,,Aggregated,123.600000,0.000000,7,10,13,15,24,38,88,210,680,900,1000,58923,0,7,15.532133167024302,2.0978000247851014,1024.6012000134215,4758.182407548835
1791068433,250,,Aggregated,125.600000,0.000000,7,10,13,15,25,38,88,210,680,900,1000,59070,0,7,15.532483912308745,2.0978000247851014,1024.6012000134215,4757.927205011004
1791068434,250,,Aggregated,124.400000,0.000000,7,10,13,15,24,38,88,210,680,900,1000,59192,0,7,15.517573661981213,2.0978000247851014,1024.6012000134215,4757.143482227328
1791068435,250,,Aggregated,124.700000,0.000000,7,10,13,15,24,38,87,210,680,900,1000,59318,0,6,15.498044819450042,2.0978000247851014,1024.6012000134215,4757.031086685323
1791068436,250,,Aggregated,125.400000,0.000000,7,10,13,15,24,38,87,210,680,900,1000,59444,0,7,15.485755092191605,2.0978000247851014,1024.6012000134215,4756.42312092053
1791068437,250,,Aggregated,125.500000,0.000000,6,10,13,15,24,38,87,210,680,900,1000,59568,0,6,15.469000972000114,2.0978000247851014,1024.6012000134215,4756.300782299221
1791068438,250,,Aggregated,126.700000,0.000000,6,10,13,15,24,37,86,210,680,900,1000,59688,0,6,15.457983167471127,2.0978000247851014,1024.6012000134215,4756.619420989144
1791068439,250,,Aggregated,126.800000,0.000000,6,10,13,15,24,37,86,210,680,900,1000,59807,0,6,15.446806258469005,2.0978000247851014,1024.6012000134215,4756.617703613289
1791068440,250,,Aggregated,124.000000,0.000000,6,10,13,15,24,37,86,210,680,900,1000,59941,0,6,15.42674107372425,2.0978000247851014,1024.6012000134215,4757.039038387748
1791068441,250,,Aggregated,125.100000,0.000000,6,10,13,15,24,37,86,200,680,900,1000,60064,0,6,15.413726878002512,2.0978000247851014,1024.6012000134215,4757.309603090037
1791068442,250,,Aggregated,125.000000,0.000000,7,10,13,15,24,37,86,200,680,900,1000,60189,0,7,15.412528367307182,2.0978000247851014,1024.6012000134215,4757.03590357042
1791068443,250,,Aggregated,124.600000,0.000000,7,10,13,15,24,37,85,200,680,900,1000,60307,0,7,15.403319861702455,2.0978000247851014,1024.6012000134215,4757.363755451274
1791068444,250,,Aggregated,125.300000,0.000000,7,10,13,15,24,37,85,200,680,900,1000,60431,0,7,15.394770313252382,2.0978000247851014,1024.6012000134215,4757.574705035495
1791068445,250,,Aggregated,124.400000,0.000000,7,10,13,15,24,37,84,200,680,900,1000,60552,0,7,15.401312693222085,2.0978000247851014,1024.6012000134215,4757.8399887699825
1791068446,250,,Aggregated,123.100000,0.000000,7,10,13,15,24,37,84,200,680,900,1000,60682,0,7,15.387200355951544,2.0978000247851014,1024.6012000134215,4757.521637388352
1791068447,250,,Aggregated,121.700000,0.000000,7,10,13,15,24,37,84,200,680,900,1000,60810,0,7,15.404975587889254,2.0978000247851014,1024.6012000134215,4757.664857753659
1791068448,250,,Aggregated,122.000000,0.000000,7,10,13,15,25,38,90,210,680,900,1000,60908,0,7,15.56346423621459,2.0978000247851014,1024.6012000134215,4758.612481119065
1791068449,250,,Aggregated,122.100000,0.000000,7,10,13,16,25,39,99,230,700,910,1000,61040,0,7,15.985563535384673,2.0978000247851014,1024.6012000134215,4758.228882699869
1791068450,250,,Aggregated,122.900000,0.000000,7,10,13,16,25,39,99,230,700,910,1000,61166,0,7,15.980853441453709,2.0978000247851014,1024.6012000134215,4758.613657914528
1791068451,250,,Aggregated,118.500000,0.000000,7,10,13,16,25,39,98,230,700,910,1000,61282,0,7,15.981891697399456,2.0978000247851014,1024.6012000134215,4758.251378871447
1791068452,250,,Aggregated,121.700000,0.000000,7,10,13,16,25,39,99,230,700,910,1000,61410,0,7,16.00855827390253,2.0978000247851014,1024.6012000134215,4758.083618303208
1791068453,250,,Aggregated,121.500000,0.000000,7,10,13,16,25,39,98,230,700,910,1000,61532,0,7,15.995492875255001,2.0978000247851014,1024.6012000134215,4758.639829682116
1791068454,250,,Aggregated,121.400000,0.000000,7,10,13,16,25,39,98,230,700,910,1000,61657,0,7,15.975174090535853,2.0978000247851014,1024.6012000134215,4759.355450313833
1791068455,250,,Aggregated,121.400000,0.000000,7,10,13,16,25,39,97,230,700,910,1000,61780,0,7,15.95418996116052,2.0978000247851014,1024.6012000134215,4759.502751699579
1791068456,250,,Aggregated,122.000000,0.000000,7,10,13,16,25,39,97,220,700,910,1000,61910,0,7,15.932314798910843,2.0978000247851014,1024.6012000134215,4758.939751251817
1791068457,250,,Aggregated,121.300000,0.000000,7,10,13,16,25,39,97,220,700,910,1000,62037,0,7,15.913696695530227,2.0978000247851014,1024.6012000134215,4758.96545609878
1791068458,250,,Aggregated,122.100000,0.000000,7,10,13,16,25,39,96,220,700,910,1000,62170,0,7,15.894017677347787,2.0978000247851014,1024.6012000134215,4759.118127714331
1791068459,250,,Aggregated,121.700000,0.000000,7,10,13,16,25,39,96,220,700,910,1000,62285,0,7,15.875901136731768,2.0978000247851014,1024.6012000134215,4759.324010596451
1791068460,250,,Aggregated,121.600000,0.000000,7,10,13,16,25,39,96,220,700,910,1000,62413,0,7,15.856720821009127,2.0978000247851014,1024.6012000134215,4758.75980965504
1791068461,250,,Aggregated,127.600000,0.000000,7,10,13,16,25,39,96,220,700,910,1000,62547,0,7,15.83669503895698,2.0978000247851014,1024.6012000134215,4758.56467936112
1791068462,250,,Aggregated,122.700000,0.000000,7,10,13,15,25,38,95,220,700,910,1000,62664,0,7,15.82243803621921,2.0978000247851014,1024.6012000134215,4758.938289927231
1791068463,250,,Aggregated,123.300000,0.000000,7,10,13,15,25,38,95,220,700,910,1000,62788,0,7,15.804298146164548,2.0978000247851014,1024.6012000134215,4758.5267885583235
1791068464,250,,Aggregated,124.500000,0.000000,7,10,13,15,25,38,95,220,700,910,1000,62913,0,7,15.788398456618882,2.0978000247851014,1024.6012000134215,4758.260025749845
1791068465,250,,Aggregated,124.900000,0.000000,6,10,13,15,25,38,94,220,690,910,1000,63050,0,6,15.766842918342915,2.0978000247851014,1024.6012000134215,4758.587153053132
1791068466,250,,Aggregated,124.100000,0.000000,6,10,13,15,25,38,94,220,690,910,1000,63158,0,6,15.750355563852917,2.0978000247851014,1024.6012000134215,4757.737531270781
1791068467,250,,Aggregated,125.100000,0.000000,6,10,13,15,25,38,94,220,690,910,1000,63289,0,6,15.736628030171635,2.0978000247851014,1024.6012000134215,4758.54483401539
1791068468,250,,Aggregated,124.900000,0.000000,6,10,13,15,25,38,94,220,690,910,1000,63409,0,6,15.720192354418918,2.0978000247851014,1024.6012000134215,4758.2950685233955
1791068469,250,,Aggregated,123.800000,0.000000,6,10,13,15,24,38,94,220,690,910,1000,63538,0,6,15.70204771162871,2.0978000247851014,1024.6012000134215,4758.8522773773175
1791068470,250,,Aggregated,124.400000,0.000000,6,10,13,15,24,38,93,220,690,910,1000,63655,0,6,15.684857799095466,2.0978000247851014,1024.6012000134215,4759.218474589585
1791068471,250,,Aggregated,122.700000,0.000000,6,10,13,15,24,38,93,220,690,910,1000,63796,0,6,15.664725639562084,2.0978000247851014,1024.6012000134215,4759.097169101511
1791068472,250,,Aggregated,125.400000,0.000000,6,10,13,15,24,38,92,220,690,910,1000,63923,0,6,15.645736339057851,2.0978000247851014,1024.6012000134215,4759.284858345197
1791068473,250,,Aggregated,123.300000,0.000000,6,10,13,15,24,38,92,220,690,910,1000,64034,0,6,15.628619014920424,2.0978000247851014,1024.6012000134215,4759.318252803198
1791068474,250,,Aggregated,124.100000,0.000000,6,10,13,15,24,38,92,220,690,910,1000,64170,0,6,15.608814863668371,2.0978000247851014,1024.6012000134215,4759.165684899485
1791068475,250,,Aggregated,124.900000,0.000000,6,10,13,15,24,38,91,220,690,910,1000,64276,0,6,15.594542395322849,2.0978000247851014,1024.6012000134215,4758.75443400336
1791068476,250,,Aggregated,123.300000,0.000000,6,10,13,15,24,38,91,220,690,910,1000,64413,0,6,15.576225226306292,2.0978000247851014,1024.6012000134215,4758.191731482775
1791068477,250,,Aggregated,124.600000,0.000000,6,10,13,15,24,38,91,220,690,910,1000,64548,0,6,15.562585671155471,2.0978000247851014,1024.6012000134215,4757.850467868872
1791068479,250,,Aggregated,124.700000,0.000000,6,10,13,15,24,38,91,220,690,910,1000,64655,0,6,15.548364958649813,2.0978000247851014,1024.6012000134215,4757.869801252803
1791068480,250,,Aggregated,124.700000,0.000000,6,10,13,15,24,38,91,220,690,910,1000,64777,0,6,15.53029131330091,2.0978000247851014,1024.6012000134215,4757.750729425567
1791068481,250,,Aggregated,123.500000,0.000000,6,10,13,15,24,38,90,210,690,910,1000,64912,0,6,15.512047230131435,2.0978000247851014,1024.6012000134215,4757.73051207789
1791068482,250,,Aggregated,122.800000,0.000000,6,10,13,15,24,37,90,210,690,910,1000,65035,0,6,15.494966847119516,2.0978000247851014,1024.6012000134215,4757.692750057661
1791068483,250,,Aggregated,125.200000,0.000000,6,10,13,15,24,37,90,210,690,910,1000,65166,0,6,15.47816864625748,2.0978000247851014,1024.6012000134215,4757.738467912715
1791068484,250,,Aggregated,122.700000,0.000000,6,10,13,15,24,37,89,210,690,910,1000,65278,0,6,15.462177225131873,2.0978000247851014,1024.6012000134215,4757.4476852844755
1791068485,250,,Aggregated,123.500000,0.000000,6,10,13,15,24,37,89,210,690,910,1000,65411,0,6,15.442246735291416,2.0978000247851014,1024.6012000134215,4757.62914494504
1791068486,250,,Aggregated,123.800000,0.000000,6,10,13,15,24,37,89,210,690,910,1000,65531,0,6,15.427639845302643,2.0978000247851014,1024.6012000134215,4757.32685293983
1791068487,250,,Aggregated,123.400000,0.000000,6,10,13,15,24,37,88,210,690,910,1000,65669,0,6,15.40884970233631,2.0978000247851014,1024.6012000134215,4757.747613028979
1791068488,250,,Aggregated,124.400000,0.000000,6,10,13,15,24,37,88,210,690,910,1000,65789,0,6,15.396842735148097,2.0978000247851014,1024.6012000134215,4757.664548784751
1791068489,250,,Aggregated,124.800000,0.000000,6,10,13,15,24,37,88,210,690,910,1000,65912,0,6,15.386352381993941,2.0978000247851014,1024.6012000134215,4757.536518388154
1791068490,250,,Aggregated,123.700000,0.000000,6,10,13,15,24,37,88,210,680,910,1000,66033,0,6,15.372736654436741,2.0978000247851014,1024.6012000134215,4757.403661805461
1791068491,250,,Aggregated,124.700000,0.000000,6,10,13,15,24,37,87,210,680,910,1000,66163,0,6,15.356193278755669,2.0978000247851014,1024.6012000134215,4757.109880144491
1791068492,250,,Aggregated,124.400000,0.000000,6,10,13,15,24,37,87,210,680,910,1000,66288,0,6,15.342324272902099,2.0978000247851014,1024.6012000134215,4756.62504525706
1791068493,250,,Aggregated,123.900000,0.000000,6,10,13,15,24,37,87,210,680,910,1000,66410,0,6,15.344324273486341,2.0978000247851014,1024.6012000134215,4756.821954524921
1791068494,250,,Aggregated,125.000000,0.000000,6,10,13,15,24,37,86,210,680,910,1000,66525,0,6,15.327599389733706,2.0978000247851014,1024.6012000134215,4757.259691845171
1791068495,250,,Aggregated,123.300000,0.000000,6,10,13,15,24,37,86,210,680,910,1000,66663,0,6,15.315934749437055,2.0978000247851014,1024.6012000134215,4757.616248893689
1791068496,250,,Aggregated,123.500000,0.000000,6,10,13,15,24,37,86,210,680,910,1000,66789,0,6,15.299442891813442,2.0978000247851014,1024.6012000134215,4757.9475811885195
1791068497,250,,Aggregated,124.400000,0.000000,6,10,13,15,24,37,86,210,680,910,1000,66916,0,6,15.290604133560075,2.0978000247851014,1024.6012000134215,4757.7264331400565
1791068498,250,,Aggregated,125.200000,0.000000,6,10,13,15,24,37,86,210,680,910,1000,67032,0,6,15.27650385041953,2.0978000247851014,1024.6012000134215,4757.83649600191
1791068499,250,,Aggregated,122.700000,0.000000,6,10,13,15,24,37,85,210,680,910,1000,67172,0,6,15.258789287220635,2.0978000247851014,1024.6012000134215,4757.81734949086
1791068500,250,,Aggregated,123.200000,0.000000,6,10,13,15,24,37,85,210,680,910,1000,67282,0,6,15.244174804569875,2.0978000247851014,1024.6012000134215,4757.5224725781045
1791068501,250,,Aggregated,124.700000,0.000000,6,10,13,15,24,37,85,210,680,910,1000,67418,0,6,15.23990446618229,2.0978000247851014,1024.6012000134215,4756.813684772613
1791068502,250,,Aggregated,124.300000,0.000000,6,10,13,15,24,37,84,210,680,910,1000,67548,0,6,15.224900248728309,2.0978000247851014,1024.6012000134215,4756.918132291112
1791068503,250,,Aggregated,124.000000,0.000000,6,10,13,15,24,37,84,210,680,910,1000,67677,0,6,15.207702321332278,2.0978000247851014,1024.6012000134215,4756.711098305185
1791068504,250,,Aggregated,124.500000,0.000000,6,10,13,15,24,37,84,210,680,910,1000,67792,0,6,15.194555162861723,2.0978000247851014,1024.6012000134215,4756.853714302572
1791068505,250,,Aggregated,125.500000,0.000000,6,10,13,15,24,37,84,210,680,910,1000,67919,0,6,15.179476835652608,2.0978000247851014,1024.6012000134215,4756.872406837557
1791068506,250,,Aggregated,125.800000,0.000000,6,10,13,15,24,37,84,210,680,910,1000,68048,0,6,15.161876659135674,2.0978000247851014,1024.6012000134215,4756.786547731013
1791068507,250,,Aggregated,123.900000,0.000000,6,10,13,15,24,37,84,210,680,910,1000,68172,0,6,15.146832781798615,2.0978000247851014,1024.6012000134215,4756.502596373878
1791068508,250,,Aggregated,124.100000,0.000000,6,10,13,15,24,37,83,200,680,910,1000,68303,0,6,15.131565358773853,2.0978000247851014,1024.6012000134215,4756.88398752617
1791068509,250,,Aggregated,126.000000,0.000000,6,10,13,15,24,37,83,200,680,910,1000,68421,0,6,15.115885402148965,2.0978000247851014,1024.6012000134215,4757.018240014031
1791068510,250,,Aggregated,124.900000,0.000000,6,10,13,15,24,36,83,200,680,910,1000,68536,0,6,15.10446669634056,2.0978000247851014,1024.6012000134215,4757.053315046107
1791068511,250,,Aggregated,124.200000,0.000000,6,9,13,15,24,36,83,200,680,910,1000,68664,0,6,15.088052086975106,2.0978000247851014,1024.6012000134215,4757.668268670628
1791068512,250,,Aggregated,124.600000,0.000000,6,9,13,15,24,36,82,200,680,910,1000,68788,0,6,15.071828840777759,2.0978000247851014,1024.6012000134215,4757.218235738792
1791068513,250,,Aggregated,124.800000,0.000000,6,9,13,15,24,36,82,200,680,910,1000,68913,0,6,15.057786496010747,2.0978000247851014,1024.6012000134215,4757.235383744722
1791068514,250,,Aggregated,122.500000,0.000000,6,9,13,15,24,36,82,200,680,910,1000,69044,0,6,15.040995597006596,2.0978000247851014,1024.6012000134215,4757.484473668965
1791068515,250,,Aggregated,123.400000,0.000000,6,9,13,15,23,36,82,200,680,910,1000,69169,0,6,15.026730799919646,2.0978000247851014,1024.6012000134215,4757.180673423065
1791068516,250,,Aggregated,123.800000,0.000000,6,9,13,15,23,36,81,200,680,910,1000,69301,0,6,15.011495220843337,2.0978000247851014,1024.6012000134215,4757.266518520656
1791068517,250,,Aggregated,124.400000,0.000000,6,9,13,15,23,36,81,200,680,910,1000,69411,0,6,14.99740980391694,2.0978000247851014,1024.6012000134215,4757.298338880005
1791068518,250,,Aggregated,123.600000,0.000000,6,9,13,15,23,36,81,200,680,910,1000,69546,0,6,14.981955371982249,2.0978000247851014,1024.6012000134215,4757.411396773358
1791068519,250,,Aggregated,122.700000,0.000000,6,9,13,15,23,36,81,200,680,910,1000,69656,0,6,14.966878695296915,2.0978000247851014,1024.6012000134215,4757.75953256001
1791068520,250,,Aggregated,123.000000,0.000000,6,9,13,15,23,36,81,200,680,910,1000,69793,0,6,14.949922850416522,2.0978000247851014,1024.6012000134215,4757.804321350279
1791068521,250,,Aggregated,123.700000,0.000000,6,9,13,15,23,36,81,200,680,910,1000,69924,0,6,14.9354509867777,2.0978000247851014,1024.6012000134215,4757.079743721755
1791068522,250,,Aggregated,123.500000,0.000000,6,9,13,15,23,36,80,200,680,900,1000,70049,0,6,14.921347815094299,2.0978000247851014,1024.6012000134215,4757.323630601436
1791068523,250,,Aggregated,124.300000,0.000000,6,9,13,15,23,36,80,200,680,900,1000,70163,0,6,14.907602575422887,2.0978000247851014,1024.6012000134215,4757.488263044625
1791068524,250,,Aggregated,125.500000,0.000000,6,9,13,15,23,36,80,200,680,900,1000,70300,0,6,14.890828499280527,2.0978000247851014,1024.6012000134215,4757.5358890469415
1791068525,250,,Aggregated,123.300000,0.000000,6,9,13,15,23,36,80,200,680,900,1000,70420,0,6,14.877661772219149,2.0978000247851014,1024.6012000134215,4757.659031525135
1791068526,250,,Aggregated,123.800000,0.000000,6,9,13,15,23,36,80,200,680,900,1000,70548,0,6,14.86245749418444,2.0978000247851014,1024.6012000134215,4757.873093496626
1791068527,250,,Aggregated,124.300000,0.000000,6,9,13,15,23,36,80,200,680,900,1000,70675,0,6,14.851873938455785,2.0978000247851014,1024.6012000134215,4757.6192713123455
1791068528,250,,Aggregated,124.600000,0.000000,6,9,13,15,23,36,80,200,680,900,1000,70796,0,6,14.837677582069762,2.0978000247851014,1024.6012000134215,4757.560441267869
1791068529,250,,Aggregated,125.500000,0.000000,6,9,13,15,23,36,79,200,680,900,1000,70925,0,6,14.82158752203012,2.0978000247851014,1024.6012000134215,4758.163172365174
1791068530,250,,Aggregated,125.200000,0.000000,6,9,13,15,23,36,79,200,670,900,1000,71053,0,6,14.811096767201843,2.0978000247851014,1024.6012000134215,4758.172378365445
1791068531,250,,Aggregated,125.100000,0.000000,6,9,13,15,23,36,79,200,670,900,1000,71175,0,6,14.799078460135878,2.0978000247851014,1024.6012000134215,4758.2520547945205
1791068532,250,,Aggregated,125.800000,0.000000,6,9,12,15,23,36,79,200,670,900,1000,71304,0,6,14.783638634572315,2.0978000247851014,1024.6012000134215,4758.654156849546
1791068533,250,,Aggregated,124.600000,0.000000,6,9,12,15,23,36,79,190,670,900,1000,71423,0,6,14.770938580003177,2.0978000247851014,1024.6012000134215,4758.719446116797
1791068534,250,,Aggregated,124.100000,0.000000,6,9,12,15,23,36,79,190,670,900,1000,71543,0,6,14.757373101484639,2.0978000247851014,1024.6012000134215,4758.4842262695165
1791068535,250,,Aggregated,125.600000,0.000000,6,9,12,15,23,36,78,190,670,900,1000,71673,0,6,14.741388324743662,2.0978000247851014,1024.6012000134215,4758.805533464484
1791068536,250,,Aggregated,124.500000,0.000000,6,9,12,15,23,36,78,190,670,900,1000,71799,0,6,14.727440650974696,2.0978000247851014,1024.6012000134215,4759.029512945863
1791068537,250,,Aggregated,123.900000,0.000000,6,9,12,15,23,36,78,190,670,900,1000,71928,0,6,14.713331758137892,2.0978000247851014,1024.6012000134215,4759.014639639639
1791068538,250,,Aggregated,124.000000,0.000000,6,9,12,15,23,36,78,190,670,900,1000,72044,0,6,14.70096881627232,2.0978000247851014,1024.6012000134215,4759.005357836877
1791068539,250,,Aggregated,123.000000,0.000000,6,9,12,15,23,36,78,190,670,900,1000,72164,0,6,14.6870707929131,2.0978000247851014,1024.6012000134215,4759.067693032537
1791068540,250,,Aggregated,123.800000,0.000000,6,9,12,15,23,36,78,190,670,900,1000,72289,0,6,14.672840959207806,2.0978000247851014,1024.6012000134215,4759.283556281039
1791068541,250,,Aggregated,122.900000,0.000000,6,9,12,15,23,36,78,190,670,900,1000,72413,0,6,14.658736130260811,2.0978000247851014,1024.6012000134215,4759.174844295913
1791068542,250,,Aggregated,123.300000,0.000000,6,9,12,15,23,35,78,190,670,900,1000,72543,0,6,14.643619028722423,2.0978000247851014,1024.6012000134215,4759.277173538453
1791068543,250,,Aggregated,123.100000,0.000000,6,9,12,15,23,35,77,190,670,900,1000,72675,0,6,14.629980674238396,2.0978000247851014,1024.6012000134215,4759.461327829377
1791068544,250,,Aggregated,123.400000,0.000000,6,9,12,15,23,35,77,190,670,900,1000,72791,0,6,14.617216066554812,2.0978000247851014,1024.6012000134215,4759.576980670688
1791068545,250,,Aggregated,123.200000,0.000000,6,9,12,15,23,35,77,190,670,900,1000,72928,0,6,14.599270528476612,2.0978000247851014,1024.6012000134215,4760.088361123299
1791068546,250,,Aggregated,124.200000,0.000000,6,9,12,15,23,35,77,190,670,900,1000,73042,0,6,14.586978386421242,2.0978000247851014,1024.6012000134215,4759.872100982996
1791068547,250,,Aggregated,124.400000,0.000000,6,9,12,15,23,35,77,190,670,900,1000,73168,0,6,14.571632858636198,2.0978000247851014,1024.6012000134215,4760.0229061884975
1791068548,250,,Aggregated,124.100000,0.000000,6,9,12,14,23,35,77,190,670,900,1000,73287,0,6,14.558209984044447,2.0978000247851014,1024.6012000134215,4760.153465143886
1791068549,250,,Aggregated,122.000000,0.000000,6,9,12,14,23,35,77,190,670,900,1000,73410,0,6,14.5445412287246,2.0978000247851014,1024.6012000134215,4760.2898923852335
1791068550,250,,Aggregated,123.900000,0.000000,6,9,12,14,23,35,76,190,670,900,1000,73542,0,6,14.529818152901404,2.0978000247851014,1024.6012000134215,4760.792431535721
1791068551,250,,Aggregated,123.400000,0.000000,6,9,12,14,23,35,76,190,670,900,1000,73675,0,6,14.514812355627052,2.0978000247851014,1024.6012000134215,4760.611333559552
1791068552,250,,Aggregated,124.300000,0.000000,6,9,12,14,23,35,76,190,670,900,1000,73783,0,6,14.503611306136714,2.0978000247851014,1024.6012000134215,4760.342924521909
1791068553,250,,Aggregated,123.300000,0.000000,6,9,12,14,23,35,76,190,670,900,1000,73917,0,6,14.489429347790432,2.0978000247851014,1024.6012000134215,4760.730346199115
1791068554,250,,Aggregated,124.500000,0.000000,6,9,12,14,23,35,76,190,670,900,1000,74046,0,6,14.475984778391377,2.0978000247851014,1024.6012000134215,4760.907652000108
1791068555,250,,Aggregated,123.500000,0.000000,6,9,12,14,23,35,76,190,670,900,1000,74172,0,6,14.462094364462835,2.0978000247851014,1024.6012000134215,4760.808539610634
1791068556,250,,Aggregated,122.600000,0.000000,6,9,12,14,23,35,75,190,670,900,1000,74289,0,6,14.449005819176909,2.0978000247851014,1024.6012000134215,4760.96575536082
