Timestamp,User Count,Type,Name,Requests/s,Failures/s,50%,66%,75%,80%,90%,95%,98%,99%,99.9%,99.99%,100%,Total Request Count,Total Failure Count,Total Median Response Time,Total Average Response Time,Total Min Response Time,Total Max Response Time,Total Average Content Size
1791073669,0,,Aggregated,0.000000,0.000000,N/A,N/A,N/A,N/A,N/A,N/A,N/A,N/A,N/A,N/A,N/A,0,0,0,0.0,0,0,0
1791073670,10,,Aggregated,0.000000,0.000000,580,580,580,580,580,580,580,580,580,580,580,1,0,582.2886999812908,582.2886999812908,582.2886999812908,582.2886999812908,5700.0
1791073671,20,,Aggregated,0.000000,0.000000,550,890,900,1300,1400,1400,1500,1500,1500,1500,1500,40,0,520,630.8995774903451,8.157099946402013,1548.520100011956,5288.625
1791073672,30,,Aggregated,0.000000,0.000000,390,550,850,890,1300,1400,1400,1500,1500,1500,1500,64,0,380,484.3986015575865,8.157099946402013,1548.520100011956,5408.03125
1791073673,40,,Aggregated,2.000000,0.000000,300,550,620,680,900,1400,1400,1500,1500,1500,1500,94,0,300,413.8346872301128,8.157099946402013,1548.520100011956,5318.085106382979
1791073674,50,,Aggregated,15.000000,0.000000,340,530,620,680,900,1300,1400,1400,1500,1500,1500,112,0,330,412.39075714059123,8.157099946402013,1548.520100011956,5305.508928571428
1791073675,60,,Aggregated,17.500000,0.000000,390,580,690,790,960,1200,1400,1400,1500,1500,1500,161,0,390,448.5986540357941,8.157099946402013,1548.520100011956,5094.937888198758
1791073676,80,,Aggregated,19.200000,0.000000,180,450,620,680,940,1100,1400,1400,1500,1500,1500,211,0,180,365.42701516471476,6.251599988900125,1548.520100011956,5087.109004739336
1791073678,90,,Aggregated,21.666667,0.000000,180,440,580,680,940,1100,1400,1400,1500,1500,1500,230,0,180,357.53248347723655,6.251599988900125,1548.520100011956,5104.739130434783
1791073679,100,,Aggregated,26.375000,0.000000,180,440,550,650,910,1100,1300,1400,1500,1500,1500,321,0,180,346.60300560715547,6.251599988900125,1548.520100011956,5067.844236760125
1791073680,110,,Aggregated,25.555556,0.000000,210,440,550,650,910,1100,1300,1400,1500,1500,1500,347,0,210,352.52691527391767,6.251599988900125,1548.520100011956,5116.8962536023055
1791073681,120,,Aggregated,32.000000,0.000000,180,370,490,550,850,1000,1200,1400,1500,1500,1500,442,0,180,318.98723280531925,6.031900004018098,1548.520100011956,5027.445701357466
1791073682,130,,Aggregated,34.000000,0.000000,190,370,480,550,840,1000,1200,1400,1500,1500,1500,476,0,190,318.9886810921794,6.031900004018098,1548.520100011956,5027.506302521008
1791073683,140,,Aggregated,43.600000,0.000000,170,350,460,550,850,1000,1200,1300,1500,1500,1500,574,0,170,308.6615310100034,6.031900004018098,1548.520100011956,5024.423344947735
1791073684,150,,Aggregated,43.600000,0.000000,180,360,460,540,820,1000,1200,1300,1500,1500,1500,608,0,180,309.1909118416209,6.031900004018098,1548.520100011956,5039.445723684211
1791073685,160,,Aggregated,49.600000,0.000000,190,380,500,580,870,1100,1300,1400,1500,1500,1500,731,0,190,328.8588346101257,6.031900004018098,1548.520100011956,4999.709986320109
1791073686,170,,Aggregated,51.200000,0.000000,190,390,510,610,890,1100,1300,1400,1500,1500,1500,761,0,190,337.1452872537972,6.031900004018098,1548.520100011956,5018.144546649146
1791073687,180,,Aggregated,59.900000,0.000000,200,410,560,670,920,1100,1300,1400,1500,1500,1500,902,0,190,354.79883835920725,4.800800001248717,1548.520100011956,4965.7228381374725
1791073688,190,,Aggregated,56.400000,0.000000,200,410,550,660,920,1100,1300,1400,1500,1500,1500,953,0,200,356.4390862536014,4.800800001248717,1548.520100011956,4988.581322140609
1791073689,200,,Aggregated,68.600000,0.000000,190,400,530,650,920,1100,1300,1400,1500,1500,1500,1068,0,190,345.8424583328138,4.800800001248717,1548.520100011956,4971.643258426966
1791073690,210,,Aggregated,68.600000,0.000000,190,390,520,640,910,1100,1300,1400,1500,1500,1500,1074,0,190,344.9874698319164,4.800800001248717,1548.520100011956,4957.375232774674
1791073691,220,,Aggregated,73.900000,0.000000,220,450,630,750,1000,1200,1400,1700,1800,1800,1800,1213,0,220,393.0271508651348,4.800800001248717,1829.99270001892,4988.525144270404
1791073692,230,,Aggregated,73.400000,0.000000,220,470,680,790,1100,1400,1700,2100,2800,2800,2800,1354,0,220,429.82765989594935,4.800800001248717,2812.8273999900557,4973.493353028065
1791073693,240,,Aggregated,74.600000,0.000000,220,440,650,770,1100,1300,1700,2000,2800,2800,2800,1449,0,220,412.1935734290484,4.800800001248717,2812.8273999900557,4981.050379572119
1791073694,250,,Aggregated,0.000000,0.000000,670,670,670,670,670,670,670,670,670,670,670,2,0,666.8411000282504,666.6683000221383,666.4955000160262,666.8411000282504,5700.0
1791073695,250,,Aggregated,0.000000,0.000000,560,980,1100,1200,1700,1800,1900,1900,2300,2300,2300,142,0,560,722.2941366215335,47.08109999774024,2270.258600008674,5128.133802816901
1791073696,250,,Aggregated,0.000000,0.000000,560,1100,1300,1400,1700,1900,2300,2400,3000,3000,3000,303,0,560,749.6780854776247,6.5116999903693795,2982.5772999902256,4938.551155115511
1791073697,250,,Aggregated,58.000000,0.000000,180,770,1100,1200,1600,1800,2300,2400,3000,3000,3000,403,0,180,575.2771136471678,3.624900011345744,2982.5772999902256,4874.342431761786
1791073698,250,,Aggregated,89.666667,0.000000,180,570,1000,1200,1600,1800,2300,2400,3000,3000,3000,439,0,180,546.7218576307548,3.624900011345744,2982.5772999902256,4877.088838268793
1791073699,250,,Aggregated,93.500000,0.000000,220,770,980,1100,1500,1700,2000,2300,3000,3000,3000,618,0,220,556.8066582522238,3.624900011345744,2982.5772999902256,4757.449838187702
1791073700,250,,Aggregated,87.400000,0.000000,160,550,870,1000,1400,1700,1900,2300,3000,3000,3000,730,0,160,486.84472630186366,3.624900011345744,2982.5772999902256,4730.6589041095895
1791073701,250,,Aggregated,95.333333,0.000000,120,400,790,960,1400,1700,1900,2300,3000,3000,3000,817,0,120,440.6096014689205,3.624900011345744,2982.5772999902256,4795.774785801714
1791073702,250,,Aggregated,99.428571,0.000000,160,500,770,890,1300,1600,1900,2300,3000,3000,3000,882,0,160,452.5658047620509,3.624900011345744,2982.5772999902256,4871.249433106576
1791073703,250,,Aggregated,99.250000,0.000000,190,620,850,1000,1400,1600,1900,2100,2600,3000,3000,1029,0,190,492.26845665709266,3.624900011345744,2982.5772999902256,4813.996112730807
1791073704,250,,Aggregated,91.444444,0.000000,160,550,820,970,1400,1600,1900,2100,2600,3000,3000,1141,0,160,470.5518971078035,3.624900011345744,2982.5772999902256,4803.072743207713
1791073705,250,,Aggregated,98.100000,0.000000,140,460,770,930,1300,1600,1900,2100,2600,3000,3000,1216,0,140,447.03698166128896,3.624900011345744,2982.5772999902256,4820.361842105263
1791073706,250,,Aggregated,110.400000,0.000000,170,500,770,930,1300,1600,1800,2100,2600,3000,3000,1324,0,170,454.8228142747523,3.624900011345744,2982.5772999902256,4824.456193353474
1791073707,250,,Aggregated,108.000000,0.000000,170,550,800,940,1300,1600,1900,2000,2600,3000,3000,1457,0,170,462.0141849693137,3.624900011345744,2982.5772999902256,4750.253260123542
1791073708,250,,Aggregated,96.100000,0.000000,150,460,760,890,1300,1600,1800,2000,2600,3000,3000,1552,0,150,437.0640732605474,3.624900011345744,2982.5772999902256,4756.791881443299
1791073709,250,,Aggregated,105.500000,0.000000,170,480,750,880,1300,1600,1800,2000,2600,3000,3000,1626,0,160,438.898007503101,3.624900011345744,2982.5772999902256,4780.567035670357
1791073710,250,,Aggregated,107.800000,0.000000,170,480,750,880,1200,1500,1800,1900,2600,3000,3000,1789,0,170,438.89381140290254,3.624900011345744,2982.5772999902256,4747.093907210732
1791073711,250,,Aggregated,98.600000,0.000000,140,450,740,860,1200,1500,1800,1900,2600,3000,3000,1875,0,140,420.50805567987265,3.624900011345744,2982.5772999902256,4755.468266666667
1791073712,250,,Aggregated,106.000000,0.000000,150,440,730,850,1200,1500,1800,1900,2600,3000,3000,1908,0,150,417.27729496839936,3.624900011345744,2982.5772999902256,4752.61215932914
1791073713,250,,Aggregated,105.400000,0.000000,180,530,760,880,1200,1500,1800,1900,2500,3000,3000,2109,0,180,440.28252697952826,3.624900011345744,2982.5772999902256,4758.173067804647
1791073714,250,,Aggregated,108.100000,0.000000,150,480,740,860,1200,1500,1800,1900,2500,3000,3000,2228,0,150,423.7707316875928,3.624900011345744,2982.5772999902256,4756.802064631957
1791073715,250,,Aggregated,106.500000,0.000000,130,440,720,830,1200,1500,1800,1900,2500,3000,3000,2323,0,130,407.8482517004532,3.624900011345744,2982.5772999902256,4746.211795092553
1791073716,250,,Aggregated,106.500000,0.000000,140,430,710,820,1200,1500,1800,1900,2500,3000,3000,2393,0,140,405.09028336821035,3.624900011345744,2982.5772999902256,4769.715002089428
1791073717,250,,Aggregated,108.600000,0.000000,150,440,700,820,1200,1400,1700,1900,2500,3000,3000,2572,0,150,404.2350652023482,3.624900011345744,2982.5772999902256,4747.253888024883
1791073718,250,,Aggregated,115.400000,0.000000,130,400,670,800,1200,1400,1700,1900,2500,3000,3000,2685,0,130,388.1141677841343,3.624900011345744,2982.5772999902256,4747.487895716946
1791073719,250,,Aggregated,108.700000,0.000000,110,360,630,770,1100,1400,1700,1900,2500,3000,3000,2808,0,110,372.3748288463486,3.624900011345744,2982.5772999902256,4754.423433048433
1791073720,250,,Aggregated,110.600000,0.000000,110,350,620,760,1100,1400,1700,1900,2500,3000,3000,2854,0,110,370.5568104767534,3.624900011345744,2982.5772999902256,4765.081639803784
1791073721,250,,Aggregated,118.500000,0.000000,110,360,620,760,1100,1400,1700,1900,2400,3000,3000,3048,0,110,369.66298041363973,3.624900011345744,2982.5772999902256,4759.65157480315
1791073722,250,,Aggregated,106.800000,0.000000,100,330,580,740,1100,1400,1700,1800,2400,3000,3000,3165,0,100,356.6423049607273,3.624900011345744,2982.5772999902256,4771.375671406003
1791073723,250,,Aggregated,111.900000,0.000000,91,290,550,730,1100,1300,1700,1800,2400,3000,3000,3294,0,90,343.3751265332152,3.624900011345744,2982.5772999902256,4763.872495446266
1791073724,250,,Aggregated,117.700000,0.000000,80,270,520,710,1100,1300,1600,1800,2400,3000,3000,3408,0,80,332.5856780223451,3.624900011345744,2982.5772999902256,4760.106220657277
1791073725,250,,Aggregated,116.800000,0.000000,81,270,500,690,1000,1300,1600,1800,2400,3000,3000,3479,0,81,329.0757587238335,3.624900011345744,2982.5772999902256,4766.557631503306
1791073726,250,,Aggregated,117.000000,0.000000,89,280,530,690,1000,1300,1600,1800,2400,3000,3000,3656,0,89,333.9570100657149,3.624900011345744,2982.5772999902256,4760.694748358862
1791073727,250,,Aggregated,115.200000,0.000000,81,270,510,670,1000,1300,1600,1800,2400,3000,3000,3753,0,81,325.9234460965449,3.624900011345744,2982.5772999902256,4763.455901945111
1791073728,250,,Aggregated,110.800000,0.000000,76,250,480,660,1000,1300,1600,1800,2400,3000,3000,3864,0,75,317.1450184266744,3.624900011345744,2982.5772999902256,4763.862060041408
1791073729,250,,Aggregated,116.400000,0.000000,69,220,450,630,990,1300,1600,1800,2400,3000,3000,4009,0,69,306.29373157924135,3.624900011345744,2982.5772999902256,4760.462958343726
1791073730,250,,Aggregated,116.600000,0.000000,66,200,430,610,980,1300,1600,1800,2400,3000,3000,4136,0,66,297.88341397524056,2.9610000201500952,2982.5772999902256,4760.591392649903
1791073731,250,,Aggregated,116.000000,0.000000,62,190,410,590,970,1300,1600,1800,2400,3000,3000,4248,0,62,290.6549402310418,2.9610000201500952,2982.5772999902256,4754.8618173258
1791073732,250,,Aggregated,120.900000,0.000000,62,190,400,580,960,1300,1600,1800,2400,3000,3000,4290,0,62,289.0021824012679,2.9610000201500952,2982.5772999902256,4760.208158508159
1791073733,250,,Aggregated,119.700000,0.000000,66,210,430,600,970,1300,1600,1800,2400,3000,3000,4482,0,66,295.64206601986086,2.9610000201500952,2982.5772999902256,4756.082775546631
1791073734,250,,Aggregated,117.800000,0.000000,63,190,420,590,960,1200,1500,1800,2400,3000,3000,4588,0,63,289.5138812773304,2.9610000201500952,2982.5772999902256,4756.8387096774195
1791073735,250,,Aggregated,108.200000,0.000000,61,180,390,570,950,1200,1500,1800,2400,3000,3000,4701,0,61,283.64949766020254,2.9610000201500952,2982.5772999902256,4760.204211869815
1791073736,250,,Aggregated,115.600000,0.000000,61,180,380,560,940,1200,1500,1800,2400,3000,3000,4793,0,61,280.50382614249946,2.9610000201500952,2982.5772999902256,4759.112455664511
1791073737,250,,Aggregated,117.500000,0.000000,62,190,400,560,930,1200,1500,1700,2400,3000,3000,4946,0,62,281.8052587547052,2.9610000201500952,2982.5772999902256,4751.009098261221
1791073738,250,,Aggregated,124.000000,0.000000,60,180,380,540,920,1200,1500,1700,2400,3000,3000,5051,0,60,276.36031039413916,2.9610000201500952,2982.5772999902256,4746.364680261335
1791073739,250,,Aggregated,111.300000,0.000000,58,160,360,520,910,1200,1500,1700,2400,3000,3000,5178,0,57,270.1098278293847,2.9610000201500952,2982.5772999902256,4751.039011201236
1791073740,250,,Aggregated,117.200000,0.000000,57,160,340,510,890,1200,1500,1700,2400,3000,3000,5288,0,57,265.7190918495201,2.9610000201500952,2982.5772999902256,4749.843986384266
1791073741,250,,Aggregated,116.700000,0.000000,58,160,350,500,890,1200,1500,1700,2400,3000,3000,5419,0,58,264.96032959969176,2.9610000201500952,2982.5772999902256,4742.217383281049
1791073742,250,,Aggregated,116.500000,0.000000,55,150,330,480,880,1200,1500,1700,2400,3000,3000,5541,0,55,259.5575473923686,2.9610000201500952,2982.5772999902256,4745.208626601697
1791073743,250,,Aggregated,112.400000,0.000000,52,140,320,470,870,1200,1500,1700,2400,3000,3000,5669,0,52,254.06918689383053,2.9610000201500952,2982.5772999902256,4748.331980949021
1791073744,250,,Aggregated,118.200000,0.000000,52,140,320,460,860,1200,1500,1700,2400,3000,3000,5752,0,52,252.54773414486604,2.9610000201500952,2982.5772999902256,4751.8139777468705
1791073745,250,,Aggregated,125.800000,0.000000,55,150,330,480,870,1200,1500,1700,2400,3000,3000,5895,0,55,257.76599233268394,2.9610000201500952,2982.5772999902256,4744.787446988974
1791073746,250,,Aggregated,118.200000,0.000000,55,150,330,480,870,1200,1500,1700,2400,3000,3000,5941,0,55,256.5721938059182,2.9610000201500952,2982.5772999902256,4750.62615721259
1791073747,250,,Aggregated,114.600000,0.000000,58,160,340,480,870,1200,1500,1700,2300,3000,3000,6094,0,58,260.41413508382743,2.9610000201500952,2982.5772999902256,4750.793239251723
1791073748,250,,Aggregated,117.900000,0.000000,57,160,340,480,870,1200,1500,1700,2300,3000,3000,6213,0,57,257.92777539043436,2.9610000201500952,2982.5772999902256,4749.839690970545
1791073749,250,,Aggregated,115.000000,0.000000,55,150,320,470,850,1100,1500,1700,2300,3000,3000,6349,0,55,252.88070752885375,2.871899981983006,2982.5772999902256,4751.6219877146
1791073750,250,,Aggregated,114.300000,0.000000,53,150,310,460,850,1100,1400,1700,2300,3000,3000,6475,0,53,248.51934548275918,2.871899981983006,2982.5772999902256,4757.379768339768
1791073751,250,,Aggregated,115.500000,0.000000,52,140,300,450,840,1100,1400,1700,2300,3000,3000,6572,0,52,245.96708556012578,2.871899981983006,2982.5772999902256,4757.724437005478
1791073752,250,,Aggregated,115.300000,0.000000,55,150,320,470,840,1100,1400,1700,2300,3000,3000,6705,0,55,250.55350149162342,2.871899981983006,2982.5772999902256,4763.225950782998
1791073754,250,,Aggregated,119.400000,0.000000,54,150,320,460,840,1100,1400,1600,2300,3000,3000,6821,0,54,248.5638733912208,2.871899981983006,2982.5772999902256,4754.794751502713
1791073755,250,,Aggregated,115.300000,0.000000,51,140,310,460,830,1100,1400,1600,2300,3000,3000,6926,0,51,245.07897028602633,2.871899981983006,2982.5772999902256,4756.236644527866
1791073756,250,,Aggregated,115.300000,0.000000,52,140,290,450,820,1100,1400,1600,2300,3000,3000,7011,0,52,243.26659412368812,2.871899981983006,2982.5772999902256,4762.428326914848
1791073757,250,,Aggregated,116.700000,0.000000,54,150,310,460,820,1100,1400,1600,2300,3000,3000,7182,0,54,245.44041868568254,2.871899981983006,2982.5772999902256,4758.152046783625
1791073758,250,,Aggregated,110.000000,0.000000,52,150,300,450,810,1100,1400,1600,2300,3000,3000,7287,0,52,242.1709914094397,2.871899981983006,2982.5772999902256,4758.120214079869
1791073759,250,,Aggregated,123.700000,0.000000,50,140,290,440,810,1100,1400,1600,2300,3000,3000,7408,0,50,238.46420161998557,2.871899981983006,2982.5772999902256,4754.129994600432
1791073760,250,,Aggregated,117.900000,0.000000,48,130,280,430,800,1100,1400,1600,2300,3000,3000,7533,0,48,234.82463081116586,2.871899981983006,2982.5772999902256,4757.494092658967
1791073761,250,,Aggregated,117.900000,0.000000,47,120,270,420,790,1100,1400,1600,2300,3000,3000,7653,0,47,231.57737461130716,2.871899981983006,2982.5772999902256,4756.74166993336
1791073762,250,,Aggregated,117.900000,0.000000,48,130,270,420,780,1100,1400,1600,2300,3000,3000,7705,0,48,231.86661792348823,2.871899981983006,2982.5772999902256,4762.732900713822
1791073763,250,,Aggregated,116.100000,0.000000,50,130,280,420,790,1100,1400,1600,2300,3000,3000,7888,0,50,234.5398689655942,2.871899981983006,2982.5772999902256,4749.334812373225
1791073764,250,,Aggregated,116.100000,0.000000,49,130,270,420,780,1100,1400,1600,2300,3000,3000,7996,0,49,231.68026244378558,2.871899981983006,2982.5772999902256,4749.323036518259
1791073765,250,,Aggregated,117.800000,0.000000,47,120,270,400,780,1100,1400,1600,2300,3000,3000,8139,0,47,228.07270137618096,2.871899981983006,2982.5772999902256,4753.655608797149
1791073766,250,,Aggregated,117.800000,0.000000,47,120,260,390,770,1100,1300,1600,2300,3000,3000,8241,0,47,226.1070843830344,2.871899981983006,2982.5772999902256,4756.5240868826595
1791073767,250,,Aggregated,120.200000,0.000000,48,130,270,410,770,1100,1300,1600,2300,3000,3000,8362,0,48,229.15733303042254,2.871899981983006,2982.5772999902256,4758.625687634537
1791073768,250,,Aggregated,123.000000,0.000000,48,120,270,400,770,1100,1300,1600,2300,3000,3000,8489,0,48,227.64716264587727,2.871899981983006,2982.5772999902256,4756.858287195194
1791073769,250,,Aggregated,115.700000,0.000000,47,120,260,390,770,1100,1300,1600,2300,3000,3000,8615,0,47,224.59217905988095,2.817199972923845,2982.5772999902256,4757.731166569936
1791073770,250,,Aggregated,119.300000,0.000000,45,110,250,380,760,1100,1300,1600,2300,3000,3000,8743,0,45,221.5715604255644,2.817199972923845,2982.5772999902256,4758.2805673109915
1791073771,250,,Aggregated,119.600000,0.000000,44,110,240,380,750,1100,1300,1600,2300,3000,3000,8860,0,44,218.8333619188472,2.817199972923845,2982.5772999902256,4755.647742663657
1791073772,250,,Aggregated,119.600000,0.000000,43,110,240,370,750,1000,1300,1600,2300,3000,3000,8998,0,43,215.8323212715024,2.817199972923845,2982.5772999902256,4757.603245165592
1791073773,250,,Aggregated,119.900000,0.000000,42,100,230,360,750,1000,1300,1600,2300,3000,3000,9094,0,42,213.79927244347155,2.817199972923845,2982.5772999902256,4756.676599956015
1791073774,250,,Aggregated,127.400000,0.000000,43,110,240,370,740,1000,1300,1500,2300,3000,3000,9169,0,43,215.42931333855032,2.817199972923845,2982.5772999902256,4762.747300687098
1791073775,250,,Aggregated,120.800000,0.000000,44,110,240,380,750,1000,1300,1500,2300,3000,3000,9342,0,44,217.1096175445001,2.817199972923845,2982.5772999902256,4748.121815457075
1791073776,250,,Aggregated,114.700000,0.000000,43,110,240,370,740,1000,1300,1500,2300,3000,3000,9461,0,43,214.63261276827996,2.817199972923845,2982.5772999902256,4753.420568650248
1791073777,250,,Aggregated,120.100000,0.000000,42,100,230,360,740,1000,1300,1500,2300,3000,3000,9598,0,42,211.7650587414685,2.817199972923845,2982.5772999902256,4756.376224213378
1791073778,250,,Aggregated,119.900000,0.000000,41,98,220,350,730,1000,1300,1500,2300,3000,3000,9708,0,41,209.56323703142607,2.817199972923845,2982.5772999902256,4758.798928718583
1791073779,250,,Aggregated,123.000000,0.000000,39,95,220,340,720,1000,1300,1500,2300,3000,3000,9839,0,39,207.03318544580026,2.817199972923845,2982.5772999902256,4758.845207846326
1791073780,250,,Aggregated,121.200000,0.000000,38,92,210,330,720,1000,1300,1500,2300,3000,3000,9973,0,38,204.43332881791528,2.817199972923845,2982.5772999902256,4764.315852802567
1791073781,250,,Aggregated,121.500000,0.000000,37,89,200,330,710,1000,1300,1500,2300,2600,3000,10097,0,37,202.1232914332032,2.817199972923845,2982.5772999902256,4763.1452906804
1791073782,250,,Aggregated,121.700000,0.000000,36,86,200,320,710,1000,1300,1500,2300,2600,3000,10206,0,36,200.17323836970144,2.817199972923845,2982.5772999902256,4762.014697236919
1791073783,250,,Aggregated,123.300000,0.000000,37,88,200,320,710,1000,1300,1500,2300,2600,3000,10265,0,37,200.50079738932195,2.817199972923845,2982.5772999902256,4764.592596200682
1791073784,250,,Aggregated,121.400000,0.000000,38,91,210,330,710,1000,1300,1500,2300,2600,3000,10449,0,38,201.81228246738414,2.817199972923845,2982.5772999902256,4758.800267968227
1791073785,250,,Aggregated,116.800000,0.000000,37,88,200,320,700,1000,1300,1500,2300,2600,3000,10556,0,37,199.9194269232553,2.817199972923845,2982.5772999902256,4761.719969685487
1791073786,250,,Aggregated,127.500000,0.000000,37,86,200,320,690,1000,1300,1500,2300,2600,3000,10648,0,37,198.5934154866653,2.817199972923845,2982.5772999902256,4760.378850488355
1791073787,250,,Aggregated,119.800000,0.000000,38,92,210,330,700,1000,1300,1500,2300,2600,3000,10785,0,38,201.51728218845335,2.817199972923845,2982.5772999902256,4760.197032916087
1791073788,250,,Aggregated,120.200000,0.000000,38,92,210,330,700,1000,1300,1500,2300,2600,3000,10909,0,38,201.31660930445622,2.817199972923845,2982.5772999902256,4755.658905490879
1791073789,250,,Aggregated,110.800000,0.000000,38,92,210,330,700,1000,1300,1500,2300,2600,3000,10988,0,38,200.68152781236483,2.817199972923845,2982.5772999902256,4757.719967236986
1791073790,250,,Aggregated,118.500000,0.000000,39,97,220,340,700,1000,1300,1500,2100,2600,3000,11126,0,39,203.77296416523419,2.817199972923845,2982.5772999902256,4759.957397087902
1791073791,250,,Aggregated,114.800000,0.000000,39,97,220,340,700,1000,1300,1500,2100,2600,3000,11236,0,39,203.730153106354,2.817199972923845,2982.5772999902256,4752.687878248487
1791073792,250,,Aggregated,106.500000,0.000000,40,97,220,340,700,1000,1300,1500,2100,2600,3000,11306,0,40,203.3275504071118,2.817199972923845,2982.5772999902256,4754.7807358924465
1791073793,250,,Aggregated,112.600000,0.000000,41,100,220,340,690,1000,1300,1500,2100,2600,3000,11495,0,41,203.9625388519847,2.817199972923845,2982.5772999902256,4753.650630709004
1791073794,250,,Aggregated,108.100000,0.000000,40,98,220,340,690,1000,1300,1500,2100,2600,3000,11603,0,40,202.1840704648638,2.817199972923845,2982.5772999902256,4755.663276738775
1791073795,250,,Aggregated,113.600000,0.000000,39,96,210,330,690,1000,1300,1500,2100,2600,3000,11717,0,39,200.36312601380484,2.817199972923845,2982.5772999902256,4756.183408722369
1791073796,250,,Aggregated,112.300000,0.000000,39,95,210,320,680,990,1300,1500,2100,2600,3000,11851,0,39,198.57615505895328,2.817199972923845,2982.5772999902256,4754.347734368408
1791073797,250,,Aggregated,112.700000,0.000000,38,92,200,320,680,990,1300,1500,2100,2600,3000,11967,0,38,196.82835777588778,2.817199972923845,2982.5772999902256,4755.20698587783
1791073798,250,,Aggregated,114.600000,0.000000,39,96,210,320,670,980,1300,1500,2100,2600,3000,12080,0,39,197.07277850200697,2.817199972923845,2982.5772999902256,4759.73965231788
1791073799,250,,Aggregated,123.300000,0.000000,40,99,210,330,680,990,1300,1500,2100,2600,3000,12189,0,40,199.05192697549003,2.817199972923845,2982.5772999902256,4756.182295512347
1791073800,250,,Aggregated,113.200000,0.000000,39,97,210,320,670,980,1300,1500,2100,2600,3000,12308,0,39,197.66919662854482,2.817199972923845,2982.5772999902256,4755.368703282418
1791073801,250,,Aggregated,111.900000,0.000000,39,95,210,320,670,980,1300,1500,2100,2600,3000,12430,0,39,195.95267335510675,2.817199972923845,2982.5772999902256,4755.264762670958
1791073802,250,,Aggregated,123.600000,0.000000,39,97,210,320,670,970,1300,1500,2100,2600,3000,12542,0,39,196.43786959048535,2.817199972923845,2982.5772999902256,4758.461250199331
1791073803,250,,Aggregated,114.800000,0.000000,40,99,210,320,670,980,1300,1500,2100,2600,3000,12671,0,40,197.90057420910335,2.817199972923845,2982.5772999902256,4754.462473364375
1791073804,250,,Aggregated,119.600000,0.000000,40,97,210,320,670,970,1300,1500,2100,2600,3000,12785,0,40,196.5869517093038,2.817199972923845,2982.5772999902256,4752.806961282753
1791073805,250,,Aggregated,114.700000,0.000000,40,98,210,320,660,970,1300,1400,2100,2600,3000,12876,0,40,196.0623942065235,2.817199972923845,2982.5772999902256,4753.9581391736565
1791073806,250,,Aggregated,116.200000,0.000000,41,100,220,320,670,970,1300,1400,2100,2600,3000,13037,0,41,197.68417257827352,2.817199972923845,2982.5772999902256,4754.980823809158
1791073807,250,,Aggregated,116.100000,0.000000,41,99,210,320,660,970,1200,1400,2100,2600,3000,13133,0,41,196.36220603844959,2.817199972923845,2982.5772999902256,4754.521815274499
1791073808,250,,Aggregated,108.900000,0.000000,40,97,210,320,660,960,1200,1400,2100,2600,3000,13267,0,40,194.53708734476075,2.817199972923845,2982.5772999902256,4753.634431295696
1791073809,250,,Aggregated,115.000000,0.000000,39,95,200,310,650,960,1200,1400,2100,2600,3000,13405,0,39,192.691525296722,2.817199972923845,2982.5772999902256,4753.470048489369
1791073810,250,,Aggregated,115.500000,0.000000,38,93,200,300,650,960,1200,1400,2100,2600,3000,13518,0,38,191.22685012592413,2.817199972923845,2982.5772999902256,4753.331409971889
1791073811,250,,Aggregated,121.100000,0.000000,37,91,190,300,640,960,1200,1400,2100,2600,3000,13650,0,37,189.5591720294859,2.817199972923845,2982.5772999902256,4750.339194139194
1791073812,250,,Aggregated,117.900000,0.000000,38,92,200,300,640,950,1200,1400,2100,2600,3000,13744,0,38,189.82909047603258,2.817199972923845,2982.5772999902256,4752.611976135041
1791073813,250,,Aggregated,118.900000,0.000000,39,93,200,300,640,950,1200,1400,2100,2600,3000,13887,0,39,189.88719322407115,2.817199972923845,2982.5772999902256,4750.352847987327
1791073814,250,,Aggregated,118.500000,0.000000,38,91,200,300,640,950,1200,1400,2000,2600,3000,14003,0,38,188.53573910610513,2.817199972923845,2982.5772999902256,4749.886238663144
1791073815,250,,Aggregated,120.000000,0.000000,37,90,190,290,630,940,1200,1400,2000,2600,3000,14128,0,37,187.01799255399183,2.817199972923845,2982.5772999902256,4750.761962061155
1791073817,250,,Aggregated,119.100000,0.000000,38,91,190,290,630,940,1200,1400,2000,2600,3000,14199,0,38,186.96217642811084,2.817199972923845,2982.5772999902256,4752.613423480527
1791073818,250,,Aggregated,125.100000,0.000000,38,93,200,300,630,940,1200,1400,2000,2600,3000,14366,0,38,188.4213221358011,2.817199972923845,2982.5772999902256,4751.50529026869
1791073819,250,,Aggregated,114.100000,0.000000,38,91,200,300,630,940,1200,1400,2000,2600,3000,14476,0,38,187.13560510520304,2.7811999898403883,2982.5772999902256,4751.602998065764
1791073820,250,,Aggregated,120.600000,0.000000,37,90,190,290,630,930,1200,1400,2000,2600,3000,14606,0,37,185.59995453263096,2.7811999898403883,2982.5772999902256,4751.148021361085
1791073821,250,,Aggregated,117.800000,0.000000,38,91,190,290,630,930,1200,1400,2000,2600,3000,14714,0,38,185.48807901344549,2.7811999898403883,2982.5772999902256,4752.655634089982
1791073822,250,,Aggregated,117.100000,0.000000,39,93,200,290,620,920,1200,1400,2000,2600,3000,14862,0,39,185.5700066951826,2.7811999898403883,2982.5772999902256,4751.487619432109
1791073823,250,,Aggregated,115.900000,0.000000,38,92,190,290,620,920,1200,1400,2000,2600,3000,14975,0,38,184.28936573647223,2.7811999898403883,2982.5772999902256,4750.1922537562605
1791073824,250,,Aggregated,117.200000,0.000000,38,92,190,290,620,920,1200,1400,2000,2600,3000,15069,0,38,184.06816905597967,2.7811999898403883,2982.5772999902256,4752.247926206119
1791073825,250,,Aggregated,121.200000,0.000000,39,95,200,300,620,920,1200,1400,2000,2600,3000,15216,0,39,186.2962897348122,2.7811999898403883,2982.5772999902256,4748.961882229232
1791073826,250,,Aggregated,117.300000,0.000000,39,93,200,290,620,920,1200,1400,2000,2600,3000,15317,0,39,185.20338523239175,2.7811999898403883,2982.5772999902256,4750.257361102043
1791073827,250,,Aggregated,116.800000,0.000000,39,93,190,290,620,920,1200,1400,2000,2600,3000,15386,0,39,184.67984244797955,2.7811999898403883,2982.5772999902256,4748.8018328350445
1791073828,250,,Aggregated,116.100000,0.000000,39,97,210,300,620,920,1200,1400,2000,2600,3000,15551,0,39,187.18684034498366,2.7811999898403883,2982.5772999902256,4748.959873963089
1791073829,250,,Aggregated,118.500000,0.000000,39,96,200,300,620,920,1200,1400,2000,2600,3000,15659,0,39,186.2559446455776,2.7811999898403883,2982.5772999902256,4747.864231432403
1791073830,250,,Aggregated,110.300000,0.000000,39,94,200,300,620,920,1200,1400,2000,2600,3000,15783,0,39,184.9838972378505,2.7811999898403883,2982.5772999902256,4748.215358296901
1791073831,250,,Aggregated,114.900000,0.000000,38,92,200,290,620,910,1200,1400,2000,2600,3000,15912,0,38,183.60719263479126,2.7811999898403883,2982.5772999902256,4746.942056309704
1791073832,250,,Aggregated,113.500000,0.000000,37,91,190,290,610,910,1200,1400,2000,2600,3000,16026,0,37,182.39473681547736,2.7754000038839877,2982.5772999902256,4748.174528890553
1791073833,250,,Aggregated,118.800000,0.000000,37,89,190,290,610,900,1200,1400,2000,2600,3000,16165,0,37,180.95755609064707,2.7754000038839877,2982.5772999902256,4748.204268481287
1791073834,250,,Aggregated,116.300000,0.000000,36,87,180,280,600,900,1200,1400,2000,2600,3000,16284,0,36,179.7444219973836,2.7754000038839877,2982.5772999902256,4749.3418079096045
1791073835,250,,Aggregated,116.700000,0.000000,36,86,180,280,600,890,1200,1400,2000,2600,3000,16408,0,36,178.57904766001107,2.7754000038839877,2982.5772999902256,4752.106960019502
1791073836,250,,Aggregated,117.900000,0.000000,35,84,180,270,600,890,1200,1400,2000,2600,3000,16525,0,35,177.46268092620127,2.7754000038839877,2982.5772999902256,4751.857246596067
1791073837,250,,Aggregated,118.300000,0.000000,35,83,180,270,590,890,1200,1400,2000,2600,3000,16655,0,35,176.23168579437632,2.7754000038839877,2982.5772999902256,4751.799279495647
1791073838,250,,Aggregated,120.100000,0.000000,34,81,170,270,590,880,1200,1400,2000,2600,3000,16778,0,34,175.0713773635247,2.7754000038839877,2982.5772999902256,4753.813207772083
1791073839,250,,Aggregated,121.900000,0.000000,34,80,170,270,590,880,1200,1400,2000,2600,3000,16884,0,34,174.0785782400584,2.7754000038839877,2982.5772999902256,4753.8232646292345
1791073840,250,,Aggregated,126.500000,0.000000,34,81,170,270,590,880,1200,1300,2000,2600,3000,16999,0,34,174.1149869171622,2.7754000038839877,2982.5772999902256,4755.208776986881
1791073841,250,,Aggregated,122.200000,0.000000,35,82,180,270,590,880,1200,1300,1900,2600,3000,17126,0,35,174.38420517372947,2.7754000038839877,2982.5772999902256,4752.481723694967
1791073842,250,,Aggregated,121.300000,0.000000,35,81,170,270,580,870,1200,1300,1900,2600,3000,17255,0,35,173.43302156507804,2.7754000038839877,2982.5772999902256,4753.624630541872
1791073843,250,,Aggregated,120.900000,0.000000,34,80,170,260,580,870,1200,1300,1900,2600,3000,17373,0,34,172.3919470042768,2.7754000038839877,2982.5772999902256,4755.979047947965
1791073844,250,,Aggregated,118.600000,0.000000,34,79,170,260,570,870,1200,1300,1900,2600,3000,17493,0,34,171.38001380584254,2.7754000038839877,2982.5772999902256,4754.785571371406
1791073845,250,,Aggregated,118.300000,0.000000,34,77,160,260,570,860,1200,1300,1900,2600,3000,17622,0,34,170.25127730704722,2.7754000038839877,2982.5772999902256,4753.197537169447
1791073846,250,,Aggregated,118.300000,0.000000,33,76,160,260,570,860,1200,1300,1900,2600,3000,17751,0,33,169.12154930452144,2.7754000038839877,2982.5772999902256,4755.041237113402
1791073847,250,,Aggregated,119.600000,0.000000,33,75,160,250,560,860,1200,1300,1900,2600,3000,17866,0,33,168.15819219213498,2.7754000038839877,2982.5772999902256,4753.680510466808
1791073848,250,,Aggregated,118.500000,0.000000,32,74,160,250,560,850,1200,1300,1900,2600,3000,18000,0,32,167.037009705812,2.7754000038839877,2982.5772999902256,4753.604555555556
1791073849,250,,Aggregated,120.300000,0.000000,32,73,150,240,560,850,1200,1300,1900,2600,3000,18125,0,32,165.99543122231702,2.7754000038839877,2982.5772999902256,4755.002648275862
1791073850,250,,Aggregated,119.700000,0.000000,32,72,150,240,560,850,1200,1300,1900,2600,3000,18258,0,32,164.91013180547662,2.7754000038839877,2982.5772999902256,4757.149413955526
1791073851,250,,Aggregated,121.100000,0.000000,31,71,150,240,550,850,1200,1300,1900,2600,3000,18387,0,31,163.8595332791951,2.7754000038839877,2982.5772999902256,4755.562788926959
1791073852,250,,Aggregated,123.600000,0.000000,31,70,150,240,550,850,1200,1300,1900,2600,3000,18498,0,31,163.03682865739515,2.7754000038839877,2982.5772999902256,4755.871715861174
1791073853,250,,Aggregated,121.000000,0.000000,31,69,150,230,550,840,1200,1300,1900,2600,3000,18630,0,31,162.02252404210338,2.7754000038839877,2982.5772999902256,4753.319806763285
1791073854,250,,Aggregated,126.300000,0.000000,30,68,140,230,540,840,1200,1300,1900,2600,3000,18747,0,30,161.10491656819863,2.7754000038839877,2982.5772999902256,4755.454846108711
1791073855,250,,Aggregated,124.000000,0.000000,30,67,140,230,540,840,1200,1300,1900,2600,3000,18887,0,30,160.06888254902597,2.7754000038839877,2982.5772999902256,4755.066447821253
1791073856,250,,Aggregated,125.100000,0.000000,30,66,140,220,540,840,1200,1300,1900,2600,3000,19012,0,30,159.1177490218433,2.7754000038839877,2982.5772999902256,4755.7090784767515
1791073857,250,,Aggregated,124.900000,0.000000,30,65,140,220,530,830,1200,1300,1900,2600,3000,19144,0,30,158.13096562388043,2.7754000038839877,2982.5772999902256,4753.273610530715
1791073858,250,,Aggregated,125.000000,0.000000,30,65,140,220,530,830,1200,1300,1900,2600,3000,19228,0,30,157.87623316017525,2.7754000038839877,2982.5772999902256,4753.608487622218
1791073859,250,,Aggregated,123.800000,0.000000,30,66,140,230,540,830,1200,1300,1900,2600,3000,19378,0,30,159.21210435566095,2.7754000038839877,2982.5772999902256,4753.002425430901
1791073860,250,,Aggregated,124.700000,0.000000,30,66,140,220,530,830,1200,1300,1900,2600,3000,19487,0,30,158.4298776827548,2.7754000038839877,2982.5772999902256,4753.169600246318
1791073861,250,,Aggregated,117.700000,0.000000,30,65,140,220,530,820,1200,1300,1900,2600,3000,19596,0,30,157.63108549724132,2.7754000038839877,2982.5772999902256,4754.256276791182
1791073862,250,,Aggregated,123.700000,0.000000,29,64,130,220,530,820,1200,1300,1900,2600,3000,19741,0,29,156.61918502120113,2.7754000038839877,2982.5772999902256,4754.064434425814
1791073863,250,,Aggregated,122.200000,0.000000,29,63,130,220,520,820,1200,1300,1900,2600,3000,19857,0,29,155.86394738394534,2.7754000038839877,2982.5772999902256,4754.4634637659265
1791073864,250,,Aggregated,120.700000,0.000000,29,63,130,220,520,820,1100,1300,1900,2600,3000,19966,0,29,155.54232045492304,2.7754000038839877,2982.5772999902256,4756.161123910648
1791073865,250,,Aggregated,120.700000,0.000000,30,65,130,220,530,820,1100,1300,1900,2500,3000,20094,0,30,156.72103227344954,2.7754000038839877,2982.5772999902256,4755.34030058724
1791073866,250,,Aggregated,120.900000,0.000000,29,64,130,220,520,820,1100,1300,1900,2500,3000,20208,0,29,155.97119869867197,2.7754000038839877,2982.5772999902256,4754.039835708631
1791073867,250,,Aggregated,117.600000,0.000000,29,63,130,220,520,810,1100,1300,1900,2500,3000,20323,0,29,155.18605120811944,2.7754000038839877,2982.5772999902256,4751.449293903459
1791073868,250,,Aggregated,120.300000,0.000000,29,63,130,210,520,810,1100,1300,1900,2500,3000,20456,0,29,154.34728509497145,2.7754000038839877,2982.5772999902256,4752.291357059054
1791073869,250,,Aggregated,119.100000,0.000000,29,62,130,210,510,810,1100,1300,1900,2500,3000,20576,0,29,153.57281323399667,2.7754000038839877,2982.5772999902256,4751.383893856921
1791073870,250,,Aggregated,117.200000,0.000000,29,61,130,210,510,810,1100,1300,1900,2500,3000,20700,0,29,152.74611292764598,2.7754000038839877,2982.5772999902256,4751.74231884058
1791073871,250,,Aggregated,124.300000,0.000000,28,60,120,210,510,800,1100,1300,1900,2500,3000,20823,0,28,151.96515605349214,2.7754000038839877,2982.5772999902256,4750.16846755991
1791073872,250,,Aggregated,118.300000,0.000000,29,62,130,210,510,800,1100,1300,1900,2500,3000,20925,0,29,152.63989309925228,2.7754000038839877,2982.5772999902256,4752.903369175628
1791073873,250,,Aggregated,118.700000,0.000000,29,62,130,210,510,810,1100,1300,1900,2500,3000,21066,0,29,153.560749577606,2.7754000038839877,2982.5772999902256,4751.705069780689
1791073874,250,,Aggregated,118.300000,0.000000,29,62,130,210,510,800,1100,1300,1900,2500,3000,21172,0,29,152.88409468649175,2.7754000038839877,2982.5772999902256,4750.355516720197
1791073875,250,,Aggregated,117.200000,0.000000,29,63,130,210,510,800,1100,1300,1900,2500,3000,21272,0,29,153.4114990270003,2.7754000038839877,2982.5772999902256,4753.733781496803
1791073877,250,,Aggregated,119.600000,0.000000,29,64,130,220,510,810,1100,1300,1900,2500,3000,21411,0,29,154.5013016955031,2.7754000038839877,2982.5772999902256,4751.181635607865
1791073878,250,,Aggregated,114.400000,0.000000,29,63,130,220,510,800,1100,1300,1900,2500,3000,21515,0,29,153.84269211723293,2.7754000038839877,2982.5772999902256,4748.784336509412
1791073879,250,,Aggregated,117.400000,0.000000,29,62,130,210,510,800,1100,1300,1900,2500,3000,21654,0,29,152.9755035837191,2.7754000038839877,2982.5772999902256,4748.249330377759
1791073880,250,,Aggregated,116.200000,0.000000,29,61,130,210,500,800,1100,1300,1900,2500,3000,21766,0,29,152.27180463573987,2.7754000038839877,2982.5772999902256,4747.92428558302
1791073881,250,,Aggregated,117.800000,0.000000,28,61,130,210,500,800,1100,1300,1900,2500,3000,21900,0,28,151.45111161194845,2.7754000038839877,2982.5772999902256,4750.251643835616
1791073882,250,,Aggregated,116.300000,0.000000,28,60,120,210,500,790,1100,1300,1900,2500,3000,22017,0,28,150.72730502803128,2.7754000038839877,2982.5772999902256,4750.5802788754145
1791073883,250,,Aggregated,117.500000,0.000000,28,59,120,200,500,790,1100,1300,1900,2500,3000,22148,0,28,149.95636626341047,2.7754000038839877,2982.5772999902256,4749.304361567636
1791073884,250,,Aggregated,117.900000,0.000000,28,59,120,200,490,790,1100,1300,1900,2500,3000,22261,0,28,149.28101015687497,2.7754000038839877,2982.5772999902256,4749.435200574997
1791073885,250,,Aggregated,120.900000,0.000000,28,58,120,200,490,790,1100,1300,1900,2500,3000,22395,0,28,148.45005456584786,2.7754000038839877,2982.5772999902256,4751.532663540969
1791073886,250,,Aggregated,117.400000,0.000000,27,58,120,200,490,780,1100,1300,1900,2500,3000,22498,0,27,147.83931235228906,2.7754000038839877,2982.5772999902256,4752.401191216997
1791073887,250,,Aggregated,120.700000,0.000000,27,57,120,190,490,780,1100,1300,1900,2500,3000,22627,0,27,147.10973631070138,2.7754000038839877,2982.5772999902256,4751.035267600654
1791073888,250,,Aggregated,121.300000,0.000000,27,57,110,190,490,780,1100,1300,1900,2500,3000,22757,0,27,146.3609845015782,2.7754000038839877,2982.5772999902256,4750.765259041174
1791073889,250,,Aggregated,119.900000,0.000000,27,56,110,190,480,780,1100,1300,1900,2500,3000,22877,0,27,145.71645036510895,2.7754000038839877,2982.5772999902256,4751.697294225642
1791073890,250,,Aggregated,123.600000,0.000000,27,56,110,190,480,770,1100,1300,1900,2500,3000,23008,0,27,145.1360901122704,2.7754000038839877,2982.5772999902256,4752.64890472879
1791073891,250,,Aggregated,120.600000,0.000000,27,55,110,180,480,770,1100,1300,1900,2500,3000,23128,0,27,144.46310578099704,2.7754000038839877,2982.5772999902256,4752.683241093047
1791073892,250,,Aggregated,122.600000,0.000000,26,55,110,180,480,770,1100,1300,1900,2500,3000,23255,0,26,143.7592437799568,2.7754000038839877,2982.5772999902256,4754.2721135239735
1791073893,250,,Aggregated,122.600000,0.000000,26,55,110,180,480,770,1100,1300,1900,2500,3000,23339,0,26,143.66495803605105,2.7754000038839877,2982.5772999902256,4754.304897382064
1791073894,250,,Aggregated,123.200000,0.000000,27,56,110,190,490,770,1100,1300,1900,2500,3000,23500,0,27,145.24890200866068,2.7754000038839877,2982.5772999902256,4753.422680851064
1791073895,250,,Aggregated,120.500000,0.000000,27,56,110,190,480,770,1100,1300,1900,2500,3000,23583,0,27,144.90759138378388,2.7754000038839877,2982.5772999902256,4754.1200440995635
1791073896,250,,Aggregated,122.600000,0.000000,27,57,110,190,480,770,1100,1300,1900,2500,3000,23672,0,27,145.34316241988145,2.7754000038839877,2982.5772999902256,4756.248352483947
1791073897,250,,Aggregated,119.100000,0.000000,27,57,120,190,480,770,1100,1300,1900,2500,3000,23848,0,27,145.78558101321812,2.7754000038839877,2982.5772999902256,4752.769624287152
1791073898,250,,Aggregated,118.500000,0.000000,27,56,110,190,480,770,1100,1300,1900,2500,3000,23949,0,27,145.23750949530637,2.7754000038839877,2982.5772999902256,4753.005720489373
1791073899,250,,Aggregated,121.700000,0.000000,27,56,110,190,480,770,1100,1300,1900,2500,3000,24093,0,27,144.5797098868037,2.7754000038839877,2982.5772999902256,4754.182542647242
1791073900,250,,Aggregated,118.500000,0.000000,27,56,110,180,480,770,1100,1300,1900,2500,3000,24211,0,27,143.96278835252232,2.7754000038839877,2982.5772999902256,4752.561810747181
1791073901,250,,Aggregated,119.800000,0.000000,27,55,110,180,480,770,1100,1300,1900,2500,3000,24341,0,27,143.2850531162719,2.7754000038839877,2982.5772999902256,4752.284047491886
1791073902,250,,Aggregated,120.200000,0.000000,26,54,110,180,480,760,1100,1300,1900,2500,3000,24461,0,26,142.66695881208386,2.7754000038839877,2982.5772999902256,4752.274600384285
1791073903,250,,Aggregated,120.500000,0.000000,26,54,110,180,470,760,1100,1300,1900,2500,3000,24586,0,26,142.02474888156343,2.7754000038839877,2982.5772999902256,4752.332343610185
1791073904,250,,Aggregated,118.600000,0.000000,26,53,100,180,470,760,1100,1300,1900,2500,3000,24715,0,26,141.38228634036557,2.7754000038839877,2982.5772999902256,4753.293263200486
1791073905,250,,Aggregated,120.500000,0.000000,26,53,100,180,470,760,1100,1300,1900,2500,3000,24829,0,26,140.8374036289113,2.7754000038839877,2982.5772999902256,4754.132788271779
1791073906,250,,Aggregated,119.800000,0.000000,26,52,100,170,470,750,1100,1300,1900,2500,3000,24962,0,26,140.2382172903804,2.7754000038839877,2982.5772999902256,4754.772293886708
1791073907,250,,Aggregated,123.100000,0.000000,26,53,100,170,470,750,1100,1300,1900,2500,3000,25017,0,26,140.2125033698149,2.7754000038839877,2982.5772999902256,4754.484030859016
1791073908,250,,Aggregated,125.300000,0.000000,26,53,110,180,470,750,1100,1300,1900,2500,3000,25193,0,26,141.23858278501046,2.7754000038839877,2982.5772999902256,4753.085619021157
1791073909,250,,Aggregated,119.100000,0.000000,26,53,100,180,470,750,1100,1300,1900,2500,3000,25300,0,26,140.76725137954682,2.7754000038839877,2982.5772999902256,4752.64885375494
1791073910,250,,Aggregated,122.700000,0.000000,26,53,100,180,470,750,1100,1300,1900,2500,3000,25442,0,26,140.0783199710223,2.7754000038839877,2982.5772999902256,4752.118151088751
1791073911,250,,Aggregated,121.300000,0.000000,26,52,100,170,470,750,1100,1300,1900,2500,3000,25556,0,26,139.54755421437403,2.7754000038839877,2982.5772999902256,4752.564838002817
1791073912,250,,Aggregated,119.500000,0.000000,26,52,100,170,460,750,1100,1300,1900,2500,3000,25692,0,26,138.92250184503183,2.7754000038839877,2982.5772999902256,4751.587809434844
1791073913,250,,Aggregated,121.200000,0.000000,26,52,100,170,460,750,1100,1300,1900,2500,3000,25753,0,26,138.91100486555013,2.7754000038839877,2982.5772999902256,4751.945831553606
1791073914,250,,Aggregated,121.500000,0.000000,26,53,100,180,470,750,1100,1300,1900,2500,3000,25923,0,26,139.7601276434931,2.7754000038839877,2982.5772999902256,4752.707441268371
1791073915,250,,Aggregated,118.000000,0.000000,26,53,100,170,460,750,1100,1300,1900,2500,3000,26036,0,26,139.30690273861,2.7754000038839877,2982.5772999902256,4752.722422799201
1791073916,250,,Aggregated,118.900000,0.000000,26,52,100,170,460,750,1100,1300,1900,2500,3000,26166,0,26,138.69646216856566,2.7754000038839877,2982.5772999902256,4753.841282580448
1791073917,250,,Aggregated,116.300000,0.000000,26,52,100,170,460,740,1100,1300,1900,2500,3000,26291,0,26,138.12386264130248,2.7754000038839877,2982.5772999902256,4753.476588946788
1791073918,250,,Aggregated,117.000000,0.000000,26,51,98,170,460,740,1100,1300,1900,2500,3000,26416,0,26,137.53923953673862,2.7754000038839877,2982.5772999902256,4752.940036341611
1791073919,250,,Aggregated,120.700000,0.000000,26,51,98,170,460,740,1100,1300,1900,2500,3000,26529,0,26,137.0428958009036,2.7754000038839877,2982.5772999902256,4753.519883900637
1791073920,250,,Aggregated,119.100000,0.000000,26,52,99,170,460,740,1100,1300,1900,2500,3000,26640,0,26,137.1596602328309,2.7754000038839877,2982.5772999902256,4754.164301801802
1791073921,250,,Aggregated,121.100000,0.000000,26,52,100,170,460,740,1100,1300,1900,2500,3000,26776,0,26,137.53274604879758,2.7754000038839877,2982.5772999902256,4754.433261129369
1791073922,250,,Aggregated,120.200000,0.000000,26,52,100,170,460,740,1100,1300,1900,2500,3000,26900,0,26,137.0818629071461,2.7754000038839877,2982.5772999902256,4754.448364312268
1791073923,250,,Aggregated,119.400000,0.000000,26,51,98,170,450,730,1100,1300,1900,2500,3000,27033,0,26,136.49561901757895,2.7754000038839877,2982.5772999902256,4753.805238042392
1791073924,250,,Aggregated,118.500000,0.000000,26,51,97,160,450,730,1100,1300,1900,2500,3000,27155,0,26,135.96285323890322,2.7754000038839877,2982.5772999902256,4753.53084146566
1791073925,250,,Aggregated,123.200000,0.000000,25,51,97,160,450,730,1100,1300,1900,2500,3000,27278,0,25,135.44447720880888,2.7754000038839877,2982.5772999902256,4752.883605836205
1791073926,250,,Aggregated,122.200000,0.000000,25,50,96,160,450,730,1100,1300,1900,2500,3000,27399,0,25,134.9111756013694,2.7754000038839877,2982.5772999902256,4753.522610314245
1791073927,250,,Aggregated,123.600000,0.000000,25,50,95,160,450,730,1100,1300,1900,2500,3000,27517,0,25,134.44253535276587,2.7754000038839877,2982.5772999902256,4752.969073663553
1791073928,250,,Aggregated,123.600000,0.000000,25,50,94,160,450,720,1100,1200,1900,2500,3000,27633,0,25,133.9810980458869,2.7754000038839877,2982.5772999902256,4752.8488401548875
1791073929,250,,Aggregated,122.600000,0.000000,25,50,96,160,450,720,1100,1200,1900,2500,3000,27743,0,25,134.4064266698677,2.7754000038839877,2982.5772999902256,4753.374725155895
1791073930,250,,Aggregated,121.600000,0.000000,25,51,97,160,450,720,1100,1200,1900,2500,3000,27879,0,25,134.6280409699827,2.7754000038839877,2982.5772999902256,4751.685964345924
1791073931,250,,Aggregated,118.900000,0.000000,25,51,96,160,440,720,1100,1200,1900,2500,3000,27996,0,25,134.22787600736277,2.7754000038839877,2982.5772999902256,4751.558294042006
1791073932,250,,Aggregated,118.400000,0.000000,25,50,95,160,440,720,1100,1200,1900,2500,3000,28109,0,25,133.75431122423058,2.7754000038839877,2982.5772999902256,4751.140986872532
1791073933,250,,Aggregated,119.300000,0.000000,25,50,94,160,440,710,1100,1200,1900,2500,3000,28243,0,25,133.21532845667184,2.7754000038839877,2982.5772999902256,4750.532875402755
1791073934,250,,Aggregated,121.300000,0.000000,25,49,93,160,440,710,1100,1200,1900,2500,3000,28362,0,25,132.7272318525522,2.7754000038839877,2982.5772999902256,4750.41460404767
1791073935,250,,Aggregated,120.400000,0.000000,25,49,92,160,440,710,1100,1200,1900,2500,3000,28490,0,25,132.20329957886048,2.7754000038839877,2982.5772999902256,4752.0558792558795
1791073936,250,,Aggregated,119.300000,0.000000,25,49,92,150,440,710,1100,1200,1900,2500,3000,28594,0,25,131.77346650003105,2.7754000038839877,2982.5772999902256,4752.0155277330905
1791073937,250,,Aggregated,119.300000,0.000000,25,48,91,150,430,710,1100,1200,1900,2500,3000,28745,0,25,131.18235375898635,2.7754000038839877,2982.5772999902256,4750.944303357106
1791073938,250,,Aggregated,119.300000,0.000000,25,48,90,150,430,710,1100,1200,1900,2500,3000,28861,0,25,130.72386294661828,2.7754000038839877,2982.5772999902256,4750.993451370361
1791073939,250,,Aggregated,119.200000,0.000000,25,48,89,150,430,700,1100,1200,1900,2500,3000,28986,0,25,130.22973832546703,2.7754000038839877,2982.5772999902256,4751.407679569447
1791073940,250,,Aggregated,121.200000,0.000000,24,47,88,150,430,700,1100,1200,1900,2500,3000,29107,0,24,129.74783368269655,2.7754000038839877,2982.5772999902256,4752.457140893943
1791073941,250,,Aggregated,123.700000,0.000000,24,47,87,150,430,700,1100,1200,1900,2500,3000,29226,0,24,129.28744733807335,2.7754000038839877,2982.5772999902256,4752.921268733319
1791073942,250,,Aggregated,125.500000,0.000000,24,47,87,150,430,700,1100,1200,1900,2500,3000,29355,0,24,128.79862840751937,2.7754000038839877,2982.5772999902256,4754.117288366548
1791073943,250,,Aggregated,122.700000,0.000000,24,47,86,150,430,690,1100,1200,1900,2500,3000,29491,0,24,128.2813043336152,2.7754000038839877,2982.5772999902256,4754.115221593029
1791073944,250,,Aggregated,122.100000,0.000000,24,46,85,140,430,690,1000,1200,1900,2500,3000,29616,0,24,127.84159251089397,2.7754000038839877,2982.5772999902256,4754.4982441923285
1791073945,250,,Aggregated,122.600000,0.000000,24,46,84,140,420,690,1000,1200,1900,2500,3000,29729,0,24,127.42418670332101,2.7754000038839877,2982.5772999902256,4753.717582158834
1791073946,250,,Aggregated,124.300000,0.000000,24,46,83,140,420,690,1000,1200,1900,2500,3000,29869,0,24,126.91266101988549,2.7754000038839877,2982.5772999902256,4755.504770832636
1791073947,250,,Aggregated,124.100000,0.000000,24,45,83,140,420,690,1000,1200,1900,2500,3000,29968,0,24,126.53924146767012,2.7754000038839877,2982.5772999902256,4756.402229044314
1791073948,250,,Aggregated,124.400000,0.000000,24,45,82,140,420,690,1000,1200,1900,2400,3000,30101,0,24,126.05378200070703,2.7754000038839877,2982.5772999902256,4757.027939271121
1791073949,250,,Aggregated,124.800000,0.000000,24,45,81,140,420,690,1000,1200,1900,2400,3000,30218,0,24,125.62802224512664,2.7754000038839877,2982.5772999902256,4755.671454100205
1791073950,250,,Aggregated,121.800000,0.000000,24,45,81,140,420,680,1000,1200,1900,2400,3000,30342,0,24,125.19212936864632,2.7754000038839877,2982.5772999902256,4756.344176389163
1791073951,250,,Aggregated,122.000000,0.000000,23,44,80,130,410,680,1000,1200,1900,2400,3000,30469,0,23,124.73128333070972,2.7754000038839877,2982.5772999902256,4756.753848173554
1791073952,250,,Aggregated,121.600000,0.000000,23,44,79,130,410,680,1000,1200,1900,2400,3000,30595,0,23,124.29007299243148,2.7754000038839877,2982.5772999902256,4755.857689164896
1791073953,250,,Aggregated,122.600000,0.000000,23,44,78,130,410,680,1000,1200,1900,2400,3000,30723,0,23,123.83826518253912,2.7754000038839877,2982.5772999902256,4756.5478306155
1791073954,250,,Aggregated,122.600000,0.000000,23,43,78,130,410,680,1000,1200,1900,2400,3000,30834,0,23,123.4400444315691,2.7754000038839877,2982.5772999902256,4756.505999870273
1791073955,250,,Aggregated,122.600000,0.000000,23,43,77,130,410,680,1000,1200,1900,2400,3000,30959,0,23,123.06550748418927,2.7754000038839877,2982.5772999902256,4757.548790335605
1791073956,250,,Aggregated,122.200000,0.000000,23,44,78,130,410,680,1000,1200,1800,2400,3000,31014,0,23,123.42989411565335,2.7754000038839877,2982.5772999902256,4758.528728961114
1791073957,250,,Aggregated,121.500000,0.000000,23,44,80,130,410,680,1000,1200,1800,2400,3000,31200,0,23,124.31608251612954,2.7754000038839877,2982.5772999902256,4756.6037179487175
1791073958,250,,Aggregated,119.300000,0.000000,23,44,79,130,410,680,1000,1200,1800,2400,3000,31308,0,23,123.95006605032947,2.7754000038839877,2982.5772999902256,4757.155199948895
1791073959,250,,Aggregated,116.900000,0.000000,23,44,78,130,410,680,1000,1200,1800,2400,3000,31429,0,23,123.60612619885934,2.7754000038839877,2982.5772999902256,4758.1685386108375
1791073960,250,,Aggregated,121.400000,0.000000,23,44,80,130,410,680,1000,1200,1800,2400,3000,31506,0,23,124.07055465320818,2.7754000038839877,2982.5772999902256,4759.159683869739
1791073961,250,,Aggregated,119.300000,0.000000,23,44,80,140,410,680,1000,1200,1800,2400,3000,31667,0,23,124.35546145209622,2.7754000038839877,2982.5772999902256,4758.266555088894
1791073962,250,,Aggregated,118.900000,0.000000,23,44,80,130,410,670,1000,1200,1800,2400,3000,31792,0,23,123.92420743595349,2.7754000038839877,2982.5772999902256,4758.555674383492
1791073963,250,,Aggregated,117.700000,0.000000,23,44,79,130,410,670,1000,1200,1800,2400,3000,31927,0,23,123.53141124765448,2.7754000038839877,2982.5772999902256,4757.683997870141
1791073964,250,,Aggregated,118.200000,0.000000,23,44,78,130,410,670,1000,1200,1800,2400,3000,32031,0,23,123.18954606797196,2.7754000038839877,2982.5772999902256,4756.913646155287
1791073965,250,,Aggregated,118.800000,0.000000,23,44,80,130,410,670,1000,1200,1800,2400,3000,32094,0,23,123.4005177105782,2.7754000038839877,2982.5772999902256,4758.045397893688
1791073967,250,,Aggregated,117.900000,0.000000,24,45,81,140,420,680,1000,1200,1800,2400,3000,32249,0,24,125.62738366780482,2.7754000038839877,2982.5772999902256,4757.753604762938
1791073968,250,,Aggregated,117.900000,0.000000,24,45,81,140,420,680,1000,1200,1800,2400,3000,32363,0,24,125.79189981778234,2.7754000038839877,2982.5772999902256,4755.7410623242595
1791073969,250,,Aggregated,113.500000,0.000000,23,44,81,140,420,680,1000,1200,1800,2400,3000,32436,0,23,125.55895603967372,2.7754000038839877,2982.5772999902256,4755.478203230978
1791073970,250,,Aggregated,115.400000,0.000000,24,45,82,140,420,680,1000,1200,1800,2400,3000,32542,0,24,126.07586632668331,2.7754000038839877,2982.5772999902256,4757.251213815992
1791073971,250,,Aggregated,111.800000,0.000000,24,45,83,140,420,680,1000,1200,1800,2400,3000,32699,0,24,126.49937578833314,2.7754000038839877,2982.5772999902256,4755.878620141289
1791073972,250,,Aggregated,110.900000,0.000000,24,45,82,140,420,680,1000,1200,1800,2400,3000,32820,0,24,126.08765883920572,2.7754000038839877,2982.5772999902256,4756.519408897014
1791073973,250,,Aggregated,115.800000,0.000000,24,45,82,140,420,680,1000,1200,1800,2400,3000,32960,0,24,125.69737611051873,2.7754000038839877,2982.5772999902256,4756.980916262136
1791073974,250,,Aggregated,114.500000,0.000000,24,45,81,140,420,680,1000,1200,1800,2400,3000,33076,0,24,125.33629949216365,2.7754000038839877,2982.5772999902256,4757.24903253114
1791073975,250,,Aggregated,114.600000,0.000000,23,44,81,140,410,680,1000,1200,1800,2400,3000,33207,0,23,124.93610101190559,2.7754000038839877,2982.5772999902256,4758.2121841780345
1791073976,250,,Aggregated,113.000000,0.000000,23,44,80,140,410,680,1000,1200,1800,2400,3000,33325,0,23,124.5647177705122,2.7754000038839877,2982.5772999902256,4758.769662415604
1791073977,250,,Aggregated,116.200000,0.000000,23,44,80,140,410,680,1000,1200,1800,2400,3000,33457,0,23,124.14341658256079,2.7754000038839877,2982.5772999902256,4758.519203754073
1791073978,250,,Aggregated,121.000000,0.000000,23,44,79,130,410,670,1000,1200,1800,2400,3000,33581,0,23,123.73435533493465,2.7754000038839877,2982.5772999902256,4758.173937643311
1791073979,250,,Aggregated,118.600000,0.000000,23,44,78,130,410,670,1000,1200,1800,2400,3000,33695,0,23,123.41047554243855,2.7754000038839877,2982.5772999902256,4757.6244249888705
1791073980,250,,Aggregated,119.300000,0.000000,23,44,78,130,400,670,1000,1200,1800,2400,3000,33833,0,23,123.13691601403143,2.7754000038839877,2982.5772999902256,4757.626488930925
1791073981,250,,Aggregated,123.300000,0.000000,23,43,78,130,400,670,1000,1200,1800,2400,3000,33956,0,23,122.74315360179901,2.7754000038839877,2982.5772999902256,4757.657880786901
1791073982,250,,Aggregated,125.800000,0.000000,23,43,77,130,400,670,1000,1200,1800,2400,3000,34077,0,23,122.36356013740777,2.7754000038839877,2982.5772999902256,4757.7459283387625
1791073983,250,,Aggregated,122.400000,0.000000,23,43,76,130,400,670,1000,1200,1800,2400,3000,34221,0,23,121.91054382404022,2.7754000038839877,2982.5772999902256,4757.888021974811
1791073984,250,,Aggregated,122.500000,0.000000,23,43,76,130,400,670,1000,1200,1800,2400,3000,34319,0,23,121.61806703290483,2.7754000038839877,2982.5772999902256,4757.536991171071
1791073985,250,,Aggregated,121.700000,0.000000,23,43,75,130,400,660,1000,1200,1800,2400,3000,34460,0,23,121.20693031056356,2.7754000038839877,2982.5772999902256,4758.415641323273
1791073986,250,,Aggregated,122.100000,0.000000,23,42,75,130,390,660,1000,1200,1800,2400,3000,34564,0,23,120.90160455681095,2.7754000038839877,2982.5772999902256,4759.67145006365
1791073987,250,,Aggregated,121.400000,0.000000,23,42,74,120,390,660,1000,1200,1800,2400,3000,34706,0,23,120.48105760392988,2.7754000038839877,2982.5772999902256,4760.194173918055
1791073988,250,,Aggregated,122.500000,0.000000,23,42,74,120,390,660,1000,1200,1800,2400,3000,34805,0,23,120.35077867553244,2.7754000038839877,2982.5772999902256,4760.6694727769
1791073989,250,,Aggregated,121.400000,0.000000,23,43,76,130,390,660,1000,1200,1800,2400,3000,34946,0,23,120.96660810398065,2.7754000038839877,2982.5772999902256,4760.235391747267
1791073990,250,,Aggregated,120.800000,0.000000,23,43,75,130,390,660,1000,1200,1800,2400,3000,35047,0,23,120.7043383799469,2.7754000038839877,2982.5772999902256,4758.453305561104
1791073991,250,,Aggregated,118.400000,0.000000,23,43,76,130,390,660,1000,1200,1800,2400,3000,35131,0,23,120.61581795001875,2.7754000038839877,2982.5772999902256,4759.429022800376
1791073992,250,,Aggregated,121.800000,0.000000,23,43,77,130,400,660,1000,1200,1800,2400,3000,35306,0,23,121.72217872888655,2.7754000038839877,2982.5772999902256,4759.385458562284
1791073993,250,,Aggregated,117.900000,0.000000,23,43,77,130,400,660,1000,1200,1800,2400,3000,35395,0,23,121.44972022890494,2.7754000038839877,2982.5772999902256,4759.801327871168
1791073994,250,,Aggregated,116.000000,0.000000,23,43,76,130,390,660,1000,1200,1800,2400,3000,35514,0,23,121.08414557081299,2.7754000038839877,2982.5772999902256,4760.478881567832
1791073995,250,,Aggregated,118.300000,0.000000,23,43,76,130,390,660,1000,1200,1800,2400,3000,35643,0,23,120.70955456056429,2.7754000038839877,2982.5772999902256,4760.589204051286
1791073996,250,,Aggregated,116.900000,0.000000,23,43,75,130,390,660,1000,1200,1800,2400,3000,35764,0,23,120.35676843759553,2.7754000038839877,2982.5772999902256,4760.226372888938
1791073997,250,,Aggregated,116.300000,0.000000,23,42,75,130,390,660,1000,1200,1800,2400,3000,35899,0,23,120.02492466648259,2.7754000038839877,2982.5772999902256,4759.586116604919
1791073998,250,,Aggregated,115.500000,0.000000,23,42,74,130,390,650,1000,1200,1800,2400,3000,36014,0,23,119.69211944804364,2.7754000038839877,2982.5772999902256,4759.259676792359
1791073999,250,,Aggregated,116.500000,0.000000,23,42,74,120,380,650,1000,1200,1800,2400,3000,36153,0,23,119.2902479794722,2.7754000038839877,2982.5772999902256,4758.245152546124
1791074000,250,,Aggregated,118.500000,0.000000,23,42,73,120,380,650,1000,1200,1800,2400,3000,36259,0,23,118.99112466428201,2.7754000038839877,2982.5772999902256,4757.712540334814
1791074001,250,,Aggregated,120.600000,0.000000,23,42,73,120,380,650,1000,1200,1800,2400,3000,36374,0,23,118.66704271737801,2.7754000038839877,2982.5772999902256,4758.02677736845
1791074002,250,,Aggregated,117.000000,0.000000,22,41,72,120,380,650,1000,1200,1800,2400,3000,36507,0,22,118.30282309152093,2.7754000038839877,2982.5772999902256,4758.682362286685
1791074003,250,,Aggregated,120.500000,0.000000,22,41,72,120,380,650,1000,1200,1800,2400,3000,36631,0,22,117.95358808119758,2.7754000038839877,2982.5772999902256,4759.0550626518525
1791074004,250,,Aggregated,121.000000,0.000000,22,41,71,120,380,650,1000,1200,1800,2400,3000,36755,0,22,117.6073340634461,2.7754000038839877,2982.5772999902256,4759.160685621004
1791074005,250,,Aggregated,119.300000,0.000000,22,41,71,120,380,650,1000,1200,1800,2400,3000,36882,0,22,117.27502490378987,2.7754000038839877,2982.5772999902256,4759.179274442818
1791074006,250,,Aggregated,120.900000,0.000000,22,41,71,120,380,650,1000,1200,1800,2400,3000,36985,0,22,117.13667703667043,2.7754000038839877,2982.5772999902256,4759.011031499256
1791074007,250,,Aggregated,122.700000,0.000000,22,41,72,120,380,650,1000,1200,1800,2400,3000,37079,0,22,117.63230325256472,2.7754000038839877,2982.5772999902256,4759.319965479112
1791074008,250,,Aggregated,123.400000,0.000000,22,41,72,120,380,650,1000,1200,1800,2400,3000,37248,0,22,117.77980934015278,2.7754000038839877,2982.5772999902256,4757.89983354811
1791074009,250,,Aggregated,120.200000,0.000000,22,41,72,120,380,650,1000,1200,1800,2400,3000,37363,0,22,117.47023357336879,2.7754000038839877,2982.5772999902256,4758.093595268046
1791074010,250,,Aggregated,120.700000,0.000000,22,41,71,120,380,640,1000,1200,1800,2400,3000,37480,0,22,117.16091809236751,2.7754000038839877,2982.5772999902256,4758.191808964782
1791074011,250,,Aggregated,120.500000,0.000000,22,41,72,120,380,640,1000,1200,1800,2400,3000,37554,0,22,117.19217454602959,2.7754000038839877,2982.5772999902256,4758.988576449912
1791074012,250,,Aggregated,119.500000,0.000000,22,42,73,120,380,640,1000,1200,1800,2400,3000,37726,0,22,117.8291781291755,2.7754000038839877,2982.5772999902256,4758.443116153316
1791074013,250,,Aggregated,119.300000,0.000000,22,41,73,120,380,640,1000,1200,1800,2400,3000,37834,0,22,117.53795232068687,2.7754000038839877,2982.5772999902256,4758.664719564413
1791074014,250,,Aggregated,117.400000,0.000000,22,41,72,120,380,640,1000,1200,1800,2400,3000,37963,0,22,117.1922661565629,2.7754000038839877,2982.5772999902256,4758.172246661223
1791074015,250,,Aggregated,119.900000,0.000000,22,41,72,120,380,640,1000,1200,1800,2400,3000,38086,0,22,116.86237025420068,2.7754000038839877,2982.5772999902256,4758.207609095206
1791074016,250,,Aggregated,119.000000,0.000000,22,41,71,120,370,640,1000,1200,1800,2400,3000,38209,0,22,116.53680586516488,2.7754000038839877,2982.5772999902256,4758.226700515585
1791074017,250,,Aggregated,118.600000,0.000000,22,41,70,120,370,640,1000,1200,1800,2400,3000,38349,0,22,116.18200786987869,2.7754000038839877,2982.5772999902256,4757.58676888576
1791074018,250,,Aggregated,117.900000,0.000000,22,41,70,120,370,640,1000,1200,1800,2400,3000,38466,0,22,115.88220907820046,2.7754000038839877,2982.5772999902256,4757.63453439401
1791074019,250,,Aggregated,120.700000,0.000000,22,40,70,120,370,640,990,1200,1800,2400,3000,38592,0,22,115.59936500834615,2.7754000038839877,2982.5772999902256,4756.356161898839
1791074020,250,,Aggregated,120.000000,0.000000,22,40,69,120,370,640,990,1200,1800,2400,3000,38712,0,22,115.2984302568389,2.7754000038839877,2982.5772999902256,4755.894864641455
1791074021,250,,Aggregated,122.000000,0.000000,22,40,69,110,370,640,990,1200,1800,2400,3000,38825,0,22,115.0047353741694,2.7754000038839877,2982.5772999902256,4756.552427559562
1791074022,250,,Aggregated,122.000000,0.000000,22,40,68,110,370,630,990,1200,1800,2400,3000,38956,0,22,114.7201512193835,2.7754000038839877,2982.5772999902256,4756.208722661464
1791074023,250,,Aggregated,122.600000,0.000000,22,40,68,110,360,630,990,1200,1800,2400,3000,39074,0,22,114.5224458515163,2.7754000038839877,2982.5772999902256,4756.379126785075
1791074024,250,,Aggregated,125.000000,0.000000,22,40,68,110,360,630,990,1200,1800,2400,3000,39202,0,22,114.1965577037532,2.7754000038839877,2982.5772999902256,4756.938089893373
1791074025,250,,Aggregated,121.800000,0.000000,22,40,67,110,360,630,990,1200,1800,2400,3000,39347,0,22,113.86340789647981,2.7754000038839877,2982.5772999902256,4757.360764480139
1791074027,250,,Aggregated,123.300000,0.000000,22,39,67,110,360,630,990,1200,1800,2400,3000,39456,0,22,113.58923743163955,2.7754000038839877,2982.5772999902256,4758.390282846715
1791074028,250,,Aggregated,125.100000,0.000000,22,39,66,110,360,630,980,1200,1800,2400,3000,39596,0,22,113.24117578550172,2.7754000038839877,2982.5772999902256,4758.889988887767
1791074029,250,,Aggregated,123.600000,0.000000,22,39,66,110,360,630,980,1200,1800,2400,3000,39719,0,22,112.94113668277014,2.7754000038839877,2982.5772999902256,4760.2808731337645
1791074030,250,,Aggregated,123.600000,0.000000,22,39,66,110,360,630,980,1200,1800,2400,3000,39837,0,22,112.66201111788348,2.7754000038839877,2982.5772999902256,4760.222933453824
1791074031,250,,Aggregated,123.100000,0.000000,21,39,65,110,360,630,980,1200,1800,2400,3000,39969,0,21,112.34549058028458,2.7754000038839877,2982.5772999902256,4760.904375891316
1791074032,250,,Aggregated,123.700000,0.000000,21,39,65,110,350,630,980,1200,1800,2400,3000,40099,0,21,112.03176530844075,2.7754000038839877,2982.5772999902256,4760.8266540312725
1791074033,250,,Aggregated,123.900000,0.000000,21,38,65,110,350,630,980,1200,1800,2400,3000,40215,0,21,111.7579594853415,2.7754000038839877,2982.5772999902256,4761.211339052592
1791074034,250,,Aggregated,125.400000,0.000000,21,38,64,100,350,620,980,1200,1800,2400,3000,40342,0,21,111.45816517286103,2.7754000038839877,2982.5772999902256,4761.195057260424
1791074035,250,,Aggregated,124.600000,0.000000,21,38,64,100,350,620,980,1200,1800,2400,3000,40464,0,21,111.17299076966063,2.7754000038839877,2982.5772999902256,4761.946545077106
1791074036,250,,Aggregated,125.100000,0.000000,21,38,63,100,350,620,970,1200,1800,2400,3000,40610,0,21,110.83686261520832,2.7754000038839877,2982.5772999902256,4761.883944841172
1791074037,250,,Aggregated,125.200000,0.000000,21,38,63,100,350,620,970,1200,1800,2400,3000,40716,0,21,110.59683744483334,2.7754000038839877,2982.5772999902256,4762.214092739955
1791074038,250,,Aggregated,124.500000,0.000000,21,38,62,100,350,620,970,1200,1800,2400,3000,40859,0,21,110.28896055223109,2.7754000038839877,2982.5772999902256,4761.5552265106835
1791074039,250,,Aggregated,123.900000,0.000000,21,38,62,100,350,620,970,1200,1800,2400,3000,40985,0,21,110.00615198007846,2.7754000038839877,2982.5772999902256,4760.704721239478
1791074040,250,,Aggregated,124.100000,0.000000,21,37,62,100,340,620,970,1200,1800,2400,3000,41112,0,21,109.70967014748003,2.7754000038839877,2982.5772999902256,4760.7911801906985
1791074041,250,,Aggregated,123.700000,0.000000,21,37,62,100,340,620,970,1200,1800,2400,3000,41235,0,21,109.42375663400784,2.7754000038839877,2982.5772999902256,4760.989353704377
1791074042,250,,Aggregated,123.800000,0.000000,21,37,61,99,340,620,970,1200,1800,2400,3000,41362,0,21,109.12413712109957,2.7754000038839877,2982.5772999902256,4761.597940138291
1791074043,250,,Aggregated,124.300000,0.000000,21,37,61,98,340,610,970,1200,1800,2400,3000,41482,0,21,108.85945955602057,2.7754000038839877,2982.5772999902256,4761.86423026855
1791074044,250,,Aggregated,123.700000,0.000000,21,37,61,98,340,610,970,1200,1800,2400,3000,41566,0,21,108.72750464328566,2.7754000038839877,2982.5772999902256,4761.698166770919
1791074045,250,,Aggregated,124.500000,0.000000,21,37,62,100,350,610,970,1200,1800,2400,3000,41729,0,21,109.5736455750834,2.7754000038839877,2982.5772999902256,4762.950777636655
1791074046,250,,Aggregated,122.900000,0.000000,21,37,62,100,340,610,970,1200,1800,2400,3000,41843,0,21,109.4408402481314,2.7754000038839877,2982.5772999902256,4762.799273474655
1791074047,250,,Aggregated,118.400000,0.000000,21,37,62,100,340,610,970,1200,1800,2400,3000,41967,0,21,109.17442505546254,2.7754000038839877,2982.5772999902256,4763.318464507827
1791074048,250,,Aggregated,121.100000,0.000000,21,37,61,99,340,610,960,1200,1800,2400,3000,42095,0,21,108.89659862460387,2.7754000038839877,2982.5772999902256,4763.664568238508
1791074049,250,,Aggregated,121.600000,0.000000,21,37,61,98,340,610,960,1200,1800,2400,3000,42222,0,21,108.6336740017609,2.7754000038839877,2982.5772999902256,4763.453744493392
1791074050,250,,Aggregated,120.800000,0.000000,21,37,61,98,340,610,960,1200,1800,2400,3000,42346,0,21,108.36318447320899,2.7754000038839877,2982.5772999902256,4763.401572757757
1791074051,250,,Aggregated,121.100000,0.000000,21,37,61,100,340,610,960,1200,1800,2400,3000,42457,0,21,108.87599684628805,2.7754000038839877,2982.5772999902256,4764.811385637233
1791074052,250,,Aggregated,121.100000,0.000000,21,37,62,100,350,610,960,1200,1800,2400,3000,42582,0,21,109.50648904003343,2.7754000038839877,2982.5772999902256,4763.041684279742
1791074053,250,,Aggregated,116.700000,0.000000,21,37,62,100,350,610,960,1200,1800,2400,3000,42696,0,21,109.27238640862721,2.7754000038839877,2982.5772999902256,4762.493442008619
1791074054,250,,Aggregated,117.300000,0.000000,21,37,61,100,340,610,960,1200,1800,2400,3000,42831,0,21,108.98046704262472,2.7754000038839877,2982.5772999902256,4762.609488454624
1791074055,250,,Aggregated,118.400000,0.000000,21,37,61,99,340,610,960,1200,1800,2400,3000,42955,0,21,108.73658969625728,2.7754000038839877,2982.5772999902256,4762.333954138051
1791074056,250,,Aggregated,118.900000,0.000000,21,37,61,98,340,610,960,1200,1800,2400,3000,43067,0,21,108.53000466024102,2.7754000038839877,2982.5772999902256,4762.2056098637
1791074057,250,,Aggregated,124.200000,0.000000,21,37,62,100,340,610,960,1200,1800,2400,3000,43140,0,21,108.81706698893349,2.7754000038839877,2982.5772999902256,4762.974130737135
1791074058,250,,Aggregated,119.500000,0.000000,21,38,62,100,350,610,960,1200,1800,2400,3000,43320,0,21,109.27235637816156,2.7754000038839877,2982.5772999902256,4761.222853185595
1791074059,250,,Aggregated,117.900000,0.000000,21,38,62,100,340,610,960,1200,1800,2400,3000,43429,0,21,109.04822761293215,2.7754000038839877,2982.5772999902256,4761.89235303599
1791074060,250,,Aggregated,116.600000,0.000000,21,38,62,100,340,600,960,1200,1800,2400,3000,43538,0,21,109.08563067440336,2.7754000038839877,2982.5772999902256,4762.401580228766
1791074061,250,,Aggregated,118.500000,0.000000,21,38,63,100,350,610,960,1200,1800,2400,3000,43680,0,21,109.70326310443852,2.7754000038839877,2982.5772999902256,4761.925847069597
1791074062,250,,Aggregated,117.700000,0.000000,21,38,63,100,350,600,960,1200,1800,2400,3000,43797,0,21,109.4507835354406,2.7754000038839877,2982.5772999902256,4762.046966687216
1791074063,250,,Aggregated,116.400000,0.000000,21,38,62,100,350,600,960,1200,1800,2400,3000,43916,0,21,109.20382075102212,2.7754000038839877,2982.5772999902256,4761.534178886966
1791074064,250,,Aggregated,121.500000,0.000000,21,38,62,100,350,600,960,1200,1800,2400,3000,44046,0,21,108.99012934211122,2.7754000038839877,2982.5772999902256,4762.201130636153
1791074065,250,,Aggregated,118.300000,0.000000,21,37,62,100,340,600,960,1200,1800,2400,3000,44165,0,21,108.73897963777138,2.7754000038839877,2982.5772999902256,4762.673451828371
1791074066,250,,Aggregated,118.900000,0.000000,21,37,62,100,340,600,960,1200,1800,2400,3000,44288,0,21,108.55554825466706,2.7754000038839877,2982.5772999902256,4763.065503070809
1791074067,250,,Aggregated,118.800000,0.000000,21,37,62,100,340,600,950,1200,1800,2400,3000,44419,0,21,108.28348387857781,2.7754000038839877,2982.5772999902256,4763.049438303428
1791074068,250,,Aggregated,119.500000,0.000000,21,37,61,99,340,600,950,1200,1800,2400,3000,44535,0,21,108.04582859779063,2.7754000038839877,2982.5772999902256,4763.417379589087
1791074069,250,,Aggregated,122.900000,0.000000,21,37,61,98,340,600,950,1200,1800,2400,3000,44669,0,21,107.77420907569662,2.7754000038839877,2982.5772999902256,4763.515167118136
1791074070,250,,Aggregated,123.700000,0.000000,21,37,61,98,340,600,950,1200,1800,2400,3000,44787,0,21,107.53176709987807,2.7754000038839877,2982.5772999902256,4763.820394310849
1791074071,250,,Aggregated,121.700000,0.000000,21,37,60,97,340,600,950,1200,1800,2400,3000,44905,0,21,107.30323838107371,2.7754000038839877,2982.5772999902256,4763.754481683554
1791074072,250,,Aggregated,122.600000,0.000000,21,37,61,99,340,600,950,1200,1800,2400,3000,45009,0,21,107.51560713417486,2.7754000038839877,2982.5772999902256,4763.9096847297205
1791074073,250,,Aggregated,126.600000,0.000000,21,37,61,99,340,590,950,1200,1800,2400,3000,45144,0,21,107.6038190989368,2.7754000038839877,2982.5772999902256,4763.252104377104
1791074074,250,,Aggregated,120.400000,0.000000,21,37,61,99,340,590,950,1200,1800,2400,3000,45254,0,21,107.37325691877871,2.7754000038839877,2982.5772999902256,4763.268440358864
1791074075,250,,Aggregated,119.500000,0.000000,21,37,61,98,340,590,950,1100,1800,2400,3000,45390,0,21,107.09667137260281,2.7754000038839877,2982.5772999902256,4763.736527869575
1791074076,250,,Aggregated,121.700000,0.000000,21,37,61,98,340,590,950,1100,1800,2400,3000,45516,0,21,106.91888165046292,2.7754000038839877,2982.5772999902256,4764.148145707004
1791074077,250,,Aggregated,120.400000,0.000000,21,37,60,97,340,590,950,1100,1800,2400,3000,45642,0,21,106.67903713470925,2.7754000038839877,2982.5772999902256,4764.08487796328
1791074078,250,,Aggregated,120.400000,0.000000,21,37,60,97,330,590,940,1100,1800,2400,3000,45766,0,21,106.4346004720188,2.7754000038839877,2982.5772999902256,4763.799785867238
1791074079,250,,Aggregated,121.400000,0.000000,21,37,60,96,330,590,940,1100,1800,2400,3000,45882,0,21,106.20623109721205,2.7754000038839877,2982.5772999902256,4763.595789198378
1791074080,250,,Aggregated,121.300000,0.000000,21,37,60,96,330,590,940,1100,1800,2400,3000,46013,0,21,105.99688718628404,2.7754000038839877,2982.5772999902256,4764.206658987678
1791074081,250,,Aggregated,121.100000,0.000000,21,36,59,96,330,590,940,1100,1800,2400,3000,46139,0,21,105.74746747441955,2.7754000038839877,2982.5772999902256,4764.391490929583
1791074082,250,,Aggregated,120.100000,0.000000,20,36,59,95,330,590,940,1100,1800,2400,3000,46253,0,20,105.52365806763326,2.7754000038839877,2982.5772999902256,4764.614208808077
1791074083,250,,Aggregated,121.600000,0.000000,20,36,59,94,330,590,940,1100,1800,2400,3000,46384,0,20,105.2710028480224,2.7754000038839877,2982.5772999902256,4765.28061400483
1791074084,250,,Aggregated,122.800000,0.000000,20,36,59,94,330,590,940,1100,1800,2400,3000,46514,0,20,105.01757753585447,2.7754000038839877,2982.5772999902256,4765.553231285205
1791074085,250,,Aggregated,124.900000,0.000000,20,36,58,93,330,590,940,1100,1800,2400,3000,46626,0,20,104.80826715571827,2.7754000038839877,2982.5772999902256,4765.5996439754645
1791074087,250,,Aggregated,124.200000,0.000000,20,36,58,93,320,580,940,1100,1800,2400,3000,46763,0,20,104.62490496337406,2.7754000038839877,2982.5772999902256,4765.5218228086305
1791074088,250,,Aggregated,122.800000,0.000000,20,36,58,92,320,580,940,1100,1800,2400,3000,46890,0,20,104.38565930480021,2.7754000038839877,2982.5772999902256,4765.538302409896
1791074089,250,,Aggregated,121.800000,0.000000,20,36,58,92,320,580,930,1100,1800,2400,3000,47016,0,20,104.18722966441631,2.7754000038839877,2982.5772999902256,4765.40873319721
1791074090,250,,Aggregated,122.500000,0.000000,20,36,58,91,320,580,930,1100,1800,2400,3000,47144,0,20,103.95343582008076,2.7754000038839877,2982.5772999902256,4765.687510605803
1791074091,250,,Aggregated,122.700000,0.000000,20,36,57,91,320,580,930,1100,1800,2400,3000,47270,0,20,103.73014537976785,2.7754000038839877,2982.5772999902256,4766.403829067061
1791074092,250,,Aggregated,124.000000,0.000000,20,36,57,91,320,580,930,1100,1800,2400,3000,47403,0,20,103.5162107588447,2.7754000038839877,2982.5772999902256,4766.4731978988675
1791074093,250,,Aggregated,122.900000,0.000000,20,36,57,90,320,580,930,1100,1800,2400,3000,47517,0,20,103.31689431154021,2.7754000038839877,2982.5772999902256,4766.084348759391
1791074094,250,,Aggregated,124.300000,0.000000,20,35,57,90,320,580,930,1100,1800,2400,3000,47629,0,20,103.11509368664183,2.7754000038839877,2982.5772999902256,4766.452077515799
1791074095,250,,Aggregated,123.600000,0.000000,20,35,57,89,320,580,930,1100,1800,2400,3000,47767,0,20,102.89276439175597,2.7754000038839877,2982.5772999902256,4765.877530512697
1791074096,250,,Aggregated,122.400000,0.000000,20,35,56,89,320,580,930,1100,1800,2400,3000,47896,0,20,102.66508645401206,2.7754000038839877,2982.5772999902256,4765.550254718557
1791074097,250,,Aggregated,122.800000,0.000000,20,35,56,88,310,570,930,1100,1800,2400,3000,48036,0,20,102.4702761512411,2.7754000038839877,2982.5772999902256,4765.515321841952
1791074098,250,,Aggregated,124.600000,0.000000,20,35,56,88,310,570,930,1100,1800,2400,3000,48141,0,20,102.28573495359238,2.7754000038839877,2982.5772999902256,4765.841548783781
1791074099,250,,Aggregated,124.500000,0.000000,20,35,56,87,310,570,930,1100,1800,2400,3000,48268,0,20,102.06061306665251,2.7754000038839877,2982.5772999902256,4766.289985083285
1791074100,250,,Aggregated,123.400000,0.000000,20,35,56,87,310,570,920,1100,1800,2400,3000,48391,0,20,101.83626006491873,2.7754000038839877,2982.5772999902256,4767.189105412163
1791074101,250,,Aggregated,123.000000,0.000000,20,35,56,86,310,570,920,1100,1800,2400,3000,48512,0,20,101.61441167136003,2.7754000038839877,2982.5772999902256,4766.4115682717675
1791074102,250,,Aggregated,123.500000,0.000000,20,35,55,86,310,570,920,1100,1800,2400,3000,48620,0,20,101.48253418554297,2.7754000038839877,2982.5772999902256,4766.376491155903
1791074103,250,,Aggregated,123.400000,0.000000,20,35,56,86,310,570,920,1100,1800,2400,3000,48767,0,20,101.40684327518683,2.7754000038839877,2982.5772999902256,4766.224065454098
1791074104,250,,Aggregated,122.300000,0.000000,20,35,56,86,310,570,920,1100,1800,2400,3000,48879,0,20,101.28194138384809,2.7754000038839877,2982.5772999902256,4765.673724912539
1791074105,250,,Aggregated,123.400000,0.000000,20,35,56,87,310,570,920,1100,1800,2400,3000,48964,0,20,101.81123538724708,2.7754000038839877,2982.5772999902256,4766.4895433379625
1791074106,250,,Aggregated,124.600000,0.000000,20,35,56,88,310,570,920,1100,1700,2400,3000,49108,0,20,102.11650111186698,2.7754000038839877,2982.5772999902256,4765.630284271402
1791074107,250,,Aggregated,113.800000,0.000000,20,35,56,88,310,570,920,1100,1700,2400,3000,49207,0,20,101.95636655763722,2.7754000038839877,2982.5772999902256,4765.332107220517
1791074108,250,,Aggregated,120.700000,0.000000,20,35,56,87,310,570,920,1100,1700,2400,3000,49355,0,20,101.69960041742429,2.7754000038839877,2982.5772999902256,4765.284023908419
1791074109,250,,Aggregated,116.700000,0.000000,20,35,56,87,310,570,920,1100,1700,2400,3000,49466,0,20,101.50953793922474,2.7754000038839877,2982.5772999902256,4765.285246431893
1791074110,250,,Aggregated,118.300000,0.000000,20,35,56,86,310,570,920,1100,1700,2400,3000,49593,0,20,101.28556084330495,2.7754000038839877,2982.5772999902256,4765.995442905249
1791074111,250,,Aggregated,118.700000,0.000000,20,35,55,86,310,570,920,1100,1700,2400,3000,49724,0,20,101.06024487375117,2.7754000038839877,2982.5772999902256,4766.047341324109
1791074112,250,,Aggregated,117.100000,0.000000,20,35,55,85,310,570,920,1100,1700,2400,3000,49848,0,20,100.84630167113905,2.7754000038839877,2982.5772999902256,4766.390647568609
1791074113,250,,Aggregated,118.800000,0.000000,20,35,55,85,310,570,920,1100,1700,2400,3000,49982,0,20,100.61612508509567,2.7754000038839877,2982.5772999902256,4766.497459085271
1791074114,250,,Aggregated,117.700000,0.000000,20,35,55,85,300,570,920,1100,1700,2400,3000,50083,0,20,100.56967085245091,2.7754000038839877,2982.5772999902256,4766.594672843081
1791074115,250,,Aggregated,120.200000,0.000000,20,35,55,86,300,560,920,1100,1700,2400,3000,50144,0,20,100.63202331890406,2.7754000038839877,2982.5772999902256,4766.566867421825
1791074116,250,,Aggregated,117.300000,0.000000,20,35,56,87,310,570,920,1100,1700,2400,3000,50335,0,20,101.69266825078407,2.7754000038839877,2982.5772999902256,4766.55535909407
1791074117,250,,Aggregated,126.000000,0.000000,20,35,56,87,310,570,920,1100,1700,2400,3000,50458,0,20,101.48417147337284,2.7754000038839877,2982.5772999902256,4766.278370129613
1791074118,250,,Aggregated,119.200000,0.000000,20,35,56,86,310,570,920,1100,1700,2400,3000,50586,0,20,101.280920256669,2.7754000038839877,2982.5772999902256,4766.567192503855
1791074119,250,,Aggregated,120.500000,0.000000,20,35,55,86,310,570,920,1100,1700,2400,3000,50715,0,20,101.07270219864043,2.7754000038839877,2982.5772999902256,4767.143724736271
1791074120,250,,Aggregated,120.200000,0.000000,20,35,55,86,310,570,920,1100,1700,2400,3000,50834,0,20,100.87319318967172,2.7754000038839877,2982.5772999902256,4766.470747924617
1791074121,250,,Aggregated,121.000000,0.000000,20,35,55,85,300,570,920,1100,1700,2400,3000,50962,0,20,100.70355961508037,2.7754000038839877,2982.5772999902256,4767.101919076959
1791074122,250,,Aggregated,123.200000,0.000000,20,35,55,85,300,570,920,1100,1700,2400,3000,51087,0,20,100.5004737977109,2.7754000038839877,2982.5772999902256,4766.543895707323
1791074123,250,,Aggregated,120.600000,0.000000,20,34,54,84,300,570,920,1100,1700,2400,3000,51221,0,20,100.2887201675746,2.7754000038839877,2982.5772999902256,4767.203764081139
1791074124,250,,Aggregated,122.100000,0.000000,20,34,54,84,300,560,920,1100,1700,2400,3000,51342,0,20,100.097102376282,2.7754000038839877,2982.5772999902256,4767.098204199291
1791074125,250,,Aggregated,118.600000,0.000000,20,34,54,84,300,560,920,1100,1700,2400,3000,51463,0,20,99.91401074176227,2.7754000038839877,2982.5772999902256,4767.628801274702
1791074126,250,,Aggregated,121.900000,0.000000,20,34,54,83,300,560,910,1100,1700,2400,3000,51600,0,20,99.69830556982656,2.7754000038839877,2982.5772999902256,4767.905135658914
1791074127,250,,Aggregated,122.100000,0.000000,20,34,54,83,300,560,910,1100,1700,2400,3000,51727,0,20,99.49814774301736,2.7754000038839877,2982.5772999902256,4767.984669514954
1791074128,250,,Aggregated,122.500000,0.000000,20,34,53,82,300,560,910,1100,1700,2400,3000,51859,0,20,99.29649603738511,2.7754000038839877,2982.5772999902256,4768.337858423803
1791074129,250,,Aggregated,124.700000,0.000000,20,34,53,82,300,560,910,1100,1700,2400,3000,51959,0,20,99.14298924733617,2.7754000038839877,2982.5772999902256,4767.97715506457
1791074130,250,,Aggregated,124.700000,0.000000,20,34,53,82,300,560,910,1100,1700,2400,3000,52097,0,20,98.92732257332953,2.7754000038839877,2982.5772999902256,4767.837840950535
1791074131,250,,Aggregated,124.500000,0.000000,20,34,53,81,300,560,910,1100,1700,2400,3000,52237,0,20,98.71914954731945,2.7754000038839877,2982.5772999902256,4767.774738212378
1791074132,250,,Aggregated,122.800000,0.000000,20,34,53,81,300,560,910,1100,1700,2400,3000,52370,0,20,98.50212792826969,2.7754000038839877,2982.5772999902256,4767.893240404812
1791074133,250,,Aggregated,123.700000,0.000000,20,34,52,80,290,560,910,1100,1700,2400,3000,52479,0,20,98.33193228535971,2.7754000038839877,2982.5772999902256,4767.673526553479
1791074134,250,,Aggregated,124.000000,0.000000,20,34,53,81,290,560,910,1100,1700,2400,3000,52556,0,20,98.41180508796953,2.7754000038839877,2982.5772999902256,4767.69837887206
1791074136,250,,Aggregated,123.500000,0.000000,20,34,53,82,300,560,910,1100,1700,2400,3000,52736,0,20,99.394314739514,2.7754000038839877,2982.5772999902256,4767.699711771845
1791074137,250,,Aggregated,119.400000,0.000000,20,34,53,82,300,560,910,1100,1700,2400,3000,52821,0,20,99.26225165944426,2.7754000038839877,2982.5772999902256,4767.249805948391
1791074138,250,,Aggregated,123.800000,0.000000,20,34,53,82,300,560,910,1100,1700,2400,3000,52945,0,20,99.06514119564632,2.7754000038839877,2982.5772999902256,4766.40989706299
1791074139,250,,Aggregated,123.800000,0.000000,20,34,53,81,300,560,910,1100,1700,2400,3000,53075,0,20,98.86433771274552,2.7754000038839877,2982.5772999902256,4766.400207253886
1791074140,250,,Aggregated,119.300000,0.000000,20,34,53,81,300,560,910,1100,1700,2400,3000,53216,0,20,98.67923060929243,2.7754000038839877,2982.5772999902256,4766.777435357787
1791074141,250,,Aggregated,120.000000,0.000000,20,34,53,81,300,560,910,1100,1700,2400,3000,53338,0,20,98.48889486114014,2.7754000038839877,2982.5772999902256,4767.042408789231
1791074142,250,,Aggregated,121.400000,0.000000,20,34,52,80,300,560,900,1100,1700,2400,3000,53476,0,20,98.27130792137844,2.7754000038839877,2982.5772999902256,4767.507872690553
1791074143,250,,Aggregated,121.400000,0.000000,20,34,52,80,290,560,900,1100,1700,2400,3000,53584,0,20,98.10516757994449,2.7754000038839877,2982.5772999902256,4766.48568602568
1791074144,250,,Aggregated,121.800000,0.000000,20,33,52,80,290,560,900,1100,1700,2400,3000,53725,0,20,97.90492253707377,2.7754000038839877,2982.5772999902256,4766.14708236389
1791074145,250,,Aggregated,119.900000,0.000000,20,33,52,79,290,560,900,1100,1700,2400,3000,53853,0,20,97.71689706802565,2.7754000038839877,2982.5772999902256,4766.751174493529
1791074146,250,,Aggregated,122.900000,0.000000,20,33,52,79,290,560,900,1100,1700,2400,3000,53981,0,20,97.53481973480397,2.7754000038839877,2982.5772999902256,4766.756581019247
1791074147,250,,Aggregated,127.800000,0.000000,20,33,52,78,290,550,900,1100,1700,2400,3000,54108,0,20,97.340960615884,2.7754000038839877,2982.5772999902256,4766.9362940785095
1791074148,250,,Aggregated,122.500000,0.000000,20,33,52,78,290,550,900,1100,1700,2400,3000,54234,0,20,97.16935963425297,2.7754000038839877,2982.5772999902256,4767.500405649593
1791074149,250,,Aggregated,126.200000,0.000000,20,33,51,78,290,550,900,1100,1700,2400,3000,54315,0,20,97.07700118575231,2.7754000038839877,2982.5772999902256,4767.4825370523795
1791074150,250,,Aggregated,125.900000,0.000000,20,33,52,79,290,550,900,1100,1700,2400,3000,54393,0,20,97.42537454276508,2.7754000038839877,2982.5772999902256,4768.238321107496
1791074151,250,,Aggregated,123.700000,0.000000,20,34,52,80,300,560,900,1100,1700,2400,3000,54581,0,20,98.23079423984538,2.7754000038839877,2982.5772999902256,4767.516571700775
1791074152,250,,Aggregated,117.700000,0.000000,20,34,52,80,300,560,900,1100,1700,2400,3000,54701,0,20,98.0657897937061,2.7754000038839877,2982.5772999902256,4768.26116524378
1791074153,250,,Aggregated,122.600000,0.000000,20,33,52,79,300,560,900,1100,1700,2400,3000,54823,0,20,97.8802400763422,2.7754000038839877,2982.5772999902256,4768.286102548201
1791074154,250,,Aggregated,119.300000,0.000000,20,34,52,80,290,560,900,1100,1700,2400,3000,54944,0,20,97.81094482937208,2.7754000038839877,2982.5772999902256,4768.598445690157
1791074155,250,,Aggregated,119.200000,0.000000,20,33,52,79,290,560,900,1100,1700,2400,3000,55066,0,20,97.62989482811224,2.7754000038839877,2982.5772999902256,4768.711001343842
1791074156,250,,Aggregated,118.300000,0.000000,20,34,52,80,300,560,900,1100,1700,2400,3000,55171,0,20,97.98248463694026,2.7754000038839877,2982.5772999902256,4769.77453734752
1791074157,250,,Aggregated,118.500000,0.000000,20,34,53,81,300,560,900,1100,1700,2400,3000,55302,0,20,98.54542560855671,2.7754000038839877,2982.5772999902256,4769.0861451665405
1791074158,250,,Aggregated,114.100000,0.000000,20,34,52,81,300,560,900,1100,1700,2400,3000,55404,0,20,98.42195891820636,2.7754000038839877,2982.5772999902256,4769.516406757635
1791074159,250,,Aggregated,115.700000,0.000000,20,34,52,80,300,560,900,1100,1700,2400,3000,55533,0,20,98.24663781362132,2.7754000038839877,2982.5772999902256,4769.4556209821185
1791074160,250,,Aggregated,115.500000,0.000000,20,34,52,80,300,560,900,1100,1700,2400,3000,55651,0,20,98.07355818231653,2.7754000038839877,2982.5772999902256,4769.421304199385
1791074161,250,,Aggregated,115.000000,0.000000,20,34,52,80,300,560,900,1100,1700,2400,3000,55786,0,20,98.01697924218409,2.7754000038839877,2982.5772999902256,4770.077080271036
1791074162,250,,Aggregated,121.900000,0.000000,20,34,52,80,300,550,900,1100,1700,2400,3000,55908,0,20,97.86034413330327,2.7754000038839877,2982.5772999902256,4769.924161121843
1791074163,250,,Aggregated,113.800000,0.000000,20,34,52,80,290,550,900,1100,1700,2400,3000,56024,0,20,97.69275058733002,2.7754000038839877,2982.5772999902256,4770.440739682993
1791074164,250,,Aggregated,118.100000,0.000000,20,34,52,79,290,550,900,1100,1700,2400,3000,56161,0,20,97.49834156629846,2.7754000038839877,2982.5772999902256,4770.241270632646
1791074165,250,,Aggregated,118.100000,0.000000,20,33,52,79,290,550,900,1100,1700,2400,3000,56283,0,20,97.3183418510886,2.7754000038839877,2982.5772999902256,4769.604694134996
1791074166,250,,Aggregated,117.700000,0.000000,20,33,52,78,290,550,890,1100,1700,2400,3000,56396,0,20,97.15995363332384,2.7754000038839877,2982.5772999902256,4769.5598092063265
1791074167,250,,Aggregated,117.500000,0.000000,20,33,52,78,290,550,890,1100,1700,2400,3000,56526,0,20,97.02031424486131,2.7754000038839877,2982.5772999902256,4769.762976329476
1791074168,250,,Aggregated,122.500000,0.000000,20,33,52,78,290,550,890,1100,1700,2400,3000,56652,0,20,96.87954077887497,2.7754000038839877,2982.5772999902256,4770.069635670408
1791074169,250,,Aggregated,120.400000,0.000000,20,33,51,78,290,550,890,1100,1700,2400,3000,56774,0,20,96.7281785289896,2.7754000038839877,2982.5772999902256,4769.753390636559
1791074170,250,,Aggregated,120.200000,0.000000,20,33,52,78,290,550,890,1100,1700,2400,3000,56815,0,20,96.76562284264475,2.7754000038839877,2982.5772999902256,4769.581642171962
1791074171,250,,Aggregated,121.500000,0.000000,20,34,52,80,300,560,910,1100,1700,2400,3000,56984,0,20,98.2746461832257,2.7754000038839877,2982.5772999902256,4769.483170714587
1791074172,250,,Aggregated,118.600000,0.000000,20,34,52,80,300,560,910,1100,1700,2400,3000,57094,0,20,98.36696388595149,2.7754000038839877,2982.5772999902256,4768.309734823274
1791074173,250,,Aggregated,112.300000,0.000000,20,34,52,80,300,560,910,1100,1700,2400,3000,57216,0,20,98.19508544995352,2.7754000038839877,2982.5772999902256,4768.018526286353
1791074174,250,,Aggregated,118.200000,0.000000,20,34,52,79,290,560,910,1100,1700,2400,3000,57363,0,20,97.9872278995954,2.7754000038839877,2982.5772999902256,4767.976831755661
1791074175,250,,Aggregated,116.400000,0.000000,20,33,52,79,290,560,900,1100,1700,2400,3000,57476,0,20,97.82596248529282,2.7754000038839877,2982.5772999902256,4768.500469761291
1791074176,250,,Aggregated,116.200000,0.000000,20,33,52,78,290,560,900,1100,1700,2400,3000,57597,0,20,97.65171927713197,2.7754000038839877,2982.5772999902256,4768.382433112835
1791074177,250,,Aggregated,118.300000,0.000000,20,33,52,78,290,560,900,1100,1700,2400,3000,57724,0,20,97.47321588602179,2.7754000038839877,2982.5772999902256,4768.092474533989
1791074178,250,,Aggregated,116.300000,0.000000,20,33,52,78,290,550,900,1100,1700,2400,3000,57833,0,20,97.40716335318145,2.7754000038839877,2982.5772999902256,4768.49124202445
1791074179,250,,Aggregated,117.300000,0.000000,20,34,52,79,290,560,900,1100,1700,2400,3000,57946,0,20,97.83023878446116,2.7754000038839877,2982.5772999902256,4767.802678355711
1791074181,250,,Aggregated,115.600000,0.000000,20,34,52,79,290,560,900,1100,1700,2400,3000,58096,0,20,97.77286353285055,2.7754000038839877,2982.5772999902256,4766.999724593776
1791074182,250,,Aggregated,115.500000,0.000000,20,34,52,79,290,560,900,1100,1700,2400,3000,58206,0,20,97.61794905000657,2.7754000038839877,2982.5772999902256,4766.702487716043
1791074183,250,,Aggregated,128.000000,0.000000,20,33,52,79,290,550,900,1100,1700,2400,3000,58350,0,20,97.44459901807421,2.7754000038839877,2982.5772999902256,4766.624678663239
1791074184,250,,Aggregated,118.400000,0.000000,20,33,52,78,290,550,900,1100,1700,2400,3000,58454,0,20,97.31569645712334,2.7754000038839877,2982.5772999902256,4766.289184658021
1791074185,250,,Aggregated,123.600000,0.000000,20,33,52,78,290,550,900,1100,1700,2400,3000,58593,0,20,97.13121237016836,2.7754000038839877,2982.5772999902256,4766.426194255287
1791074186,250,,Aggregated,121.600000,0.000000,20,33,51,78,290,550,900,1100,1700,2400,3000,58716,0,20,96.95943770871442,2.7754000038839877,2982.5772999902256,4765.912698412699
1791074187,250,,Aggregated,119.700000,0.000000,20,33,51,77,290,550,900,1100,1700,2400,3000,58829,0,20,96.80105139309948,2.7754000038839877,2982.5772999902256,4765.946675959136
1791074188,250,,Aggregated,121.300000,0.000000,20,33,51,77,290,550,900,1100,1700,2400,3000,58957,0,20,96.62543848066768,2.7754000038839877,2982.5772999902256,4765.929151754669
1791074189,250,,Aggregated,119.600000,0.000000,20,33,51,77,290,550,890,1100,1700,2400,3000,59088,0,20,96.45314591633927,2.7754000038839877,2982.5772999902256,4766.105131329542
1791074190,250,,Aggregated,120.200000,0.000000,20,33,51,76,290,550,890,1100,1700,2400,3000,59207,0,20,96.28957659237962,2.7754000038839877,2982.5772999902256,4766.657557383418
1791074191,250,,Aggregated,122.700000,0.000000,20,33,51,76,290,550,890,1100,1700,2400,3000,59328,0,20,96.12914973882636,2.7754000038839877,2982.5772999902256,4765.739633899676
1791074192,250,,Aggregated,124.300000,0.000000,19,33,50,76,290,550,890,1100,1700,2400,3000,59461,0,19,95.9522347337827,2.7754000038839877,2982.5772999902256,4765.234960730563
1791074193,250,,Aggregated,121.400000,0.000000,19,33,50,75,280,550,890,1100,1700,2400,3000,59585,0,19,95.79620486876588,2.7754000038839877,2982.5772999902256,4764.981874632877
1791074194,250,,Aggregated,123.400000,0.000000,19,33,50,75,280,550,890,1100,1700,2400,3000,59705,0,19,95.63436191784712,2.7754000038839877,2982.5772999902256,4764.537274935097
1791074195,250,,Aggregated,122.000000,0.000000,19,33,50,75,280,550,890,1100,1700,2400,3000,59828,0,19,95.46509058309476,2.7754000038839877,2982.5772999902256,4764.571538410109
1791074196,250,,Aggregated,123.300000,0.000000,19,33,50,74,280,540,890,1100,1700,2400,3000,59971,0,19,95.27605637400377,2.7754000038839877,2982.5772999902256,4764.719897950677
1791074197,250,,Aggregated,122.700000,0.000000,19,33,50,74,280,540,890,1100,1700,2300,3000,60085,0,19,95.1232425897577,2.7754000038839877,2982.5772999902256,4764.898560372805
1791074198,250,,Aggregated,124.200000,0.000000,19,33,50,74,280,540,890,1100,1700,2300,3000,60226,0,19,94.94963244953699,2.7754000038839877,2982.5772999902256,4763.923571215089
1791074199,250,,Aggregated,125.000000,0.000000,19,33,50,73,280,540,880,1100,1700,2300,3000,60346,0,19,94.80497475732946,2.7754000038839877,2982.5772999902256,4764.190783150499
1791074200,250,,Aggregated,124.900000,0.000000,19,33,49,73,280,540,880,1100,1700,2300,3000,60473,0,19,94.64771185497628,2.7754000038839877,2982.5772999902256,4764.305640533792
1791074201,250,,Aggregated,125.000000,0.000000,19,32,49,73,280,540,880,1100,1700,2300,3000,60588,0,19,94.50014971786484,2.7754000038839877,2982.5772999902256,4764.228758169935
1791074202,250,,Aggregated,124.600000,0.000000,19,32,49,73,280,540,880,1100,1700,2300,3000,60705,0,19,94.43257569073243,2.7754000038839877,2982.5772999902256,4764.694868626966
1791074203,250,,Aggregated,125.600000,0.000000,19,33,50,74,280,540,880,1100,1700,2300,3000,60804,0,19,94.89560366926226,2.7754000038839877,2982.5772999902256,4765.2821031511085
1791074204,250,,Aggregated,124.100000,0.000000,19,33,50,74,280,540,880,1100,1700,2300,3000,60944,0,19,95.00682502963717,2.7754000038839877,2982.5772999902256,4764.545517196115
1791074205,250,,Aggregated,117.100000,0.000000,19,33,50,74,280,540,880,1100,1700,2300,3000,61062,0,19,94.85869543589048,2.7754000038839877,2982.5772999902256,4764.518800563362
1791074206,250,,Aggregated,122.600000,0.000000,19,33,49,73,280,540,880,1100,1700,2300,3000,61192,0,19,94.6967641032445,2.7754000038839877,2982.5772999902256,4764.4713361223685
1791074207,250,,Aggregated,122.800000,0.000000,19,32,49,73,280,540,880,1100,1700,2300,3000,61315,0,19,94.53989814900406,2.7754000038839877,2982.5772999902256,4764.799739052434
1791074208,250,,Aggregated,120.900000,0.000000,19,32,49,73,280,540,880,1100,1700,2300,3000,61446,0,19,94.36641830560421,2.7754000038839877,2982.5772999902256,4764.532353611301
1791074209,250,,Aggregated,121.700000,0.000000,19,32,49,72,280,540,880,1100,1700,2300,3000,61582,0,19,94.19275823464581,2.7754000038839877,2982.5772999902256,4764.844889740509
1791074210,250,,Aggregated,120.900000,0.000000,19,32,49,72,280,540,880,1100,1700,2300,3000,61700,0,19,94.08558002602278,2.7754000038839877,2982.5772999902256,4764.443549432739
1791074211,250,,Aggregated,121.200000,0.000000,19,32,49,72,270,540,880,1100,1700,2300,3000,61819,0,19,93.95096763463584,2.7754000038839877,2982.5772999902256,4764.362849609343
1791074212,250,,Aggregated,121.200000,0.000000,19,32,49,72,270,540,880,1100,1700,2300,3000,61934,0,19,93.81136465600886,2.7754000038839877,2982.5772999902256,4764.176203700714
1791074213,250,,Aggregated,120.800000,0.000000,19,32,49,72,270,540,880,1100,1700,2300,3000,62017,0,19,93.80426470976366,2.7754000038839877,2982.5772999902256,4764.1862876308105
1791074214,250,,Aggregated,120.400000,0.000000,19,32,49,73,280,540,880,1100,1700,2300,3000,62175,0,19,94.24642576446081,2.7754000038839877,2982.5772999902256,4763.472151186168
1791074215,250,,Aggregated,126.600000,0.000000,19,33,49,73,280,540,880,1100,1700,2300,3000,62296,0,19,94.14793466202153,2.7754000038839877,2982.5772999902256,4763.123988699114
1791074216,250,,Aggregated,120.400000,0.000000,19,32,49,73,270,540,880,1100,1700,2300,3000,62414,0,19,94.00471544213174,2.7754000038839877,2982.5772999902256,4763.614573653347
1791074217,250,,Aggregated,121.100000,0.000000,19,32,49,72,270,540,870,1100,1700,2300,3000,62548,0,19,93.83317868045712,2.7754000038839877,2982.5772999902256,4763.79427000064
1791074218,250,,Aggregated,119.900000,0.000000,19,32,49,72,270,540,870,1100,1700,2300,3000,62667,0,19,93.68728737302054,2.7754000038839877,2982.5772999902256,4763.667751767278
1791074219,250,,Aggregated,121.100000,0.000000,19,32,49,72,270,530,870,1100,1700,2300,3000,62780,0,19,93.54783113578989,2.7754000038839877,2982.5772999902256,4763.460433259
1791074220,250,,Aggregated,120.200000,0.000000,19,32,49,72,270,530,870,1100,1700,2300,3000,62899,0,19,93.42554232984328,2.7754000038839877,2982.5772999902256,4763.814114691808
1791074221,250,,Aggregated,121.200000,0.000000,19,32,49,72,270,540,870,1100,1700,2300,3000,62985,0,19,93.84350937532214,2.7754000038839877,2982.5772999902256,4764.73455584663
1791074222,250,,Aggregated,119.800000,0.000000,19,32,49,73,280,540,880,1100,1700,2300,3000,63131,0,19,94.400800795247,2.7754000038839877,2982.5772999902256,4763.916427745482
1791074223,250,,Aggregated,113.000000,0.000000,19,32,49,73,280,540,880,1100,1700,2300,3000,63249,0,19,94.25355395666402,2.7754000038839877,2982.5772999902256,4763.974861262629
1791074224,250,,Aggregated,120.100000,0.000000,19,32,49,73,280,540,870,1100,1700,2300,3000,63376,0,19,94.0984425950667,2.7754000038839877,2982.5772999902256,4764.086120929058
1791074225,250,,Aggregated,118.000000,0.000000,19,32,49,72,280,540,870,1100,1700,2300,3000,63491,0,19,93.96467817809014,2.7754000038839877,2982.5772999902256,4764.102896473516
1791074226,250,,Aggregated,119.900000,0.000000,19,32,49,73,270,530,870,1100,1700,2300,3000,63613,0,19,93.9503675711699,2.7754000038839877,2982.5772999902256,4764.694889409398
1791074227,250,,Aggregated,119.400000,0.000000,19,33,50,74,280,540,870,1100,1700,2300,3000,63697,0,19,94.28892393369823,2.7754000038839877,2982.5772999902256,4765.186837684663
1791074228,250,,Aggregated,119.400000,0.000000,19,33,50,74,280,540,870,1100,1700,2300,3000,63852,0,19,94.46334544422353,2.7754000038839877,2982.5772999902256,4763.982710016914
1791074229,250,,Aggregated,117.000000,0.000000,19,33,50,74,280,540,870,1100,1700,2300,3000,63964,0,19,94.32545555944198,2.7754000038839877,2982.5772999902256,4764.2149490338315
1791074230,250,,Aggregated,117.300000,0.000000,19,33,50,74,280,530,870,1100,1700,2300,3000,64101,0,19,94.15140890163835,2.7754000038839877,2982.5772999902256,4764.68309386749
1791074231,250,,Aggregated,115.500000,0.000000,19,33,49,73,280,530,870,1100,1700,2300,3000,64223,0,19,94.00953652279512,2.7754000038839877,2982.5772999902256,4764.301589773134
1791074232,250,,Aggregated,117.000000,0.000000,19,32,49,73,280,530,870,1100,1700,2300,3000,64345,0,19,93.85824343155726,2.7754000038839877,2982.5772999902256,4764.35193099697
1791074233,250,,Aggregated,124.300000,0.000000,19,32,49,73,270,530,870,1100,1700,2300,3000,64481,0,19,93.69414812585941,2.7754000038839877,2982.5772999902256,4764.515578232347
1791074234,250,,Aggregated,118.000000,0.000000,19,32,49,72,270,530,870,1100,1700,2300,3000,64606,0,19,93.55080143489917,2.7754000038839877,2982.5772999902256,4764.584109835
1791074235,250,,Aggregated,121.600000,0.000000,19,32,49,72,270,530,870,1100,1700,2300,3000,64725,0,19,93.45183894017843,2.7754000038839877,2982.5772999902256,4764.4430590961765
1791074236,250,,Aggregated,119.500000,0.000000,19,32,49,72,270,530,870,1100,1700,2300,3000,64842,0,19,93.37627722468179,2.7754000038839877,2982.5772999902256,4764.6358687270595
1791074237,250,,Aggregated,120.500000,0.000000,19,32,49,72,270,530,870,1100,1700,2300,3000,64972,0,19,93.22336414921581,2.7754000038839877,2982.5772999902256,4764.34193190913
1791074238,250,,Aggregated,120.600000,0.000000,19,32,49,72,270,530,870,1100,1700,2300,3000,65094,0,19,93.08100718196597,2.7754000038839877,2982.5772999902256,4764.205733247304
1791074239,250,,Aggregated,122.600000,0.000000,19,32,49,72,270,530,870,1100,1700,2300,3000,65221,0,19,92.9390674430511,2.7754000038839877,2982.5772999902256,4763.7606139126965
1791074240,250,,Aggregated,123.400000,0.000000,19,32,49,72,270,530,870,1100,1700,2300,3000,65348,0,19,92.86701282370487,2.7754000038839877,2982.5772999902256,4763.897257758463
1791074241,250,,Aggregated,123.500000,0.000000,19,32,49,72,270,520,860,1100,1700,2300,3000,65454,0,19,92.78464015955242,2.7754000038839877,2982.5772999902256,4763.846900113056
1791074242,250,,Aggregated,123.300000,0.000000,19,32,49,71,270,520,860,1100,1700,2300,3000,65599,0,19,92.63422600654845,2.7754000038839877,2982.5772999902256,4764.242595161511
1791074243,250,,Aggregated,122.600000,0.000000,19,32,49,71,270,520,860,1100,1700,2300,3000,65712,0,19,92.50457829017425,2.7754000038839877,2982.5772999902256,4764.098703433163
1791074244,250,,Aggregated,122.600000,0.000000,19,32,49,71,270,520,860,1100,1700,2300,3000,65839,0,19,92.36370751991346,2.7754000038839877,2982.5772999902256,4764.001777062227
1791074245,250,,Aggregated,123.100000,0.000000,19,32,49,70,270,520,860,1100,1700,2300,3000,65970,0,19,92.24307798550453,2.7754000038839877,2982.5772999902256,4764.632257086554
1791074246,250,,Aggregated,122.300000,0.000000,19,32,49,70,270,520,860,1100,1700,2300,3000,66088,0,19,92.12651184487,2.7754000038839877,2982.5772999902256,4764.773695678489
1791074247,250,,Aggregated,122.800000,0.000000,19,32,49,71,270,520,860,1100,1700,2300,3000,66160,0,19,92.20320394201276,2.7754000038839877,2982.5772999902256,4764.847233978235
1791074248,250,,Aggregated,123.400000,0.000000,19,32,49,71,270,520,860,1100,1700,2300,3000,66338,0,19,92.59731088671782,2.7754000038839877,2982.5772999902256,4764.534610630408
1791074249,250,,Aggregated,123.000000,0.000000,19,32,49,71,270,520,860,1100,1700,2300,3000,66437,0,19,92.48491054989232,2.7754000038839877,2982.5772999902256,4764.388970001655
1791074250,250,,Aggregated,115.100000,0.000000,19,32,49,71,270,520,860,1100,1700,2300,3000,66568,0,19,92.34458120874034,2.7754000038839877,2982.5772999902256,4764.288712294196
1791074251,250,,Aggregated,122.800000,0.000000,19,32,49,71,270,520,860,1100,1700,2300,3000,66692,0,19,92.20704024325356,2.7754000038839877,2982.5772999902256,4764.340685539495
1791074252,250,,Aggregated,121.200000,0.000000,19,32,49,70,270,520,860,1100,1700,2300,3000,66815,0,19,92.06610022156093,2.7754000038839877,2982.5772999902256,4764.382863129536
1791074253,250,,Aggregated,121.400000,0.000000,19,32,48,70,270,520,860,1100,1700,2300,3000,66948,0,19,91.91190605849081,2.7754000038839877,2982.5772999902256,4764.678287626218
1791074254,250,,Aggregated,120.900000,0.000000,19,32,48,70,260,520,860,1100,1700,2300,3000,67076,0,19,91.7704932808148,2.7754000038839877,2982.5772999902256,4764.053044307949
1791074255,250,,Aggregated,120.100000,0.000000,19,32,48,70,260,520,860,1100,1700,2300,3000,67198,0,19,91.64837111378303,2.7754000038839877,2982.5772999902256,4764.260558349951
1791074256,250,,Aggregated,122.500000,0.000000,19,32,48,69,260,520,860,1100,1700,2300,3000,67323,0,19,91.50751369077012,2.7754000038839877,2982.5772999902256,4764.879625090979
1791074257,250,,Aggregated,121.200000,0.000000,19,32,48,69,260,520,860,1100,1700,2300,3000,67434,0,19,91.38943428394718,2.7754000038839877,2982.5772999902256,4764.45075184625
1791074259,250,,Aggregated,121.700000,0.000000,19,32,48,69,260,520,850,1100,1700,2300,3000,67568,0,19,91.24376441664367,2.7754000038839877,2982.5772999902256,4763.61339687426
1791074260,250,,Aggregated,127.300000,0.000000,19,32,48,69,260,520,850,1100,1700,2300,3000,67713,0,19,91.1549988171127,2.7754000038839877,2982.5772999902256,4763.802932967082
1791074261,250,,Aggregated,121.600000,0.000000,19,32,48,69,260,510,850,1100,1700,2300,3000,67849,0,19,91.00333559821713,2.7754000038839877,2982.5772999902256,4763.920485195065
1791074262,250,,Aggregated,123.400000,0.000000,19,32,48,69,260,510,850,1100,1700,2300,3000,67970,0,19,90.8737858452763,2.7754000038839877,2982.5772999902256,4764.122245108136
1791074263,250,,Aggregated,124.700000,0.000000,19,32,48,68,260,510,850,1100,1700,2300,3000,68096,0,19,90.7331334968855,2.7754000038839877,2982.5772999902256,4764.43631050282
1791074264,250,,Aggregated,124.500000,0.000000,19,32,47,68,260,510,850,1100,1700,2300,3000,68215,0,19,90.60459033355973,2.7754000038839877,2982.5772999902256,4764.3539690683865
1791074265,250,,Aggregated,124.000000,0.000000,19,32,47,68,260,510,850,1100,1700,2300,3000,68333,0,19,90.47784770614325,2.7754000038839877,2982.5772999902256,4764.5945882662845
1791074266,250,,Aggregated,123.900000,0.000000,19,32,47,67,260,510,850,1100,1700,2300,3000,68467,0,19,90.3412459608854,2.7754000038839877,2982.5772999902256,4765.02985379818
1791074267,250,,Aggregated,122.400000,0.000000,19,32,47,67,260,510,850,1100,1700,2300,3000,68591,0,19,90.20726659334055,2.7754000038839877,2982.5772999902256,4765.37367876252
1791074268,250,,Aggregated,123.400000,0.000000,19,32,47,67,260,510,850,1100,1700,2300,3000,68718,0,19,90.0691062982659,2.7754000038839877,2982.5772999902256,4765.554672720394
1791074269,250,,Aggregated,123.400000,0.000000,19,32,47,67,260,510,850,1100,1700,2300,3000,68839,0,19,89.95282076880986,2.7754000038839877,2982.5772999902256,4765.472057990383
1791074270,250,,Aggregated,124.800000,0.000000,19,32,47,67,260,510,850,1100,1700,2300,3000,68974,0,19,89.81607997077334,2.7754000038839877,2982.5772999902256,4765.018122770899
1791074271,250,,Aggregated,123.400000,0.000000,19,32,47,66,260,510,850,1100,1700,2300,3000,69081,0,19,89.70526829235469,2.7754000038839877,2982.5772999902256,4764.697471084669
1791074272,250,,Aggregated,124.400000,0.000000,19,31,47,66,250,510,850,1100,1700,2300,3000,69218,0,19,89.57060522702584,2.7754000038839877,2982.5772999902256,4764.603166806322
1791074273,250,,Aggregated,122.400000,0.000000,19,31,47,66,250,510,850,1100,1700,2300,3000,69337,0,19,89.44244746101496,2.7754000038839877,2982.5772999902256,4764.873487459798
1791074274,250,,Aggregated,123.400000,0.000000,19,31,47,66,250,510,850,1100,1700,2300,3000,69449,0,19,89.3612518755379,2.7754000038839877,2982.5772999902256,4764.8909847514005
1791074275,250,,Aggregated,123.100000,0.000000,19,31,47,66,250,500,850,1100,1700,2300,3000,69590,0,19,89.24357626101794,2.7754000038839877,2982.5772999902256,4765.186636010921
1791074276,250,,Aggregated,122.100000,0.000000,19,31,47,66,250,500,850,1100,1700,2300,3000,69702,0,19,89.18697756311583,2.7754000038839877,2982.5772999902256,4765.11445869559
1791074277,250,,Aggregated,123.700000,0.000000,19,31,47,66,250,500,840,1100,1700,2300,3000,69834,0,19,89.07562492774865,2.7754000038839877,2982.5772999902256,4764.8505455795175
1791074278,250,,Aggregated,122.700000,0.000000,19,31,47,66,250,500,840,1100,1700,2300,3000,69949,0,19,88.96141011170869,2.7754000038839877,2982.5772999902256,4765.096370212584
1791074279,250,,Aggregated,122.800000,0.000000,19,32,47,66,250,500,840,1100,1700,2300,3000,70032,0,19,89.16203281933743,2.7754000038839877,2982.5772999902256,4765.581534155815
1791074280,250,,Aggregated,122.200000,0.000000,19,32,47,67,260,510,850,1100,1700,2300,3000,70192,0,19,89.87253112041425,2.7754000038839877,2982.5772999902256,4764.667284020971
1791074281,250,,Aggregated,116.900000,0.000000,19,32,47,67,260,510,850,1100,1700,2300,3000,70292,0,19,89.78915121357183,2.7754000038839877,2982.5772999902256,4764.74842087293
1791074282,250,,Aggregated,117.000000,0.000000,19,32,47,67,250,510,850,1100,1700,2300,3000,70424,0,19,89.65787810269639,2.7754000038839877,2982.5772999902256,4764.885067590594
1791074283,250,,Aggregated,118.200000,0.000000,19,32,47,66,250,510,850,1100,1700,2300,3000,70554,0,19,89.52249592233622,2.7754000038839877,2982.5772999902256,4764.7424809365875
1791074284,250,,Aggregated,118.200000,0.000000,19,32,47,66,250,510,850,1100,1700,2300,3000,70686,0,19,89.383705532981,2.7754000038839877,2982.5772999902256,4764.942930707636
1791074285,250,,Aggregated,119.000000,0.000000,19,32,47,66,250,510,840,1100,1700,2300,3000,70805,0,19,89.2659133042046,2.7754000038839877,2982.5772999902256,4764.901885460066
1791074286,250,,Aggregated,119.500000,0.000000,19,31,47,66,250,500,840,1100,1700,2300,3000,70921,0,19,89.14674319741455,2.7754000038839877,2982.5772999902256,4765.166410513106
1791074287,250,,Aggregated,119.800000,0.000000,19,31,47,66,250,500,840,1100,1600,2300,3000,71048,0,19,89.0217179062576,2.7754000038839877,2982.5772999902256,4765.25814942011
1791074288,250,,Aggregated,119.200000,0.000000,19,31,47,66,250,500,840,1100,1600,2300,3000,71166,0,19,88.92788587532873,2.7754000038839877,2982.5772999902256,4765.40235505719
1791074289,250,,Aggregated,119.100000,0.000000,19,31,47,66,250,500,840,1100,1600,2300,3000,71209,0,19,89.01633110847764,2.7754000038839877,2982.5772999902256,4765.5152859891305
1791074290,250,,Aggregated,119.800000,0.000000,19,32,47,67,260,510,850,1100,1600,2300,3000,71407,0,19,89.83185469776379,2.7754000038839877,2982.5772999902256,4764.673113280211
1791074291,250,,Aggregated,123.500000,0.000000,19,32,47,66,260,510,850,1100,1600,2300,3000,71513,0,19,89.71778203967277,2.7754000038839877,2982.5772999902256,4765.042943241089
1791074292,250,,Aggregated,121.200000,0.000000,19,32,47,66,250,510,850,1100,1600,2300,3000,71644,0,19,89.58536088581465,2.7754000038839877,2982.5772999902256,4765.016512199207
1791074293,250,,Aggregated,119.100000,0.000000,19,31,47,66,250,510,840,1100,1600,2300,3000,71766,0,19,89.46012003459508,2.7754000038839877,2982.5772999902256,4765.268664827356
1791074295,250,,Aggregated,119.100000,0.000000,19,31,47,66,250,510,840,1100,1600,2300,3000,71892,0,19,89.35363179078063,2.7754000038839877,2982.5772999902256,4765.124394925722
