Timestamp,User Count,Type,Name,Requests/s,Failures/s,50%,66%,75%,80%,90%,95%,98%,99%,99.9%,99.99%,100%,Total Request Count,Total Failure Count,Total Median Response Time,Total Average Response Time,Total Min Response Time,Total Max Response Time,Total Average Content Size
1791073030,0,,Aggregated,0.000000,0.000000,N/A,N/A,N/A,N/A,N/A,N/A,N/A,N/A,N/A,N/A,N/A,0,0,0,0.0,0,0,0
1791073031,10,,Aggregated,0.000000,0.000000,540,540,540,540,540,540,540,540,540,540,540,1,0,536.6659999708645,536.6659999708645,536.6659999708645,536.6659999708645,5952.0
1791073032,20,,Aggregated,0.000000,0.000000,650,840,860,1200,1200,1300,1700,1700,1700,1700,1700,40,0,590,655.869897500088,38.55870000552386,1678.6040000151843,5523.35
1791073033,30,,Aggregated,1.000000,0.000000,550,640,830,840,1200,1200,1300,1700,1700,1700,1700,62,0,540,528.1265451602878,20.548900007270277,1678.6040000151843,5208.548387096775
1791073034,40,,Aggregated,18.000000,0.000000,500,640,820,830,1200,1200,1300,1700,1700,1700,1700,71,0,500,503.14884788510847,20.548900007270277,1678.6040000151843,5149.281690140845
1791073035,50,,Aggregated,20.000000,0.000000,320,560,650,830,1100,1200,1200,1300,1700,1700,1700,129,0,320,427.2026100769899,20.548900007270277,1678.6040000151843,5089.356589147287
1791073036,60,,Aggregated,17.500000,0.000000,320,560,650,820,1100,1200,1200,1300,1700,1700,1700,138,0,320,425.46345579667366,20.548900007270277,1678.6040000151843,5097.724637681159
1791073037,80,,Aggregated,25.400000,0.000000,250,530,650,730,1100,1100,1200,1200,1700,1700,1700,216,0,230,392.69697916595896,16.530000022612512,1678.6040000151843,4980.259259259259
1791073038,90,,Aggregated,22.333333,0.000000,260,560,650,750,1100,1100,1200,1200,1700,1700,1700,229,0,260,400.80081484678067,16.530000022612512,1678.6040000151843,5030.056768558952
1791073039,100,,Aggregated,30.285714,0.000000,220,510,640,660,960,1100,1200,1200,1700,1700,1700,319,0,220,379.59250689631614,16.530000022612512,1678.6040000151843,5038.71473354232
1791073040,110,,Aggregated,27.875000,0.000000,230,510,630,660,960,1100,1200,1200,1700,1700,1700,328,0,220,379.299411279889,16.530000022612512,1678.6040000151843,5042.676829268293
1791073041,120,,Aggregated,34.222222,0.000000,310,570,660,760,1000,1100,1200,1300,1700,1700,1700,436,0,310,424.87582110000426,16.530000022612512,1678.6040000151843,4968.26376146789
1791073042,130,,Aggregated,32.700000,0.000000,310,570,650,750,1000,1100,1200,1300,1700,1700,1700,442,0,310,422.79451855113814,16.530000022612512,1678.6040000151843,4978.196832579186
1791073043,140,,Aggregated,40.200000,0.000000,300,550,660,800,1100,1200,1200,1200,1700,1700,1700,564,0,300,424.1231689705383,16.530000022612512,1678.6040000151843,4937.867021276596
1791073044,150,,Aggregated,40.500000,0.000000,300,550,660,800,1100,1200,1200,1200,1700,1700,1700,572,0,300,424.0998652088171,16.530000022612512,1678.6040000151843,4950.552447552447
1791073045,160,,Aggregated,47.900000,0.000000,320,620,760,850,1100,1200,1300,1500,1700,1700,1700,661,0,320,460.4793745836274,16.530000022612512,1678.6040000151843,5002.773071104387
1791073046,170,,Aggregated,49.900000,0.000000,320,640,770,850,1100,1200,1500,1900,2200,2200,2200,770,0,320,478.8944155844866,15.304800006560981,2233.1275999895297,4995.116883116883
1791073047,180,,Aggregated,49.900000,0.000000,320,630,760,850,1100,1200,1500,1900,2200,2200,2200,775,0,320,476.9803898066523,15.304800006560981,2233.1275999895297,4999.9909677419355
1791073048,190,,Aggregated,60.900000,0.000000,410,710,860,970,1100,1200,1500,1700,2200,2200,2200,880,0,410,525.3221269320585,15.304800006560981,2233.1275999895297,5037.9625
1791073049,200,,Aggregated,56.300000,0.000000,430,750,890,1000,1200,1400,1700,2100,2700,2700,2700,998,0,430,557.3189872747917,15.304800006560981,2718.3534000068903,4999.716432865732
1791073050,210,,Aggregated,59.600000,0.000000,350,710,870,960,1200,1400,1700,2100,2500,2700,2700,1057,0,350,533.9770412488089,15.304800006560981,2718.3534000068903,5000.591296121097
1791073051,220,,Aggregated,64.800000,0.000000,360,710,870,960,1200,1400,1700,2100,2500,2700,2700,1062,0,360,535.0799056498129,15.304800006560981,2718.3534000068903,4992.524482109228
1791073052,230,,Aggregated,72.600000,0.000000,440,820,970,1100,1300,1400,1800,2100,2500,2700,2700,1194,0,430,583.7013978228149,15.304800006560981,2718.3534000068903,4971.478224455612
1791073053,240,,Aggregated,65.800000,0.000000,500,860,1000,1100,1300,1700,2300,2400,2900,3200,3200,1297,0,500,636.1710029304061,15.304800006560981,3180.9431999572553,4970.626831148805
1791073054,250,,Aggregated,0.000000,0.000000,200,250,250,3900,3900,3900,3900,3900,3900,3900,3900,5,0,200,937.6781600294635,166.04680003365502,3889.897800050676,3266.0
1791073055,250,,Aggregated,0.000000,0.000000,290,670,750,980,1300,1700,2200,3900,5200,5200,5200,105,0,290,601.0502333298236,90.12290003011003,5167.143600003328,4656.447619047619
1791073056,250,,Aggregated,0.000000,0.000000,590,750,810,1200,1400,1900,2900,3900,5800,5800,5800,215,0,590,685.1033102309461,85.3622000431642,5754.350800008979,4673.572093023256
1791073057,250,,Aggregated,64.000000,0.000000,590,730,980,1200,1700,2200,3800,5200,6200,6200,6200,323,0,590,742.9777321978054,85.3622000431642,6170.301800011657,4764.4303405572755
1791073058,250,,Aggregated,84.000000,0.000000,580,710,890,1100,1500,2200,3100,5200,6200,6200,6200,399,0,580,704.5016456134256,78.09190003899857,6170.301800011657,4736.461152882205
1791073059,250,,Aggregated,90.666667,0.000000,580,670,790,1100,1400,1900,2800,3900,6200,6200,6200,510,0,580,684.8357335291118,78.09190003899857,6170.301800011657,4675.778431372549
1791073060,250,,Aggregated,89.000000,0.000000,570,670,800,1000,1400,1900,2500,3800,6200,6200,6200,610,0,570,675.723588033045,75.12920000590384,6170.301800011657,4679.136065573771
1791073061,250,,Aggregated,91.600000,0.000000,560,650,790,1000,1400,1800,2500,3800,6200,6200,6200,687,0,560,662.6870455604156,75.12920000590384,6170.301800011657,4661.349344978166
1791073062,250,,Aggregated,94.500000,0.000000,570,660,780,960,1300,1700,2400,3100,6200,6200,6200,796,0,570,646.1140218591721,65.33910002326593,6170.301800011657,4663.698492462311
1791073063,250,,Aggregated,93.142857,0.000000,580,670,790,1000,1300,1800,2300,2900,6200,6200,6200,895,0,580,651.5966191063193,65.33910002326593,6170.301800011657,4663.040223463687
1791073064,250,,Aggregated,92.250000,0.000000,580,670,790,1000,1300,1800,2300,2800,6200,6200,6200,973,0,580,652.9333872562906,65.33910002326593,6170.301800011657,4666.087358684481
1791073065,250,,Aggregated,95.111111,0.000000,580,680,790,1000,1300,1800,2200,2800,6000,6200,6200,1085,0,580,651.9487043319609,58.70150000555441,6170.301800011657,4693.216589861751
1791073066,250,,Aggregated,95.100000,0.000000,590,690,810,1000,1400,1800,2200,2500,6000,6200,6200,1178,0,590,661.8640734296267,58.70150000555441,6170.301800011657,4688.05687606112
1791073067,250,,Aggregated,96.800000,0.000000,590,680,810,1000,1400,1800,2300,2800,6000,6200,6200,1275,0,590,657.0104741960234,58.70150000555441,6170.301800011657,4706.305098039215
1791073068,250,,Aggregated,95.600000,0.000000,580,680,810,1000,1400,1800,2300,2800,6000,6200,6200,1368,0,580,655.7457290934631,58.70150000555441,6170.301800011657,4700.752192982456
1791073069,250,,Aggregated,95.300000,0.000000,580,680,810,990,1300,1800,2300,2800,6000,6200,6200,1471,0,580,652.6808206662381,58.70150000555441,6170.301800011657,4706.374575118966
1791073070,250,,Aggregated,95.800000,0.000000,570,670,800,970,1300,1800,2300,2800,6000,6200,6200,1583,0,570,641.7263903350579,58.70150000555441,6170.301800011657,4719.4624131396085
1791073071,250,,Aggregated,96.000000,0.000000,560,660,790,950,1300,1700,2200,2800,6000,6200,6200,1675,0,560,627.8670368955554,58.70150000555441,6170.301800011657,4729.818507462686
1791073072,250,,Aggregated,95.100000,0.000000,550,650,780,930,1300,1700,2200,2500,6000,6200,6200,1776,0,550,620.1372911599645,58.70150000555441,6170.301800011657,4720.198198198198
1791073073,250,,Aggregated,97.500000,0.000000,540,650,780,930,1300,1700,2200,2500,6000,6200,6200,1875,0,540,613.2441789865804,58.70150000555441,6170.301800011657,4722.486933333334
1791073074,250,,Aggregated,97.900000,0.000000,550,650,780,930,1300,1700,2200,2500,6000,6200,6200,1977,0,550,616.2094349517606,58.70150000555441,6170.301800011657,4720.080424886191
1791073075,250,,Aggregated,96.800000,0.000000,540,640,770,910,1300,1700,2200,2500,5800,6200,6200,2094,0,540,609.0134872013132,58.204000000841916,6170.301800011657,4730.364851957976
1791073076,250,,Aggregated,96.200000,0.000000,530,640,740,870,1300,1700,2200,2500,5800,6200,6200,2195,0,530,597.1476938949414,58.204000000841916,6170.301800011657,4728.13166287016
1791073077,250,,Aggregated,98.700000,0.000000,520,630,720,850,1200,1600,2100,2500,5800,6200,6200,2279,0,520,587.4301261076387,58.204000000841916,6170.301800011657,4729.6305397104
1791073078,250,,Aggregated,100.800000,0.000000,520,630,710,850,1200,1600,2100,2400,5800,6200,6200,2380,0,520,582.6771550415868,58.204000000841916,6170.301800011657,4730.133613445378
1791073079,250,,Aggregated,100.600000,0.000000,520,630,710,850,1200,1600,2100,2400,5800,6200,6200,2481,0,520,582.9513592498236,58.204000000841916,6170.301800011657,4733.755743651754
1791073080,250,,Aggregated,100.300000,0.000000,520,620,710,860,1200,1600,2100,2500,5800,6200,6200,2595,0,520,583.0435645081747,58.204000000841916,6170.301800011657,4743.148362235067
1791073081,250,,Aggregated,100.400000,0.000000,510,620,700,850,1200,1600,2100,2500,5800,6200,6200,2674,0,510,580.4195999621156,58.204000000841916,6170.301800011657,4747.879955123411
1791073082,250,,Aggregated,99.500000,0.000000,510,620,700,840,1200,1600,2100,2500,5800,6200,6200,2783,0,510,577.1200615518671,58.204000000841916,6170.301800011657,4755.240388070428
1791073083,250,,Aggregated,100.700000,0.000000,510,620,700,850,1200,1600,2000,2400,5800,6200,6200,2895,0,510,575.9645805176426,58.204000000841916,6170.301800011657,4764.446632124353
1791073084,250,,Aggregated,98.900000,0.000000,500,610,690,820,1200,1500,2000,2400,5800,6200,6200,2994,0,500,569.5926621572224,58.204000000841916,6170.301800011657,4774.386439545759
1791073085,250,,Aggregated,99.800000,0.000000,500,610,690,800,1200,1500,2000,2400,5300,6200,6200,3093,0,500,564.5040597797614,58.204000000841916,6170.301800011657,4775.856450048496
1791073086,250,,Aggregated,101.600000,0.000000,500,610,690,800,1200,1500,2000,2400,5300,6200,6200,3183,0,500,566.3419563300291,58.204000000841916,6170.301800011657,4779.407791391769
1791073087,250,,Aggregated,100.400000,0.000000,500,620,690,810,1200,1500,2000,2400,5300,6200,6200,3288,0,500,568.0064496649491,58.204000000841916,6170.301800011657,4779.515206812652
1791073088,250,,Aggregated,97.800000,0.000000,500,620,690,810,1200,1500,2000,2300,5300,6200,6200,3393,0,500,565.5530245204802,58.204000000841916,6170.301800011657,4784.165929855585
1791073089,250,,Aggregated,98.300000,0.000000,490,610,690,800,1200,1500,2000,2300,5300,6200,6200,3482,0,490,562.311826593239,58.204000000841916,6170.301800011657,4793.133543940265
1791073090,250,,Aggregated,100.500000,0.000000,500,620,690,800,1200,1500,2000,2300,5300,6200,6200,3598,0,500,562.0755005550282,50.44969997834414,6170.301800011657,4795.72734852696
1791073091,250,,Aggregated,99.800000,0.000000,500,620,690,810,1200,1500,2000,2300,5300,6200,6200,3686,0,500,561.8130692340964,50.44969997834414,6170.301800011657,4787.399620184482
1791073092,250,,Aggregated,100.000000,0.000000,490,610,690,810,1200,1500,1900,2300,5300,6200,6200,3804,0,490,559.8783915869235,50.44969997834414,6170.301800011657,4777.336487907466
1791073093,250,,Aggregated,99.500000,0.000000,490,610,690,800,1100,1400,1900,2300,5300,6200,6200,3902,0,490,557.0519175029909,50.44969997834414,6170.301800011657,4776.853152229626
1791073094,250,,Aggregated,101.500000,0.000000,490,610,690,800,1100,1400,1900,2300,5300,6200,6200,4000,0,490,554.3393389991834,50.44969997834414,6170.301800011657,4763.93225
1791073095,250,,Aggregated,100.700000,0.000000,490,610,690,800,1100,1400,1900,2300,5200,6200,6200,4114,0,490,554.0319252057302,50.44969997834414,6170.301800011657,4770.34030140982
1791073096,250,,Aggregated,99.500000,0.000000,480,610,680,790,1100,1400,1900,2300,5200,6200,6200,4203,0,480,548.0587285977371,40.35270004533231,6170.301800011657,4772.113014513443
1791073097,250,,Aggregated,100.400000,0.000000,470,600,680,790,1100,1400,1900,2300,5200,6200,6200,4294,0,470,545.0791241024319,40.35270004533231,6170.301800011657,4771.390544946437
1791073098,250,,Aggregated,103.800000,0.000000,480,610,680,790,1100,1400,1900,2200,5200,6200,6200,4404,0,480,545.6195340589531,40.35270004533231,6170.301800011657,4764.7211625794735
1791073099,250,,Aggregated,101.400000,0.000000,480,610,680,790,1100,1500,1900,2200,5200,6200,6200,4517,0,480,548.7295055558149,40.35270004533231,6170.301800011657,4758.816913880894
1791073100,250,,Aggregated,99.300000,0.000000,470,610,680,780,1100,1400,1900,2200,5200,6200,6200,4621,0,470,544.1638922950623,40.35270004533231,6170.301800011657,4756.5650292144555
1791073101,250,,Aggregated,101.100000,0.000000,450,600,680,780,1100,1400,1900,2200,5200,6200,6200,4725,0,450,539.1187784963943,40.35270004533231,6170.301800011657,4757.591111111111
1791073102,250,,Aggregated,102.200000,0.000000,450,600,670,770,1100,1400,1900,2200,5200,6200,6200,4816,0,450,535.7425687491369,40.35270004533231,6170.301800011657,4764.364202657807
1791073103,250,,Aggregated,101.500000,0.000000,450,600,670,770,1100,1400,1900,2200,5200,6200,6200,4914,0,450,535.906214366267,40.35270004533231,6170.301800011657,4765.283882783883
1791073104,250,,Aggregated,101.900000,0.000000,460,610,680,770,1100,1400,1900,2200,3900,6200,6200,5008,0,460,537.8290623993613,40.35270004533231,6170.301800011657,4766.34624600639
1791073105,250,,Aggregated,100.200000,0.000000,460,610,680,770,1100,1400,1900,2200,3900,6200,6200,5111,0,460,539.9169152017015,40.35270004533231,6170.301800011657,4764.101350029348
1791073106,250,,Aggregated,100.300000,0.000000,470,610,680,770,1100,1400,1900,2200,3900,6200,6200,5217,0,470,542.174575924017,40.35270004533231,6170.301800011657,4762.137818669734
1791073107,250,,Aggregated,99.600000,0.000000,470,610,680,780,1100,1500,1900,2300,3900,6200,6200,5316,0,460,542.3349611730258,40.35270004533231,6170.301800011657,4765.642400300978
1791073108,250,,Aggregated,97.700000,0.000000,460,610,680,780,1100,1500,1900,2300,3900,6200,6200,5432,0,460,541.3988069028187,40.35270004533231,6170.301800011657,4767.168630338733
1791073109,250,,Aggregated,100.400000,0.000000,450,600,670,770,1100,1400,1900,2300,3900,6200,6200,5539,0,450,537.2101854118431,40.35270004533231,6170.301800011657,4770.355659866402
1791073110,250,,Aggregated,101.700000,0.000000,440,600,670,760,1100,1400,1900,2200,3900,6200,6200,5633,0,440,533.841104756967,40.35270004533231,6170.301800011657,4774.35842357536
1791073111,250,,Aggregated,100.800000,0.000000,440,600,670,760,1100,1400,1900,2200,3900,6200,6200,5733,0,440,532.1987342221933,40.35270004533231,6170.301800011657,4774.984999127856
1791073112,250,,Aggregated,101.400000,0.000000,450,600,670,760,1100,1400,1900,2200,3900,6200,6200,5833,0,450,531.8733135943468,40.35270004533231,6170.301800011657,4772.791016629521
1791073113,250,,Aggregated,98.900000,0.000000,440,600,670,760,1100,1400,1800,2200,3900,6200,6200,5935,0,440,530.8001646834207,40.35270004533231,6170.301800011657,4774.379275484414
1791073114,250,,Aggregated,100.300000,0.000000,450,590,670,760,1100,1400,1800,2200,3900,6200,6200,6009,0,450,530.9603696282728,40.35270004533231,6170.301800011657,4770.8713596272255
1791073115,250,,Aggregated,100.800000,0.000000,450,600,680,770,1100,1400,1800,2200,3900,6200,6200,6120,0,450,534.2292957674134,40.35270004533231,6170.301800011657,4768.031045751634
1791073116,250,,Aggregated,101.300000,0.000000,460,600,680,780,1100,1400,1800,2200,3900,6200,6200,6225,0,460,536.0821021038545,40.35270004533231,6170.301800011657,4765.779598393574
1791073117,250,,Aggregated,99.300000,0.000000,450,600,680,780,1100,1400,1800,2200,3900,6200,6200,6332,0,450,536.125805669036,40.35270004533231,6170.301800011657,4761.013739734681
1791073118,250,,Aggregated,100.700000,0.000000,450,600,680,770,1100,1400,1800,2200,3900,6200,6200,6441,0,450,533.3815976707176,40.35270004533231,6170.301800011657,4757.693991616208
1791073119,250,,Aggregated,99.700000,0.000000,450,600,680,770,1100,1400,1800,2200,3900,6200,6200,6531,0,450,532.3047451687327,40.35270004533231,6170.301800011657,4759.375899555964
1791073120,250,,Aggregated,100.500000,0.000000,450,600,680,770,1100,1400,1800,2200,3900,6200,6200,6617,0,450,532.5733618855987,40.35270004533231,6170.301800011657,4762.554934260239
1791073122,250,,Aggregated,100.300000,0.000000,450,600,680,770,1100,1400,1800,2200,3900,6200,6200,6691,0,450,533.5471209381014,40.35270004533231,6170.301800011657,4761.481392915857
1791073123,250,,Aggregated,98.400000,0.000000,450,600,680,780,1100,1400,1900,2200,3900,6200,6200,6756,0,450,536.4778636170748,40.35270004533231,6170.301800011657,4759.976613380699
1791073124,250,,Aggregated,94.800000,0.000000,460,610,690,800,1200,1400,1900,2200,3900,6200,6200,6842,0,460,544.5353668221031,40.35270004533231,6170.301800011657,4758.45469161064
1791073125,250,,Aggregated,91.700000,0.000000,460,610,700,820,1200,1500,2000,2300,3900,6200,6200,6962,0,460,554.9606045671139,40.35270004533231,6170.301800011657,4763.073685722494
1791073126,250,,Aggregated,90.100000,0.000000,460,610,700,820,1200,1500,2000,2400,4100,6200,6200,7075,0,460,557.5360732998324,40.35270004533231,6170.301800011657,4765.0274204947
1791073127,250,,Aggregated,94.400000,0.000000,450,610,700,820,1200,1500,2000,2400,4100,6200,6200,7178,0,450,552.8289430755076,40.35270004533231,6170.301800011657,4769.433129005294
1791073128,250,,Aggregated,93.900000,0.000000,450,610,690,810,1200,1500,2000,2400,4100,6200,6200,7282,0,450,551.2831759813436,40.35270004533231,6170.301800011657,4766.1126064268055
1791073129,250,,Aggregated,94.300000,0.000000,450,610,690,810,1200,1500,2000,2400,4100,6200,6200,7370,0,450,549.2766502436918,40.35270004533231,6170.301800011657,4764.758616010855
1791073130,250,,Aggregated,94.100000,0.000000,450,600,690,800,1200,1500,2000,2400,4100,6200,6200,7487,0,450,547.6939323621964,40.35270004533231,6170.301800011657,4766.984907172432
1791073131,250,,Aggregated,92.600000,0.000000,440,600,690,800,1200,1500,2000,2300,4100,6200,6200,7591,0,440,545.9396108016972,40.35270004533231,6170.301800011657,4764.367277038598
1791073132,250,,Aggregated,95.000000,0.000000,450,600,690,800,1200,1500,2000,2300,4100,6200,6200,7696,0,450,546.0216948669234,40.35270004533231,6170.301800011657,4761.233757796258
1791073133,250,,Aggregated,96.400000,0.000000,440,600,690,800,1200,1500,2000,2300,4100,6200,6200,7803,0,440,544.412837305669,40.35270004533231,6170.301800011657,4758.563116749968
1791073134,250,,Aggregated,99.600000,0.000000,440,600,690,800,1200,1500,2000,2300,4100,6200,6200,7907,0,440,542.7034775004716,40.35270004533231,6170.301800011657,4754.972935373719
1791073135,250,,Aggregated,103.800000,0.000000,440,590,690,790,1200,1400,2000,2300,3900,6200,6200,8011,0,440,540.2148835346889,40.35270004533231,6170.301800011657,4755.398951441767
1791073136,250,,Aggregated,105.100000,0.000000,430,590,690,790,1100,1400,2000,2300,3900,6200,6200,8114,0,430,538.544092309136,40.35270004533231,6170.301800011657,4756.003450825733
1791073137,250,,Aggregated,103.300000,0.000000,440,590,690,790,1100,1400,2000,2300,3900,6200,6200,8207,0,440,537.9623149502255,40.35270004533231,6170.301800011657,4758.289996344584
1791073138,250,,Aggregated,103.000000,0.000000,440,590,680,790,1100,1400,1900,2300,3900,6200,6200,8303,0,440,537.4312848363495,40.35270004533231,6170.301800011657,4753.468264482717
1791073139,250,,Aggregated,102.100000,0.000000,440,590,680,790,1100,1400,1900,2300,3900,6200,6200,8402,0,440,537.7121973216355,40.35270004533231,6170.301800011657,4753.564746488932
1791073140,250,,Aggregated,101.000000,0.000000,440,590,680,790,1100,1400,2000,2300,3900,6200,6200,8499,0,440,538.7645975993112,40.35270004533231,6170.301800011657,4754.488763383927
1791073141,250,,Aggregated,101.900000,0.000000,440,590,680,790,1100,1500,2000,2300,3900,6200,6200,8608,0,440,539.5566657640226,40.35270004533231,6170.301800011657,4755.65625
1791073142,250,,Aggregated,99.700000,0.000000,440,590,680,790,1100,1500,2000,2300,3900,6200,6200,8695,0,440,539.2569277511658,40.35270004533231,6170.301800011657,4755.4968372627945
1791073143,250,,Aggregated,99.800000,0.000000,440,590,680,790,1100,1400,1900,2300,3900,6200,6200,8809,0,440,538.4976326253371,40.35270004533231,6170.301800011657,4753.005335452378
1791073144,250,,Aggregated,99.400000,0.000000,440,590,680,790,1100,1400,1900,2300,3900,6200,6200,8913,0,440,538.8975154937932,40.35270004533231,6170.301800011657,4752.12072254011
1791073145,250,,Aggregated,99.200000,0.000000,440,590,680,790,1100,1400,1900,2300,3900,6200,6200,9011,0,440,538.6579665737353,40.35270004533231,6170.301800011657,4752.850516035956
1791073146,250,,Aggregated,99.900000,0.000000,440,590,680,800,1100,1400,1900,2300,3900,6200,6200,9115,0,440,538.1963479973273,40.35270004533231,6170.301800011657,4753.535490948985
1791073147,250,,Aggregated,98.400000,0.000000,450,590,680,790,1100,1400,1900,2300,3900,6200,6200,9200,0,450,538.1858258582247,40.35270004533231,6170.301800011657,4752.698043478261
1791073148,250,,Aggregated,98.100000,0.000000,450,590,680,800,1100,1400,1900,2300,3900,6200,6200,9308,0,450,538.9229902659946,40.35270004533231,6170.301800011657,4750.812526858616
1791073149,250,,Aggregated,99.500000,0.000000,450,590,680,800,1100,1400,1900,2300,3900,6200,6200,9406,0,450,539.04449759687,40.35270004533231,6170.301800011657,4754.254943652987
1791073150,250,,Aggregated,99.600000,0.000000,450,590,680,800,1100,1400,1900,2300,3900,6200,6200,9493,0,450,538.4664117661675,40.35270004533231,6170.301800011657,4755.848098598967
1791073151,250,,Aggregated,99.800000,0.000000,450,590,690,800,1100,1400,1900,2300,3900,6200,6200,9595,0,450,538.8703206562254,40.35270004533231,6170.301800011657,4754.725794684731
1791073152,250,,Aggregated,99.300000,0.000000,450,590,690,800,1100,1400,1900,2300,3900,6200,6200,9692,0,450,540.2455580268938,40.35270004533231,6170.301800011657,4752.808501857202
1791073153,250,,Aggregated,98.900000,0.000000,450,600,690,800,1200,1400,2000,2300,3900,6200,6200,9783,0,450,542.637668025832,40.35270004533231,6170.301800011657,4755.938362465501
1791073154,250,,Aggregated,98.600000,0.000000,450,600,690,810,1200,1500,2000,2400,3900,6200,6200,9899,0,450,543.5609770377217,40.35270004533231,6170.301800011657,4753.282553793312
1791073155,250,,Aggregated,96.000000,0.000000,450,600,690,810,1200,1500,2000,2400,3900,6200,6200,10000,0,450,543.807288389672,40.35270004533231,6170.301800011657,4751.4225
1791073156,250,,Aggregated,97.000000,0.000000,450,600,690,800,1200,1500,2000,2400,3800,6000,6200,10094,0,450,542.3583702295174,40.35270004533231,6170.301800011657,4752.77947295423
1791073157,250,,Aggregated,99.500000,0.000000,450,590,690,800,1200,1400,2000,2400,3800,6000,6200,10189,0,450,541.6002029146014,40.35270004533231,6170.301800011657,4751.158602414368
1791073158,250,,Aggregated,98.400000,0.000000,450,590,690,800,1200,1400,2000,2300,3800,6000,6200,10312,0,450,541.3631958685717,40.35270004533231,6170.301800011657,4749.653025601241
1791073159,250,,Aggregated,97.400000,0.000000,450,590,690,800,1100,1400,1900,2300,3800,6000,6200,10413,0,450,539.2212220874804,40.35270004533231,6170.301800011657,4750.890521463555
1791073160,250,,Aggregated,99.500000,0.000000,440,590,690,790,1100,1400,1900,2300,3800,6000,6200,10521,0,440,536.4504755153879,40.35270004533231,6170.301800011657,4751.059404999525
1791073161,250,,Aggregated,99.700000,0.000000,440,590,690,790,1100,1400,1900,2300,3800,6000,6200,10626,0,440,534.9184869563268,40.35270004533231,6170.301800011657,4750.043572369659
1791073162,250,,Aggregated,101.100000,0.000000,440,590,690,790,1100,1400,1900,2300,3800,6000,6200,10727,0,440,534.4068057237247,40.35270004533231,6170.301800011657,4749.59979491004
1791073163,250,,Aggregated,101.400000,0.000000,440,590,680,790,1100,1400,1900,2300,3800,6000,6200,10829,0,440,533.8697017451652,40.35270004533231,6170.301800011657,4751.275741065657
1791073164,250,,Aggregated,101.800000,0.000000,440,590,680,790,1100,1400,1900,2300,3800,6000,6200,10929,0,440,533.229538658475,40.35270004533231,6170.301800011657,4750.033488882789
1791073165,250,,Aggregated,104.600000,0.000000,440,580,680,790,1100,1400,1900,2300,3700,6000,6200,11024,0,440,533.3880173801246,40.35270004533231,6170.301800011657,4747.741201015965
1791073166,250,,Aggregated,102.500000,0.000000,440,580,680,790,1100,1400,1900,2300,3700,6000,6200,11126,0,440,533.5536901670092,40.35270004533231,6170.301800011657,4750.234136257415
1791073167,250,,Aggregated,101.700000,0.000000,440,580,680,790,1100,1400,1900,2300,3700,6000,6200,11234,0,440,532.7983886770421,40.35270004533231,6170.301800011657,4750.699661741143
1791073168,250,,Aggregated,101.800000,0.000000,450,580,680,790,1100,1400,1900,2300,3700,6000,6200,11293,0,450,533.9002099971976,40.35270004533231,6170.301800011657,4751.27539183565
1791073169,250,,Aggregated,102.000000,0.000000,450,590,690,800,1100,1400,1900,2300,3700,6000,6200,11408,0,450,535.8023756748114,40.35270004533231,6170.301800011657,4750.328278401122
1791073170,250,,Aggregated,97.300000,0.000000,450,590,690,800,1100,1400,1900,2300,3800,6000,6200,11511,0,450,537.0252350359339,40.35270004533231,6170.301800011657,4754.723481886891
1791073171,250,,Aggregated,98.200000,0.000000,450,590,690,800,1100,1400,1900,2300,3800,6000,6200,11610,0,450,538.4646480274524,40.35270004533231,6170.301800011657,4755.492161929371
1791073172,250,,Aggregated,96.900000,0.000000,450,590,690,800,1100,1400,1900,2300,3800,6000,6200,11707,0,450,538.2300318441005,40.35270004533231,6170.301800011657,4757.397198257453
1791073173,250,,Aggregated,97.000000,0.000000,450,590,690,800,1100,1400,1900,2300,3800,6000,6200,11810,0,450,539.0805760371345,40.35270004533231,6170.301800011657,4759.6316680779
1791073174,250,,Aggregated,97.800000,0.000000,450,590,690,800,1100,1400,1900,2300,3800,6000,6200,11896,0,450,539.5630544803915,40.35270004533231,6170.301800011657,4760.257145258911
1791073175,250,,Aggregated,95.800000,0.000000,450,590,690,800,1100,1400,1900,2300,3800,6000,6200,11984,0,450,539.8070153286834,40.35270004533231,6170.301800011657,4761.296228304406
1791073176,250,,Aggregated,94.700000,0.000000,460,590,690,800,1200,1400,2000,2300,3700,6000,6200,12094,0,460,541.4995862741115,40.35270004533231,6170.301800011657,4757.19422854308
1791073177,250,,Aggregated,94.000000,0.000000,460,590,690,800,1100,1400,2000,2300,3700,6000,6200,12204,0,450,540.9774715911993,40.35270004533231,6170.301800011657,4760.452392658145
1791073178,250,,Aggregated,94.300000,0.000000,450,590,690,800,1100,1400,1900,2300,3700,6000,6200,12292,0,450,539.4576974291681,40.35270004533231,6170.301800011657,4759.668890335177
1791073179,250,,Aggregated,95.600000,0.000000,450,590,690,800,1100,1400,1900,2300,3700,6000,6200,12402,0,450,538.3780009191378,40.35270004533231,6170.301800011657,4758.8897758426065
1791073180,250,,Aggregated,99.200000,0.000000,450,590,690,800,1100,1400,1900,2300,3700,6000,6200,12498,0,450,538.1650662105335,40.35270004533231,6170.301800011657,4760.605936949912
1791073181,250,,Aggregated,98.500000,0.000000,450,590,690,800,1100,1400,1900,2300,3700,6000,6200,12602,0,450,538.3811962465641,40.35270004533231,6170.301800011657,4760.922948738295
1791073182,250,,Aggregated,98.500000,0.000000,450,590,690,790,1100,1400,1900,2300,3700,6000,6200,12706,0,450,537.3058561072759,40.35270004533231,6170.301800011657,4759.602628679364
1791073183,250,,Aggregated,98.800000,0.000000,450,590,690,790,1100,1400,1900,2300,3700,6000,6200,12824,0,450,536.1821624609275,40.35270004533231,6170.301800011657,4760.737211478478
1791073184,250,,Aggregated,97.400000,0.000000,450,580,690,790,1100,1400,1900,2300,3700,6000,6200,12914,0,450,534.6049526559531,40.35270004533231,6170.301800011657,4759.666640854886
1791073185,250,,Aggregated,99.000000,0.000000,450,580,680,790,1100,1400,1900,2300,3700,6000,6200,13013,0,450,533.5798320986177,40.35270004533231,6170.301800011657,4762.191654499346
1791073186,250,,Aggregated,100.700000,0.000000,450,580,690,790,1100,1400,1900,2300,3700,6000,6200,13097,0,450,533.4123750629335,40.35270004533231,6170.301800011657,4761.937084828587
1791073187,250,,Aggregated,102.100000,0.000000,450,580,690,790,1100,1400,1900,2300,3700,6000,6200,13189,0,450,534.3033496928446,40.35270004533231,6170.301800011657,4764.078247024036
1791073188,250,,Aggregated,99.900000,0.000000,450,590,690,790,1100,1400,1900,2300,3700,6000,6200,13314,0,450,534.9073304791106,40.35270004533231,6170.301800011657,4764.0894547093285
1791073189,250,,Aggregated,98.800000,0.000000,450,590,690,790,1100,1400,1900,2300,3700,6000,6200,13415,0,450,535.058171434901,40.35270004533231,6170.301800011657,4764.258069325382
1791073190,250,,Aggregated,97.500000,0.000000,440,580,690,790,1100,1400,1900,2300,3700,6000,6200,13503,0,440,534.0151910537832,40.35270004533231,6170.301800011657,4763.4199807450195
1791073191,250,,Aggregated,98.800000,0.000000,450,580,680,790,1100,1400,1900,2300,3700,6000,6200,13592,0,450,533.605675603247,40.35270004533231,6170.301800011657,4761.698940553267
1791073192,250,,Aggregated,100.400000,0.000000,450,590,690,790,1100,1400,1900,2300,3700,6000,6200,13661,0,450,534.3719301075535,40.35270004533231,6170.301800011657,4764.336798184613
1791073193,250,,Aggregated,98.500000,0.000000,450,590,690,800,1100,1400,1900,2300,3700,6000,6200,13764,0,450,537.4129565169217,40.35270004533231,6170.301800011657,4763.726315024702
1791073194,250,,Aggregated,97.600000,0.000000,450,590,690,810,1100,1500,1900,2300,3700,6000,6200,13880,0,450,540.3968335158096,40.35270004533231,6170.301800011657,4762.296685878962
1791073195,250,,Aggregated,95.600000,0.000000,450,590,690,800,1100,1500,1900,2300,3700,6000,6200,13988,0,450,539.201422933876,40.35270004533231,6170.301800011657,4762.092078924793
1791073196,250,,Aggregated,95.300000,0.000000,440,590,690,800,1100,1400,1900,2300,3700,6000,6200,14081,0,440,537.6250875149937,40.35270004533231,6170.301800011657,4761.766635892337
1791073197,250,,Aggregated,96.300000,0.000000,450,590,690,800,1100,1400,1900,2300,3700,6000,6200,14185,0,450,537.092592788054,40.35270004533231,6170.301800011657,4764.29418399718
1791073198,250,,Aggregated,98.700000,0.000000,450,590,690,800,1100,1400,1900,2300,3700,6000,6200,14279,0,450,536.7857927094683,40.35270004533231,6170.301800011657,4767.330695426851
1791073199,250,,Aggregated,97.600000,0.000000,450,580,690,800,1100,1400,1900,2300,3700,6000,6200,14393,0,450,536.9873075869517,40.35270004533231,6170.301800011657,4766.444035294935
1791073200,250,,Aggregated,98.200000,0.000000,440,580,690,800,1100,1400,1900,2300,3700,6000,6200,14498,0,440,535.5188414055988,40.35270004533231,6170.301800011657,4764.149744792385
1791073201,250,,Aggregated,97.200000,0.000000,440,580,690,790,1100,1400,1900,2300,3700,6000,6200,14600,0,440,533.9879903560803,40.35270004533231,6170.301800011657,4763.405821917808
1791073202,250,,Aggregated,97.200000,0.000000,440,580,690,790,1100,1400,1900,2300,3700,6000,6200,14717,0,440,533.5592599441921,40.35270004533231,6170.301800011657,4761.767683631175
1791073203,250,,Aggregated,99.200000,0.000000,440,580,680,790,1100,1400,1900,2300,3700,6000,6200,14819,0,440,532.3669157769681,40.35270004533231,6170.301800011657,4763.402456306094
1791073204,250,,Aggregated,100.600000,0.000000,440,580,680,790,1100,1400,1900,2300,3700,6000,6200,14922,0,440,530.8492381315647,40.35270004533231,6170.301800011657,4764.114260822946
1791073205,250,,Aggregated,103.600000,0.000000,440,580,680,790,1100,1400,1900,2300,3700,6000,6200,15013,0,440,530.5807929527364,40.35270004533231,6170.301800011657,4764.150602810897
1791073206,250,,Aggregated,104.100000,0.000000,440,580,680,790,1100,1400,1900,2300,3700,6000,6200,15107,0,440,531.3803118686403,40.35270004533231,6170.301800011657,4763.242139405574
1791073207,250,,Aggregated,101.600000,0.000000,440,580,690,790,1100,1400,1900,2300,3700,6000,6200,15217,0,440,532.4207340474086,40.35270004533231,6170.301800011657,4761.906551882763
1791073208,250,,Aggregated,101.700000,0.000000,440,580,680,790,1100,1400,1900,2300,3700,6000,6200,15325,0,440,531.8814365807044,40.35270004533231,6170.301800011657,4762.46277324633
1791073209,250,,Aggregated,102.000000,0.000000,440,580,680,790,1100,1400,1900,2300,3700,6000,6200,15437,0,440,530.6089849905659,40.35270004533231,6170.301800011657,4762.101703698905
1791073210,250,,Aggregated,102.700000,0.000000,440,580,680,790,1100,1400,1900,2300,3700,6000,6200,15474,0,440,530.6188351686425,40.35270004533231,6170.301800011657,4762.124531472146
1791073211,250,,Aggregated,102.800000,0.000000,440,580,690,790,1100,1400,1900,2300,3700,6000,6200,15594,0,440,531.7711977170572,39.46519998135045,6170.301800011657,4758.805502116198
1791073212,250,,Aggregated,102.700000,0.000000,440,580,690,800,1100,1400,1900,2300,3700,6000,6200,15704,0,440,533.8243076795754,39.46519998135045,6170.301800011657,4759.193135506877
1791073213,250,,Aggregated,97.800000,0.000000,440,580,690,790,1100,1400,1900,2300,3700,6000,6200,15814,0,440,533.0478403503147,39.46519998135045,6170.301800011657,4758.907487036803
1791073214,250,,Aggregated,98.700000,0.000000,440,580,690,790,1100,1400,1900,2300,3700,6000,6200,15902,0,440,531.7752888818935,39.46519998135045,6170.301800011657,4759.296000503082
1791073215,250,,Aggregated,98.000000,0.000000,440,580,690,790,1100,1400,1900,2300,3700,6000,6200,16012,0,440,531.4894936172922,39.46519998135045,6170.301800011657,4759.277104671496
1791073216,250,,Aggregated,98.400000,0.000000,440,580,690,790,1100,1400,1900,2300,3700,6000,6200,16109,0,440,531.7594353901678,39.46519998135045,6170.301800011657,4761.41541995158
1791073217,250,,Aggregated,98.000000,0.000000,440,580,690,790,1100,1400,1900,2300,3700,6000,6200,16225,0,440,531.475657053928,39.46519998135045,6170.301800011657,4762.574730354391
1791073218,250,,Aggregated,98.600000,0.000000,440,580,690,790,1100,1400,1900,2300,3700,6000,6200,16324,0,440,530.7783738115558,39.46519998135045,6170.301800011657,4759.892795883362
1791073220,250,,Aggregated,99.100000,0.000000,440,580,690,790,1100,1400,1900,2300,3700,6000,6200,16429,0,440,529.9879661330468,39.46519998135045,6170.301800011657,4761.175908454562
1791073221,250,,Aggregated,98.700000,0.000000,440,580,690,790,1100,1400,1900,2300,3700,6000,6200,16524,0,440,529.1877457395298,39.46519998135045,6170.301800011657,4762.147119341564
1791073222,250,,Aggregated,98.800000,0.000000,440,580,690,790,1100,1400,1900,2300,3700,6000,6200,16626,0,440,530.0600719295102,39.46519998135045,6170.301800011657,4761.398652712619
1791073223,250,,Aggregated,102.600000,0.000000,440,580,690,790,1100,1400,1900,2300,3700,6000,6200,16721,0,440,530.3437018419762,39.46519998135045,6170.301800011657,4762.103402906525
1791073224,250,,Aggregated,101.800000,0.000000,440,580,690,790,1100,1400,1900,2300,3700,6000,6200,16842,0,440,530.3979965740286,39.46519998135045,6170.301800011657,4762.6912480703
1791073225,250,,Aggregated,100.300000,0.000000,440,580,690,790,1100,1400,1900,2300,3700,6000,6200,16937,0,440,530.339684648971,39.46519998135045,6170.301800011657,4762.966345869989
1791073226,250,,Aggregated,99.800000,0.000000,440,580,690,790,1100,1400,1900,2300,3600,6000,6200,17036,0,440,531.079451778564,38.34349999669939,6170.301800011657,4764.11728105189
1791073227,250,,Aggregated,100.500000,0.000000,440,580,690,790,1100,1400,1900,2300,3600,6000,6200,17141,0,440,531.4626035412228,38.34349999669939,6170.301800011657,4762.7081850533805
1791073228,250,,Aggregated,98.500000,0.000000,440,580,690,790,1100,1400,1900,2300,3600,6000,6200,17244,0,440,531.3469585073217,38.34349999669939,6170.301800011657,4760.514497796335
1791073229,250,,Aggregated,99.900000,0.000000,440,580,690,790,1100,1400,1900,2300,3600,6000,6200,17341,0,440,530.7886670549716,38.34349999669939,6170.301800011657,4760.49339715126
1791073230,250,,Aggregated,98.400000,0.000000,440,580,690,790,1100,1400,1900,2300,3600,6000,6200,17462,0,440,529.9047775512887,38.34349999669939,6170.301800011657,4759.106517008361
1791073231,250,,Aggregated,99.300000,0.000000,440,580,690,790,1100,1400,1900,2300,3600,6000,6200,17557,0,440,528.6112536994091,38.34349999669939,6170.301800011657,4759.339864441533
1791073232,250,,Aggregated,100.100000,0.000000,440,580,680,790,1100,1400,1900,2300,3600,6000,6200,17658,0,440,527.3579470608432,38.34349999669939,6170.301800011657,4759.030807565976
1791073233,250,,Aggregated,100.700000,0.000000,440,580,680,780,1100,1400,1900,2300,3600,6000,6200,17760,0,440,526.9132749211826,38.34349999669939,6170.301800011657,4757.873817567567
1791073234,250,,Aggregated,100.200000,0.000000,440,580,680,780,1100,1400,1900,2300,3600,6000,6200,17840,0,440,527.3367034305027,38.34349999669939,6170.301800011657,4758.360874439461
1791073235,250,,Aggregated,101.200000,0.000000,440,580,690,780,1100,1400,1900,2300,3600,6000,6200,17938,0,440,527.7759360965644,38.34349999669939,6170.301800011657,4758.151298918497
1791073236,250,,Aggregated,98.100000,0.000000,440,580,690,780,1100,1400,1900,2300,3600,6000,6200,18040,0,440,528.2065796563203,38.34349999669939,6170.301800011657,4758.494290465632
1791073237,250,,Aggregated,98.900000,0.000000,440,580,690,780,1100,1400,1900,2300,3600,6000,6200,18139,0,440,528.0411785434608,38.34349999669939,6170.301800011657,4757.496554385578
1791073238,250,,Aggregated,100.500000,0.000000,440,580,690,780,1100,1400,1900,2300,3600,6000,6200,18242,0,440,527.8130910645689,38.34349999669939,6170.301800011657,4759.994353689289
1791073239,250,,Aggregated,99.200000,0.000000,440,580,690,780,1100,1400,1900,2300,3600,6000,6200,18346,0,440,527.5630463207307,38.34349999669939,6170.301800011657,4761.511283113486
1791073240,250,,Aggregated,99.400000,0.000000,440,580,690,780,1100,1400,1900,2300,3600,6000,6200,18446,0,440,527.0742240052359,38.34349999669939,6170.301800011657,4760.339152119701
1791073241,250,,Aggregated,99.600000,0.000000,440,580,690,780,1100,1400,1900,2300,3600,6000,6200,18554,0,440,526.8993997197671,38.34349999669939,6170.301800011657,4760.954133879487
1791073242,250,,Aggregated,97.500000,0.000000,440,580,690,780,1100,1400,1900,2300,3600,6000,6200,18653,0,440,526.7807063421714,38.34349999669939,6170.301800011657,4760.393019889562
1791073243,250,,Aggregated,98.100000,0.000000,440,580,690,780,1100,1400,1900,2300,3600,6000,6200,18755,0,440,526.4977558198001,38.34349999669939,6170.301800011657,4759.381818181818
1791073244,250,,Aggregated,98.900000,0.000000,440,580,690,780,1100,1400,1900,2200,3600,6000,6200,18858,0,440,526.790164296325,38.34349999669939,6170.301800011657,4759.368702937745
1791073245,250,,Aggregated,97.900000,0.000000,440,580,690,790,1100,1400,1900,2200,3600,6000,6200,18954,0,440,526.78049882348,38.34349999669939,6170.301800011657,4761.441753719531
1791073246,250,,Aggregated,101.200000,0.000000,440,580,690,790,1100,1400,1900,2200,3500,6000,6200,19058,0,440,526.6727739112313,38.34349999669939,6170.301800011657,4761.623097911638
1791073247,250,,Aggregated,100.100000,0.000000,440,580,680,780,1100,1400,1800,2200,3500,6000,6200,19135,0,440,526.1304506349576,38.34349999669939,6170.301800011657,4762.488267572511
1791073248,250,,Aggregated,100.100000,0.000000,440,580,680,780,1100,1400,1800,2200,3500,6000,6200,19259,0,440,526.1557232826083,38.34349999669939,6170.301800011657,4763.849732592555
1791073249,250,,Aggregated,99.700000,0.000000,440,580,680,790,1100,1400,1900,2200,3500,6000,6200,19366,0,440,526.6735804399314,38.34349999669939,6170.301800011657,4764.242951564598
1791073250,250,,Aggregated,99.800000,0.000000,440,580,680,780,1100,1400,1800,2200,3500,6000,6200,19463,0,440,525.4320604274752,38.34349999669939,6170.301800011657,4762.089503159842
1791073251,250,,Aggregated,99.900000,0.000000,440,580,680,780,1100,1400,1800,2200,3500,6000,6200,19564,0,440,525.5496662543562,38.34349999669939,6170.301800011657,4760.477151911675
1791073252,250,,Aggregated,101.200000,0.000000,440,580,680,780,1100,1400,1800,2200,3500,6000,6200,19665,0,440,525.0794535876192,38.34349999669939,6170.301800011657,4759.550673785914
1791073253,250,,Aggregated,101.600000,0.000000,440,570,680,780,1100,1400,1800,2200,3500,6000,6200,19776,0,440,524.9477778013774,38.34349999669939,6170.301800011657,4758.325091019417
1791073254,250,,Aggregated,100.300000,0.000000,440,570,680,780,1100,1400,1800,2200,3500,6000,6200,19882,0,440,524.5725293531933,38.34349999669939,6170.301800011657,4756.450206216678
1791073255,250,,Aggregated,101.100000,0.000000,440,570,680,780,1100,1400,1800,2200,3500,6000,6200,19978,0,440,524.210192982287,38.34349999669939,6170.301800011657,4756.86039643608
1791073256,250,,Aggregated,101.900000,0.000000,440,570,680,780,1100,1400,1800,2200,3500,5800,6200,20064,0,440,523.9846969098778,38.34349999669939,6170.301800011657,4756.160935007974
1791073257,250,,Aggregated,101.600000,0.000000,440,570,680,780,1100,1400,1800,2200,3500,5800,6200,20181,0,440,523.9876811208411,38.34349999669939,6170.301800011657,4757.1693176750405
1791073258,250,,Aggregated,102.200000,0.000000,440,570,680,780,1100,1400,1800,2200,3500,5800,6200,20279,0,440,523.8120175255328,38.34349999669939,6170.301800011657,4757.133833029242
1791073259,250,,Aggregated,102.300000,0.000000,440,570,680,780,1100,1400,1800,2200,3500,5800,6200,20386,0,440,523.7022253017134,38.34349999669939,6170.301800011657,4757.402138722653
1791073260,250,,Aggregated,101.400000,0.000000,440,570,680,780,1100,1400,1800,2200,3500,5800,6200,20484,0,440,522.8874408172553,38.34349999669939,6170.301800011657,4758.270699082211
1791073261,250,,Aggregated,101.500000,0.000000,440,570,680,780,1100,1400,1800,2200,3500,5800,6200,20603,0,440,522.3495320778972,38.34349999669939,6170.301800011657,4758.387564917731
1791073262,250,,Aggregated,101.100000,0.000000,440,570,680,780,1100,1400,1800,2200,3500,5800,6200,20688,0,440,521.5158674062815,38.34349999669939,6170.301800011657,4758.694895591648
1791073263,250,,Aggregated,100.900000,0.000000,440,570,680,780,1100,1400,1800,2200,3500,5800,6200,20768,0,440,521.6164297622005,38.34349999669939,6170.301800011657,4757.369510785825
1791073264,250,,Aggregated,102.100000,0.000000,440,570,680,780,1100,1400,1800,2200,3500,5800,6200,20890,0,440,522.9104867257579,38.34349999669939,6170.301800011657,4758.1533269506945
1791073265,250,,Aggregated,101.300000,0.000000,440,570,680,780,1100,1400,1800,2200,3500,5800,6200,20999,0,440,522.7407905043505,38.34349999669939,6170.301800011657,4757.14957855136
1791073266,250,,Aggregated,99.200000,0.000000,440,570,680,780,1100,1400,1800,2200,3400,5800,6200,21083,0,440,521.7414331309988,22.443699999712408,6170.301800011657,4757.28084238486
1791073267,250,,Aggregated,101.200000,0.000000,440,570,680,780,1100,1400,1800,2200,3400,5800,6200,21130,0,440,522.5576942972361,22.443699999712408,6170.301800011657,4758.391623284429
1791073268,250,,Aggregated,101.100000,0.000000,440,570,690,790,1100,1400,1800,2200,3400,5800,6200,21237,0,440,524.2669831285297,22.443699999712408,6170.301800011657,4758.490558930169
1791073269,250,,Aggregated,96.100000,0.000000,440,580,690,790,1100,1400,1900,2200,3400,5800,6200,21349,0,440,527.9891118366577,22.443699999712408,6170.301800011657,4759.079863225444
1791073270,250,,Aggregated,94.300000,0.000000,440,580,690,790,1100,1400,1900,2200,3400,5800,6200,21443,0,440,527.9259666651551,22.443699999712408,6170.301800011657,4758.604532947815
1791073271,250,,Aggregated,94.800000,0.000000,440,580,690,790,1100,1400,1900,2200,3400,5800,6200,21546,0,440,528.1764079829628,22.443699999712408,6170.301800011657,4758.993919985148
1791073272,250,,Aggregated,95.100000,0.000000,440,580,690,790,1100,1400,1900,2200,3400,5800,6200,21646,0,440,527.8069817703338,22.443699999712408,6170.301800011657,4759.731590132126
1791073273,250,,Aggregated,93.600000,0.000000,440,580,690,790,1100,1400,1900,2200,3400,5800,6200,21738,0,440,527.599180472014,22.443699999712408,6170.301800011657,4760.128944705125
1791073274,250,,Aggregated,93.900000,0.000000,440,580,690,790,1100,1400,1900,2200,3400,5800,6200,21839,0,440,527.8044608727702,22.443699999712408,6170.301800011657,4760.286368423463
1791073275,250,,Aggregated,94.200000,0.000000,440,580,690,790,1100,1400,1900,2200,3400,5800,6200,21930,0,440,527.9443962608482,22.443699999712408,6170.301800011657,4761.105426356589
1791073276,250,,Aggregated,94.800000,0.000000,440,580,690,790,1100,1400,1900,2200,3400,5800,6200,22032,0,440,528.1015675108999,22.443699999712408,6170.301800011657,4761.518155410312
1791073277,250,,Aggregated,93.700000,0.000000,440,580,690,800,1100,1400,1900,2200,3400,5800,6200,22134,0,440,527.9472289870893,22.443699999712408,6170.301800011657,4760.4741122255355
1791073278,250,,Aggregated,92.500000,0.000000,440,580,690,800,1100,1400,1900,2200,3400,5800,6200,22221,0,440,528.507846280563,22.443699999712408,6170.301800011657,4761.023941316773
1791073279,250,,Aggregated,97.800000,0.000000,440,580,690,800,1100,1400,1900,2200,3400,5800,6200,22307,0,440,528.8350302237054,22.443699999712408,6170.301800011657,4759.485363338862
1791073280,250,,Aggregated,99.800000,0.000000,440,580,690,800,1100,1400,1900,2200,3400,5800,6200,22405,0,440,529.87710226737,22.443699999712408,6170.301800011657,4758.966793126534
1791073281,250,,Aggregated,97.400000,0.000000,450,580,690,800,1100,1400,1900,2200,3400,5800,6200,22525,0,450,530.7388507835819,22.443699999712408,6170.301800011657,4759.032630410655
1791073282,250,,Aggregated,94.400000,0.000000,440,580,690,800,1100,1400,1900,2200,3400,5800,6200,22617,0,440,529.9555551045504,22.443699999712408,6170.301800011657,4760.192819560508
1791073283,250,,Aggregated,96.100000,0.000000,440,580,690,800,1100,1400,1900,2200,3400,5800,6200,22729,0,440,529.2349446125703,22.443699999712408,6170.301800011657,4759.835760482203
1791073284,250,,Aggregated,96.400000,0.000000,440,580,690,800,1100,1400,1900,2200,3400,5800,6200,22819,0,440,528.7046250799436,22.443699999712408,6170.301800011657,4761.128489416714
1791073285,250,,Aggregated,96.200000,0.000000,440,580,690,790,1100,1400,1900,2200,3400,5800,6200,22918,0,440,527.9506198315416,22.443699999712408,6170.301800011657,4759.6877999825465
1791073286,250,,Aggregated,98.000000,0.000000,440,580,690,800,1100,1400,1900,2200,3400,5800,6200,23026,0,440,528.0478913054643,22.443699999712408,6170.301800011657,4757.970945887258
1791073287,250,,Aggregated,96.300000,0.000000,440,580,690,800,1100,1400,1900,2200,3400,5800,6200,23130,0,440,527.8935039558683,22.443699999712408,6170.301800011657,4757.610678772157
1791073288,250,,Aggregated,97.400000,0.000000,440,580,690,790,1100,1400,1900,2200,3400,5800,6200,23225,0,440,527.4498484649708,22.443699999712408,6170.301800011657,4757.769429494079
1791073289,250,,Aggregated,98.200000,0.000000,440,580,690,790,1100,1400,1900,2200,3400,5800,6200,23300,0,440,527.3851491415799,22.443699999712408,6170.301800011657,4757.415622317597
1791073290,250,,Aggregated,98.400000,0.000000,440,580,690,800,1100,1400,1900,2200,3400,5800,6200,23415,0,440,528.0263392183851,22.443699999712408,6170.301800011657,4756.856587657485
1791073291,250,,Aggregated,99.200000,0.000000,440,580,690,800,1100,1400,1900,2200,3400,5800,6200,23511,0,440,528.422222232087,22.443699999712408,6170.301800011657,4755.573773978138
1791073292,250,,Aggregated,99.900000,0.000000,440,580,690,800,1100,1400,1900,2200,3400,5800,6200,23619,0,440,528.3763110207315,22.443699999712408,6170.301800011657,4755.213895592531
1791073293,250,,Aggregated,99.400000,0.000000,440,580,690,790,1100,1400,1900,2200,3400,5800,6200,23729,0,440,527.7213633991689,22.443699999712408,6170.301800011657,4756.395718319356
1791073294,250,,Aggregated,98.000000,0.000000,440,580,690,790,1100,1400,1900,2200,3400,5800,6200,23818,0,440,527.4768716222478,22.443699999712408,6170.301800011657,4756.268158535561
1791073295,250,,Aggregated,99.900000,0.000000,440,580,690,790,1100,1400,1900,2200,3400,5800,6200,23924,0,440,527.2595509320662,22.443699999712408,6170.301800011657,4756.10186423675
1791073296,250,,Aggregated,98.800000,0.000000,440,580,690,790,1100,1400,1900,2200,3400,5800,6200,24022,0,440,527.2716756972334,22.443699999712408,6170.301800011657,4755.529348097577
1791073297,250,,Aggregated,99.300000,0.000000,440,580,690,790,1100,1400,1900,2200,3400,5800,6200,24124,0,440,527.6457517948505,22.443699999712408,6170.301800011657,4754.64827557619
1791073298,250,,Aggregated,99.400000,0.000000,440,570,690,790,1100,1400,1900,2200,3400,5800,6200,24224,0,440,527.1691048216112,22.443699999712408,6170.301800011657,4754.229400594451
1791073299,250,,Aggregated,98.900000,0.000000,440,580,690,790,1100,1400,1900,2200,3400,5800,6200,24322,0,440,527.3976116519391,22.443699999712408,6170.301800011657,4754.044856508511
1791073300,250,,Aggregated,98.800000,0.000000,440,580,690,790,1100,1400,1900,2200,3400,5800,6200,24379,0,440,527.9026947823414,22.443699999712408,6170.301800011657,4753.833996472374
1791073301,250,,Aggregated,98.800000,0.000000,440,580,690,800,1100,1400,1900,2200,3400,5800,6200,24489,0,440,529.0823449793062,22.443699999712408,6170.301800011657,4751.879415247662
1791073302,250,,Aggregated,100.200000,0.000000,440,580,690,800,1100,1400,1900,2200,3400,5800,6200,24614,0,440,530.647680766983,22.443699999712408,6170.301800011657,4752.414479564475
1791073303,250,,Aggregated,95.900000,0.000000,440,580,690,800,1100,1400,1900,2200,3400,5800,6200,24704,0,440,529.5354663859418,22.443699999712408,6170.301800011657,4752.138803432643
1791073304,250,,Aggregated,97.100000,0.000000,440,580,690,800,1100,1400,1900,2200,3400,5800,6200,24791,0,440,529.0065996127076,22.443699999712408,6170.301800011657,4752.187568069057
1791073306,250,,Aggregated,98.900000,0.000000,440,580,690,800,1100,1400,1900,2200,3400,5800,6200,24892,0,440,529.6100573597615,22.443699999712408,6170.301800011657,4750.939699501848
1791073307,250,,Aggregated,96.800000,0.000000,440,580,690,800,1100,1400,1900,2200,3400,5800,6200,24993,0,440,530.1342107469736,22.443699999712408,6170.301800011657,4751.59336614252
1791073308,250,,Aggregated,95.900000,0.000000,440,580,690,800,1100,1400,1900,2200,3400,5800,6200,25105,0,440,529.9703341485433,22.443699999712408,6170.301800011657,4750.993308105955
1791073309,250,,Aggregated,95.900000,0.000000,440,580,690,800,1100,1400,1900,2200,3400,5800,6200,25183,0,440,529.7032440097947,22.443699999712408,6170.301800011657,4751.589921772625
1791073310,250,,Aggregated,97.300000,0.000000,440,580,690,800,1100,1400,1900,2200,3400,5800,6200,25291,0,440,529.7404195365325,22.443699999712408,6170.301800011657,4751.770788027362
1791073311,250,,Aggregated,95.300000,0.000000,440,580,690,800,1100,1400,1900,2200,3400,5800,6200,25394,0,440,530.3572674489272,22.443699999712408,6170.301800011657,4752.138733559108
1791073312,250,,Aggregated,96.500000,0.000000,440,580,690,800,1100,1400,1900,2200,3400,5800,6200,25507,0,440,529.9303349510949,22.443699999712408,6170.301800011657,4751.757870388521
1791073313,250,,Aggregated,100.500000,0.000000,440,580,690,800,1100,1400,1900,2200,3400,5800,6200,25596,0,440,529.5171312547872,22.443699999712408,6170.301800011657,4751.887130801688
1791073314,250,,Aggregated,100.600000,0.000000,440,580,690,800,1100,1400,1900,2200,3400,5800,6200,25699,0,440,529.4579084321422,22.443699999712408,6170.301800011657,4752.601930036189
1791073315,250,,Aggregated,96.600000,0.000000,440,580,690,800,1100,1400,1900,2200,3400,5800,6200,25799,0,440,530.2269609829028,22.443699999712408,6170.301800011657,4752.778751114384
1791073316,250,,Aggregated,99.100000,0.000000,450,580,690,800,1100,1400,1900,2200,3400,5800,6200,25902,0,450,530.4268180062516,22.443699999712408,6170.301800011657,4752.508763802023
1791073317,250,,Aggregated,100.500000,0.000000,450,580,690,800,1100,1400,1900,2200,3400,5800,6200,25999,0,450,530.5483105657044,22.443699999712408,6170.301800011657,4752.7664525558675
1791073318,250,,Aggregated,99.800000,0.000000,450,580,690,800,1100,1400,1900,2200,3400,5800,6200,26112,0,450,530.293160186816,22.443699999712408,6170.301800011657,4751.316367953431
1791073319,250,,Aggregated,99.400000,0.000000,450,580,690,800,1100,1400,1900,2200,3400,5800,6200,26226,0,450,529.8600065506708,22.443699999712408,6170.301800011657,4751.718943033631
1791073320,250,,Aggregated,99.200000,0.000000,440,580,690,800,1100,1400,1900,2200,3400,5800,6200,26322,0,440,528.9197426334467,22.443699999712408,6170.301800011657,4751.84077957602
1791073321,250,,Aggregated,102.100000,0.000000,440,580,690,800,1100,1400,1900,2200,3400,5800,6200,26427,0,440,528.5191932946398,22.443699999712408,6170.301800011657,4752.045672985962
1791073322,250,,Aggregated,102.600000,0.000000,440,580,690,800,1100,1400,1900,2200,3400,5800,6200,26530,0,440,528.5507430944979,22.443699999712408,6170.301800011657,4751.84662646061
1791073323,250,,Aggregated,102.500000,0.000000,440,580,690,800,1100,1400,1900,2200,3400,5800,6200,26643,0,440,528.238773497622,22.443699999712408,6170.301800011657,4751.520662087602
1791073324,250,,Aggregated,101.100000,0.000000,440,580,690,790,1100,1400,1900,2200,3400,5800,6200,26740,0,440,527.5483957328775,22.443699999712408,6170.301800011657,4751.146484667165
1791073325,250,,Aggregated,104.000000,0.000000,440,580,690,790,1100,1400,1900,2200,3400,5800,6200,26828,0,440,527.7011779706875,22.443699999712408,6170.301800011657,4751.568435962427
1791073326,250,,Aggregated,103.200000,0.000000,440,580,690,790,1100,1400,1900,2200,3400,5800,6200,26910,0,440,528.0627663953029,22.443699999712408,6170.301800011657,4752.353474544779
1791073327,250,,Aggregated,100.600000,0.000000,440,580,690,800,1100,1400,1900,2200,3300,5800,6200,27015,0,440,529.4529772717873,22.443699999712408,6170.301800011657,4752.534369794558
1791073328,250,,Aggregated,99.800000,0.000000,440,580,690,800,1100,1400,1900,2200,3300,5800,6200,27143,0,440,529.822369015851,22.443699999712408,6170.301800011657,4751.422760932837
1791073329,250,,Aggregated,99.700000,0.000000,440,580,690,800,1100,1400,1900,2200,3300,5800,6200,27215,0,440,528.943214848337,22.443699999712408,6170.301800011657,4750.722910159839
1791073330,250,,Aggregated,101.400000,0.000000,440,580,690,800,1100,1400,1900,2200,3300,5800,6200,27275,0,440,529.0692888651737,22.443699999712408,6170.301800011657,4750.570669110907
1791073331,250,,Aggregated,100.700000,0.000000,440,580,690,800,1100,1400,1900,2200,3300,5800,6200,27381,0,440,530.3465172089044,22.443699999712408,6170.301800011657,4752.466747014353
1791073332,250,,Aggregated,93.900000,0.000000,450,580,700,810,1100,1400,1900,2200,3300,5800,6200,27490,0,450,532.8111205346394,22.443699999712408,6170.301800011657,4752.799781738814
1791073333,250,,Aggregated,94.100000,0.000000,440,580,700,810,1100,1400,1900,2200,3300,5800,6200,27599,0,440,532.6544264066642,22.443699999712408,6170.301800011657,4751.232073625856
1791073334,250,,Aggregated,95.200000,0.000000,440,580,700,810,1100,1400,1900,2200,3300,5800,6200,27686,0,440,532.2148254784996,22.443699999712408,6170.301800011657,4751.628151412267
1791073335,250,,Aggregated,92.700000,0.000000,440,580,700,810,1100,1400,1900,2200,3300,5800,6200,27765,0,440,532.5028787573472,22.443699999712408,6170.301800011657,4750.557212317666
1791073336,250,,Aggregated,93.300000,0.000000,440,580,700,810,1100,1400,1900,2200,3300,5800,6200,27855,0,440,532.8316907986967,22.443699999712408,6170.301800011657,4751.613857476216
1791073337,250,,Aggregated,92.800000,0.000000,450,580,700,810,1100,1400,1900,2300,3300,5800,6200,27955,0,450,533.9808181934395,22.443699999712408,6170.301800011657,4751.923090681453
1791073338,250,,Aggregated,94.400000,0.000000,450,580,700,810,1100,1400,1900,2300,3300,5800,6200,28083,0,450,534.2676228429258,22.443699999712408,6170.301800011657,4750.540398105615
1791073339,250,,Aggregated,93.500000,0.000000,440,580,700,810,1100,1400,1900,2300,3300,5800,6200,28180,0,440,533.0215312703182,22.443699999712408,6170.301800011657,4749.300212916963
1791073340,250,,Aggregated,92.700000,0.000000,440,580,700,810,1100,1400,1900,2300,3300,5800,6200,28232,0,440,533.0016433301745,22.443699999712408,6170.301800011657,4749.599426183055
1791073341,250,,Aggregated,95.000000,0.000000,450,590,700,810,1100,1400,1900,2200,3300,5800,6200,28337,0,450,534.367383696139,22.443699999712408,6170.301800011657,4750.61477926386
1791073342,250,,Aggregated,93.500000,0.000000,450,590,710,820,1100,1400,1900,2300,3300,5800,6200,28449,0,450,536.0535165628652,22.443699999712408,6170.301800011657,4750.256915884565
1791073343,250,,Aggregated,94.100000,0.000000,450,590,710,820,1100,1400,1900,2300,3300,5800,6200,28549,0,450,535.7276465794545,22.443699999712408,6170.301800011657,4750.213422536692
1791073344,250,,Aggregated,94.300000,0.000000,440,590,710,810,1100,1400,1900,2300,3300,5800,6200,28656,0,440,534.6026363587607,22.443699999712408,6170.301800011657,4749.8669039642655
1791073345,250,,Aggregated,96.700000,0.000000,440,580,700,810,1100,1400,1900,2300,3300,5800,6200,28757,0,440,534.014705591563,22.443699999712408,6170.301800011657,4750.61727579372
1791073346,250,,Aggregated,96.200000,0.000000,440,580,700,810,1100,1400,1900,2300,3300,5800,6200,28838,0,440,533.947264931569,22.443699999712408,6170.301800011657,4750.949961855885
1791073347,250,,Aggregated,98.600000,0.000000,440,590,710,810,1100,1400,1900,2300,3300,5800,6200,28934,0,440,534.351551240643,22.443699999712408,6170.301800011657,4751.039572820902
1791073348,250,,Aggregated,98.000000,0.000000,440,590,710,820,1100,1400,1900,2300,3300,5800,6200,29044,0,440,535.4357757401344,22.443699999712408,6170.301800011657,4750.632316485333
1791073349,250,,Aggregated,96.500000,0.000000,440,590,710,820,1100,1400,1900,2300,3300,5800,6200,29137,0,440,535.2080707209519,22.443699999712408,6170.301800011657,4749.607234787384
1791073350,250,,Aggregated,96.200000,0.000000,440,590,710,820,1100,1400,1900,2300,3300,5800,6200,29212,0,440,535.2674305386895,22.443699999712408,6170.301800011657,4749.255340271122
1791073351,250,,Aggregated,94.600000,0.000000,440,590,710,810,1100,1400,1900,2300,3300,5800,6200,29317,0,440,535.615399904358,22.443699999712408,6170.301800011657,4749.0684585735235
1791073352,250,,Aggregated,96.900000,0.000000,450,590,710,820,1100,1400,1900,2300,3300,5800,6200,29425,0,450,536.6420915172705,22.443699999712408,6170.301800011657,4749.55738317757
1791073353,250,,Aggregated,97.500000,0.000000,440,590,710,820,1100,1400,1900,2300,3300,5800,6200,29533,0,440,536.6746839060028,22.443699999712408,6170.301800011657,4748.773541462093
1791073354,250,,Aggregated,96.300000,0.000000,440,590,710,810,1100,1400,1900,2300,3300,5800,6200,29633,0,440,535.9655421623036,22.443699999712408,6170.301800011657,4748.381567846657
1791073355,250,,Aggregated,95.400000,0.000000,440,590,710,810,1100,1400,1900,2300,3300,5800,6200,29718,0,440,535.6355810820178,22.443699999712408,6170.301800011657,4748.521098324248
1791073356,250,,Aggregated,96.100000,0.000000,440,590,710,810,1100,1400,1900,2300,3300,5800,6200,29846,0,440,536.1993232424778,22.443699999712408,6170.301800011657,4748.198485559204
1791073357,250,,Aggregated,95.100000,0.000000,440,590,710,810,1100,1400,1900,2300,3300,5800,6200,29945,0,440,535.652807066115,22.443699999712408,6170.301800011657,4747.997762564702
1791073358,250,,Aggregated,96.600000,0.000000,440,590,710,810,1100,1400,1900,2300,3300,5300,6200,30059,0,440,534.8151636945605,22.443699999712408,6170.301800011657,4747.571043614225
1791073359,250,,Aggregated,100.500000,0.000000,440,590,710,810,1100,1400,1900,2300,3300,5300,6200,30123,0,440,534.2514331505728,22.443699999712408,6170.301800011657,4747.746439597649
1791073360,250,,Aggregated,99.200000,0.000000,440,590,710,810,1100,1400,1900,2300,3300,5300,6200,30228,0,440,534.3484658758432,22.443699999712408,6170.301800011657,4747.469167659124
1791073361,250,,Aggregated,98.300000,0.000000,440,590,710,810,1100,1400,1900,2300,3300,5300,6200,30335,0,440,534.881948165333,22.443699999712408,6170.301800011657,4747.327014999176
1791073362,250,,Aggregated,101.700000,0.000000,440,590,710,810,1100,1400,1900,2300,3300,5300,6200,30443,0,440,534.7030963635358,22.443699999712408,6170.301800011657,4746.338928489308
1791073363,250,,Aggregated,100.800000,0.000000,440,590,710,810,1100,1400,1900,2300,3300,5300,6200,30538,0,440,534.53197038756,22.443699999712408,6170.301800011657,4747.171654987229
1791073364,250,,Aggregated,101.500000,0.000000,440,590,710,810,1100,1400,1900,2300,3300,5300,6200,30651,0,440,534.0051238391848,22.443699999712408,6170.301800011657,4747.432644938175
1791073365,250,,Aggregated,100.600000,0.000000,440,590,710,810,1100,1400,1900,2300,3300,5300,6200,30722,0,440,533.7435552826876,22.443699999712408,6170.301800011657,4747.843629972007
1791073366,250,,Aggregated,99.800000,0.000000,440,590,710,810,1100,1400,1900,2300,3300,5300,6200,30830,0,440,534.2181861626533,22.443699999712408,6170.301800011657,4747.5888420369765
1791073367,250,,Aggregated,101.000000,0.000000,440,590,710,810,1100,1400,1900,2300,3300,5300,6200,30936,0,440,534.7122514641503,22.443699999712408,6170.301800011657,4748.296159813809
1791073368,250,,Aggregated,99.000000,0.000000,440,590,710,810,1100,1400,1900,2300,3300,5300,6200,31050,0,440,534.775694457164,22.443699999712408,6170.301800011657,4748.816586151369
1791073369,250,,Aggregated,97.300000,0.000000,440,590,710,810,1100,1400,1900,2300,3300,5300,6200,31166,0,440,533.7747997206908,22.443699999712408,6170.301800011657,4748.891516396073
1791073370,250,,Aggregated,97.400000,0.000000,440,590,700,810,1100,1400,1900,2300,3300,5300,6200,31254,0,440,533.0119018460045,22.443699999712408,6170.301800011657,4749.371376463812
1791073371,250,,Aggregated,99.600000,0.000000,440,590,700,810,1100,1400,1900,2300,3300,5300,6200,31354,0,440,532.8230723255459,22.443699999712408,6170.301800011657,4747.932225553359
1791073372,250,,Aggregated,101.800000,0.000000,440,590,700,810,1100,1400,1900,2300,3300,5300,6200,31450,0,440,532.8895916151074,22.443699999712408,6170.301800011657,4748.111128775835
1791073373,250,,Aggregated,100.800000,0.000000,440,590,700,810,1100,1400,1900,2300,3300,5300,6200,31570,0,440,532.9528790274122,22.443699999712408,6170.301800011657,4747.5707950586
1791073374,250,,Aggregated,100.800000,0.000000,440,590,700,810,1100,1400,1900,2300,3300,5300,6200,31674,0,440,532.5200873143796,22.443699999712408,6170.301800011657,4748.454726273915
1791073375,250,,Aggregated,99.800000,0.000000,440,590,700,810,1100,1400,1900,2300,3300,5300,6200,31754,0,440,532.3610867605923,22.443699999712408,6170.301800011657,4747.89428103546
1791073376,250,,Aggregated,101.400000,0.000000,440,590,700,810,1100,1400,1900,2300,3300,5300,6200,31863,0,440,532.6570480901111,22.443699999712408,6170.301800011657,4747.86244233123
1791073377,250,,Aggregated,101.700000,0.000000,440,590,700,810,1100,1400,1900,2300,3300,5300,6200,31970,0,440,532.8148914418497,22.443699999712408,6170.301800011657,4747.524491710979
1791073378,250,,Aggregated,100.900000,0.000000,440,590,700,810,1100,1400,1900,2200,3300,5300,6200,32069,0,440,532.4189739591451,22.443699999712408,6170.301800011657,4747.81642707911
1791073379,250,,Aggregated,102.600000,0.000000,440,590,700,800,1100,1400,1900,2200,3300,5300,6200,32181,0,440,531.9221448772831,22.443699999712408,6170.301800011657,4747.432491221528
1791073380,250,,Aggregated,103.300000,0.000000,440,590,700,800,1100,1400,1900,2200,3300,5300,6200,32282,0,440,531.5497001485584,22.443699999712408,6170.301800011657,4748.459605972368
1791073381,250,,Aggregated,100.700000,0.000000,440,590,700,800,1100,1400,1900,2200,3300,5300,6200,32384,0,440,531.5329272448142,22.443699999712408,6170.301800011657,4749.176352519763
1791073382,250,,Aggregated,100.500000,0.000000,440,580,700,800,1100,1400,1900,2200,3300,5300,6200,32510,0,440,530.8770260103396,22.443699999712408,6170.301800011657,4749.092956013535
1791073383,250,,Aggregated,99.900000,0.000000,440,580,700,800,1100,1400,1900,2200,3300,5300,6200,32542,0,440,530.4511494098691,22.443699999712408,6170.301800011657,4748.408917706349
1791073384,250,,Aggregated,101.500000,0.000000,440,590,700,800,1100,1400,1900,2200,3300,5300,6200,32598,0,440,530.9248362444339,22.443699999712408,6170.301800011657,4748.195073317382
1791073385,250,,Aggregated,104.900000,0.000000,440,590,710,810,1100,1400,1900,2200,3300,5300,6200,32726,0,440,533.2333722054536,22.443699999712408,6170.301800011657,4748.490313512192
1791073386,250,,Aggregated,94.800000,0.000000,440,590,710,810,1100,1400,1900,2300,3300,5300,6200,32844,0,440,535.1109789792919,22.443699999712408,6170.301800011657,4748.340214346608
1791073387,250,,Aggregated,93.400000,0.000000,440,590,710,810,1100,1400,1900,2300,3300,5300,6200,32944,0,440,534.2928240042492,22.443699999712408,6170.301800011657,4748.525315687227
1791073388,250,,Aggregated,96.600000,0.000000,440,590,710,810,1100,1400,1900,2300,3300,5300,6200,33023,0,440,533.8385740058739,22.443699999712408,6170.301800011657,4749.075432274475
1791073389,250,,Aggregated,96.300000,0.000000,440,590,710,810,1100,1400,1900,2300,3300,5300,6200,33127,0,440,533.7761806168972,22.443699999712408,6170.301800011657,4749.164125939566
1791073390,250,,Aggregated,96.100000,0.000000,440,590,710,810,1100,1400,1900,2300,3300,5300,6200,33228,0,440,533.6435355542286,22.443699999712408,6170.301800011657,4749.1628144938
1791073391,250,,Aggregated,94.200000,0.000000,440,590,710,810,1100,1400,1900,2300,3300,5300,6200,33342,0,440,533.878407602895,22.443699999712408,6170.301800011657,4748.675544358467
1791073392,250,,Aggregated,94.100000,0.000000,440,590,710,810,1100,1400,1900,2300,3300,5300,6200,33444,0,440,533.6029808514463,22.443699999712408,6170.301800011657,4749.936132041622
1791073393,250,,Aggregated,95.300000,0.000000,440,590,710,810,1100,1400,1900,2300,3300,5300,6200,33531,0,440,533.1725194028213,22.443699999712408,6170.301800011657,4749.404521189347
1791073394,250,,Aggregated,94.500000,0.000000,440,590,710,810,1100,1400,1900,2200,3300,5300,6200,33621,0,440,533.5431740845394,22.443699999712408,6170.301800011657,4749.503494839535
1791073395,250,,Aggregated,92.300000,0.000000,440,590,710,810,1100,1400,1900,2200,3300,5300,6200,33725,0,440,533.9109474513416,22.443699999712408,6170.301800011657,4749.707753891772
1791073396,250,,Aggregated,99.400000,0.000000,440,590,710,810,1100,1400,1900,2300,3300,5300,6200,33807,0,440,534.1288394591809,22.443699999712408,6170.301800011657,4750.43993847428
1791073397,250,,Aggregated,99.400000,0.000000,440,590,710,810,1100,1400,1900,2300,3300,5300,6200,33920,0,440,534.5214207605036,22.443699999712408,6170.301800011657,4749.59233490566
1791073398,250,,Aggregated,98.200000,0.000000,440,590,710,810,1100,1400,1900,2300,3300,5300,6200,34046,0,440,534.6513732684144,22.443699999712408,6170.301800011657,4749.898020325442
1791073400,250,,Aggregated,95.700000,0.000000,440,590,710,810,1100,1400,1900,2300,3300,5300,6200,34131,0,440,533.880468691115,22.443699999712408,6170.301800011657,4750.250124520231
1791073401,250,,Aggregated,96.300000,0.000000,440,590,710,810,1100,1400,1900,2300,3300,5300,6200,34249,0,440,533.3547022277068,22.443699999712408,6170.301800011657,4750.4133259365235
1791073402,250,,Aggregated,99.200000,0.000000,440,590,710,810,1100,1400,1900,2300,3300,5300,6200,34340,0,440,532.9755828391568,22.443699999712408,6170.301800011657,4750.934071054165
1791073403,250,,Aggregated,101.000000,0.000000,440,590,700,810,1100,1400,1900,2300,3300,5300,6200,34440,0,440,532.8899765388121,22.443699999712408,6170.301800011657,4750.983943089431
1791073404,250,,Aggregated,98.600000,0.000000,440,590,700,810,1100,1400,1900,2200,3300,5300,6200,34546,0,440,532.7398689514587,22.443699999712408,6170.301800011657,4751.081311874023
1791073405,250,,Aggregated,98.500000,0.000000,440,590,700,810,1100,1400,1900,2200,3300,5300,6200,34652,0,440,532.7618268699412,22.443699999712408,6170.301800011657,4750.536794413021
1791073406,250,,Aggregated,100.300000,0.000000,440,590,700,810,1100,1400,1900,2200,3300,5300,6200,34740,0,440,532.7152490845547,22.443699999712408,6170.301800011657,4751.381548647093
1791073407,250,,Aggregated,102.900000,0.000000,440,590,700,810,1100,1400,1900,2200,3300,5300,6200,34844,0,440,532.499006132981,22.443699999712408,6170.301800011657,4750.762828607508
1791073408,250,,Aggregated,101.100000,0.000000,440,590,700,810,1100,1400,1900,2200,3300,5300,6200,34944,0,440,532.5584801825033,22.443699999712408,6170.301800011657,4751.460451007326
1791073409,250,,Aggregated,102.700000,0.000000,440,590,700,810,1100,1400,1900,2200,3300,5300,6200,35050,0,440,532.2072452238921,22.443699999712408,6170.301800011657,4750.948359486448
1791073410,250,,Aggregated,101.400000,0.000000,440,580,700,810,1100,1400,1900,2200,3300,5300,6200,35170,0,440,531.4567971366956,22.443699999712408,6170.301800011657,4751.302758032414
1791073411,250,,Aggregated,101.400000,0.000000,440,580,700,800,1100,1400,1900,2200,3300,5300,6200,35259,0,440,530.582737984557,22.443699999712408,6170.301800011657,4751.909186307043
1791073412,250,,Aggregated,102.900000,0.000000,440,580,700,810,1100,1400,1900,2200,3300,5300,6200,35270,0,440,530.7211554152982,22.443699999712408,6170.301800011657,4751.826651545222
1791073413,250,,Aggregated,101.000000,0.000000,440,590,710,810,1100,1400,1900,2200,3300,5300,6200,35410,0,440,532.391270494153,22.443699999712408,6170.301800011657,4752.674752894663
1791073414,250,,Aggregated,92.400000,0.000000,440,590,710,810,1100,1400,1900,2200,3300,5300,6200,35520,0,440,534.152611582147,22.443699999712408,6170.301800011657,4753.074549549549
1791073415,250,,Aggregated,96.000000,0.000000,440,590,710,810,1100,1400,1900,2200,3300,5300,6200,35631,0,440,533.6402693468638,22.443699999712408,6170.301800011657,4752.037158653981
1791073416,250,,Aggregated,96.500000,0.000000,440,580,710,810,1100,1400,1900,2200,3300,5300,6200,35733,0,440,532.9143481123308,22.443699999712408,6170.301800011657,4751.774662077071
1791073417,250,,Aggregated,96.700000,0.000000,440,580,710,810,1100,1400,1900,2200,3300,5300,6200,35829,0,440,532.4736350581289,22.443699999712408,6170.301800011657,4751.611348349103
1791073418,250,,Aggregated,98.200000,0.000000,440,580,710,810,1100,1400,1900,2200,3300,5300,6200,35938,0,440,532.3747048415955,22.443699999712408,6170.301800011657,4751.801853191608
1791073419,250,,Aggregated,97.500000,0.000000,430,580,700,810,1100,1400,1900,2200,3200,5300,6200,36045,0,430,531.8373076764461,22.443699999712408,6170.301800011657,4752.30428630878
1791073420,250,,Aggregated,98.600000,0.000000,430,580,700,810,1100,1400,1900,2200,3200,5300,6200,36136,0,430,531.2990699744764,22.443699999712408,6170.301800011657,4751.295411777729
1791073421,250,,Aggregated,99.200000,0.000000,430,580,700,810,1100,1400,1900,2200,3200,5300,6200,36228,0,430,531.2633715412987,22.443699999712408,6170.301800011657,4751.170834713481
1791073422,250,,Aggregated,95.600000,0.000000,430,580,700,810,1100,1400,1900,2200,3200,5300,6200,36319,0,430,531.1949683250674,22.443699999712408,6170.301800011657,4751.1654505906
1791073423,250,,Aggregated,95.700000,0.000000,440,580,710,810,1100,1400,1900,2200,3300,5300,6200,36433,0,440,531.8534467240659,22.443699999712408,6170.301800011657,4751.312848241979
1791073424,250,,Aggregated,103.700000,0.000000,440,580,710,810,1100,1400,1900,2200,3300,5300,6200,36528,0,440,532.1697339601949,22.443699999712408,6170.301800011657,4751.53994196233
1791073425,250,,Aggregated,100.300000,0.000000,430,580,700,810,1100,1400,1900,2200,3300,5300,6200,36646,0,430,531.646176611309,22.443699999712408,6170.301800011657,4751.076106532773
1791073426,250,,Aggregated,100.300000,0.000000,430,580,700,810,1100,1400,1900,2200,3300,5300,6200,36750,0,430,531.2379470774937,22.443699999712408,6170.301800011657,4752.303863945578
1791073427,250,,Aggregated,100.600000,0.000000,430,580,700,810,1100,1400,1900,2200,3300,5300,6200,36849,0,430,530.7978667968753,22.443699999712408,6170.301800011657,4751.688946782816
1791073428,250,,Aggregated,100.100000,0.000000,430,580,700,810,1100,1400,1900,2200,3300,5300,6200,36946,0,430,530.546789506251,22.443699999712408,6170.301800011657,4751.361094570454
1791073429,250,,Aggregated,101.200000,0.000000,430,580,700,810,1100,1400,1900,2200,3200,5300,6200,37053,0,430,530.4330265888784,22.443699999712408,6170.301800011657,4751.051331875961
1791073430,250,,Aggregated,99.500000,0.000000,430,580,700,810,1100,1400,1900,2200,3200,5300,6200,37152,0,430,530.508843136245,22.443699999712408,6170.301800011657,4750.861326442722
1791073431,250,,Aggregated,99.700000,0.000000,430,580,700,810,1100,1400,1900,2200,3300,5300,6200,37264,0,430,530.426300257568,22.443699999712408,6170.301800011657,4750.7659134821815
1791073432,250,,Aggregated,99.700000,0.000000,430,580,700,810,1100,1400,1900,2200,3300,5300,6200,37355,0,430,530.410200206079,22.443699999712408,6170.301800011657,4750.753500200776
1791073433,250,,Aggregated,101.500000,0.000000,430,580,700,810,1100,1400,1900,2200,3300,5300,6200,37477,0,430,529.902931595324,22.443699999712408,6170.301800011657,4750.9240334071565
1791073434,250,,Aggregated,104.100000,0.000000,430,580,700,800,1100,1400,1900,2200,3300,5300,6200,37568,0,430,529.4740302517556,22.443699999712408,6170.301800011657,4750.545730408859
1791073435,250,,Aggregated,104.200000,0.000000,430,580,700,800,1100,1400,1900,2200,3300,5300,6200,37680,0,430,529.1162456183099,22.443699999712408,6170.301800011657,4750.519532908705
1791073436,250,,Aggregated,103.000000,0.000000,430,580,700,800,1100,1400,1900,2200,3300,5300,6200,37779,0,430,528.7947590459698,22.443699999712408,6170.301800011657,4750.563381772942
1791073437,250,,Aggregated,102.300000,0.000000,430,580,700,800,1100,1400,1900,2200,3300,5300,6200,37869,0,430,528.7234222899314,22.443699999712408,6170.301800011657,4750.704639678893
1791073438,250,,Aggregated,102.800000,0.000000,430,580,700,800,1100,1400,1900,2200,3300,5300,6200,37984,0,430,528.8528710851216,22.443699999712408,6170.301800011657,4750.673178180286
1791073439,250,,Aggregated,101.500000,0.000000,430,580,700,800,1100,1400,1900,2200,3200,5300,6200,38086,0,430,528.6546179225431,22.443699999712408,6170.301800011657,4750.996665441369
1791073440,250,,Aggregated,103.300000,0.000000,430,580,700,800,1100,1400,1900,2200,3200,5300,6200,38179,0,430,528.5914413734774,22.443699999712408,6170.301800011657,4751.149218156578
1791073441,250,,Aggregated,102.900000,0.000000,430,580,700,800,1100,1400,1900,2200,3200,5300,6200,38281,0,430,528.7773513413492,22.443699999712408,6170.301800011657,4751.851963114861
1791073442,250,,Aggregated,103.000000,0.000000,430,580,700,800,1100,1400,1900,2200,3200,5300,6200,38371,0,430,529.2342805920705,22.443699999712408,6170.301800011657,4752.667639623674
1791073443,250,,Aggregated,101.200000,0.000000,430,580,700,800,1100,1400,1900,2200,3200,5300,6200,38471,0,430,529.2251600737696,22.443699999712408,6170.301800011657,4751.605079150529
1791073444,250,,Aggregated,100.500000,0.000000,430,580,700,800,1100,1400,1900,2200,3200,5300,6200,38551,0,430,529.6989767839509,22.443699999712408,6170.301800011657,4751.705066016446
1791073445,250,,Aggregated,99.100000,0.000000,430,580,700,800,1100,1400,1900,2200,3200,5300,6200,38659,0,430,530.190367257251,22.443699999712408,6170.301800011657,4751.585581623943
1791073446,250,,Aggregated,98.700000,0.000000,440,580,700,800,1100,1400,1900,2200,3300,5300,6200,38742,0,440,530.3857349852472,22.443699999712408,6170.301800011657,4752.692117082236
1791073447,250,,Aggregated,96.500000,0.000000,440,580,700,800,1100,1400,1900,2200,3300,5300,6200,38856,0,440,530.487711897737,22.443699999712408,6170.301800011657,4753.161776816965
1791073448,250,,Aggregated,96.400000,0.000000,440,580,700,800,1100,1400,1900,2200,3300,5300,6200,38945,0,440,530.3151958890359,22.443699999712408,6170.301800011657,4752.771678007446
1791073449,250,,Aggregated,97.400000,0.000000,440,580,700,800,1100,1400,1900,2200,3200,5300,6200,39042,0,440,530.2378644254471,22.443699999712408,6170.301800011657,4752.523999795092
1791073450,250,,Aggregated,96.600000,0.000000,440,580,700,800,1100,1400,1900,2200,3200,5300,6200,39140,0,440,530.6061383801258,22.443699999712408,6170.301800011657,4752.776392437404
1791073451,250,,Aggregated,94.600000,0.000000,440,580,700,800,1100,1400,1900,2200,3200,5300,6200,39255,0,440,530.7645539140963,22.443699999712408,6170.301800011657,4753.4936950706915
1791073452,250,,Aggregated,95.100000,0.000000,440,580,700,800,1100,1400,1900,2200,3200,5300,6200,39356,0,440,530.5186959344891,22.443699999712408,6170.301800011657,4753.329784530948
1791073453,250,,Aggregated,95.800000,0.000000,440,580,700,800,1100,1400,1900,2200,3200,5300,6200,39466,0,440,530.1492086960371,22.443699999712408,6170.301800011657,4752.774388080879
1791073454,250,,Aggregated,95.900000,0.000000,440,580,700,800,1100,1400,1900,2200,3200,5300,6200,39555,0,440,529.8459570268649,22.443699999712408,6170.301800011657,4752.051548476805
1791073455,250,,Aggregated,97.900000,0.000000,440,580,700,800,1100,1400,1900,2200,3200,5300,6200,39652,0,440,529.9326625087696,22.443699999712408,6170.301800011657,4752.178679511752
1791073456,250,,Aggregated,98.400000,0.000000,440,580,700,800,1100,1400,1900,2200,3200,5300,6200,39747,0,440,530.0308228972594,22.443699999712408,6170.301800011657,4752.381336956249
1791073457,250,,Aggregated,99.500000,0.000000,440,580,700,800,1100,1400,1900,2200,3200,5300,6200,39858,0,440,530.134925131645,22.443699999712408,6170.301800011657,4751.8237493100505
1791073458,250,,Aggregated,98.500000,0.000000,440,580,700,800,1100,1400,1900,2200,3200,5300,6200,39960,0,440,530.1016134909185,22.443699999712408,6170.301800011657,4751.843768768769
1791073459,250,,Aggregated,98.500000,0.000000,440,580,700,800,1100,1400,1900,2200,3200,5200,6200,40067,0,440,529.9032785857991,22.443699999712408,6170.301800011657,4752.188159832281
1791073460,250,,Aggregated,96.700000,0.000000,440,580,700,800,1100,1400,1900,2200,3200,5200,6200,40177,0,440,529.7630045547794,22.443699999712408,6170.301800011657,4751.810339248824
1791073461,250,,Aggregated,102.200000,0.000000,440,580,700,800,1100,1400,1900,2200,3200,5200,6200,40280,0,440,529.4628520853374,22.443699999712408,6170.301800011657,4751.651886792452
1791073462,250,,Aggregated,100.100000,0.000000,440,580,700,800,1100,1400,1900,2200,3200,5200,6200,40389,0,440,529.0957474088901,22.443699999712408,6170.301800011657,4751.966476020699
1791073463,250,,Aggregated,101.500000,0.000000,440,580,700,800,1100,1400,1900,2200,3200,5200,6200,40473,0,440,528.9408333184505,22.443699999712408,6170.301800011657,4752.058804635189
1791073464,250,,Aggregated,101.400000,0.000000,440,580,700,800,1100,1400,1900,2200,3200,5200,6200,40556,0,440,529.0622798697533,22.443699999712408,6170.301800011657,4752.828607357727
1791073465,250,,Aggregated,101.900000,0.000000,440,580,700,800,1100,1400,1900,2200,3200,5200,6200,40660,0,440,529.664476318189,22.443699999712408,6170.301800011657,4753.325971470733
1791073466,250,,Aggregated,98.500000,0.000000,440,580,700,800,1100,1400,1900,2200,3200,5200,6200,40768,0,440,530.1347583079323,22.443699999712408,6170.301800011657,4754.0721644427
1791073467,250,,Aggregated,98.800000,0.000000,440,580,700,800,1100,1400,1900,2200,3200,5200,6200,40878,0,440,529.9298637506163,22.443699999712408,6170.301800011657,4753.792186506189
1791073468,250,,Aggregated,100.900000,0.000000,440,580,700,800,1100,1400,1900,2200,3200,5200,6200,40974,0,440,529.4351720261092,22.443699999712408,6170.301800011657,4753.9084541416505
1791073469,250,,Aggregated,100.700000,0.000000,430,580,700,800,1100,1400,1900,2200,3200,5200,6200,41076,0,430,529.1225184121512,22.443699999712408,6170.301800011657,4754.126886746519
1791073470,250,,Aggregated,103.100000,0.000000,430,580,700,800,1100,1400,1900,2200,3200,5200,6200,41181,0,430,528.6377976979032,22.443699999712408,6170.301800011657,4754.809013865618
1791073471,250,,Aggregated,98.900000,0.000000,430,580,700,800,1100,1400,1900,2200,3200,5200,6200,41293,0,430,528.3020761992905,22.443699999712408,6170.301800011657,4754.6631390308285
1791073472,250,,Aggregated,101.500000,0.000000,430,580,700,800,1100,1400,1900,2200,3200,5200,6200,41406,0,430,527.75194638451,22.443699999712408,6170.301800011657,4753.808723373424
1791073473,250,,Aggregated,100.100000,0.000000,430,580,690,800,1100,1400,1900,2200,3200,5200,6200,41484,0,430,527.3117103460862,22.443699999712408,6170.301800011657,4753.764366984861
1791073474,250,,Aggregated,101.100000,0.000000,430,580,690,790,1100,1400,1900,2200,3200,5200,6200,41593,0,430,527.2721837856676,22.443699999712408,6170.301800011657,4754.871564926791
1791073475,250,,Aggregated,100.600000,0.000000,430,580,690,790,1100,1400,1900,2200,3200,5200,6200,41693,0,430,527.2838165902514,22.443699999712408,6170.301800011657,4755.510277504617
1791073476,250,,Aggregated,103.400000,0.000000,430,580,690,790,1100,1400,1900,2200,3200,5200,6200,41785,0,430,527.2743768744182,22.443699999712408,6170.301800011657,4755.248773483308
1791073477,250,,Aggregated,102.800000,0.000000,430,580,690,800,1100,1400,1900,2200,3200,5200,6200,41902,0,430,527.6169801130617,22.443699999712408,6170.301800011657,4755.0717149539405
1791073478,250,,Aggregated,101.900000,0.000000,430,580,690,800,1100,1400,1900,2200,3200,5200,6200,42003,0,430,527.5018281931708,22.443699999712408,6170.301800011657,4754.544818227269
1791073479,250,,Aggregated,101.100000,0.000000,430,580,690,790,1100,1400,1900,2200,3200,5200,6200,42102,0,430,527.2636966390638,22.443699999712408,6170.301800011657,4754.5390242743815
1791073480,250,,Aggregated,101.300000,0.000000,430,580,690,790,1100,1400,1900,2200,3200,5200,6200,42202,0,430,527.1167263683752,22.443699999712408,6170.301800011657,4754.379792426899
1791073481,250,,Aggregated,103.200000,0.000000,430,580,690,790,1100,1400,1900,2200,3200,5200,6200,42295,0,430,527.1165411277541,22.443699999712408,6170.301800011657,4754.084832722544
1791073482,250,,Aggregated,101.800000,0.000000,430,580,690,790,1100,1400,1900,2200,3200,5200,6200,42396,0,430,527.0514609939214,22.443699999712408,6170.301800011657,4754.448815926031
1791073483,250,,Aggregated,100.300000,0.000000,430,580,690,790,1100,1400,1900,2200,3200,5200,6200,42505,0,430,527.3322415621388,22.443699999712408,6170.301800011657,4754.607669685919
1791073484,250,,Aggregated,99.100000,0.000000,440,580,690,790,1100,1400,1900,2200,3200,5200,6200,42591,0,440,527.4763987743594,22.443699999712408,6170.301800011657,4754.813716512878
1791073485,250,,Aggregated,98.600000,0.000000,440,580,690,790,1100,1400,1900,2200,3200,5200,6200,42665,0,440,527.5167289300024,22.443699999712408,6170.301800011657,4754.886769014414
1791073486,250,,Aggregated,100.000000,0.000000,440,580,700,800,1100,1400,1900,2200,3200,5200,6200,42770,0,440,527.9101955131802,22.443699999712408,6170.301800011657,4754.911433247604
1791073487,250,,Aggregated,99.500000,0.000000,440,580,700,800,1100,1400,1900,2200,3200,5200,6200,42891,0,440,528.6680578419457,22.443699999712408,6170.301800011657,4753.739735608869
1791073488,250,,Aggregated,96.300000,0.000000,440,580,700,800,1100,1400,1900,2200,3200,5200,6200,43000,0,440,528.105541053462,22.443699999712408,6170.301800011657,4754.253953488372
1791073489,250,,Aggregated,98.500000,0.000000,430,580,690,800,1100,1400,1900,2200,3200,5200,6200,43089,0,430,527.7796729629018,22.443699999712408,6170.301800011657,4753.971129522616
1791073490,250,,Aggregated,98.000000,0.000000,430,580,690,800,1100,1400,1900,2200,3200,5200,6200,43197,0,430,527.7931814130209,22.443699999712408,6170.301800011657,4754.204203995648
1791073491,250,,Aggregated,97.200000,0.000000,430,580,690,800,1100,1400,1900,2200,3200,5200,6200,43297,0,430,527.7943161627373,22.443699999712408,6170.301800011657,4753.978913088667
1791073492,250,,Aggregated,97.600000,0.000000,430,580,690,790,1100,1400,1900,2200,3200,5200,6200,43398,0,430,527.4351026936237,22.443699999712408,6170.301800011657,4753.978224802986
1791073493,250,,Aggregated,99.100000,0.000000,430,580,690,790,1100,1400,1900,2200,3200,5200,6200,43497,0,430,527.2086948547739,22.443699999712408,6170.301800011657,4753.761201921971
1791073494,250,,Aggregated,99.400000,0.000000,430,580,690,790,1100,1400,1900,2200,3200,5200,6200,43586,0,430,527.1275962326915,22.443699999712408,6170.301800011657,4753.4166246042305
1791073495,250,,Aggregated,98.800000,0.000000,430,580,690,790,1100,1400,1900,2200,3200,5200,6200,43684,0,430,527.3999512544223,22.443699999712408,6170.301800011657,4753.463075725666
1791073496,250,,Aggregated,98.000000,0.000000,430,580,690,790,1100,1400,1900,2200,3200,5200,6200,43784,0,430,527.7503969189171,22.443699999712408,6170.301800011657,4753.408825141604
1791073497,250,,Aggregated,98.200000,0.000000,430,580,690,800,1100,1400,1900,2200,3200,5200,6200,43878,0,430,528.0166534754975,22.443699999712408,6170.301800011657,4754.194311500069
1791073498,250,,Aggregated,100.900000,0.000000,440,580,700,800,1100,1400,1900,2200,3200,5200,6200,44000,0,440,528.1818697340327,22.443699999712408,6170.301800011657,4753.496204545455
1791073499,250,,Aggregated,99.000000,0.000000,430,580,690,800,1100,1400,1900,2200,3200,5200,6200,44095,0,430,527.8320353894394,22.443699999712408,6170.301800011657,4753.183467513323
1791073500,250,,Aggregated,97.900000,0.000000,430,580,690,800,1100,1400,1900,2200,3200,5200,6200,44191,0,430,527.5793034327672,22.443699999712408,6170.301800011657,4752.824760697879
1791073501,250,,Aggregated,99.600000,0.000000,430,580,690,790,1100,1400,1900,2200,3200,5200,6200,44290,0,430,527.4915837366771,22.443699999712408,6170.301800011657,4753.113321291488
1791073502,250,,Aggregated,99.800000,0.000000,430,580,690,800,1100,1400,1900,2200,3200,5200,6200,44384,0,430,527.4218286611704,22.443699999712408,6170.301800011657,4752.124008651766
1791073503,250,,Aggregated,99.300000,0.000000,440,580,690,800,1100,1400,1900,2200,3200,5200,6200,44492,0,440,527.5015107029834,22.443699999712408,6170.301800011657,4752.586105367257
1791073504,250,,Aggregated,97.900000,0.000000,440,580,690,800,1100,1400,1900,2200,3200,5200,6200,44580,0,440,527.5158556504539,22.443699999712408,6170.301800011657,4751.998317631224
1791073505,250,,Aggregated,97.800000,0.000000,440,580,690,800,1100,1400,1900,2200,3200,5200,6200,44683,0,440,527.6408656692166,22.443699999712408,6170.301800011657,4752.743616140367
1791073507,250,,Aggregated,98.500000,0.000000,440,580,690,800,1100,1400,1900,2200,3200,5200,6200,44780,0,440,527.7613929208821,22.443699999712408,6170.301800011657,4752.078405538186
1791073508,250,,Aggregated,98.000000,0.000000,440,580,690,800,1100,1400,1900,2200,3200,5200,6200,44886,0,440,527.7316513678537,22.443699999712408,6170.301800011657,4752.134986410017
1791073509,250,,Aggregated,99.100000,0.000000,440,580,690,800,1100,1400,1900,2200,3200,5200,6200,44985,0,440,527.7199892052303,22.443699999712408,6170.301800011657,4752.300744692675
1791073510,250,,Aggregated,100.000000,0.000000,440,580,690,800,1100,1400,1900,2200,3200,5200,6200,45080,0,440,527.5007128459904,22.443699999712408,6170.301800011657,4752.382298136646
1791073511,250,,Aggregated,97.600000,0.000000,440,580,690,800,1100,1400,1900,2200,3200,5200,6200,45206,0,440,527.4975026522421,22.443699999712408,6170.301800011657,4751.540614077778
1791073512,250,,Aggregated,97.700000,0.000000,440,580,690,800,1100,1400,1900,2200,3200,5200,6200,45314,0,440,527.1281805225095,22.443699999712408,6170.301800011657,4751.88643686278
1791073513,250,,Aggregated,99.900000,0.000000,430,580,690,790,1100,1400,1900,2200,3200,5200,6200,45414,0,430,526.6592896220776,22.443699999712408,6170.301800011657,4752.084643502004
1791073514,250,,Aggregated,101.800000,0.000000,430,580,690,790,1100,1400,1900,2200,3200,5200,6200,45523,0,430,526.2964457306646,22.443699999712408,6170.301800011657,4750.571271664872
1791073515,250,,Aggregated,102.200000,0.000000,430,580,690,790,1100,1400,1900,2200,3200,5200,6200,45628,0,430,526.0237809020102,22.443699999712408,6170.301800011657,4750.457372665907
1791073516,250,,Aggregated,102.100000,0.000000,430,580,690,790,1100,1400,1900,2200,3200,5200,6200,45727,0,430,525.6501694184426,22.443699999712408,6170.301800011657,4750.79130491832
1791073517,250,,Aggregated,104.300000,0.000000,430,580,690,790,1100,1400,1900,2200,3200,5200,6200,45823,0,430,525.722538578818,22.443699999712408,6170.301800011657,4751.182768478711
1791073518,250,,Aggregated,103.300000,0.000000,430,580,690,790,1100,1400,1900,2200,3200,5200,6200,45925,0,430,525.7518734697313,22.443699999712408,6170.301800011657,4751.73535111595
1791073519,250,,Aggregated,103.400000,0.000000,430,580,690,790,1100,1400,1900,2200,3200,5200,6200,46015,0,430,525.9621715613935,22.443699999712408,6170.301800011657,4751.698837335652
1791073520,250,,Aggregated,102.800000,0.000000,430,580,690,790,1100,1400,1900,2200,3200,5200,6200,46117,0,430,526.064071246998,22.443699999712408,6170.301800011657,4752.564130364074
1791073521,250,,Aggregated,101.400000,0.000000,440,580,690,790,1100,1400,1900,2200,3200,5200,6200,46221,0,440,526.3822788796881,22.443699999712408,6170.301800011657,4752.141321044547
1791073522,250,,Aggregated,102.400000,0.000000,440,580,690,790,1100,1400,1900,2200,3200,5200,6200,46324,0,440,526.3301830843216,22.443699999712408,6170.301800011657,4752.482428115016
1791073523,250,,Aggregated,100.500000,0.000000,440,580,690,790,1100,1400,1900,2200,3200,5200,6200,46419,0,440,526.1941657424445,22.443699999712408,6170.301800011657,4752.834270449601
1791073524,250,,Aggregated,99.100000,0.000000,440,580,690,790,1100,1400,1900,2200,3200,5200,6200,46523,0,440,526.3230247425709,22.443699999712408,6170.301800011657,4752.68058809621
1791073525,250,,Aggregated,98.900000,0.000000,440,580,690,790,1100,1400,1900,2200,3200,5200,6200,46625,0,440,526.353117248228,22.443699999712408,6170.301800011657,4752.530659517426
1791073526,250,,Aggregated,99.200000,0.000000,440,580,690,790,1100,1400,1900,2200,3200,5200,6200,46722,0,440,526.1773767389731,22.443699999712408,6170.301800011657,4752.069988442276
1791073527,250,,Aggregated,97.700000,0.000000,440,580,690,790,1100,1400,1900,2200,3200,5200,6200,46822,0,440,526.3963466639219,22.443699999712408,6170.301800011657,4752.221605228311
1791073528,250,,Aggregated,99.000000,0.000000,440,580,690,790,1100,1400,1900,2200,3200,5200,6200,46919,0,440,526.7012272682412,22.443699999712408,6170.301800011657,4752.383064430188
1791073529,250,,Aggregated,98.100000,0.000000,440,580,690,790,1100,1400,1900,2200,3200,5200,6200,47032,0,440,526.7672044182316,22.443699999712408,6170.301800011657,4752.093191869366
1791073530,250,,Aggregated,97.200000,0.000000,440,580,690,790,1100,1400,1900,2200,3200,5200,6200,47130,0,440,526.5869287544624,22.443699999712408,6170.301800011657,4752.634500318269
1791073531,250,,Aggregated,101.000000,0.000000,440,580,690,790,1100,1400,1900,2200,3200,5200,6200,47233,0,440,526.1758727012422,22.443699999712408,6170.301800011657,4752.815616200538
1791073532,250,,Aggregated,101.200000,0.000000,440,580,690,790,1100,1400,1900,2200,3200,5200,6200,47335,0,440,526.0047938480589,22.443699999712408,6170.301800011657,4751.893567127918
1791073533,250,,Aggregated,98.400000,0.000000,440,580,690,790,1100,1400,1900,2200,3200,5200,6200,47433,0,440,526.4057420909014,22.443699999712408,6170.301800011657,4751.563594965531
1791073534,250,,Aggregated,99.800000,0.000000,440,580,690,790,1100,1400,1900,2200,3200,5200,6200,47523,0,440,526.5391683268676,22.443699999712408,6170.301800011657,4751.9665214738125
1791073535,250,,Aggregated,100.300000,0.000000,440,580,690,790,1100,1400,1900,2200,3200,5200,6200,47612,0,440,526.8635664348916,22.443699999712408,6170.301800011657,4752.6095522137275
1791073536,250,,Aggregated,98.100000,0.000000,440,580,690,790,1100,1400,1900,2200,3200,5200,6200,47739,0,440,527.2105887827116,22.443699999712408,6170.301800011657,4752.894782044031
1791073537,250,,Aggregated,97.900000,0.000000,440,580,690,790,1100,1400,1900,2200,3200,5200,6200,47819,0,440,527.0445066270343,22.443699999712408,6170.301800011657,4753.030761831072
1791073538,250,,Aggregated,97.700000,0.000000,440,580,690,790,1100,1400,1900,2200,3200,5200,6200,47931,0,440,526.9331220358026,22.443699999712408,6170.301800011657,4753.203626045774
1791073539,250,,Aggregated,97.700000,0.000000,440,580,690,790,1100,1400,1900,2200,3200,5200,6200,48026,0,440,526.8101576666354,22.443699999712408,6170.301800011657,4753.454607920709
1791073540,250,,Aggregated,99.600000,0.000000,440,580,690,790,1100,1400,1900,2200,3200,5200,6200,48114,0,440,526.7399368374619,22.443699999712408,6170.301800011657,4753.825061312716
1791073541,250,,Aggregated,97.600000,0.000000,440,580,690,790,1100,1400,1900,2200,3200,5200,6200,48214,0,440,526.9377794519721,22.443699999712408,6170.301800011657,4754.42589289418
1791073542,250,,Aggregated,96.100000,0.000000,440,580,690,790,1100,1400,1900,2200,3200,5200,6200,48319,0,440,527.4077428236877,22.443699999712408,6170.301800011657,4753.982305097374
1791073543,250,,Aggregated,97.800000,0.000000,440,580,690,790,1100,1400,1900,2200,3200,5200,6200,48420,0,440,527.2519223564224,22.443699999712408,6170.301800011657,4754.274142916151
1791073544,250,,Aggregated,97.800000,0.000000,440,580,690,790,1100,1400,1900,2200,3200,5200,6200,48520,0,440,527.2815740044981,22.443699999712408,6170.301800011657,4754.463046166529
1791073545,250,,Aggregated,96.300000,0.000000,440,580,690,790,1100,1400,1900,2200,3200,5200,6200,48617,0,440,527.1128084003237,22.443699999712408,6170.301800011657,4754.195692864636
1791073546,250,,Aggregated,98.300000,0.000000,440,580,690,790,1100,1400,1900,2200,3200,5200,6200,48695,0,440,527.2670986630693,22.443699999712408,6170.301800011657,4754.517650682822
1791073547,250,,Aggregated,98.900000,0.000000,440,580,690,790,1100,1400,1900,2200,3200,5200,6200,48817,0,440,527.6161095519573,22.443699999712408,6170.301800011657,4754.321424913453
1791073548,250,,Aggregated,98.100000,0.000000,440,580,690,790,1100,1400,1900,2200,3200,5200,6200,48913,0,440,527.5120487416045,22.443699999712408,6170.301800011657,4754.5280600249425
1791073549,250,,Aggregated,98.300000,0.000000,440,580,690,790,1100,1400,1900,2200,3200,5200,6200,49026,0,440,527.4878463692335,22.443699999712408,6170.301800011657,4754.64076204463
1791073550,250,,Aggregated,98.900000,0.000000,440,580,690,790,1100,1400,1900,2200,3200,5200,6200,49131,0,440,527.1636197491991,22.443699999712408,6170.301800011657,4754.868331603265
1791073551,250,,Aggregated,98.700000,0.000000,440,580,690,790,1100,1400,1900,2200,3200,5200,6200,49247,0,440,526.5687821044473,22.443699999712408,6170.301800011657,4755.458708144659
1791073552,250,,Aggregated,99.400000,0.000000,440,580,690,790,1100,1400,1900,2200,3200,5200,6200,49356,0,440,526.0980113785074,22.443699999712408,6170.301800011657,4755.49021395575
1791073553,250,,Aggregated,102.300000,0.000000,440,580,690,790,1100,1400,1900,2200,3200,5200,6200,49456,0,440,525.790813980058,22.443699999712408,6170.301800011657,4755.512455516015
1791073554,250,,Aggregated,101.800000,0.000000,440,580,690,790,1100,1400,1900,2200,3200,5200,6200,49572,0,440,525.6198027454506,22.443699999712408,6170.301800011657,4755.953965948519
1791073555,250,,Aggregated,103.000000,0.000000,440,580,690,790,1100,1400,1900,2200,3200,5200,6200,49681,0,440,525.1896525793946,22.443699999712408,6170.301800011657,4755.563978180793
1791073556,250,,Aggregated,103.100000,0.000000,440,580,690,790,1100,1400,1900,2200,3200,5200,6200,49792,0,440,524.6538340696608,22.443699999712408,6170.301800011657,4755.462584350899
1791073557,250,,Aggregated,104.500000,0.000000,430,580,690,790,1100,1400,1900,2200,3200,5200,6200,49887,0,430,524.1002093490565,22.443699999712408,6170.301800011657,4755.999318459719
1791073558,250,,Aggregated,105.600000,0.000000,430,580,690,790,1100,1400,1900,2200,3200,5200,6200,49990,0,430,523.9387086216482,22.443699999712408,6170.301800011657,4755.855951190238
1791073559,250,,Aggregated,107.300000,0.000000,430,580,690,790,1100,1400,1900,2200,3200,5100,6200,50092,0,430,523.6660354067707,22.443699999712408,6170.301800011657,4756.14349596742
1791073560,250,,Aggregated,105.300000,0.000000,430,580,680,780,1100,1400,1900,2200,3200,5100,6200,50223,0,430,523.2917254802719,22.443699999712408,6170.301800011657,4756.119367620413
1791073561,250,,Aggregated,105.600000,0.000000,430,580,680,780,1100,1400,1900,2200,3200,5100,6200,50276,0,430,522.8987094219048,22.443699999712408,6170.301800011657,4756.077273450553
1791073562,250,,Aggregated,105.800000,0.000000,430,580,680,780,1100,1400,1900,2200,3200,5100,6200,50386,0,430,522.8427096097219,22.443699999712408,6170.301800011657,4756.016333902275
1791073563,250,,Aggregated,106.200000,0.000000,430,580,680,780,1100,1400,1900,2200,3200,5100,6200,50480,0,430,523.1566364579128,22.443699999712408,6170.301800011657,4755.84368066561
1791073564,250,,Aggregated,101.100000,0.000000,430,580,680,780,1100,1400,1900,2200,3200,5100,6200,50591,0,430,523.465765466093,22.443699999712408,6170.301800011657,4756.660196477635
1791073565,250,,Aggregated,101.900000,0.000000,430,580,680,780,1100,1400,1900,2200,3200,5100,6200,50693,0,430,523.670423007021,22.443699999712408,6170.301800011657,4757.113309529916
1791073566,250,,Aggregated,100.800000,0.000000,430,580,680,780,1100,1400,1900,2200,3200,5100,6200,50804,0,430,523.5017104597,22.443699999712408,6170.301800011657,4758.002440752696
1791073567,250,,Aggregated,99.500000,0.000000,430,580,680,780,1100,1400,1900,2200,3200,5100,6200,50900,0,430,523.0256021020612,22.443699999712408,6170.301800011657,4757.69536345776
1791073568,250,,Aggregated,100.900000,0.000000,430,580,680,780,1100,1400,1900,2200,3200,5100,6200,51006,0,430,522.7750380444468,22.443699999712408,6170.301800011657,4758.312963180802
1791073569,250,,Aggregated,100.200000,0.000000,430,580,680,780,1100,1400,1900,2200,3200,5100,6200,51111,0,430,522.6477122457962,22.443699999712408,6170.301800011657,4758.058500127174
1791073570,250,,Aggregated,100.300000,0.000000,430,580,680,780,1100,1400,1900,2200,3200,5100,6200,51199,0,430,522.4272423854923,22.443699999712408,6170.301800011657,4758.252641653157
1791073571,250,,Aggregated,100.100000,0.000000,430,580,680,780,1100,1400,1900,2200,3200,5100,6200,51303,0,430,522.4705199714431,22.443699999712408,6170.301800011657,4758.74640859209
1791073572,250,,Aggregated,100.300000,0.000000,430,580,680,780,1100,1400,1900,2200,3200,5100,6200,51407,0,430,522.556045472314,22.443699999712408,6170.301800011657,4758.48899955259
1791073573,250,,Aggregated,96.500000,0.000000,430,580,680,780,1100,1400,1900,2200,3200,5100,6200,51512,0,430,522.548723277985,22.443699999712408,6170.301800011657,4758.094851685044
1791073574,250,,Aggregated,101.900000,0.000000,430,580,680,780,1100,1400,1900,2200,3200,5100,6200,51607,0,430,522.4400438738102,22.443699999712408,6170.301800011657,4757.729784719128
1791073575,250,,Aggregated,101.400000,0.000000,430,580,680,780,1100,1400,1900,2200,3200,5100,6200,51717,0,430,522.5102823229527,22.443699999712408,6170.301800011657,4757.937931434538
1791073576,250,,Aggregated,102.000000,0.000000,430,580,680,780,1100,1400,1800,2200,3200,5100,6200,51839,0,430,522.0334783617735,22.443699999712408,6170.301800011657,4758.003665194159
1791073577,250,,Aggregated,100.400000,0.000000,430,580,680,780,1100,1400,1800,2200,3200,5100,6200,51944,0,430,521.5044466193586,22.443699999712408,6170.301800011657,4757.642749884491
1791073578,250,,Aggregated,100.500000,0.000000,430,580,680,780,1100,1400,1800,2200,3200,5100,6200,52052,0,430,521.1881958271683,22.443699999712408,6170.301800011657,4757.780104510874
1791073579,250,,Aggregated,101.700000,0.000000,430,580,680,780,1100,1400,1800,2200,3200,5100,6200,52140,0,430,520.8755971594817,22.443699999712408,6170.301800011657,4757.910471806675
1791073580,250,,Aggregated,102.900000,0.000000,430,580,680,780,1100,1400,1800,2200,3200,5100,6200,52283,0,430,520.3160577796871,9.834099968429655,6170.301800011657,4757.774840770422
1791073581,250,,Aggregated,104.000000,0.000000,430,580,680,780,1100,1400,1800,2200,3200,5100,6200,52292,0,430,520.2867601563395,9.834099968429655,6170.301800011657,4757.837030520921
1791073582,250,,Aggregated,102.000000,0.000000,430,580,680,780,1100,1400,1800,2200,3200,5100,6200,52394,0,430,520.8721777301798,9.834099968429655,6170.301800011657,4757.63203801962
1791073583,250,,Aggregated,106.700000,0.000000,430,580,680,780,1100,1400,1900,2200,3200,5100,6200,52501,0,430,522.0696993123005,9.834099968429655,6170.301800011657,4757.66947296242
1791073584,250,,Aggregated,96.800000,0.000000,430,580,680,780,1100,1400,1900,2200,3200,5100,6200,52587,0,430,522.9519335766545,9.834099968429655,6170.301800011657,4758.052921824786
1791073585,250,,Aggregated,97.000000,0.000000,430,580,680,780,1100,1400,1900,2200,3200,5100,6200,52687,0,430,522.7653786796645,9.834099968429655,6170.301800011657,4758.057927002866
1791073586,250,,Aggregated,97.800000,0.000000,430,580,680,780,1100,1400,1900,2200,3200,5100,6200,52804,0,430,522.6528201177038,9.834099968429655,6170.301800011657,4757.300337095675
1791073587,250,,Aggregated,97.500000,0.000000,430,580,680,780,1100,1400,1900,2200,3200,5100,6200,52902,0,430,522.4381606649121,9.834099968429655,6170.301800011657,4756.675588824619
1791073588,250,,Aggregated,95.800000,0.000000,430,580,680,780,1100,1400,1900,2200,3200,5100,6200,52995,0,430,522.2408769354635,9.834099968429655,6170.301800011657,4756.805321256722
1791073589,250,,Aggregated,96.200000,0.000000,430,580,680,780,1100,1400,1900,2200,3200,5100,6200,53077,0,430,522.0732672342997,9.834099968429655,6170.301800011657,4756.8525538368785
1791073591,250,,Aggregated,94.600000,0.000000,430,580,680,780,1100,1400,1900,2200,3200,5100,6200,53181,0,430,522.3953197362814,9.834099968429655,6170.301800011657,4757.20894680431
1791073592,250,,Aggregated,92.600000,0.000000,430,580,680,780,1100,1400,1900,2200,3200,5100,6200,53311,0,430,522.8316327811342,9.834099968429655,6170.301800011657,4757.105231565718
1791073593,250,,Aggregated,89.400000,0.000000,430,580,680,780,1100,1400,1900,2200,3200,5100,6200,53413,0,430,522.3475890231849,9.834099968429655,6170.301800011657,4757.213169078689
1791073594,250,,Aggregated,101.500000,0.000000,430,580,680,780,1100,1400,1900,2200,3200,5100,6200,53513,0,430,521.9533627491506,9.834099968429655,6170.301800011657,4757.360585278344
1791073595,250,,Aggregated,101.200000,0.000000,430,580,680,780,1100,1400,1900,2200,3200,5100,6200,53592,0,430,521.9738390897022,9.834099968429655,6170.301800011657,4757.582661591282
1791073596,250,,Aggregated,100.200000,0.000000,430,580,680,780,1100,1400,1900,2200,3200,5100,6200,53681,0,430,522.3882943796754,9.834099968429655,6170.301800011657,4758.19461261899
1791073597,250,,Aggregated,100.200000,0.000000,430,580,690,790,1100,1400,1900,2200,3200,5100,6200,53791,0,430,523.0099690988329,9.834099968429655,6170.301800011657,4758.301909241323
1791073598,250,,Aggregated,98.400000,0.000000,430,580,690,780,1100,1400,1900,2200,3200,5100,6200,53900,0,430,523.0439684767185,9.834099968429655,6170.301800011657,4758.881261595548
1791073599,250,,Aggregated,97.800000,0.000000,430,580,680,780,1100,1400,1900,2200,3200,5100,6200,54011,0,430,522.8053695912859,9.834099968429655,6170.301800011657,4759.123585936198
1791073600,250,,Aggregated,99.100000,0.000000,430,580,680,780,1100,1400,1900,2200,3200,5100,6200,54105,0,430,522.6305292134724,9.834099968429655,6170.301800011657,4759.324701968395
1791073601,250,,Aggregated,100.400000,0.000000,430,580,680,780,1100,1400,1900,2200,3200,5100,6200,54208,0,430,522.1977962292433,9.834099968429655,6170.301800011657,4759.171118654073
1791073602,250,,Aggregated,102.400000,0.000000,430,580,680,780,1100,1400,1900,2200,3200,5100,6200,54321,0,430,522.1328586991159,9.834099968429655,6170.301800011657,4758.67401189227
1791073603,250,,Aggregated,101.400000,0.000000,430,580,680,780,1100,1400,1900,2200,3200,5100,6200,54429,0,430,522.0518471365374,9.834099968429655,6170.301800011657,4758.390600598946
1791073604,250,,Aggregated,100.000000,0.000000,430,580,680,780,1100,1400,1900,2200,3200,5100,6200,54546,0,430,521.5943396838356,9.834099968429655,6170.301800011657,4757.841051589484
1791073605,250,,Aggregated,99.700000,0.000000,430,580,680,780,1100,1400,1900,2200,3200,5100,6200,54616,0,430,521.3066272300174,9.834099968429655,6170.301800011657,4757.996173282555
1791073606,250,,Aggregated,102.100000,0.000000,430,580,680,780,1100,1400,1900,2200,3200,5100,6200,54726,0,430,521.2402310253659,9.834099968429655,6170.301800011657,4758.322826444469
1791073607,250,,Aggregated,101.300000,0.000000,430,580,680,780,1100,1400,1900,2200,3200,5100,6200,54837,0,430,521.2631983987836,9.834099968429655,6170.301800011657,4758.5911154877185
1791073608,250,,Aggregated,103.100000,0.000000,430,580,680,780,1100,1400,1900,2200,3200,5100,6200,54943,0,430,521.1533361755677,9.834099968429655,6170.301800011657,4758.382432702983
1791073609,250,,Aggregated,102.800000,0.000000,430,580,680,780,1100,1400,1900,2200,3200,5100,6200,55033,0,430,520.9629901367166,9.834099968429655,6170.301800011657,4758.566896225901
1791073610,250,,Aggregated,103.400000,0.000000,430,580,680,780,1100,1400,1900,2200,3200,5100,6200,55140,0,430,521.2400299835508,9.834099968429655,6170.301800011657,4758.7900797968805
1791073611,250,,Aggregated,102.100000,0.000000,430,580,680,780,1100,1400,1900,2200,3200,5100,6200,55243,0,430,521.1715420649332,9.834099968429655,6170.301800011657,4758.160273699836
1791073612,250,,Aggregated,101.600000,0.000000,430,580,680,780,1100,1400,1900,2200,3200,5100,6200,55352,0,430,521.1822822805541,9.834099968429655,6170.301800011657,4758.512285012285
1791073613,250,,Aggregated,102.400000,0.000000,430,580,680,780,1100,1400,1900,2200,3200,5100,6200,55451,0,430,520.8604933471549,9.834099968429655,6170.301800011657,4758.161151286721
1791073614,250,,Aggregated,101.100000,0.000000,430,570,680,780,1100,1400,1900,2200,3200,5100,6200,55549,0,430,520.489317278315,9.834099968429655,6170.301800011657,4757.486039352643
1791073615,250,,Aggregated,101.900000,0.000000,430,580,680,780,1100,1400,1900,2200,3200,5100,6200,55651,0,430,520.6162641784246,9.834099968429655,6170.301800011657,4758.044779069559
1791073616,250,,Aggregated,99.500000,0.000000,430,580,680,780,1100,1400,1900,2200,3200,5100,6200,55752,0,430,520.7775390783007,9.834099968429655,6170.301800011657,4758.255901133592
1791073617,250,,Aggregated,102.100000,0.000000,430,580,680,780,1100,1400,1900,2200,3200,5100,6200,55845,0,430,520.5967317574272,9.834099968429655,6170.301800011657,4757.930504073775
1791073618,250,,Aggregated,101.800000,0.000000,430,580,680,780,1100,1400,1900,2200,3200,5100,6200,55956,0,430,520.622377385682,9.834099968429655,6170.301800011657,4758.4829330188
1791073619,250,,Aggregated,101.300000,0.000000,430,570,680,780,1100,1400,1900,2200,3200,5100,6200,56067,0,430,520.4245310163398,9.834099968429655,6170.301800011657,4758.091818716893
1791073620,250,,Aggregated,100.000000,0.000000,430,570,680,780,1100,1400,1800,2200,3200,5100,6200,56162,0,430,520.1995411629343,9.834099968429655,6170.301800011657,4758.509846515438
1791073621,250,,Aggregated,100.900000,0.000000,430,570,680,780,1100,1400,1800,2200,3200,5100,6200,56244,0,430,520.2072274943616,9.834099968429655,6170.301800011657,4758.444029585378
1791073622,250,,Aggregated,101.300000,0.000000,430,580,680,780,1100,1400,1800,2200,3200,5100,6200,56360,0,430,520.5001995793672,9.834099968429655,6170.301800011657,4758.69998225692
1791073623,250,,Aggregated,100.300000,0.000000,430,580,680,780,1100,1400,1800,2200,3200,5100,6200,56475,0,430,520.5665291649974,9.834099968429655,6170.301800011657,4758.172164674635
1791073624,250,,Aggregated,97.800000,0.000000,430,580,680,780,1100,1400,1800,2200,3200,5100,6200,56573,0,430,520.3858129583662,9.834099968429655,6170.301800011657,4758.250490516678
1791073625,250,,Aggregated,100.300000,0.000000,430,570,680,780,1100,1400,1800,2200,3200,5100,6200,56693,0,430,519.9303768982763,9.834099968429655,6170.301800011657,4758.126470640114
1791073626,250,,Aggregated,100.200000,0.000000,430,570,680,780,1100,1400,1800,2200,3200,5100,6200,56780,0,430,519.5712543817198,9.834099968429655,6170.301800011657,4758.041916167665
1791073627,250,,Aggregated,101.900000,0.000000,430,570,680,780,1100,1400,1800,2200,3200,5100,6200,56873,0,430,519.4448972288038,9.834099968429655,6170.301800011657,4758.003639688429
1791073628,250,,Aggregated,101.300000,0.000000,430,570,680,780,1100,1400,1800,2200,3200,5100,6200,56978,0,430,519.4012936693791,9.834099968429655,6170.301800011657,4758.460002106076
1791073629,250,,Aggregated,99.600000,0.000000,430,570,680,780,1100,1400,1800,2200,3200,5100,6200,57093,0,430,519.5091303030825,9.834099968429655,6170.301800011657,4758.0917975934
1791073630,250,,Aggregated,100.300000,0.000000,430,570,680,780,1100,1400,1800,2200,3200,5100,6200,57195,0,430,519.2837238638716,9.834099968429655,6170.301800011657,4758.110184456683
1791073631,250,,Aggregated,100.600000,0.000000,430,570,680,780,1100,1400,1800,2200,3200,5100,6200,57282,0,430,519.0761395463519,9.834099968429655,6170.301800011657,4757.880625676477
1791073632,250,,Aggregated,100.800000,0.000000,430,570,680,780,1100,1400,1800,2200,3200,5100,6200,57391,0,430,519.0016698558029,9.834099968429655,6170.301800011657,4757.828230907285
1791073633,250,,Aggregated,102.100000,0.000000,430,570,680,780,1100,1400,1800,2200,3200,5100,6200,57500,0,430,518.8859412225142,9.834099968429655,6170.301800011657,4757.630260869565
1791073634,250,,Aggregated,104.300000,0.000000,430,570,680,780,1100,1400,1800,2200,3200,5100,6200,57600,0,430,518.8252760172687,9.834099968429655,6170.301800011657,4757.612986111111
1791073635,250,,Aggregated,101.300000,0.000000,430,570,680,780,1100,1400,1800,2200,3200,5100,6200,57704,0,430,518.7668775058,9.834099968429655,6170.301800011657,4757.569405933731
1791073636,250,,Aggregated,102.400000,0.000000,430,570,680,780,1100,1400,1800,2200,3200,5100,6200,57790,0,430,518.756343036763,9.834099968429655,6170.301800011657,4758.104966257138
1791073637,250,,Aggregated,100.300000,0.000000,430,570,680,780,1100,1400,1800,2200,3200,5100,6200,57885,0,430,518.9969227052666,9.834099968429655,6170.301800011657,4758.134922691544
1791073638,250,,Aggregated,100.900000,0.000000,430,570,680,780,1100,1400,1800,2200,3200,5100,6200,58003,0,430,519.3544237348895,9.834099968429655,6170.301800011657,4758.265348344051
1791073639,250,,Aggregated,99.600000,0.000000,430,570,680,780,1100,1400,1800,2200,3200,5100,6200,58107,0,430,519.3614690053672,9.834099968429655,6170.301800011657,4758.711222400055
1791073640,250,,Aggregated,100.600000,0.000000,430,570,680,780,1100,1400,1800,2200,3200,5100,6200,58208,0,430,519.1281226376937,9.834099968429655,6170.301800011657,4759.059751236943
1791073641,250,,Aggregated,100.100000,0.000000,430,570,680,780,1100,1400,1800,2200,3200,5100,6200,58306,0,430,518.8447494425085,9.834099968429655,6170.301800011657,4759.370493602717
1791073642,250,,Aggregated,99.800000,0.000000,430,570,680,780,1100,1400,1800,2200,3200,5100,6200,58405,0,430,518.8647073297653,9.834099968429655,6170.301800011657,4759.377433438918
1791073643,250,,Aggregated,99.400000,0.000000,430,570,680,780,1100,1400,1800,2200,3200,5100,6200,58503,0,430,518.7935931165068,9.834099968429655,6170.301800011657,4759.466625643129
1791073644,250,,Aggregated,99.200000,0.000000,430,570,680,780,1100,1400,1800,2200,3200,5100,6200,58594,0,430,518.8051566507698,9.834099968429655,6170.301800011657,4758.913387036216
1791073645,250,,Aggregated,99.100000,0.000000,430,570,680,780,1100,1400,1800,2200,3200,5100,6200,58709,0,430,519.1986537719102,9.834099968429655,6170.301800011657,4758.7199236914275
1791073646,250,,Aggregated,97.700000,0.000000,430,570,680,780,1100,1400,1800,2200,3200,5100,6200,58804,0,430,519.2607024096123,9.834099968429655,6170.301800011657,4758.651962451534
1791073647,250,,Aggregated,97.400000,0.000000,430,570,680,780,1100,1400,1800,2200,3200,5100,6200,58907,0,430,519.2008391531559,9.834099968429655,6170.301800011657,4758.80698388986
1791073648,250,,Aggregated,98.100000,0.000000,430,570,680,780,1100,1400,1800,2200,3200,5100,6200,58992,0,430,518.9838942635437,9.834099968429655,6170.301800011657,4758.65390222403
1791073649,250,,Aggregated,101.400000,0.000000,430,570,680,780,1100,1400,1800,2200,3200,5100,6200,59096,0,430,519.2809703244704,9.834099968429655,6170.301800011657,4758.430993637471
1791073650,250,,Aggregated,97.900000,0.000000,430,570,680,780,1100,1400,1800,2200,3200,5100,6200,59202,0,430,519.3340666632049,9.834099968429655,6170.301800011657,4758.797878450052
1791073651,250,,Aggregated,97.800000,0.000000,430,570,680,780,1100,1400,1800,2200,3200,5100,6200,59271,0,430,519.330467123807,9.834099968429655,6170.301800011657,4758.8481382126165
1791073652,250,,Aggregated,97.600000,0.000000,430,570,680,780,1100,1400,1800,2200,3200,5100,6200,59395,0,430,519.4086151459795,9.834099968429655,6170.301800011657,4758.58267530937
1791073653,250,,Aggregated,98.500000,0.000000,430,570,680,780,1100,1400,1800,2200,3200,5100,6200,59497,0,430,519.4423169032968,9.834099968429655,6170.301800011657,4758.472275913071
1791073654,250,,Aggregated,96.500000,0.000000,430,570,680,780,1100,1400,1800,2200,3200,5100,6200,59605,0,430,519.1473926028964,9.834099968429655,6170.301800011657,4758.420904286553
1791073656,250,,Aggregated,98.800000,0.000000,430,570,680,780,1100,1400,1800,2200,3200,5100,6200,59671,0,430,519.7619148647693,9.834099968429655,6170.301800011657,4758.564545591661
