Timestamp,User Count,Type,Name,Requests/s,Failures/s,50%,66%,75%,80%,90%,95%,98%,99%,99.9%,99.99%,100%,Total Request Count,Total Failure Count,Total Median Response Time,Total Average Response Time,Total Min Response Time,Total Max Response Time,Total Average Content Size
1791071118,0,,Aggregated,0.000000,0.000000,N/A,N/A,N/A,N/A,N/A,N/A,N/A,N/A,N/A,N/A,N/A,0,0,0,0.0,0,0,0
1791071119,25,,Aggregated,0.000000,0.000000,N/A,N/A,N/A,N/A,N/A,N/A,N/A,N/A,N/A,N/A,N/A,0,0,0,0.0,0,0,0
1791071120,50,,Aggregated,0.000000,0.000000,1900,1900,1900,1900,1900,1900,1900,1900,1900,1900,1900,21,0,1900,1564.8733095315818,45.68509996170178,1948.680100031197,5744.428571428572
1791071121,100,,Aggregated,0.000000,0.000000,670,1100,1400,1600,1900,2100,2200,2200,2400,2400,2400,132,0,640,835.5931340924916,39.310499967541546,2417.950299975928,5443.742424242424
1791071122,125,,Aggregated,0.500000,0.000000,560,960,1200,1400,1900,1900,2200,2200,2400,2400,2400,164,0,550,741.1376347572957,39.310499967541546,2417.950299975928,5398.865853658536
1791071123,150,,Aggregated,27.333333,0.000000,560,890,1000,1100,1600,1900,2100,2200,2400,2400,2400,284,0,560,679.2079633819989,39.310499967541546,2417.950299975928,5209.8239436619715
1791071124,175,,Aggregated,39.750000,0.000000,260,590,860,970,1400,1900,2000,2200,2400,2400,2400,399,0,260,528.1826654143624,6.278699962422252,2417.950299975928,5129.185463659148
1791071125,200,,Aggregated,44.200000,0.000000,260,590,820,960,1300,1900,1900,2100,2400,2400,2400,417,0,260,522.583940768658,6.278699962422252,2417.950299975928,5158.942446043166
1791071126,225,,Aggregated,61.333333,0.000000,330,710,900,1000,1400,1900,2000,2100,2400,2400,2400,490,0,310,572.5318112254988,6.278699962422252,2417.950299975928,5190.177551020408
1791071127,250,,Aggregated,58.428571,0.000000,380,770,1000,1200,1800,2000,2500,2700,3100,3100,3100,608,0,380,659.5128185861923,6.278699962422252,3065.578399982769,5170.432565789473
1791071128,275,,Aggregated,53.375000,0.000000,380,860,1100,1300,1900,2200,2800,2800,3700,3700,3700,724,0,380,717.3134361883209,6.278699962422252,3650.5601000390016,5116.052486187846
1791071129,300,,Aggregated,59.222222,0.000000,320,830,1100,1300,1900,2200,2800,3100,3900,3900,3900,836,0,320,708.0344020337636,6.278699962422252,3881.846799980849,5100.117224880383
1791071130,325,,Aggregated,65.500000,0.000000,310,890,1200,1300,1900,2300,3000,3400,3900,3900,3900,949,0,310,732.7467435199299,6.278699962422252,3914.075100037735,5068.91253951528
1791071131,350,,Aggregated,76.000000,0.000000,280,830,1200,1300,1900,2400,3100,3400,3900,4100,4100,1088,0,280,731.5989532174654,6.278699962422252,4095.8361999946646,5097.77481617647
1791071132,375,,Aggregated,86.600000,0.000000,280,820,1200,1400,2000,2600,3100,3400,5200,6100,6100,1211,0,280,741.1700869536179,6.278699962422252,6109.360900009051,5097.7539223782
1791071133,400,,Aggregated,90.800000,0.000000,270,800,1200,1400,2000,2700,3200,3700,6100,6400,6400,1335,0,270,752.5566584279775,6.278699962422252,6369.8650999576785,5100.497378277154
1791071134,425,,Aggregated,97.800000,0.000000,260,760,1200,1500,2100,2700,3400,4100,6400,6700,6700,1468,0,260,759.9981023850473,6.278699962422252,6695.5740000121295,5120.25340599455
1791071135,450,,Aggregated,103.100000,0.000000,260,770,1300,1600,2100,2800,3900,5000,6900,7400,7400,1596,0,260,800.6833093991794,6.278699962422252,7358.488199999556,5082.340852130325
1791071136,475,,Aggregated,100.000000,0.000000,250,740,1300,1600,2200,3000,4100,5200,6900,7400,7400,1724,0,250,815.7689088754698,6.278699962422252,7358.488199999556,5071.751160092807
1791071137,500,,Aggregated,109.000000,0.000000,240,710,1300,1600,2200,3100,4700,5500,7400,7400,7400,1857,0,240,837.0941723215428,6.278699962422252,7393.566099985037,5057.828756058158
1791071138,525,,Aggregated,120.500000,0.000000,240,650,1300,1600,2300,3100,4900,5500,7400,8800,8800,1987,0,240,839.0370133876844,6.278699962422252,8772.450099990238,5055.709109209864
1791071139,550,,Aggregated,123.900000,0.000000,240,650,1300,1700,2500,3400,5100,6000,7400,8800,8800,2100,0,240,876.1986101911282,6.278699962422252,8772.450099990238,5053.91
1791071140,575,,Aggregated,124.300000,0.000000,240,600,1200,1700,2600,3500,5300,6000,8000,10000,10000,2219,0,240,886.3247045522874,6.278699962422252,10354.549499985296,5056.008562415503
1791071141,600,,Aggregated,125.000000,0.000000,240,590,1300,1700,2800,3800,5700,6400,10000,10000,10000,2343,0,240,924.4369310292591,6.278699962422252,10354.549499985296,5043.729833546735
1791071142,625,,Aggregated,126.500000,0.000000,230,560,1200,1700,2900,4000,6000,6700,10000,11000,11000,2474,0,230,943.9631886425699,6.278699962422252,10599.932599987369,5042.200485044463
1791071143,650,,Aggregated,126.400000,0.000000,230,540,1300,1700,3100,4300,6200,7300,11000,13000,13000,2616,0,230,995.4986772177567,6.278699962422252,12882.234500022605,5042.141437308868
1791071144,675,,Aggregated,124.200000,0.000000,220,540,1300,1800,3300,4700,6900,8100,12000,14000,14000,2753,0,220,1044.9477839816457,6.278699962422252,13998.660499986727,5033.390119869234
1791071145,700,,Aggregated,124.800000,0.000000,220,510,1300,1800,3400,4800,7300,8500,13000,16000,16000,2889,0,220,1070.9987153000277,6.278699962422252,16499.620600021444,5031.973347178955
1791071146,725,,Aggregated,128.000000,0.000000,210,490,1200,1800,3600,5000,7700,9200,13000,16000,16000,3019,0,210,1102.4924194772525,6.278699962422252,16499.620600021444,5039.872805564756
1791071147,750,,Aggregated,128.400000,0.000000,210,480,1200,1800,3700,5200,8000,9800,14000,16000,16000,3146,0,210,1119.6414691680102,6.278699962422252,16499.620600021444,5040.2692307692305
1791071148,775,,Aggregated,128.200000,0.000000,210,470,1300,1900,4000,5600,9000,10000,14000,20000,20000,3289,0,210,1198.263694923228,6.278699962422252,19784.90560001228,5043.313165095774
1791071149,800,,Aggregated,126.700000,0.000000,210,480,1300,1900,4200,5900,9400,10000,15000,20000,20000,3420,0,210,1250.3606756440065,6.278699962422252,19784.90560001228,5040.981286549708
1791071150,825,,Aggregated,127.400000,0.000000,210,470,1300,1900,4500,6200,9600,11000,16000,20000,20000,3575,0,210,1297.144169734931,6.278699962422252,19784.90560001228,5049.309090909091
1791071151,850,,Aggregated,130.000000,0.000000,210,470,1300,2000,4800,6400,10000,11000,17000,20000,20000,3713,0,210,1358.7880404531252,6.278699962422252,19812.933899986092,5057.7646108268245
1791071152,875,,Aggregated,131.200000,0.000000,210,450,1300,2000,5000,6800,10000,13000,20000,21000,21000,3863,0,210,1403.1617556826973,6.278699962422252,20645.29090002179,5057.69479679006
1791071153,900,,Aggregated,132.800000,0.000000,210,430,1300,2000,5100,7100,11000,13000,20000,21000,21000,3999,0,210,1426.8825382352352,6.278699962422252,20645.29090002179,5052.593398349587
1791071154,925,,Aggregated,134.000000,0.000000,210,430,1200,2000,5100,7200,11000,13000,18000,21000,21000,4113,0,210,1438.4201620478163,6.278699962422252,20645.29090002179,5063.200826647216
1791071155,950,,Aggregated,137.000000,0.000000,210,420,1200,2000,5400,7700,11000,14000,20000,21000,21000,4256,0,210,1487.7963797234172,6.278699962422252,21498.75199998496,5064.659069548872
1791071156,975,,Aggregated,135.600000,0.000000,200,420,1200,2000,5500,8000,12000,14000,20000,21000,21000,4385,0,200,1526.3296084156889,6.278699962422252,21498.75199998496,5070.210262257697
1791071158,1000,,Aggregated,0.000000,0.000000,190,8100,8100,8300,18000,21000,21000,23000,23000,23000,23000,51,0,190,4598.175049016444,103.30849996535107,23172.76609997498,4887.098039215686
1791071159,1000,,Aggregated,0.000000,0.000000,160,290,8100,8500,14000,18000,22000,24000,26000,26000,26000,192,0,160,3572.6621057280377,50.31650001183152,25644.540600012988,4898.671875
1791071160,1000,,Aggregated,51.000000,0.000000,160,320,8500,8600,9300,15000,21000,23000,26000,26000,26000,326,0,160,3586.488555521887,50.31650001183152,25644.540600012988,4808.693251533742
1791071161,1000,,Aggregated,95.000000,0.000000,150,320,8600,8700,14000,15000,21000,24000,26000,26000,26000,482,0,150,3781.2874692947944,50.31650001183152,26480.03430000972,4894.788381742738
1791071162,1000,,Aggregated,108.333333,0.000000,140,330,8600,8800,14000,16000,21000,24000,26000,26000,26000,623,0,140,3848.439638684339,50.31650001183152,26480.03430000972,4952.930979133226
1791071163,1000,,Aggregated,118.750000,0.000000,140,330,8700,8900,15000,17000,21000,24000,27000,27000,27000,785,0,140,3980.421380510266,42.205600009765476,26642.975299968384,4953.071337579618
1791071164,1000,,Aggregated,123.200000,0.000000,150,320,8700,9000,15000,17000,23000,26000,28000,28000,28000,928,0,150,3975.02584493574,42.205600009765476,28259.934600035194,4968.495689655172
1791071165,1000,,Aggregated,129.500000,0.000000,150,290,8700,9000,15000,17000,22000,26000,28000,28000,28000,1080,0,150,3891.185744907987,41.19130002800375,28259.934600035194,4973.936111111111
1791071166,1000,,Aggregated,131.714286,0.000000,140,280,8700,9000,14000,17000,23000,26000,28000,30000,30000,1241,1,140,3794.248592426449,41.19130002800375,30185.250500042457,4933.299758259468
1791071167,1000,,Aggregated,133.875000,0.000000,140,280,8700,9000,14000,17000,23000,26000,30000,30000,30000,1381,2,140,3796.8270410583364,41.19130002800375,30211.657500010915,4905.454742939899
1791071168,1000,,Aggregated,136.666667,0.111111,150,280,8700,9000,14000,17000,23000,26000,30000,30000,30000,1504,5,150,3760.465935838977,41.19130002800375,30319.037800014485,4939.29920212766
1791071169,1000,,Aggregated,136.900000,0.200000,150,280,8700,9100,14000,18000,24000,27000,30000,31000,31000,1645,12,150,3783.3164479648294,40.50100001040846,30769.422800047323,4942.262006079028
1791071170,1000,,Aggregated,144.500000,0.500000,160,280,8700,9100,14000,18000,24000,28000,30000,31000,31000,1770,14,160,3783.3557196621578,40.50100001040846,30769.422800047323,4949.477966101695
1791071171,1000,,Aggregated,144.700000,1.100000,160,280,8600,9100,14000,19000,24000,29000,31000,31000,31000,1882,20,160,3805.686365250806,40.50100001040846,30883.48220003536,4935.506907545165
1791071172,1000,,Aggregated,142.300000,1.400000,160,280,8700,9200,15000,20000,26000,30000,30000,31000,31000,2018,23,160,3865.118092765874,40.50100001040846,30883.48220003536,4920.050049554014
1791071173,1000,,Aggregated,138.400000,1.700000,170,290,8700,9200,15000,20000,26000,30000,31000,31000,31000,2138,35,170,3957.6139657631816,29.284299991559237,30907.35269995639,4885.456033676333
1791071174,1000,,Aggregated,139.500000,2.200000,170,290,8700,9300,15000,20000,27000,30000,31000,31000,31000,2260,44,170,4039.040045266066,29.284299991559237,30907.35269995639,4876.738053097345
1791071175,1000,,Aggregated,134.700000,3.400000,180,300,8700,9300,15000,21000,28000,30000,31000,31000,31000,2368,51,180,4055.7234491137046,29.284299991559237,30907.35269995639,4865.919763513513
1791071176,1000,,Aggregated,132.100000,4.200000,180,310,8600,9300,15000,21000,29000,30000,31000,31000,31000,2493,61,180,4064.9682019661054,29.284299991559237,30986.73930001678,4869.951062976334
1791071177,1000,,Aggregated,128.700000,5.100000,190,310,8700,9400,15000,21000,30000,30000,31000,31000,31000,2587,71,190,4172.39096803309,29.284299991559237,31041.736600047443,4864.40046385775
1791071178,1000,,Aggregated,123.200000,5.800000,190,320,8700,9500,16000,22000,30000,30000,31000,31000,31000,2703,84,190,4305.34572105118,29.284299991559237,31041.736600047443,4844.37772844987
1791071179,1000,,Aggregated,120.100000,6.800000,200,330,8800,9500,16000,23000,30000,30000,31000,31000,31000,2788,97,200,4384.5856838239,29.284299991559237,31041.736600047443,4834.102223816356
1791071180,1000,,Aggregated,119.700000,7.700000,210,340,8800,9600,17000,23000,30000,30000,31000,31000,31000,2921,116,210,4496.233806539124,29.284299991559237,31041.736600047443,4805.477576172543
1791071181,1000,,Aggregated,113.600000,8.300000,220,370,8800,9600,17000,24000,30000,31000,31000,32000,32000,3010,131,210,4568.530974917087,29.284299991559237,31551.3211999787,4801.283720930232
1791071182,1000,,Aggregated,115.200000,9.800000,220,380,8800,9600,17000,25000,30000,31000,31000,32000,32000,3140,149,220,4678.053749044745,26.48250001948327,31551.3211999787,4772.3
1791071183,1000,,Aggregated,108.700000,10.700000,220,380,8900,10000,17000,25000,30000,31000,31000,32000,32000,3276,156,220,4753.775291575275,26.48250001948327,31551.3211999787,4761.362026862027
1791071184,1000,,Aggregated,110.100000,12.300000,220,380,8900,10000,18000,26000,30000,31000,31000,32000,32000,3371,163,220,4799.436055503147,26.48250001948327,31551.3211999787,4755.365470186888
1791071185,1000,,Aggregated,110.900000,12.200000,230,390,8800,10000,18000,26000,30000,31000,31000,32000,32000,3494,183,230,4794.391982083842,26.48250001948327,31551.3211999787,4748.441327990841
1791071186,1000,,Aggregated,110.400000,11.800000,230,400,9000,11000,19000,28000,30000,31000,31000,32000,32000,3633,200,230,4968.6774008260345,26.48250001948327,31551.3211999787,4727.073492981008
1791071187,1000,,Aggregated,108.500000,12.400000,230,410,9000,11000,20000,28000,30000,31000,31000,32000,32000,3735,215,230,5047.199785033735,26.48250001948327,31551.3211999787,4716.044712182062
1791071188,1000,,Aggregated,114.100000,13.300000,240,420,9000,11000,20000,29000,30000,31000,31000,32000,32000,3853,234,240,5095.79646698702,26.48250001948327,31551.3211999787,4712.371139371918
1791071189,1000,,Aggregated,114.200000,14.100000,250,430,9000,11000,20000,30000,30000,31000,31000,32000,32000,3999,243,250,5199.6958210305165,26.48250001948327,31551.3211999787,4706.986496624156
1791071190,1000,,Aggregated,111.400000,14.900000,250,430,9100,12000,20000,30000,30000,31000,31000,32000,32000,4091,250,250,5253.028237546113,26.48250001948327,31551.3211999787,4705.598386702518
1791071191,1000,,Aggregated,118.000000,14.800000,250,430,9000,12000,20000,30000,30000,31000,31000,32000,32000,4204,257,250,5226.198931494143,26.48250001948327,31551.3211999787,4709.254995242626
1791071192,1000,,Aggregated,115.400000,13.500000,260,430,9000,12000,20000,30000,30000,31000,31000,32000,32000,4307,262,260,5215.872383004763,26.48250001948327,31551.3211999787,4709.1437195263525
1791071193,1000,,Aggregated,120.900000,13.100000,260,430,9000,12000,20000,30000,30000,31000,31000,32000,32000,4387,272,260,5247.123166811323,26.48250001948327,31551.3211999787,4707.5716890813765
1791071194,1000,,Aggregated,115.000000,11.500000,270,440,9000,12000,20000,30000,30000,31000,31000,32000,32000,4489,284,270,5248.891546714432,26.48250001948327,31551.3211999787,4706.9681443528625
1791071195,1000,,Aggregated,111.600000,11.100000,270,440,9000,12000,21000,30000,30000,31000,31000,32000,32000,4613,301,270,5322.239728333152,26.48250001948327,31551.3211999787,4693.87058313462
1791071196,1000,,Aggregated,110.400000,11.900000,270,450,9100,12000,20000,30000,30000,31000,31000,32000,32000,4721,310,270,5401.582974560692,26.48250001948327,31551.3211999787,4691.090235119678
1791071197,1000,,Aggregated,112.400000,11.900000,280,470,9200,13000,21000,30000,30000,31000,31000,32000,32000,4817,329,280,5480.651952024374,26.48250001948327,31551.3211999787,4681.8029894124975
1791071198,1000,,Aggregated,105.100000,11.400000,280,470,9200,13000,21000,30000,30000,31000,31000,32000,32000,4947,347,280,5528.763650980588,26.48250001948327,31551.3211999787,4668.1871841520115
1791071199,1000,,Aggregated,104.700000,10.900000,280,480,9400,13000,21000,30000,31000,31000,31000,32000,32000,5052,372,280,5626.602386342277,26.48250001948327,31551.3211999787,4653.664291369754
1791071200,1000,,Aggregated,109.700000,11.300000,290,490,9300,13000,22000,30000,31000,31000,31000,32000,32000,5162,387,290,5626.683088163681,26.48250001948327,31551.3211999787,4650.4974815962805
1791071201,1000,,Aggregated,104.600000,12.100000,290,500,9400,14000,22000,30000,31000,31000,31000,32000,32000,5261,402,290,5663.286386542682,26.48250001948327,31551.3211999787,4645.8538300703285
1791071202,1000,,Aggregated,105.400000,13.500000,290,510,9400,14000,22000,30000,31000,31000,31000,32000,32000,5393,420,290,5686.47121242377,26.48250001948327,31551.3211999787,4643.7398479510475
1791071203,1000,,Aggregated,105.700000,13.800000,290,520,9500,15000,22000,30000,31000,31000,31000,32000,32000,5523,425,290,5732.603344595632,26.48250001948327,31551.3211999787,4641.957450660872
1791071204,1000,,Aggregated,105.600000,15.000000,290,540,9500,15000,22000,30000,31000,31000,31000,32000,32000,5612,441,290,5765.650350410166,26.48250001948327,31551.3211999787,4634.223271560941
1791071205,1000,,Aggregated,109.500000,15.500000,290,550,9500,15000,23000,30000,31000,31000,31000,32000,32000,5726,455,290,5757.919478414603,26.48250001948327,31551.3211999787,4633.023402025847
1791071206,1000,,Aggregated,109.100000,14.800000,300,550,9500,15000,23000,30000,31000,31000,31000,32000,32000,5807,477,300,5815.650430618602,26.48250001948327,31551.3211999787,4622.390390907525
1791071207,1000,,Aggregated,109.400000,15.400000,310,580,9500,15000,24000,30000,31000,31000,31000,32000,32000,5940,500,310,5840.87423193643,26.48250001948327,31551.3211999787,4620.90925925926
1791071208,1000,,Aggregated,110.200000,15.300000,310,590,9600,16000,23000,30000,31000,31000,31000,32000,32000,6070,511,310,5891.8323620761785,26.48250001948327,31551.3211999787,4615.220593080725
1791071209,1000,,Aggregated,109.100000,16.800000,310,590,9600,16000,23000,30000,31000,31000,31000,32000,32000,6181,520,310,5890.789535415393,26.48250001948327,31551.3211999787,4617.56220676266
1791071210,1000,,Aggregated,107.700000,16.400000,310,590,9600,16000,23000,30000,31000,31000,31000,32000,32000,6249,524,310,5873.45831133026,26.48250001948327,31551.3211999787,4620.126740278444
1791071211,1000,,Aggregated,109.300000,15.200000,310,620,9500,16000,23000,30000,31000,31000,31000,32000,32000,6374,538,310,5844.99133200543,26.48250001948327,31551.3211999787,4625.508001255099
1791071212,1000,,Aggregated,111.200000,13.900000,320,640,9600,16000,24000,30000,31000,31000,31000,32000,32000,6497,560,320,5891.977372480032,26.48250001948327,31551.3211999787,4615.775896567647
1791071213,1000,,Aggregated,106.000000,13.200000,320,640,9600,16000,24000,30000,31000,31000,31000,32000,32000,6612,572,320,5913.78206033011,26.48250001948327,31551.3211999787,4615.23003629764
1791071214,1000,,Aggregated,108.100000,13.700000,320,630,9700,16000,24000,30000,31000,31000,31000,32000,32000,6741,591,320,5942.129989987029,26.48250001948327,31551.3211999787,4606.400237353509
1791071215,1000,,Aggregated,107.500000,13.900000,320,640,9600,16000,24000,30000,31000,31000,31000,32000,32000,6849,611,320,5955.2472969634355,26.48250001948327,31551.3211999787,4600.191560811797
1791071216,1000,,Aggregated,109.300000,15.200000,320,640,9600,16000,24000,30000,31000,31000,31000,32000,32000,7012,624,320,5940.695851483499,26.48250001948327,31551.3211999787,4604.642470051341
1791071217,1000,,Aggregated,109.900000,14.700000,320,640,10000,16000,24000,30000,31000,31000,31000,32000,32000,7131,631,320,5957.128404221337,26.48250001948327,31551.3211999787,4599.186790071519
1791071218,1000,,Aggregated,111.200000,15.500000,320,650,9900,16000,24000,30000,31000,31000,31000,32000,32000,7230,646,320,5963.399711189866,26.48250001948327,31551.3211999787,4596.554356846473
1791071219,1000,,Aggregated,117.600000,13.700000,330,650,9900,16000,25000,30000,31000,31000,31000,32000,32000,7307,665,330,5984.9795759412555,26.48250001948327,31551.3211999787,4592.044204187765
1791071220,1000,,Aggregated,115.900000,12.800000,330,700,9800,16000,25000,30000,31000,31000,31000,32000,32000,7412,686,330,6006.020095345731,26.48250001948327,31551.3211999787,4590.49203993524
1791071221,1000,,Aggregated,114.400000,13.100000,340,720,10000,16000,26000,30000,31000,31000,31000,32000,32000,7500,711,340,6051.0505922135935,26.48250001948327,31551.3211999787,4582.9708
1791071222,1000,,Aggregated,109.600000,14.500000,340,720,9800,16000,26000,30000,31000,31000,31000,32000,32000,7618,721,340,6032.713394263856,26.48250001948327,31551.3211999787,4589.851929640326
1791071223,1000,,Aggregated,114.700000,16.200000,340,720,10000,16000,26000,30000,31000,31000,31000,32000,32000,7727,734,340,6047.926331539004,26.48250001948327,31551.3211999787,4586.990682024071
1791071224,1000,,Aggregated,110.500000,16.500000,340,730,10000,16000,27000,30000,31000,31000,31000,32000,32000,7834,755,340,6073.44576670946,26.48250001948327,31551.3211999787,4581.39596630074
1791071225,1000,,Aggregated,111.600000,16.200000,340,730,10000,16000,27000,30000,31000,31000,31000,32000,32000,7964,773,340,6082.24287110777,26.48250001948327,31551.3211999787,4578.898417880462
1791071226,1000,,Aggregated,110.200000,15.600000,340,730,10000,16000,27000,30000,31000,31000,31000,32000,32000,8098,783,340,6079.097094653277,26.48250001948327,31551.3211999787,4577.07619165226
1791071227,1000,,Aggregated,108.000000,16.000000,340,730,10000,16000,27000,30000,31000,31000,31000,32000,32000,8207,798,340,6093.761047727788,26.48250001948327,31551.3211999787,4573.410503228951
1791071229,1000,,Aggregated,110.200000,16.000000,350,720,10000,16000,27000,30000,31000,31000,31000,32000,32000,8317,810,350,6085.088203799663,26.48250001948327,31551.3211999787,4576.709991583503
1791071230,1000,,Aggregated,108.000000,15.900000,350,730,10000,16000,28000,30000,31000,31000,31000,32000,32000,8419,828,350,6097.684996044867,26.48250001948327,31551.3211999787,4574.7067347666
1791071231,1000,,Aggregated,106.900000,16.200000,350,730,10000,16000,28000,30000,31000,31000,31000,32000,32000,8541,851,350,6125.150490469688,26.48250001948327,31551.3211999787,4570.027046013347
1791071232,1000,,Aggregated,110.300000,16.200000,350,740,11000,17000,28000,30000,31000,31000,31000,32000,32000,8679,867,350,6173.505787026328,26.48250001948327,31551.3211999787,4560.1154510888355
1791071233,1000,,Aggregated,112.200000,16.400000,350,730,11000,16000,28000,30000,31000,31000,31000,32000,32000,8799,882,350,6182.518303227794,26.48250001948327,31551.3211999787,4554.620070462553
1791071234,1000,,Aggregated,116.100000,15.300000,350,730,11000,16000,28000,30000,31000,31000,31000,32000,32000,8935,900,350,6182.848154180346,26.48250001948327,31551.3211999787,4551.556239507555
1791071235,1000,,Aggregated,116.300000,15.900000,350,730,11000,16000,28000,30000,31000,31000,31000,32000,32000,9036,920,350,6198.396756507472,26.48250001948327,31551.3211999787,4544.979305002214
1791071236,1000,,Aggregated,119.100000,16.400000,350,720,11000,16000,28000,30000,31000,31000,31000,32000,32000,9179,940,350,6186.868432857807,26.48250001948327,31551.3211999787,4546.813596252315
1791071237,1000,,Aggregated,116.600000,15.000000,350,720,11000,16000,28000,30000,31000,31000,31000,32000,32000,9282,956,350,6195.016937211992,26.48250001948327,31551.3211999787,4546.221827192416
1791071238,1000,,Aggregated,118.800000,16.400000,360,720,11000,16000,29000,30000,31000,31000,31000,32000,32000,9382,979,360,6224.990585888049,26.48250001948327,31551.3211999787,4541.43519505436
1791071239,1000,,Aggregated,118.800000,16.400000,360,720,11000,16000,29000,30000,31000,31000,31000,32000,32000,9426,984,360,6227.782750838306,26.48250001948327,31551.3211999787,4542.706662423085
1791071240,1000,,Aggregated,116.300000,17.900000,360,750,11000,16000,30000,30000,31000,31000,31000,32000,32000,9553,1001,360,6220.638418193457,26.48250001948327,31551.3211999787,4545.209986391709
1791071241,1000,,Aggregated,110.900000,17.400000,370,760,11000,16000,29000,30000,31000,31000,31000,32000,32000,9691,1010,370,6218.604244588,26.48250001948327,31551.3211999787,4545.069445877619
1791071242,1000,,Aggregated,111.900000,17.200000,370,770,11000,17000,30000,30000,31000,31000,31000,32000,32000,9790,1031,370,6246.689943575337,21.742000011727214,31551.3211999787,4540.30051072523
1791071243,1000,,Aggregated,114.500000,15.500000,370,770,11000,17000,30000,31000,31000,31000,31000,32000,32000,9898,1047,370,6241.571870842836,21.742000011727214,31551.3211999787,4541.556981208325
1791071244,1000,,Aggregated,110.900000,16.500000,370,760,11000,17000,30000,31000,31000,31000,31000,31000,32000,10049,1067,370,6240.458937277559,21.742000011727214,31551.3211999787,4541.989949248681
1791071245,1000,,Aggregated,108.200000,16.400000,380,760,11000,17000,30000,31000,31000,31000,31000,31000,32000,10131,1076,380,6248.0280494129,21.742000011727214,31551.3211999787,4540.422959234034
1791071246,1000,,Aggregated,109.000000,16.500000,370,750,11000,17000,30000,31000,31000,31000,31000,31000,32000,10260,1082,370,6218.64990146221,21.742000011727214,31551.3211999787,4541.359746588694
1791071247,1000,,Aggregated,109.800000,17.000000,370,750,11000,17000,30000,31000,31000,31000,31000,31000,32000,10378,1090,370,6198.073676248041,21.742000011727214,31551.3211999787,4544.435343996916
1791071248,1000,,Aggregated,108.200000,14.300000,370,750,11000,17000,30000,31000,31000,31000,31000,31000,32000,10484,1101,370,6216.098921156209,21.742000011727214,31551.3211999787,4538.590709652804
1791071249,1000,,Aggregated,108.100000,13.900000,380,750,11000,17000,30000,31000,31000,31000,31000,31000,32000,10612,1127,380,6235.864405079282,21.742000011727214,31551.3211999787,4535.709950998869
1791071250,1000,,Aggregated,109.900000,12.300000,380,750,11000,17000,30000,31000,31000,31000,31000,31000,32000,10745,1152,380,6250.398356807958,21.742000011727214,31551.3211999787,4531.437319683574
1791071251,1000,,Aggregated,114.700000,13.500000,380,750,11000,17000,30000,31000,31000,31000,31000,32000,32000,10866,1176,380,6273.388181520482,21.742000011727214,31604.132000007667,4527.359193815571
1791071252,1000,,Aggregated,117.300000,14.600000,380,750,11000,17000,30000,31000,31000,31000,31000,32000,32000,11000,1191,380,6283.943246191047,21.742000011727214,31604.132000007667,4525.7335454545455
1791071253,1000,,Aggregated,114.500000,16.500000,380,750,11000,17000,30000,31000,31000,31000,31000,32000,32000,11107,1207,380,6285.074514846639,21.742000011727214,32052.557999966666,4525.879265328172
1791071254,1000,,Aggregated,119.300000,15.600000,380,750,11000,17000,30000,31000,31000,31000,31000,32000,32000,11277,1219,380,6261.3292224528595,21.742000011727214,32052.557999966666,4529.600780349384
1791071255,1000,,Aggregated,117.900000,15.400000,380,750,11000,17000,30000,31000,31000,31000,31000,32000,32000,11375,1229,380,6258.993471648417,21.742000011727214,32052.557999966666,4528.786285714285
1791071256,1000,,Aggregated,120.500000,15.500000,380,740,11000,17000,30000,31000,31000,31000,31000,32000,32000,11504,1240,380,6234.02664208977,21.742000011727214,32052.557999966666,4532.489742698192
1791071257,1000,,Aggregated,123.800000,14.700000,380,740,11000,17000,30000,31000,31000,31000,31000,32000,32000,11626,1261,380,6238.552757509094,21.742000011727214,32052.557999966666,4528.84414243936
1791071258,1000,,Aggregated,121.300000,15.700000,380,730,11000,17000,30000,31000,31000,31000,31000,32000,32000,11758,1273,380,6229.749244701551,21.742000011727214,32052.557999966666,4530.91954414016
1791071259,1000,,Aggregated,125.100000,16.400000,380,740,11000,17000,30000,31000,31000,31000,31000,32000,32000,11862,1300,380,6274.330142370681,19.30410001659766,32052.557999966666,4523.491822626876
1791071260,1000,,Aggregated,123.500000,16.700000,380,740,11000,17000,30000,31000,31000,31000,31000,32000,32000,11985,1319,380,6275.113656220345,19.30410001659766,32052.557999966666,4524.034626616604
1791071261,1000,,Aggregated,124.000000,16.900000,380,740,11000,17000,30000,31000,31000,31000,31000,32000,32000,12141,1331,380,6278.525360555214,19.30410001659766,32052.557999966666,4520.51231364797
1791071262,1000,,Aggregated,122.500000,16.500000,380,740,12000,17000,30000,31000,31000,31000,31000,32000,32000,12222,1336,380,6281.996362232101,19.30410001659766,32052.557999966666,4518.157421044019
1791071263,1000,,Aggregated,124.800000,15.900000,380,740,11000,17000,30000,31000,31000,31000,31000,32000,32000,12355,1360,380,6284.68221978962,19.30410001659766,32052.557999966666,4516.558802104411
1791071264,1000,,Aggregated,123.100000,14.800000,390,740,11000,17000,30000,31000,31000,31000,31000,32000,32000,12468,1376,390,6279.214766730884,19.30410001659766,32052.557999966666,4518.073147256978
1791071265,1000,,Aggregated,124.800000,15.300000,390,730,11000,17000,30000,31000,31000,31000,31000,32000,32000,12625,1395,390,6270.431894019879,19.30410001659766,32052.557999966666,4517.023603960396
1791071266,1000,,Aggregated,119.800000,15.000000,390,740,11000,17000,30000,31000,31000,31000,31000,32000,32000,12752,1415,390,6289.710294659731,19.30410001659766,32052.557999966666,4513.928795483062
1791071267,1000,,Aggregated,121.800000,16.500000,390,730,11000,17000,30000,31000,31000,31000,31000,32000,32000,12880,1425,390,6275.128483206589,19.30410001659766,32052.557999966666,4515.437577639752
1791071268,1000,,Aggregated,124.800000,16.800000,390,740,11000,17000,30000,31000,31000,31000,31000,32000,32000,12949,1429,390,6260.9998783072715,19.30410001659766,32052.557999966666,4518.84832805622
1791071269,1000,,Aggregated,124.500000,16.700000,390,740,11000,17000,30000,31000,31000,31000,32000,32000,32000,13086,1461,390,6278.798887161934,19.30410001659766,32052.557999966666,4516.223521320495
1791071270,1000,,Aggregated,118.700000,16.000000,400,750,11000,17000,30000,31000,31000,31000,32000,32000,32000,13188,1485,400,6297.550280656714,19.30410001659766,32173.57230000198,4511.128450106157
1791071271,1000,,Aggregated,121.300000,16.100000,390,750,11000,17000,30000,31000,31000,31000,32000,32000,32000,13342,1491,390,6290.985804129837,19.30410001659766,32173.57230000198,4508.495278069255
1791071272,1000,,Aggregated,121.000000,16.400000,390,750,12000,17000,30000,31000,31000,31000,32000,32000,32000,13491,1501,390,6291.817120621179,19.30410001659766,32173.57230000198,4506.598695426581
1791071273,1000,,Aggregated,120.300000,15.800000,390,750,12000,17000,30000,31000,31000,31000,32000,32000,32000,13587,1507,390,6285.646677625682,19.30410001659766,32173.57230000198,4508.051593434901
1791071274,1000,,Aggregated,122.100000,16.500000,400,750,12000,17000,30000,31000,31000,31000,32000,32000,32000,13675,1525,400,6292.074994208418,19.30410001659766,32173.57230000198,4506.822595978062
1791071275,1000,,Aggregated,123.900000,14.900000,400,760,11000,17000,30000,31000,31000,31000,32000,32000,32000,13851,1539,400,6256.7499001299375,19.30410001659766,32173.57230000198,4514.050898852069
1791071276,1000,,Aggregated,120.000000,14.600000,400,770,11000,17000,30000,31000,31000,31000,32000,32000,32000,13945,1547,400,6266.64565905339,19.30410001659766,32173.57230000198,4511.577411258516
1791071277,1000,,Aggregated,118.200000,14.500000,400,770,12000,17000,30000,31000,31000,31000,32000,32000,32000,14053,1565,400,6271.985309521094,19.30410001659766,32173.57230000198,4511.992030171494
1791071278,1000,,Aggregated,119.300000,13.800000,400,760,11000,17000,30000,31000,31000,31000,32000,32000,32000,14193,1578,400,6248.677798020117,19.30410001659766,32173.57230000198,4516.012189107307
1791071279,1000,,Aggregated,115.300000,13.300000,400,760,11000,17000,30000,31000,31000,31000,32000,32000,32000,14315,1603,400,6261.279203248292,19.30410001659766,32173.57230000198,4514.026825008732
1791071280,1000,,Aggregated,122.900000,14.500000,400,750,11000,17000,30000,31000,31000,31000,32000,32000,32000,14436,1609,400,6246.471008021604,19.30410001659766,32173.57230000198,4515.670961485176
1791071281,1000,,Aggregated,120.900000,14.100000,400,750,11000,17000,30000,31000,31000,31000,32000,32000,32000,14550,1619,400,6237.599503092792,19.30410001659766,32173.57230000198,4514.826529209622
1791071282,1000,,Aggregated,123.800000,13.000000,400,750,11000,17000,30000,31000,31000,31000,32000,32000,32000,14678,1629,400,6223.871323123058,19.30410001659766,32173.57230000198,4514.709020302494
1791071283,1000,,Aggregated,119.800000,12.600000,400,750,11000,17000,30000,31000,31000,31000,32000,32000,32000,14786,1655,400,6243.630973096169,19.30410001659766,32173.57230000198,4511.105775733802
1791071284,1000,,Aggregated,117.900000,12.400000,400,750,11000,17000,30000,31000,31000,31000,32000,32000,32000,14886,1674,400,6249.677890266031,19.30410001659766,32173.57230000198,4510.494625822921
1791071285,1000,,Aggregated,118.700000,14.200000,400,740,11000,17000,30000,31000,31000,31000,32000,32000,32000,15033,1690,400,6240.836888631693,19.30410001659766,32173.57230000198,4511.39266946052
1791071286,1000,,Aggregated,121.100000,15.000000,400,750,11000,17000,30000,31000,31000,31000,32000,32000,32000,15195,1697,400,6252.755658749568,19.30410001659766,32173.57230000198,4507.154063836789
1791071287,1000,,Aggregated,120.800000,14.900000,400,740,11000,17000,30000,31000,31000,31000,32000,32000,32000,15318,1712,400,6243.645258447546,19.30410001659766,32173.57230000198,4506.74187230709
1791071288,1000,,Aggregated,121.800000,14.900000,400,740,11000,17000,30000,31000,31000,31000,32000,32000,32000,15452,1725,400,6231.207494977957,19.30410001659766,32173.57230000198,4509.524398136164
1791071289,1000,,Aggregated,122.500000,14.700000,400,740,11000,17000,30000,31000,31000,31000,32000,32000,32000,15577,1748,400,6244.46936129543,19.30410001659766,32173.57230000198,4507.719971753226
1791071290,1000,,Aggregated,121.900000,14.300000,400,730,11000,17000,30000,31000,31000,31000,32000,32000,32000,15729,1756,400,6222.63973737038,19.30410001659766,32173.57230000198,4508.680717146672
1791071291,1000,,Aggregated,124.900000,14.000000,400,730,11000,16000,30000,31000,31000,31000,32000,32000,32000,15820,1770,400,6233.677149778657,19.30410001659766,32173.57230000198,4506.852275600506
1791071292,1000,,Aggregated,123.400000,14.600000,400,730,11000,16000,30000,31000,31000,31000,32000,32000,32000,15954,1791,400,6230.514577767228,19.30410001659766,32173.57230000198,4506.940892566127
1791071293,1000,,Aggregated,127.600000,14.500000,400,730,11000,16000,30000,31000,31000,31000,32000,32000,32000,16067,1808,400,6225.957075203706,19.30410001659766,32173.57230000198,4506.581066782846
1791071294,1000,,Aggregated,125.900000,15.700000,410,740,11000,16000,30000,31000,31000,31000,32000,32000,32000,16145,1819,410,6222.428943319788,19.30410001659766,32173.57230000198,4507.899907091979
1791071295,1000,,Aggregated,123.300000,15.200000,410,740,11000,16000,30000,31000,31000,31000,32000,32000,32000,16290,1843,410,6229.86154540807,19.30410001659766,32173.57230000198,4507.276365868631
1791071296,1000,,Aggregated,123.500000,14.300000,410,740,11000,17000,30000,31000,31000,31000,32000,32000,32000,16411,1855,410,6228.456726646589,19.30410001659766,32173.57230000198,4506.358174395223
1791071297,1000,,Aggregated,122.500000,14.400000,410,740,11000,17000,30000,31000,31000,31000,32000,32000,32000,16538,1873,410,6229.401413266254,19.30410001659766,32173.57230000198,4506.727717982827
1791071298,1000,,Aggregated,122.600000,15.500000,410,740,11000,17000,30000,31000,31000,31000,32000,32000,32000,16675,1897,410,6239.045689367127,19.30410001659766,32173.57230000198,4504.929535232383
1791071299,1000,,Aggregated,121.600000,15.800000,410,740,11000,17000,30000,31000,31000,31000,32000,32000,32000,16805,1908,410,6221.059855501142,19.30410001659766,32173.57230000198,4508.418803927402
1791071300,1000,,Aggregated,124.300000,16.000000,410,740,11000,17000,30000,31000,31000,31000,32000,32000,32000,16963,1916,410,6211.399557519094,19.30410001659766,32173.57230000198,4507.609031421329
1791071301,1000,,Aggregated,120.800000,17.100000,410,740,11000,17000,30000,31000,31000,31000,32000,32000,32000,17097,1935,410,6212.556566748348,19.30410001659766,32173.57230000198,4506.965140083055
1791071302,1000,,Aggregated,122.800000,15.900000,410,740,10000,17000,30000,31000,31000,31000,32000,32000,32000,17205,1948,410,6206.502696808876,19.30410001659766,32173.57230000198,4507.535251380413
1791071303,1000,,Aggregated,122.400000,15.800000,410,730,10000,17000,30000,31000,31000,31000,32000,32000,32000,17319,1955,410,6185.9840919681565,19.30410001659766,32173.57230000198,4510.451642704544
1791071304,1000,,Aggregated,126.600000,15.700000,410,730,10000,17000,30000,31000,31000,31000,32000,32000,32000,17446,1973,410,6188.076005806287,19.30410001659766,32173.57230000198,4509.6740800183425
1791071305,1000,,Aggregated,126.000000,15.300000,410,730,10000,17000,30000,31000,31000,31000,32000,32000,32000,17542,1992,410,6191.691567073099,19.30410001659766,32173.57230000198,4507.771633793182
1791071306,1000,,Aggregated,127.200000,14.900000,410,730,9700,17000,30000,31000,31000,31000,32000,32000,32000,17635,2000,410,6177.732361003455,19.30410001659766,32173.57230000198,4510.554522256875
1791071307,1000,,Aggregated,129.800000,15.200000,420,730,9700,17000,30000,31000,31000,31000,32000,32000,32000,17760,2029,420,6191.563830140536,19.30410001659766,32173.57230000198,4508.718355855855
1791071308,1000,,Aggregated,121.600000,14.500000,420,740,9700,17000,30000,31000,31000,31000,32000,32000,32000,17896,2052,420,6198.0532492510165,19.30410001659766,32173.57230000198,4507.009722843093
1791071309,1000,,Aggregated,121.600000,14.800000,420,740,10000,17000,30000,31000,31000,31000,32000,32000,32000,18023,2066,420,6209.705802912737,19.30410001659766,32173.57230000198,4506.965876935027
1791071310,1000,,Aggregated,118.300000,15.500000,420,740,9900,17000,30000,31000,31000,31000,32000,32000,32000,18132,2073,420,6202.23449783236,19.30410001659766,32173.57230000198,4509.339289653651
1791071311,1000,,Aggregated,122.200000,15.100000,420,740,10000,17000,30000,31000,31000,31000,32000,32000,32000,18210,2091,420,6215.507326501721,19.30410001659766,32173.57230000198,4507.812081274025
1791071313,1000,,Aggregated,115.900000,16.000000,420,740,9700,17000,30000,31000,31000,31000,32000,32000,32000,18361,2114,420,6213.307093927145,19.30410001659766,32173.57230000198,4507.659876913022
1791071314,1000,,Aggregated,110.500000,15.400000,420,740,9800,17000,30000,31000,31000,31000,32000,32000,32000,18509,2135,420,6222.161552152785,19.30410001659766,32173.57230000198,4507.14981900697
1791071315,1000,,Aggregated,110.400000,16.200000,420,740,10000,17000,30000,31000,31000,31000,32000,32000,32000,18624,2152,420,6234.00109785198,19.30410001659766,32173.57230000198,4504.262886597938
1791071316,1000,,Aggregated,114.900000,17.500000,420,740,9800,17000,30000,31000,31000,31000,32000,32000,32000,18768,2166,420,6222.732586279578,19.30410001659766,32173.57230000198,4506.8212915601025
1791071317,1000,,Aggregated,113.800000,17.000000,420,740,9600,17000,30000,31000,31000,31000,32000,32000,32000,18892,2178,420,6214.382312147734,19.30410001659766,32173.57230000198,4509.001217446538
1791071318,1000,,Aggregated,118.800000,17.200000,420,740,9600,17000,30000,31000,31000,31000,32000,32000,32000,19005,2199,420,6220.3789230884,19.30410001659766,32173.57230000198,4508.392107340173
1791071319,1000,,Aggregated,120.600000,17.100000,420,740,9600,17000,30000,31000,31000,31000,32000,32000,32000,19117,2218,420,6226.476072422179,19.30410001659766,32173.57230000198,4506.849296437726
1791071320,1000,,Aggregated,119.800000,16.500000,430,740,9600,17000,30000,31000,31000,31000,32000,32000,32000,19222,2240,430,6235.775339173592,19.30410001659766,32173.57230000198,4504.480699198834
1791071321,1000,,Aggregated,118.100000,16.400000,430,750,9600,17000,30000,31000,31000,31000,32000,32000,32000,19376,2262,430,6242.634146701847,19.30410001659766,32173.57230000198,4504.179448802643
1791071322,1000,,Aggregated,117.600000,16.800000,430,750,9700,17000,30000,31000,31000,31000,32000,32000,32000,19478,2272,430,6248.882608963694,19.30410001659766,32173.57230000198,4503.112485881507
1791071323,1000,,Aggregated,117.900000,18.400000,430,750,9700,17000,30000,31000,31000,31000,32000,32000,32000,19616,2288,430,6248.556977324366,19.30410001659766,32173.57230000198,4504.271615008157
1791071324,1000,,Aggregated,124.600000,18.100000,430,750,9600,17000,30000,31000,31000,31000,32000,32000,32000,19737,2308,430,6251.494891361138,19.30410001659766,32173.57230000198,4503.798246947358
1791071325,1000,,Aggregated,125.000000,17.300000,430,750,9600,17000,30000,31000,31000,31000,32000,32000,32000,19854,2314,430,6244.032614571112,19.30410001659766,32173.57230000198,4505.592525435681
1791071326,1000,,Aggregated,118.900000,16.700000,430,750,9600,17000,30000,31000,31000,31000,32000,32000,32000,20003,2325,430,6236.018035774386,19.30410001659766,32173.57230000198,4507.022696595511
1791071327,1000,,Aggregated,121.600000,16.500000,430,750,9600,17000,30000,31000,31000,31000,32000,32000,32000,20136,2338,430,6237.818637296123,19.30410001659766,32173.57230000198,4507.752135478744
1791071328,1000,,Aggregated,120.700000,15.600000,430,750,9500,17000,30000,31000,31000,31000,32000,32000,32000,20259,2350,430,6226.717068127493,19.30410001659766,32173.57230000198,4509.784737647466
1791071329,1000,,Aggregated,124.200000,15.500000,430,750,9500,17000,30000,31000,31000,31000,32000,32000,32000,20413,2365,430,6215.618045010287,19.30410001659766,32173.57230000198,4512.044481457894
1791071330,1000,,Aggregated,123.700000,15.000000,430,750,9500,17000,30000,31000,31000,31000,32000,32000,32000,20557,2379,430,6213.751595723855,19.30410001659766,32173.57230000198,4513.112078610692
1791071331,1000,,Aggregated,125.400000,14.500000,420,740,9500,17000,30000,31000,31000,31000,32000,32000,32000,20679,2392,420,6214.473579834397,19.30410001659766,32173.57230000198,4512.413559649886
1791071332,1000,,Aggregated,129.100000,13.700000,420,740,9300,17000,30000,31000,31000,31000,32000,32000,32000,20842,2407,420,6198.751137337822,4.107900022063404,32173.57230000198,4515.537232511276
1791071333,1000,,Aggregated,132.100000,12.600000,420,740,9300,17000,30000,31000,31000,31000,32000,32000,32000,20976,2421,420,6191.748083423662,4.107900022063404,32173.57230000198,4516.920623569794
1791071334,1000,,Aggregated,129.400000,12.700000,420,740,9200,17000,30000,31000,31000,31000,32000,32000,32000,21094,2438,420,6190.188883800829,4.107900022063404,32173.57230000198,4516.320280648526
1791071335,1000,,Aggregated,134.900000,12.800000,430,740,9200,17000,30000,31000,31000,31000,32000,32000,32000,21221,2458,430,6188.414125908054,4.107900022063404,32173.57230000198,4517.3001743555915
1791071336,1000,,Aggregated,137.200000,13.100000,430,740,9100,17000,30000,31000,31000,31000,32000,32000,32000,21424,2474,430,6179.033854504049,4.107900022063404,32173.57230000198,4518.133728528753
1791071337,1000,,Aggregated,134.500000,13.900000,430,730,9200,17000,30000,31000,31000,31000,32000,32000,32000,21541,2482,430,6179.5754737103525,4.107900022063404,32173.57230000198,4518.74165544775
1791071338,1000,,Aggregated,137.900000,15.000000,430,730,9100,17000,30000,31000,31000,31000,32000,32000,32000,21668,2491,430,6165.396439957272,4.107900022063404,32173.57230000198,4520.819272660144
1791071339,1000,,Aggregated,137.900000,14.400000,430,730,9000,17000,30000,31000,31000,31000,32000,32000,32000,21785,2504,430,6158.090185333678,4.107900022063404,32173.57230000198,4522.766215285747
1791071340,1000,,Aggregated,139.300000,14.000000,430,730,9000,17000,30000,31000,31000,31000,32000,32000,32000,21914,2518,430,6151.059999429324,4.107900022063404,32173.57230000198,4525.393036415077
1791071341,1000,,Aggregated,137.600000,13.600000,430,730,8900,17000,30000,31000,31000,31000,32000,32000,32000,22064,2536,430,6145.956535016035,4.107900022063404,32173.57230000198,4526.674537708484
1791071342,1000,,Aggregated,134.300000,14.000000,430,730,8900,17000,30000,31000,31000,31000,32000,32000,32000,22205,2549,430,6144.1392094255325,4.107900022063404,32173.57230000198,4525.947083990092
1791071343,1000,,Aggregated,134.900000,14.000000,430,730,8900,17000,30000,31000,31000,31000,32000,32000,32000,22335,2564,430,6140.598281190706,4.107900022063404,32217.956300009973,4526.454130288785
1791071344,1000,,Aggregated,134.900000,13.900000,430,720,8800,17000,30000,31000,31000,31000,32000,32000,32000,22513,2584,430,6135.013076511108,4.107900022063404,32217.956300009973,4528.059254652867
1791071345,1000,,Aggregated,131.200000,14.400000,430,720,8900,17000,30000,31000,31000,31000,32000,32000,32000,22610,2599,430,6143.767821773321,4.107900022063404,32217.956300009973,4526.980318443167
1791071346,1000,,Aggregated,136.900000,14.600000,430,720,8800,17000,30000,31000,31000,31000,32000,32000,32000,22738,2612,430,6132.812971364888,4.107900022063404,32217.956300009973,4528.981088926027
1791071347,1000,,Aggregated,137.800000,13.600000,430,730,8700,17000,30000,31000,31000,31000,32000,32000,32000,22834,2625,430,6132.0224677758815,4.107900022063404,32217.956300009973,4529.557677148113
1791071348,1000,,Aggregated,133.000000,13.000000,430,730,8700,17000,30000,31000,31000,31000,32000,32000,32000,22991,2638,430,6119.96127228893,4.107900022063404,32217.956300009973,4532.477447696925
1791071349,1000,,Aggregated,128.000000,13.800000,430,730,8700,17000,30000,31000,31000,31000,32000,32000,32000,23117,2648,430,6123.881740575974,4.107900022063404,32217.956300009973,4531.654583207163
1791071350,1000,,Aggregated,126.600000,14.500000,430,730,8700,17000,30000,31000,31000,31000,32000,32000,33000,23248,2663,430,6122.661956365921,4.107900022063404,32606.356200005393,4532.723288024777
1791071351,1000,,Aggregated,132.200000,14.200000,430,720,8500,17000,30000,31000,31000,31000,32000,33000,33000,23410,2679,430,6108.137983797295,4.107900022063404,32813.80510004237,4533.6713797522425
1791071352,1000,,Aggregated,131.300000,13.700000,430,720,8500,17000,30000,31000,31000,31000,32000,33000,33000,23541,2692,430,6106.139353213321,4.107900022063404,32813.80510004237,4534.26659870014
1791071353,1000,,Aggregated,130.500000,14.100000,430,720,8500,17000,30000,31000,31000,31000,32000,33000,33000,23677,2705,430,6102.697055859902,4.107900022063404,32813.80510004237,4534.216285847025
1791071354,1000,,Aggregated,132.700000,14.700000,430,720,8500,17000,30000,31000,31000,31000,32000,33000,33000,23800,2725,430,6107.313896524997,4.107900022063404,32813.80510004237,4533.508109243698
1791071355,1000,,Aggregated,133.600000,14.100000,430,720,8200,17000,30000,31000,31000,31000,32000,33000,33000,23943,2736,430,6095.831382591755,4.107900022063404,32900.751399982255,4535.285135530217
1791071356,1000,,Aggregated,130.500000,13.600000,430,720,8300,17000,30000,31000,31000,31000,32000,33000,33000,24077,2753,430,6099.850488735908,4.107900022063404,32918.92690001987,4535.025418449142
1791071357,1000,,Aggregated,128.800000,14.000000,430,710,3100,17000,30000,31000,31000,31000,32000,33000,33000,24217,2770,430,6094.698507172408,4.107900022063404,32918.92690001987,4536.442870710658
1791071358,1000,,Aggregated,131.800000,14.000000,420,710,2800,17000,30000,31000,31000,31000,32000,33000,33000,24360,2789,420,6095.342281124544,4.107900022063404,32918.92690001987,4536.711822660099
1791071359,1000,,Aggregated,135.600000,14.200000,420,710,2700,17000,30000,31000,31000,31000,32000,33000,33000,24519,2796,420,6087.93501157853,4.107900022063404,32918.92690001987,4538.031771279416
1791071360,1000,,Aggregated,136.100000,14.000000,420,710,2800,17000,30000,31000,31000,31000,32000,33000,33000,24616,2801,420,6087.79158190583,4.107900022063404,32918.92690001987,4537.918508287293
1791071361,1000,,Aggregated,134.200000,15.300000,430,710,2700,17000,30000,31000,31000,31000,32000,33000,33000,24756,2816,430,6080.422307193975,4.107900022063404,32918.92690001987,4539.635643884311
1791071362,1000,,Aggregated,140.400000,14.600000,430,710,2700,17000,30000,31000,31000,31000,32000,33000,33000,24886,2838,430,6085.418891541193,4.107900022063404,32918.92690001987,4538.841798601624
1791071363,1000,,Aggregated,135.300000,13.800000,430,710,2600,17000,30000,31000,31000,31000,32000,33000,33000,25058,2850,430,6072.4372739322525,4.107900022063404,32918.92690001987,4540.840929044616
1791071364,1000,,Aggregated,136.100000,13.600000,420,710,2600,17000,30000,31000,31000,31000,32000,33000,33000,25215,2866,420,6072.67974580583,4.107900022063404,32918.92690001987,4539.251635930994
1791071365,1000,,Aggregated,134.100000,14.700000,420,700,2600,17000,30000,31000,31000,31000,32000,33000,33000,25349,2877,420,6067.975247429643,4.107900022063404,32918.92690001987,4539.69336068484
1791071366,1000,,Aggregated,135.600000,14.000000,420,700,2500,17000,30000,31000,31000,31000,32000,33000,33000,25495,2894,420,6061.564306106852,4.107900022063404,32918.92690001987,4541.22859384193
1791071367,1000,,Aggregated,139.600000,13.900000,420,700,2400,17000,30000,31000,31000,31000,32000,33000,33000,25649,2908,420,6053.965635548905,4.107900022063404,32918.92690001987,4542.509688486881
1791071368,1000,,Aggregated,138.700000,13.700000,420,700,2300,17000,30000,31000,31000,31000,32000,33000,33000,25790,2922,420,6048.128226467389,4.107900022063404,32918.92690001987,4543.230787126793
1791071369,1000,,Aggregated,139.700000,13.900000,420,700,2300,17000,30000,31000,31000,31000,32000,33000,33000,25940,2946,420,6047.462453816281,4.107900022063404,32918.92690001987,4543.322590593678
1791071370,1000,,Aggregated,145.500000,13.800000,420,700,2100,17000,30000,31000,31000,31000,32000,33000,33000,26064,2957,420,6039.7313869281115,4.107900022063404,32918.92690001987,4544.047383364027
1791071371,1000,,Aggregated,141.900000,13.100000,420,690,2100,17000,30000,31000,31000,31000,32000,33000,33000,26203,2963,420,6033.306596168153,4.107900022063404,32918.92690001987,4544.720642674503
1791071372,1000,,Aggregated,138.800000,15.000000,420,690,2100,17000,30000,31000,31000,31000,32000,33000,33000,26291,2967,420,6025.898945943269,4.107900022063404,32918.92690001987,4546.171389448861
1791071373,1000,,Aggregated,143.600000,15.100000,420,690,2000,17000,30000,31000,31000,31000,32000,33000,33000,26449,2981,420,6017.059975034744,4.107900022063404,32918.92690001987,4547.778970849559
1791071374,1000,,Aggregated,139.800000,14.200000,420,690,2100,17000,30000,31000,31000,31000,32000,33000,33000,26599,2998,420,6024.252529222668,4.107900022063404,32918.92690001987,4545.916199857137
1791071375,1000,,Aggregated,137.300000,12.300000,420,690,2100,17000,30000,31000,31000,31000,32000,33000,33000,26703,3013,420,6032.127742047485,4.107900022063404,32918.92690001987,4543.793094408868
1791071377,1000,,Aggregated,137.000000,13.200000,420,690,2000,17000,30000,31000,31000,31000,32000,33000,33000,26858,3026,420,6018.499392914374,4.107900022063404,32918.92690001987,4546.0358924715165
1791071378,1000,,Aggregated,137.000000,13.200000,420,690,2000,17000,30000,31000,31000,31000,32000,33000,33000,26964,3037,420,6016.441968294543,4.107900022063404,32918.92690001987,4546.452974336152
1791071379,1000,,Aggregated,134.900000,13.100000,420,690,2000,17000,30000,31000,31000,31000,32000,33000,33000,27124,3050,420,6012.460632059936,4.107900022063404,32918.92690001987,4546.862483409526
1791071380,1000,,Aggregated,128.700000,12.900000,420,690,2000,17000,30000,31000,31000,31000,32000,33000,33000,27268,3069,420,6014.924667654163,4.107900022063404,32918.92690001987,4545.528384920053
1791071381,1000,,Aggregated,129.600000,12.500000,420,690,2000,17000,30000,31000,31000,31000,32000,33000,33000,27391,3083,420,6019.766197053549,4.107900022063404,32918.92690001987,4544.846190354496
1791071382,1000,,Aggregated,129.600000,11.800000,420,690,2000,17000,30000,31000,31000,31000,32000,33000,33000,27520,3096,420,6011.195323153855,4.107900022063404,32918.92690001987,4547.010247093023
1791071383,1000,,Aggregated,129.100000,12.600000,420,690,2000,17000,30000,31000,31000,31000,32000,33000,33000,27658,3119,420,6012.238897805139,4.107900022063404,32918.92690001987,4547.588618121339
1791071384,1000,,Aggregated,130.100000,13.200000,420,690,2000,17000,30000,31000,31000,31000,32000,33000,33000,27775,3133,420,6008.948552223019,4.107900022063404,32918.92690001987,4548.364392439244
1791071385,1000,,Aggregated,134.400000,15.100000,420,690,1900,17000,30000,31000,31000,31000,32000,33000,33000,27928,3145,420,6001.89140060135,4.107900022063404,32918.92690001987,4548.282655399599
1791071386,1000,,Aggregated,130.500000,15.100000,420,690,1900,17000,30000,31000,31000,31000,32000,33000,33000,28030,3164,420,6009.718726895985,4.107900022063404,32918.92690001987,4546.683374955405
1791071387,1000,,Aggregated,129.700000,14.400000,420,690,1900,17000,30000,31000,31000,31000,32000,33000,33000,28218,3174,420,5996.5749739703,4.107900022063404,32918.92690001987,4547.594691331774
1791071388,1000,,Aggregated,130.900000,14.800000,420,690,1900,17000,30000,31000,31000,31000,32000,33000,33000,28356,3177,420,5995.910470485736,4.107900022063404,32918.92690001987,4548.140993087883
1791071389,1000,,Aggregated,132.800000,14.800000,420,690,1900,17000,30000,31000,31000,31000,32000,33000,33000,28469,3186,420,5991.145578952317,4.107900022063404,32918.92690001987,4549.849450279251
1791071390,1000,,Aggregated,138.200000,13.900000,420,690,1900,17000,30000,31000,31000,31000,32000,33000,33000,28580,3200,420,5987.3878235197235,4.107900022063404,32918.92690001987,4550.709937018894
1791071391,1000,,Aggregated,135.600000,13.700000,430,690,1800,17000,30000,31000,31000,31000,32000,33000,33000,28754,3215,430,5972.001271252489,4.107900022063404,32918.92690001987,4553.123808861375
1791071392,1000,,Aggregated,130.500000,13.300000,430,690,1800,17000,30000,31000,31000,31000,32000,33000,33000,28892,3231,430,5976.507726588459,4.107900022063404,32918.92690001987,4551.243977571646
1791071393,1000,,Aggregated,135.000000,12.800000,430,690,1800,17000,30000,31000,31000,31000,32000,33000,33000,29036,3245,430,5970.9769968726205,4.107900022063404,32918.92690001987,4552.344400055104
1791071394,1000,,Aggregated,137.100000,13.300000,420,690,1800,17000,30000,31000,31000,31000,32000,33000,33000,29193,3252,420,5966.0289252147195,4.107900022063404,32918.92690001987,4553.199808173193
1791071395,1000,,Aggregated,133.700000,12.200000,420,690,1800,17000,30000,31000,31000,31000,32000,33000,33000,29369,3261,420,5964.795769106651,4.107900022063404,32918.92690001987,4552.955088698968
1791071396,1000,,Aggregated,140.100000,11.700000,420,690,1800,17000,30000,31000,31000,31000,32000,33000,33000,29474,3272,420,5965.137678865878,4.107900022063404,32918.92690001987,4552.43126145077
1791071397,1000,,Aggregated,142.400000,11.800000,430,690,1800,17000,30000,31000,31000,31000,32000,33000,33000,29615,3291,430,5961.669890376246,4.107900022063404,32918.92690001987,4553.454702009117
1791071398,1000,,Aggregated,143.900000,10.800000,430,690,1800,17000,30000,31000,31000,31000,32000,33000,33000,29704,3307,430,5963.5376866547485,4.107900022063404,32918.92690001987,4553.417856180986
1791071399,1000,,Aggregated,137.800000,11.100000,430,700,1700,17000,30000,31000,31000,31000,32000,33000,33000,29823,3322,430,5959.677492736899,4.107900022063404,32918.92690001987,4554.711833148912
1791071400,1000,,Aggregated,132.700000,12.500000,430,700,1800,17000,30000,31000,31000,31000,32000,33000,33000,29959,3341,430,5958.270037921562,4.107900022063404,32918.92690001987,4554.94639340432
1791071401,1000,,Aggregated,132.700000,12.800000,430,700,1800,17000,30000,31000,31000,31000,32000,33000,33000,30119,3346,430,5950.461170642863,4.107900022063404,32918.92690001987,4554.586042033268
1791071402,1000,,Aggregated,134.500000,13.600000,430,700,1700,17000,30000,31000,31000,31000,32000,33000,33000,30265,3353,430,5938.890467414273,4.107900022063404,32918.92690001987,4554.824252436808
1791071403,1000,,Aggregated,135.600000,13.400000,430,700,1800,17000,30000,31000,31000,31000,32000,33000,33000,30346,3381,430,5955.529486502116,4.107900022063404,32918.92690001987,4551.486620971463
1791071404,1000,,Aggregated,132.900000,12.300000,430,700,1700,17000,30000,31000,31000,31000,32000,33000,33000,30502,3394,430,5944.602697498313,4.107900022063404,32918.92690001987,4554.351354009573
1791071405,1000,,Aggregated,133.300000,13.400000,430,700,1700,17000,30000,31000,31000,31000,32000,33000,33000,30612,3412,430,5946.531518668951,4.107900022063404,32918.92690001987,4554.0854240167255
1791071406,1000,,Aggregated,129.400000,13.800000,430,700,1700,17000,30000,31000,31000,31000,32000,33000,33000,30761,3422,430,5936.472058928327,4.107900022063404,32918.92690001987,4555.454796658106
1791071407,1000,,Aggregated,124.700000,14.400000,430,700,1700,17000,30000,31000,31000,31000,32000,33000,33000,30937,3433,430,5931.547246096708,4.107900022063404,32918.92690001987,4556.227850147073
1791071408,1000,,Aggregated,121.400000,15.000000,430,700,1700,17000,30000,31000,31000,31000,32000,33000,33000,31076,3439,430,5930.775236091974,4.107900022063404,32918.92690001987,4556.186124340327
1791071409,1000,,Aggregated,127.100000,14.700000,430,700,1700,17000,30000,31000,31000,31000,32000,33000,33000,31212,3445,430,5924.309044550003,4.107900022063404,32918.92690001987,4556.663046264257
1791071410,1000,,Aggregated,132.900000,13.300000,430,700,1700,17000,30000,31000,31000,31000,32000,33000,33000,31338,3460,430,5919.300697928864,4.107900022063404,32918.92690001987,4557.540621609547
1791071411,1000,,Aggregated,136.100000,12.700000,430,700,1700,17000,30000,31000,31000,31000,32000,33000,33000,31454,3476,430,5916.702956571344,4.107900022063404,32918.92690001987,4558.16366757805
1791071412,1000,,Aggregated,139.200000,11.900000,440,700,1700,17000,30000,31000,31000,31000,32000,33000,33000,31569,3497,440,5918.623246881299,4.107900022063404,32918.92690001987,4558.004624790142
1791071413,1000,,Aggregated,131.900000,12.100000,440,710,1700,17000,30000,31000,31000,31000,32000,33000,33000,31703,3509,440,5911.076799857934,4.107900022063404,32918.92690001987,4560.256758035517
1791071414,1000,,Aggregated,130.700000,13.600000,440,710,1700,17000,30000,31000,31000,31000,32000,33000,33000,31837,3534,440,5917.1494202718895,4.107900022063404,32918.92690001987,4559.886170179351
1791071415,1000,,Aggregated,131.100000,13.000000,440,710,1700,17000,30000,31000,31000,31000,32000,33000,33000,31945,3548,440,5918.3451941680005,4.107900022063404,32918.92690001987,4559.150853028643
1791071416,1000,,Aggregated,132.900000,13.600000,440,710,1700,17000,30000,31000,31000,31000,32000,33000,33000,32107,3567,440,5920.805161550325,4.107900022063404,32918.92690001987,4558.245024449497
1791071417,1000,,Aggregated,131.200000,13.600000,440,710,1700,17000,30000,31000,31000,31000,32000,33000,33000,32219,3582,440,5924.71522053435,4.107900022063404,32918.92690001987,4558.134144448928
1791071418,1000,,Aggregated,133.500000,13.700000,440,710,1700,17000,30000,31000,31000,31000,32000,33000,33000,32340,3595,440,5924.0977859522645,4.107900022063404,32918.92690001987,4557.591867656153
1791071419,1000,,Aggregated,133.200000,14.100000,440,710,1700,17000,30000,31000,31000,31000,32000,33000,33000,32473,3606,440,5917.668537372475,4.107900022063404,32918.92690001987,4559.047916730822
1791071420,1000,,Aggregated,127.000000,15.600000,440,710,1800,17000,30000,31000,31000,31000,32000,33000,33000,32628,3617,440,5910.511645721343,4.107900022063404,32918.92690001987,4561.076805197989
1791071421,1000,,Aggregated,126.500000,16.200000,440,710,1800,17000,30000,31000,31000,31000,32000,33000,33000,32800,3629,440,5905.946989338302,4.107900022063404,32918.92690001987,4562.062225609756
1791071422,1000,,Aggregated,126.200000,16.000000,440,710,1700,17000,30000,31000,31000,31000,32000,33000,33000,32908,3635,440,5896.905281432982,4.107900022063404,32918.92690001987,4563.434727118026
1791071423,1000,,Aggregated,130.400000,15.700000,440,710,1700,17000,30000,31000,31000,31000,32000,33000,33000,33021,3647,440,5894.47357905262,4.107900022063404,32918.92690001987,4564.326792041428
1791071424,1000,,Aggregated,131.600000,14.300000,440,710,1700,17000,30000,31000,31000,31000,32000,33000,33000,33133,3672,440,5901.637585277419,4.107900022063404,32918.92690001987,4563.422358373827
1791071425,1000,,Aggregated,133.100000,13.700000,440,710,1700,17000,30000,31000,31000,31000,32000,33000,33000,33248,3688,440,5901.926603392582,4.107900022063404,32918.92690001987,4563.943214629451
1791071426,1000,,Aggregated,127.600000,13.800000,440,710,1800,17000,30000,31000,31000,31000,32000,33000,33000,33378,3705,440,5902.705087344852,4.107900022063404,32918.92690001987,4564.29273773144
1791071427,1000,,Aggregated,129.800000,13.600000,440,710,1800,17000,30000,31000,31000,31000,32000,33000,33000,33490,3717,440,5905.470705565745,4.107900022063404,32918.92690001987,4563.184413257689
1791071428,1000,,Aggregated,127.400000,13.500000,440,710,1800,17000,30000,31000,31000,31000,32000,33000,33000,33644,3733,440,5906.136870125329,4.107900022063404,32918.92690001987,4563.6973308762335
1791071429,1000,,Aggregated,126.200000,13.700000,440,710,1800,17000,30000,31000,31000,31000,32000,33000,33000,33789,3753,440,5908.805557406148,4.107900022063404,32918.92690001987,4563.954482227944
1791071430,1000,,Aggregated,129.400000,13.400000,440,710,1800,17000,30000,31000,31000,31000,32000,33000,33000,33915,3771,440,5908.780745793788,4.107900022063404,32918.92690001987,4564.063954002654
1791071431,1000,,Aggregated,127.600000,13.800000,440,710,1800,17000,30000,31000,31000,31000,32000,33000,33000,34014,3781,440,5907.053410836604,4.107900022063404,32918.92690001987,4564.378020814958
1791071432,1000,,Aggregated,127.500000,14.700000,440,710,1800,17000,30000,31000,31000,31000,32000,33000,33000,34156,3795,440,5903.488701522306,4.107900022063404,32918.92690001987,4565.160293945427
1791071433,1000,,Aggregated,123.900000,14.900000,440,710,1800,17000,30000,31000,31000,31000,32000,33000,33000,34254,3808,440,5905.152038696074,4.107900022063404,32918.92690001987,4564.89504875343
1791071434,1000,,Aggregated,120.600000,15.200000,450,710,1800,17000,30000,31000,31000,31000,32000,33000,33000,34372,3826,450,5907.365257299409,4.107900022063404,32918.92690001987,4564.871523332946
1791071435,1000,,Aggregated,124.000000,15.500000,450,710,1800,17000,30000,31000,31000,31000,32000,33000,33000,34511,3842,450,5904.59282313162,4.107900022063404,32918.92690001987,4565.217350989539
1791071436,1000,,Aggregated,124.300000,14.800000,450,710,1800,17000,30000,31000,31000,31000,32000,33000,33000,34652,3855,450,5909.509912180983,4.107900022063404,32918.92690001987,4564.617540113125
1791071437,1000,,Aggregated,121.500000,15.400000,450,710,1800,17000,30000,31000,31000,31000,32000,33000,33000,34782,3867,450,5907.197798395586,4.107900022063404,32918.92690001987,4564.480564659882
1791071438,1000,,Aggregated,127.500000,15.300000,450,710,1800,17000,30000,31000,31000,31000,32000,33000,33000,34892,3875,450,5901.88099234194,4.107900022063404,32918.92690001987,4565.166513814055
1791071439,1000,,Aggregated,125.500000,14.900000,450,710,1800,17000,30000,31000,31000,31000,32000,33000,33000,35013,3887,450,5897.943822788538,4.107900022063404,32918.92690001987,4565.695084682832
1791071440,1000,,Aggregated,121.800000,14.300000,450,710,1800,17000,30000,31000,31000,31000,32000,33000,33000,35140,3910,450,5905.672368941249,4.107900022063404,32918.92690001987,4565.3093625498
1791071441,1000,,Aggregated,122.800000,13.900000,450,710,1800,17000,30000,31000,31000,31000,32000,33000,33000,35267,3920,450,5901.09056825633,4.107900022063404,32918.92690001987,4566.690617290952
1791071442,1000,,Aggregated,120.000000,13.100000,450,710,1800,17000,30000,31000,31000,31000,32000,33000,33000,35397,3940,450,5905.55011456325,4.107900022063404,32918.92690001987,4565.606181314801
1791071443,1000,,Aggregated,121.400000,13.800000,450,710,1800,17000,30000,31000,31000,31000,32000,33000,33000,35541,3957,450,5905.350591080586,4.107900022063404,32918.92690001987,4566.395064854675
1791071444,1000,,Aggregated,126.000000,14.200000,450,710,1900,17000,30000,31000,31000,31000,32000,33000,33000,35712,3965,450,5910.549916299703,4.107900022063404,32918.92690001987,4565.630124327957
1791071445,1000,,Aggregated,121.500000,14.400000,450,710,1900,17000,30000,31000,31000,31000,32000,33000,33000,35858,3978,450,5919.248049918978,4.107900022063404,32918.92690001987,4564.21978359083
1791071446,1000,,Aggregated,125.200000,14.800000,450,710,1900,17000,30000,31000,31000,31000,32000,33000,33000,36041,3987,450,5906.912958072599,4.107900022063404,32918.92690001987,4566.371299353514
1791071447,1000,,Aggregated,132.500000,13.600000,450,710,1900,17000,30000,31000,31000,31000,32000,33000,33000,36121,3998,450,5905.396641634914,4.107900022063404,32918.92690001987,4566.237784114504
1791071448,1000,,Aggregated,130.900000,13.400000,450,720,1900,17000,30000,31000,31000,31000,32000,33000,33000,36234,4014,450,5904.991641411243,4.107900022063404,32952.65939994715,4566.6392062703535
1791071450,1000,,Aggregated,135.900000,12.800000,450,720,1900,17000,30000,31000,31000,31000,32000,33000,33000,36358,4028,450,5899.153272209553,4.107900022063404,32952.65939994715,4568.116893118433
1791071451,1000,,Aggregated,131.700000,13.500000,460,730,1900,17000,30000,31000,31000,31000,32000,33000,33000,36507,4049,460,5897.136513786241,4.107900022063404,32952.65939994715,4568.934396143205
1791071452,1000,,Aggregated,133.700000,13.800000,450,720,1900,17000,30000,31000,31000,31000,32000,33000,33000,36625,4058,450,5894.821262121343,4.107900022063404,32952.65939994715,4569.313064846417
1791071453,1000,,Aggregated,134.800000,13.900000,450,730,1900,17000,30000,31000,31000,31000,32000,33000,33000,36787,4071,450,5894.012052200349,4.107900022063404,32952.65939994715,4568.856416668932
1791071454,1000,,Aggregated,131.900000,13.400000,450,730,1900,17000,30000,31000,31000,31000,32000,33000,33000,36914,4079,450,5893.948762095523,4.107900022063404,32952.65939994715,4568.816790377635
1791071455,1000,,Aggregated,137.500000,13.100000,450,720,1900,17000,30000,31000,31000,31000,32000,33000,33000,37052,4091,450,5890.846004876773,4.107900022063404,32952.65939994715,4569.395903055166
1791071456,1000,,Aggregated,137.500000,13.100000,450,720,1900,17000,30000,31000,31000,31000,32000,33000,33000,37194,4100,450,5881.26125346816,4.107900022063404,32952.65939994715,4571.34209818788
1791071457,1000,,Aggregated,130.800000,12.400000,450,720,1900,17000,30000,31000,31000,31000,32000,33000,33000,37305,4118,450,5886.225637051187,4.107900022063404,32952.65939994715,4571.069883393647
1791071458,1000,,Aggregated,133.600000,12.200000,450,720,1900,17000,30000,31000,31000,31000,32000,33000,33000,37466,4138,450,5887.128614295491,4.107900022063404,32952.65939994715,4571.341055890674
1791071459,1000,,Aggregated,126.200000,12.900000,450,720,1900,17000,30000,31000,31000,31000,32000,33000,33000,37609,4157,450,5888.7824382486915,4.107900022063404,32952.65939994715,4571.068467654019
1791071460,1000,,Aggregated,132.300000,14.000000,450,720,1900,17000,30000,31000,31000,31000,32000,33000,33000,37722,4173,450,5893.577357899761,4.107900022063404,32952.65939994715,4570.33972217804
1791071461,1000,,Aggregated,133.800000,14.200000,450,720,2000,17000,30000,31000,31000,31000,32000,33000,33000,37882,4187,450,5891.376913222506,4.107900022063404,32952.65939994715,4570.9083205744155
1791071462,1000,,Aggregated,132.800000,13.900000,450,720,2000,17000,30000,31000,31000,31000,32000,33000,33000,38013,4194,450,5888.960366663906,4.107900022063404,33130.49349997891,4570.66871859627
1791071463,1000,,Aggregated,134.500000,13.700000,450,720,2000,17000,30000,31000,31000,31000,32000,33000,34000,38149,4206,450,5891.410482623257,4.107900022063404,33657.041000027675,4569.322315132769
1791071464,1000,,Aggregated,137.100000,13.600000,450,720,2000,17000,30000,31000,31000,31000,32000,33000,34000,38258,4214,450,5887.967779737434,4.107900022063404,33657.041000027675,4570.419128025511
1791071465,1000,,Aggregated,136.100000,13.100000,460,720,2000,17000,30000,31000,31000,31000,32000,33000,34000,38384,4229,460,5884.139640688691,4.107900022063404,34426.2572999578,4571.54259587328
1791071466,1000,,Aggregated,132.400000,13.300000,460,720,1900,17000,30000,31000,31000,31000,32000,34000,34000,38529,4242,460,5878.21246918411,4.107900022063404,34426.2572999578,4572.3798177995795
1791071467,1000,,Aggregated,133.400000,13.300000,460,720,1900,17000,30000,31000,31000,31000,32000,34000,35000,38683,4254,460,5873.87389077617,4.107900022063404,34530.09120002389,4573.716723108342
1791071468,1000,,Aggregated,131.600000,14.100000,460,720,1900,17000,30000,31000,31000,31000,32000,34000,35000,38847,4262,460,5868.059409225802,4.107900022063404,34530.09120002389,4574.62393492419
1791071469,1000,,Aggregated,132.900000,13.400000,450,720,1900,17000,30000,31000,31000,31000,32000,34000,35000,38991,4274,450,5865.492661832079,4.107900022063404,34530.09120002389,4574.12802954528
1791071470,1000,,Aggregated,134.100000,12.200000,450,720,1900,17000,30000,31000,31000,31000,32000,34000,35000,39134,4284,450,5857.560875532649,4.107900022063404,34530.09120002389,4576.046225788317
1791071471,1000,,Aggregated,136.600000,11.500000,450,720,1900,17000,30000,31000,31000,31000,32000,34000,35000,39282,4298,450,5851.6039163814075,4.107900022063404,34530.09120002389,4577.429102387862
1791071472,1000,,Aggregated,140.100000,11.400000,450,720,1900,17000,30000,31000,31000,31000,32000,34000,35000,39445,4313,450,5848.334679657594,4.107900022063404,34530.09120002389,4577.446241602231
1791071473,1000,,Aggregated,137.500000,10.600000,450,710,1900,17000,30000,31000,31000,31000,32000,34000,35000,39586,4322,450,5843.558568031468,4.107900022063404,34530.09120002389,4577.499242156317
1791071474,1000,,Aggregated,137.200000,11.200000,450,710,1900,17000,30000,31000,31000,31000,32000,34000,35000,39719,4332,450,5838.460843908306,4.107900022063404,34530.09120002389,4577.811022432589
1791071475,1000,,Aggregated,140.200000,11.500000,450,710,1800,17000,30000,31000,31000,31000,32000,34000,35000,39850,4341,450,5835.914950817915,4.107900022063404,34530.09120002389,4578.319071518194
1791071476,1000,,Aggregated,140.500000,11.400000,450,710,1800,17000,30000,31000,31000,31000,32000,34000,35000,39964,4358,450,5837.045703653133,4.107900022063404,34530.09120002389,4578.340331298168
1791071477,1000,,Aggregated,143.300000,11.500000,460,710,1800,17000,30000,31000,31000,31000,32000,34000,35000,40115,4373,460,5832.269064040719,4.107900022063404,34530.09120002389,4579.235871868378
1791071478,1000,,Aggregated,138.700000,10.900000,460,710,1800,17000,30000,31000,31000,31000,32000,34000,35000,40253,4389,460,5827.029501979815,4.107900022063404,34530.09120002389,4579.856905075398
1791071479,1000,,Aggregated,141.400000,11.800000,460,710,1800,17000,30000,31000,31000,31000,32000,34000,35000,40358,4407,460,5830.422185241924,4.107900022063404,34530.09120002389,4578.541379652113
1791071480,1000,,Aggregated,137.000000,12.300000,460,710,1800,17000,30000,31000,31000,31000,33000,34000,35000,40521,4419,460,5832.887282939548,4.107900022063404,34607.27069998393,4578.758544952
1791071481,1000,,Aggregated,134.700000,12.400000,460,710,1800,17000,30000,31000,31000,31000,33000,34000,35000,40650,4435,460,5833.310746541029,4.107900022063404,34607.27069998393,4578.975030750307
1791071482,1000,,Aggregated,135.500000,12.900000,460,710,1800,17000,30000,31000,31000,31000,33000,34000,35000,40793,4446,460,5827.002644848198,4.107900022063404,34607.27069998393,4579.9076312112375
1791071483,1000,,Aggregated,133.800000,13.200000,450,710,1800,17000,30000,31000,31000,31000,33000,34000,35000,40910,4455,450,5823.970059904491,4.107900022063404,34607.27069998393,4580.165167440724
1791071484,1000,,Aggregated,135.600000,13.500000,460,710,1800,17000,30000,31000,31000,31000,33000,34000,35000,41026,4469,460,5822.221598010842,4.107900022063404,34607.27069998393,4580.553161409837
1791071485,1000,,Aggregated,131.100000,13.400000,460,710,1800,17000,30000,31000,31000,31000,33000,34000,35000,41151,4489,460,5823.37053722128,4.107900022063404,34607.27069998393,4580.548880950645
1791071486,1000,,Aggregated,131.800000,13.300000,460,710,1800,17000,30000,31000,31000,31000,33000,34000,35000,41331,4499,460,5822.148134709849,4.107900022063404,34607.27069998393,4580.6588517093705
1791071487,1000,,Aggregated,126.600000,14.000000,460,710,1800,17000,30000,31000,31000,31000,33000,34000,35000,41459,4516,460,5829.463410897329,4.107900022063404,34607.27069998393,4579.081236884633
1791071488,1000,,Aggregated,133.900000,14.300000,460,710,1800,17000,30000,31000,31000,31000,33000,34000,35000,41620,4538,460,5831.593087270351,4.107900022063404,34607.27069998393,4578.619702066314
1791071489,1000,,Aggregated,132.900000,13.300000,460,710,1800,17000,30000,31000,31000,31000,33000,34000,35000,41794,4551,460,5824.56550751763,4.107900022063404,34607.27069998393,4579.638177728861
1791071490,1000,,Aggregated,136.000000,14.100000,460,710,1800,17000,30000,31000,31000,31000,33000,34000,35000,41921,4559,460,5824.023137308067,4.107900022063404,34607.27069998393,4578.989146251282
1791071491,1000,,Aggregated,138.900000,14.900000,460,710,1700,17000,30000,31000,31000,31000,33000,34000,35000,42064,4574,460,5820.831039998379,4.107900022063404,34607.27069998393,4578.977130087485
1791071492,1000,,Aggregated,141.000000,14.200000,460,710,1700,17000,30000,31000,31000,31000,33000,34000,35000,42216,4594,460,5819.710423734894,4.107900022063404,34607.27069998393,4579.2691870380895
1791071493,1000,,Aggregated,140.900000,14.000000,460,710,1700,17000,30000,31000,31000,31000,33000,34000,35000,42366,4611,460,5816.168462616072,4.107900022063404,34607.27069998393,4579.637091063589
1791071494,1000,,Aggregated,142.200000,14.100000,460,710,1700,17000,30000,31000,31000,31000,33000,34000,35000,42521,4629,460,5815.124903534555,4.107900022063404,34607.27069998393,4580.297335434256
1791071495,1000,,Aggregated,139.800000,14.600000,460,710,1700,16000,30000,31000,31000,31000,33000,34000,35000,42678,4631,460,5801.782036625267,4.107900022063404,34607.27069998393,4582.147031257322
1791071496,1000,,Aggregated,147.100000,15.600000,460,700,1700,16000,30000,31000,31000,31000,33000,34000,35000,42839,4638,460,5794.7099745673995,4.107900022063404,34607.27069998393,4581.7947197647
1791071497,1000,,Aggregated,149.300000,15.200000,460,700,1700,17000,30000,31000,31000,31000,33000,34000,35000,42974,4647,460,5798.083991243386,4.107900022063404,34607.27069998393,4581.072485689021
1791071498,1000,,Aggregated,149.000000,14.200000,460,700,1700,16000,30000,31000,31000,31000,33000,34000,35000,43151,4659,460,5787.290029072167,4.107900022063404,34607.27069998393,4582.9351811082015
1791071499,1000,,Aggregated,151.300000,13.700000,460,700,1700,16000,30000,31000,31000,31000,33000,34000,35000,43254,4670,460,5784.813307159863,4.107900022063404,34607.27069998393,4582.750450825357
1791071500,1000,,Aggregated,146.900000,12.300000,450,700,1600,16000,30000,31000,31000,31000,33000,34000,35000,43457,4674,450,5772.241179874193,4.107900022063404,34607.27069998393,4583.39715120694
1791071501,1000,,Aggregated,150.500000,11.900000,450,700,1600,16000,30000,31000,31000,31000,33000,34000,35000,43606,4690,450,5772.3905673254385,4.107900022063404,34607.27069998393,4582.452804659909
1791071502,1000,,Aggregated,147.200000,11.900000,450,700,1600,16000,30000,31000,31000,31000,33000,34000,35000,43755,4703,450,5770.915646266547,4.107900022063404,34607.27069998393,4582.327391155297
1791071503,1000,,Aggregated,150.500000,11.400000,450,700,1600,16000,30000,31000,31000,31000,33000,34000,35000,43885,4722,450,5771.979154597076,4.107900022063404,34607.27069998393,4582.068292127151
1791071504,1000,,Aggregated,149.400000,10.800000,450,700,1600,16000,30000,31000,31000,31000,33000,34000,35000,44034,4735,450,5766.913789855391,4.107900022063404,34607.27069998393,4583.233637643639
1791071505,1000,,Aggregated,152.200000,10.800000,450,700,1600,16000,30000,31000,31000,31000,33000,34000,35000,44184,4754,450,5765.578474157889,4.107900022063404,34607.27069998393,4583.376901140685
1791071506,1000,,Aggregated,150.300000,11.100000,450,690,1600,16000,30000,31000,31000,31000,33000,34000,35000,44320,4770,450,5764.58277286535,4.107900022063404,34607.27069998393,4584.036868231047
1791071507,1000,,Aggregated,150.600000,10.800000,450,690,1600,16000,30000,31000,31000,31000,33000,34000,35000,44485,4787,450,5763.661397983425,4.107900022063404,34607.27069998393,4584.634236259413
1791071508,1000,,Aggregated,148.200000,12.600000,450,690,1600,16000,30000,31000,31000,31000,33000,34000,35000,44643,4796,450,5757.455024471755,4.107900022063404,34607.27069998393,4585.02614071635
1791071509,1000,,Aggregated,143.400000,13.200000,450,690,1600,16000,30000,31000,31000,31000,33000,34000,35000,44795,4802,450,5755.091097193725,4.107900022063404,34607.27069998393,4584.639959816944
1791071510,1000,,Aggregated,151.100000,14.100000,450,690,1600,16000,30000,31000,31000,31000,33000,34000,35000,44923,4818,450,5754.926370970171,4.107900022063404,34607.27069998393,4583.404736994413
1791071511,1000,,Aggregated,147.600000,13.400000,450,690,1600,16000,30000,31000,31000,31000,33000,34000,35000,45055,4837,450,5754.9171585993345,4.107900022063404,34607.27069998393,4583.710598157807
1791071512,1000,,Aggregated,148.500000,13.400000,450,690,1500,16000,30000,31000,31000,31000,33000,34000,35000,45220,4851,450,5746.0563474898945,4.107900022063404,34607.27069998393,4585.328704113224
1791071513,1000,,Aggregated,145.300000,14.000000,450,690,1500,16000,30000,31000,31000,31000,33000,34000,35000,45375,4864,450,5738.414074983876,4.107900022063404,34607.27069998393,4586.560308539945
1791071514,1000,,Aggregated,144.500000,14.700000,450,690,1500,16000,30000,31000,31000,31000,33000,34000,35000,45533,4876,450,5737.249118232775,4.107900022063404,34607.27069998393,4586.148288054817
1791071516,1000,,Aggregated,144.900000,14.600000,450,690,1500,16000,30000,31000,31000,31000,33000,34000,35000,45690,4881,450,5726.036938463412,4.107900022063404,34607.27069998393,4587.868308163712
1791071517,1000,,Aggregated,146.000000,13.800000,450,690,1500,16000,30000,31000,31000,31000,33000,34000,35000,45802,4896,450,5726.90412282855,4.107900022063404,34607.27069998393,4587.686694904152
1791071518,1000,,Aggregated,147.100000,13.800000,450,690,1500,16000,30000,31000,31000,31000,33000,34000,35000,45934,4901,450,5717.114605438096,4.107900022063404,34607.27069998393,4589.352658161711
1791071519,1000,,Aggregated,148.000000,12.600000,450,690,1500,16000,30000,31000,31000,31000,33000,34000,35000,46072,4917,450,5713.104246967646,4.107900022063404,34607.27069998393,4590.200512241709
1791071520,1000,,Aggregated,143.900000,11.300000,450,690,1500,16000,30000,31000,31000,31000,33000,34000,35000,46231,4930,450,5707.961252019061,4.107900022063404,34607.27069998393,4590.454154138998
1791071521,1000,,Aggregated,143.900000,11.300000,450,690,1500,16000,30000,31000,31000,31000,33000,34000,35000,46358,4948,450,5710.184329880354,4.107900022063404,34607.27069998393,4590.060421070797
1791071522,1000,,Aggregated,140.900000,12.500000,450,690,1400,16000,30000,31000,31000,31000,33000,34000,35000,46540,4959,450,5700.59982324867,4.107900022063404,34607.27069998393,4591.555586592179
1791071523,1000,,Aggregated,140.900000,12.500000,450,680,1400,16000,30000,31000,31000,31000,33000,34000,35000,46670,4969,450,5697.808970897643,4.107900022063404,34607.27069998393,4591.268116563103
1791071524,1000,,Aggregated,144.800000,12.200000,450,680,1400,16000,30000,31000,31000,31000,33000,34000,35000,46802,4984,450,5698.034523421933,4.107900022063404,34607.27069998393,4590.942652023417
1791071525,1000,,Aggregated,145.000000,11.800000,450,680,1400,16000,30000,31000,31000,31000,33000,34000,35000,46919,4998,450,5696.408103235212,4.107900022063404,34607.27069998393,4591.39956094546
1791071526,1000,,Aggregated,139.000000,11.700000,450,690,1400,16000,30000,31000,31000,31000,33000,34000,35000,47062,5019,450,5696.933892881593,4.107900022063404,34607.27069998393,4591.872019888658
1791071527,1000,,Aggregated,136.200000,11.800000,460,690,1400,16000,30000,31000,31000,31000,33000,34000,35000,47179,5035,460,5696.619550789401,4.107900022063404,34607.27069998393,4591.7625638525615
1791071528,1000,,Aggregated,131.200000,12.500000,460,690,1400,16000,30000,31000,31000,31000,33000,34000,35000,47392,5042,460,5699.370807359737,4.107900022063404,34607.27069998393,4589.437900911546
1791071529,1000,,Aggregated,134.200000,13.600000,460,690,1400,16000,30000,31000,31000,31000,33000,34000,35000,47459,5054,460,5704.101600779472,4.107900022063404,34607.27069998393,4588.468593944247
1791071530,1000,,Aggregated,141.700000,14.000000,460,690,1400,16000,30000,31000,31000,31000,33000,34000,35000,47614,5064,460,5696.799202188279,4.107900022063404,34607.27069998393,4590.351262233797
1791071531,1000,,Aggregated,138.700000,13.200000,460,690,1400,16000,30000,31000,31000,31000,33000,34000,35000,47733,5086,460,5698.92201381418,4.107900022063404,34607.27069998393,4590.0205937192295
1791071532,1000,,Aggregated,136.800000,13.200000,460,690,1400,16000,30000,31000,31000,31000,33000,34000,35000,47854,5103,460,5699.028180283624,4.107900022063404,34607.27069998393,4590.524491160613
1791071533,1000,,Aggregated,132.900000,12.900000,460,690,1400,16000,30000,31000,31000,31000,33000,34000,35000,47990,5126,460,5702.544172158642,4.107900022063404,34607.27069998393,4590.581662846426
1791071534,1000,,Aggregated,130.100000,14.100000,460,690,1400,16000,30000,31000,31000,31000,33000,34000,35000,48100,5147,460,5706.98869194373,4.107900022063404,34607.27069998393,4590.190997920998
1791071535,1000,,Aggregated,128.700000,15.500000,460,690,1400,16000,30000,31000,31000,31000,33000,34000,35000,48227,5163,460,5710.524507533,4.107900022063404,34607.27069998393,4589.779501109337
1791071536,1000,,Aggregated,129.700000,16.100000,460,690,1500,16000,30000,31000,31000,31000,33000,34000,35000,48406,5179,460,5710.595184762103,4.107900022063404,34607.27069998393,4590.042308804694
1791071537,1000,,Aggregated,131.100000,16.800000,460,690,1500,16000,30000,31000,31000,31000,33000,34000,35000,48543,5193,460,5714.006246327891,4.107900022063404,34607.27069998393,4589.548482788456
1791071538,1000,,Aggregated,133.000000,16.800000,460,690,1500,16000,30000,31000,31000,31000,33000,34000,35000,48682,5205,460,5711.003999712318,4.107900022063404,34607.27069998393,4590.132964956247
1791071539,1000,,Aggregated,135.100000,15.800000,460,690,1500,16000,30000,31000,31000,31000,33000,34000,35000,48834,5217,460,5705.414204021679,4.107900022063404,34607.27069998393,4590.9966212065365
1791071540,1000,,Aggregated,128.100000,16.000000,460,690,1500,16000,30000,31000,31000,31000,33000,34000,35000,49035,5223,460,5703.514208791571,4.107900022063404,34607.27069998393,4591.230202916285
1791071541,1000,,Aggregated,131.400000,16.400000,460,690,1500,16000,30000,31000,31000,31000,33000,34000,35000,49163,5231,460,5699.884673540962,4.107900022063404,34607.27069998393,4591.758436222362
1791071542,1000,,Aggregated,135.800000,16.100000,460,690,1500,16000,30000,31000,31000,31000,33000,34000,35000,49256,5243,460,5699.55535943833,4.107900022063404,34607.27069998393,4591.897900763359
1791071543,1000,,Aggregated,142.000000,15.100000,460,700,1500,16000,30000,31000,31000,31000,33000,34000,35000,49422,5256,460,5693.118953455829,4.107900022063404,34607.27069998393,4593.3919914208245
1791071544,1000,,Aggregated,137.200000,13.500000,460,700,1500,16000,30000,31000,31000,31000,33000,34000,35000,49588,5272,460,5690.33412600618,4.107900022063404,34607.27069998393,4593.565237557474
1791071545,1000,,Aggregated,139.000000,12.800000,460,700,1500,16000,30000,31000,31000,31000,33000,34000,35000,49736,5281,460,5687.712426562137,4.107900022063404,34607.27069998393,4594.396252211678
1791071546,1000,,Aggregated,146.600000,12.500000,460,700,1500,16000,30000,31000,31000,31000,33000,34000,35000,49889,5291,460,5681.954244073736,4.107900022063404,34607.27069998393,4595.253843532642
1791071547,1000,,Aggregated,146.400000,11.600000,460,690,1500,16000,30000,31000,31000,31000,33000,34000,35000,50057,5302,460,5674.013097356907,4.107900022063404,34607.27069998393,4596.257746169367
1791071548,1000,,Aggregated,146.700000,11.300000,460,690,1400,16000,30000,31000,31000,31000,33000,34000,35000,50205,5312,460,5670.3193752832285,4.107900022063404,34607.27069998393,4596.491723931879
1791071549,1000,,Aggregated,148.600000,10.700000,460,690,1400,16000,30000,31000,31000,31000,33000,34000,35000,50329,5324,460,5668.641727683723,4.107900022063404,34607.27069998393,4596.78455761092
1791071550,1000,,Aggregated,151.400000,10.400000,460,690,1400,16000,30000,31000,31000,31000,33000,34000,35000,50482,5341,460,5668.4263798342945,4.107900022063404,34607.27069998393,4597.160076859079
1791071551,1000,,Aggregated,152.300000,10.900000,460,690,1400,16000,30000,31000,31000,31000,33000,34000,35000,50609,5350,460,5663.445232788534,4.107900022063404,34607.27069998393,4598.747120077456
1791071552,1000,,Aggregated,147.000000,11.300000,460,690,1400,16000,30000,31000,31000,31000,33000,34000,35000,50763,5358,460,5658.001980357642,4.107900022063404,34607.27069998393,4599.5127356539215
1791071553,1000,,Aggregated,142.000000,11.800000,460,690,1400,16000,30000,31000,31000,31000,33000,34000,35000,50894,5370,460,5658.0466183851795,4.107900022063404,34607.27069998393,4599.355287460211
1791071554,1000,,Aggregated,146.700000,11.700000,460,690,1400,16000,30000,31000,31000,31000,33000,34000,35000,51044,5387,460,5657.356372227786,4.107900022063404,34607.27069998393,4599.6444636000315
1791071555,1000,,Aggregated,148.800000,11.100000,460,690,1400,16000,30000,31000,31000,31000,33000,34000,35000,51177,5396,460,5655.390419143262,4.107900022063404,34607.27069998393,4599.683646950779
1791071556,1000,,Aggregated,142.700000,11.200000,460,690,1400,16000,30000,31000,31000,31000,33000,34000,35000,51291,5405,460,5653.037713162056,4.107900022063404,34607.27069998393,4599.97206137529
1791071557,1000,,Aggregated,143.600000,11.300000,460,690,1400,16000,30000,31000,31000,31000,33000,34000,35000,51438,5423,460,5651.699576713604,4.107900022063404,34607.27069998393,4599.737839729383
1791071558,1000,,Aggregated,143.700000,11.300000,460,690,1400,16000,30000,31000,31000,31000,33000,34000,35000,51567,5436,460,5649.907978239851,4.107900022063404,34607.27069998393,4600.071867667307
1791071559,1000,,Aggregated,139.900000,12.000000,460,690,1400,16000,30000,31000,31000,31000,33000,34000,35000,51689,5456,460,5650.906917028662,4.107900022063404,34607.27069998393,4600.050532995415
1791071560,1000,,Aggregated,133.300000,12.500000,460,690,1400,16000,30000,31000,31000,31000,33000,34000,35000,51780,5472,460,5653.974779279536,4.107900022063404,34607.27069998393,4599.503205870993
1791071561,1000,,Aggregated,131.000000,11.800000,460,690,1400,16000,30000,31000,31000,31000,33000,34000,35000,51911,5485,460,5651.293654649196,4.107900022063404,34607.27069998393,4600.215869468899
1791071562,1000,,Aggregated,130.700000,12.400000,460,690,1400,16000,30000,31000,31000,31000,33000,34000,35000,52065,5497,460,5651.2777952846245,4.107900022063404,34607.27069998393,4600.237990972822
1791071563,1000,,Aggregated,128.800000,13.000000,460,690,1400,16000,30000,31000,31000,31000,33000,34000,35000,52194,5507,460,5651.914615099309,4.107900022063404,34607.27069998393,4599.777273249799
1791071564,1000,,Aggregated,131.000000,13.800000,460,690,1400,16000,30000,31000,31000,31000,33000,34000,35000,52295,5518,460,5652.501907245306,4.107900022063404,34607.27069998393,4599.97087675686
1791071565,1000,,Aggregated,126.900000,14.000000,460,690,1400,16000,30000,31000,31000,31000,33000,34000,35000,52462,5533,460,5646.582813258992,4.107900022063404,34607.27069998393,4600.708493766917
1791071566,1000,,Aggregated,124.600000,12.900000,460,690,1400,16000,30000,31000,31000,31000,33000,34000,35000,52604,5539,460,5639.457677551013,4.107900022063404,34607.27069998393,4601.1931031860695
1791071567,1000,,Aggregated,125.200000,13.300000,460,690,1400,16000,30000,31000,31000,31000,33000,34000,35000,52753,5551,460,5641.340564604742,4.107900022063404,34607.27069998393,4600.841070650011
1791071568,1000,,Aggregated,125.100000,13.600000,460,690,1400,16000,30000,31000,31000,31000,33000,34000,35000,52876,5566,460,5640.573741251128,4.107900022063404,34607.27069998393,4600.483111430517
1791071569,1000,,Aggregated,127.000000,12.600000,460,690,1400,16000,30000,31000,31000,31000,33000,34000,35000,53003,5581,460,5638.665892562586,4.107900022063404,34607.27069998393,4600.744618229157
1791071570,1000,,Aggregated,131.800000,12.500000,460,690,1400,16000,30000,31000,31000,31000,33000,34000,35000,53129,5601,460,5637.561765116887,4.107900022063404,34607.27069998393,4600.812136497958
1791071571,1000,,Aggregated,132.100000,13.100000,460,690,1400,16000,30000,31000,31000,31000,33000,34000,35000,53322,5615,460,5633.959877806452,4.107900022063404,34607.27069998393,4601.826263080905
1791071572,1000,,Aggregated,132.200000,13.000000,460,690,1400,16000,30000,31000,31000,31000,33000,34000,35000,53487,5626,460,5640.714655377854,4.107900022063404,34607.27069998393,4600.178809804252
1791071573,1000,,Aggregated,135.800000,12.900000,460,690,1400,16000,30000,31000,31000,31000,33000,34000,35000,53635,5639,460,5640.983645481403,4.107900022063404,34607.27069998393,4600.9345017246205
1791071574,1000,,Aggregated,139.700000,12.900000,460,690,1400,16000,30000,31000,31000,31000,33000,34000,35000,53768,5653,460,5638.707810956238,4.107900022063404,34607.27069998393,4601.280073649755
1791071575,1000,,Aggregated,140.700000,12.300000,460,690,1400,16000,30000,31000,31000,31000,33000,34000,35000,53913,5675,460,5639.279450251234,4.107900022063404,34607.27069998393,4601.131341234953
1791071576,1000,,Aggregated,146.100000,13.400000,460,690,1400,16000,30000,31000,31000,31000,33000,34000,35000,54081,5689,460,5636.370562051278,4.107900022063404,34607.27069998393,4601.786209574527
1791071577,1000,,Aggregated,143.100000,13.500000,460,690,1400,16000,30000,31000,31000,31000,33000,34000,35000,54222,5697,460,5633.325816048743,4.107900022063404,34607.27069998393,4602.141381726974
1791071578,1000,,Aggregated,146.300000,14.000000,460,690,1400,16000,30000,31000,31000,31000,33000,34000,35000,54333,5714,460,5635.487288759977,4.107900022063404,34607.27069998393,4601.821416082307
1791071579,1000,,Aggregated,145.000000,14.700000,460,690,1400,16000,30000,31000,31000,31000,33000,34000,35000,54456,5728,460,5634.098791918167,4.107900022063404,34607.27069998393,4602.345398119583
1791071580,1000,,Aggregated,144.500000,14.300000,470,690,1400,16000,30000,31000,31000,31000,33000,34000,35000,54661,5746,470,5629.536253226167,4.107900022063404,34607.27069998393,4603.566564826841
1791071581,1000,,Aggregated,143.100000,14.400000,470,690,1400,16000,30000,31000,31000,31000,33000,34000,35000,54767,5750,470,5626.804088209971,4.107900022063404,34607.27069998393,4604.458834699728
1791071582,1000,,Aggregated,141.500000,14.000000,470,690,1400,16000,30000,31000,31000,31000,33000,34000,35000,54929,5753,470,5620.713271291947,4.107900022063404,34607.27069998393,4605.498170365381
1791071583,1000,,Aggregated,150.300000,14.200000,460,690,1400,16000,30000,31000,31000,31000,33000,34000,35000,55081,5770,460,5620.99879897597,4.107900022063404,34607.27069998393,4604.926562698572
1791071584,1000,,Aggregated,140.000000,13.100000,460,690,1400,16000,30000,31000,31000,31000,33000,34000,35000,55221,5792,460,5624.181035777978,4.107900022063404,34607.27069998393,4604.219246301226
1791071585,1000,,Aggregated,142.400000,12.900000,460,690,1400,16000,30000,31000,31000,31000,33000,34000,35000,55367,5805,460,5620.307562827967,4.107900022063404,34607.27069998393,4604.5360774468545
1791071586,1000,,Aggregated,141.100000,12.800000,460,690,1300,16000,30000,31000,31000,31000,33000,34000,35000,55516,5820,460,5619.202825347577,4.107900022063404,34607.27069998393,4604.73764320196
1791071587,1000,,Aggregated,144.500000,13.400000,460,690,1300,16000,30000,31000,31000,31000,33000,34000,35000,55607,5829,460,5618.337953714389,4.107900022063404,34607.27069998393,4605.1820993759775
1791071589,1000,,Aggregated,142.900000,12.900000,470,690,1300,16000,30000,31000,31000,31000,33000,34000,35000,55749,5848,470,5616.0744557013795,4.107900022063404,34607.27069998393,4605.550790148703
1791071590,1000,,Aggregated,141.600000,13.000000,470,690,1300,16000,30000,31000,31000,31000,33000,34000,35000,55879,5858,470,5613.628754328035,4.107900022063404,34607.27069998393,4605.751337711842
1791071591,1000,,Aggregated,140.400000,13.300000,470,690,1300,16000,30000,31000,31000,31000,33000,34000,35000,56039,5872,470,5612.89567514224,4.107900022063404,34607.27069998393,4605.818947518693
1791071592,1000,,Aggregated,140.400000,13.300000,460,690,1300,16000,30000,31000,31000,31000,33000,34000,35000,56150,5885,460,5613.280526220767,4.107900022063404,34607.27069998393,4605.921282279608
1791071593,1000,,Aggregated,136.100000,12.500000,460,690,1300,16000,30000,31000,31000,31000,33000,34000,35000,56314,5894,460,5608.877166287177,4.107900022063404,34607.27069998393,4606.290425116312
1791071594,1000,,Aggregated,138.300000,13.500000,460,690,1300,16000,30000,31000,31000,31000,33000,34000,35000,56490,5903,460,5604.998841375397,4.107900022063404,34607.27069998393,4606.707523455479
1791071595,1000,,Aggregated,136.900000,13.800000,460,690,1300,16000,30000,31000,31000,31000,33000,34000,35000,56621,5913,460,5605.665039103793,4.107900022063404,34607.27069998393,4605.861482488829
1791071596,1000,,Aggregated,137.500000,13.300000,460,690,1300,16000,30000,31000,31000,31000,33000,34000,35000,56784,5926,460,5603.122048733725,4.107900022063404,34607.27069998393,4605.994435052127
1791071597,1000,,Aggregated,137.200000,12.000000,460,690,1300,16000,30000,31000,31000,31000,33000,34000,35000,56944,5936,460,5600.591494638508,4.107900022063404,34607.27069998393,4606.481982298398
1791071598,1000,,Aggregated,138.200000,11.900000,460,680,1300,16000,30000,31000,31000,31000,33000,34000,35000,57076,5953,460,5601.238080545153,4.107900022063404,34607.27069998393,4606.575565912117
1791071599,1000,,Aggregated,140.000000,11.300000,460,680,1300,16000,30000,31000,31000,31000,33000,34000,35000,57188,5965,460,5601.642171626836,4.107900022063404,34607.27069998393,4606.851699657271
1791071600,1000,,Aggregated,142.700000,11.900000,460,680,1300,16000,30000,31000,31000,31000,33000,34000,35000,57365,5976,460,5594.3950492023905,4.107900022063404,34607.27069998393,4608.502135448444
1791071601,1000,,Aggregated,143.300000,11.600000,460,680,1300,16000,30000,31000,31000,31000,33000,34000,35000,57526,5995,460,5596.725473677893,4.107900022063404,34607.27069998393,4608.334127177276
1791071602,1000,,Aggregated,147.400000,11.800000,460,680,1300,16000,30000,31000,31000,31000,33000,34000,35000,57651,6004,460,5593.601668834795,4.107900022063404,34607.27069998393,4608.747671332674
1791071603,1000,,Aggregated,145.300000,12.100000,460,680,1300,16000,30000,31000,31000,31000,33000,34000,35000,57783,6018,460,5590.783226749997,4.107900022063404,34607.27069998393,4609.303134139799
1791071604,1000,,Aggregated,147.400000,11.800000,460,680,1300,16000,30000,31000,31000,31000,33000,34000,35000,57976,6034,460,5586.382309212361,4.107900022063404,34607.27069998393,4610.001155650614
1791071605,1000,,Aggregated,146.000000,12.400000,460,680,1300,16000,30000,31000,31000,31000,33000,34000,35000,58131,6044,460,5583.121723414288,4.107900022063404,34607.27069998393,4609.990762243898
1791071606,1000,,Aggregated,148.500000,12.600000,460,680,1300,16000,30000,31000,31000,31000,33000,34000,35000,58246,6055,460,5581.641379148714,4.107900022063404,34607.27069998393,4610.0960065927275
1791071607,1000,,Aggregated,147.400000,12.900000,460,680,1300,16000,30000,31000,31000,31000,33000,34000,35000,58449,6071,460,5576.9621251894105,4.107900022063404,34607.27069998393,4610.5978374309225
1791071608,1000,,Aggregated,145.700000,12.600000,460,680,1300,16000,30000,31000,31000,31000,33000,34000,35000,58627,6082,460,5574.053539224176,4.107900022063404,34607.27069998393,4611.126682245382
1791071609,1000,,Aggregated,149.800000,13.400000,460,680,1300,16000,30000,31000,31000,31000,33000,34000,35000,58805,6094,460,5576.153618472854,4.107900022063404,34607.27069998393,4610.934359323187
1791071610,1000,,Aggregated,156.300000,13.200000,460,680,1300,16000,30000,31000,31000,31000,33000,34000,35000,58932,6100,460,5570.008283183936,4.107900022063404,34607.27069998393,4612.320284395574
1791071611,1000,,Aggregated,157.100000,12.300000,460,680,1300,16000,30000,31000,31000,31000,33000,34000,35000,59158,6111,460,5562.300756736127,4.107900022063404,34607.27069998393,4613.475252713073
1791071612,1000,,Aggregated,149.900000,12.200000,460,680,1300,16000,30000,31000,31000,31000,33000,34000,35000,59315,6125,460,5563.54403355467,4.107900022063404,34607.27069998393,4612.8361291410265
1791071613,1000,,Aggregated,158.100000,11.200000,460,680,1300,16000,30000,31000,31000,31000,33000,34000,35000,59422,6145,460,5567.733420325721,4.107900022063404,34607.27069998393,4612.56872875366
1791071614,1000,,Aggregated,162.500000,11.700000,460,680,1300,16000,30000,31000,31000,31000,33000,34000,35000,59573,6157,460,5563.436027107838,4.107900022063404,34607.27069998393,4613.682691823477
1791071615,1000,,Aggregated,160.300000,12.600000,470,680,1300,16000,30000,31000,31000,31000,33000,34000,35000,59743,6175,470,5559.878765472023,4.107900022063404,34607.27069998393,4614.3141288519155
1791071616,1000,,Aggregated,156.300000,12.200000,470,680,1300,16000,30000,31000,31000,31000,33000,34000,35000,59861,6189,470,5559.716584487305,4.107900022063404,34607.27069998393,4614.321828903627
1791071617,1000,,Aggregated,158.800000,12.300000,470,680,1300,16000,30000,31000,31000,31000,33000,34000,35000,60043,6203,470,5553.935309787897,4.107900022063404,34607.27069998393,4615.529986842763
1791071618,1000,,Aggregated,159.600000,12.900000,470,680,1300,16000,30000,31000,31000,31000,33000,34000,35000,60186,6215,470,5552.11067086854,4.107900022063404,34607.27069998393,4615.607184395042
1791071619,1000,,Aggregated,153.900000,13.100000,460,680,1300,16000,30000,31000,31000,31000,33000,34000,35000,60349,6224,460,5547.769984625992,4.107900022063404,34607.27069998393,4616.062552817777
1791071620,1000,,Aggregated,152.800000,13.200000,460,680,1300,16000,30000,31000,31000,31000,33000,34000,35000,60498,6236,460,5544.410591677318,4.107900022063404,34607.27069998393,4616.443171675097
1791071621,1000,,Aggregated,151.900000,13.200000,460,680,1300,16000,30000,31000,31000,31000,33000,34000,35000,60666,6246,460,5539.034706590094,4.107900022063404,34607.27069998393,4616.937098209871
1791071622,1000,,Aggregated,157.100000,13.200000,460,680,1300,16000,30000,31000,31000,31000,33000,34000,35000,60749,6255,460,5538.797330667078,4.107900022063404,34607.27069998393,4617.309931027671
1791071623,1000,,Aggregated,151.700000,13.600000,470,680,1300,16000,30000,31000,31000,31000,33000,34000,35000,60908,6268,470,5534.390657118846,4.107900022063404,34607.27069998393,4618.163443225849
1791071624,1000,,Aggregated,144.000000,12.900000,470,680,1300,16000,30000,31000,31000,31000,33000,34000,35000,61080,6273,470,5531.085409880395,4.107900022063404,34607.27069998393,4618.775049115913
1791071625,1000,,Aggregated,145.800000,11.900000,470,680,1300,16000,30000,31000,31000,31000,33000,34000,35000,61195,6285,470,5532.304322733797,4.107900022063404,34607.27069998393,4618.341678241686
1791071626,1000,,Aggregated,149.800000,11.900000,470,680,1200,16000,30000,31000,31000,31000,33000,34000,35000,61379,6306,470,5530.290448296561,4.107900022063404,34607.27069998393,4618.663956727871
1791071627,1000,,Aggregated,146.600000,11.200000,470,680,1200,16000,30000,31000,31000,31000,33000,34000,35000,61548,6320,470,5528.120003455755,4.107900022063404,34607.27069998393,4618.966660167674
1791071628,1000,,Aggregated,147.100000,11.900000,470,680,1200,16000,30000,31000,31000,31000,33000,34000,35000,61688,6330,470,5528.3955303315815,4.107900022063404,34607.27069998393,4618.849857346648
1791071629,1000,,Aggregated,148.900000,11.300000,460,680,1200,16000,30000,31000,31000,31000,33000,34000,35000,61846,6346,460,5526.514547171921,4.107900022063404,34607.27069998393,4619.111163211849
1791071630,1000,,Aggregated,149.100000,11.100000,460,680,1200,16000,30000,31000,31000,31000,33000,34000,35000,61975,6357,460,5523.619709755458,4.107900022063404,34607.27069998393,4619.727858007261
1791071631,1000,,Aggregated,147.900000,11.300000,470,680,1200,16000,30000,31000,31000,31000,33000,34000,35000,62128,6375,470,5523.454451268256,4.107900022063404,34607.27069998393,4619.9665690188
1791071632,1000,,Aggregated,150.800000,12.100000,470,670,1200,16000,30000,31000,31000,31000,33000,34000,35000,62344,6386,470,5514.676338781515,4.107900022063404,34607.27069998393,4621.460172590787
1791071633,1000,,Aggregated,146.700000,12.000000,470,670,1200,16000,30000,31000,31000,31000,33000,34000,35000,62429,6394,470,5515.793455836144,4.107900022063404,34607.27069998393,4620.984350221852
1791071634,1000,,Aggregated,151.300000,12.900000,470,670,1200,16000,30000,31000,31000,31000,33000,34000,35000,62641,6407,470,5508.070299457146,4.107900022063404,34607.27069998393,4622.395060742964
1791071635,1000,,Aggregated,156.400000,13.000000,470,670,1200,16000,30000,31000,31000,31000,33000,34000,35000,62816,6413,470,5509.730616170956,4.107900022063404,34607.27069998393,4621.241960646969
1791071636,1000,,Aggregated,148.300000,13.200000,460,670,1200,16000,30000,31000,31000,31000,33000,34000,35000,62987,6420,460,5505.097059626507,4.107900022063404,34607.27069998393,4621.904710495816
1791071637,1000,,Aggregated,157.400000,13.200000,460,670,1200,16000,30000,31000,31000,31000,33000,34000,35000,63145,6432,460,5500.775762331064,4.107900022063404,34607.27069998393,4622.243772270172
1791071638,1000,,Aggregated,158.900000,11.700000,460,670,1200,16000,30000,31000,31000,31000,33000,34000,35000,63349,6440,460,5499.180614950434,4.107900022063404,34607.27069998393,4621.925823612054
1791071639,1000,,Aggregated,158.600000,11.100000,460,670,1200,16000,30000,31000,31000,31000,33000,34000,35000,63489,6447,460,5495.360863288048,4.107900022063404,34607.27069998393,4622.5604277906405
1791071640,1000,,Aggregated,161.500000,11.600000,460,670,1200,16000,29000,31000,31000,31000,33000,34000,35000,63647,6454,460,5487.791305904357,4.107900022063404,34607.27069998393,4623.888023001869
1791071641,1000,,Aggregated,161.700000,11.000000,460,670,1200,16000,30000,31000,31000,31000,33000,34000,35000,63742,6471,460,5490.329480257831,4.107900022063404,34607.27069998393,4623.628549465031
1791071642,1000,,Aggregated,162.700000,9.600000,460,670,1200,16000,29000,31000,31000,31000,33000,34000,35000,63933,6486,460,5482.646981145807,4.107900022063404,34607.27069998393,4624.969202133483
1791071643,1000,,Aggregated,159.600000,9.600000,470,670,1200,16000,29000,31000,31000,31000,33000,34000,35000,64065,6502,470,5481.681479772026,4.107900022063404,34607.27069998393,4625.129914930149
1791071644,1000,,Aggregated,159.700000,9.700000,470,670,1200,16000,30000,31000,31000,31000,33000,34000,35000,64197,6526,470,5484.567323413786,4.107900022063404,34607.27069998393,4624.447372930199
1791071645,1000,,Aggregated,158.400000,9.900000,470,670,1200,15000,29000,31000,31000,31000,33000,34000,35000,64393,6536,470,5476.621896805479,4.107900022063404,34607.27069998393,4625.844004783128
1791071646,1000,,Aggregated,163.000000,10.400000,470,670,1200,15000,29000,31000,31000,31000,33000,34000,35000,64516,6543,470,5473.516566935265,4.107900022063404,34607.27069998393,4626.206429412859
1791071647,1000,,Aggregated,154.500000,12.100000,470,670,1200,15000,28000,31000,31000,31000,33000,34000,35000,64704,6549,470,5466.8667752673155,4.107900022063404,34607.27069998393,4626.736430514342
1791071648,1000,,Aggregated,153.800000,12.300000,470,670,1200,15000,28000,31000,31000,31000,33000,34000,35000,64859,6555,470,5463.418331838246,4.107900022063404,34607.27069998393,4627.240043787292
1791071649,1000,,Aggregated,152.800000,12.200000,470,670,1200,15000,28000,31000,31000,31000,33000,34000,35000,64969,6567,470,5461.475757061007,4.107900022063404,34607.27069998393,4627.4304052702055
1791071650,1000,,Aggregated,151.200000,11.200000,470,670,1200,15000,28000,31000,31000,31000,33000,34000,35000,65090,6584,470,5460.602805355601,4.107900022063404,34607.27069998393,4627.616530957136
1791071651,1000,,Aggregated,152.100000,11.600000,470,680,1200,15000,28000,31000,31000,31000,33000,34000,35000,65202,6592,470,5456.9261162187695,4.107900022063404,34607.27069998393,4628.571040765621
1791071652,1000,,Aggregated,143.500000,12.300000,470,680,1200,15000,28000,31000,31000,31000,33000,34000,35000,65357,6605,470,5453.025956645749,4.107900022063404,34607.27069998393,4629.242514191288
1791071653,1000,,Aggregated,146.300000,12.900000,470,680,1200,15000,28000,31000,31000,31000,33000,34000,35000,65489,6626,470,5455.565923932203,4.107900022063404,34607.27069998393,4628.86726015056
1791071654,1000,,Aggregated,143.900000,11.800000,470,680,1200,15000,28000,31000,31000,31000,33000,34000,35000,65648,6645,470,5456.758032893565,4.107900022063404,34607.27069998393,4628.619500974896
1791071655,1000,,Aggregated,140.300000,11.900000,470,680,1200,15000,28000,31000,31000,31000,33000,34000,35000,65808,6654,470,5457.51630646574,4.107900022063404,34607.27069998393,4628.4852297593
1791071656,1000,,Aggregated,141.300000,12.400000,470,680,1200,15000,28000,31000,31000,31000,33000,34000,35000,65965,6672,470,5456.695315779539,4.107900022063404,34607.27069998393,4628.48042143561
1791071657,1000,,Aggregated,141.000000,11.500000,470,680,1200,15000,28000,31000,31000,31000,33000,34000,35000,66124,6688,470,5456.142365475425,4.107900022063404,34607.27069998393,4628.334628879075
1791071658,1000,,Aggregated,141.700000,11.700000,470,680,1200,15000,28000,31000,31000,31000,33000,34000,35000,66297,6704,470,5454.9450590629585,4.107900022063404,34607.27069998393,4627.884036985082
1791071659,1000,,Aggregated,140.900000,12.800000,470,680,1200,15000,28000,31000,31000,31000,33000,34000,35000,66471,6712,470,5449.533992900625,4.107900022063404,34607.27069998393,4628.913616464323
1791071660,1000,,Aggregated,140.800000,14.300000,470,680,1200,15000,28000,31000,31000,31000,33000,34000,35000,66620,6723,470,5445.546376292365,4.107900022063404,34607.27069998393,4629.371480036025
1791071661,1000,,Aggregated,141.900000,14.700000,470,680,1200,15000,28000,31000,31000,31000,33000,34000,35000,66723,6736,470,5445.845961966598,4.107900022063404,34607.27069998393,4629.477061882709
1791071662,1000,,Aggregated,148.700000,14.400000,470,680,1200,15000,28000,31000,31000,31000,33000,34000,35000,66853,6757,470,5448.058370203254,4.107900022063404,34607.27069998393,4629.4313493784875
1791071664,1000,,Aggregated,151.200000,13.900000,470,680,1200,14000,28000,31000,31000,31000,33000,34000,35000,67016,6775,470,5445.049183785928,4.107900022063404,34607.27069998393,4630.206577533723
1791071665,1000,,Aggregated,149.100000,14.300000,470,680,1200,14000,28000,31000,31000,31000,33000,34000,35000,67172,6792,470,5445.692885811007,4.107900022063404,34607.27069998393,4630.265259334246
1791071666,1000,,Aggregated,147.700000,14.700000,470,680,1200,14000,28000,31000,31000,31000,33000,34000,35000,67335,6798,470,5442.850730523446,4.107900022063404,34607.27069998393,4630.587480507908
1791071667,1000,,Aggregated,150.900000,14.700000,470,680,1200,14000,28000,31000,31000,31000,33000,34000,35000,67466,6804,470,5439.430344856617,4.107900022063404,34607.27069998393,4630.531200901195
1791071668,1000,,Aggregated,150.900000,14.700000,470,680,1200,14000,28000,31000,31000,31000,33000,34000,35000,67554,6818,470,5440.717948817192,4.107900022063404,34607.27069998393,4630.412884507209
1791071669,1000,,Aggregated,149.600000,13.200000,470,690,1200,13000,28000,31000,31000,31000,33000,34000,35000,67720,6837,470,5438.28182628318,4.107900022063404,34607.27069998393,4631.409790313054
1791071670,1000,,Aggregated,140.300000,12.400000,470,690,1200,13000,28000,31000,31000,31000,33000,34000,35000,67889,6848,470,5434.686654422626,4.107900022063404,34607.27069998393,4632.281503630927
1791071671,1000,,Aggregated,140.900000,12.900000,470,690,1200,13000,28000,31000,31000,31000,33000,34000,35000,68016,6865,470,5436.250435820953,4.107900022063404,34607.27069998393,4631.953290402258
1791071672,1000,,Aggregated,140.900000,12.900000,470,690,1200,13000,28000,31000,31000,31000,33000,34000,35000,68101,6870,470,5434.119106168747,4.107900022063404,34607.27069998393,4632.484838695467
1791071673,1000,,Aggregated,136.000000,13.700000,470,690,1200,13000,28000,31000,31000,31000,33000,34000,35000,68247,6896,470,5438.391053156883,4.107900022063404,34607.27069998393,4631.93944056149
1791071674,1000,,Aggregated,137.200000,13.400000,470,690,1200,13000,28000,31000,31000,31000,33000,34000,35000,68415,6906,470,5436.416068296399,4.107900022063404,34607.27069998393,4632.367097858657
1791071675,1000,,Aggregated,136.200000,13.200000,470,690,1200,13000,28000,31000,31000,31000,33000,34000,35000,68548,6918,470,5438.3215457474835,4.107900022063404,34607.27069998393,4632.013713018615
1791071676,1000,,Aggregated,137.300000,12.900000,470,690,1200,13000,28000,31000,31000,31000,33000,34000,35000,68730,6932,470,5438.615417781157,4.107900022063404,34607.27069998393,4631.982380328823
1791071677,1000,,Aggregated,134.800000,12.400000,470,690,1200,13000,28000,31000,31000,31000,33000,34000,35000,68831,6942,470,5439.5789152707275,4.107900022063404,34607.27069998393,4631.613139428455
1791071678,1000,,Aggregated,135.900000,13.400000,470,690,1200,13000,28000,31000,31000,31000,33000,34000,35000,68975,6948,470,5435.5738159188095,4.107900022063404,34607.27069998393,4632.545487495469
1791071679,1000,,Aggregated,135.100000,13.400000,470,690,1200,13000,28000,31000,31000,31000,33000,34000,35000,69122,6969,470,5435.960342909636,4.107900022063404,34607.27069998393,4632.442348311681
1791071680,1000,,Aggregated,139.600000,12.900000,470,690,1200,12000,28000,31000,31000,31000,33000,34000,35000,69269,6983,470,5434.378673282421,4.107900022063404,34607.27069998393,4633.023935671079
1791071681,1000,,Aggregated,137.900000,12.700000,470,690,1200,12000,28000,31000,31000,31000,33000,34000,35000,69387,6997,470,5434.649898529989,4.107900022063404,34607.27069998393,4633.112585931082
1791071682,1000,,Aggregated,136.700000,13.200000,470,690,1200,12000,28000,31000,31000,31000,33000,34000,35000,69527,7019,470,5436.891723567816,4.107900022063404,34607.27069998393,4632.8882880032215
1791071683,1000,,Aggregated,139.500000,13.500000,470,690,1200,12000,28000,31000,31000,31000,33000,34000,35000,69693,7023,470,5432.34242590646,4.107900022063404,34607.27069998393,4634.226378545908
1791071684,1000,,Aggregated,140.300000,14.300000,470,690,1200,12000,28000,31000,31000,31000,33000,34000,35000,69809,7031,470,5432.4534144050085,4.107900022063404,34607.27069998393,4634.273259894856
1791071685,1000,,Aggregated,140.300000,14.300000,470,690,1200,12000,28000,31000,31000,31000,33000,34000,35000,69930,7038,470,5431.82322472901,4.107900022063404,34607.27069998393,4634.140669240669
1791071686,1000,,Aggregated,138.200000,12.100000,470,690,1200,12000,28000,31000,31000,31000,33000,34000,35000,69960,7043,470,5432.677217281295,4.107900022063404,34607.27069998393,4634.090022870211
1791071687,1000,,Aggregated,141.000000,12.200000,470,690,1200,12000,27000,31000,31000,31000,33000,34000,35000,70102,7088,470,5431.477819226252,4.107900022063404,34607.27069998393,4632.527417192092
1791071688,1000,,Aggregated,123.600000,10.600000,480,690,1300,12000,28000,31000,31000,31000,33000,34000,35000,70242,7118,480,5434.847236710203,4.107900022063404,34607.27069998393,4631.820719797272
1791071689,1000,,Aggregated,116.500000,10.700000,480,690,1300,12000,28000,31000,31000,31000,33000,34000,35000,70396,7136,480,5442.948830581262,4.107900022063404,34607.27069998393,4630.54801409171
1791071690,1000,,Aggregated,121.700000,15.700000,480,690,1300,12000,28000,31000,31000,31000,33000,34000,35000,70534,7143,480,5445.94411550313,4.107900022063404,34607.27069998393,4630.249936200981
1791071691,1000,,Aggregated,124.200000,16.800000,470,690,1300,12000,28000,31000,31000,31000,33000,34000,35000,70677,7159,470,5446.791210890359,4.107900022063404,34607.27069998393,4629.950365748405
1791071692,1000,,Aggregated,122.200000,16.000000,470,690,1300,12000,27000,31000,31000,31000,33000,34000,35000,70857,7173,470,5445.070322133285,4.107900022063404,34607.27069998393,4630.217367373724
1791071693,1000,,Aggregated,124.500000,15.400000,470,690,1300,12000,27000,31000,31000,31000,33000,34000,35000,71002,7179,470,5445.635195578979,4.107900022063404,34607.27069998393,4629.869341708684
1791071694,1000,,Aggregated,128.800000,15.300000,470,690,1300,12000,27000,31000,31000,31000,33000,34000,35000,71154,7192,470,5444.469224290959,4.107900022063404,34607.27069998393,4630.5010821598225
1791071695,1000,,Aggregated,131.100000,15.200000,470,690,1300,12000,26000,31000,31000,31000,33000,34000,35000,71363,7199,470,5437.408619116336,4.107900022063404,34607.27069998393,4631.8658688676205
1791071696,1000,,Aggregated,130.000000,16.200000,470,690,1300,12000,26000,31000,31000,31000,33000,34000,35000,71468,7204,470,5436.357583995622,4.107900022063404,34607.27069998393,4632.328608608048
1791071697,1000,,Aggregated,131.700000,15.900000,470,690,1300,11000,25000,31000,31000,31000,33000,34000,35000,71644,7210,470,5428.440766046002,4.107900022063404,34607.27069998393,4633.158352409134
1791071698,1000,,Aggregated,146.300000,16.300000,470,690,1300,11000,25000,31000,31000,31000,33000,34000,35000,71820,7217,470,5425.703054174314,4.107900022063404,34607.27069998393,4633.545655806182
1791071699,1000,,Aggregated,159.400000,16.300000,470,690,1300,11000,25000,31000,31000,31000,33000,34000,35000,71981,7231,470,5425.078586475586,4.107900022063404,34607.27069998393,4634.022978285937
1791071700,1000,,Aggregated,154.100000,10.900000,470,690,1300,11000,25000,31000,31000,31000,33000,34000,35000,72198,7238,470,5421.654367618203,4.107900022063404,34607.27069998393,4634.775063021137
1791071701,1000,,Aggregated,154.500000,9.500000,470,690,1300,11000,25000,31000,31000,31000,33000,34000,35000,72311,7251,470,5421.9220970142715,4.107900022063404,34607.27069998393,4634.4679509341595
1791071702,1000,,Aggregated,163.400000,9.700000,470,690,1300,11000,25000,31000,31000,31000,33000,34000,35000,72474,7267,470,5418.762904967274,4.107900022063404,34607.27069998393,4635.228205977316
1791071703,1000,,Aggregated,163.600000,9.400000,470,690,1300,10000,24000,31000,31000,31000,33000,34000,35000,72650,7279,470,5413.393998829982,4.107900022063404,34607.27069998393,4636.378706125258
1791071704,1000,,Aggregated,157.000000,9.400000,470,690,1300,10000,24000,31000,31000,31000,33000,34000,35000,72800,7296,470,5412.321282759589,4.107900022063404,34607.27069998393,4636.429848901099
1791071705,1000,,Aggregated,156.700000,9.900000,470,690,1300,9800,24000,31000,31000,31000,33000,34000,35000,72983,7299,470,5408.166254642828,4.107900022063404,34607.27069998393,4636.760409958483
1791071706,1000,,Aggregated,162.900000,9.800000,470,690,1300,9800,24000,31000,31000,31000,33000,34000,35000,73105,7311,470,5407.656863620789,4.107900022063404,34607.27069998393,4636.7745571438345
1791071707,1000,,Aggregated,165.000000,10.000000,470,690,1300,9700,24000,31000,31000,31000,33000,34000,35000,73237,7333,470,5408.264922784907,4.107900022063404,34607.27069998393,4636.708057402679
1791071708,1000,,Aggregated,163.800000,10.000000,480,700,1300,9600,24000,31000,31000,31000,33000,34000,35000,73405,7347,480,5404.0104829166685,4.107900022063404,34607.27069998393,4637.8542197398
1791071709,1000,,Aggregated,157.100000,10.700000,480,700,1300,9500,24000,31000,31000,31000,33000,34000,35000,73566,7359,480,5402.01092000785,4.107900022063404,34607.27069998393,4637.916156920316
1791071710,1000,,Aggregated,156.000000,12.300000,470,700,1300,9600,24000,31000,31000,31000,33000,34000,35000,73710,7370,470,5401.618153903093,4.107900022063404,34607.27069998393,4638.249043549044
1791071711,1000,,Aggregated,157.900000,12.800000,470,690,1200,9500,24000,31000,31000,31000,33000,34000,35000,73908,7376,470,5394.469182563413,4.107900022063404,34607.27069998393,4639.065243275423
1791071712,1000,,Aggregated,151.400000,12.700000,470,690,1200,9500,24000,31000,31000,31000,33000,34000,35000,74042,7387,470,5393.911392890476,4.107900022063404,34607.27069998393,4639.046743740039
1791071713,1000,,Aggregated,149.800000,12.700000,470,690,1300,9500,24000,31000,31000,31000,33000,34000,35000,74155,7403,470,5395.56962061489,4.107900022063404,34655.70390003268,4638.651446294923
1791071714,1000,,Aggregated,157.900000,11.700000,470,690,1200,9400,24000,31000,31000,31000,33000,34000,35000,74391,7420,470,5390.151809792811,4.107900022063404,35027.048099960666,4639.531287386915
1791071715,1000,,Aggregated,158.700000,11.800000,470,700,1200,9400,24000,31000,31000,31000,33000,34000,35000,74501,7427,470,5388.034108050847,4.107900022063404,35027.048099960666,4640.161554878458
1791071716,1000,,Aggregated,152.300000,12.300000,470,690,1200,9300,24000,31000,31000,31000,33000,34000,35000,74695,7435,470,5383.151676892653,4.107900022063404,35027.048099960666,4640.014110716916
1791071717,1000,,Aggregated,150.700000,12.700000,470,690,1200,9200,24000,31000,31000,31000,33000,34000,35000,74851,7447,470,5380.4250192608915,4.107900022063404,35027.048099960666,4640.647205782154
1791071718,1000,,Aggregated,154.300000,12.600000,470,690,1200,9200,24000,31000,31000,31000,33000,34000,35000,75040,7457,470,5375.300372253439,4.107900022063404,35027.048099960666,4641.280463752665
1791071719,1000,,Aggregated,156.800000,12.400000,470,690,1200,9100,24000,31000,31000,31000,33000,35000,36000,75155,7472,470,5375.904451123655,4.107900022063404,36305.67279999377,4641.0938460514935
1791071720,1000,,Aggregated,160.800000,11.500000,470,690,1200,9000,23000,31000,31000,31000,33000,35000,36000,75324,7481,470,5370.495107284505,4.107900022063404,36305.67279999377,4642.207025649195
1791071721,1000,,Aggregated,159.900000,10.500000,470,690,1200,9000,23000,31000,31000,31000,33000,35000,36000,75488,7492,470,5365.66931022014,4.107900022063404,36305.67279999377,4642.789979864349
1791071722,1000,,Aggregated,159.300000,11.000000,470,690,1200,9000,23000,31000,31000,31000,33000,35000,36000,75604,7504,470,5364.330735224293,4.107900022063404,36305.67279999377,4642.775712925242
1791071723,1000,,Aggregated,158.200000,11.100000,470,690,1200,8900,23000,31000,31000,31000,33000,35000,36000,75771,7516,470,5361.338952707466,4.107900022063404,36305.67279999377,4643.165551464281
1791071724,1000,,Aggregated,155.700000,11.700000,470,690,1200,8900,23000,31000,31000,31000,33000,35000,36000,75945,7525,470,5357.892778645048,4.107900022063404,36305.67279999377,4643.790045427612
1791071725,1000,,Aggregated,152.700000,11.400000,470,690,1200,8900,23000,31000,31000,31000,33000,35000,36000,76077,7537,470,5359.204694370155,4.107900022063404,36305.67279999377,4643.545644544343
1791071726,1000,,Aggregated,156.000000,10.900000,470,690,1200,8800,23000,31000,31000,31000,33000,35000,36000,76240,7549,470,5355.742647541941,4.107900022063404,36305.67279999377,4643.924422875131
1791071727,1000,,Aggregated,154.600000,10.200000,470,690,1200,8800,23000,31000,31000,31000,33000,35000,36000,76388,7563,470,5354.2546867505,4.107900022063404,36305.67279999377,4644.267672932921
1791071728,1000,,Aggregated,150.600000,11.000000,470,690,1200,8700,23000,31000,31000,31000,33000,35000,36000,76563,7573,470,5350.089729058387,4.107900022063404,36305.67279999377,4644.883455454985
1791071730,1000,,Aggregated,151.200000,11.200000,470,690,1200,8800,23000,31000,31000,31000,33000,35000,36000,76731,7587,470,5353.392930283679,4.107900022063404,36305.67279999377,4643.054176278167
1791071731,1000,,Aggregated,151.200000,11.200000,470,690,1200,8800,23000,31000,31000,31000,33000,35000,36000,76875,7596,470,5351.612780599644,4.107900022063404,36305.67279999377,4643.2252878048785
1791071732,1000,,Aggregated,152.000000,11.200000,470,690,1200,8800,23000,31000,31000,31000,33000,35000,36000,77006,7612,470,5351.319525191515,4.107900022063404,36305.67279999377,4643.241734410306
1791071733,1000,,Aggregated,152.000000,11.200000,470,690,1200,8800,23000,31000,31000,31000,33000,35000,36000,77137,7633,470,5352.308450625477,4.107900022063404,36305.67279999377,4643.127772664221
1791071734,1000,,Aggregated,150.000000,11.000000,470,690,1200,8800,23000,31000,31000,31000,33000,35000,36000,77283,7656,470,5353.260016744917,4.107900022063404,36305.67279999377,4643.188398483496
1791071735,1000,,Aggregated,150.100000,12.800000,470,690,1200,8800,23000,31000,31000,31000,33000,35000,36000,77425,7674,470,5353.376950049687,4.107900022063404,36305.67279999377,4643.305043590572
1791071736,1000,,Aggregated,150.100000,12.800000,480,690,1200,8800,23000,31000,31000,31000,33000,35000,36000,77522,7684,480,5352.972612931771,4.107900022063404,36305.67279999377,4643.442725935864
1791071737,1000,,Aggregated,145.600000,14.400000,480,690,1200,8600,23000,31000,31000,31000,33000,35000,36000,77708,7692,480,5346.420304317398,4.107900022063404,36305.67279999377,4644.312619035363
1791071738,1000,,Aggregated,144.200000,14.700000,480,690,1200,8600,23000,31000,31000,31000,33000,35000,36000,77801,7701,480,5346.947318666809,4.107900022063404,36305.67279999377,4644.268582666033
1791071739,1000,,Aggregated,142.700000,14.100000,480,690,1200,8600,23000,31000,31000,31000,33000,35000,36000,77964,7718,480,5347.95012937762,4.107900022063404,36305.67279999377,4644.402762813606
1791071740,1000,,Aggregated,141.000000,13.700000,480,690,1200,8600,23000,31000,31000,31000,33000,35000,36000,78119,7735,480,5347.463815617157,4.107900022063404,36305.67279999377,4644.181351527797
1791071741,1000,,Aggregated,138.900000,14.500000,470,690,1200,8600,23000,31000,31000,31000,33000,35000,36000,78243,7749,470,5347.817700638987,4.107900022063404,36305.67279999377,4644.048349373107
1791071742,1000,,Aggregated,135.000000,14.900000,470,690,1200,8500,23000,31000,31000,31000,33000,35000,36000,78406,7757,470,5345.4010461622365,4.107900022063404,36305.67279999377,4644.753143892049
1791071743,1000,,Aggregated,135.100000,15.000000,470,690,1200,8600,23000,31000,31000,31000,33000,35000,36000,78587,7764,470,5345.429732399712,4.107900022063404,36305.67279999377,4644.470128647232
1791071744,1000,,Aggregated,135.800000,15.200000,470,690,1200,8600,23000,31000,31000,31000,33000,35000,36000,78757,7771,470,5343.678656111782,4.107900022063404,36305.67279999377,4644.396701245603
1791071745,1000,,Aggregated,141.800000,12.800000,470,690,1200,8600,23000,31000,31000,31000,33000,35000,36000,78853,7785,470,5345.524523448636,4.107900022063404,36305.67279999377,4644.281549211824
1791071746,1000,,Aggregated,148.300000,11.800000,480,690,1200,8500,23000,31000,31000,31000,33000,35000,36000,79037,7801,480,5342.046492769146,4.107900022063404,36305.67279999377,4645.399015650898
1791071747,1000,,Aggregated,142.000000,11.100000,480,690,1200,8300,23000,31000,31000,31000,33000,35000,36000,79194,7812,480,5339.182851899073,4.107900022063404,36305.67279999377,4645.717983685633
1791071748,1000,,Aggregated,148.800000,11.300000,480,690,1200,8200,23000,31000,31000,31000,33000,35000,36000,79328,7826,470,5339.03831082587,4.107900022063404,36305.67279999377,4645.628025413474
1791071749,1000,,Aggregated,149.400000,11.700000,480,690,1200,8100,23000,31000,31000,31000,33000,35000,36000,79461,7842,480,5338.624422852652,4.107900022063404,36305.67279999377,4645.955034545249
1791071750,1000,,Aggregated,149.300000,12.100000,480,690,1200,6100,23000,31000,31000,31000,33000,35000,36000,79622,7859,480,5337.804722012696,4.107900022063404,36305.67279999377,4646.103664816257
1791071751,1000,,Aggregated,143.900000,12.100000,480,690,1200,6000,23000,31000,31000,31000,33000,35000,36000,79738,7867,480,5336.777544188402,4.107900022063404,36305.67279999377,4646.588565050541
1791071752,1000,,Aggregated,151.100000,11.700000,480,690,1200,5900,23000,31000,31000,31000,33000,35000,36000,79910,7883,480,5335.327789361732,4.107900022063404,36305.67279999377,4646.588687273183
1791071753,1000,,Aggregated,149.600000,12.100000,480,690,1200,5900,23000,31000,31000,31000,33000,35000,36000,80066,7895,480,5335.240020780304,4.107900022063404,36305.67279999377,4646.227849524143
1791071754,1000,,Aggregated,150.500000,12.400000,470,690,1200,5600,23000,31000,31000,31000,33000,35000,36000,80230,7900,470,5331.3247678984935,4.107900022063404,36305.67279999377,4646.824292658606
1791071755,1000,,Aggregated,146.500000,13.000000,470,690,1200,5600,23000,31000,31000,31000,33000,35000,36000,80385,7913,470,5330.711138126471,4.107900022063404,36305.67279999377,4646.9276730733345
1791071756,1000,,Aggregated,144.900000,13.000000,470,690,1200,5400,23000,31000,31000,31000,33000,35000,36000,80566,7921,470,5327.77052523765,4.107900022063404,36305.67279999377,4646.936970930666
1791071757,1000,,Aggregated,151.900000,12.800000,470,690,1200,5400,23000,31000,31000,31000,33000,35000,36000,80749,7934,470,5325.650424231827,4.107900022063404,36305.67279999377,4647.21890054366
1791071758,1000,,Aggregated,153.300000,11.900000,470,690,1200,5300,23000,31000,31000,31000,33000,35000,36000,80825,7941,470,5325.055493295343,4.107900022063404,36305.67279999377,4647.477278069904
1791071759,1000,,Aggregated,151.700000,12.300000,470,690,1200,5200,23000,31000,31000,31000,33000,35000,36000,80974,7955,470,5323.227559548691,4.107900022063404,36305.67279999377,4648.0823844690885
1791071760,1000,,Aggregated,149.600000,11.700000,480,690,1200,5100,23000,31000,31000,31000,33000,35000,36000,81113,7977,480,5324.554093327771,4.107900022063404,36305.67279999377,4648.320725407764
1791071761,1000,,Aggregated,152.900000,11.100000,480,690,1200,5100,23000,31000,31000,31000,33000,35000,36000,81196,7988,480,5324.952392728642,4.107900022063404,36305.67279999377,4648.463692792749
1791071762,1000,,Aggregated,146.500000,11.300000,480,700,1200,5000,23000,31000,31000,31000,33000,35000,36000,81330,8001,480,5322.859492284459,4.107900022063404,36305.67279999377,4649.045370711914
1791071763,1000,,Aggregated,144.800000,11.900000,480,700,1200,5000,23000,31000,31000,31000,33000,35000,36000,81489,8022,480,5323.649143537098,4.107900022063404,36305.67279999377,4648.9634674618665
1791071764,1000,,Aggregated,138.600000,11.400000,480,700,1200,5000,23000,31000,31000,31000,33000,35000,36000,81620,8027,480,5324.607207043546,4.107900022063404,36305.67279999377,4648.575189904435
1791071765,1000,,Aggregated,137.500000,12.100000,480,700,1200,5000,23000,31000,31000,31000,33000,35000,36000,81735,8033,480,5323.338128833344,4.107900022063404,36305.67279999377,4648.647996574295
1791071766,1000,,Aggregated,138.200000,12.400000,480,700,1200,5000,23000,31000,31000,31000,33000,35000,36000,81919,8047,480,5321.9048885886505,4.107900022063404,36305.67279999377,4649.244924864805
1791071767,1000,,Aggregated,134.400000,12.100000,480,700,1200,4800,23000,31000,31000,31000,33000,35000,36000,82096,8058,480,5319.742796601459,4.107900022063404,36305.67279999377,4649.294228707854
1791071768,1000,,Aggregated,127.800000,12.800000,480,700,1200,5000,23000,31000,31000,31000,33000,35000,36000,82210,8070,480,5323.471886528324,4.107900022063404,36305.67279999377,4648.334107772777
1791071769,1000,,Aggregated,130.600000,12.300000,480,700,1200,4900,23000,31000,31000,31000,33000,35000,36000,82411,8083,480,5321.333694692381,4.107900022063404,36305.67279999377,4648.869774666004
1791071770,1000,,Aggregated,136.400000,12.600000,480,700,1200,4900,23000,31000,31000,31000,33000,35000,36000,82567,8088,480,5319.13852977574,4.107900022063404,36305.67279999377,4649.165937965531
1791071771,1000,,Aggregated,140.100000,12.300000,480,700,1200,4800,23000,31000,31000,31000,33000,35000,36000,82731,8098,480,5316.797641785957,4.107900022063404,36305.67279999377,4649.362234229007
1791071772,1000,,Aggregated,141.700000,12.200000,480,700,1200,4700,23000,31000,31000,31000,33000,35000,36000,82883,8119,480,5316.787291451737,4.107900022063404,36305.67279999377,4649.391238251511
1791071773,1000,,Aggregated,148.700000,10.500000,480,700,1200,4600,23000,31000,31000,31000,33000,35000,36000,83024,8129,480,5313.473736197897,4.107900022063404,36305.67279999377,4650.012875794951
1791071774,1000,,Aggregated,153.400000,11.400000,480,700,1200,4600,23000,31000,31000,31000,33000,35000,36000,83196,8143,480,5309.859600757175,4.107900022063404,36305.67279999377,4650.618911966922
1791071775,1000,,Aggregated,153.600000,11.100000,480,700,1200,4500,23000,31000,31000,31000,33000,35000,36000,83354,8154,480,5306.289402056223,4.107900022063404,36305.67279999377,4651.324663483456
1791071776,1000,,Aggregated,152.300000,10.900000,480,700,1200,4500,23000,31000,31000,31000,33000,35000,36000,83473,8168,480,5306.068333722217,4.107900022063404,36305.67279999377,4651.276820049597
1791071777,1000,,Aggregated,154.400000,11.500000,480,700,1200,4500,23000,31000,31000,31000,33000,35000,36000,83624,8183,480,5304.935041422262,4.107900022063404,36305.67279999377,4651.6997991007365
1791071778,1000,,Aggregated,155.500000,11.200000,480,700,1200,4400,23000,31000,31000,31000,33000,35000,36000,83750,8192,480,5303.530483310987,4.107900022063404,36305.67279999377,4651.920274626866
1791071779,1000,,Aggregated,153.300000,11.700000,480,690,1200,4400,23000,31000,31000,31000,33000,35000,36000,83858,8201,480,5302.285198205238,4.107900022063404,36305.67279999377,4652.189033842925
1791071780,1000,,Aggregated,151.100000,12.000000,480,690,1200,4400,23000,31000,31000,31000,33000,35000,36000,84043,8211,480,5298.741778477623,4.107900022063404,36305.67279999377,4652.554501862142
1791071781,1000,,Aggregated,145.200000,11.900000,480,690,1200,4400,23000,31000,31000,31000,33000,35000,36000,84191,8219,480,5299.6933727785,4.107900022063404,36305.67279999377,4652.133054602036
1791071782,1000,,Aggregated,143.800000,11.700000,480,690,1200,4400,23000,31000,31000,31000,33000,35000,36000,84319,8233,480,5301.265863039116,4.107900022063404,36305.67279999377,4651.958099597955
1791071783,1000,,Aggregated,141.400000,12.200000,480,690,1200,4400,23000,31000,31000,31000,33000,35000,36000,84423,8240,480,5299.16589325178,4.107900022063404,36305.67279999377,4652.230730961942
1791071784,1000,,Aggregated,142.500000,11.500000,480,690,1200,4300,23000,31000,31000,31000,33000,35000,36000,84589,8262,480,5299.200980752757,4.107900022063404,36305.67279999377,4652.528934022154
1791071785,1000,,Aggregated,142.200000,11.000000,480,690,1200,4300,23000,31000,31000,31000,33000,35000,36000,84747,8282,480,5299.023735048967,4.107900022063404,36305.67279999377,4652.313828218108
1791071786,1000,,Aggregated,139.200000,11.500000,480,690,1200,4300,23000,31000,31000,31000,33000,35000,36000,84895,8296,480,5299.747699908063,4.107900022063404,36305.67279999377,4652.427068731963
1791071787,1000,,Aggregated,138.800000,11.800000,480,690,1200,4300,23000,31000,31000,31000,33000,35000,36000,85108,8308,480,5299.842073134079,4.107900022063404,36305.67279999377,4652.40736476007
1791071788,1000,,Aggregated,137.100000,12.600000,480,690,1200,4300,23000,31000,31000,31000,33000,35000,36000,85222,8322,480,5300.059745374375,4.107900022063404,36305.67279999377,4652.047534674145
1791071789,1000,,Aggregated,140.600000,12.600000,480,690,1200,4300,23000,31000,31000,31000,33000,35000,36000,85359,8336,480,5299.244838826545,4.107900022063404,36305.67279999377,4652.413699785611
1791071790,1000,,Aggregated,145.600000,12.600000,480,690,1200,4300,23000,31000,31000,31000,33000,35000,36000,85488,8346,480,5298.555644954793,4.107900022063404,36305.67279999377,4652.67253883586
1791071791,1000,,Aggregated,146.500000,13.000000,480,690,1200,4300,23000,31000,31000,31000,33000,35000,36000,85642,8358,480,5297.316675141821,4.107900022063404,36305.67279999377,4653.35235048224
1791071792,1000,,Aggregated,147.600000,13.500000,480,690,1200,4200,23000,31000,31000,31000,33000,35000,36000,85818,8365,480,5294.924564227743,4.107900022063404,36305.67279999377,4653.489990444895
1791071793,1000,,Aggregated,144.200000,13.500000,480,690,1200,4200,23000,31000,31000,31000,33000,35000,36000,85919,8376,480,5296.016412658394,4.107900022063404,36305.67279999377,4653.420733481535
1791071795,1000,,Aggregated,143.600000,13.500000,480,690,1200,4200,23000,31000,31000,31000,33000,35000,36000,86033,8393,480,5297.292989127385,4.107900022063404,36305.67279999377,4653.149431032279
1791071796,1000,,Aggregated,146.700000,13.200000,480,690,1200,4200,23000,31000,31000,31000,33000,35000,36000,86227,8403,480,5291.519447305322,4.107900022063404,36305.67279999377,4654.447122131119
1791071797,1000,,Aggregated,141.200000,13.000000,480,690,1200,4200,23000,31000,31000,31000,33000,35000,36000,86376,8412,480,5292.527831818974,4.107900022063404,36305.67279999377,4654.36548346763
1791071798,1000,,Aggregated,141.200000,13.000000,480,690,1200,4200,23000,31000,31000,31000,33000,35000,36000,86526,8416,480,5292.580957593049,4.107900022063404,36305.67279999377,4654.112451748608
1791071799,1000,,Aggregated,148.000000,12.100000,480,690,1200,4100,23000,31000,31000,31000,33000,35000,36000,86687,8427,480,5288.689223919344,4.107900022063404,36305.67279999377,4654.833481375524
1791071800,1000,,Aggregated,144.200000,11.500000,480,690,1200,4100,23000,31000,31000,31000,33000,35000,36000,86788,8443,480,5289.256474376603,4.107900022063404,36305.67279999377,4654.748721021339
1791071801,1000,,Aggregated,144.900000,10.500000,480,700,1200,4100,23000,31000,31000,31000,33000,35000,36000,86881,8451,480,5288.317690585943,4.107900022063404,36305.67279999377,4655.217895742452
1791071802,1000,,Aggregated,140.200000,10.400000,480,700,1200,4000,23000,31000,31000,31000,33000,35000,36000,87075,8469,480,5284.738293181709,4.107900022063404,36305.67279999377,4655.980361757106
1791071803,1000,,Aggregated,136.700000,10.300000,480,700,1200,4100,23000,31000,31000,31000,33000,35000,36000,87247,8479,480,5286.82780693201,4.107900022063404,36305.67279999377,4655.623746375233
1791071804,1000,,Aggregated,139.600000,10.400000,480,700,1200,4100,23000,31000,31000,31000,33000,35000,36000,87339,8490,480,5288.225946909134,4.107900022063404,36305.67279999377,4655.33809638306
1791071805,1000,,Aggregated,142.300000,11.400000,480,700,1200,4000,23000,31000,31000,31000,33000,35000,36000,87500,8501,480,5285.281306457111,4.107900022063404,36305.67279999377,4656.285131428572
1791071806,1000,,Aggregated,140.600000,10.900000,480,700,1200,4000,23000,31000,31000,31000,33000,35000,36000,87691,8514,480,5285.21675928428,4.107900022063404,36305.67279999377,4656.313817837635
1791071807,1000,,Aggregated,142.600000,10.800000,480,700,1200,4000,23000,31000,31000,31000,33000,35000,36000,87836,8521,480,5287.22539770137,4.107900022063404,36305.67279999377,4655.790871624391
1791071808,1000,,Aggregated,146.300000,11.100000,480,700,1200,4000,23000,31000,31000,31000,33000,35000,36000,88004,8535,480,5284.155352146462,4.107900022063404,36305.67279999377,4656.360074542066
1791071809,1000,,Aggregated,144.600000,10.600000,480,700,1200,4000,23000,31000,31000,31000,33000,35000,36000,88102,8553,480,5285.549690030845,4.107900022063404,36305.67279999377,4655.941181811991
1791071810,1000,,Aggregated,142.200000,11.800000,480,700,1200,3900,23000,31000,31000,31000,33000,35000,36000,88316,8567,480,5281.193735897207,4.107900022063404,36305.67279999377,4656.925064540967
1791071811,1000,,Aggregated,141.200000,12.300000,480,700,1200,3900,23000,31000,31000,31000,33000,35000,36000,88389,8576,480,5281.712008109581,4.107900022063404,36305.67279999377,4656.76501600878
1791071812,1000,,Aggregated,146.800000,12.200000,480,700,1200,3900,23000,31000,31000,31000,33000,35000,36000,88570,8590,480,5280.017476136362,4.107900022063404,36305.67279999377,4657.083402958112
1791071813,1000,,Aggregated,150.400000,12.400000,480,700,1200,3900,23000,31000,31000,31000,33000,35000,36000,88722,8599,480,5282.425625905608,4.107900022063404,36305.67279999377,4656.434401839453
1791071814,1000,,Aggregated,150.000000,12.300000,480,700,1200,3900,23000,31000,31000,31000,33000,35000,36000,88874,8610,480,5279.979929792705,4.107900022063404,36305.67279999377,4656.581598667777
1791071815,1000,,Aggregated,146.500000,11.700000,480,700,1200,3900,23000,31000,31000,31000,33000,35000,36000,89050,8618,480,5276.57158337672,4.107900022063404,36305.67279999377,4657.321471083661
1791071816,1000,,Aggregated,149.400000,12.200000,480,700,1200,3900,23000,31000,31000,31000,33000,35000,36000,89169,8633,480,5278.3782474985355,4.107900022063404,36305.67279999377,4657.0212517803275
1791071817,1000,,Aggregated,153.800000,11.400000,480,700,1200,3900,23000,31000,31000,31000,33000,35000,36000,89319,8647,480,5278.777189544181,4.107900022063404,36305.67279999377,4657.001522632363
1791071818,1000,,Aggregated,143.200000,10.900000,480,700,1200,3900,23000,31000,31000,31000,33000,35000,36000,89488,8659,480,5276.553052876316,4.107900022063404,36305.67279999377,4657.163597353835
1791071819,1000,,Aggregated,147.400000,12.800000,480,690,1200,3900,23000,31000,31000,31000,33000,35000,36000,89627,8669,480,5275.943672160127,4.107900022063404,36305.67279999377,4657.418523436018
1791071820,1000,,Aggregated,148.500000,12.100000,480,700,1200,3900,23000,31000,31000,31000,33000,35000,36000,89694,8676,480,5276.271225941485,4.107900022063404,36305.67279999377,4657.327101032399
1791071821,1000,,Aggregated,147.500000,11.600000,480,700,1200,3800,23000,31000,31000,31000,33000,35000,36000,89897,8692,480,5272.3574974837375,4.107900022063404,36305.67279999377,4658.37686463397
1791071822,1000,,Aggregated,142.600000,11.100000,480,700,1200,3800,23000,31000,31000,31000,33000,35000,36000,90053,8711,480,5274.534175039089,4.107900022063404,36305.67279999377,4657.910375001388
1791071823,1000,,Aggregated,138.200000,11.200000,480,700,1200,3800,23000,31000,31000,31000,33000,35000,36000,90218,8718,480,5274.222325351872,4.107900022063404,36305.67279999377,4658.071083375823
1791071824,1000,,Aggregated,145.600000,11.900000,480,700,1200,3800,23000,31000,31000,31000,33000,35000,36000,90344,8725,480,5271.495432951778,4.107900022063404,36305.67279999377,4658.7062007438235
1791071825,1000,,Aggregated,145.300000,11.900000,480,700,1100,3700,23000,31000,31000,31000,33000,35000,36000,90527,8737,480,5268.3773005920375,4.107900022063404,36305.67279999377,4659.058523976272
1791071826,1000,,Aggregated,146.100000,11.600000,480,700,1100,3700,23000,31000,31000,31000,33000,35000,36000,90647,8750,480,5268.348004871594,4.107900022063404,36305.67279999377,4658.91342239677
1791071827,1000,,Aggregated,143.400000,11.700000,480,700,1100,3700,23000,31000,31000,31000,33000,35000,36000,90831,8762,480,5262.876364645274,4.107900022063404,36305.67279999377,4659.732558267552
1791071828,1000,,Aggregated,148.400000,12.200000,480,690,1100,3700,23000,31000,31000,31000,33000,35000,36000,91001,8768,480,5261.638463625618,4.107900022063404,36305.67279999377,4659.784277095856
1791071829,1000,,Aggregated,142.300000,10.900000,480,690,1100,3700,23000,31000,31000,31000,33000,35000,36000,91169,8782,480,5263.298909507564,4.107900022063404,36305.67279999377,4659.407912777369
1791071830,1000,,Aggregated,149.200000,11.100000,480,690,1100,3700,23000,31000,31000,31000,33000,35000,36000,91351,8793,480,5261.003167459525,4.107900022063404,36305.67279999377,4659.697934341168
1791071831,1000,,Aggregated,151.700000,11.000000,480,690,1100,3700,23000,31000,31000,31000,33000,35000,36000,91509,8808,480,5259.263834489453,4.107900022063404,36305.67279999377,4659.741140215717
1791071832,1000,,Aggregated,155.300000,11.100000,480,690,1100,3700,23000,31000,31000,31000,33000,35000,36000,91663,8815,480,5258.738686205945,4.107900022063404,36305.67279999377,4659.587368949304
1791071833,1000,,Aggregated,163.000000,11.600000,480,690,1100,3700,23000,31000,31000,31000,33000,35000,36000,91793,8827,480,5258.011091137617,4.107900022063404,36305.67279999377,4659.83979170525
1791071834,1000,,Aggregated,158.100000,10.500000,480,690,1100,3600,23000,31000,31000,31000,33000,35000,36000,91963,8840,480,5255.367742393091,4.107900022063404,36305.67279999377,4660.525504822592
1791071835,1000,,Aggregated,153.700000,10.300000,480,690,1100,3700,23000,31000,31000,31000,33000,35000,36000,92085,8863,480,5258.507267918724,4.107900022063404,36305.67279999377,4659.875158820655
1791071836,1000,,Aggregated,156.500000,10.700000,480,690,1100,3600,23000,31000,31000,31000,33000,35000,36000,92231,8875,480,5257.222694681782,4.107900022063404,36305.67279999377,4660.324977502141
1791071837,1000,,Aggregated,156.600000,11.200000,480,690,1100,3600,23000,31000,31000,31000,33000,35000,36000,92416,8885,480,5255.564289800418,4.107900022063404,36305.67279999377,4660.6054903912745
1791071838,1000,,Aggregated,153.000000,12.500000,480,690,1100,3600,23000,31000,31000,31000,33000,35000,36000,92574,8892,480,5254.062235386774,4.107900022063404,36305.67279999377,4660.689502452093
1791071839,1000,,Aggregated,159.100000,12.700000,480,690,1100,3600,23000,31000,31000,31000,33000,35000,36000,92728,8898,480,5250.302949633281,4.107900022063404,36305.67279999377,4661.518182210336
1791071840,1000,,Aggregated,156.800000,12.000000,480,690,1100,3600,23000,31000,31000,31000,33000,35000,36000,92858,8914,480,5250.4976575986475,4.107900022063404,36305.67279999377,4661.422160718516
1791071841,1000,,Aggregated,152.700000,11.800000,480,690,1100,3600,23000,31000,31000,31000,33000,35000,36000,92970,8922,480,5248.451853651659,4.107900022063404,36305.67279999377,4661.928998601699
1791071842,1000,,Aggregated,152.800000,11.900000,480,690,1100,3500,23000,31000,31000,31000,33000,35000,36000,93146,8940,480,5247.402774396052,4.107900022063404,36305.67279999377,4662.348270457132
1791071843,1000,,Aggregated,151.400000,11.400000,480,690,1100,3500,23000,31000,31000,31000,33000,35000,36000,93303,8952,480,5246.548661923999,4.107900022063404,36305.67279999377,4662.265361242404
1791071844,1000,,Aggregated,146.300000,12.600000,480,690,1100,3500,23000,31000,31000,31000,33000,35000,36000,93434,8968,480,5247.705441094191,4.107900022063404,36305.67279999377,4662.079660509023
1791071845,1000,,Aggregated,150.200000,12.700000,480,690,1100,3500,23000,31000,31000,31000,33000,35000,36000,93646,8980,480,5245.646000536002,4.107900022063404,36305.67279999377,4662.601424513594
1791071846,1000,,Aggregated,149.300000,12.700000,480,690,1100,3500,23000,31000,31000,31000,33000,35000,36000,93821,8990,480,5247.737634489026,4.107900022063404,36305.67279999377,4662.301403736903
1791071847,1000,,Aggregated,146.700000,12.600000,480,690,1100,3500,23000,31000,31000,31000,33000,35000,36000,93965,9003,480,5247.884428527589,4.107900022063404,36305.67279999377,4662.128505294525
1791071848,1000,,Aggregated,154.500000,11.200000,480,690,1100,3500,23000,31000,31000,31000,33000,35000,36000,94123,9012,480,5244.806814955911,4.107900022063404,36305.67279999377,4662.853617075529
1791071849,1000,,Aggregated,152.500000,11.000000,480,690,1100,3500,23000,31000,31000,31000,33000,35000,36000,94319,9026,480,5241.124916328574,4.107900022063404,36305.67279999377,4663.334068427358
1791071850,1000,,Aggregated,151.100000,12.100000,480,690,1100,3500,23000,31000,31000,31000,33000,35000,36000,94469,9036,480,5239.733303093023,4.107900022063404,36305.67279999377,4663.096857170077
1791071851,1000,,Aggregated,155.000000,11.900000,480,690,1100,3500,23000,31000,31000,31000,33000,35000,36000,94646,9054,480,5240.62534375774,4.107900022063404,36305.67279999377,4663.000401496101
1791071852,1000,,Aggregated,156.800000,12.000000,480,690,1100,3500,23000,31000,31000,31000,33000,35000,36000,94878,9060,480,5238.318000811515,4.107900022063404,36305.67279999377,4662.725099601594
1791071853,1000,,Aggregated,159.200000,12.100000,480,690,1100,3500,23000,31000,31000,31000,33000,35000,36000,94974,9070,480,5238.748263107742,4.107900022063404,36305.67279999377,4662.441215490555
1791071854,1000,,Aggregated,160.800000,11.900000,480,690,1100,3500,23000,31000,31000,31000,33000,35000,36000,95131,9080,480,5236.027016076728,4.107900022063404,36305.67279999377,4663.113758921908
1791071855,1000,,Aggregated,168.800000,11.600000,480,690,1100,3500,23000,31000,31000,31000,33000,35000,36000,95335,9086,480,5231.442262400956,4.107900022063404,36305.67279999377,4663.415041695075
1791071856,1000,,Aggregated,164.100000,11.300000,480,690,1100,3400,23000,31000,31000,31000,33000,35000,36000,95509,9088,480,5226.877591445778,4.107900022063404,36305.67279999377,4663.6666073354345
1791071857,1000,,Aggregated,166.700000,11.000000,480,690,1100,3400,22000,31000,31000,31000,33000,35000,36000,95666,9095,480,5224.0398117721525,4.107900022063404,36305.67279999377,4663.671272970543
1791071858,1000,,Aggregated,168.000000,10.400000,480,690,1100,3400,22000,31000,31000,31000,33000,35000,36000,95818,9106,480,5221.955787899918,4.107900022063404,36305.67279999377,4664.297866789121
1791071859,1000,,Aggregated,167.700000,9.600000,480,690,1100,3400,22000,31000,31000,31000,33000,35000,36000,95956,9114,480,5218.92252886109,4.107900022063404,36305.67279999377,4664.76091125099
1791071860,1000,,Aggregated,167.000000,8.900000,480,690,1100,3400,22000,31000,31000,31000,33000,35000,36000,96092,9130,480,5218.516112414085,4.107900022063404,36305.67279999377,4664.798453565333
1791071861,1000,,Aggregated,165.000000,9.300000,480,690,1100,3400,22000,31000,31000,31000,33000,35000,36000,96174,9140,480,5218.56816318646,4.107900022063404,36305.67279999377,4664.806330193192
1791071863,1000,,Aggregated,162.500000,8.800000,480,690,1100,3300,22000,31000,31000,31000,33000,35000,36000,96388,9158,480,5215.043105786966,4.107900022063404,36305.67279999377,4665.793812507781
1791071864,1000,,Aggregated,159.100000,9.200000,480,690,1100,3300,22000,31000,31000,31000,33000,35000,36000,96532,9173,480,5216.2503837576505,4.107900022063404,36305.67279999377,4665.222744789293
1791071865,1000,,Aggregated,150.000000,9.700000,480,690,1100,3300,22000,31000,31000,31000,33000,35000,36000,96712,9181,480,5213.127435399888,4.107900022063404,36305.67279999377,4665.498076764
1791071866,1000,,Aggregated,155.300000,10.300000,480,690,1100,3300,22000,31000,31000,31000,33000,35000,36000,96887,9189,480,5209.988930377595,4.107900022063404,36305.67279999377,4665.883049325503
1791071867,1000,,Aggregated,156.500000,10.100000,480,690,1100,3300,22000,31000,31000,31000,33000,35000,36000,97024,9205,480,5209.9715637645795,4.107900022063404,36305.67279999377,4665.677780755277
1791071868,1000,,Aggregated,152.100000,10.300000,480,690,1100,3300,22000,31000,31000,31000,33000,35000,36000,97182,9215,480,5206.911894386762,4.107900022063404,36305.67279999377,4666.291020970962
1791071869,1000,,Aggregated,150.800000,11.700000,480,690,1100,3300,22000,31000,31000,31000,33000,35000,36000,97342,9223,480,5203.604813051863,4.107900022063404,36305.67279999377,4666.693287583982
1791071870,1000,,Aggregated,145.600000,11.800000,480,690,1100,3300,22000,31000,31000,31000,33000,35000,36000,97476,9240,480,5204.705504794967,4.107900022063404,36305.67279999377,4666.57094053921
1791071871,1000,,Aggregated,151.000000,11.600000,480,690,1100,3300,22000,31000,31000,31000,33000,35000,36000,97623,9253,480,5204.565697716666,4.107900022063404,36305.67279999377,4666.66232342788
1791071872,1000,,Aggregated,151.800000,12.600000,480,690,1100,3200,22000,31000,31000,31000,33000,35000,36000,97758,9263,480,5201.894653319367,4.107900022063404,36305.67279999377,4667.299494670513
1791071873,1000,,Aggregated,151.600000,12.100000,480,690,1100,3200,22000,31000,31000,31000,33000,35000,36000,97906,9271,480,5198.335761300582,4.107900022063404,36305.67279999377,4668.003452290973
1791071874,1000,,Aggregated,157.000000,12.100000,480,690,1100,3200,22000,31000,31000,31000,33000,35000,36000,98068,9286,480,5197.0513197362525,4.107900022063404,36305.67279999377,4668.328211037239
1791071875,1000,,Aggregated,149.300000,11.200000,480,690,1100,3200,22000,31000,31000,31000,33000,35000,36000,98176,9298,480,5198.957499264532,4.107900022063404,36305.67279999377,4667.89642071382
1791071876,1000,,Aggregated,150.200000,11.000000,480,690,1100,3200,22000,31000,31000,31000,33000,35000,36000,98277,9309,480,5198.703726608409,4.107900022063404,36305.67279999377,4668.065569767087
1791071877,1000,,Aggregated,146.400000,11.200000,480,690,1100,3200,22000,31000,31000,31000,33000,35000,36000,98422,9321,480,5197.529889156841,4.107900022063404,36305.67279999377,4668.579088008779
1791071878,1000,,Aggregated,136.500000,11.900000,480,690,1100,3200,22000,31000,31000,31000,33000,35000,36000,98590,9335,480,5196.842037823258,4.107900022063404,36305.67279999377,4668.491581296277
1791071879,1000,,Aggregated,137.100000,10.900000,480,690,1100,3200,22000,31000,31000,31000,33000,35000,36000,98706,9346,480,5197.879742605265,4.107900022063404,36305.67279999377,4668.334832735599
1791071880,1000,,Aggregated,140.600000,11.700000,480,690,1100,3200,22000,31000,31000,31000,33000,35000,36000,98858,9364,480,5197.595993156806,4.107900022063404,36305.67279999377,4668.4680349592345
1791071881,1000,,Aggregated,134.300000,11.700000,480,690,1100,3200,22000,31000,31000,31000,33000,35000,36000,98993,9380,480,5198.838378131745,4.107900022063404,36305.67279999377,4668.319709474407
1791071882,1000,,Aggregated,132.900000,12.000000,480,690,1100,3200,22000,31000,31000,31000,33000,35000,36000,99178,9388,480,5197.776940606748,4.107900022063404,36305.67279999377,4668.664310633407
1791071883,1000,,Aggregated,133.900000,12.300000,480,690,1100,3200,22000,31000,31000,31000,33000,35000,36000,99288,9396,480,5197.840579538278,4.107900022063404,36305.67279999377,4668.729352993312
1791071884,1000,,Aggregated,136.400000,12.500000,480,690,1100,3200,22000,31000,31000,31000,33000,35000,36000,99392,9404,480,5196.735388916575,4.107900022063404,36305.67279999377,4669.101255634257
1791071885,1000,,Aggregated,136.600000,12.400000,480,690,1100,3200,22000,31000,31000,31000,33000,35000,36000,99560,9431,480,5199.18923721973,4.107900022063404,36305.67279999377,4668.880695058257
1791071886,1000,,Aggregated,130.800000,11.800000,480,690,1100,3200,22000,31000,31000,31000,33000,35000,36000,99662,9448,480,5201.062850394292,4.107900022063404,36305.67279999377,4668.65111075435
1791071887,1000,,Aggregated,132.600000,12.300000,480,690,1100,3200,22000,31000,31000,31000,33000,35000,36000,99839,9460,480,5200.320494642329,4.107900022063404,36305.67279999377,4668.823545908914
1791071888,1000,,Aggregated,137.700000,13.700000,480,690,1100,3200,22000,31000,31000,31000,33000,35000,36000,100004,9471,480,5201.101852605852,4.107900022063404,36305.67279999377,4668.610735570577
1791071889,1000,,Aggregated,141.400000,14.500000,480,690,1100,3200,22000,31000,31000,31000,33000,35000,36000,100095,9481,480,5201.764721767281,4.107900022063404,36305.67279999377,4668.556081722364
1791071890,1000,,Aggregated,141.600000,13.600000,490,690,1100,3100,22000,31000,31000,31000,33000,35000,36000,100284,9501,490,5200.069734998561,4.107900022063404,36305.67279999377,4669.011307885605
1791071891,1000,,Aggregated,139.700000,13.900000,490,690,1100,3100,23000,31000,31000,31000,33000,35000,36000,100438,9511,490,5199.4559096347575,4.107900022063404,36305.67279999377,4669.270166669986
1791071892,1000,,Aggregated,141.500000,13.600000,490,690,1100,3200,23000,31000,31000,31000,33000,35000,36000,100616,9520,490,5201.821112680847,4.107900022063404,36305.67279999377,4668.663950067584
1791071893,1000,,Aggregated,141.300000,13.100000,480,690,1100,3100,23000,31000,31000,31000,33000,35000,36000,100784,9531,480,5199.81261465507,4.107900022063404,36305.67279999377,4668.668231068424
1791071894,1000,,Aggregated,142.400000,13.000000,480,690,1100,3100,23000,31000,31000,31000,33000,35000,36000,100929,9543,480,5197.940359974798,4.107900022063404,36305.67279999377,4668.817039701176
1791071895,1000,,Aggregated,146.600000,13.300000,480,690,1100,3100,23000,31000,31000,31000,33000,35000,36000,101137,9549,480,5197.0312579856745,4.107900022063404,36305.67279999377,4668.931716384706
1791071896,1000,,Aggregated,148.100000,13.400000,480,690,1100,3100,22000,31000,31000,31000,33000,35000,36000,101280,9557,480,5194.875683325406,4.107900022063404,36305.67279999377,4669.372650078989
1791071897,1000,,Aggregated,154.700000,13.200000,480,690,1100,3100,22000,31000,31000,31000,33000,35000,36000,101462,9570,480,5192.2923088466405,4.107900022063404,36305.67279999377,4669.61920719087
1791071898,1000,,Aggregated,157.200000,10.700000,480,690,1100,3100,22000,31000,31000,31000,33000,35000,36000,101583,9581,480,5191.341653327801,4.107900022063404,36305.67279999377,4669.840416211374
1791071899,1000,,Aggregated,154.500000,10.400000,480,690,1100,3100,22000,31000,31000,31000,33000,35000,36000,101780,9596,480,5189.77023918941,4.107900022063404,36305.67279999377,4670.272145804677
1791071900,1000,,Aggregated,156.100000,10.400000,480,690,1100,3100,22000,31000,31000,31000,33000,35000,36000,101934,9605,480,5187.484382001081,4.107900022063404,36305.67279999377,4670.654619655856
1791071901,1000,,Aggregated,160.200000,11.000000,480,690,1100,3000,22000,31000,31000,31000,33000,35000,36000,102098,9617,480,5187.092185976198,4.107900022063404,36305.67279999377,4670.595506278281
1791071902,1000,,Aggregated,162.000000,10.500000,480,690,1100,3000,22000,31000,31000,31000,33000,35000,36000,102247,9632,480,5185.607990075974,4.107900022063404,36305.67279999377,4670.845589601651
1791071903,1000,,Aggregated,164.200000,10.700000,480,690,1100,3000,22000,31000,31000,31000,33000,35000,36000,102404,9650,480,5185.645655604258,4.107900022063404,36305.67279999377,4670.929123862349
1791071904,1000,,Aggregated,160.300000,10.300000,480,690,1100,3000,22000,31000,31000,31000,33000,35000,36000,102515,9657,480,5183.861541084705,4.107900022063404,36305.67279999377,4671.331668536312
1791071905,1000,,Aggregated,160.000000,11.500000,480,690,1100,3000,22000,31000,31000,31000,33000,35000,36000,102715,9672,480,5181.606064342096,4.107900022063404,36305.67279999377,4671.824952538577
1791071906,1000,,Aggregated,162.800000,11.600000,480,690,1100,3000,22000,31000,31000,31000,33000,35000,36000,102891,9687,480,5181.598489832914,4.107900022063404,36305.67279999377,4672.079530765567
1791071907,1000,,Aggregated,156.100000,11.500000,480,690,1100,3000,22000,31000,31000,31000,33000,35000,36000,103071,9698,480,5180.365057512762,4.107900022063404,36305.67279999377,4671.874562194992
1791071908,1000,,Aggregated,157.500000,12.400000,480,690,1100,3000,22000,31000,31000,31000,33000,35000,36000,103184,9702,480,5181.46132615423,4.107900022063404,36305.67279999377,4671.480723755621
1791071909,1000,,Aggregated,158.000000,12.500000,480,690,1100,3000,22000,31000,31000,31000,33000,35000,36000,103333,9709,480,5177.968070817632,4.107900022063404,36305.67279999377,4672.207532927526
1791071910,1000,,Aggregated,160.500000,12.700000,480,690,1100,3000,22000,31000,31000,31000,33000,35000,36000,103427,9718,480,5177.032109108823,4.107900022063404,36305.67279999377,4672.405232676187
1791071911,1000,,Aggregated,155.000000,11.500000,480,690,1100,2900,22000,31000,31000,31000,33000,35000,36000,103560,9731,480,5176.159253536094,4.107900022063404,36305.67279999377,4672.859868675164
1791071912,1000,,Aggregated,150.900000,11.100000,490,690,1100,2900,22000,31000,31000,31000,33000,35000,36000,103704,9745,490,5175.035948016447,4.107900022063404,36305.67279999377,4673.260134613901
1791071913,1000,,Aggregated,144.800000,10.800000,490,690,1100,2900,22000,31000,31000,31000,33000,35000,36000,103855,9755,490,5174.059115577467,4.107900022063404,36305.67279999377,4673.425525973714
1791071914,1000,,Aggregated,144.800000,11.300000,490,690,1100,2900,22000,31000,31000,31000,33000,35000,36000,104028,9766,490,5173.945993138363,4.107900022063404,36305.67279999377,4673.299784673357
1791071915,1000,,Aggregated,140.000000,10.300000,480,690,1100,2900,22000,31000,31000,31000,33000,35000,36000,104222,9783,480,5176.119524286593,4.107900022063404,36305.67279999377,4672.714781907851
1791071916,1000,,Aggregated,143.100000,10.700000,480,690,1100,2900,22000,31000,31000,31000,33000,35000,36000,104328,9789,480,5176.012169193287,4.107900022063404,36305.67279999377,4672.827534314853
1791071917,1000,,Aggregated,143.400000,10.300000,480,690,1100,2900,22000,31000,31000,31000,33000,35000,36000,104537,9803,480,5173.766918088313,4.107900022063404,36305.67279999377,4673.0239915054
1791071918,1000,,Aggregated,146.100000,10.700000,480,690,1100,2900,22000,31000,31000,31000,33000,35000,36000,104725,9805,480,5172.253731343977,4.107900022063404,36305.67279999377,4672.5021055144425
1791071919,1000,,Aggregated,141.700000,10.500000,480,690,1100,2900,22000,31000,31000,31000,33000,35000,36000,104887,9810,480,5172.240877168744,4.107900022063404,36305.67279999377,4672.082040672342
1791071920,1000,,Aggregated,144.000000,10.500000,480,690,1100,2900,22000,31000,31000,31000,33000,35000,36000,105009,9819,480,5171.23153584929,4.107900022063404,36305.67279999377,4672.287403936805
1791071921,1000,,Aggregated,151.500000,10.200000,480,690,1100,2900,22000,31000,31000,31000,33000,35000,36000,105160,9831,480,5169.182188324447,4.107900022063404,36305.67279999377,4672.877310764549
1791071922,1000,,Aggregated,156.000000,9.800000,480,690,1100,2900,22000,31000,31000,31000,33000,35000,36000,105284,9849,480,5169.4606185336625,4.107900022063404,36305.67279999377,4672.918116712891
1791071923,1000,,Aggregated,155.800000,9.900000,490,690,1100,2900,22000,31000,31000,31000,33000,35000,36000,105421,9864,490,5168.894613614915,4.107900022063404,36305.67279999377,4673.396562354749
1791071925,1000,,Aggregated,157.900000,10.100000,490,690,1100,2900,22000,31000,31000,31000,33000,35000,36000,105553,9873,490,5166.081298460469,4.107900022063404,36305.67279999377,4673.849412143662
1791071926,1000,,Aggregated,153.900000,10.600000,490,690,1100,2900,22000,31000,31000,31000,33000,35000,36000,105763,9883,490,5163.455753748466,4.107900022063404,36305.67279999377,4674.436977014646
1791071927,1000,,Aggregated,152.500000,10.700000,490,700,1100,2900,22000,31000,31000,31000,33000,35000,36000,105916,9888,490,5163.9359337682645,4.107900022063404,36305.67279999377,4673.887788436119
1791071928,1000,,Aggregated,151.900000,9.900000,490,690,1100,2900,22000,31000,31000,31000,33000,35000,36000,106056,9900,490,5162.955877120578,4.107900022063404,36305.67279999377,4674.181281587086
1791071929,1000,,Aggregated,156.100000,9.300000,490,690,1100,2800,22000,31000,31000,31000,33000,35000,36000,106231,9911,490,5159.15936585741,4.107900022063404,36305.67279999377,4674.857188579605
1791071930,1000,,Aggregated,149.700000,9.700000,490,690,1100,2800,22000,31000,31000,31000,33000,35000,36000,106390,9924,490,5157.243481798081,4.107900022063404,36305.67279999377,4674.98797819344
1791071931,1000,,Aggregated,146.200000,10.400000,490,690,1100,2800,22000,31000,31000,31000,33000,35000,36000,106544,9931,490,5154.3885525923315,4.107900022063404,36305.67279999377,4675.323068403664
1791071932,1000,,Aggregated,146.800000,11.300000,490,690,1100,2800,22000,31000,31000,31000,33000,35000,36000,106729,9944,490,5154.157989819052,4.107900022063404,36305.67279999377,4675.282341256828
1791071933,1000,,Aggregated,151.400000,10.900000,480,690,1100,2800,22000,31000,31000,31000,33000,35000,36000,106942,9950,480,5153.860120048227,4.107900022063404,36305.67279999377,4674.519421742627
1791071934,1000,,Aggregated,153.200000,11.000000,480,690,1100,2800,22000,31000,31000,31000,33000,35000,36000,107003,9961,480,5156.087407913769,4.107900022063404,36305.67279999377,4674.007990430175
1791071935,1000,,Aggregated,162.100000,10.000000,490,690,1100,2800,22000,31000,31000,31000,33000,35000,36000,107205,9973,490,5152.857544157425,4.107900022063404,36305.67279999377,4674.867142390746
1791071936,1000,,Aggregated,157.900000,9.500000,490,690,1100,2800,22000,31000,31000,31000,33000,35000,36000,107361,9998,490,5153.908223001804,4.107900022063404,36305.67279999377,4674.673782844795
1791071937,1000,,Aggregated,159.100000,9.400000,490,690,1100,2800,22000,31000,31000,31000,33000,35000,36000,107533,10005,490,5152.554489296277,4.107900022063404,36305.67279999377,4674.777333469726
1791071938,1000,,Aggregated,155.400000,11.100000,490,690,1100,2800,22000,31000,31000,31000,33000,35000,36000,107654,10016,490,5151.345378106679,4.107900022063404,36305.67279999377,4675.052510821706
1791071939,1000,,Aggregated,158.500000,11.700000,490,690,1100,2800,22000,31000,31000,31000,33000,35000,36000,107789,10025,490,5149.280624497825,4.107900022063404,36305.67279999377,4675.604467988384
1791071940,1000,,Aggregated,153.900000,11.400000,490,690,1100,2800,22000,31000,31000,31000,33000,35000,36000,107914,10046,490,5150.68162618655,4.107900022063404,36305.67279999377,4675.3527160516705
1791071941,1000,,Aggregated,157.900000,11.500000,490,690,1100,2800,22000,31000,31000,31000,33000,35000,36000,108069,10062,490,5150.036269340832,4.107900022063404,36305.67279999377,4675.625794631208
1791071942,1000,,Aggregated,150.100000,11.200000,490,690,1100,2800,22000,31000,31000,31000,33000,35000,36000,108202,10078,490,5149.158452226337,4.107900022063404,36305.67279999377,4675.809282638029
1791071943,1000,,Aggregated,147.400000,12.700000,490,700,1100,2800,22000,31000,31000,31000,33000,35000,36000,108396,10090,490,5150.4079113490725,4.107900022063404,36305.67279999377,4675.6779032436625
1791071944,1000,,Aggregated,145.200000,13.000000,490,690,1100,2800,22000,31000,31000,31000,33000,35000,36000,108548,10096,490,5149.394685830179,4.107900022063404,36305.67279999377,4675.668266573313
1791071945,1000,,Aggregated,140.800000,14.000000,490,690,1100,2800,22000,31000,31000,31000,33000,35000,36000,108654,10105,490,5148.506335267865,4.107900022063404,36305.67279999377,4675.614013289893
1791071946,1000,,Aggregated,148.400000,13.400000,490,690,1100,2800,22000,31000,31000,31000,33000,35000,36000,108796,10111,490,5144.718135465406,4.107900022063404,36305.67279999377,4676.433444244273
1791071947,1000,,Aggregated,146.300000,13.000000,490,690,1100,2800,22000,31000,31000,31000,33000,35000,36000,108981,10115,490,5141.019381903219,4.107900022063404,36305.67279999377,4677.0433653572645
1791071948,1000,,Aggregated,142.500000,11.400000,490,690,1100,2800,22000,31000,31000,31000,33000,35000,36000,109142,10133,490,5141.303136155602,4.107900022063404,36305.67279999377,4676.890775320225
1791071949,1000,,Aggregated,147.300000,11.200000,490,690,1100,2800,22000,31000,31000,31000,33000,35000,36000,109356,10138,490,5139.503320387494,4.107900022063404,36305.67279999377,4676.646237975054
1791071950,1000,,Aggregated,147.400000,11.700000,490,690,1100,2800,22000,31000,31000,31000,33000,35000,36000,109489,10150,490,5139.143785186591,4.107900022063404,36305.67279999377,4676.753335951556
1791071951,1000,,Aggregated,148.200000,11.100000,490,690,1100,2800,22000,31000,31000,31000,33000,35000,36000,109646,10165,490,5138.091967355806,4.107900022063404,36305.67279999377,4676.798205132882
1791071952,1000,,Aggregated,156.100000,10.600000,490,690,1100,2800,22000,31000,31000,31000,33000,35000,36000,109732,10182,490,5140.491311775916,4.107900022063404,36305.67279999377,4676.465689133525
1791071953,1000,,Aggregated,157.700000,10.000000,490,700,1100,2800,22000,31000,31000,31000,33000,35000,36000,109934,10198,490,5137.283910341613,4.107900022063404,36305.67279999377,4677.1600505758
1791071954,1000,,Aggregated,155.400000,9.400000,490,700,1100,2800,22000,31000,31000,31000,33000,35000,36000,110102,10208,490,5135.476101137992,4.107900022063404,36305.67279999377,4677.103004486748
1791071955,1000,,Aggregated,152.400000,10.200000,490,700,1100,2800,22000,31000,31000,31000,33000,35000,36000,110267,10216,490,5134.095511451251,4.107900022063404,36305.67279999377,4676.928011100329
1791071956,1000,,Aggregated,151.500000,11.100000,490,700,1100,2800,22000,31000,31000,31000,33000,35000,36000,110384,10226,490,5133.777396075473,4.107900022063404,36305.67279999377,4677.200962095956
1791071957,1000,,Aggregated,157.300000,11.300000,490,690,1100,2700,22000,31000,31000,31000,33000,35000,36000,110554,10239,490,5131.427029270719,4.107900022063404,36305.67279999377,4677.709309477721
1791071958,1000,,Aggregated,157.600000,11.300000,490,690,1100,2700,22000,31000,31000,31000,33000,35000,36000,110681,10252,490,5131.090767717983,4.107900022063404,36305.67279999377,4677.877187593173
1791071959,1000,,Aggregated,148.000000,11.700000,490,690,1100,2700,22000,31000,31000,31000,33000,35000,36000,110813,10265,490,5130.996276666933,4.107900022063404,36305.67279999377,4678.052078727225
1791071960,1000,,Aggregated,153.500000,11.500000,490,690,1100,2700,22000,31000,31000,31000,33000,35000,36000,110997,10279,490,5129.06896225117,4.107900022063404,36305.67279999377,4678.3429552150055
1791071961,1000,,Aggregated,147.900000,12.300000,490,690,1100,2700,22000,31000,31000,31000,33000,35000,36000,111132,10287,490,5128.737714199264,4.107900022063404,36305.67279999377,4678.190737141417
1791071962,1000,,Aggregated,141.400000,13.300000,490,690,1100,2700,22000,31000,31000,31000,33000,35000,36000,111294,10295,490,5128.462081746472,4.107900022063404,36305.67279999377,4677.947373623017
1791071963,1000,,Aggregated,145.400000,12.500000,490,690,1100,2700,22000,31000,31000,31000,33000,35000,36000,111444,10304,490,5127.554613981837,4.107900022063404,36305.67279999377,4678.105443092495
1791071964,1000,,Aggregated,149.600000,12.100000,490,690,1100,2700,22000,31000,31000,31000,33000,35000,36000,111581,10325,490,5127.537480953675,4.107900022063404,36305.67279999377,4677.863202516557
1791071965,1000,,Aggregated,152.300000,10.800000,490,700,1100,2700,22000,31000,31000,31000,33000,35000,36000,111696,10341,490,5129.019100274784,4.107900022063404,36305.67279999377,4677.752059160579
1791071966,1000,,Aggregated,151.300000,10.300000,490,700,1100,2700,22000,31000,31000,31000,33000,35000,36000,111833,10357,490,5128.629951624236,4.107900022063404,36305.67279999377,4678.1786681927515
1791071967,1000,,Aggregated,143.300000,11.800000,490,700,1100,2700,22000,31000,31000,31000,33000,35000,36000,112009,10378,490,5128.091627144192,4.107900022063404,36305.67279999377,4678.163442223393
1791071968,1000,,Aggregated,139.100000,12.200000,490,700,1100,2700,22000,31000,31000,31000,33000,35000,36000,112136,10385,490,5128.4459453092,4.107900022063404,36305.67279999377,4678.121834201327
1791071969,1000,,Aggregated,144.600000,13.100000,490,700,1100,2700,22000,31000,31000,31000,33000,35000,36000,112301,10395,490,5126.763814656084,4.107900022063404,36305.67279999377,4678.15883206739
1791071970,1000,,Aggregated,145.200000,13.300000,490,700,1100,2700,22000,31000,31000,31000,33000,35000,36000,112453,10405,490,5125.3195110827855,4.107900022063404,36305.67279999377,4678.630094350528
1791071971,1000,,Aggregated,145.300000,13.000000,490,700,1100,2700,22000,31000,31000,31000,33000,35000,36000,112574,10416,490,5124.992487827493,4.107900022063404,36305.67279999377,4678.580631406897
1791071972,1000,,Aggregated,149.300000,12.600000,490,700,1100,2700,22000,31000,31000,31000,33000,35000,36000,112734,10431,490,5124.550848342927,4.107900022063404,36305.67279999377,4678.818847907463
1791071973,1000,,Aggregated,146.200000,12.800000,490,700,1100,2700,22000,31000,31000,31000,33000,35000,36000,112903,10435,490,5122.77796104613,4.107900022063404,36305.67279999377,4679.226043594945
1791071974,1000,,Aggregated,141.400000,12.900000,490,700,1100,2700,22000,31000,31000,31000,33000,35000,36000,113092,10442,490,5121.098754718207,4.107900022063404,36305.67279999377,4679.404458317123
1791071976,1000,,Aggregated,142.900000,13.300000,490,700,1100,2700,22000,31000,31000,31000,33000,35000,36000,113252,10458,490,5121.620879436055,4.107900022063404,36305.67279999377,4679.446764737047
1791071977,1000,,Aggregated,142.100000,12.900000,490,700,1100,2700,22000,31000,31000,31000,33000,35000,36000,113357,10468,490,5121.0450049312485,4.107900022063404,36305.67279999377,4679.625148865972
1791071978,1000,,Aggregated,155.500000,11.600000,490,700,1100,2700,22000,31000,31000,31000,33000,35000,36000,113476,10479,490,5120.580190924881,4.107900022063404,36305.67279999377,4679.850814269096
1791071979,1000,,Aggregated,155.500000,11.600000,490,700,1100,2700,22000,31000,31000,31000,33000,35000,36000,113646,10490,490,5118.8423650959285,4.107900022063404,36305.67279999377,4680.131698431973
1791071980,1000,,Aggregated,141.600000,10.000000,490,700,1100,2700,22000,31000,31000,31000,33000,35000,36000,113778,10504,490,5119.08918186813,4.107900022063404,36305.67279999377,4680.042521401326
1791071981,1000,,Aggregated,145.600000,10.200000,490,700,1100,2700,22000,31000,31000,31000,33000,35000,36000,113876,10514,490,5118.528806166292,4.107900022063404,36305.67279999377,4680.03345744494
1791071982,1000,,Aggregated,142.700000,10.400000,490,700,1100,2700,22000,31000,31000,31000,33000,35000,36000,114023,10535,490,5119.0967514342965,4.107900022063404,36305.67279999377,4680.042859773906
1791071983,1000,,Aggregated,136.600000,10.200000,490,700,1100,2700,22000,31000,31000,31000,33000,35000,36000,114172,10547,490,5119.593433730625,4.107900022063404,36305.67279999377,4679.814744420699
1791071984,1000,,Aggregated,137.500000,11.200000,490,700,1100,2700,22000,31000,31000,31000,33000,35000,36000,114305,10556,490,5119.630496340432,4.107900022063404,36305.67279999377,4679.897353571585
1791071985,1000,,Aggregated,136.100000,11.400000,490,700,1100,2700,22000,31000,31000,31000,33000,35000,36000,114458,10566,490,5118.114848190538,4.107900022063404,36305.67279999377,4680.222693040242
1791071986,1000,,Aggregated,134.400000,12.000000,490,700,1100,2700,22000,31000,31000,31000,33000,35000,36000,114562,10578,490,5119.993399841941,4.107900022063404,36305.67279999377,4679.715900560395
1791071987,1000,,Aggregated,134.800000,12.400000,490,700,1100,2700,22000,31000,31000,31000,33000,35000,36000,114655,10590,490,5120.884288236815,4.107900022063404,36305.67279999377,4679.643399764511
1791071988,1000,,Aggregated,130.800000,11.900000,490,700,1100,2700,22000,31000,31000,31000,33000,35000,36000,114789,10605,490,5120.589806495322,4.107900022063404,36305.67279999377,4679.896889074737
1791071989,1000,,Aggregated,128.700000,11.700000,490,700,1100,2700,22000,31000,31000,31000,33000,35000,36000,114927,10622,490,5120.5913795408505,4.107900022063404,36305.67279999377,4679.996841473283
1791071990,1000,,Aggregated,128.500000,12.400000,490,700,1100,2700,22000,31000,31000,31000,33000,35000,36000,115049,10641,490,5124.235480477812,4.107900022063404,36305.67279999377,4679.440151587584
1791071991,1000,,Aggregated,126.200000,12.900000,490,700,1100,2700,22000,31000,31000,31000,33000,35000,36000,115227,10649,490,5125.117513579207,4.107900022063404,36305.67279999377,4679.314249264496
1791071992,1000,,Aggregated,126.100000,13.600000,490,700,1100,2700,22000,31000,31000,31000,33000,35000,36000,115403,10655,490,5124.776788299188,4.107900022063404,36305.67279999377,4679.360805178375
1791071993,1000,,Aggregated,134.200000,13.800000,490,700,1100,2700,22000,31000,31000,31000,33000,35000,36000,115525,10665,490,5124.682687500465,4.107900022063404,36305.67279999377,4679.558874702446
1791071994,1000,,Aggregated,137.800000,12.500000,490,700,1100,2700,22000,31000,31000,31000,33000,35000,36000,115652,10676,490,5122.95020372489,4.107900022063404,36305.67279999377,4679.772757928959
1791071995,1000,,Aggregated,134.800000,11.800000,490,700,1100,2700,22000,31000,31000,31000,33000,35000,36000,115840,10699,490,5122.520866643565,4.107900022063404,36305.67279999377,4679.904911947514
1791071996,1000,,Aggregated,131.500000,11.800000,490,700,1100,2700,22000,31000,31000,31000,33000,35000,36000,116020,10705,490,5123.008724200929,4.107900022063404,36305.67279999377,4679.560575762799
1791071997,1000,,Aggregated,135.500000,12.200000,490,700,1100,2700,22000,31000,31000,31000,33000,35000,36000,116172,10713,490,5121.77859558062,4.107900022063404,36305.67279999377,4679.7352890541615
1791071998,1000,,Aggregated,141.100000,12.700000,490,700,1100,2600,22000,31000,31000,31000,33000,35000,36000,116334,10719,490,5118.26708966503,4.107900022063404,36305.67279999377,4679.761428301271
1791071999,1000,,Aggregated,145.700000,12.500000,490,700,1100,2700,22000,31000,31000,31000,33000,35000,36000,116551,10725,490,5122.337127723412,4.107900022063404,36305.67279999377,4678.883656081887
1791072000,1000,,Aggregated,153.600000,11.100000,490,700,1100,2700,22000,31000,31000,31000,33000,35000,36000,116685,10731,490,5122.338035853726,4.107900022063404,36305.67279999377,4679.026455842653
1791072001,1000,,Aggregated,158.300000,10.300000,490,700,1100,2700,22000,31000,31000,31000,33000,35000,36000,116828,10742,490,5120.98660651292,4.107900022063404,36305.67279999377,4679.418007669395
1791072002,1000,,Aggregated,158.200000,9.000000,490,700,1100,2700,22000,31000,31000,31000,33000,35000,36000,117000,10763,490,5120.226186858898,4.107900022063404,36305.67279999377,4679.616948717949
1791072003,1000,,Aggregated,158.100000,9.000000,490,700,1100,2600,22000,31000,31000,31000,33000,35000,36000,117150,10779,490,5119.696652153573,4.107900022063404,36305.67279999377,4679.900990183525
1791072004,1000,,Aggregated,157.500000,10.100000,490,700,1100,2600,22000,31000,31000,31000,33000,35000,36000,117303,10787,490,5117.072287955907,4.107900022063404,36305.67279999377,4680.45246072138
1791072005,1000,,Aggregated,158.800000,11.000000,490,700,1100,2600,22000,31000,31000,31000,33000,35000,36000,117469,10799,490,5115.530084757612,4.107900022063404,36305.67279999377,4680.6542236675205
1791072006,1000,,Aggregated,163.800000,10.900000,490,700,1100,2600,22000,31000,31000,31000,33000,35000,36000,117581,10821,490,5117.92024848395,4.107900022063404,36305.67279999377,4680.030914858693
1791072007,1000,,Aggregated,161.100000,10.500000,490,700,1100,2600,22000,31000,31000,31000,33000,35000,36000,117787,10837,490,5116.460463946711,4.107900022063404,36305.67279999377,4680.306782582119
1791072008,1000,,Aggregated,157.500000,10.900000,490,700,1100,2600,22000,31000,31000,31000,33000,35000,36000,117939,10846,490,5115.432871991379,4.107900022063404,36305.67279999377,4680.246322251333
1791072009,1000,,Aggregated,155.800000,11.900000,490,700,1100,2600,22000,31000,31000,31000,33000,35000,36000,118166,10849,490,5114.520254071313,4.107900022063404,36305.67279999377,4680.071230303133
1791072010,1000,,Aggregated,157.900000,12.900000,490,700,1100,2600,22000,31000,31000,31000,33000,35000,36000,118331,10850,490,5112.378148556935,4.107900022063404,36305.67279999377,4680.073226796021
1791072011,1000,,Aggregated,150.300000,12.600000,490,700,1100,2600,22000,31000,31000,31000,33000,35000,36000,118464,10860,490,5111.18630042452,4.107900022063404,36305.67279999377,4680.293473122636
1791072012,1000,,Aggregated,164.500000,11.900000,490,700,1100,2600,22000,31000,31000,31000,33000,35000,36000,118567,10875,490,5111.476732236551,4.107900022063404,36305.67279999377,4680.242023497263
1791072013,1000,,Aggregated,162.000000,11.400000,490,700,1100,2600,22000,31000,31000,31000,33000,35000,36000,118766,10888,490,5107.940001240184,4.107900022063404,36305.67279999377,4681.084089722648
1791072014,1000,,Aggregated,157.100000,10.800000,490,700,1100,2600,22000,31000,31000,31000,33000,35000,36000,118909,10904,490,5108.0672754626885,4.107900022063404,36305.67279999377,4681.047052788266
1791072015,1000,,Aggregated,156.900000,10.500000,490,700,1100,2600,22000,31000,31000,31000,33000,35000,36000,119074,10921,490,5107.885229851137,4.107900022063404,36305.67279999377,4681.288551656953
1791072016,1000,,Aggregated,163.100000,11.200000,490,700,1100,2600,22000,31000,31000,31000,33000,35000,36000,119257,10933,490,5106.460734026472,4.107900022063404,36305.67279999377,4681.625355325054
1791072017,1000,,Aggregated,153.300000,11.500000,490,700,1100,2600,22000,31000,31000,31000,33000,35000,36000,119443,10946,490,5104.911267484864,4.107900022063404,36305.67279999377,4681.690379511566
1791072018,1000,,Aggregated,160.500000,11.200000,490,700,1100,2600,22000,31000,31000,31000,33000,35000,36000,119606,10955,490,5104.053861433332,4.107900022063404,36305.67279999377,4681.51686370249
1791072019,1000,,Aggregated,164.900000,10.500000,490,700,1100,2500,22000,31000,31000,31000,33000,35000,36000,119772,10965,490,5101.34562621643,4.107900022063404,36305.67279999377,4681.824783755803
1791072020,1000,,Aggregated,160.500000,10.700000,490,700,1100,2500,22000,31000,31000,31000,33000,35000,36000,119993,10969,490,5097.697493602905,4.107900022063404,36305.67279999377,4681.95889760236
1791072021,1000,,Aggregated,165.000000,10.700000,490,700,1100,2500,22000,31000,31000,31000,33000,35000,36000,120136,10974,490,5096.706365201884,4.107900022063404,36305.67279999377,4681.617933009256
1791072022,1000,,Aggregated,153.400000,11.600000,490,700,1100,2500,22000,31000,31000,31000,33000,35000,36000,120297,10982,490,5094.902422232416,4.107900022063404,36305.67279999377,4681.819970572832
1791072023,1000,,Aggregated,161.800000,11.700000,490,700,1100,2500,22000,31000,31000,31000,33000,35000,36000,120475,10987,490,5090.601747535942,4.107900022063404,36305.67279999377,4682.64122017016
1791072024,1000,,Aggregated,164.400000,11.100000,490,700,1100,2500,22000,31000,31000,31000,33000,35000,36000,120562,10995,490,5089.867929498452,4.107900022063404,36305.67279999377,4682.66329357509
1791072025,1000,,Aggregated,167.100000,10.300000,490,700,1100,2500,22000,31000,31000,31000,33000,35000,36000,120678,11012,490,5090.637152177628,4.107900022063404,36305.67279999377,4682.685377616467
1791072026,1000,,Aggregated,161.600000,9.200000,490,700,1100,2500,22000,31000,31000,31000,33000,35000,36000,120830,11029,490,5090.246938901699,4.107900022063404,36305.67279999377,4683.063254158736
1791072027,1000,,Aggregated,162.700000,9.100000,490,700,1100,2500,22000,31000,31000,31000,33000,35000,36000,120960,11038,490,5088.377834256715,4.107900022063404,36305.67279999377,4683.345767195768
1791072028,1000,,Aggregated,156.100000,9.200000,490,700,1100,2500,22000,31000,31000,31000,33000,35000,36000,121149,11059,490,5088.6783071250475,4.107900022063404,36305.67279999377,4683.31562786321
1791072029,1000,,Aggregated,153.100000,9.500000,490,700,1100,2500,22000,31000,31000,31000,33000,35000,36000,121292,11066,490,5087.459812154896,4.107900022063404,36305.67279999377,4682.971275929162
1791072031,1000,,Aggregated,149.500000,8.800000,490,700,1100,2500,22000,31000,31000,31000,33000,35000,36000,121448,11080,490,5089.27905611036,4.107900022063404,36305.67279999377,4682.549033331137
1791072032,1000,,Aggregated,151.500000,10.400000,490,700,1100,2500,22000,31000,31000,31000,33000,35000,36000,121600,11098,490,5089.38880128036,4.107900022063404,36305.67279999377,4682.431003289474
1791072033,1000,,Aggregated,150.300000,10.400000,490,700,1100,2500,22000,31000,31000,31000,33000,35000,36000,121701,11113,490,5089.516159943566,4.107900022063404,36305.67279999377,4682.469363439906
1791072034,1000,,Aggregated,143.100000,11.100000,490,700,1100,2500,22000,31000,31000,31000,33000,35000,36000,121805,11124,490,5088.845767089951,4.107900022063404,36305.67279999377,4682.74295800665
1791072035,1000,,Aggregated,137.500000,13.100000,490,700,1100,2500,22000,31000,31000,31000,33000,35000,36000,121958,11134,490,5086.348738395116,4.107900022063404,36305.67279999377,4683.365404483511
1791072036,1000,,Aggregated,132.800000,13.700000,500,700,1100,2500,22000,31000,31000,31000,33000,35000,36000,122080,11151,500,5086.706656643937,4.107900022063404,36305.67279999377,4683.073230668414
1791072037,1000,,Aggregated,136.700000,13.500000,490,700,1100,2500,22000,31000,31000,31000,33000,35000,36000,122240,11161,490,5086.34197138573,4.107900022063404,36305.67279999377,4682.730178337696
1791072038,1000,,Aggregated,135.000000,13.300000,490,700,1100,2500,22000,31000,31000,31000,33000,35000,36000,122370,11173,490,5086.658727536907,4.107900022063404,36305.67279999377,4682.8498978507805
1791072039,1000,,Aggregated,139.400000,13.000000,490,700,1100,2500,22000,31000,31000,31000,33000,35000,36000,122499,11181,490,5085.575472178473,4.107900022063404,36305.67279999377,4682.99513465416
1791072040,1000,,Aggregated,138.300000,13.200000,490,700,1100,2500,22000,31000,31000,31000,33000,35000,36000,122628,11197,490,5086.145931904548,4.107900022063404,36305.67279999377,4682.886681671396
1791072041,1000,,Aggregated,133.200000,12.200000,490,700,1100,2500,22000,31000,31000,31000,33000,35000,36000,122762,11207,490,5086.587220515233,4.107900022063404,36305.67279999377,4682.803839950473
1791072042,1000,,Aggregated,130.900000,12.700000,490,700,1100,2500,22000,31000,31000,31000,33000,35000,36000,122941,11221,490,5086.257050730767,4.107900022063404,36305.67279999377,4682.74554461083
1791072043,1000,,Aggregated,130.300000,12.600000,490,700,1100,2500,22000,31000,31000,31000,33000,35000,36000,123083,11233,490,5087.579401655725,4.107900022063404,36305.67279999377,4682.226985042614
1791072044,1000,,Aggregated,129.600000,12.000000,490,700,1100,2500,22000,31000,31000,31000,33000,35000,36000,123256,11241,490,5084.901624376833,4.107900022063404,36305.67279999377,4682.578998182645
1791072045,1000,,Aggregated,135.700000,11.900000,490,700,1100,2500,22000,31000,31000,31000,33000,35000,36000,123376,11249,490,5084.574922304905,4.107900022063404,36305.67279999377,4682.6882213720655
1791072046,1000,,Aggregated,141.800000,11.500000,490,700,1100,2500,22000,31000,31000,31000,33000,35000,36000,123521,11269,490,5085.718618188738,4.107900022063404,36305.67279999377,4682.578630354353
1791072047,1000,,Aggregated,142.300000,11.500000,490,700,1100,2500,22000,31000,31000,31000,33000,35000,36000,123653,11291,490,5087.428936718813,4.107900022063404,36305.67279999377,4682.442633822066
1791072048,1000,,Aggregated,142.700000,11.900000,500,700,1100,2500,22000,31000,31000,31000,33000,35000,36000,123803,11307,500,5087.383088082604,4.107900022063404,36305.67279999377,4682.6525366913565
1791072049,1000,,Aggregated,136.900000,12.800000,500,700,1100,2500,22000,31000,31000,31000,33000,35000,36000,123945,11323,500,5087.630858632379,4.107900022063404,36305.67279999377,4682.710290854815
1791072050,1000,,Aggregated,139.300000,13.500000,500,700,1100,2500,22000,31000,31000,31000,33000,35000,36000,124077,11333,500,5086.726608310887,4.107900022063404,36305.67279999377,4682.897410478977
1791072051,1000,,Aggregated,140.600000,13.500000,500,700,1100,2500,22000,31000,31000,31000,33000,35000,36000,124272,11346,500,5086.253188116318,4.107900022063404,36305.67279999377,4683.1613879232655
1791072052,1000,,Aggregated,142.800000,13.200000,500,700,1100,2500,22000,31000,31000,31000,33000,35000,36000,124367,11354,500,5086.944150952355,4.107900022063404,36305.67279999377,4683.0848536991325
1791072053,1000,,Aggregated,142.400000,13.700000,500,700,1100,2500,22000,31000,31000,31000,33000,35000,36000,124539,11364,500,5086.032830815979,4.107900022063404,36305.67279999377,4683.342374677812
1791072054,1000,,Aggregated,143.500000,13.400000,500,700,1100,2500,22000,31000,31000,31000,33000,35000,36000,124660,11374,500,5086.805024517816,4.107900022063404,36305.67279999377,4683.005462858976
1791072055,1000,,Aggregated,140.700000,12.900000,500,700,1100,2500,22000,31000,31000,31000,33000,35000,36000,124807,11390,500,5086.083121752711,4.107900022063404,36305.67279999377,4683.02641678752
1791072056,1000,,Aggregated,141.200000,13.200000,500,700,1100,2500,22000,31000,31000,31000,33000,35000,36000,124915,11401,500,5086.078866333037,4.107900022063404,36305.67279999377,4683.1626065724695
1791072057,1000,,Aggregated,141.700000,13.900000,500,710,1100,2500,22000,31000,31000,31000,33000,35000,36000,125062,11417,500,5085.908118080562,4.107900022063404,36305.67279999377,4683.429626905055
1791072059,1000,,Aggregated,138.600000,12.400000,500,710,1100,2600,22000,31000,31000,31000,33000,35000,36000,125307,11445,500,5091.1809748153855,4.107900022063404,36305.67279999377,4682.855339286712
