Timestamp,User Count,Type,Name,Requests/s,Failures/s,50%,66%,75%,80%,90%,95%,98%,99%,99.9%,99.99%,100%,Total Request Count,Total Failure Count,Total Median Response Time,Total Average Response Time,Total Min Response Time,Total Max Response Time,Total Average Content Size
1791075937,0,,Aggregated,0.000000,0.000000,N/A,N/A,N/A,N/A,N/A,N/A,N/A,N/A,N/A,N/A,N/A,0,0,0,0.0,0,0,0
1791075938,25,,Aggregated,0.000000,0.000000,490,490,490,490,490,490,490,490,490,490,490,1,0,493.00850002327934,493.00850002327934,493.00850002327934,493.00850002327934,5700.0
1791075939,50,,Aggregated,0.000000,0.000000,1900,1900,1900,1900,1900,2000,2000,2000,2000,2000,2000,11,0,1900,1735.3854636312462,493.00850002327934,1986.8954999838024,5501.363636363636
1791075940,75,,Aggregated,1.000000,0.000000,590,1100,1300,1900,2000,2100,2200,3000,3000,3000,3000,80,0,570,855.5932549978024,136.74859999446198,2988.623700046446,5289.375
1791075941,100,,Aggregated,0.500000,0.000000,660,1200,1300,1900,2100,2200,3300,3300,3500,3500,3500,133,0,660,938.6326278182607,136.74859999446198,3460.333499999251,5154.375939849624
1791075942,125,,Aggregated,20.666667,0.000000,530,1100,1300,1600,2100,2200,3300,3500,5000,5000,5000,197,0,530,891.6748289336796,136.74859999446198,5035.309700004291,5018.05076142132
1791075943,150,,Aggregated,29.000000,0.000000,700,1100,1400,1600,2100,3100,4500,5600,5600,5600,5600,298,0,690,1015.7833906045283,132.3534999974072,5635.372499993537,5122.204697986577
1791075944,175,,Aggregated,34.800000,0.000000,700,1000,1200,1500,2100,2700,3800,5000,5600,5600,5600,361,0,700,952.2865487543487,132.3534999974072,5635.372499993537,5030.534626038781
1791075945,200,,Aggregated,39.000000,0.000000,680,1000,1200,1500,2100,2600,3500,4700,5600,5600,5600,407,0,680,946.5355845209708,132.3534999974072,5635.372499993537,5043.889434889435
1791075946,225,,Aggregated,45.571429,0.000000,680,1000,1300,1500,2100,2600,3500,4700,5600,5600,5600,462,0,680,944.8699699128923,116.04220001026988,5635.372499993537,5055.134199134199
1791075947,250,,Aggregated,46.250000,0.000000,660,1000,1300,1500,2100,2600,3500,4500,5600,5600,5600,511,0,660,943.1752561642369,116.04220001026988,5635.372499993537,5059.491193737769
1791075948,275,,Aggregated,46.333333,0.000000,630,1000,1400,1600,2200,2700,3600,4500,5600,5600,5600,583,0,630,958.663390222821,116.04220001026988,5635.372499993537,5023.977701543739
1791075949,300,,Aggregated,47.200000,0.000000,600,1000,1500,1800,2400,3300,4500,5400,6700,6700,6700,658,0,600,1034.8666120059775,86.77599998190999,6655.744099989533,5043.802431610942
1791075950,325,,Aggregated,52.400000,0.000000,590,1000,1500,1900,2600,3900,4900,5700,7000,7000,7000,724,0,590,1100.8037281768056,81.0104999691248,7022.199300001375,5038.860497237569
1791075951,375,,Aggregated,59.500000,0.000000,570,1000,1600,2100,2900,4200,5600,6300,8500,8500,8500,794,0,570,1148.8254322415723,81.0104999691248,8526.067800004967,5059.56926952141
1791075952,400,,Aggregated,61.600000,0.000000,580,1100,1600,2100,3200,4700,6100,7000,9200,9200,9200,857,0,580,1238.2080012838283,81.0104999691248,9162.00359998038,5082.689614935823
1791075954,425,,Aggregated,62.200000,0.000000,580,1100,1700,2200,3300,4900,6200,7600,10000,10000,10000,898,0,570,1268.1211408689585,81.0104999691248,10343.517399975099,5053.160356347439
1791075955,450,,Aggregated,62.300000,0.000000,570,1100,1800,2300,3800,5100,6800,8600,11000,11000,11000,978,0,570,1339.174450102492,81.0104999691248,11116.846800025087,5061.6124744376275
1791075956,475,,Aggregated,57.900000,0.000000,570,1100,1900,2400,4000,5500,8000,9200,12000,13000,13000,1056,0,560,1434.8952540721339,81.0104999691248,12758.310900011566,5082.302083333333
1791075957,500,,Aggregated,60.600000,0.000000,560,1100,2100,2500,4200,6100,8600,9300,12000,13000,13000,1134,0,550,1499.6894358025845,81.0104999691248,12758.310900011566,5048.675485008818
1791075958,525,,Aggregated,63.400000,0.000000,560,1100,2100,2800,4300,6300,8800,9300,12000,13000,13000,1207,0,560,1563.9462131731423,81.0104999691248,12758.310900011566,5053.274233637117
1791075959,550,,Aggregated,64.900000,0.000000,530,1100,2100,2900,4300,6700,9000,10000,14000,15000,15000,1265,0,530,1608.455358814124,81.0104999691248,14785.404399968684,5062.378656126482
1791075960,575,,Aggregated,67.300000,0.000000,540,1100,2200,3100,4900,7400,9200,11000,14000,15000,15000,1324,0,530,1703.7083811176856,81.0104999691248,14785.404399968684,5069.436555891239
1791075961,600,,Aggregated,65.900000,0.000000,510,1100,2200,3100,5000,7900,9300,11000,15000,18000,18000,1374,0,510,1710.4520689958051,81.0104999691248,17811.7008000263,5063.363901018923
1791075962,625,,Aggregated,62.700000,0.000000,510,1100,2200,3200,5200,8200,9700,11000,18000,18000,18000,1437,0,510,1763.732883368169,81.0104999691248,17811.7008000263,5066.14683368128
1791075963,650,,Aggregated,63.100000,0.000000,500,1100,2200,3200,5400,8200,9800,12000,18000,18000,18000,1494,0,500,1795.2564498660927,81.0104999691248,18109.442799992394,5055.742302543507
1791075964,675,,Aggregated,61.800000,0.000000,520,1100,2400,3500,6000,8600,11000,13000,18000,18000,18000,1550,0,520,1897.7658023225565,81.0104999691248,18170.688099984545,5047.984516129032
1791075965,700,,Aggregated,61.800000,0.000000,520,1100,2500,3900,6200,8700,11000,13000,18000,18000,18000,1627,0,520,1978.5119607867462,81.0104999691248,18170.688099984545,5038.244007375538
1791075966,725,,Aggregated,64.100000,0.000000,530,1200,2900,4100,6700,9200,12000,15000,21000,21000,21000,1728,0,520,2150.5211859954147,81.0104999691248,21073.406799987424,5042.721643518518
1791075967,750,,Aggregated,63.900000,0.000000,510,1200,3000,4200,6800,9300,12000,15000,21000,22000,22000,1793,0,510,2203.053939654067,81.0104999691248,21768.84599996265,5038.688789737869
1791075968,775,,Aggregated,65.900000,0.000000,510,1300,3100,4200,6900,10000,13000,18000,22000,23000,23000,1855,0,510,2311.6097923448547,81.0104999691248,22634.218199993484,5034.237735849057
1791075969,800,,Aggregated,65.800000,0.000000,500,1300,3300,4300,7300,11000,15000,18000,22000,23000,23000,1940,0,500,2424.7416552062327,81.0104999691248,22634.218199993484,5037.738144329897
1791075970,825,,Aggregated,63.700000,0.000000,510,1500,3900,5100,7400,11000,16000,18000,22000,23000,23000,2043,0,510,2574.296603769056,73.97040002979338,22634.218199993484,5033.550171316691
1791075971,850,,Aggregated,65.900000,0.000000,510,1600,4000,5600,7900,12000,17000,18000,23000,25000,25000,2153,0,510,2696.4923192754686,71.37670001247898,24848.456499981694,5026.508592661403
1791075972,875,,Aggregated,71.600000,0.000000,490,1600,4100,5700,7900,12000,17000,18000,23000,25000,25000,2211,0,490,2712.0262561283316,71.37670001247898,25355.866600002628,5031.60289461782
1791075973,900,,Aggregated,76.100000,0.000000,480,1500,4100,6000,8100,13000,17000,19000,27000,30000,30000,2290,0,480,2783.103718165784,71.37670001247898,29925.326699973084,5027.117030567686
1791075974,925,,Aggregated,76.200000,0.000000,490,1500,4100,6000,8100,13000,17000,20000,31000,31000,31000,2326,4,490,2822.402217927605,71.37670001247898,30955.65900002839,5023.6543422184
1791075975,950,,Aggregated,79.700000,0.000000,490,1500,4100,6000,8200,13000,18000,20000,31000,31000,31000,2363,5,490,2847.9466374099275,71.37670001247898,31007.31179997092,5024.643250105798
1791075976,975,,Aggregated,76.600000,0.400000,500,1500,4100,6000,8500,13000,18000,22000,31000,31000,31000,2409,12,500,2904.806671564789,71.37670001247898,31448.710899974685,5011.718970527189
1791075977,1000,,Aggregated,0.000000,0.000000,350,9500,10000,17000,22000,30000,30000,30000,30000,30000,30000,37,2,350,7341.132651352185,121.50350003503263,30243.272300052922,4821.945945945946
1791075978,1000,,Aggregated,0.000000,0.000000,460,9700,10000,17000,22000,30000,30000,31000,31000,31000,31000,106,9,380,7060.027223584497,18.811499990988523,30919.908999989275,4651.330188679245
1791075979,1000,,Aggregated,8.000000,1.000000,660,10000,17000,17000,22000,30000,31000,31000,31000,31000,31000,152,15,600,7961.044755262647,18.811499990988523,30919.908999989275,4517.940789473684
1791075980,1000,,Aggregated,37.500000,3.000000,9600,11000,17000,18000,24000,30000,31000,31000,31000,31000,31000,232,18,9600,8826.158350000384,18.811499990988523,30919.908999989275,4630.038793103448
1791075981,1000,,Aggregated,43.000000,4.666667,9900,11000,17000,18000,26000,30000,31000,31000,31000,31000,31000,307,25,9900,9247.19112215079,18.811499990988523,30919.908999989275,4580.14332247557
1791075982,1000,,Aggregated,50.750000,3.750000,10000,11000,18000,18000,28000,30000,31000,31000,31000,31000,31000,350,38,10000,9994.809903429123,18.811499990988523,30919.908999989275,4465.068571428571
1791075983,1000,,Aggregated,54.400000,5.000000,10000,12000,18000,19000,30000,30000,31000,31000,31000,31000,31000,389,46,10000,10425.853349357469,18.811499990988523,31022.21389999613,4411.539845758355
1791075984,1000,,Aggregated,55.166667,5.666667,10000,13000,18000,19000,30000,30000,31000,31000,31000,31000,31000,426,53,10000,10585.292856103775,18.811499990988523,31310.109600017313,4395.762910798122
1791075985,1000,,Aggregated,53.000000,6.285714,11000,13000,18000,22000,30000,31000,31000,31000,31000,31000,31000,452,67,11000,10929.538049115456,18.811499990988523,31310.109600017313,4276.371681415929
1791075986,1000,,Aggregated,51.625000,6.000000,11000,14000,18000,24000,30000,31000,31000,31000,31000,31000,31000,495,81,11000,11151.908571717,18.811499990988523,31310.109600017313,4220.80404040404
1791075987,1000,,Aggregated,49.111111,6.777778,11000,15000,18000,24000,30000,31000,31000,31000,31000,31000,31000,594,91,11000,11661.223438720112,18.811499990988523,31310.109600017313,4325.148148148148
1791075988,1000,,Aggregated,47.600000,7.700000,11000,15000,20000,24000,30000,31000,31000,31000,31000,31000,31000,685,105,11000,11988.860944087663,18.667399999685585,31310.109600017313,4317.056934306569
1791075989,1000,,Aggregated,53.300000,8.700000,11000,15000,20000,23000,30000,31000,31000,31000,31000,31000,31000,718,107,11000,11966.428133704796,18.667399999685585,31310.109600017313,4334.541782729805
1791075990,1000,,Aggregated,56.000000,9.300000,11000,15000,20000,24000,30000,31000,31000,31000,32000,32000,32000,749,119,11000,11901.888076902755,18.667399999685585,31548.69460000191,4281.608811748999
1791075991,1000,,Aggregated,57.200000,9.300000,11000,16000,22000,26000,30000,31000,31000,31000,32000,32000,32000,788,145,11000,12243.007838451935,18.667399999685585,31548.69460000191,4153.928934010152
1791075992,1000,,Aggregated,52.700000,9.300000,11000,17000,22000,28000,31000,31000,31000,31000,32000,32000,32000,816,167,11000,12429.804682598466,18.667399999685585,31591.246100026183,4054.560049019608
1791075993,1000,,Aggregated,48.800000,10.100000,11000,18000,22000,28000,31000,31000,31000,31000,32000,32000,32000,856,182,11000,12519.517391355506,18.667399999685585,31591.246100026183,4006.8563084112147
1791075994,1000,,Aggregated,46.500000,11.700000,11000,18000,22000,28000,31000,31000,31000,31000,32000,32000,32000,882,193,11000,12580.643226191036,18.667399999685585,31591.246100026183,3986.52947845805
1791075995,1000,,Aggregated,46.200000,13.200000,11000,18000,22000,29000,31000,31000,31000,31000,32000,32000,32000,917,208,11000,12675.219522792373,18.667399999685585,31591.246100026183,3947.557251908397
1791075996,1000,,Aggregated,45.300000,13.800000,11000,18000,24000,29000,31000,31000,31000,31000,32000,32000,32000,958,228,11000,12841.383552818985,18.667399999685585,31591.246100026183,3883.3736951983296
1791075997,1000,,Aggregated,45.500000,13.800000,12000,19000,27000,30000,31000,31000,31000,31000,32000,32000,32000,1031,265,12000,13168.32812512169,18.667399999685585,31591.246100026183,3777.6925315227936
1791075998,1000,,Aggregated,45.400000,13.800000,14000,22000,29000,30000,31000,31000,31000,31000,32000,32000,32000,1123,321,14000,13772.649934639361,18.667399999685585,31591.246100026183,3634.568121104185
1791075999,1000,,Aggregated,43.400000,15.000000,14000,22000,29000,30000,31000,31000,31000,31000,32000,32000,32000,1174,339,14000,13877.062704003427,18.667399999685585,31591.246100026183,3626.7572402044293
1791076000,1000,,Aggregated,43.200000,19.200000,14000,22000,29000,30000,31000,31000,31000,31000,32000,32000,32000,1243,368,14000,13902.609706677404,18.667399999685585,31591.246100026183,3574.308125502816
1791076001,1000,,Aggregated,45.000000,22.700000,15000,22000,29000,30000,31000,31000,31000,31000,32000,32000,32000,1286,386,15000,13948.832289269116,18.667399999685585,31591.246100026183,3542.679626749611
1791076002,1000,,Aggregated,46.900000,24.400000,15000,22000,30000,30000,31000,31000,31000,31000,32000,32000,32000,1314,407,15000,14151.807603576735,18.667399999685585,31592.004299978726,3483.0837138508373
1791076003,1000,,Aggregated,49.300000,24.400000,15000,22000,30000,30000,31000,31000,31000,31000,32000,32000,32000,1348,431,15000,14369.7353920623,18.667399999685585,31829.218600003514,3427.3041543026707
1791076004,1000,,Aggregated,50.100000,24.200000,15000,22000,30000,30000,31000,31000,31000,31000,32000,32000,32000,1382,458,15000,14542.618029739398,18.667399999685585,31829.218600003514,3364.289435600579
1791076005,1000,,Aggregated,49.100000,23.600000,15000,23000,30000,30000,31000,31000,32000,32000,33000,33000,33000,1418,487,15000,14886.204764104035,18.667399999685585,32721.171399985906,3306.2270803949223
1791076006,1000,,Aggregated,49.500000,25.600000,15000,24000,30000,30000,31000,31000,32000,32000,33000,33000,33000,1447,513,15000,15016.060597857366,18.667399999685585,32721.171399985906,3252.552176917761
1791076007,1000,,Aggregated,49.100000,26.200000,15000,28000,30000,31000,31000,31000,32000,32000,33000,33000,33000,1568,602,15000,15494.005307333722,18.667399999685585,32923.3381000231,3102.7901785714284
1791076008,1000,,Aggregated,48.900000,27.200000,15000,27000,30000,30000,31000,31000,32000,32000,33000,33000,33000,1641,618,15000,15553.056623826515,18.667399999685585,32923.3381000231,3144.733089579525
1791076009,1000,,Aggregated,50.000000,30.100000,15000,27000,30000,30000,31000,31000,32000,32000,33000,33000,33000,1695,638,15000,15702.405109793215,18.667399999685585,32923.3381000231,3139.5681415929203
1791076010,1000,,Aggregated,52.200000,31.300000,17000,27000,30000,30000,31000,31000,32000,32000,33000,33000,33000,1765,664,17000,15942.38264141617,18.667399999685585,32923.3381000231,3135.270254957507
1791076011,1000,,Aggregated,50.500000,29.000000,18000,27000,30000,30000,31000,31000,32000,32000,33000,33000,33000,1815,682,18000,16068.752871129076,18.667399999685585,32923.3381000231,3134.133333333333
1791076012,1000,,Aggregated,50.300000,29.000000,18000,28000,30000,30000,31000,31000,32000,32000,33000,33000,33000,1843,695,18000,16114.590366033191,18.667399999685585,32923.3381000231,3129.911014650027
1791076013,1000,,Aggregated,52.800000,30.100000,18000,29000,30000,30000,31000,31000,32000,32000,33000,33000,33000,1872,718,18000,16308.03807959355,18.667399999685585,32923.3381000231,3093.142094017094
1791076014,1000,,Aggregated,52.200000,29.000000,18000,29000,30000,30000,31000,31000,32000,32000,33000,33000,33000,1894,735,18000,16409.194267634233,18.667399999685585,32923.3381000231,3070.264519535375
1791076015,1000,,Aggregated,51.900000,28.300000,18000,29000,30000,31000,31000,31000,32000,32000,33000,33000,33000,1927,758,18000,16558.702198183186,18.667399999685585,32923.3381000231,3046.637778930981
1791076016,1000,,Aggregated,51.400000,27.800000,18000,29000,30000,31000,31000,31000,32000,32000,33000,33000,33000,2009,774,18000,16596.659019910076,18.667399999685585,32923.3381000231,3076.398705823793
1791076017,1000,,Aggregated,51.500000,28.100000,19000,29000,30000,30000,31000,31000,32000,32000,33000,33000,33000,2065,787,19000,16677.224946682363,18.667399999685585,32923.3381000231,3097.6842615012106
1791076018,1000,,Aggregated,52.700000,28.000000,19000,28000,30000,30000,31000,31000,32000,32000,33000,33000,33000,2120,801,19000,16699.862261744795,18.667399999685585,32923.3381000231,3117.6646226415096
1791076019,1000,,Aggregated,54.600000,23.700000,19000,29000,30000,30000,31000,31000,32000,32000,33000,33000,33000,2185,836,19000,16836.263978489424,18.667399999685585,32923.3381000231,3098.98352402746
1791076020,1000,,Aggregated,48.700000,18.400000,20000,29000,30000,30000,31000,31000,32000,32000,33000,33000,33000,2245,862,20000,16928.83658654752,18.667399999685585,32923.3381000231,3093.4289532293988
1791076021,1000,,Aggregated,47.300000,18.200000,21000,29000,30000,30000,31000,31000,32000,32000,33000,33000,33000,2304,874,21000,16977.862404079428,18.667399999685585,32923.3381000231,3107.2335069444443
1791076022,1000,,Aggregated,48.400000,19.500000,21000,29000,30000,30000,31000,31000,32000,32000,33000,33000,33000,2308,874,21000,16965.859543457096,18.667399999685585,32923.3381000231,3109.630415944541
1791076023,1000,,Aggregated,47.200000,19.100000,22000,29000,30000,30000,31000,31000,32000,32000,33000,33000,33000,2342,898,22000,17103.51643180999,18.667399999685585,32923.3381000231,3087.646029035013
1791076024,1000,,Aggregated,48.500000,19.100000,22000,29000,30000,30000,31000,31000,32000,32000,33000,33000,33000,2377,909,22000,17057.346855742024,18.667399999685585,32923.3381000231,3090.3933529659234
1791076025,1000,,Aggregated,47.500000,18.700000,22000,29000,30000,30000,31000,31000,32000,32000,33000,33000,33000,2406,918,22000,17088.906428594684,18.667399999685585,32923.3381000231,3093.194513715711
1791076026,1000,,Aggregated,47.400000,18.200000,22000,29000,30000,31000,31000,31000,32000,32000,33000,33000,33000,2436,930,22000,17118.62803382551,18.667399999685585,32923.3381000231,3090.7549261083745
1791076027,1000,,Aggregated,47.600000,16.800000,22000,29000,30000,30000,31000,31000,32000,32000,33000,33000,33000,2495,941,22000,17103.409788416495,18.667399999685585,32923.3381000231,3106.5270541082164
1791076029,1000,,Aggregated,41.700000,15.500000,22000,29000,30000,30000,31000,31000,32000,32000,33000,33000,33000,2561,953,22000,17073.172275360794,18.667399999685585,32923.3381000231,3128.800468566966
1791076030,1000,,Aggregated,41.700000,15.500000,22000,29000,30000,30000,31000,31000,32000,32000,33000,33000,33000,2617,978,22000,17145.10141937311,18.667399999685585,32923.3381000231,3121.312189529996
1791076031,1000,,Aggregated,42.100000,15.300000,22000,29000,30000,30000,31000,31000,32000,32000,33000,33000,33000,2669,1003,22000,17206.49853986503,18.667399999685585,32923.3381000231,3109.767703259648
1791076032,1000,,Aggregated,43.100000,14.100000,22000,29000,30000,30000,31000,31000,32000,32000,33000,33000,33000,2740,1018,22000,17167.122050912254,18.667399999685585,32923.3381000231,3125.2226277372265
1791076033,1000,,Aggregated,41.600000,14.100000,22000,29000,30000,30000,31000,31000,32000,32000,33000,33000,33000,2805,1036,22000,17137.1271434224,18.667399999685585,32923.3381000231,3135.24991087344
1791076034,1000,,Aggregated,43.400000,14.400000,22000,29000,30000,30000,31000,31000,32000,32000,33000,33000,33000,2843,1049,22000,17124.833308898906,18.667399999685585,33239.996399963275,3136.8079493492787
1791076035,1000,,Aggregated,48.300000,15.400000,22000,29000,30000,30000,31000,31000,32000,32000,33000,34000,34000,2874,1061,22000,17107.65875163523,18.667399999685585,33879.58109995816,3130.9321503131523
1791076036,1000,,Aggregated,49.300000,14.700000,22000,27000,30000,30000,31000,31000,32000,32000,33000,34000,34000,2965,1067,22000,16956.326893625486,18.667399999685585,34177.018799993675,3179.695784148398
1791076037,1000,,Aggregated,49.400000,15.100000,21000,27000,30000,30000,31000,31000,32000,32000,33000,34000,34000,3011,1076,21000,16883.34070597795,18.667399999685585,34177.018799993675,3195.248422451013
1791076038,1000,,Aggregated,55.200000,14.900000,21000,27000,30000,30000,31000,31000,32000,32000,34000,36000,36000,3053,1086,21000,16801.63095293153,18.667399999685585,35993.20309999166,3196.1283982967575
1791076039,1000,,Aggregated,57.000000,14.500000,20000,27000,30000,30000,31000,31000,32000,32000,35000,36000,36000,3107,1096,20000,16755.313220727323,18.667399999685585,35993.20309999166,3209.4435146443516
1791076040,1000,,Aggregated,55.300000,14.500000,20000,27000,30000,30000,31000,31000,32000,32000,35000,36000,36000,3183,1119,20000,16792.81273704043,18.667399999685585,35993.20309999166,3224.0810556079173
1791076041,1000,,Aggregated,53.600000,13.800000,20000,27000,30000,30000,31000,31000,32000,33000,35000,36000,36000,3247,1149,20000,16913.836138712606,18.667399999685585,35993.20309999166,3214.4687403757316
1791076042,1000,,Aggregated,55.100000,13.800000,20000,27000,30000,30000,31000,31000,32000,33000,35000,36000,36000,3324,1173,20000,16912.920133634078,18.667399999685585,35993.20309999166,3219.584235860409
1791076043,1000,,Aggregated,57.500000,14.500000,20000,27000,30000,30000,31000,31000,32000,33000,35000,36000,36000,3408,1197,20000,16901.185957863625,18.667399999685585,35993.20309999166,3229.861795774648
1791076044,1000,,Aggregated,57.300000,15.500000,20000,27000,30000,30000,31000,31000,32000,33000,35000,36000,36000,3471,1222,20000,16900.25870158438,18.667399999685585,35993.20309999166,3227.9374819936615
1791076045,1000,,Aggregated,60.400000,16.000000,20000,27000,30000,30000,31000,31000,32000,33000,36000,37000,37000,3502,1233,20000,16885.49212835507,18.667399999685585,36598.67530001793,3225.233009708738
1791076046,1000,,Aggregated,62.600000,17.300000,20000,27000,30000,30000,31000,31000,32000,33000,36000,37000,37000,3531,1242,20000,16840.202319767555,18.667399999685585,36598.67530001793,3228.5839705465874
1791076047,1000,,Aggregated,62.800000,17.200000,20000,27000,30000,30000,31000,31000,32000,34000,38000,38000,38000,3552,1249,20000,16834.92785788268,18.667399999685585,37694.78929997422,3230.3752815315315
1791076048,1000,,Aggregated,56.600000,17.400000,19000,27000,30000,30000,31000,31000,32000,34000,38000,38000,38000,3621,1266,19000,16800.09610773246,18.667399999685585,37776.5642000013,3234.1353217343276
1791076049,1000,,Aggregated,54.100000,17.200000,19000,27000,30000,30000,31000,31000,32000,35000,38000,38000,38000,3693,1305,19000,16903.340580584732,18.667399999685585,37776.5642000013,3214.229082047116
1791076050,1000,,Aggregated,56.900000,18.000000,19000,27000,30000,30000,31000,31000,33000,36000,38000,38000,38000,3762,1333,19000,16954.237708399636,18.667399999685585,37776.5642000013,3209.0497076023394
1791076051,1000,,Aggregated,58.100000,20.500000,19000,27000,30000,30000,31000,31000,33000,37000,38000,38000,38000,3825,1348,19000,16904.39025226127,18.667399999685585,37776.5642000013,3216.698039215686
1791076052,1000,,Aggregated,58.200000,21.600000,19000,27000,30000,30000,31000,31000,34000,37000,38000,38000,38000,3903,1362,19000,16801.120644324732,18.667399999685585,37776.5642000013,3228.6208045093517
1791076053,1000,,Aggregated,56.500000,19.500000,19000,27000,30000,30000,31000,31000,34000,37000,38000,38000,38000,3971,1363,19000,16703.87250959444,18.667399999685585,37776.5642000013,3254.0629564341475
1791076054,1000,,Aggregated,57.000000,18.700000,19000,27000,30000,30000,31000,31000,34000,37000,38000,38000,38000,4042,1391,19000,16733.592251682236,18.667399999685585,37776.5642000013,3250.2120237506183
1791076055,1000,,Aggregated,55.500000,16.700000,18000,27000,30000,30000,31000,31000,34000,37000,38000,38000,38000,4111,1395,18000,16610.497383604932,18.667399999685585,37814.81379998149,3275.4337144247143
1791076056,1000,,Aggregated,55.900000,16.700000,18000,27000,30000,30000,31000,31000,34000,37000,38000,39000,39000,4132,1403,18000,16617.959480663132,18.667399999685585,39163.60369999893,3273.9704743465636
1791076057,1000,,Aggregated,60.400000,16.200000,18000,27000,30000,30000,31000,31000,34000,37000,39000,39000,39000,4153,1411,18000,16615.108801902257,18.667399999685585,39163.60369999893,3275.2147844931374
1791076058,1000,,Aggregated,59.800000,15.700000,18000,27000,30000,30000,31000,31000,34000,37000,39000,39000,39000,4228,1427,18000,16568.691873722903,18.667399999685585,39163.60369999893,3284.2675023651846
1791076059,1000,,Aggregated,59.500000,15.800000,18000,27000,30000,30000,31000,32000,35000,37000,39000,39000,39000,4290,1446,18000,16602.848993310112,18.667399999685585,39163.60369999893,3287.0382284382285
1791076060,1000,,Aggregated,58.500000,15.800000,18000,27000,30000,30000,31000,32000,35000,37000,39000,39000,39000,4319,1460,18000,16630.587195369422,18.667399999685585,39163.60369999893,3284.5012734429265
1791076061,1000,,Aggregated,59.500000,14.500000,18000,27000,30000,30000,31000,32000,36000,37000,39000,39000,39000,4404,1508,18000,16700.542870935667,18.667399999685585,39163.60369999893,3264.008855585831
1791076062,1000,,Aggregated,56.000000,12.100000,17000,27000,30000,30000,31000,32000,36000,37000,39000,39000,39000,4468,1528,17000,16688.619604095922,18.667399999685585,39163.60369999893,3268.1633840644586
1791076063,1000,,Aggregated,57.100000,15.800000,17000,27000,30000,30000,31000,32000,36000,37000,39000,39000,39000,4533,1539,17000,16630.18592484025,18.667399999685585,39163.60369999893,3277.1277299801454
1791076064,1000,,Aggregated,56.800000,16.300000,17000,27000,30000,30000,31000,32000,36000,37000,39000,39000,39000,4581,1559,17000,16621.46941700521,18.667399999685585,39163.60369999893,3273.0512988430473
1791076065,1000,,Aggregated,56.700000,17.600000,17000,27000,30000,30000,31000,32000,36000,37000,39000,39000,39000,4646,1587,17000,16614.65250215253,18.667399999685585,39163.60369999893,3269.59900990099
1791076066,1000,,Aggregated,53.600000,16.200000,17000,27000,30000,30000,31000,32000,36000,37000,39000,39000,39000,4675,1604,17000,16638.308920085714,18.667399999685585,39163.60369999893,3263.248342245989
1791076067,1000,,Aggregated,51.700000,18.200000,17000,27000,30000,30000,31000,32000,36000,37000,39000,39000,39000,4712,1621,17000,16657.495403692894,18.667399999685585,39163.60369999893,3256.1742359932086
1791076068,1000,,Aggregated,54.100000,20.000000,17000,27000,30000,30000,31000,32000,36000,37000,39000,39000,39000,4761,1642,17000,16661.155585843488,18.667399999685585,39163.60369999893,3253.9575719386685
1791076069,1000,,Aggregated,54.900000,20.600000,17000,27000,30000,30000,31000,32000,36000,37000,39000,39000,39000,4824,1660,17000,16625.911262686725,18.667399999685585,39163.60369999893,3252.6668739635156
1791076070,1000,,Aggregated,53.400000,20.400000,17000,27000,30000,30000,31000,32000,36000,37000,39000,39000,39000,4886,1675,17000,16559.91863880492,18.667399999685585,39163.60369999893,3257.509005321326
1791076071,1000,,Aggregated,53.400000,21.500000,17000,27000,30000,30000,31000,32000,35000,37000,39000,39000,39000,4948,1691,17000,16538.346439349414,18.667399999685585,39163.60369999893,3260.5220291026676
1791076072,1000,,Aggregated,54.600000,21.600000,17000,27000,30000,30000,31000,32000,35000,37000,39000,39000,39000,5029,1718,17000,16520.94313772131,18.667399999685585,39163.60369999893,3264.699542652615
1791076073,1000,,Aggregated,55.300000,18.500000,17000,27000,30000,30000,31000,32000,35000,37000,39000,39000,39000,5114,1722,17000,16445.80936973031,18.667399999685585,39163.60369999893,3285.43684004693
1791076074,1000,,Aggregated,53.300000,18.700000,17000,27000,30000,30000,31000,32000,35000,37000,39000,39000,39000,5169,1732,17000,16413.85838930177,18.667399999685585,39163.60369999893,3296.2994776552523
1791076075,1000,,Aggregated,54.800000,18.200000,17000,27000,30000,30000,31000,31000,35000,37000,39000,39000,39000,5224,1761,17000,16431.282179689973,18.667399999685585,39163.60369999893,3286.3091500765695
1791076076,1000,,Aggregated,58.300000,17.400000,17000,27000,30000,30000,31000,31000,35000,37000,39000,39000,39000,5244,1776,17000,16461.66951106033,18.667399999685585,39163.60369999893,3278.739321128909
1791076077,1000,,Aggregated,57.900000,17.300000,17000,27000,30000,30000,31000,32000,35000,37000,39000,39000,39000,5295,1800,17000,16470.371965533584,18.667399999685585,39163.60369999893,3275.1680830972614
1791076078,1000,,Aggregated,56.700000,16.800000,17000,27000,30000,30000,31000,32000,35000,37000,39000,39000,39000,5361,1813,17000,16416.190499235254,18.667399999685585,39163.60369999893,3283.7136728222345
1791076079,1000,,Aggregated,57.700000,17.800000,17000,27000,30000,30000,31000,32000,35000,37000,39000,39000,39000,5414,1830,17000,16423.181654082066,18.667399999685585,39163.60369999893,3284.6701145179163
1791076080,1000,,Aggregated,58.500000,17.700000,17000,27000,30000,30000,31000,31000,34000,37000,39000,39000,39000,5476,1862,17000,16453.86716886429,18.667399999685585,39163.60369999893,3275.8301680058435
1791076081,1000,,Aggregated,59.100000,16.800000,17000,27000,30000,30000,31000,31000,34000,37000,39000,39000,39000,5548,1877,17000,16430.956160760787,18.667399999685585,39163.60369999893,3283.023071377073
1791076082,1000,,Aggregated,58.000000,17.000000,17000,27000,30000,30000,31000,31000,34000,37000,39000,39000,39000,5623,1906,17000,16433.734941241444,18.667399999685585,39163.60369999893,3275.414369553619
1791076083,1000,,Aggregated,58.300000,18.500000,17000,27000,30000,30000,31000,31000,34000,37000,39000,39000,39000,5685,1924,17000,16419.43361722082,18.667399999685585,39163.60369999893,3278.719613016711
1791076084,1000,,Aggregated,59.900000,18.100000,17000,27000,30000,30000,31000,31000,34000,37000,39000,39000,39000,5740,1959,17000,16461.20716632412,18.667399999685585,39163.60369999893,3266.231707317073
1791076085,1000,,Aggregated,57.700000,19.300000,17000,27000,30000,30000,31000,31000,34000,37000,39000,39000,39000,5808,1974,17000,16402.235594559275,18.667399999685585,39163.60369999893,3272.9820936639117
1791076086,1000,,Aggregated,56.300000,21.500000,17000,27000,30000,30000,31000,31000,34000,37000,39000,39000,39000,5892,1998,17000,16373.982643363923,18.667399999685585,39163.60369999893,3278.7365919891377
1791076087,1000,,Aggregated,56.200000,21.600000,17000,27000,30000,30000,31000,31000,34000,37000,39000,39000,39000,5938,2005,17000,16340.124410087587,18.667399999685585,39163.60369999893,3286.3014482990907
1791076088,1000,,Aggregated,61.600000,21.500000,17000,27000,30000,30000,31000,31000,34000,37000,39000,39000,39000,5963,2016,17000,16360.874094851606,18.667399999685585,39163.60369999893,3285.09089384538
1791076089,1000,,Aggregated,64.800000,21.200000,17000,27000,30000,30000,31000,31000,34000,37000,39000,39000,39000,6008,2023,17000,16322.676622786295,18.667399999685585,39163.60369999893,3293.133655126498
1791076090,1000,,Aggregated,62.600000,20.500000,17000,27000,30000,30000,31000,31000,34000,37000,39000,39000,39000,6091,2033,17000,16326.568268609424,18.667399999685585,39163.60369999893,3307.015760958792
1791076091,1000,,Aggregated,58.400000,19.400000,17000,27000,30000,30000,31000,31000,34000,37000,39000,39000,39000,6152,2067,17000,16370.724645806251,18.667399999685585,39163.60369999893,3296.7506501950584
1791076092,1000,,Aggregated,63.000000,18.500000,17000,27000,30000,30000,31000,31000,34000,37000,39000,39000,39000,6226,2081,17000,16336.180425907489,18.667399999685585,39163.60369999893,3304.1302601991647
1791076093,1000,,Aggregated,59.600000,17.400000,17000,27000,30000,30000,31000,31000,34000,37000,39000,39000,39000,6279,2088,17000,16308.252777448652,18.667399999685585,39163.60369999893,3316.033604077082
1791076094,1000,,Aggregated,60.200000,18.400000,17000,27000,30000,30000,31000,31000,34000,37000,39000,39000,39000,6326,2111,17000,16327.706684761359,18.667399999685585,39163.60369999893,3311.134366108125
1791076095,1000,,Aggregated,59.800000,17.000000,16000,27000,30000,30000,31000,31000,34000,37000,39000,39000,39000,6392,2125,16000,16287.59116550379,18.667399999685585,39163.60369999893,3315.404098873592
1791076096,1000,,Aggregated,59.300000,15.700000,16000,27000,30000,30000,31000,31000,34000,37000,39000,39000,39000,6486,2132,16000,16267.168551649773,18.667399999685585,39163.60369999893,3334.5598211532533
1791076097,1000,,Aggregated,58.700000,15.600000,16000,27000,30000,30000,31000,31000,34000,37000,39000,39000,39000,6548,2138,16000,16239.139612507719,18.667399999685585,39163.60369999893,3343.6838729383016
1791076098,1000,,Aggregated,56.800000,14.800000,16000,27000,30000,30000,31000,31000,34000,37000,39000,39000,39000,6589,2146,16000,16205.032100045633,18.667399999685585,39163.60369999893,3348.8799514342086
1791076099,1000,,Aggregated,58.500000,13.200000,16000,27000,30000,30000,31000,31000,34000,37000,39000,39000,39000,6659,2154,16000,16192.052671242032,18.667399999685585,39163.60369999893,3358.0093107073135
1791076100,1000,,Aggregated,61.000000,13.100000,16000,27000,30000,30000,31000,31000,34000,37000,39000,39000,39000,6733,2161,16000,16193.7403968514,18.667399999685585,39163.60369999893,3373.089261844646
1791076101,1000,,Aggregated,63.300000,13.100000,16000,27000,30000,30000,31000,31000,34000,37000,39000,39000,39000,6790,2169,16000,16196.487355478717,18.667399999685585,39163.60369999893,3381.298969072165
1791076102,1000,,Aggregated,61.800000,13.100000,16000,27000,30000,30000,31000,31000,34000,37000,39000,39000,39000,6872,2176,16000,16161.427898515785,18.667399999685585,39163.60369999893,3394.983556461001
1791076103,1000,,Aggregated,63.000000,11.700000,16000,26000,30000,30000,31000,31000,34000,37000,39000,39000,39000,6936,2183,16000,16113.52580712233,18.667399999685585,39163.60369999893,3404.451124567474
1791076104,1000,,Aggregated,62.200000,9.600000,16000,26000,30000,30000,31000,31000,34000,37000,39000,39000,39000,6997,2198,16000,16110.859058167827,18.667399999685585,39163.60369999893,3408.8819494068885
1791076105,1000,,Aggregated,63.400000,9.400000,16000,26000,30000,30000,31000,31000,34000,37000,39000,39000,39000,7070,2204,16000,16098.037653437086,18.667399999685585,39163.60369999893,3421.385007072136
1791076106,1000,,Aggregated,64.600000,8.800000,16000,26000,30000,30000,31000,31000,33000,37000,39000,39000,39000,7138,2211,16000,16090.21146723173,18.667399999685585,39163.60369999893,3431.213505183525
1791076107,1000,,Aggregated,65.100000,7.700000,16000,26000,30000,30000,31000,31000,33000,37000,39000,39000,39000,7171,2219,16000,16070.57473751222,18.667399999685585,39163.60369999893,3434.9118672430623
1791076108,1000,,Aggregated,68.200000,7.500000,16000,26000,30000,30000,31000,31000,33000,37000,39000,39000,39000,7215,2229,16000,16044.429421399938,18.667399999685585,39163.60369999893,3436.2327096327094
1791076109,1000,,Aggregated,64.500000,7.800000,16000,26000,30000,30000,31000,31000,33000,37000,39000,39000,39000,7280,2235,16000,16032.28972670337,18.667399999685585,39163.60369999893,3443.5343406593406
1791076110,1000,,Aggregated,61.700000,8.000000,16000,26000,30000,30000,31000,31000,33000,37000,39000,39000,39000,7358,2246,16000,16027.791940201205,18.667399999685585,39163.60369999893,3447.60777385159
1791076111,1000,,Aggregated,61.000000,8.200000,16000,26000,30000,30000,31000,31000,33000,37000,39000,39000,39000,7440,2252,16000,16022.754004005385,14.131200034171343,39163.60369999893,3460.511559139785
1791076112,1000,,Aggregated,60.600000,8.000000,16000,26000,30000,30000,31000,31000,33000,37000,39000,39000,39000,7497,2254,16000,15987.924782966513,14.131200034171343,39163.60369999893,3470.454048285981
1791076113,1000,,Aggregated,62.400000,8.500000,16000,26000,30000,30000,31000,31000,33000,37000,39000,39000,39000,7561,2261,16000,15960.753043830135,14.131200034171343,39163.60369999893,3478.7910329321517
1791076114,1000,,Aggregated,64.400000,8.200000,16000,26000,30000,30000,31000,31000,33000,37000,39000,39000,39000,7624,2272,16000,15944.381904774378,14.131200034171343,39163.60369999893,3484.9088405036728
1791076115,1000,,Aggregated,61.700000,7.600000,16000,26000,30000,30000,31000,31000,33000,37000,39000,39000,39000,7704,2275,16000,15905.15288154205,14.131200034171343,39163.60369999893,3497.889797507788
1791076116,1000,,Aggregated,62.300000,8.000000,16000,26000,30000,30000,31000,31000,33000,37000,39000,39000,39000,7789,2278,16000,15855.14748373347,14.131200034171343,39163.60369999893,3510.493516497625
1791076117,1000,,Aggregated,62.400000,7.300000,16000,26000,30000,30000,31000,31000,33000,37000,39000,39000,39000,7842,2286,16000,15854.223341137455,14.131200034171343,39163.60369999893,3515.1869421066053
1791076118,1000,,Aggregated,61.800000,7.100000,16000,26000,30000,30000,31000,31000,33000,37000,39000,39000,39000,7912,2296,16000,15841.155828286115,14.131200034171343,39163.60369999893,3518.6550808897878
1791076119,1000,,Aggregated,64.500000,6.700000,16000,26000,30000,30000,31000,31000,33000,37000,39000,39000,39000,7974,2303,16000,15811.015568723335,14.131200034171343,39163.60369999893,3526.1252821670428
1791076120,1000,,Aggregated,67.000000,6.500000,16000,26000,30000,30000,31000,31000,33000,37000,38000,39000,39000,8083,2304,16000,15778.855044302802,9.802600019611418,39163.60369999893,3547.3007546702956
1791076121,1000,,Aggregated,68.900000,6.600000,15000,26000,30000,30000,31000,31000,33000,37000,38000,39000,39000,8167,2306,15000,15728.07031874614,9.802600019611418,39163.60369999893,3557.9662054610017
1791076123,1000,,Aggregated,68.700000,6.800000,15000,26000,30000,30000,31000,31000,33000,37000,38000,39000,39000,8232,2310,15000,15699.030801105373,9.802600019611418,39163.60369999893,3568.451044703596
1791076124,1000,,Aggregated,71.800000,5.300000,15000,26000,30000,30000,31000,31000,33000,37000,38000,39000,39000,8288,2320,15000,15678.610787041434,9.802600019611418,39163.60369999893,3572.2279198841698
1791076125,1000,,Aggregated,73.100000,5.600000,15000,26000,30000,30000,31000,31000,32000,37000,38000,39000,39000,8363,2327,15000,15632.880142412962,9.802600019611418,39163.60369999893,3580.8705010163817
1791076126,1000,,Aggregated,71.600000,5.500000,15000,26000,30000,30000,31000,31000,32000,36000,38000,39000,39000,8444,2333,15000,15593.157523531458,9.802600019611418,39163.60369999893,3593.6603505447656
1791076127,1000,,Aggregated,71.600000,5.500000,15000,26000,30000,30000,31000,31000,32000,36000,38000,39000,39000,8521,2337,15000,15571.757727578879,9.802600019611418,39163.60369999893,3604.6003990142003
1791076128,1000,,Aggregated,73.600000,5.300000,15000,25000,30000,30000,31000,31000,32000,36000,38000,39000,39000,8571,2342,15000,15560.725887504334,9.802600019611418,39163.60369999893,3611.8514759071286
1791076129,1000,,Aggregated,72.800000,5.800000,15000,26000,30000,30000,31000,31000,32000,36000,38000,39000,39000,8643,2356,15000,15552.608130058947,9.802600019611418,39163.60369999893,3613.9354390836515
1791076130,1000,,Aggregated,72.500000,5.600000,15000,26000,30000,30000,31000,31000,32000,36000,38000,39000,39000,8707,2360,15000,15540.030821580265,9.802600019611418,39163.60369999893,3621.2634661766397
1791076131,1000,,Aggregated,72.600000,5.800000,15000,25000,30000,30000,31000,31000,32000,36000,38000,39000,39000,8767,2365,15000,15522.53840838363,9.802600019611418,39163.60369999893,3628.7162085091823
1791076132,1000,,Aggregated,72.600000,5.800000,15000,25000,30000,30000,31000,31000,32000,36000,38000,39000,39000,8797,2369,15000,15510.367082982757,9.802600019611418,39163.60369999893,3632.1768784813003
1791076133,1000,,Aggregated,68.000000,6.000000,15000,25000,30000,30000,31000,31000,32000,36000,38000,39000,39000,8844,2371,15000,15473.404566530902,9.802600019611418,39163.60369999893,3636.8535730438716
1791076134,1000,,Aggregated,63.000000,6.300000,15000,25000,30000,30000,31000,31000,32000,36000,38000,39000,39000,8912,2377,15000,15478.291225302884,9.802600019611418,39163.60369999893,3643.005385996409
1791076135,1000,,Aggregated,60.300000,6.100000,15000,25000,30000,30000,31000,31000,32000,36000,38000,39000,39000,9000,2383,15000,15475.240451722178,9.802600019611418,39163.60369999893,3652.4752222222223
1791076136,1000,,Aggregated,62.400000,5.700000,15000,25000,30000,30000,31000,31000,32000,36000,38000,39000,39000,9041,2390,15000,15457.484907056694,9.802600019611418,39163.60369999893,3654.552814954098
1791076137,1000,,Aggregated,63.100000,5.700000,15000,25000,30000,30000,31000,31000,32000,36000,38000,39000,39000,9138,2393,15000,15433.147697844111,9.802600019611418,39163.60369999893,3666.3643029109217
1791076138,1000,,Aggregated,59.100000,5.600000,15000,25000,30000,30000,31000,31000,32000,36000,38000,39000,39000,9199,2398,15000,15415.08229441238,9.802600019611418,39163.60369999893,3673.909011849114
1791076139,1000,,Aggregated,60.300000,5.600000,15000,25000,30000,30000,31000,31000,32000,36000,38000,39000,39000,9252,2405,15000,15402.673434187147,9.802600019611418,39163.60369999893,3676.7252485948984
1791076140,1000,,Aggregated,61.600000,5.500000,15000,24000,30000,30000,31000,31000,32000,36000,38000,39000,39000,9340,2407,15000,15372.517300139112,9.802600019611418,39163.60369999893,3685.2941113490365
1791076141,1000,,Aggregated,59.900000,4.900000,15000,24000,30000,30000,31000,31000,32000,36000,38000,39000,39000,9433,2409,15000,15357.69921809596,9.802600019611418,39163.60369999893,3691.5092759461463
1791076142,1000,,Aggregated,62.100000,4.600000,15000,24000,30000,30000,31000,31000,32000,36000,38000,39000,39000,9460,2412,15000,15343.072831786387,9.802600019611418,39163.60369999893,3692.6253699788585
1791076143,1000,,Aggregated,65.500000,4.500000,15000,24000,30000,30000,31000,31000,32000,36000,38000,39000,39000,9486,2421,15000,15332.211890164372,9.802600019611418,39163.60369999893,3690.277883196289
1791076144,1000,,Aggregated,66.200000,4.200000,15000,24000,30000,30000,31000,31000,32000,36000,38000,39000,39000,9522,2430,15000,15327.771673692394,9.802600019611418,39163.60369999893,3690.6702373450958
1791076145,1000,,Aggregated,63.900000,4.700000,15000,24000,30000,30000,31000,31000,32000,36000,38000,39000,39000,9571,2432,15000,15320.000755553114,9.802600019611418,39163.60369999893,3695.504127050465
1791076146,1000,,Aggregated,60.000000,5.100000,15000,24000,30000,30000,31000,31000,32000,36000,38000,39000,39000,9593,2443,15000,15334.468286979973,9.802600019611418,39163.60369999893,3692.869488168456
1791076147,1000,,Aggregated,57.300000,4.900000,15000,24000,30000,30000,31000,31000,32000,36000,38000,39000,39000,9624,2451,15000,15327.493495344872,9.802600019611418,39163.60369999893,3694.6392352452203
1791076148,1000,,Aggregated,55.600000,5.200000,15000,24000,30000,30000,31000,31000,32000,36000,38000,39000,39000,9641,2459,15000,15332.502472378279,9.802600019611418,39163.60369999893,3693.099989627632
1791076149,1000,,Aggregated,48.900000,5.300000,15000,24000,30000,30000,31000,31000,32000,36000,38000,39000,39000,9678,2484,15000,15366.351719053391,9.802600019611418,39163.60369999893,3684.7957222566647
1791076150,1000,,Aggregated,44.800000,6.100000,15000,24000,30000,30000,31000,31000,32000,36000,38000,39000,39000,9740,2504,15000,15388.885897556358,9.802600019611418,39163.60369999893,3683.1701232032856
1791076151,1000,,Aggregated,42.100000,6.700000,15000,24000,30000,30000,31000,31000,32000,36000,38000,39000,39000,9770,2513,15000,15401.930790665197,9.802600019611418,39163.60369999893,3683.386898669396
1791076152,1000,,Aggregated,40.200000,9.700000,15000,24000,30000,30000,31000,31000,32000,35000,38000,39000,39000,9803,2523,15000,15406.525004998404,9.802600019611418,39163.60369999893,3683.3935529939813
1791076153,1000,,Aggregated,34.100000,10.000000,15000,25000,30000,30000,31000,31000,32000,35000,38000,39000,39000,9826,2541,15000,15430.00811368811,9.802600019611418,39163.60369999893,3677.380419295746
1791076154,1000,,Aggregated,33.600000,10.800000,15000,25000,30000,30000,31000,31000,32000,35000,38000,39000,39000,9858,2563,15000,15456.969312304678,9.802600019611418,39163.60369999893,3670.6052951917222
1791076155,1000,,Aggregated,34.200000,11.600000,15000,25000,30000,30000,31000,31000,32000,35000,38000,39000,39000,9887,2586,15000,15487.509781763882,9.802600019611418,39163.60369999893,3662.378274501871
1791076156,1000,,Aggregated,33.800000,12.700000,15000,25000,30000,30000,31000,31000,32000,35000,38000,39000,39000,9925,2610,15000,15515.032144322393,9.802600019611418,39163.60369999893,3655.6098740554157
1791076157,1000,,Aggregated,30.900000,14.400000,15000,25000,30000,30000,31000,31000,32000,35000,38000,39000,39000,9962,2619,15000,15507.798264705872,9.802600019611418,39163.60369999893,3656.2219433848627
1791076158,1000,,Aggregated,31.500000,15.400000,15000,25000,30000,30000,31000,31000,32000,35000,38000,39000,39000,9990,2635,15000,15524.69197676676,9.802600019611418,39163.60369999893,3650.424824824825
1791076159,1000,,Aggregated,33.600000,16.900000,15000,25000,30000,30000,31000,31000,32000,35000,38000,39000,39000,10026,2661,15000,15560.081183123872,9.802600019611418,39163.60369999893,3642.6616796329545
1791076160,1000,,Aggregated,34.000000,16.600000,15000,26000,30000,30000,31000,31000,32000,35000,38000,39000,39000,10052,2683,15000,15589.687444319556,9.802600019611418,39163.60369999893,3635.6407680063667
1791076161,1000,,Aggregated,33.800000,16.800000,15000,26000,30000,30000,31000,31000,32000,35000,38000,39000,39000,10084,2705,15000,15616.615229829455,9.802600019611418,39163.60369999893,3629.4340539468467
1791076162,1000,,Aggregated,31.800000,17.000000,15000,26000,30000,30000,31000,31000,32000,35000,38000,39000,39000,10120,2719,15000,15632.314210839946,9.802600019611418,39163.60369999893,3627.689328063241
1791076163,1000,,Aggregated,30.000000,17.900000,15000,26000,30000,30000,31000,31000,32000,35000,38000,39000,39000,10140,2732,15000,15651.936476893517,9.802600019611418,39163.60369999893,3623.819822485207
1791076164,1000,,Aggregated,30.400000,19.400000,15000,26000,30000,30000,31000,31000,32000,35000,38000,39000,39000,10191,2774,15000,15717.195803552182,9.802600019611418,39163.60369999893,3609.5778628201356
1791076165,1000,,Aggregated,31.400000,19.100000,15000,26000,30000,30000,31000,31000,32000,35000,38000,39000,39000,10222,2792,15000,15742.055307415414,9.802600019611418,39163.60369999893,3604.7444727059283
1791076166,1000,,Aggregated,31.300000,19.700000,15000,26000,30000,30000,31000,31000,32000,35000,38000,39000,39000,10255,2815,15000,15774.144770950823,9.802600019611418,39163.60369999893,3597.777376889322
1791076167,1000,,Aggregated,32.800000,20.600000,15000,26000,30000,30000,31000,31000,32000,35000,38000,39000,39000,10287,2842,15000,15813.035575055976,9.802600019611418,39163.60369999893,3588.9990278992905
1791076168,1000,,Aggregated,32.800000,20.200000,15000,26000,30000,30000,31000,31000,32000,35000,38000,39000,39000,10300,2851,15000,15822.73972875736,9.802600019611418,39163.60369999893,3586.75
1791076169,1000,,Aggregated,31.800000,20.900000,15000,26000,30000,30000,31000,31000,32000,35000,38000,39000,39000,10358,2901,15000,15896.475333713151,9.802600019611418,39163.60369999893,3569.9035528094228
1791076170,1000,,Aggregated,31.900000,22.200000,15000,26000,30000,30000,31000,31000,32000,35000,38000,39000,39000,10402,2942,15000,15941.402757287136,9.802600019611418,39163.60369999893,3556.575273985772
1791076171,1000,,Aggregated,34.000000,24.300000,15000,27000,30000,30000,31000,31000,32000,35000,38000,39000,39000,10459,2995,15000,15961.354980409302,9.802600019611418,39163.60369999893,3539.4841763074865
1791076172,1000,,Aggregated,31.900000,22.800000,15000,27000,30000,30000,31000,31000,32000,35000,38000,39000,39000,10537,3069,15000,15998.365403502008,9.802600019611418,39163.60369999893,3515.541425453165
1791076173,1000,,Aggregated,36.100000,27.000000,15000,27000,30000,30000,31000,31000,33000,35000,38000,39000,39000,10599,3128,15000,16006.004673554191,9.802600019611418,39163.60369999893,3496.6823285215587
1791076174,1000,,Aggregated,36.900000,29.100000,15000,27000,30000,30000,31000,31000,33000,35000,38000,39000,39000,10646,3172,15000,15961.382206706818,9.802600019611418,39163.60369999893,3482.8870937441293
1791076175,1000,,Aggregated,41.600000,35.300000,15000,27000,30000,30000,31000,31000,33000,35000,38000,39000,39000,10751,3276,15000,15944.608646544595,9.802600019611418,39163.60369999893,3449.4796763091804
1791076176,1000,,Aggregated,45.500000,39.300000,15000,27000,30000,30000,31000,31000,33000,35000,38000,39000,39000,10826,3349,15000,15908.330937437742,9.802600019611418,39163.60369999893,3426.4358026972104
1791076177,1000,,Aggregated,47.800000,42.500000,15000,27000,30000,30000,31000,32000,34000,35000,38000,39000,39000,10986,3506,15000,15924.377166011418,9.802600019611418,39163.60369999893,3377.8124886218825
1791076178,1000,,Aggregated,55.500000,51.200000,15000,27000,30000,30000,31000,32000,34000,35000,38000,39000,39000,11072,3592,15000,15867.879165173574,9.802600019611418,39163.60369999893,3351.6100072254335
1791076179,1000,,Aggregated,57.100000,53.700000,15000,27000,30000,30000,31000,32000,34000,35000,38000,39000,39000,11223,3731,15000,15877.739010478672,9.802600019611418,39163.60369999893,3311.7186135614365
1791076180,1000,,Aggregated,71.900000,68.700000,15000,27000,30000,30000,31000,32000,34000,35000,38000,39000,39000,11370,3860,15000,15836.169121293055,9.802600019611418,39163.60369999893,3276.9897977132805
1791076181,1000,,Aggregated,75.700000,72.800000,15000,27000,30000,30000,31000,32000,34000,35000,38000,39000,39000,11505,3968,15000,15747.472852759867,9.802600019611418,39163.60369999893,3250.4891786179924
1791076182,1000,,Aggregated,90.200000,86.400000,15000,26000,30000,30000,31000,32000,34000,35000,38000,39000,39000,11636,4085,15000,15647.57010977159,9.802600019611418,39163.60369999893,3220.237452732898
1791076183,1000,,Aggregated,98.600000,92.700000,15000,26000,30000,30000,31000,32000,34000,35000,38000,39000,39000,11790,4221,15000,15553.186017913713,9.802600019611418,39163.60369999893,3185.9835453774385
1791076184,1000,,Aggregated,105.200000,97.700000,15000,26000,30000,30000,31000,32000,34000,35000,38000,39000,39000,11909,4325,15000,15474.75165001284,9.802600019611418,39163.60369999893,3160.078847930137
1791076186,1000,,Aggregated,110.000000,101.600000,15000,26000,30000,30000,31000,32000,34000,35000,38000,39000,39000,12063,4450,15000,15369.486808837219,9.802600019611418,39163.60369999893,3130.848710934262
1791076187,1000,,Aggregated,122.900000,111.900000,15000,26000,30000,30000,31000,32000,34000,35000,38000,39000,39000,12192,4559,15000,15280.556080823786,9.802600019611418,39163.60369999893,3105.3644192913384
1791076188,1000,,Aggregated,127.700000,114.100000,15000,26000,30000,30000,31000,32000,34000,35000,38000,39000,39000,12354,4683,15000,15170.261191905744,9.802600019611418,39163.60369999893,3079.4176784847014
1791076189,1000,,Aggregated,135.200000,119.600000,15000,26000,30000,30000,31000,32000,34000,35000,38000,39000,39000,12481,4782,15000,15090.663192781314,9.802600019611418,39163.60369999893,3059.267206153353
1791076190,1000,,Aggregated,135.200000,119.600000,15000,25000,30000,30000,31000,32000,34000,35000,38000,39000,39000,12579,4854,15000,15019.343127156611,9.802600019611418,39163.60369999893,3045.246203990778
1791076191,1000,,Aggregated,138.100000,117.000000,15000,25000,30000,30000,31000,32000,34000,35000,38000,39000,39000,12736,4986,15000,14938.093911236063,9.802600019611418,39163.60369999893,3017.176271984925
1791076192,1000,,Aggregated,131.900000,108.900000,15000,24000,30000,30000,31000,32000,34000,35000,38000,39000,39000,12877,5100,15000,14843.089043938999,9.802600019611418,39163.60369999893,2994.857109575212
1791076193,1000,,Aggregated,131.700000,109.300000,15000,23000,30000,30000,31000,32000,34000,35000,38000,39000,39000,13006,5181,15000,14765.802838274833,9.802600019611418,39163.60369999893,2983.6370905735816
1791076194,1000,,Aggregated,133.100000,109.800000,15000,23000,30000,30000,31000,32000,34000,35000,38000,39000,39000,13109,5257,15000,14699.029939980363,9.802600019611418,39163.60369999893,2970.1421923869098
1791076195,1000,,Aggregated,134.100000,107.500000,15000,23000,30000,30000,31000,32000,34000,35000,38000,39000,39000,13216,5350,15000,14625.33653043298,9.802600019611418,39163.60369999893,2951.057808716707
1791076196,1000,,Aggregated,129.200000,101.200000,15000,22000,30000,30000,31000,32000,34000,35000,38000,39000,39000,13373,5485,15000,14521.706819965788,9.802600019611418,39163.60369999893,2923.827862110222
1791076197,1000,,Aggregated,129.500000,101.300000,14000,22000,30000,30000,31000,32000,33000,35000,38000,39000,39000,13488,5549,14000,14454.906110972917,9.802600019611418,39163.60369999893,2916.0416666666665
1791076198,1000,,Aggregated,127.600000,100.900000,14000,22000,30000,30000,31000,32000,33000,35000,38000,39000,39000,13590,5610,14000,14409.46331835193,9.802600019611418,39163.60369999893,2909.028403237675
1791076199,1000,,Aggregated,126.300000,96.400000,14000,22000,30000,30000,31000,32000,33000,35000,38000,39000,40000,13666,5675,14000,14352.170394878016,9.802600019611418,40302.976300008595,2897.32284501683
1791076200,1000,,Aggregated,122.200000,91.600000,14000,22000,30000,30000,31000,32000,33000,35000,38000,39000,40000,13797,5778,14000,14271.888767558356,9.802600019611418,40302.976300008595,2880.6856563020947
1791076201,1000,,Aggregated,117.600000,88.000000,14000,22000,30000,30000,31000,32000,33000,35000,38000,39000,40000,13896,5845,14000,14214.01244633006,9.802600019611418,40302.976300008595,2871.9235751295337
1791076202,1000,,Aggregated,117.000000,89.900000,14000,22000,30000,30000,31000,32000,33000,35000,38000,42000,42000,13966,5881,14000,14178.619343584587,9.802600019611418,41798.34520001896,2870.026278103967
1791076203,1000,,Aggregated,114.000000,84.500000,14000,21000,30000,30000,31000,32000,33000,35000,39000,42000,42000,14085,5937,14000,14129.722415704797,9.802600019611418,41798.34520001896,2867.5113951011713
1791076204,1000,,Aggregated,109.300000,79.300000,14000,21000,30000,30000,31000,32000,33000,35000,39000,42000,44000,14176,5984,14000,14081.226966090711,9.802600019611418,44342.06400002586,2865.198998306998
1791076205,1000,,Aggregated,105.700000,74.700000,14000,20000,30000,30000,31000,32000,33000,35000,39000,42000,44000,14254,6022,14000,14036.745933857312,9.802600019611418,44342.06400002586,2861.9533464290726
1791076206,1000,,Aggregated,104.200000,71.900000,14000,20000,30000,30000,31000,32000,33000,35000,41000,42000,44000,14322,6042,14000,14002.694727796561,9.802600019611418,44342.06400002586,2864.878997346739
1791076207,1000,,Aggregated,102.400000,67.200000,14000,20000,30000,30000,31000,32000,34000,35000,41000,42000,44000,14390,6061,14000,13974.1675776791,9.802600019611418,44342.06400002586,2867.080958999305
1791076208,1000,,Aggregated,94.500000,57.400000,14000,20000,30000,30000,31000,32000,34000,35000,41000,44000,48000,14456,6093,14000,13941.863620884224,9.802600019611418,47943.63059999887,2865.525802434975
1791076209,1000,,Aggregated,90.700000,52.900000,14000,20000,30000,30000,31000,32000,34000,35000,41000,48000,49000,14510,6102,14000,13912.76630015865,9.802600019611418,48894.27160000196,2870.2237767057204
1791076210,1000,,Aggregated,86.200000,49.800000,14000,20000,30000,30000,31000,32000,34000,35000,41000,49000,50000,14563,6105,14000,13890.093748877414,9.802600019611418,49898.14240002306,2876.1284076083225
1791076211,1000,,Aggregated,82.700000,43.800000,14000,20000,30000,30000,31000,32000,34000,35000,41000,50000,50000,14594,6108,14000,13889.432077463463,9.802600019611418,49952.41440000245,2879.6595861312867
1791076212,1000,,Aggregated,78.600000,35.000000,14000,20000,30000,30000,31000,32000,34000,35000,41000,50000,50000,14629,6112,14000,13876.177639114216,9.802600019611418,50136.179900029674,2883.4145874632577
1791076213,1000,,Aggregated,71.400000,28.400000,14000,20000,30000,30000,31000,32000,34000,35000,41000,51000,51000,14648,6122,14000,13883.593472931572,9.802600019611418,51318.31870001042,2882.57803113053
1791076214,1000,,Aggregated,66.200000,23.700000,14000,20000,30000,30000,31000,32000,34000,35000,42000,51000,51000,14679,6132,14000,13886.250862715562,9.802600019611418,51391.98070002021,2882.9822194972407
1791076215,1000,,Aggregated,59.100000,19.800000,14000,20000,30000,30000,31000,32000,34000,35000,42000,52000,52000,14720,6139,14000,13893.271198417246,9.802600019611418,51935.15550001757,2886.624660326087
1791076216,1000,,Aggregated,53.300000,16.800000,13000,20000,30000,30000,31000,32000,34000,35000,49000,52000,52000,14773,6148,13000,13904.555040425199,9.802600019611418,51935.15550001757,2891.716780613281
1791076217,1000,,Aggregated,46.300000,12.400000,13000,20000,30000,30000,31000,32000,34000,35000,50000,52000,52000,14803,6153,13000,13910.25359700745,9.802600019611418,52037.01190004358,2893.6356819563603
1791076218,1000,,Aggregated,45.000000,11.200000,13000,20000,30000,30000,31000,32000,34000,36000,51000,52000,52000,14826,6164,13000,13925.49894612177,9.802600019611418,52314.532400050666,2892.4634426008365
1791076219,1000,,Aggregated,42.400000,10.000000,13000,20000,30000,30000,31000,32000,34000,36000,52000,53000,53000,14849,6171,13000,13934.333370051947,9.802600019611418,52783.314000000246,2892.904976766112
1791076220,1000,,Aggregated,39.400000,7.800000,14000,20000,30000,30000,31000,32000,34000,36000,52000,53000,53000,14883,6190,14000,13958.701854357407,9.802600019611418,53034.99139996711,2891.0073909830007
1791076221,1000,,Aggregated,35.300000,6.800000,14000,20000,30000,30000,31000,32000,34000,36000,52000,53000,53000,14916,6206,14000,13982.326106033861,9.802600019611418,53034.99139996711,2890.5298337355857
1791076222,1000,,Aggregated,32.100000,7.500000,14000,20000,30000,30000,31000,32000,34000,36000,52000,53000,53000,14954,6218,14000,13994.320070563126,9.802600019611418,53034.99139996711,2891.8573625785743
1791076223,1000,,Aggregated,30.800000,8.400000,14000,20000,30000,30000,31000,32000,34000,36000,52000,53000,53000,14978,6233,14000,14014.792166657822,9.802600019611418,53034.99139996711,2890.384630791828
1791076224,1000,,Aggregated,32.800000,10.200000,14000,20000,30000,30000,31000,32000,34000,37000,52000,53000,53000,15000,6243,14000,14024.903446193382,9.802600019611418,53034.99139996711,2890.8089333333332
1791076225,1000,,Aggregated,32.500000,11.000000,14000,20000,30000,30000,31000,32000,34000,37000,52000,53000,53000,15023,6253,14000,14037.838571503751,9.802600019611418,53034.99139996711,2890.655927577714
1791076226,1000,,Aggregated,31.800000,10.500000,14000,20000,30000,30000,31000,32000,34000,37000,52000,53000,53000,15048,6265,14000,14051.966644617281,9.802600019611418,53034.99139996711,2890.3339978734716
1791076227,1000,,Aggregated,31.400000,10.900000,14000,20000,30000,30000,31000,32000,34000,37000,52000,53000,53000,15080,6283,14000,14080.936749456296,9.802600019611418,53034.99139996711,2889.7607427055705
1791076228,1000,,Aggregated,29.800000,11.000000,14000,20000,30000,30000,31000,32000,34000,37000,52000,53000,53000,15116,6304,14000,14110.778346216013,9.802600019611418,53034.99139996711,2887.879399311987
1791076229,1000,,Aggregated,26.500000,11.600000,14000,20000,30000,30000,31000,32000,34000,37000,52000,53000,53000,15149,6320,14000,14134.08277767517,9.802600019611418,53034.99139996711,2886.7331837084957
1791076230,1000,,Aggregated,27.100000,13.000000,14000,21000,30000,30000,31000,32000,34000,37000,52000,53000,53000,15173,6342,14000,14159.631131865899,9.802600019611418,53034.99139996711,2882.998945495288
1791076231,1000,,Aggregated,29.000000,13.900000,14000,21000,30000,30000,31000,32000,34000,37000,52000,53000,53000,15216,6376,14000,14201.253868690954,9.802600019611418,53034.99139996711,2878.076827024185
1791076232,1000,,Aggregated,29.700000,14.600000,14000,21000,30000,30000,31000,32000,34000,37000,52000,53000,53000,15247,6399,14000,14235.992860510356,9.802600019611418,53034.99139996711,2874.662359808487
1791076233,1000,,Aggregated,28.800000,15.100000,14000,22000,30000,30000,31000,32000,34000,37000,52000,53000,53000,15292,6427,14000,14268.4051869279,9.802600019611418,53034.99139996711,2871.3777792309706
1791076235,1000,,Aggregated,28.200000,16.500000,14000,22000,30000,30000,31000,32000,34000,38000,52000,53000,53000,15323,6446,14000,14297.115627364186,9.802600019611418,53034.99139996711,2869.2940024799323
1791076236,1000,,Aggregated,30.900000,19.400000,14000,22000,30000,30000,31000,32000,34000,38000,52000,53000,53000,15360,6473,14000,14332.744554895915,9.802600019611418,53034.99139996711,2865.2218098958333
1791076237,1000,,Aggregated,31.800000,20.300000,14000,22000,30000,30000,31000,32000,34000,38000,52000,53000,53000,15410,6518,14000,14333.369767637982,9.802600019611418,53034.99139996711,2857.884166125892
1791076238,1000,,Aggregated,32.700000,21.800000,14000,22000,30000,30000,31000,32000,34000,38000,52000,53000,53000,15474,6575,14000,14351.593229617496,9.802600019611418,53034.99139996711,2848.5950626857957
1791076239,1000,,Aggregated,35.800000,24.900000,14000,22000,30000,30000,31000,32000,35000,38000,52000,53000,53000,15530,6622,14000,14362.381536851342,9.802600019611418,53034.99139996711,2841.1765614938827
1791076240,1000,,Aggregated,37.800000,27.700000,14000,22000,30000,30000,31000,32000,35000,39000,52000,53000,53000,15590,6678,14000,14392.356463444607,9.802600019611418,53034.99139996711,2831.2081462475944
1791076241,1000,,Aggregated,40.600000,31.400000,14000,22000,30000,30000,31000,32000,35000,39000,52000,53000,53000,15693,6756,14000,14434.062067622608,9.802600019611418,53034.99139996711,2820.5289619575606
1791076242,1000,,Aggregated,43.200000,34.900000,14000,22000,30000,30000,31000,32000,35000,39000,52000,53000,53000,15751,6798,14000,14430.443211459688,9.802600019611418,53034.99139996711,2815.186083423275
1791076243,1000,,Aggregated,50.600000,41.000000,14000,22000,30000,30000,31000,32000,35000,39000,52000,53000,53000,15821,6863,14000,14431.030226724062,9.802600019611418,53034.99139996711,2803.9719360343847
1791076244,1000,,Aggregated,52.900000,41.600000,14000,22000,30000,30000,31000,32000,35000,39000,52000,53000,53000,15911,6948,14000,14412.779565483086,9.802600019611418,53034.99139996711,2789.0322418452643
1791076245,1000,,Aggregated,56.000000,45.100000,14000,22000,30000,30000,31000,32000,35000,39000,52000,53000,53000,16010,7042,14000,14397.452501705291,9.802600019611418,53034.99139996711,2773.6242973141784
1791076246,1000,,Aggregated,60.100000,50.600000,14000,22000,30000,30000,31000,32000,36000,39000,52000,53000,53000,16096,7124,14000,14378.866588438235,9.802600019611418,53034.99139996711,2760.2880218687874
1791076247,1000,,Aggregated,64.500000,55.700000,14000,22000,30000,30000,31000,32000,36000,39000,52000,53000,53000,16200,7221,14000,14387.529668185283,9.802600019611418,53034.99139996711,2744.8432716049383
1791076248,1000,,Aggregated,71.600000,63.100000,14000,22000,30000,30000,31000,32000,37000,40000,52000,53000,53000,16316,7327,14000,14374.558896126591,9.802600019611418,53034.99139996711,2728.3503309634716
1791076249,1000,,Aggregated,78.000000,69.400000,14000,22000,30000,30000,31000,32000,37000,40000,52000,53000,53000,16432,7437,14000,14332.737454375692,9.802600019611418,53034.99139996711,2710.903724440117
1791076250,1000,,Aggregated,82.700000,74.000000,14000,22000,30000,30000,31000,32000,37000,40000,52000,53000,53000,16563,7560,14000,14325.938773235574,9.802600019611418,53034.99139996711,2692.168266618366
1791076251,1000,,Aggregated,87.500000,78.900000,13000,22000,30000,30000,31000,32000,37000,40000,52000,53000,53000,16699,7678,13000,14302.763564506908,9.802600019611418,53034.99139996711,2675.3377447751363
1791076252,1000,,Aggregated,94.400000,85.300000,13000,22000,30000,30000,31000,32000,37000,40000,52000,53000,53000,16827,7783,13000,14259.434660105848,9.802600019611418,53034.99139996711,2661.1347239555475
1791076253,1000,,Aggregated,98.300000,89.200000,13000,22000,30000,30000,31000,32000,37000,40000,52000,53000,53000,16955,7891,13000,14206.441512338612,9.802600019611418,53034.99139996711,2647.337658507815
1791076254,1000,,Aggregated,104.000000,95.600000,13000,22000,30000,30000,31000,32000,37000,40000,52000,53000,53000,17072,7997,13000,14156.53055183351,9.802600019611418,53034.99139996711,2631.966553420806
1791076255,1000,,Aggregated,110.200000,100.100000,13000,22000,30000,30000,31000,32000,37000,40000,52000,53000,53000,17227,8105,13000,14136.549715580293,9.802600019611418,53034.99139996711,2621.5545945318395
1791076256,1000,,Aggregated,113.000000,102.100000,13000,22000,30000,30000,31000,32000,37000,40000,52000,53000,53000,17352,8204,13000,14097.660702374465,9.802600019611418,53034.99139996711,2610.3461272475797
1791076257,1000,,Aggregated,120.200000,105.200000,13000,21000,30000,30000,31000,32000,37000,40000,52000,53000,53000,17471,8289,13000,14051.26665530886,9.802600019611418,53034.99139996711,2602.057695609868
1791076258,1000,,Aggregated,122.900000,106.500000,13000,21000,30000,30000,31000,32000,37000,40000,52000,53000,53000,17588,8392,13000,13996.270182306163,9.802600019611418,53034.99139996711,2589.096258812827
1791076259,1000,,Aggregated,123.600000,104.900000,13000,20000,30000,30000,31000,32000,37000,40000,52000,53000,53000,17721,8496,13000,13951.234806269451,9.802600019611418,53034.99139996711,2578.312341289995
1791076260,1000,,Aggregated,124.200000,103.800000,13000,20000,30000,30000,31000,32000,37000,40000,52000,53000,53000,17845,8576,13000,13915.95652820964,9.802600019611418,53034.99139996711,2571.8283552815915
1791076261,1000,,Aggregated,124.800000,103.600000,12000,20000,30000,30000,31000,32000,37000,40000,52000,53000,53000,17952,8655,12000,13876.087092686093,9.802600019611418,53034.99139996711,2563.6051136363635
1791076262,1000,,Aggregated,124.800000,101.500000,12000,20000,30000,30000,31000,32000,37000,40000,52000,53000,53000,18051,8737,12000,13837.634341748426,9.802600019611418,53034.99139996711,2553.5130463686223
1791076263,1000,,Aggregated,123.400000,96.700000,12000,20000,30000,30000,31000,32000,37000,40000,52000,53000,53000,18175,8833,12000,13785.4090433618,9.802600019611418,53034.99139996711,2543.9660522696013
1791076264,1000,,Aggregated,121.700000,95.300000,11000,20000,30000,30000,31000,32000,37000,40000,52000,53000,53000,18277,8912,11000,13736.798273305281,9.802600019611418,53034.99139996711,2536.187503419598
1791076265,1000,,Aggregated,119.000000,91.900000,11000,19000,30000,30000,31000,32000,37000,40000,52000,53000,53000,18373,8983,11000,13693.877265394896,9.802600019611418,53034.99139996711,2529.7759756163937
1791076266,1000,,Aggregated,121.200000,92.500000,11000,19000,30000,30000,31000,32000,37000,40000,52000,53000,53000,18478,9060,11000,13656.398284008039,9.802600019611418,53034.99139996711,2522.0961684164954
1791076267,1000,,Aggregated,115.300000,89.200000,11000,19000,30000,30000,31000,32000,37000,40000,52000,53000,53000,18579,9128,11000,13620.469393697218,9.802600019611418,53034.99139996711,2516.52688519296
1791076268,1000,,Aggregated,109.000000,82.800000,11000,19000,30000,30000,31000,32000,37000,40000,52000,53000,53000,18674,9201,11000,13588.437847097615,9.802600019611418,53034.99139996711,2510.032558637678
1791076269,1000,,Aggregated,109.300000,83.300000,11000,19000,30000,30000,31000,32000,37000,40000,52000,53000,53000,18771,9262,11000,13554.69843662571,9.802600019611418,53034.99139996711,2506.2610942411166
1791076270,1000,,Aggregated,106.500000,79.500000,11000,19000,30000,30000,31000,32000,37000,40000,52000,53000,53000,18872,9316,11000,13524.014549443684,9.802600019611418,53034.99139996711,2504.961424332344
1791076271,1000,,Aggregated,105.100000,77.500000,10000,19000,30000,30000,31000,32000,37000,40000,52000,53000,53000,18946,9367,10000,13500.115985295115,9.802600019611418,53034.99139996711,2501.1196558640345
1791076272,1000,,Aggregated,102.400000,73.000000,10000,19000,30000,30000,31000,32000,37000,41000,52000,53000,53000,19022,9412,10000,13471.380176285431,9.802600019611418,53034.99139996711,2499.8605824834403
1791076273,1000,,Aggregated,99.500000,71.600000,10000,18000,30000,30000,31000,32000,37000,41000,52000,53000,53000,19105,9464,10000,13441.548989474033,9.802600019611418,53034.99139996711,2497.1031143679666
1791076274,1000,,Aggregated,96.100000,68.000000,10000,18000,30000,30000,31000,32000,37000,41000,52000,53000,53000,19176,9507,10000,13431.433580527799,9.802600019611418,53034.99139996711,2495.321808510638
1791076275,1000,,Aggregated,94.600000,65.900000,10000,18000,30000,30000,31000,32000,37000,41000,52000,53000,53000,19246,9529,10000,13424.960069375495,9.802600019611418,53034.99139996711,2498.160189130209
1791076276,1000,,Aggregated,88.600000,59.600000,10000,18000,30000,30000,31000,32000,37000,41000,52000,53000,53000,19320,9565,10000,13402.031228286794,9.802600019611418,53034.99139996711,2499.3236542443065
1791076277,1000,,Aggregated,86.900000,56.300000,10000,18000,29000,30000,31000,32000,37000,41000,52000,53000,53000,19385,9605,10000,13382.123076600505,9.802600019611418,53034.99139996711,2497.4118648439517
1791076278,1000,,Aggregated,86.400000,53.900000,10000,18000,29000,30000,31000,32000,37000,41000,52000,53000,53000,19463,9619,10000,13377.987602178537,9.802600019611418,53034.99139996711,2504.1778245902483
1791076279,1000,,Aggregated,81.600000,48.300000,10000,18000,29000,30000,31000,32000,37000,41000,52000,53000,53000,19494,9624,10000,13378.289288996657,9.802600019611418,53034.99139996711,2506.9684005334975
1791076280,1000,,Aggregated,79.400000,47.000000,10000,18000,29000,30000,31000,32000,37000,41000,52000,53000,53000,19538,9635,10000,13370.009369352067,9.802600019611418,53034.99139996711,2509.8258777766405
1791076281,1000,,Aggregated,76.200000,40.000000,10000,17000,29000,30000,31000,32000,37000,41000,52000,53000,53000,19568,9639,10000,13368.918899954035,9.802600019611418,53034.99139996711,2513.125459934587
1791076283,1000,,Aggregated,69.500000,35.400000,10000,17000,29000,30000,31000,32000,37000,41000,52000,53000,53000,19590,9644,10000,13367.819528392076,9.802600019611418,53034.99139996711,2514.3983665135274
1791076284,1000,,Aggregated,64.800000,30.800000,10000,17000,29000,30000,31000,32000,37000,41000,52000,53000,53000,19637,9649,10000,13374.284567021488,9.802600019611418,53034.99139996711,2518.5258949941435
1791076285,1000,,Aggregated,54.200000,21.200000,10000,18000,29000,30000,31000,32000,37000,41000,52000,53000,53000,19663,9658,10000,13389.225024869087,9.802600019611418,53466.797600034624,2519.3910390072724
1791076286,1000,,Aggregated,54.200000,21.200000,10000,18000,29000,30000,31000,32000,37000,41000,52000,53000,54000,19696,9662,10000,13396.937857631043,9.802600019611418,53527.338800020516,2522.183945978879
1791076287,1000,,Aggregated,46.900000,14.600000,10000,18000,29000,30000,31000,32000,37000,41000,53000,53000,54000,19726,9676,10000,13411.354658927361,9.802600019611418,53527.338800020516,2521.959596471662
1791076288,1000,,Aggregated,46.900000,14.600000,10000,18000,29000,30000,31000,32000,37000,41000,53000,54000,54000,19740,9684,10000,13422.402320435715,9.802600019611418,53527.338800020516,2521.427152988855
1791076289,1000,,Aggregated,38.800000,10.100000,10000,18000,29000,30000,31000,32000,37000,41000,53000,54000,54000,19768,9698,10000,13435.573955028383,9.802600019611418,53527.338800020516,2520.82623431809
1791076290,1000,,Aggregated,38.800000,10.100000,10000,18000,29000,30000,31000,32000,38000,41000,53000,54000,54000,19793,9711,10000,13452.843714535498,9.802600019611418,53527.338800020516,2520.7189915626736
1791076291,1000,,Aggregated,30.200000,7.800000,10000,18000,29000,30000,31000,32000,38000,41000,53000,54000,54000,19822,9725,10000,13471.274092730362,9.802600019611418,53527.338800020516,2520.884522248007
1791076292,1000,,Aggregated,29.700000,8.600000,10000,18000,30000,30000,31000,32000,38000,41000,53000,54000,54000,19848,9738,10000,13484.796512953502,9.802600019611418,53527.338800020516,2521.2217855703348
1791076293,1000,,Aggregated,27.900000,8.800000,10000,18000,30000,30000,31000,32000,38000,41000,53000,54000,54000,19896,9769,10000,13515.198113837014,9.802600019611418,53527.338800020516,2519.435112585444
1791076294,1000,,Aggregated,27.500000,9.400000,10000,18000,30000,30000,31000,32000,38000,41000,53000,54000,54000,19918,9776,10000,13522.412309308229,9.802600019611418,53527.338800020516,2519.8324128928607
1791076295,1000,,Aggregated,28.800000,11.700000,10000,19000,30000,30000,31000,32000,38000,41000,53000,54000,54000,19936,9786,10000,13535.565625296005,9.802600019611418,53527.338800020516,2519.9421649277688
1791076296,1000,,Aggregated,27.600000,12.400000,11000,19000,30000,30000,31000,32000,38000,41000,53000,54000,54000,19974,9811,11000,13566.13122958351,9.802600019611418,53527.338800020516,2518.737859216982
1791076297,1000,,Aggregated,27.400000,12.900000,11000,19000,30000,30000,31000,32000,38000,41000,53000,53000,54000,20003,9823,11000,13581.013881877774,9.802600019611418,53527.338800020516,2519.783332500125
1791076298,1000,,Aggregated,26.800000,14.300000,11000,19000,30000,30000,31000,32000,38000,41000,53000,53000,54000,20030,9837,11000,13601.311734058972,9.802600019611418,53527.338800020516,2519.711582626061
1791076299,1000,,Aggregated,28.000000,14.600000,11000,19000,30000,30000,31000,32000,38000,41000,53000,53000,54000,20056,9850,11000,13619.93462153975,9.802600019611418,53527.338800020516,2519.7576785001993
1791076300,1000,,Aggregated,28.000000,14.600000,11000,19000,30000,30000,31000,32000,38000,41000,53000,53000,54000,20075,9865,11000,13633.833508503176,9.802600019611418,53527.338800020516,2518.5567621419677
1791076301,1000,,Aggregated,28.500000,15.000000,11000,19000,30000,30000,31000,32000,38000,41000,53000,53000,54000,20143,9911,11000,13663.553950419562,9.802600019611418,53527.338800020516,2515.3261678995186
1791076302,1000,,Aggregated,28.200000,15.400000,11000,19000,30000,30000,31000,32000,38000,41000,53000,53000,54000,20185,9931,11000,13683.653086906183,9.802600019611418,53527.338800020516,2515.227991082487
1791076303,1000,,Aggregated,30.700000,17.700000,11000,19000,30000,30000,31000,32000,38000,42000,53000,53000,54000,20208,9949,11000,13700.579813677814,9.802600019611418,53527.338800020516,2513.8192300079177
1791076304,1000,,Aggregated,32.600000,19.000000,11000,19000,30000,30000,31000,32000,39000,42000,53000,53000,54000,20240,9970,11000,13720.116225533662,9.802600019611418,53527.338800020516,2512.82168972332
1791076305,1000,,Aggregated,32.300000,18.200000,11000,19000,30000,30000,31000,32000,39000,42000,53000,53000,54000,20296,10023,11000,13729.340584455138,9.802600019611418,53527.338800020516,2506.518378005518
1791076306,1000,,Aggregated,30.400000,18.200000,11000,19000,30000,30000,31000,32000,39000,42000,53000,53000,54000,20359,10073,11000,13744.08198181155,9.802600019611418,53527.338800020516,2502.2532540891007
1791076307,1000,,Aggregated,33.300000,21.100000,11000,19000,30000,30000,31000,32000,39000,42000,53000,53000,54000,20401,10100,11000,13759.896047610491,9.802600019611418,53527.338800020516,2500.743443948826
1791076308,1000,,Aggregated,34.900000,23.400000,11000,19000,30000,30000,31000,32000,39000,42000,53000,53000,54000,20465,10160,11000,13762.889212724238,9.802600019611418,53527.338800020516,2493.831712680186
1791076309,1000,,Aggregated,37.700000,26.700000,11000,19000,30000,30000,31000,32000,39000,42000,53000,53000,54000,20549,10233,11000,13771.572680948053,9.802600019611418,53527.338800020516,2486.585089298749
1791076310,1000,,Aggregated,40.000000,28.900000,11000,19000,30000,30000,31000,32000,39000,42000,53000,53000,54000,20601,10282,11000,13791.642634037256,9.802600019611418,53527.338800020516,2481.206834619679
1791076311,1000,,Aggregated,43.000000,32.600000,11000,19000,30000,30000,31000,32000,39000,42000,53000,53000,54000,20656,10333,11000,13798.181276113544,9.802600019611418,53527.338800020516,2475.356554996127
1791076312,1000,,Aggregated,48.000000,37.400000,11000,20000,30000,30000,31000,32000,39000,42000,53000,53000,54000,20744,10413,11000,13818.21538352302,9.802600019611418,53527.338800020516,2467.160962205939
1791076313,1000,,Aggregated,51.100000,41.700000,11000,20000,30000,30000,31000,32000,39000,42000,53000,53000,54000,20836,10503,11000,13812.475867191473,9.802600019611418,53527.338800020516,2456.8480514494145
1791076314,1000,,Aggregated,52.000000,44.000000,11000,20000,30000,30000,31000,32000,40000,42000,53000,53000,54000,20959,10620,11000,13824.759000052536,9.802600019611418,53527.338800020516,2443.813731571163
1791076315,1000,,Aggregated,55.900000,48.600000,11000,20000,30000,30000,31000,32000,40000,42000,53000,53000,54000,21061,10715,11000,13825.603468966401,9.802600019611418,53527.338800020516,2433.7197663928587
1791076316,1000,,Aggregated,63.600000,56.500000,11000,20000,30000,30000,31000,32000,40000,42000,53000,53000,54000,21158,10806,11000,13809.19238480485,9.802600019611418,53527.338800020516,2423.9882314018337
1791076317,1000,,Aggregated,69.800000,63.100000,11000,20000,30000,30000,31000,32000,40000,42000,53000,53000,54000,21283,10923,11000,13795.505998360228,9.802600019611418,53527.338800020516,2411.7405910820844
1791076318,1000,,Aggregated,75.600000,68.400000,10000,20000,30000,30000,31000,32000,40000,42000,53000,53000,54000,21415,11044,10000,13762.54640183987,9.802600019611418,53527.338800020516,2399.4204062572962
1791076319,1000,,Aggregated,80.800000,73.900000,10000,20000,30000,30000,31000,32000,40000,42000,53000,53000,54000,21539,11145,10000,13759.282089177808,9.802600019611418,53527.338800020516,2390.807976229166
1791076320,1000,,Aggregated,87.600000,81.800000,10000,19000,30000,30000,31000,32000,40000,42000,53000,53000,54000,21654,11234,10000,13738.109232723771,9.802600019611418,53527.338800020516,2384.3763738801144
1791076321,1000,,Aggregated,94.700000,88.300000,10000,19000,30000,30000,31000,32000,40000,42000,53000,53000,54000,21785,11338,10000,13702.649889199047,9.802600019611418,53527.338800020516,2376.1154005049348
1791076322,1000,,Aggregated,99.200000,91.400000,10000,19000,30000,30000,31000,32000,40000,42000,53000,53000,54000,21929,11444,10000,13671.866382370417,9.802600019611418,53527.338800020516,2369.1071640293676
1791076324,1000,,Aggregated,103.000000,92.900000,9800,19000,30000,30000,31000,32000,40000,42000,52000,53000,54000,22031,11527,9800,13655.994692406208,9.802600019611418,53527.338800020516,2362.222413871363
1791076325,1000,,Aggregated,110.200000,98.100000,9700,19000,30000,30000,31000,32000,40000,42000,52000,53000,54000,22180,11619,9700,13633.143232353503,9.802600019611418,53527.338800020516,2358.759017132552
1791076326,1000,,Aggregated,117.800000,100.700000,9700,19000,30000,30000,31000,32000,40000,42000,52000,53000,54000,22269,11688,9700,13617.780425766801,9.802600019611418,53527.338800020516,2353.88980196686
1791076327,1000,,Aggregated,121.400000,99.200000,9500,19000,30000,30000,31000,32000,40000,42000,52000,53000,54000,22385,11785,9500,13596.932310645561,9.802600019611418,53527.338800020516,2345.435380835381
1791076328,1000,,Aggregated,119.600000,96.200000,9500,19000,30000,30000,31000,32000,40000,42000,52000,53000,54000,22503,11859,9500,13571.768487850533,9.802600019611418,53527.338800020516,2342.6195173976803
1791076329,1000,,Aggregated,119.400000,95.500000,9300,19000,30000,30000,31000,32000,40000,42000,52000,53000,54000,22605,11935,9300,13545.321819017934,9.802600019611418,53527.338800020516,2337.7124529971247
1791076330,1000,,Aggregated,119.100000,90.700000,9100,19000,30000,30000,31000,32000,40000,42000,52000,53000,54000,22714,12018,9100,13512.427213480712,9.802600019611418,53527.338800020516,2331.927269525403
1791076331,1000,,Aggregated,116.700000,87.300000,8900,19000,30000,30000,31000,32000,40000,42000,52000,53000,54000,22802,12083,8900,13480.428494000558,9.802600019611418,53527.338800020516,2327.203797912464
1791076332,1000,,Aggregated,114.400000,84.500000,8800,19000,30000,30000,31000,32000,40000,42000,52000,53000,54000,22904,12163,8800,13453.277144062196,9.802600019611418,53527.338800020516,2320.8240918616834
1791076333,1000,,Aggregated,112.000000,82.400000,8700,19000,30000,30000,31000,32000,40000,42000,52000,53000,54000,22993,12234,8700,13428.68454980647,9.802600019611418,53527.338800020516,2316.0826338450834
1791076334,1000,,Aggregated,109.100000,80.100000,8600,18000,30000,30000,31000,32000,40000,42000,52000,53000,54000,23110,12319,8600,13403.654897083508,9.802600019611418,53527.338800020516,2311.1443098225877
1791076335,1000,,Aggregated,104.100000,77.200000,8500,18000,30000,30000,31000,32000,40000,42000,52000,53000,54000,23196,12384,8500,13382.33912082686,9.802600019611418,53527.338800020516,2307.299706846008
1791076336,1000,,Aggregated,105.300000,77.700000,8200,18000,30000,30000,31000,32000,40000,42000,52000,53000,54000,23282,12447,8200,13355.773226904901,9.802600019611418,53527.338800020516,2303.5539472553905
1791076337,1000,,Aggregated,99.400000,75.100000,8100,18000,30000,30000,31000,32000,40000,42000,52000,53000,54000,23368,12512,8100,13340.640095617924,9.802600019611418,53527.338800020516,2299.5474152687434
1791076338,1000,,Aggregated,98.800000,74.200000,7800,18000,30000,30000,31000,32000,40000,42000,52000,53000,54000,23461,12580,7800,13312.504188977437,9.802600019611418,53527.338800020516,2295.9260048591277
1791076339,1000,,Aggregated,97.100000,71.800000,7700,17000,29000,30000,31000,32000,40000,42000,52000,53000,54000,23550,12639,7700,13288.192028687914,9.802600019611418,53527.338800020516,2293.2731634819534
1791076340,1000,,Aggregated,94.500000,71.600000,7600,17000,29000,30000,31000,32000,40000,42000,52000,53000,54000,23624,12694,7600,13271.85909585592,9.802600019611418,53527.338800020516,2290.684388757196
1791076341,1000,,Aggregated,92.100000,68.800000,7600,17000,29000,30000,31000,32000,40000,42000,52000,53000,54000,23731,12757,7600,13252.219528721946,9.802600019611418,53527.338800020516,2288.861447052379
1791076342,1000,,Aggregated,90.100000,66.900000,7500,17000,29000,30000,31000,32000,40000,42000,52000,53000,54000,23812,12794,7500,13240.49263994626,9.802600019611418,53527.338800020516,2289.993994624559
1791076343,1000,,Aggregated,88.700000,65.800000,7500,17000,29000,30000,31000,32000,40000,42000,52000,53000,54000,23879,12822,7500,13224.58434379583,9.802600019611418,53527.338800020516,2291.5438669961054
1791076344,1000,,Aggregated,89.900000,63.300000,7500,17000,29000,30000,31000,32000,40000,42000,52000,53000,54000,23937,12844,7500,13209.899378430897,9.802600019611418,53527.338800020516,2293.016585202824
1791076345,1000,,Aggregated,87.200000,59.500000,7500,17000,29000,30000,31000,32000,40000,42000,52000,53000,54000,24010,12878,7500,13190.015381236994,9.802600019611418,53527.338800020516,2294.4546438983757
1791076346,1000,,Aggregated,83.000000,53.400000,7500,17000,29000,30000,31000,32000,40000,42000,52000,53000,54000,24054,12890,7500,13182.120901646302,9.802600019611418,53527.338800020516,2297.1593497962917
1791076347,1000,,Aggregated,79.500000,49.100000,7500,17000,29000,30000,31000,32000,40000,42000,52000,54000,55000,24107,12909,7500,13167.33452378978,9.802600019611418,54667.94700000901,2298.6910855768033
1791076348,1000,,Aggregated,78.400000,45.900000,7500,17000,29000,30000,31000,32000,40000,42000,53000,55000,55000,24152,12919,7500,13166.715187098373,9.802600019611418,55015.299000020605,2301.1755548194765
1791076349,1000,,Aggregated,72.800000,40.000000,7500,17000,29000,30000,31000,32000,40000,42000,53000,55000,55000,24198,12933,7500,13171.00755290933,9.802600019611418,55171.98570002802,2302.3281676171587
1791076350,1000,,Aggregated,68.800000,35.200000,7500,17000,29000,30000,31000,32000,40000,42000,53000,55000,56000,24210,12936,7500,13171.758989140842,9.802600019611418,56024.38920002896,2303.1165220983066
1791076351,1000,,Aggregated,65.600000,30.900000,7500,17000,29000,30000,31000,32000,40000,42000,53000,56000,56000,24250,12944,7500,13178.004615294833,9.802600019611418,56228.815999988,2305.8434639175257
1791076352,1000,,Aggregated,61.400000,26.700000,7500,17000,29000,30000,31000,32000,40000,42000,53000,56000,56000,24283,12955,7500,13191.113139999172,9.802600019611418,56228.815999988,2307.347156446897
1791076353,1000,,Aggregated,54.700000,21.000000,7600,17000,29000,30000,31000,32000,40000,42000,53000,56000,56000,24302,12964,7600,13201.993919459297,9.802600019611418,56228.815999988,2307.72566043947
1791076354,1000,,Aggregated,47.700000,16.700000,7600,17000,29000,30000,31000,32000,40000,42000,53000,56000,56000,24340,12981,7600,13221.08797940427,9.802600019611418,56228.815999988,2308.328800328677
1791076355,1000,,Aggregated,44.600000,14.700000,7700,17000,29000,30000,31000,32000,40000,42000,53000,56000,56000,24368,12994,7700,13232.490952609982,9.802600019611418,56228.815999988,2309.034881812213
1791076356,1000,,Aggregated,40.200000,13.400000,7800,17000,29000,30000,31000,32000,40000,42000,53000,56000,56000,24394,13006,7800,13243.224841981628,9.802600019611418,56228.815999988,2309.5065179962285
1791076357,1000,,Aggregated,37.600000,12.300000,7800,17000,29000,30000,31000,32000,40000,42000,53000,56000,56000,24414,13020,7800,13254.348244753013,9.802600019611418,56228.815999988,2308.6347177848775
1791076358,1000,,Aggregated,33.900000,11.200000,8000,17000,29000,30000,31000,32000,40000,42000,53000,56000,56000,24442,13040,7900,13272.591913444076,9.802600019611418,56228.815999988,2307.797152442517
1791076359,1000,,Aggregated,31.600000,10.600000,8100,17000,29000,30000,31000,33000,40000,42000,53000,56000,56000,24473,13063,8100,13295.366625803952,9.802600019611418,56228.815999988,2306.178237241041
1791076360,1000,,Aggregated,30.000000,11.200000,8100,17000,29000,30000,31000,33000,41000,42000,53000,56000,56000,24505,13085,8100,13309.554427329116,9.802600019611418,56228.815999988,2304.9006325239748
1791076361,1000,,Aggregated,27.800000,12.000000,8200,17000,29000,30000,31000,33000,41000,42000,53000,56000,56000,24557,13124,8200,13325.729794437426,9.802600019611418,56228.815999988,2302.7239076434416
1791076362,1000,,Aggregated,27.600000,13.200000,8200,17000,29000,30000,31000,33000,41000,42000,53000,56000,56000,24611,13166,8200,13338.976450830929,9.802600019611418,56228.815999988,2300.044492300191
1791076363,1000,,Aggregated,29.800000,15.500000,8300,17000,30000,30000,31000,33000,41000,43000,53000,56000,56000,24671,13218,8300,13356.066552138145,9.802600019611418,56228.815999988,2296.150216853796
1791076364,1000,,Aggregated,29.900000,17.900000,8300,18000,30000,30000,31000,33000,41000,43000,53000,56000,56000,24723,13254,8300,13368.281647417396,9.802600019611418,56228.815999988,2295.0372527605873
1791076366,1000,,Aggregated,32.600000,21.100000,8500,18000,30000,30000,31000,33000,41000,43000,53000,56000,56000,24788,13294,8400,13390.566257794108,9.802600019611418,56228.815999988,2294.0910521219944
1791076367,1000,,Aggregated,37.800000,27.000000,8400,18000,30000,30000,31000,33000,41000,43000,53000,56000,56000,24852,13336,8400,13390.669056812347,9.802600019611418,56228.815999988,2292.341702881056
1791076368,1000,,Aggregated,37.800000,27.000000,8400,18000,30000,30000,31000,33000,41000,43000,53000,56000,56000,24897,13373,8400,13387.31872271761,9.802600019611418,56228.815999988,2289.9967465959753
1791076369,1000,,Aggregated,45.500000,32.700000,8300,18000,30000,30000,31000,33000,41000,43000,53000,56000,56000,24937,13404,8300,13391.52302104104,9.802600019611418,56228.815999988,2288.045354292818
1791076370,1000,,Aggregated,47.400000,34.700000,8300,18000,30000,30000,31000,33000,41000,43000,53000,56000,56000,25008,13460,8300,13397.344390031218,9.802600019611418,56228.815999988,2284.269113883557
1791076371,1000,,Aggregated,48.700000,35.700000,8300,18000,30000,30000,31000,33000,41000,43000,53000,56000,56000,25093,13521,8300,13396.06589228075,9.802600019611418,56228.815999988,2281.2482365599967
1791076372,1000,,Aggregated,51.100000,38.300000,8200,18000,30000,30000,31000,33000,41000,43000,53000,56000,56000,25145,13562,8200,13392.747669719663,9.802600019611418,56228.815999988,2278.6821634519783
1791076373,1000,,Aggregated,56.700000,42.300000,8300,18000,30000,30000,31000,33000,41000,43000,53000,56000,56000,25198,13601,8300,13408.475909346014,9.802600019611418,56228.815999988,2276.3086752916897
1791076374,1000,,Aggregated,58.200000,43.200000,8200,18000,30000,30000,31000,33000,41000,43000,53000,56000,56000,25248,13642,8200,13408.487369962018,9.802600019611418,56228.815999988,2273.780933143219
1791076375,1000,,Aggregated,57.300000,42.600000,8100,18000,30000,30000,31000,33000,41000,43000,53000,56000,56000,25327,13710,8100,13401.45720703996,9.802600019611418,56228.815999988,2269.039365104434
1791076376,1000,,Aggregated,56.700000,41.400000,8100,18000,30000,30000,31000,33000,41000,43000,53000,56000,56000,25403,13781,8100,13400.238721918715,9.802600019611418,56228.815999988,2263.039680352714
1791076377,1000,,Aggregated,58.800000,44.300000,8100,18000,30000,30000,31000,33000,41000,43000,53000,56000,56000,25496,13857,8100,13422.682269050098,9.802600019611418,56228.815999988,2258.322952620019
1791076378,1000,,Aggregated,60.400000,47.600000,8100,18000,30000,30000,31000,33000,41000,43000,53000,56000,56000,25571,13907,8100,13437.37001701544,9.802600019611418,56228.815999988,2256.422548981268
1791076379,1000,,Aggregated,62.800000,50.900000,8000,18000,30000,30000,31000,33000,41000,43000,53000,56000,56000,25637,13969,8000,13428.229415391894,9.802600019611418,56228.815999988,2250.9430510590164
1791076380,1000,,Aggregated,63.600000,51.000000,7900,18000,30000,30000,31000,33000,41000,43000,53000,56000,56000,25746,14063,7900,13430.571972962878,9.802600019611418,56228.815999988,2243.9070923638624
1791076381,1000,,Aggregated,67.200000,54.000000,7700,18000,30000,30000,31000,33000,41000,43000,53000,56000,56000,25829,14138,7700,13411.981503352896,9.802600019611418,56228.815999988,2238.500135506601
1791076382,1000,,Aggregated,69.100000,55.800000,7600,18000,30000,30000,31000,33000,41000,43000,53000,56000,56000,25919,14220,7600,13409.332956935146,9.802600019611418,56228.815999988,2232.1498128785834
1791076383,1000,,Aggregated,72.000000,59.800000,7500,18000,30000,30000,31000,33000,41000,43000,53000,56000,56000,26013,14307,7500,13407.117784857654,9.802600019611418,56228.815999988,2225.718525352708
1791076384,1000,,Aggregated,74.800000,63.800000,7500,18000,30000,30000,31000,33000,41000,43000,53000,56000,56000,26123,14403,7500,13409.738440018446,9.802600019611418,56228.815999988,2218.816100754125
1791076385,1000,,Aggregated,80.300000,69.100000,7500,18000,30000,30000,31000,33000,41000,43000,53000,56000,56000,26248,14486,7500,13415.111530745276,9.802600019611418,56228.815999988,2215.7119018591893
1791076386,1000,,Aggregated,85.100000,74.100000,7500,18000,30000,30000,31000,33000,41000,43000,53000,56000,56000,26352,14558,7500,13398.302116355548,9.802600019611418,56228.815999988,2213.0845476624163
1791076387,1000,,Aggregated,88.100000,75.700000,7400,18000,30000,30000,31000,33000,41000,43000,53000,56000,56000,26469,14653,7400,13379.198691272863,9.802600019611418,56228.815999988,2207.3748158222825
1791076388,1000,,Aggregated,91.800000,75.700000,7400,18000,30000,30000,31000,33000,41000,43000,53000,56000,56000,26570,14738,7400,13368.348924301907,9.802600019611418,56228.815999988,2202.5149792999623
1791076389,1000,,Aggregated,93.900000,77.100000,7300,18000,30000,30000,31000,33000,41000,43000,53000,56000,56000,26656,14808,7300,13350.360625345205,9.802600019611418,56228.815999988,2198.7289540816328
1791076390,1000,,Aggregated,98.100000,80.800000,7300,18000,30000,30000,31000,33000,41000,43000,53000,56000,56000,26751,14877,7300,13337.49220239623,9.802600019611418,56228.815999988,2196.4250308399687
1791076391,1000,,Aggregated,101.100000,83.100000,7200,18000,30000,30000,31000,33000,41000,43000,53000,56000,56000,26873,14956,7200,13326.638033699295,9.802600019611418,56228.815999988,2194.676738734045
1791076392,1000,,Aggregated,100.700000,82.400000,6900,18000,30000,30000,31000,33000,41000,43000,53000,56000,56000,26980,15040,6900,13299.547159117908,9.802600019611418,56228.815999988,2190.6091549295775
1791076393,1000,,Aggregated,100.500000,80.800000,6900,18000,30000,30000,31000,33000,41000,43000,53000,56000,56000,27033,15076,6900,13296.763172615001,9.802600019611418,56228.815999988,2189.0877076166166
1791076394,1000,,Aggregated,102.700000,80.200000,6400,18000,29000,30000,31000,33000,41000,43000,53000,56000,56000,27109,15131,6400,13280.84857225651,9.802600019611418,56228.815999988,2186.584934892471
1791076395,1000,,Aggregated,101.100000,76.900000,5900,18000,29000,30000,31000,33000,41000,43000,53000,56000,56000,27218,15220,5900,13251.774389477618,9.802600019611418,56228.815999988,2180.830737012271
1791076396,1000,,Aggregated,96.900000,72.200000,5700,17000,29000,30000,31000,33000,41000,43000,53000,56000,56000,27308,15294,5700,13233.811890098208,9.802600019611418,56228.815999988,2176.406803866999
1791076397,1000,,Aggregated,95.400000,70.700000,5600,17000,29000,30000,31000,33000,41000,43000,53000,56000,56000,27367,15331,5600,13228.38452375495,9.802600019611418,56228.815999988,2175.746300288669
1791076398,1000,,Aggregated,93.800000,71.700000,5400,17000,29000,30000,31000,33000,41000,43000,53000,56000,56000,27432,15376,5400,13214.58146122417,9.802600019611418,56228.815999988,2174.2584937299503
1791076399,1000,,Aggregated,91.100000,69.500000,4800,17000,29000,30000,31000,33000,41000,43000,53000,56000,56000,27548,15470,4800,13199.41935721656,9.802600019611418,56228.815999988,2169.137614345869
1791076400,1000,,Aggregated,86.700000,64.800000,4800,17000,29000,30000,31000,33000,41000,43000,53000,56000,56000,27637,15518,4800,13192.265090049637,9.802600019611418,56228.815999988,2169.1985743749324
1791076401,1000,,Aggregated,84.100000,62.900000,4700,17000,29000,30000,31000,33000,41000,43000,53000,56000,56000,27689,15557,4700,13184.810626259597,9.802600019611418,56228.815999988,2167.4368882949907
1791076402,1000,,Aggregated,88.000000,65.000000,4600,17000,29000,30000,31000,33000,41000,43000,53000,56000,56000,27768,15606,4600,13178.842078749001,9.802600019611418,56228.815999988,2166.5789037741283
1791076403,1000,,Aggregated,83.400000,60.000000,4600,17000,29000,30000,31000,33000,41000,43000,53000,56000,56000,27854,15677,4500,13170.976437851006,9.802600019611418,56228.815999988,2162.8694621957347
1791076404,1000,,Aggregated,78.800000,56.900000,4200,17000,29000,30000,31000,33000,41000,43000,53000,56000,56000,27933,15740,4200,13153.07207253434,9.802600019611418,56228.815999988,2159.6183009343786
1791076405,1000,,Aggregated,77.500000,55.900000,4100,17000,29000,30000,31000,33000,41000,43000,53000,56000,56000,27995,15778,4100,13146.951779821451,9.802600019611418,56228.815999988,2159.336953027326
1791076407,1000,,Aggregated,80.500000,58.700000,4000,17000,29000,30000,31000,33000,41000,43000,53000,56000,56000,28055,15819,4000,13142.038041507809,9.802600019611418,56228.815999988,2158.0417037961147
1791076408,1000,,Aggregated,79.300000,58.400000,3900,17000,29000,30000,31000,33000,41000,43000,53000,56000,56000,28131,15884,3900,13137.647776783679,9.802600019611418,56228.815999988,2154.3004870072164
1791076409,1000,,Aggregated,72.800000,51.100000,3800,17000,29000,30000,31000,33000,41000,43000,53000,56000,56000,28218,15940,3800,13131.766222662895,9.802600019611418,56228.815999988,2153.2736905521297
1791076410,1000,,Aggregated,75.000000,54.500000,3800,17000,29000,30000,31000,33000,41000,43000,53000,56000,56000,28266,15971,3800,13139.662541151962,9.802600019611418,56228.815999988,2152.193200311328
1791076411,1000,,Aggregated,75.400000,53.400000,3800,17000,29000,30000,31000,33000,41000,43000,53000,56000,56000,28331,16015,3800,13135.515228237655,9.802600019611418,56228.815999988,2150.745543750662
1791076412,1000,,Aggregated,68.900000,48.700000,3800,17000,29000,30000,31000,33000,41000,43000,53000,56000,56000,28426,16059,3800,13127.66517079087,9.802600019611418,56228.815999988,2152.8643847182157
1791076413,1000,,Aggregated,67.300000,48.200000,3800,17000,29000,30000,31000,33000,41000,43000,53000,56000,56000,28495,16091,3800,13121.255700105317,9.802600019611418,56228.815999988,2154.4800491314268
1791076414,1000,,Aggregated,71.300000,48.800000,3800,17000,29000,30000,31000,33000,41000,43000,53000,56000,56000,28534,16109,3800,13122.211346334236,9.802600019611418,56228.815999988,2155.5291581972383
1791076415,1000,,Aggregated,71.100000,47.500000,3800,17000,29000,30000,31000,33000,41000,43000,53000,56000,56000,28576,16125,3800,13122.241580084738,9.802600019611418,56228.815999988,2156.203317469205
1791076416,1000,,Aggregated,66.200000,42.500000,3500,17000,29000,30000,31000,33000,41000,43000,53000,56000,56000,28656,16189,3500,13105.36318345204,9.802600019611418,56228.815999988,2152.6189279731993
1791076417,1000,,Aggregated,62.900000,37.700000,3400,17000,29000,30000,31000,33000,41000,43000,53000,56000,56000,28681,16209,3400,13104.942443453912,9.802600019611418,56228.815999988,2151.508803737666
1791076418,1000,,Aggregated,64.400000,39.500000,3500,17000,29000,30000,31000,33000,41000,44000,53000,56000,56000,28708,16228,3500,13112.660979688646,9.802600019611418,56228.815999988,2151.1399261529887
1791076419,1000,,Aggregated,61.700000,38.200000,3500,17000,29000,30000,31000,33000,41000,44000,53000,56000,56000,28758,16273,3500,13125.736401005002,9.802600019611418,56228.815999988,2148.2581194797967
1791076420,1000,,Aggregated,56.200000,33.200000,3500,17000,29000,30000,31000,33000,41000,44000,53000,56000,56000,28833,16336,3500,13134.025120178338,9.802600019611418,56228.815999988,2144.338605070579
1791076421,1000,,Aggregated,49.900000,29.600000,3500,17000,29000,30000,31000,33000,41000,44000,53000,56000,56000,28893,16370,3500,13140.264983387044,9.802600019611418,56228.815999988,2144.157166095594
1791076422,1000,,Aggregated,54.700000,34.700000,3700,17000,29000,30000,31000,33000,41000,44000,53000,56000,56000,28943,16406,3700,13152.067401067692,9.802600019611418,56228.815999988,2142.8792799640673
1791076423,1000,,Aggregated,55.800000,35.200000,3600,17000,29000,30000,31000,33000,41000,44000,53000,56000,56000,29007,16450,3600,13153.200508036065,9.802600019611418,56228.815999988,2141.428861998828
1791076424,1000,,Aggregated,50.300000,33.400000,3400,17000,29000,30000,31000,33000,41000,44000,53000,56000,56000,29092,16525,3400,13142.422374883197,9.802600019611418,56228.815999988,2136.9501924927813
1791076425,1000,,Aggregated,48.200000,33.000000,3400,17000,29000,30000,31000,33000,41000,44000,53000,56000,56000,29161,16578,3400,13144.965440626243,9.802600019611418,56228.815999988,2134.449161551387
1791076426,1000,,Aggregated,52.500000,37.800000,3400,17000,29000,30000,31000,33000,41000,44000,53000,56000,56000,29210,16615,3400,13148.057313875459,9.802600019611418,56228.815999988,2132.9961656966793
1791076427,1000,,Aggregated,56.700000,43.700000,3400,17000,29000,30000,31000,33000,41000,44000,53000,56000,56000,29281,16672,3400,13152.575111656108,9.802600019611418,56228.815999988,2130.0234281616067
1791076428,1000,,Aggregated,54.200000,41.900000,3200,17000,29000,30000,31000,33000,41000,44000,53000,56000,56000,29379,16746,3200,13153.922931073292,9.802600019611418,56228.815999988,2126.2119881548047
1791076429,1000,,Aggregated,57.800000,44.900000,3200,17000,29000,30000,31000,33000,41000,44000,53000,56000,56000,29444,16790,3200,13157.126580243937,9.802600019611418,56228.815999988,2125.0306683874473
1791076430,1000,,Aggregated,62.800000,49.300000,3200,17000,29000,30000,31000,33000,41000,44000,53000,56000,56000,29497,16832,3200,13159.259068634172,9.802600019611418,56228.815999988,2122.9517578058785
1791076431,1000,,Aggregated,70.300000,53.900000,3200,17000,29000,30000,31000,33000,41000,44000,53000,56000,56000,29555,16881,3200,13160.81087594661,9.802600019611418,56228.815999988,2120.404736931145
1791076432,1000,,Aggregated,66.200000,49.500000,2800,17000,29000,30000,31000,33000,42000,44000,53000,56000,56000,29651,16965,2800,13143.532336440654,9.802600019611418,56228.815999988,2115.66901622205
1791076433,1000,,Aggregated,64.800000,49.800000,2600,17000,29000,30000,31000,33000,42000,44000,53000,56000,56000,29734,17035,2600,13141.140240105664,9.802600019611418,56228.815999988,2111.7608125378356
1791076434,1000,,Aggregated,66.800000,52.000000,2600,17000,29000,30000,31000,33000,42000,44000,53000,56000,56000,29827,17091,2600,13141.585703842222,9.802600019611418,56228.815999988,2111.5596607100947
1791076435,1000,,Aggregated,71.600000,57.600000,2600,17000,29000,30000,31000,33000,42000,44000,53000,56000,56000,29874,17121,2600,13141.482399166563,9.802600019611418,56228.815999988,2111.0449889536053
1791076436,1000,,Aggregated,71.400000,57.000000,2500,17000,29000,30000,31000,33000,42000,44000,53000,56000,56000,29945,17179,2500,13139.269738283578,9.802600019611418,56228.815999988,2107.9928869594255
1791076437,1000,,Aggregated,70.600000,53.800000,2300,17000,29000,30000,31000,33000,42000,44000,53000,56000,56000,30045,17267,2300,13125.688559773738,9.802600019611418,56228.815999988,2102.891263105342
1791076438,1000,,Aggregated,71.400000,54.300000,2300,17000,29000,30000,31000,33000,42000,44000,53000,56000,56000,30111,17320,2300,13120.787196121079,9.802600019611418,56228.815999988,2100.3048387632425
1791076439,1000,,Aggregated,72.300000,55.400000,2300,17000,29000,30000,31000,33000,42000,44000,53000,56000,56000,30171,17367,2300,13114.526456875867,9.802600019611418,56228.815999988,2098.5104570614167
1791076440,1000,,Aggregated,74.700000,57.700000,2300,17000,29000,30000,31000,33000,42000,44000,53000,56000,56000,30252,17431,2300,13111.24223446061,9.802600019611418,56228.815999988,2095.344208647362
1791076441,1000,,Aggregated,72.100000,56.800000,2300,17000,29000,30000,31000,33000,42000,44000,53000,56000,56000,30357,17523,2300,13093.067732318823,9.802600019611418,56228.815999988,2090.1788384886518
1791076442,1000,,Aggregated,71.600000,56.700000,2200,17000,29000,30000,31000,33000,42000,44000,53000,56000,56000,30427,17582,2200,13095.127483163062,9.802600019611418,56228.815999988,2087.132612482335
1791076443,1000,,Aggregated,74.700000,59.300000,2200,17000,29000,30000,31000,33000,42000,44000,53000,56000,56000,30503,17653,2200,13091.338430561023,9.802600019611418,56228.815999988,2082.6611153001345
1791076444,1000,,Aggregated,78.100000,62.500000,2200,17000,29000,30000,31000,33000,42000,44000,53000,56000,56000,30582,17721,2200,13087.94339313333,9.802600019611418,56228.815999988,2079.2374599437576
1791076445,1000,,Aggregated,75.100000,59.600000,2200,17000,29000,30000,31000,33000,42000,44000,53000,56000,56000,30675,17809,2200,13092.115107586107,9.802600019611418,56228.815999988,2073.744123879381
1791076446,1000,,Aggregated,74.700000,60.600000,2200,17000,29000,30000,31000,33000,42000,44000,53000,56000,56000,30780,17902,2200,13085.981661822756,9.802600019611418,56228.815999988,2068.8038661468486
1791076447,1000,,Aggregated,75.200000,63.400000,2200,17000,29000,30000,31000,33000,42000,44000,53000,56000,56000,30878,17986,2200,13072.07548955905,9.802600019611418,56228.815999988,2064.573450353002
1791076448,1000,,Aggregated,78.400000,67.800000,2200,17000,29000,30000,31000,33000,42000,44000,53000,56000,56000,30970,18054,2200,13069.899954649802,9.802600019611418,56228.815999988,2062.373522763965
1791076450,1000,,Aggregated,81.200000,70.200000,2200,17000,29000,30000,31000,33000,42000,44000,53000,56000,56000,31088,18129,2200,13064.731050331458,9.802600019611418,56228.815999988,2061.054490478641
1791076451,1000,,Aggregated,81.000000,70.000000,2200,17000,29000,30000,31000,33000,42000,44000,53000,56000,56000,31195,18200,2200,13053.74325444477,9.802600019611418,56228.815999988,2059.7906715819845
1791076452,1000,,Aggregated,83.800000,71.700000,2100,17000,29000,30000,31000,33000,42000,44000,53000,56000,56000,31283,18264,2100,13038.88238964629,9.802600019611418,56228.815999988,2058.0891538535307
1791076453,1000,,Aggregated,92.500000,75.300000,2100,17000,29000,30000,31000,33000,42000,44000,53000,56000,56000,31356,18326,2100,13021.802074075293,9.802600019611418,56228.815999988,2055.107092741421
1791076454,1000,,Aggregated,91.500000,73.100000,2100,17000,29000,30000,31000,33000,42000,44000,53000,56000,56000,31458,18419,2100,13003.007684738532,9.802600019611418,56228.815999988,2049.6972471231484
1791076455,1000,,Aggregated,91.400000,72.900000,2100,17000,29000,30000,31000,33000,42000,44000,53000,56000,56000,31552,18499,2100,12989.884331896688,9.802600019611418,56228.815999988,2045.322134888438
1791076456,1000,,Aggregated,93.300000,74.400000,2100,17000,29000,30000,31000,33000,42000,44000,53000,56000,56000,31630,18566,2100,12987.014789345689,9.802600019611418,56228.815999988,2042.0006006955423
1791076457,1000,,Aggregated,94.900000,75.900000,2100,17000,28000,30000,31000,33000,42000,44000,53000,56000,56000,31723,18632,2100,12985.385882463974,9.802600019611418,56228.815999988,2040.3739558049365
1791076458,1000,,Aggregated,94.000000,74.200000,2100,17000,28000,30000,31000,33000,42000,44000,53000,56000,56000,31828,18720,2100,12971.142394395007,9.802600019611418,56228.815999988,2036.3671295714464
1791076459,1000,,Aggregated,92.400000,71.700000,2100,17000,28000,30000,31000,33000,42000,45000,53000,56000,56000,31905,18783,2100,12968.550765544713,9.802600019611418,56228.815999988,2033.5109857389125
1791076460,1000,,Aggregated,93.100000,72.000000,2100,17000,28000,30000,31000,33000,42000,45000,53000,56000,56000,31993,18852,2100,12955.97146564574,9.802600019611418,56228.815999988,2031.1547213452943
1791076461,1000,,Aggregated,92.300000,72.100000,2100,17000,28000,30000,31000,33000,42000,45000,53000,56000,56000,32117,18951,2100,12942.454701124147,9.802600019611418,56228.815999988,2027.4710900769064
1791076462,1000,,Aggregated,89.000000,71.100000,2100,17000,28000,30000,31000,33000,42000,45000,53000,56000,56000,32233,19051,2100,12925.377325405783,9.802600019611418,56228.815999988,2022.4696118884374
1791076463,1000,,Aggregated,86.700000,70.800000,2100,17000,28000,30000,31000,33000,42000,45000,53000,56000,56000,32299,19093,2100,12921.806624589139,9.802600019611418,56228.815999988,2022.126381621722
1791076464,1000,,Aggregated,88.200000,73.200000,2100,17000,28000,30000,31000,33000,42000,45000,53000,56000,56000,32390,19161,2100,12909.763642627486,9.802600019611418,56228.815999988,2019.9287125656067
1791076465,1000,,Aggregated,91.800000,76.000000,2100,17000,28000,30000,31000,33000,42000,45000,53000,56000,56000,32467,19225,2100,12902.676994640835,9.802600019611418,56228.815999988,2016.9230911386946
1791076466,1000,,Aggregated,88.800000,71.100000,2100,17000,28000,30000,31000,33000,42000,45000,53000,56000,56000,32571,19316,2100,12883.56300710153,9.802600019611418,56228.815999988,2012.341960639833
1791076467,1000,,Aggregated,87.500000,69.500000,2100,17000,28000,30000,31000,33000,42000,45000,53000,56000,56000,32649,19382,2100,12873.339408346474,9.802600019611418,56228.815999988,2009.3092284602897
1791076468,1000,,Aggregated,89.200000,70.700000,2100,17000,28000,30000,31000,33000,42000,45000,53000,56000,56000,32726,19447,2100,12868.656165443497,9.802600019611418,56228.815999988,2006.7169834382448
1791076469,1000,,Aggregated,88.800000,71.700000,2100,17000,28000,30000,31000,33000,42000,45000,53000,56000,56000,32840,19527,2100,12859.839413370999,9.802600019611418,56228.815999988,2004.9490864799025
1791076470,1000,,Aggregated,86.100000,69.400000,2100,17000,28000,30000,31000,33000,42000,45000,53000,56000,56000,32925,19594,2100,12853.323003283345,9.802600019611418,56228.815999988,2002.6584054669704
1791076471,1000,,Aggregated,86.000000,69.400000,2100,17000,28000,30000,31000,33000,42000,45000,53000,56000,56000,33016,19661,2100,12848.666949497314,9.802600019611418,56228.815999988,2000.7604191906955
1791076472,1000,,Aggregated,88.400000,70.700000,2100,17000,28000,30000,31000,33000,42000,45000,53000,56000,56000,33103,19716,2100,12841.15549536004,9.802600019611418,56228.815999988,1999.8890130803854
1791076473,1000,,Aggregated,88.400000,70.400000,2100,17000,28000,30000,31000,33000,42000,45000,53000,56000,56000,33195,19781,2100,12834.181848636936,9.802600019611418,56228.815999988,1998.4154541346588
1791076474,1000,,Aggregated,86.600000,67.200000,2100,17000,28000,30000,31000,33000,42000,45000,53000,56000,56000,33278,19846,2100,12827.491709240441,9.802600019611418,56228.815999988,1995.8035639161008
1791076475,1000,,Aggregated,84.300000,64.200000,2100,17000,27000,30000,31000,33000,42000,45000,53000,56000,56000,33363,19899,2100,12815.740012555923,9.802600019611418,56228.815999988,1995.1786709828252
1791076476,1000,,Aggregated,87.100000,66.900000,2100,17000,27000,30000,31000,33000,42000,45000,53000,56000,56000,33431,19951,2100,12800.968814244361,9.802600019611418,56228.815999988,1993.4248152911969
1791076477,1000,,Aggregated,86.800000,66.500000,2100,17000,27000,30000,31000,33000,42000,45000,53000,56000,56000,33507,19997,2100,12795.466494875789,9.802600019611418,56228.815999988,1993.089802130898
1791076479,1000,,Aggregated,85.300000,63.700000,2100,17000,27000,30000,31000,33000,42000,45000,53000,56000,56000,33588,20033,2100,12788.833768908626,9.802600019611418,56228.815999988,1994.809425985471
1791076480,1000,,Aggregated,84.100000,61.700000,2100,17000,27000,30000,31000,33000,42000,45000,53000,56000,56000,33658,20077,2100,12789.091878881783,9.802600019611418,56228.815999988,1994.8331451660824
1791076481,1000,,Aggregated,83.000000,56.100000,2100,17000,27000,30000,31000,33000,42000,45000,53000,56000,56000,33715,20125,2100,12784.381732994309,9.802600019611418,56228.815999988,1992.9596618715705
1791076482,1000,,Aggregated,79.600000,53.000000,2100,17000,27000,30000,31000,33000,42000,45000,53000,56000,56000,33785,20179,2100,12782.956611306876,9.802600019611418,56228.815999988,1991.1438804203049
1791076483,1000,,Aggregated,76.800000,51.200000,2100,17000,27000,30000,31000,33000,42000,45000,53000,56000,56000,33827,20214,2100,12785.097883664024,9.802600019611418,56228.815999988,1989.8757797026044
1791076484,1000,,Aggregated,75.200000,51.000000,2100,17000,27000,30000,31000,33000,42000,45000,53000,56000,56000,33879,20257,2100,12785.258825325516,9.802600019611418,56228.815999988,1988.07343782284
1791076485,1000,,Aggregated,71.000000,48.600000,2100,17000,27000,30000,31000,33000,42000,45000,53000,56000,56000,33953,20327,2100,12782.328795682357,9.802600019611418,56228.815999988,1984.3808499985273
1791076486,1000,,Aggregated,66.400000,46.000000,2100,17000,27000,30000,31000,33000,42000,45000,53000,56000,56000,34038,20399,2100,12775.558477328372,9.802600019611418,56228.815999988,1981.3482284505553
1791076487,1000,,Aggregated,65.100000,46.100000,2100,17000,27000,30000,31000,33000,42000,46000,53000,56000,56000,34103,20438,2100,12776.254791918678,9.802600019611418,56228.815999988,1981.053074509574
1791076488,1000,,Aggregated,66.100000,49.100000,2100,17000,27000,30000,31000,33000,42000,46000,53000,56000,56000,34152,20471,2100,12777.067993001956,9.802600019611418,56228.815999988,1980.4214980089014
1791076489,1000,,Aggregated,65.300000,47.700000,2100,17000,27000,30000,31000,33000,42000,46000,53000,56000,56000,34236,20525,2100,12769.58872837373,9.802600019611418,56228.815999988,1979.3159539665849
1791076490,1000,,Aggregated,63.200000,46.500000,2100,17000,27000,30000,31000,33000,42000,46000,53000,56000,56000,34322,20600,2100,12754.24000344976,9.802600019611418,56228.815999988,1975.8025464716509
1791076491,1000,,Aggregated,62.400000,47.900000,2100,17000,27000,30000,31000,33000,42000,46000,53000,56000,56000,34377,20649,2100,12754.828168973518,9.802600019611418,56228.815999988,1973.3795270093376
1791076492,1000,,Aggregated,63.800000,50.000000,2100,17000,27000,30000,31000,33000,42000,46000,53000,56000,56000,34423,20680,2100,12755.767071972314,9.802600019611418,56228.815999988,1973.2291781657614
1791076493,1000,,Aggregated,65.300000,51.600000,2100,17000,27000,30000,31000,33000,42000,46000,53000,56000,56000,34493,20741,2100,12750.426082231263,9.802600019611418,56228.815999988,1970.7881309251152
1791076494,1000,,Aggregated,62.900000,49.500000,2100,17000,27000,30000,31000,33000,42000,46000,53000,56000,56000,34579,20812,2100,12751.256145270343,9.802600019611418,56228.815999988,1968.290985858469
1791076495,1000,,Aggregated,64.600000,51.100000,2100,17000,27000,30000,31000,33000,42000,46000,53000,56000,56000,34657,20872,2100,12743.229173439811,9.802600019611418,56228.815999988,1966.5306575872119
1791076496,1000,,Aggregated,67.800000,54.100000,2100,17000,27000,30000,31000,33000,42000,46000,53000,56000,56000,34710,20908,2100,12749.979339222224,9.802600019611418,56228.815999988,1965.878939786805
1791076497,1000,,Aggregated,69.600000,54.600000,2100,17000,27000,30000,31000,34000,42000,46000,53000,56000,56000,34773,20957,2100,12749.334253208044,9.802600019611418,56228.815999988,1964.1232565496218
1791076498,1000,,Aggregated,66.900000,50.700000,2100,17000,27000,30000,31000,33000,42000,46000,53000,56000,56000,34871,21039,2100,12734.690153308005,9.802600019611418,56228.815999988,1961.1542542513837
1791076499,1000,,Aggregated,65.300000,50.000000,2100,17000,27000,30000,31000,33000,42000,46000,53000,56000,56000,34942,21104,2100,12720.276408219432,9.802600019611418,56228.815999988,1957.8798580504836
1791076500,1000,,Aggregated,69.700000,54.600000,2100,17000,27000,30000,31000,34000,42000,46000,53000,56000,56000,35013,21155,2100,12727.812356944656,9.802600019611418,56228.815999988,1956.513494987576
1791076501,1000,,Aggregated,70.300000,56.800000,2100,17000,27000,30000,31000,34000,42000,46000,53000,56000,56000,35092,21206,2100,12727.886103693236,9.802600019611418,56228.815999988,1955.625441696113
1791076502,1000,,Aggregated,69.300000,56.500000,2100,17000,27000,30000,31000,34000,42000,46000,53000,56000,56000,35163,21264,2100,12724.092743113573,9.802600019611418,56228.815999988,1953.3215595938914
1791076503,1000,,Aggregated,69.400000,54.000000,2100,17000,27000,30000,31000,34000,42000,46000,53000,56000,56000,35253,21345,2100,12713.909431580358,9.802600019611418,56228.815999988,1949.7943721101751
1791076504,1000,,Aggregated,71.100000,55.700000,2100,17000,27000,30000,31000,34000,42000,46000,53000,56000,56000,35343,21416,2100,12718.630802107975,9.802600019611418,56228.815999988,1947.7363551481199
1791076505,1000,,Aggregated,74.700000,59.200000,2100,17000,27000,30000,31000,34000,42000,46000,53000,56000,56000,35404,21459,2100,12723.722312148404,9.802600019611418,56228.815999988,1947.2870297141567
1791076506,1000,,Aggregated,74.300000,58.600000,2100,17000,27000,30000,31000,34000,42000,46000,53000,56000,56000,35474,21517,2100,12725.788622568705,9.802600019611418,56228.815999988,1945.1382702824603
1791076507,1000,,Aggregated,73.600000,57.600000,2100,17000,27000,30000,31000,34000,42000,46000,53000,56000,56000,35590,21624,2100,12708.05990646254,9.802600019611418,56228.815999988,1939.5682776060692
1791076508,1000,,Aggregated,73.200000,58.100000,2100,17000,27000,30000,31000,34000,42000,46000,53000,56000,56000,35666,21694,2100,12697.928872531307,9.802600019611418,56228.815999988,1936.3019121852744
1791076509,1000,,Aggregated,78.000000,63.200000,2100,17000,27000,30000,31000,34000,42000,46000,53000,56000,56000,35728,21751,2100,12696.88362029505,9.802600019611418,56228.815999988,1933.6278828929692
1791076510,1000,,Aggregated,77.000000,63.200000,2100,17000,27000,30000,31000,34000,42000,46000,53000,56000,56000,35830,21844,2100,12711.626505325201,9.802600019611418,56228.815999988,1929.6315657270443
1791076511,1000,,Aggregated,76.500000,62.800000,2100,17000,27000,30000,31000,34000,42000,46000,53000,56000,56000,35935,21940,2100,12700.383334818462,9.802600019611418,56228.815999988,1925.3095589258382
1791076512,1000,,Aggregated,75.100000,61.800000,2100,17000,27000,30000,31000,34000,42000,46000,53000,56000,56000,36057,22045,2100,12705.347067107681,9.802600019611418,56228.815999988,1921.2118035332944
1791076513,1000,,Aggregated,76.900000,66.400000,2100,17000,27000,30000,31000,34000,42000,46000,53000,56000,56000,36146,22114,2100,12699.138213332093,9.802600019611418,56228.815999988,1919.039395783766
1791076514,1000,,Aggregated,82.700000,72.500000,2100,17000,27000,30000,31000,34000,42000,46000,53000,56000,56000,36236,22188,2100,12687.604788403845,9.802600019611418,56228.815999988,1916.4239706369356
1791076515,1000,,Aggregated,85.400000,74.100000,2100,17000,27000,30000,31000,34000,42000,46000,53000,56000,56000,36358,22286,2100,12670.200353993667,9.802600019611418,56228.815999988,1913.3181143077177
1791076516,1000,,Aggregated,85.800000,74.200000,2100,16000,27000,30000,31000,34000,42000,46000,53000,56000,56000,36475,22384,2100,12650.283304238568,9.802600019611418,56228.815999988,1909.7916655243318
1791076518,1000,,Aggregated,86.800000,75.500000,2100,16000,27000,30000,31000,34000,42000,46000,53000,56000,56000,36550,22446,2100,12643.981233069808,9.802600019611418,56228.815999988,1907.528071135431
1791076519,1000,,Aggregated,93.300000,80.900000,2100,16000,27000,30000,31000,34000,42000,46000,53000,56000,56000,36635,22515,2100,12636.641429542822,9.802600019611418,56228.815999988,1905.2965743141804
1791076520,1000,,Aggregated,94.400000,80.600000,2100,16000,27000,30000,31000,34000,42000,46000,53000,56000,56000,36759,22620,2100,12629.152295062462,9.802600019611418,56228.815999988,1901.4756930275578
1791076521,1000,,Aggregated,95.500000,80.700000,2100,16000,27000,30000,31000,34000,42000,46000,53000,56000,56000,36859,22691,2100,12624.621051558677,9.802600019611418,56228.815999988,1900.4220678803006
1791076522,1000,,Aggregated,101.600000,85.700000,2100,16000,27000,30000,31000,34000,42000,46000,53000,56000,56000,36944,22759,2100,12618.26995413874,9.802600019611418,56228.815999988,1898.4829200952793
1791076523,1000,,Aggregated,102.600000,84.400000,2100,16000,27000,30000,31000,34000,42000,46000,53000,56000,56000,37049,22835,2100,12607.18076881972,9.802600019611418,56228.815999988,1896.5934033307242
1791076524,1000,,Aggregated,98.400000,79.400000,2100,16000,27000,30000,31000,34000,42000,46000,53000,56000,56000,37163,22923,2100,12592.83149510808,9.802600019611418,56228.815999988,1894.2903963619729
1791076525,1000,,Aggregated,97.400000,77.700000,2100,16000,27000,30000,31000,34000,43000,46000,53000,56000,56000,37258,22985,2100,12586.649912010882,9.802600019611418,56228.815999988,1893.8290031671052
1791076526,1000,,Aggregated,100.600000,80.100000,2100,16000,27000,30000,31000,34000,43000,46000,53000,56000,56000,37343,23039,2100,12580.636012583374,9.802600019611418,56228.815999988,1893.8977050585117
1791076527,1000,,Aggregated,100.900000,78.500000,2100,16000,27000,30000,31000,34000,43000,46000,53000,56000,56000,37428,23109,2100,12569.175994362538,9.802600019611418,56228.815999988,1891.7972106444374
1791076528,1000,,Aggregated,97.400000,74.400000,2100,16000,27000,30000,31000,34000,43000,46000,53000,56000,56000,37525,23187,2100,12559.28446819189,9.802600019611418,56228.815999988,1889.4218254497002
1791076529,1000,,Aggregated,93.100000,70.300000,2100,16000,27000,30000,31000,34000,43000,46000,53000,56000,56000,37603,23251,2100,12550.698968821658,9.802600019611418,56228.815999988,1887.517166183549
1791076530,1000,,Aggregated,94.400000,71.700000,2100,16000,27000,30000,31000,34000,43000,46000,53000,56000,56000,37672,23302,2100,12547.087777742097,9.802600019611418,56228.815999988,1886.3120620089192
1791076531,1000,,Aggregated,94.300000,71.900000,2100,16000,27000,30000,31000,34000,43000,46000,53000,56000,56000,37761,23367,2100,12544.150302685319,9.802600019611418,56228.815999988,1884.9733057916899
1791076532,1000,,Aggregated,89.400000,66.500000,2100,16000,27000,30000,31000,34000,43000,46000,53000,56000,56000,37861,23435,2100,12537.114457859012,9.802600019611418,56228.815999988,1883.9422096616572
1791076533,1000,,Aggregated,86.500000,65.600000,2100,16000,27000,30000,31000,34000,43000,46000,53000,56000,56000,37932,23495,2100,12529.25253647317,9.802600019611418,56228.815999988,1881.8943899609828
1791076534,1000,,Aggregated,88.700000,65.700000,2100,16000,27000,30000,31000,34000,43000,46000,53000,56000,56000,37999,23552,2100,12527.339260133165,9.802600019611418,56228.815999988,1879.973104555383
1791076535,1000,,Aggregated,86.400000,64.100000,2100,16000,27000,30000,31000,34000,43000,46000,53000,56000,56000,38075,23611,2100,12520.625453300065,9.802600019611418,56228.815999988,1877.9400919238346
1791076536,1000,,Aggregated,80.300000,60.100000,2100,16000,27000,30000,31000,34000,43000,46000,53000,56000,56000,38170,23666,2100,12515.172429413138,9.802600019611418,56228.815999988,1878.086271941315
1791076537,1000,,Aggregated,79.700000,61.800000,2100,16000,27000,30000,31000,34000,43000,46000,53000,56000,56000,38226,23709,2100,12511.907953968486,9.802600019611418,56228.815999988,1876.7162925757339
1791076538,1000,,Aggregated,80.400000,61.700000,2100,16000,27000,30000,31000,34000,43000,46000,53000,56000,56000,38309,23767,2100,12507.59491855959,9.802600019611418,56228.815999988,1875.6569996606543
1791076539,1000,,Aggregated,78.900000,59.800000,2100,16000,26000,30000,31000,34000,43000,46000,53000,56000,56000,38397,23832,2100,12494.778406667188,9.802600019611418,56228.815999988,1874.136104383155
1791076540,1000,,Aggregated,78.200000,58.700000,2100,16000,26000,30000,31000,34000,43000,46000,53000,56000,56000,38478,23879,2100,12492.266088065911,9.802600019611418,56228.815999988,1874.6085555382297
1791076541,1000,,Aggregated,76.400000,55.800000,2100,16000,26000,30000,31000,34000,43000,46000,53000,56000,56000,38552,23928,2100,12487.569667988697,9.802600019611418,56228.815999988,1874.4353340942105
1791076543,1000,,Aggregated,77.400000,56.900000,2100,16000,26000,30000,31000,34000,43000,46000,53000,56000,56000,38606,23957,2100,12487.065380808688,9.802600019611418,56228.815999988,1875.1588354141843
1791076544,1000,,Aggregated,73.300000,52.400000,2100,16000,26000,30000,31000,34000,43000,46000,53000,56000,56000,38669,24002,2100,12482.787664951271,9.802600019611418,56228.815999988,1874.3791667744188
1791076545,1000,,Aggregated,70.000000,48.700000,2100,16000,26000,30000,31000,34000,43000,46000,53000,56000,56000,38732,24051,2100,12477.868422170326,9.802600019611418,56228.815999988,1873.431245481772
1791076546,1000,,Aggregated,71.300000,48.500000,2100,16000,26000,30000,31000,34000,43000,46000,53000,56000,56000,38788,24093,2100,12476.35560321493,9.802600019611418,56228.815999988,1872.7323656801073
1791076547,1000,,Aggregated,68.400000,45.600000,2100,16000,26000,30000,31000,34000,43000,46000,53000,56000,56000,38836,24130,2100,12475.761408005472,9.802600019611418,56228.815999988,1872.0612833453497
1791076548,1000,,Aggregated,64.900000,44.300000,2100,16000,26000,30000,31000,34000,43000,47000,53000,56000,56000,38888,24166,2100,12480.920722305094,9.802600019611418,56228.815999988,1871.5196975930878
1791076549,1000,,Aggregated,64.000000,44.400000,2100,16000,26000,30000,31000,34000,43000,47000,53000,56000,56000,38954,24223,2100,12478.851285554781,9.802600019611418,56228.815999988,1869.3105714432406
1791076550,1000,,Aggregated,60.100000,41.200000,2100,16000,26000,30000,31000,34000,43000,47000,53000,56000,56000,39021,24278,2100,12480.043135537302,9.802600019611418,56228.815999988,1867.5825581097358
1791076551,1000,,Aggregated,59.600000,41.800000,2100,16000,26000,30000,31000,34000,43000,47000,53000,56000,56000,39066,24308,2100,12484.560065755424,9.802600019611418,56228.815999988,1867.2495008447243
1791076552,1000,,Aggregated,58.700000,41.800000,2100,16000,26000,30000,31000,34000,43000,47000,53000,56000,56000,39119,24347,2100,12484.210926818208,9.802600019611418,56228.815999988,1866.555561236228
1791076553,1000,,Aggregated,58.000000,42.100000,2100,16000,26000,30000,31000,34000,43000,47000,53000,56000,56000,39184,24405,2100,12479.721032250443,9.802600019611418,56228.815999988,1864.2488260514497
1791076554,1000,,Aggregated,55.100000,40.500000,2100,16000,26000,30000,31000,34000,43000,47000,53000,56000,56000,39261,24473,2100,12479.209348625898,9.802600019611418,56228.815999988,1861.6565548508697
1791076555,1000,,Aggregated,56.100000,43.400000,2100,16000,26000,30000,31000,34000,43000,47000,53000,56000,56000,39348,24539,2100,12493.045902978576,9.802600019611418,56228.815999988,1859.8778591033852
1791076556,1000,,Aggregated,57.400000,45.500000,2100,16000,26000,30000,31000,34000,43000,47000,53000,56000,56000,39396,24574,2100,12496.542150764071,9.802600019611418,56228.815999988,1859.145217788608
1791076557,1000,,Aggregated,59.800000,47.700000,2100,16000,26000,30000,31000,34000,43000,47000,53000,56000,56000,39458,24624,2100,12492.316510641725,9.802600019611418,56228.815999988,1857.6189619342085
1791076558,1000,,Aggregated,59.100000,46.500000,2100,16000,26000,30000,31000,34000,43000,47000,53000,56000,56000,39553,24705,2100,12494.381654787265,9.802600019611418,56228.815999988,1855.1157434328622
1791076559,1000,,Aggregated,59.700000,47.000000,2100,16000,26000,30000,31000,34000,43000,47000,53000,56000,56000,39639,24777,2100,12491.707584043503,9.802600019611418,56228.815999988,1852.9417240596383
1791076560,1000,,Aggregated,63.100000,50.500000,2100,16000,26000,30000,31000,34000,43000,47000,53000,56000,56000,39693,24813,2100,12492.622915141214,9.802600019611418,56228.815999988,1852.619303151689
1791076561,1000,,Aggregated,67.400000,54.500000,2100,16000,26000,30000,31000,34000,43000,47000,53000,56000,56000,39758,24860,2100,12492.695265697468,9.802600019611418,56228.815999988,1851.5050807384678
1791076562,1000,,Aggregated,67.300000,53.800000,2100,16000,26000,30000,31000,34000,43000,47000,53000,56000,56000,39854,24941,2100,12487.00687455964,9.802600019611418,56228.815999988,1848.8411200883224
1791076563,1000,,Aggregated,68.100000,54.800000,2100,16000,26000,30000,31000,34000,43000,47000,53000,56000,56000,39938,25012,2100,12480.80134978467,9.802600019611418,56228.815999988,1846.6064900595923
1791076564,1000,,Aggregated,70.300000,56.600000,2100,16000,26000,30000,31000,34000,43000,47000,53000,55000,56000,40013,25072,2100,12474.994766430917,9.802600019611418,56228.815999988,1845.1075650413616
1791076565,1000,,Aggregated,73.200000,59.000000,2100,16000,26000,30000,31000,34000,43000,47000,53000,55000,56000,40085,25126,2100,12479.3994317675,9.802600019611418,56228.815999988,1844.2800798303606
1791076566,1000,,Aggregated,74.200000,59.200000,2100,16000,26000,30000,31000,34000,43000,47000,53000,55000,56000,40164,25184,2100,12477.284749043925,9.802600019611418,56228.815999988,1843.4543372174087
1791076567,1000,,Aggregated,73.200000,57.900000,2100,16000,26000,30000,31000,34000,43000,47000,53000,55000,56000,40259,25255,2100,12471.285979236938,9.802600019611418,56228.815999988,1841.9535507588366
1791076568,1000,,Aggregated,74.500000,59.600000,2100,16000,26000,30000,31000,34000,43000,47000,53000,55000,56000,40337,25318,2100,12474.714164985002,9.802600019611418,56228.815999988,1839.9909264447033
1791076569,1000,,Aggregated,78.300000,62.400000,2100,16000,26000,30000,31000,34000,43000,47000,53000,55000,56000,40396,25366,2100,12474.502384939107,9.802600019611418,56228.815999988,1838.7272502227943
1791076570,1000,,Aggregated,78.800000,61.600000,2100,16000,26000,30000,31000,34000,43000,47000,53000,55000,56000,40511,25466,2100,12473.827096593512,9.802600019611418,56228.815999988,1834.9154797462418
1791076571,1000,,Aggregated,75.400000,58.200000,2100,16000,26000,30000,31000,34000,43000,47000,53000,55000,56000,40592,25519,2100,12475.879339180115,9.802600019611418,56228.815999988,1834.8388352384707
1791076572,1000,,Aggregated,74.700000,59.000000,2100,16000,26000,30000,31000,34000,43000,47000,53000,55000,56000,40656,25569,2100,12475.504795513572,9.802600019611418,56228.815999988,1833.8799685163322
1791076573,1000,,Aggregated,80.600000,63.400000,2100,16000,26000,30000,31000,34000,43000,47000,53000,55000,56000,40730,25633,2100,12472.065336083964,9.802600019611418,56228.815999988,1831.7424748342744
1791076574,1000,,Aggregated,80.300000,63.500000,2100,16000,26000,30000,31000,34000,43000,47000,53000,55000,56000,40830,25725,2100,12466.189764151362,9.802600019611418,56228.815999988,1828.2825373499877
1791076575,1000,,Aggregated,76.800000,59.800000,2100,16000,26000,30000,31000,34000,43000,47000,53000,55000,56000,40933,25800,2100,12469.71233364279,9.802600019611418,56228.815999988,1826.8040212053845
1791076576,1000,,Aggregated,77.300000,61.000000,2100,16000,26000,30000,31000,34000,43000,47000,53000,55000,56000,41008,25853,2100,12468.364342908702,9.802600019611418,56228.815999988,1826.1631876706983
1791076577,1000,,Aggregated,81.900000,66.000000,2100,16000,26000,30000,31000,34000,43000,47000,53000,55000,56000,41066,25906,2100,12461.406554361267,9.802600019611418,56228.815999988,1824.0424438708421
1791076578,1000,,Aggregated,82.700000,65.500000,2100,16000,26000,30000,31000,34000,43000,47000,53000,55000,56000,41176,26008,2100,12443.80371676947,9.802600019611418,56228.815999988,1820.113027006023
1791076579,1000,,Aggregated,80.400000,63.700000,2100,16000,26000,30000,31000,34000,43000,47000,53000,55000,56000,41279,26105,2100,12436.252797327936,9.802600019611418,56228.815999988,1816.2994258581846
1791076580,1000,,Aggregated,79.500000,64.800000,2100,16000,26000,30000,31000,34000,43000,47000,53000,55000,56000,41363,26162,2100,12443.04500474821,9.802600019611418,56228.815999988,1815.5431424219714
1791076581,1000,,Aggregated,82.200000,68.300000,2100,16000,26000,30000,31000,34000,43000,47000,53000,55000,56000,41432,26210,2100,12440.129572518834,9.802600019611418,56228.815999988,1815.1332062174165
1791076583,1000,,Aggregated,82.700000,68.800000,2100,16000,26000,30000,31000,34000,43000,47000,53000,55000,56000,41587,26345,2100,12417.003900156291,9.802600019611418,56228.815999988,1810.7033688412243
1791076584,1000,,Aggregated,82.100000,67.400000,2100,16000,26000,30000,31000,34000,43000,47000,53000,55000,56000,41654,26397,2100,12415.171324703497,9.802600019611418,56228.815999988,1809.5468142315265
1791076585,1000,,Aggregated,87.400000,72.900000,2100,16000,26000,30000,31000,34000,43000,47000,53000,55000,56000,41741,26457,2100,12414.423702302282,9.802600019611418,56228.815999988,1808.6318248245132
1791076586,1000,,Aggregated,88.700000,73.600000,2100,16000,26000,30000,31000,34000,43000,47000,53000,55000,56000,41825,26515,2100,12411.582070962328,9.802600019611418,56228.815999988,1807.9806096832037
1791076587,1000,,Aggregated,84.300000,68.300000,2100,16000,26000,30000,31000,34000,43000,47000,53000,55000,56000,41912,26580,2100,12402.958187115848,9.802600019611418,56228.815999988,1807.1278392823058
1791076588,1000,,Aggregated,84.800000,69.000000,2100,16000,26000,30000,31000,34000,43000,47000,53000,55000,56000,41986,26639,2100,12401.396856309231,9.802600019611418,56228.815999988,1805.813628352308
1791076589,1000,,Aggregated,86.400000,69.800000,2100,16000,26000,30000,31000,34000,43000,47000,53000,55000,56000,42065,26701,2100,12399.19288109116,9.802600019611418,56228.815999988,1804.6179008677047
1791076590,1000,,Aggregated,86.200000,68.300000,2100,16000,26000,30000,31000,34000,43000,47000,53000,55000,56000,42173,26777,2100,12389.745233587833,9.802600019611418,56228.815999988,1803.9292201171365
1791076591,1000,,Aggregated,84.100000,65.300000,2100,16000,26000,30000,31000,34000,43000,47000,53000,55000,56000,42246,26820,2100,12387.868482369931,9.802600019611418,56228.815999988,1804.4400416607489
1791076592,1000,,Aggregated,82.800000,62.600000,2100,16000,26000,30000,31000,34000,43000,47000,53000,55000,56000,42303,26863,2100,12389.304819521081,9.802600019611418,56228.815999988,1803.7517433751743
1791076593,1000,,Aggregated,83.800000,63.300000,2100,16000,26000,30000,31000,34000,43000,47000,53000,55000,56000,42393,26942,2100,12381.639411466516,9.802600019611418,56228.815999988,1801.3990989078386
1791076594,1000,,Aggregated,84.500000,63.100000,2100,16000,26000,30000,31000,34000,43000,47000,53000,55000,56000,42459,26993,2100,12381.347534819479,9.802600019611418,56228.815999988,1800.198120539815
1791076595,1000,,Aggregated,80.300000,59.000000,2100,16000,26000,30000,31000,34000,43000,47000,53000,55000,56000,42526,27044,2100,12380.776839853275,9.802600019611418,56228.815999988,1799.1573860696985
1791076596,1000,,Aggregated,78.900000,57.900000,2100,16000,26000,30000,31000,34000,43000,47000,53000,55000,56000,42603,27094,2100,12376.779911391219,9.802600019611418,56228.815999988,1799.222613430979
1791076597,1000,,Aggregated,77.800000,57.500000,2100,16000,26000,30000,31000,34000,43000,47000,53000,55000,56000,42683,27156,2100,12372.037975114212,9.802600019611418,56228.815999988,1797.9436075252443
1791076598,1000,,Aggregated,76.200000,56.600000,2100,16000,26000,30000,31000,34000,43000,47000,53000,55000,56000,42757,27202,2100,12366.320947592198,9.802600019611418,56228.815999988,1798.0792852632317
1791076599,1000,,Aggregated,76.700000,57.400000,2100,16000,26000,30000,31000,34000,43000,47000,53000,55000,56000,42817,27249,2100,12365.302457453805,9.802600019611418,56228.815999988,1797.0993530607002
1791076600,1000,,Aggregated,76.500000,56.200000,2100,16000,26000,30000,31000,34000,43000,47000,53000,55000,56000,42895,27312,2100,12362.783136325903,9.802600019611418,56228.815999988,1795.180393985313
1791076601,1000,,Aggregated,75.100000,54.800000,2100,16000,26000,30000,31000,34000,43000,47000,53000,55000,56000,42963,27365,2100,12362.157323881003,9.802600019611418,56228.815999988,1794.3347764355376
1791076602,1000,,Aggregated,71.100000,52.200000,2100,16000,26000,30000,31000,34000,43000,47000,53000,55000,56000,43027,27409,2100,12359.402144853218,9.802600019611418,56228.815999988,1793.9448950658889
1791076603,1000,,Aggregated,71.400000,53.300000,2100,16000,26000,30000,31000,34000,43000,47000,53000,55000,56000,43098,27465,2100,12355.19079177687,9.802600019611418,56228.815999988,1792.9196018376722
1791076604,1000,,Aggregated,70.100000,53.300000,2100,16000,26000,30000,31000,34000,43000,47000,53000,55000,56000,43163,27518,2100,12352.707494780236,9.802600019611418,56228.815999988,1791.5233417510367
1791076605,1000,,Aggregated,71.500000,53.800000,2100,16000,26000,30000,31000,34000,43000,47000,53000,55000,56000,43225,27568,2100,12346.757906049721,9.802600019611418,56228.815999988,1790.172886061307
1791076606,1000,,Aggregated,67.700000,50.200000,2100,16000,26000,30000,31000,34000,44000,47000,53000,55000,56000,43294,27622,2100,12343.245132674248,9.802600019611418,56228.815999988,1789.033145470504
1791076607,1000,,Aggregated,68.300000,50.800000,2100,16000,26000,30000,31000,34000,44000,47000,53000,55000,56000,43380,27684,2100,12345.452878427825,9.802600019611418,56228.815999988,1788.2653526970955
1791076608,1000,,Aggregated,68.500000,51.800000,2100,16000,26000,30000,31000,34000,44000,47000,53000,55000,56000,43448,27735,2100,12341.565189246887,9.802600019611418,56228.815999988,1787.1454842570429
1791076609,1000,,Aggregated,66.800000,50.400000,2100,16000,26000,30000,31000,34000,44000,47000,53000,55000,56000,43503,27787,2100,12338.02965892694,9.802600019611418,56228.815999988,1785.1746776084408
1791076610,1000,,Aggregated,67.200000,51.700000,2100,16000,26000,30000,31000,34000,44000,47000,53000,55000,56000,43561,27833,2100,12339.628150262823,9.802600019611418,56228.815999988,1784.164367209201
1791076611,1000,,Aggregated,66.800000,51.400000,2100,16000,26000,30000,31000,34000,44000,47000,53000,55000,56000,43646,27902,2100,12334.65733668604,9.802600019611418,56228.815999988,1782.7725564771113
1791076612,1000,,Aggregated,67.000000,52.400000,2100,16000,26000,30000,31000,34000,44000,47000,53000,55000,56000,43718,27952,2100,12332.398157164072,9.802600019611418,56228.815999988,1782.1690150510087
1791076613,1000,,Aggregated,64.800000,50.700000,2100,16000,26000,30000,31000,34000,44000,47000,53000,55000,56000,43768,27988,2100,12332.070379553523,9.802600019611418,56228.815999988,1781.88900566624
1791076614,1000,,Aggregated,67.100000,53.100000,2100,16000,26000,30000,31000,34000,44000,47000,53000,55000,56000,43826,28040,2100,12330.859301120308,9.802600019611418,56228.815999988,1780.14302012504
1791076615,1000,,Aggregated,66.200000,51.900000,2100,16000,26000,30000,31000,34000,44000,47000,53000,55000,56000,43897,28104,2100,12325.632313634154,9.802600019611418,56228.815999988,1777.7973665626353
1791076617,1000,,Aggregated,64.800000,51.200000,2100,16000,26000,30000,31000,34000,44000,47000,53000,55000,56000,43993,28186,2100,12325.910416159353,9.802600019611418,56228.815999988,1775.4907598936195
1791076618,1000,,Aggregated,65.300000,52.300000,2100,16000,26000,30000,31000,34000,44000,47000,53000,55000,56000,44069,28248,2100,12329.5534047879,9.802600019611418,56228.815999988,1774.1349928521183
1791076619,1000,,Aggregated,67.200000,54.800000,2100,16000,26000,30000,31000,34000,44000,47000,53000,55000,56000,44145,28300,2100,12335.502623463552,9.802600019611418,56228.815999988,1773.3677200135917
1791076620,1000,,Aggregated,67.600000,55.200000,2100,16000,26000,30000,31000,34000,44000,47000,53000,55000,56000,44236,28368,2100,12338.985892178285,9.802600019611418,56228.815999988,1772.5868071254183
1791076621,1000,,Aggregated,69.500000,56.300000,2100,16000,26000,30000,31000,34000,44000,47000,53000,55000,56000,44330,28435,2100,12337.480894890554,9.802600019611418,56228.815999988,1771.9840514324385
1791076622,1000,,Aggregated,71.200000,56.200000,2100,16000,26000,30000,31000,34000,44000,47000,53000,55000,56000,44389,28491,2100,12333.52003495455,9.802600019611418,56228.815999988,1769.7951294239565
1791076623,1000,,Aggregated,74.900000,58.600000,2100,16000,26000,30000,31000,34000,44000,47000,53000,55000,56000,44451,28541,2100,12338.68879017338,9.802600019611418,56228.815999988,1768.3832984634766
1791076624,1000,,Aggregated,73.500000,58.100000,2100,16000,26000,30000,31000,34000,44000,47000,53000,55000,56000,44567,28643,2100,12336.315251226164,9.802600019611418,56228.815999988,1765.6558440101421
1791076625,1000,,Aggregated,72.300000,57.900000,2100,16000,26000,30000,31000,34000,44000,47000,53000,55000,56000,44666,28731,2100,12332.765971441286,9.802600019611418,56228.815999988,1762.966417409215
1791076626,1000,,Aggregated,76.500000,62.400000,2100,16000,26000,30000,31000,34000,44000,47000,53000,55000,56000,44755,28805,2100,12329.233277711906,9.802600019611418,56228.815999988,1761.1028711875767
1791076627,1000,,Aggregated,81.500000,67.200000,2100,16000,26000,30000,31000,34000,44000,47000,53000,55000,56000,44833,28865,2100,12328.339979062219,9.802600019611418,56228.815999988,1760.1539267949947
1791076628,1000,,Aggregated,84.200000,68.900000,2100,16000,26000,30000,31000,34000,44000,47000,53000,55000,56000,44922,28939,2100,12326.393795000151,9.802600019611418,56228.815999988,1757.9840612617427
1791076629,1000,,Aggregated,82.400000,66.500000,2100,16000,26000,30000,31000,34000,44000,47000,53000,55000,56000,45048,29038,2100,12325.061069907586,9.802600019611418,56228.815999988,1755.7484904990233
1791076630,1000,,Aggregated,82.300000,66.600000,2100,16000,26000,30000,31000,34000,44000,47000,53000,55000,56000,45131,29090,2100,12324.471919764635,9.802600019611418,56228.815999988,1755.8240677139881
1791076631,1000,,Aggregated,82.000000,67.500000,2100,16000,26000,30000,31000,34000,44000,47000,53000,55000,56000,45208,29157,2100,12320.884742127451,9.802600019611418,56228.815999988,1753.9048840913113
1791076632,1000,,Aggregated,88.500000,71.400000,2100,16000,26000,30000,31000,34000,44000,47000,53000,55000,56000,45304,29237,2100,12312.190548366545,9.802600019611418,56228.815999988,1751.856833833657
1791076633,1000,,Aggregated,83.100000,67.800000,2100,16000,26000,30000,31000,34000,44000,47000,53000,55000,56000,45395,29319,2100,12304.515460187184,9.802600019611418,56228.815999988,1749.3785218636415
1791076634,1000,,Aggregated,88.100000,72.000000,2100,16000,26000,30000,31000,34000,44000,47000,53000,55000,56000,45476,29382,2100,12300.586875052717,9.802600019611418,56228.815999988,1748.1310801301786
1791076635,1000,,Aggregated,91.900000,75.700000,2100,16000,26000,30000,31000,34000,44000,47000,53000,55000,56000,45553,29436,2100,12301.40459620436,9.802600019611418,56228.815999988,1747.7701578381227
1791076636,1000,,Aggregated,90.200000,73.600000,2100,16000,26000,30000,31000,34000,44000,47000,53000,55000,56000,45664,29525,2100,12292.199933739863,9.802600019611418,56228.815999988,1745.6893395234758
1791076637,1000,,Aggregated,87.200000,69.600000,2100,16000,26000,30000,31000,34000,44000,47000,53000,55000,56000,45767,29603,2100,12286.869986278261,9.802600019611418,56228.815999988,1744.6951952280026
1791076638,1000,,Aggregated,86.800000,67.800000,2100,16000,26000,30000,31000,35000,44000,47000,53000,55000,56000,45829,29650,2100,12283.482804957484,9.802600019611418,56228.815999988,1743.9732702000917
1791076639,1000,,Aggregated,90.800000,72.200000,2100,16000,26000,30000,31000,35000,44000,47000,53000,55000,56000,45918,29708,2100,12281.95064775898,9.802600019611418,56228.815999988,1743.59630210375
1791076640,1000,,Aggregated,91.800000,71.900000,2100,16000,26000,30000,31000,35000,44000,47000,53000,55000,56000,46034,29784,2100,12278.37986342261,9.802600019611418,56228.815999988,1743.75079289221
1791076641,1000,,Aggregated,90.500000,70.600000,2100,16000,26000,30000,31000,34000,44000,47000,53000,55000,56000,46113,29846,2100,12274.401327929148,9.802600019611418,56228.815999988,1742.686682714202
1791076642,1000,,Aggregated,86.900000,66.800000,2100,16000,26000,30000,31000,34000,44000,47000,53000,55000,56000,46176,29894,2100,12269.711294146253,9.802600019611418,56228.815999988,1741.5980162855162
1791076643,1000,,Aggregated,91.800000,70.700000,2100,16000,26000,30000,31000,35000,44000,47000,53000,55000,56000,46258,29941,2100,12265.560666291172,9.802600019611418,56228.815999988,1741.6374464957412
1791076644,1000,,Aggregated,88.000000,66.500000,2100,16000,26000,30000,31000,35000,44000,47000,53000,55000,56000,46325,29992,2100,12263.936368351799,9.802600019611418,56228.815999988,1741.0038640043174
1791076645,1000,,Aggregated,85.100000,61.900000,2100,16000,26000,30000,31000,35000,44000,47000,53000,55000,56000,46386,30038,2100,12258.018294983334,9.802600019611418,56228.815999988,1740.1957487172854
1791076646,1000,,Aggregated,84.300000,60.600000,2100,16000,26000,30000,31000,34000,44000,47000,53000,55000,56000,46466,30101,2100,12252.770509327182,9.802600019611418,56228.815999988,1739.178711315801
1791076647,1000,,Aggregated,84.300000,60.200000,2100,16000,26000,30000,31000,34000,44000,47000,53000,55000,56000,46526,30143,2100,12251.17231517854,9.802600019611418,56228.815999988,1738.82422731376
1791076648,1000,,Aggregated,82.000000,60.300000,2100,16000,26000,30000,31000,34000,44000,47000,53000,55000,56000,46608,30206,2100,12247.12372480682,9.802600019611418,56228.815999988,1737.714555441126
1791076649,1000,,Aggregated,76.400000,54.400000,2100,16000,26000,30000,31000,35000,44000,47000,53000,55000,56000,46676,30250,2100,12244.832699275792,9.802600019611418,56228.815999988,1737.467520781558
1791076650,1000,,Aggregated,73.700000,53.100000,2100,16000,26000,30000,31000,35000,44000,47000,53000,55000,56000,46739,30297,2100,12246.858203403946,9.802600019611418,56228.815999988,1736.9090695136824
1791076651,1000,,Aggregated,75.900000,53.800000,2100,16000,26000,30000,31000,35000,44000,47000,53000,55000,56000,46819,30357,2100,12245.887203432312,9.802600019611418,56228.815999988,1735.8924154723509
1791076652,1000,,Aggregated,70.800000,51.900000,2100,16000,26000,30000,31000,35000,44000,47000,53000,55000,56000,46874,30397,2100,12243.600352075722,9.802600019611418,56228.815999988,1735.4154115287793
1791076653,1000,,Aggregated,68.500000,49.600000,2100,16000,26000,30000,31000,35000,44000,47000,53000,55000,56000,46932,30442,2100,12241.512158444082,9.802600019611418,56228.815999988,1734.7622943833633
1791076654,1000,,Aggregated,68.200000,48.900000,2100,16000,26000,30000,31000,35000,44000,47000,53000,55000,56000,47017,30510,2100,12240.86569188161,9.802600019611418,56228.815999988,1733.5147287151456
1791076655,1000,,Aggregated,66.200000,48.900000,2100,16000,26000,30000,31000,35000,44000,47000,53000,55000,56000,47096,30571,2100,12236.906982866869,9.802600019611418,56228.815999988,1732.3671861729233
1791076656,1000,,Aggregated,66.100000,49.300000,2100,16000,26000,30000,31000,35000,44000,48000,53000,55000,56000,47145,30602,2100,12236.709957832181,9.802600019611418,56228.815999988,1732.4609608654152
1791076657,1000,,Aggregated,67.300000,51.000000,2100,16000,26000,30000,31000,35000,44000,48000,53000,55000,56000,47211,30645,2100,12238.372033102418,9.802600019611418,56228.815999988,1732.5963228908518
1791076658,1000,,Aggregated,67.500000,49.800000,2100,16000,26000,30000,31000,35000,44000,48000,53000,55000,56000,47274,30702,2100,12236.258458038206,9.802600019611418,56228.815999988,1730.980179379786
1791076660,1000,,Aggregated,67.200000,48.500000,2100,16000,26000,30000,31000,35000,44000,48000,53000,55000,56000,47367,30776,2100,12236.131639041925,9.802600019611418,56228.815999988,1729.5420862625879
1791076661,1000,,Aggregated,67.200000,48.500000,2100,16000,26000,30000,31000,35000,44000,48000,53000,55000,56000,47399,30800,2100,12236.512068617454,9.802600019611418,56228.815999988,1729.3553450494737
1791076662,1000,,Aggregated,65.000000,48.800000,2100,16000,26000,30000,31000,35000,44000,48000,53000,55000,56000,47456,30849,2100,12237.958220520028,9.802600019611418,56228.815999988,1728.2272842211732
1791076663,1000,,Aggregated,64.400000,49.000000,2100,16000,26000,30000,31000,35000,44000,48000,53000,55000,56000,47544,30925,2100,12233.171198403561,9.802600019611418,56228.815999988,1726.4198637051993
1791076664,1000,,Aggregated,62.900000,48.900000,2100,16000,26000,30000,31000,35000,44000,48000,53000,55000,56000,47630,30994,2100,12232.711174900254,9.802600019611418,56228.815999988,1724.8568549233676
1791076665,1000,,Aggregated,66.400000,52.200000,2100,16000,26000,30000,31000,35000,44000,48000,53000,55000,56000,47679,31021,2100,12233.700312754036,9.802600019611418,56228.815999988,1725.635940351098
1791076666,1000,,Aggregated,67.900000,53.700000,2100,16000,26000,30000,31000,35000,44000,48000,53000,55000,56000,47751,31065,2100,12241.049748495318,9.802600019611418,56228.815999988,1725.9885028585788
1791076667,1000,,Aggregated,64.200000,49.300000,2100,16000,26000,30000,31000,35000,44000,48000,53000,55000,56000,47833,31129,2100,12237.51336617608,9.802600019611418,56228.815999988,1725.0652896535864
1791076668,1000,,Aggregated,64.300000,48.900000,2100,16000,26000,30000,31000,35000,44000,48000,53000,55000,56000,47889,31176,2100,12231.42414748272,9.802600019611418,56228.815999988,1724.081688905594
1791076669,1000,,Aggregated,66.900000,51.500000,2100,16000,26000,30000,31000,35000,44000,48000,53000,55000,56000,47954,31219,2100,12237.633956710573,9.802600019611418,56228.815999988,1724.106393627226
1791076670,1000,,Aggregated,66.800000,52.500000,2100,16000,26000,30000,31000,35000,44000,48000,53000,55000,56000,48021,31277,2100,12238.979453241272,9.802600019611418,56228.815999988,1722.7043168613732
1791076671,1000,,Aggregated,67.000000,51.000000,2100,16000,26000,30000,31000,35000,44000,48000,53000,55000,56000,48098,31344,2100,12235.142987101328,9.802600019611418,56228.815999988,1720.9525551998004
1791076672,1000,,Aggregated,63.900000,48.500000,2100,16000,26000,30000,31000,35000,44000,48000,53000,55000,56000,48172,31404,2100,12234.439815060607,9.802600019611418,56228.815999988,1719.8118409034294
1791076673,1000,,Aggregated,69.100000,53.600000,2100,16000,26000,30000,31000,35000,44000,48000,53000,55000,56000,48251,31462,2100,12244.107745451907,9.802600019611418,56228.815999988,1719.0812418395474
1791076674,1000,,Aggregated,70.900000,55.100000,2100,16000,26000,30000,31000,35000,44000,48000,53000,55000,56000,48300,31495,2100,12246.895568784677,9.802600019611418,56228.815999988,1718.9403519668738
1791076675,1000,,Aggregated,68.700000,52.500000,2100,16000,26000,30000,31000,35000,44000,48000,53000,55000,56000,48396,31576,2100,12240.124809145384,9.802600019611418,56228.815999988,1716.8408959418134
1791076676,1000,,Aggregated,66.200000,49.600000,2100,16000,26000,30000,31000,35000,44000,48000,53000,55000,56000,48471,31647,2100,12233.691156871115,9.802600019611418,56228.815999988,1714.570506075798
1791076677,1000,,Aggregated,69.800000,54.100000,2100,16000,26000,30000,31000,35000,44000,48000,53000,55000,56000,48571,31730,2100,12239.267550711333,9.802600019611418,56228.815999988,1712.6225113751004
1791076678,1000,,Aggregated,70.600000,56.600000,2100,16000,26000,30000,31000,35000,44000,48000,53000,55000,56000,48642,31776,2100,12241.704311979378,9.802600019611418,56228.815999988,1712.877143209572
1791076679,1000,,Aggregated,72.400000,59.100000,2100,16000,26000,30000,31000,35000,44000,48000,53000,55000,56000,48708,31826,2100,12239.088997542525,9.802600019611418,56228.815999988,1712.4075305904573
1791076680,1000,,Aggregated,72.700000,58.500000,2100,16000,26000,30000,31000,35000,44000,48000,53000,55000,56000,48807,31906,2100,12232.15343670378,9.802600019611418,56228.815999988,1710.7817526174524
1791076681,1000,,Aggregated,73.100000,59.000000,2100,16000,26000,30000,31000,35000,44000,48000,53000,55000,56000,48882,31967,2100,12227.636152139874,9.802600019611418,56228.815999988,1709.4237960803569
1791076682,1000,,Aggregated,76.600000,62.100000,2100,16000,26000,30000,31000,35000,44000,48000,53000,55000,56000,48937,32009,2100,12229.299475999782,9.802600019611418,56228.815999988,1708.8433496127675
1791076683,1000,,Aggregated,75.900000,59.900000,2100,16000,26000,30000,31000,35000,44000,48000,53000,55000,56000,49037,32095,2100,12221.646043283661,9.802600019611418,56228.815999988,1706.908232559088
1791076684,1000,,Aggregated,74.600000,59.000000,2100,16000,26000,30000,31000,35000,44000,48000,53000,55000,56000,49116,32164,2100,12213.899623810985,9.802600019611418,56228.815999988,1705.2437087710725
1791076685,1000,,Aggregated,76.100000,60.800000,2100,16000,26000,30000,31000,35000,44000,48000,53000,55000,56000,49172,32216,2100,12212.804008948186,9.802600019611418,56228.815999988,1703.7206133571951
1791076686,1000,,Aggregated,79.800000,65.000000,2100,16000,26000,30000,31000,35000,45000,48000,53000,55000,56000,49248,32280,2100,12214.681597711597,9.802600019611418,56228.815999988,1702.3687865497077
1791076687,1000,,Aggregated,77.600000,63.500000,2100,16000,26000,30000,31000,35000,45000,48000,53000,55000,56000,49350,32366,2100,12209.81404416617,9.802600019611418,56228.815999988,1700.2937183383992
1791076688,1000,,Aggregated,74.800000,61.000000,2100,16000,26000,30000,31000,35000,45000,48000,53000,55000,56000,49447,32450,2100,12208.561279021982,9.802600019611418,56228.815999988,1698.3106356300686
1791076689,1000,,Aggregated,74.700000,60.800000,2100,16000,26000,30000,31000,35000,45000,48000,53000,55000,56000,49518,32510,2100,12205.688379512512,9.802600019611418,56228.815999988,1696.7733147542308
1791076690,1000,,Aggregated,78.000000,64.700000,2100,16000,26000,30000,31000,35000,45000,48000,53000,55000,56000,49597,32580,2100,12203.761043163904,9.802600019611418,56228.815999988,1694.974615400125
1791076691,1000,,Aggregated,79.400000,66.500000,2100,16000,26000,30000,31000,35000,45000,48000,53000,55000,56000,49706,32665,2100,12205.519436033874,9.802600019611418,56228.815999988,1693.8894700840945
1791076692,1000,,Aggregated,77.100000,65.000000,2100,16000,26000,30000,31000,35000,45000,48000,53000,55000,56000,49805,32736,2100,12199.843123563907,9.802600019611418,56228.815999988,1693.2980423652243
1791076693,1000,,Aggregated,79.000000,68.000000,2100,16000,26000,30000,31000,35000,45000,48000,53000,55000,56000,49891,32797,2100,12199.938734286765,9.802600019611418,56228.815999988,1692.773025194925
1791076694,1000,,Aggregated,82.700000,69.600000,2100,16000,26000,30000,31000,35000,45000,48000,53000,55000,56000,49973,32855,2100,12196.586959207978,9.802600019611418,56228.815999988,1692.2832329457908
1791076695,1000,,Aggregated,84.200000,69.800000,2100,16000,26000,30000,31000,35000,45000,48000,53000,55000,56000,50071,32938,2100,12188.784485167062,9.802600019611418,56228.815999988,1690.5693115775598
1791076696,1000,,Aggregated,83.100000,67.900000,2100,16000,26000,30000,31000,35000,45000,48000,53000,55000,56000,50147,32999,2100,12187.633283059791,9.802600019611418,56228.815999988,1689.3160308692445
1791076697,1000,,Aggregated,85.200000,68.900000,2100,16000,26000,30000,31000,35000,45000,48000,53000,55000,56000,50221,33061,2100,12184.804605712758,9.802600019611418,56228.815999988,1687.8576691025667
1791076698,1000,,Aggregated,89.200000,72.000000,2100,16000,26000,30000,31000,35000,45000,48000,53000,55000,56000,50312,33142,2100,12178.219861353175,9.802600019611418,56228.815999988,1685.51079265384
1791076699,1000,,Aggregated,86.100000,68.800000,2100,16000,26000,30000,31000,35000,45000,48000,53000,55000,56000,50416,33235,2100,12175.340849381175,9.802600019611418,56228.815999988,1682.9240717232624
1791076700,1000,,Aggregated,84.300000,66.900000,2100,16000,26000,30000,31000,35000,45000,48000,53000,55000,56000,50479,33283,2100,12173.687479934242,9.802600019611418,56228.815999988,1682.2143861803918
1791076701,1000,,Aggregated,84.500000,67.700000,2100,16000,26000,30000,31000,35000,45000,48000,53000,55000,56000,50563,33354,2100,12171.52332471176,9.802600019611418,56228.815999988,1680.7762790973636
1791076703,1000,,Aggregated,87.800000,70.500000,2100,16000,26000,30000,31000,35000,45000,48000,53000,55000,56000,50656,33428,2100,12167.941578636297,9.802600019611418,56228.815999988,1679.6996407138345
1791076704,1000,,Aggregated,82.500000,66.800000,2100,16000,26000,30000,31000,35000,45000,48000,53000,55000,56000,50770,33514,2100,12163.485378737447,9.802600019611418,56228.815999988,1678.6920819381523
1791076705,1000,,Aggregated,82.600000,67.600000,2100,16000,26000,30000,31000,35000,45000,48000,53000,55000,56000,50849,33569,2100,12157.53626310449,9.802600019611418,56228.815999988,1678.4732639776594
1791076706,1000,,Aggregated,85.200000,69.900000,2100,16000,26000,30000,31000,35000,45000,48000,53000,55000,56000,50920,33624,2100,12154.98211744305,9.802600019611418,56228.815999988,1677.6465632364493
1791076707,1000,,Aggregated,84.900000,68.900000,2100,16000,26000,30000,31000,35000,45000,48000,53000,55000,56000,51020,33709,2100,12150.506574588388,9.802600019611418,56228.815999988,1675.6118972951783
1791076708,1000,,Aggregated,82.000000,65.800000,2100,15000,26000,30000,31000,35000,45000,48000,53000,55000,56000,51099,33774,2100,12142.592681134658,9.802600019611418,56228.815999988,1674.3658780015264
1791076709,1000,,Aggregated,84.100000,67.900000,2100,15000,26000,30000,31000,35000,45000,48000,53000,55000,56000,51164,33832,2100,12140.672127527165,9.802600019611418,56228.815999988,1672.9332147603784
1791076710,1000,,Aggregated,84.900000,68.900000,2100,15000,26000,30000,31000,35000,45000,48000,53000,55000,56000,51238,33894,2100,12138.70593481986,9.802600019611418,56228.815999988,1671.7745032983332
1791076711,1000,,Aggregated,83.700000,67.700000,2100,15000,26000,30000,31000,35000,45000,48000,53000,55000,56000,51349,33973,2100,12141.04414500769,9.802600019611418,56228.815999988,1671.2231786402851
1791076712,1000,,Aggregated,81.300000,65.000000,2100,16000,26000,30000,31000,35000,45000,48000,53000,55000,56000,51459,34044,2100,12139.778628943437,9.802600019611418,56228.815999988,1671.5065003206437
1791076713,1000,,Aggregated,85.600000,68.800000,2100,16000,26000,30000,31000,35000,45000,48000,53000,55000,56000,51523,34092,2100,12142.488217615444,9.802600019611418,56228.815999988,1671.0866409176485
1791076714,1000,,Aggregated,89.200000,68.700000,2100,15000,26000,30000,31000,35000,45000,48000,53000,55000,56000,51583,34141,2100,12138.430379340096,9.802600019611418,56228.815999988,1670.1973130682588
1791076715,1000,,Aggregated,85.800000,65.700000,2100,15000,26000,30000,31000,35000,45000,48000,53000,55000,56000,51661,34204,2100,12131.061208232519,9.802600019611418,56228.815999988,1669.0651748901491
1791076716,1000,,Aggregated,80.500000,61.800000,2100,15000,26000,30000,31000,35000,45000,48000,53000,55000,56000,51757,34281,2100,12122.310031968615,9.802600019611418,56228.815999988,1667.7702532990706
1791076717,1000,,Aggregated,79.500000,61.700000,2100,15000,26000,30000,31000,35000,45000,48000,53000,55000,56000,51841,34349,2100,12117.525706726316,9.802600019611418,56228.815999988,1666.6802530815378
1791076718,1000,,Aggregated,83.000000,65.700000,2100,15000,26000,30000,31000,35000,45000,48000,53000,55000,56000,51901,34395,2100,12116.926375913745,9.802600019611418,56228.815999988,1666.1627521627715
1791076719,1000,,Aggregated,82.800000,64.800000,2100,15000,26000,30000,31000,35000,45000,48000,53000,55000,56000,51971,34448,2100,12117.759856063945,9.802600019611418,56228.815999988,1665.4336456870178
1791076720,1000,,Aggregated,80.300000,62.400000,2100,15000,26000,30000,31000,35000,45000,48000,53000,55000,56000,52096,34538,2100,12115.972387235095,9.802600019611418,56228.815999988,1665.12613252457
1791076721,1000,,Aggregated,79.700000,61.100000,2100,15000,26000,30000,31000,35000,45000,48000,53000,55000,56000,52176,34592,2100,12118.455812944634,9.802600019611418,56228.815999988,1665.0092379638147
1791076722,1000,,Aggregated,80.500000,61.800000,2100,15000,26000,30000,31000,35000,45000,48000,53000,55000,56000,52259,34634,2100,12122.176305778888,9.802600019611418,56228.815999988,1666.2749191526818
1791076723,1000,,Aggregated,80.700000,59.800000,2100,15000,26000,30000,31000,35000,45000,48000,53000,55000,56000,52328,34669,2100,12119.53360379145,9.802600019611418,56228.815999988,1667.48553355756
1791076724,1000,,Aggregated,77.300000,57.500000,2100,15000,26000,30000,31000,35000,45000,48000,53000,55000,56000,52416,34725,2100,12116.514071850175,9.802600019611418,56228.815999988,1667.6970963064714
1791076725,1000,,Aggregated,77.700000,56.600000,2100,15000,26000,30000,31000,35000,45000,48000,53000,55000,56000,52474,34774,2100,12116.153175803225,9.802600019611418,56228.815999988,1666.8007775279186
1791076726,1000,,Aggregated,80.500000,57.100000,2100,15000,26000,30000,31000,36000,45000,48000,53000,55000,56000,52534,34815,2100,12120.53082299842,9.802600019611418,56228.815999988,1666.8702935241938
1791076727,1000,,Aggregated,79.300000,55.800000,2100,15000,26000,30000,31000,36000,45000,48000,53000,55000,56000,52592,34859,2100,12122.311579502568,9.802600019611418,56228.815999988,1666.106080772741
1791076728,1000,,Aggregated,75.400000,51.500000,2100,15000,26000,30000,31000,36000,45000,48000,53000,55000,56000,52672,34915,2100,12121.178388181539,9.802600019611418,56228.815999988,1665.739083383961
1791076729,1000,,Aggregated,73.900000,50.200000,2100,15000,26000,30000,31000,36000,45000,48000,53000,55000,56000,52731,34953,2100,12120.168020014753,9.802600019611418,56228.815999988,1665.7674612656692
1791076730,1000,,Aggregated,75.200000,50.900000,2100,15000,26000,30000,31000,36000,45000,48000,53000,55000,56000,52795,34992,2100,12119.967993376224,9.802600019611418,56228.815999988,1666.416175774221
1791076731,1000,,Aggregated,75.300000,50.000000,2100,15000,26000,30000,31000,36000,45000,48000,53000,55000,56000,52852,35026,2100,12118.113722939486,9.802600019611418,56228.815999988,1666.4748164686293
1791076732,1000,,Aggregated,72.400000,46.800000,2100,15000,26000,30000,31000,36000,45000,48000,53000,55000,56000,52921,35074,2100,12118.916176500774,9.802600019611418,56228.815999988,1666.0334460800061
1791076733,1000,,Aggregated,67.200000,43.600000,2100,15000,26000,30000,31000,36000,45000,48000,53000,55000,56000,52978,35118,2100,12115.572675597372,9.802600019611418,56228.815999988,1665.5254445241421
1791076734,1000,,Aggregated,65.100000,43.100000,2100,15000,25000,30000,31000,36000,45000,48000,53000,55000,56000,53031,35156,2100,12113.37745463969,9.802600019611418,56228.815999988,1665.192114046501
1791076735,1000,,Aggregated,64.900000,43.800000,2100,15000,26000,30000,31000,36000,45000,48000,53000,55000,56000,53088,35195,2100,12116.57212836418,9.802600019611418,56228.815999988,1665.089040837854
1791076736,1000,,Aggregated,61.900000,42.900000,2100,15000,25000,30000,31000,36000,45000,48000,53000,55000,56000,53145,35228,2100,12116.749188868143,9.802600019611418,56228.815999988,1665.5117696867062
1791076737,1000,,Aggregated,61.200000,42.600000,2100,15000,25000,30000,31000,36000,45000,48000,53000,55000,56000,53216,35282,2100,12119.91339550507,9.802600019611418,56228.815999988,1664.7470873421528
1791076738,1000,,Aggregated,62.000000,42.400000,2100,15000,25000,30000,31000,36000,45000,48000,53000,55000,56000,53264,35311,2100,12119.580721183127,9.802600019611418,56228.815999988,1665.007622409132
1791076739,1000,,Aggregated,59.800000,40.500000,2100,15000,25000,30000,31000,36000,45000,48000,53000,55000,56000,53301,35343,2100,12117.054663580382,9.802600019611418,56228.815999988,1664.242471998649
1791076740,1000,,Aggregated,58.500000,39.200000,2100,15000,25000,30000,31000,36000,45000,48000,53000,55000,56000,53348,35383,2100,12112.060417674478,9.802600019611418,56228.815999988,1663.4484704206343
1791076741,1000,,Aggregated,56.800000,38.300000,2100,15000,25000,30000,31000,36000,45000,48000,53000,55000,56000,53404,35434,2100,12111.523691785223,9.802600019611418,56228.815999988,1662.208636057224
1791076742,1000,,Aggregated,54.900000,37.800000,2100,15000,25000,30000,31000,36000,45000,48000,53000,55000,56000,53510,35484,2100,12129.00799137541,9.802600019611418,56228.815999988,1664.1716127826573
1791076743,1000,,Aggregated,54.800000,38.900000,2100,15000,25000,30000,31000,36000,45000,48000,53000,55000,56000,53544,35505,2100,12132.339362449544,9.802600019611418,56228.815999988,1664.480987598984
1791076744,1000,,Aggregated,55.000000,40.200000,2100,15000,25000,30000,31000,36000,45000,48000,53000,55000,56000,53595,35545,2100,12133.574519033455,9.802600019611418,56228.815999988,1663.7059240600802
1791076745,1000,,Aggregated,57.500000,39.800000,2100,15000,25000,30000,31000,36000,45000,48000,53000,55000,56000,53669,35611,2100,12130.387033753155,9.802600019611418,56228.815999988,1662.2895898936072
1791076746,1000,,Aggregated,55.800000,37.900000,2100,15000,25000,30000,31000,36000,45000,48000,53000,55000,56000,53736,35673,2100,12131.983258859947,9.802600019611418,56228.815999988,1660.6184680661008
1791076747,1000,,Aggregated,55.900000,38.700000,2100,15000,25000,30000,31000,36000,45000,48000,53000,55000,56000,53770,35694,2100,12133.856656728625,9.802600019611418,56228.815999988,1660.7868885995908
1791076749,1000,,Aggregated,56.900000,41.500000,2100,15000,25000,30000,31000,36000,45000,48000,53000,55000,56000,53816,35728,2100,12135.354799340312,9.802600019611418,56228.815999988,1660.3740709082801
1791076750,1000,,Aggregated,54.700000,40.800000,2100,15000,26000,30000,31000,36000,45000,48000,53000,55000,56000,53911,35790,2100,12138.358243174824,9.802600019611418,56228.815999988,1660.325963161507
1791076751,1000,,Aggregated,54.400000,41.000000,2100,15000,26000,30000,31000,36000,45000,48000,53000,55000,56000,53989,35835,2100,12146.083683598486,9.802600019611418,56228.815999988,1661.2370668099056
1791076752,1000,,Aggregated,54.400000,41.000000,2100,16000,26000,30000,31000,36000,45000,48000,53000,55000,56000,54048,35870,2100,12151.387936430556,9.802600019611418,56228.815999988,1661.4161671107163
1791076753,1000,,Aggregated,62.400000,44.000000,2100,16000,26000,30000,31000,36000,45000,48000,53000,55000,56000,54099,35906,2100,12151.62443426493,9.802600019611418,56228.815999988,1661.225142793767
1791076754,1000,,Aggregated,61.900000,42.100000,2100,16000,26000,30000,31000,36000,45000,48000,53000,55000,56000,54158,35953,2100,12154.785171983794,9.802600019611418,56228.815999988,1660.4063296281251
1791076755,1000,,Aggregated,58.000000,41.500000,2100,16000,26000,30000,31000,37000,45000,48000,53000,55000,56000,54210,36002,2100,12156.11083855928,9.802600019611418,56228.815999988,1659.045655783066
1791076756,1000,,Aggregated,59.600000,43.700000,2100,16000,26000,30000,31000,37000,45000,48000,53000,55000,56000,54256,36043,2100,12156.49380767102,9.802600019611418,56228.815999988,1658.195038336774
1791076757,1000,,Aggregated,59.500000,43.700000,2100,16000,26000,30000,31000,37000,45000,48000,53000,55000,56000,54337,36116,2100,12162.17673973533,9.802600019611418,56228.815999988,1656.6007324659072
1791076758,1000,,Aggregated,56.600000,41.100000,2100,16000,26000,30000,31000,37000,45000,48000,53000,55000,56000,54427,36197,2100,12164.858160278889,9.802600019611418,56228.815999988,1654.7459716684734
1791076759,1000,,Aggregated,59.300000,43.500000,2100,16000,26000,30000,31000,37000,45000,48000,53000,55000,56000,54505,36260,2100,12169.08331066872,9.802600019611418,56228.815999988,1653.8227869002844
1791076760,1000,,Aggregated,63.900000,48.500000,2100,16000,26000,30000,31000,37000,45000,48000,53000,55000,56000,54574,36321,2100,12166.149157206704,9.802600019611418,56228.815999988,1652.5216220178106
1791076761,1000,,Aggregated,66.700000,51.800000,2100,16000,26000,30000,31000,37000,45000,48000,53000,55000,56000,54654,36384,2100,12165.997874318402,9.802600019611418,56228.815999988,1651.3776667764482
1791076762,1000,,Aggregated,65.400000,52.000000,2100,16000,26000,30000,31000,37000,45000,48000,53000,55000,56000,54755,36472,2100,12165.400761177929,9.802600019611418,56228.815999988,1649.6153593279153
1791076763,1000,,Aggregated,64.600000,53.000000,2100,16000,26000,30000,31000,37000,45000,48000,53000,55000,56000,54842,36551,2100,12167.377978957686,9.802600019611418,56228.815999988,1647.862787644506
1791076764,1000,,Aggregated,66.300000,56.300000,2100,16000,26000,30000,31000,37000,45000,48000,53000,55000,56000,54928,36620,2100,12165.869579560474,9.802600019611418,56228.815999988,1646.7908170696185
1791076765,1000,,Aggregated,72.900000,63.100000,2100,16000,26000,30000,31000,37000,45000,48000,53000,55000,56000,55014,36694,2100,12158.92655632016,9.802600019611418,56228.815999988,1645.3662158723234
1791076766,1000,,Aggregated,75.300000,65.300000,2100,16000,26000,30000,31000,37000,45000,48000,53000,55000,56000,55106,36760,2100,12162.00817694439,9.802600019611418,56228.815999988,1645.3327949769534
1791076767,1000,,Aggregated,79.500000,68.400000,2100,16000,26000,30000,31000,37000,45000,48000,53000,55000,56000,55196,36832,2100,12156.060929503901,9.802600019611418,56228.815999988,1644.0379194144502
1791076768,1000,,Aggregated,83.400000,70.400000,2100,16000,26000,30000,31000,37000,45000,48000,53000,55000,56000,55305,36921,2100,12152.648435418094,9.802600019611418,56228.815999988,1642.3272217701835
1791076769,1000,,Aggregated,83.700000,70.400000,2100,16000,26000,30000,31000,37000,45000,48000,53000,55000,56000,55385,36978,2100,12147.416663257149,9.802600019611418,56228.815999988,1642.1032409497157
1791076770,1000,,Aggregated,85.400000,70.900000,2100,16000,26000,30000,31000,37000,45000,48000,53000,55000,56000,55494,37026,2100,12149.91050351746,9.802600019611418,56228.815999988,1643.8788697877249
1791076771,1000,,Aggregated,87.000000,71.200000,2100,16000,26000,30000,31000,37000,45000,48000,53000,55000,56000,55570,37089,2100,12147.50605663484,9.802600019611418,56228.815999988,1642.8758502789274
1791076772,1000,,Aggregated,88.100000,69.800000,2100,16000,26000,30000,31000,37000,45000,48000,53000,55000,56000,55671,37173,2100,12146.781969195774,9.802600019611418,56228.815999988,1641.24184943687
1791076773,1000,,Aggregated,90.200000,69.300000,2100,16000,26000,30000,31000,37000,45000,48000,53000,55000,56000,55754,37235,2100,12141.118267116226,9.802600019611418,56228.815999988,1640.5165548660186
1791076774,1000,,Aggregated,91.200000,70.600000,2100,15000,26000,30000,31000,37000,45000,48000,53000,55000,56000,55814,37280,2100,12139.137967438246,9.802600019611418,56228.815999988,1640.0546457877952
1791076775,1000,,Aggregated,90.200000,68.100000,2100,15000,26000,30000,31000,37000,45000,48000,53000,55000,56000,55874,37331,2100,12136.052302842076,9.802600019611418,56228.815999988,1639.127626445216
1791076776,1000,,Aggregated,88.000000,65.500000,2100,15000,26000,30000,31000,37000,45000,48000,53000,55000,56000,55998,37440,2100,12134.78802743487,9.802600019611418,56228.815999988,1636.6550412514732
1791076777,1000,,Aggregated,85.500000,63.200000,2100,15000,26000,30000,31000,37000,45000,48000,53000,55000,56000,56104,37519,2100,12132.635184958253,9.802600019611418,56228.815999988,1636.1117389134465
1791076778,1000,,Aggregated,84.300000,63.900000,2100,15000,26000,30000,31000,37000,45000,48000,53000,55000,56000,56168,37553,2100,12132.479320987004,9.802600019611418,56228.815999988,1637.0875943597778
1791076779,1000,,Aggregated,87.500000,66.800000,2100,15000,26000,30000,31000,37000,45000,48000,53000,55000,56000,56235,37604,2100,12129.270230020413,9.802600019611418,56228.815999988,1636.4874010847336
1791076780,1000,,Aggregated,85.400000,64.100000,2100,15000,26000,30000,31000,37000,45000,48000,53000,55000,56000,56347,37689,2100,12121.711554950536,9.802600019611418,56228.815999988,1635.625942818606
1791076781,1000,,Aggregated,83.100000,60.600000,2100,15000,26000,30000,31000,37000,45000,48000,53000,55000,56000,56416,37745,2100,12119.610285427849,9.802600019611418,56228.815999988,1634.7908040272264
1791076782,1000,,Aggregated,82.600000,62.600000,2100,15000,26000,30000,31000,37000,45000,48000,53000,55000,56000,56477,37794,2100,12119.403803468631,9.802600019611418,56228.815999988,1633.9935194858083
1791076783,1000,,Aggregated,84.100000,65.200000,2100,15000,26000,30000,31000,37000,45000,48000,53000,55000,56000,56566,37877,2100,12119.733225094555,9.802600019611418,56228.815999988,1631.9657568150478
1791076784,1000,,Aggregated,80.800000,61.900000,2100,15000,26000,30000,31000,37000,45000,48000,53000,55000,56000,56666,37931,2100,12121.593504958859,9.802600019611418,56228.815999988,1632.963770162002
1791076785,1000,,Aggregated,76.400000,59.300000,2100,15000,26000,30000,31000,37000,45000,48000,53000,55000,56000,56731,37971,2100,12121.903729934234,9.802600019611418,56228.815999988,1633.4947030723943
1791076786,1000,,Aggregated,80.900000,63.300000,2100,15000,26000,30000,31000,37000,45000,48000,53000,55000,56000,56796,38015,2100,12117.886701125062,9.802600019611418,56228.815999988,1633.2583280512713
1791076787,1000,,Aggregated,82.500000,62.900000,2100,15000,26000,30000,31000,37000,45000,48000,53000,55000,56000,56888,38083,2100,12109.50246163514,9.802600019611418,56228.815999988,1632.7244058500914
1791076788,1000,,Aggregated,81.000000,59.600000,2100,15000,25000,30000,31000,37000,45000,48000,53000,55000,56000,56964,38115,2100,12107.972686433548,9.802600019611418,56228.815999988,1634.456937715048
1791076789,1000,,Aggregated,77.800000,55.200000,2100,15000,25000,30000,31000,37000,45000,48000,53000,55000,56000,57025,38140,2100,12107.705424815442,9.802600019611418,56228.815999988,1636.204839982464
1791076790,1000,,Aggregated,78.100000,56.100000,2100,15000,25000,30000,31000,37000,45000,48000,53000,55000,56000,57069,38171,2100,12104.655100501148,9.802600019611418,56228.815999988,1636.0081480313304
1791076791,1000,,Aggregated,78.700000,55.600000,2100,15000,25000,30000,31000,37000,45000,48000,53000,55000,56000,57110,38207,2100,12100.55667298371,9.802600019611418,56228.815999988,1635.3429872176503
1791076792,1000,,Aggregated,76.000000,51.000000,2100,15000,25000,30000,31000,37000,45000,48000,53000,55000,56000,57196,38271,2100,12098.347014960824,9.802600019611418,56228.815999988,1634.9841247639695
1791076793,1000,,Aggregated,70.000000,46.600000,2100,15000,25000,30000,31000,37000,45000,48000,53000,55000,56000,57255,38306,2100,12098.422246895454,9.802600019611418,56228.815999988,1635.318976508602
1791076795,1000,,Aggregated,67.900000,44.900000,2100,15000,25000,30000,31000,37000,45000,48000,53000,55000,56000,57297,38332,2100,12101.731605780391,9.802600019611418,56228.815999988,1635.5713562664712
1791076796,1000,,Aggregated,70.600000,46.400000,2100,15000,25000,30000,31000,37000,45000,48000,53000,55000,56000,57347,38363,2100,12103.263406226984,9.802600019611418,56228.815999988,1635.8056742288175
1791076797,1000,,Aggregated,62.100000,39.400000,2100,15000,25000,30000,31000,37000,45000,48000,53000,55000,56000,57416,38416,2100,12101.828022521571,9.802600019611418,56228.815999988,1635.2304061585621
1791076798,1000,,Aggregated,61.000000,38.700000,2100,15000,25000,30000,31000,37000,45000,48000,53000,55000,56000,57484,38471,2100,12100.683837476488,9.802600019611418,56228.815999988,1634.6209727924293
1791076799,1000,,Aggregated,61.000000,38.700000,2100,15000,25000,30000,31000,37000,45000,48000,53000,55000,56000,57519,38492,2100,12107.79759002936,9.802600019611418,56228.815999988,1634.9712442844973
1791076800,1000,,Aggregated,58.500000,38.100000,2100,15000,25000,30000,31000,37000,45000,48000,53000,55000,56000,57558,38515,2100,12113.054799807125,9.802600019611418,56228.815999988,1635.2288126759095
1791076801,1000,,Aggregated,54.800000,37.200000,2100,15000,25000,30000,31000,37000,46000,48000,53000,55000,56000,57654,38584,2100,12116.602126650321,9.802600019611418,56228.815999988,1634.4100669511222
1791076802,1000,,Aggregated,52.600000,36.900000,2100,15000,25000,30000,31000,37000,46000,48000,53000,55000,56000,57717,38627,2100,12116.193274419968,9.802600019611418,56228.815999988,1633.9447476480066
1791076803,1000,,Aggregated,56.800000,40.200000,2100,15000,25000,30000,31000,37000,46000,48000,53000,55000,56000,57757,38659,2100,12122.962567356288,9.802600019611418,56228.815999988,1633.5467908651765
1791076804,1000,,Aggregated,59.900000,41.300000,2100,15000,25000,30000,31000,37000,46000,48000,53000,55000,56000,57796,38692,2100,12129.642982386282,9.802600019611418,56228.815999988,1633.0726001799433
1791076805,1000,,Aggregated,55.500000,38.300000,2100,15000,25000,30000,31000,37000,46000,48000,53000,55000,56000,57886,38770,2100,12126.1096106813,9.802600019611418,56228.815999988,1631.6574992226099
1791076806,1000,,Aggregated,52.200000,37.200000,2100,15000,25000,30000,31000,37000,46000,48000,53000,55000,56000,57962,38833,2100,12124.768031713833,9.802600019611418,56228.815999988,1630.6914875263103
1791076807,1000,,Aggregated,56.700000,41.900000,2100,15000,25000,30000,31000,37000,46000,48000,53000,55000,56000,58021,38875,2100,12124.73951049443,9.802600019611418,56228.815999988,1630.347098464349
1791076808,1000,,Aggregated,59.400000,45.100000,2100,15000,25000,30000,31000,37000,46000,48000,53000,55000,56000,58096,38916,2100,12129.855678051788,9.802600019611418,56228.815999988,1631.1726108510052
1791076809,1000,,Aggregated,59.600000,45.300000,2100,15000,25000,30000,31000,37000,46000,48000,53000,55000,56000,58154,38961,2100,12130.144794256566,9.802600019611418,56228.815999988,1630.5178491591291
1791076810,1000,,Aggregated,57.700000,43.000000,2100,15000,25000,30000,31000,37000,46000,48000,53000,55000,56000,58235,39028,2100,12130.695806813703,9.802600019611418,56228.815999988,1629.6625912252082
1791076811,1000,,Aggregated,61.400000,45.200000,2100,15000,26000,30000,31000,37000,45000,48000,53000,55000,56000,58321,39091,2100,12135.187123211135,9.802600019611418,56228.815999988,1629.219389242297
1791076812,1000,,Aggregated,65.100000,49.100000,2100,15000,26000,30000,31000,37000,45000,48000,53000,55000,56000,58391,39128,2100,12138.850087694966,9.802600019611418,56228.815999988,1629.9795173913787
1791076813,1000,,Aggregated,63.500000,48.300000,2100,15000,26000,30000,31000,37000,45000,48000,53000,55000,56000,58452,39173,2100,12137.418488876287,9.802600019611418,56228.815999988,1629.431824402929
1791076814,1000,,Aggregated,66.200000,49.500000,2100,15000,26000,30000,31000,37000,45000,48000,53000,55000,56000,58516,39224,2100,12135.250894005,9.802600019611418,56228.815999988,1628.7733269533119
1791076815,1000,,Aggregated,66.800000,49.600000,2100,15000,26000,30000,31000,37000,45000,48000,53000,55000,56000,58590,39284,2100,12135.629423268412,9.802600019611418,56228.815999988,1627.6305854241339
1791076816,1000,,Aggregated,70.100000,51.700000,2100,15000,26000,30000,31000,37000,45000,48000,53000,55000,56000,58680,39353,2100,12140.753328818959,9.802600019611418,56228.815999988,1627.1913769597818
1791076817,1000,,Aggregated,69.500000,50.900000,2100,15000,26000,30000,31000,37000,45000,48000,53000,55000,56000,58744,39403,2100,12141.901000262098,9.802600019611418,56228.815999988,1626.6370352716874
1791076818,1000,,Aggregated,68.800000,50.200000,2100,15000,26000,30000,31000,37000,45000,48000,53000,55000,56000,58797,39449,2100,12142.129223188202,9.802600019611418,56228.815999988,1625.7058353317345
1791076819,1000,,Aggregated,70.000000,50.900000,2100,15000,26000,30000,31000,37000,45000,48000,53000,55000,56000,58856,39497,2100,12142.886633592107,9.802600019611418,56228.815999988,1624.9919804268045
1791076820,1000,,Aggregated,70.500000,52.000000,2100,15000,26000,30000,31000,37000,45000,48000,53000,55000,56000,58935,39567,2100,12137.891259404378,9.802600019611418,56228.815999988,1623.613184016289
1791076821,1000,,Aggregated,69.400000,53.000000,2100,15000,26000,30000,31000,37000,45000,48000,53000,55000,56000,59002,39629,2100,12131.116018224755,9.802600019611418,56228.815999988,1622.2623470390834
1791076822,1000,,Aggregated,68.500000,52.500000,2100,15000,26000,30000,31000,37000,45000,48000,53000,55000,56000,59104,39719,2100,12134.92648905314,9.802600019611418,56228.815999988,1620.6789895776935
1791076823,1000,,Aggregated,67.900000,52.700000,2100,15000,26000,30000,31000,37000,45000,48000,53000,55000,56000,59187,39796,2100,12136.661425471759,9.802600019611418,56228.815999988,1618.8509132072923
1791076824,1000,,Aggregated,66.800000,54.700000,2100,15000,26000,30000,31000,37000,45000,48000,53000,55000,56000,59270,39866,2100,12139.409040860428,9.802600019611418,56228.815999988,1617.5708284123502
1791076825,1000,,Aggregated,70.900000,59.300000,2100,15000,26000,30000,31000,37000,45000,48000,53000,55000,56000,59363,39939,2100,12137.004285293833,9.802600019611418,56228.815999988,1616.4839378063778
1791076826,1000,,Aggregated,73.500000,62.300000,2100,15000,26000,30000,31000,37000,45000,48000,53000,55000,56000,59455,40020,2100,12134.90424970646,9.802600019611418,56228.815999988,1615.0020519720797
1791076827,1000,,Aggregated,73.600000,62.800000,2100,15000,26000,30000,31000,37000,45000,48000,53000,55000,56000,59566,40108,2100,12130.203921419887,9.802600019611418,56228.815999988,1614.1075277843065
1791076828,1000,,Aggregated,76.100000,64.800000,2100,15000,26000,30000,31000,37000,45000,48000,53000,55000,56000,59641,40170,2100,12125.034354100319,9.802600019611418,56228.815999988,1613.3063328918026
1791076829,1000,,Aggregated,77.100000,66.400000,2100,15000,26000,30000,31000,37000,45000,48000,53000,55000,56000,59725,40240,2100,12122.520663176178,9.802600019611418,56228.815999988,1612.131469233989
1791076830,1000,,Aggregated,81.900000,69.600000,2100,15000,26000,30000,31000,37000,45000,48000,53000,55000,56000,59831,40327,2100,12118.559873491955,9.802600019611418,56228.815999988,1611.009961391252
1791076831,1000,,Aggregated,83.600000,71.400000,2100,15000,26000,30000,31000,37000,45000,48000,53000,55000,56000,59938,40411,2100,12115.04266491537,9.802600019611418,56228.815999988,1610.0746771664053
1791076832,1000,,Aggregated,85.100000,72.500000,2100,15000,26000,30000,31000,37000,45000,48000,53000,55000,56000,60033,40471,2100,12115.484161214621,9.802600019611418,56228.815999988,1610.230773074809
1791076833,1000,,Aggregated,88.900000,75.500000,2100,15000,25000,30000,31000,37000,45000,48000,53000,55000,56000,60123,40542,2100,12112.164680975615,9.802600019611418,56228.815999988,1609.3573341316967
1791076834,1000,,Aggregated,90.600000,75.600000,2100,15000,25000,30000,31000,37000,45000,48000,53000,55000,56000,60227,40609,2100,12109.835043390787,9.802600019611418,56228.815999988,1609.4373287728095
1791076835,1000,,Aggregated,91.800000,73.900000,2100,15000,25000,30000,31000,37000,45000,48000,53000,55000,56000,60304,40667,2100,12108.750081291413,9.802600019611418,56228.815999988,1608.6499403024675
1791076836,1000,,Aggregated,92.100000,73.500000,2100,15000,25000,30000,31000,37000,45000,48000,53000,55000,56000,60383,40730,2100,12103.9542879767,9.802600019611418,56228.815999988,1607.9132206084494
1791076838,1000,,Aggregated,93.400000,72.300000,2100,15000,25000,30000,31000,37000,45000,48000,53000,55000,56000,60468,40796,2100,12098.344381294197,9.802600019611418,56228.815999988,1607.2090857974465
1791076839,1000,,Aggregated,90.200000,69.000000,2100,15000,25000,30000,31000,37000,45000,48000,53000,55000,56000,60551,40855,2100,12095.958193108243,9.802600019611418,56228.815999988,1606.797179237337
1791076840,1000,,Aggregated,88.400000,67.900000,2100,15000,25000,30000,31000,37000,45000,48000,53000,55000,56000,60621,40910,2100,12091.81671806465,9.802600019611418,56228.815999988,1606.1319014862836
1791076841,1000,,Aggregated,88.600000,66.700000,2100,15000,25000,30000,31000,37000,45000,48000,53000,55000,56000,60718,40995,2100,12086.418284731002,9.802600019611418,56228.815999988,1604.538522349221
1791076842,1000,,Aggregated,87.600000,65.500000,2100,15000,25000,30000,31000,37000,45000,48000,53000,55000,56000,60788,41054,2100,12087.200530362836,9.802600019611418,56228.815999988,1603.4599098506285
1791076843,1000,,Aggregated,86.100000,64.200000,2100,15000,25000,30000,31000,37000,46000,48000,53000,55000,56000,60865,41117,2100,12085.239577484528,9.802600019611418,56228.815999988,1602.7712971329993
1791076844,1000,,Aggregated,83.700000,63.300000,2100,15000,25000,30000,31000,37000,46000,48000,53000,55000,56000,60944,41181,2100,12084.882625267406,9.802600019611418,56228.815999988,1601.80303229194
1791076845,1000,,Aggregated,79.700000,61.800000,2100,15000,25000,30000,31000,37000,46000,48000,53000,55000,56000,61035,41263,2100,12080.427162727889,9.802600019611418,56228.815999988,1600.0249365118375
1791076846,1000,,Aggregated,79.300000,61.500000,2100,15000,25000,30000,31000,37000,46000,48000,53000,55000,56000,61129,41343,2100,12072.465471219812,9.802600019611418,56228.815999988,1598.7700273192756
1791076847,1000,,Aggregated,79.400000,64.000000,2100,15000,25000,30000,31000,37000,46000,48000,53000,55000,56000,61187,41389,2100,12075.167645671405,9.802600019611418,56228.815999988,1598.32479121382
1791076848,1000,,Aggregated,80.500000,66.200000,2100,15000,25000,30000,31000,37000,46000,48000,53000,55000,56000,61281,41457,2100,12072.34414419308,9.802600019611418,56228.815999988,1597.9105432352605
1791076849,1000,,Aggregated,77.900000,64.200000,2100,15000,25000,30000,31000,37000,46000,48000,53000,55000,56000,61387,41535,2100,12069.955490574477,9.802600019611418,56228.815999988,1597.5347549155358
1791076850,1000,,Aggregated,78.900000,64.300000,2100,15000,25000,30000,31000,37000,46000,48000,53000,55000,56000,61464,41593,2100,12068.021199274284,9.802600019611418,56228.815999988,1596.837124170246
1791076851,1000,,Aggregated,78.400000,63.900000,2100,15000,25000,30000,31000,37000,46000,48000,53000,55000,56000,61527,41640,2100,12063.716201925901,9.802600019611418,56228.815999988,1596.3574528255888
1791076852,1000,,Aggregated,82.400000,66.700000,2100,15000,25000,30000,31000,37000,46000,48000,53000,55000,56000,61640,41732,2100,12054.63458117123,9.802600019611418,56228.815999988,1594.9273523685918
1791076853,1000,,Aggregated,79.000000,63.400000,2100,15000,25000,30000,31000,37000,46000,48000,53000,55000,56000,61733,41776,2100,12052.47195232848,9.802600019611418,56228.815999988,1596.056452788622
1791076854,1000,,Aggregated,82.400000,65.200000,2100,15000,25000,30000,31000,37000,46000,48000,53000,55000,56000,61799,41817,2100,12052.853158046153,9.802600019611418,56228.815999988,1596.382109742876
1791076855,1000,,Aggregated,85.500000,65.900000,2100,15000,25000,30000,31000,37000,46000,48000,53000,55000,56000,61867,41867,2100,12050.716350500183,9.802600019611418,56228.815999988,1595.8816331808557
1791076856,1000,,Aggregated,84.000000,62.900000,2100,15000,25000,30000,31000,37000,46000,48000,53000,55000,56000,61950,41915,2100,12048.84380620653,9.802600019611418,56228.815999988,1596.2707506053268
1791076857,1000,,Aggregated,81.300000,59.200000,2100,15000,25000,30000,31000,37000,46000,48000,53000,55000,56000,62013,41968,2100,12048.078632368935,9.802600019611418,56228.815999988,1595.603679873575
1791076858,1000,,Aggregated,79.900000,56.200000,2100,15000,25000,30000,31000,37000,46000,48000,53000,55000,56000,62065,42009,2100,12047.189583222344,9.802600019611418,56228.815999988,1594.9395633609925
1791076859,1000,,Aggregated,82.400000,57.300000,2100,15000,25000,30000,31000,37000,46000,48000,53000,55000,56000,62122,42050,2100,12046.337884676836,9.802600019611418,56228.815999988,1594.678278226715
1791076860,1000,,Aggregated,79.200000,55.700000,2100,15000,25000,30000,31000,37000,46000,48000,53000,55000,56000,62210,42121,2100,12041.333630223347,9.802600019611418,56228.815999988,1593.8255585918662
1791076861,1000,,Aggregated,76.000000,53.300000,2100,15000,25000,30000,31000,37000,46000,48000,53000,55000,56000,62288,42184,2100,12040.10402603222,9.802600019611418,56228.815999988,1593.0282397893654
1791076862,1000,,Aggregated,72.600000,50.900000,2100,15000,25000,30000,31000,37000,46000,48000,53000,55000,56000,62341,42222,2100,12042.60193714722,9.802600019611418,56228.815999988,1592.9072841308289
1791076863,1000,,Aggregated,75.400000,53.400000,2100,15000,25000,30000,31000,37000,46000,48000,53000,55000,56000,62406,42269,2100,12045.83728026303,9.802600019611418,56228.815999988,1592.7146428228054
1791076864,1000,,Aggregated,70.500000,49.500000,2100,15000,25000,30000,31000,37000,46000,48000,53000,55000,56000,62490,42320,2100,12046.979685075916,9.802600019611418,56228.815999988,1592.7705392862858
1791076865,1000,,Aggregated,66.500000,47.700000,2100,15000,25000,30000,31000,37000,46000,48000,53000,55000,56000,62555,42371,2100,12051.755804528715,9.802600019611418,56228.815999988,1592.0936136200144
1791076866,1000,,Aggregated,66.600000,48.300000,2100,15000,25000,30000,31000,37000,46000,48000,53000,55000,56000,62608,42416,2100,12052.40728914347,9.802600019611418,56228.815999988,1591.2175440838232
1791076867,1000,,Aggregated,67.600000,49.500000,2100,15000,25000,30000,31000,37000,46000,48000,53000,55000,56000,62682,42481,2100,12048.144662901546,9.802600019611418,56228.815999988,1589.9734533039789
1791076868,1000,,Aggregated,65.100000,48.700000,2100,15000,25000,30000,31000,37000,46000,48000,53000,55000,56000,62741,42535,2100,12041.82776732909,9.802600019611418,56228.815999988,1588.8620997433895
1791076869,1000,,Aggregated,64.400000,48.900000,2100,15000,25000,30000,31000,37000,46000,48000,53000,55000,56000,62834,42619,2100,12042.45383564463,9.802600019611418,56228.815999988,1587.231482955088
1791076870,1000,,Aggregated,65.200000,50.100000,2100,15000,25000,30000,31000,37000,46000,48000,53000,55000,56000,62920,42677,2100,12047.327867785989,9.802600019611418,56228.815999988,1587.3468849332485
1791076871,1000,,Aggregated,67.700000,53.300000,2100,15000,25000,30000,31000,37000,46000,48000,53000,55000,56000,62975,42718,2100,12047.134556843106,9.802600019611418,56228.815999988,1587.0961969035332
1791076872,1000,,Aggregated,67.200000,53.900000,2100,15000,25000,30000,31000,37000,46000,48000,53000,55000,56000,63052,42780,2100,12043.73357262727,9.802600019611418,56228.815999988,1586.3204973672525
1791076873,1000,,Aggregated,67.200000,52.800000,2100,15000,25000,30000,31000,37000,46000,48000,53000,55000,56000,63143,42842,2100,12039.339227474069,9.802600019611418,56228.815999988,1586.4130149026812
1791076874,1000,,Aggregated,67.800000,53.300000,2100,15000,25000,30000,31000,37000,46000,48000,53000,55000,56000,63199,42882,2100,12039.363353192213,9.802600019611418,56228.815999988,1586.094510989098
1791076875,1000,,Aggregated,69.600000,55.100000,2100,15000,25000,30000,31000,37000,46000,48000,53000,55000,56000,63268,42924,2100,12038.79256524933,9.802600019611418,56228.815999988,1586.224347221344
1791076876,1000,,Aggregated,71.500000,56.700000,2100,15000,25000,30000,31000,37000,46000,48000,53000,55000,56000,63349,42994,2100,12031.54809601248,9.802600019611418,56228.815999988,1585.129378522155
1791076879,1000,,Aggregated,70.500000,54.500000,2100,15000,25000,30000,31000,37000,46000,48000,53000,55000,56000,63470,43070,2100,12037.245012367968,9.802600019611418,56228.815999988,1585.7521978887664
