Timestamp,User Count,Type,Name,Requests/s,Failures/s,50%,66%,75%,80%,90%,95%,98%,99%,99.9%,99.99%,100%,Total Request Count,Total Failure Count,Total Median Response Time,Total Average Response Time,Total Min Response Time,Total Max Response Time,Total Average Content Size
1791079595,0,,Aggregated,0.000000,0.000000,N/A,N/A,N/A,N/A,N/A,N/A,N/A,N/A,N/A,N/A,N/A,0,0,0,0.0,0,0,0
1791079596,10,,Aggregated,0.000000,0.000000,260,490,510,510,510,530,530,530,530,530,530,20,0,40,251.10432000365108,10.339599975850433,531.2928999774158,5326.1
1791079597,20,,Aggregated,0.000000,0.000000,89,190,280,480,510,510,530,530,530,530,530,45,0,89,173.31071111192512,4.120800003875047,531.2928999774158,5381.133333333333
1791079598,30,,Aggregated,20.000000,0.000000,110,190,280,290,480,510,510,530,530,530,530,72,0,94,161.3975388875891,4.120800003875047,531.2928999774158,5185.652777777777
1791079599,40,,Aggregated,20.500000,0.000000,85,140,230,280,360,510,510,510,530,530,530,108,0,84,135.03844999811716,3.4211999736726284,531.2928999774158,5089.287037037037
1791079600,50,,Aggregated,22.333333,0.000000,61,130,230,270,300,480,510,510,530,530,530,143,0,61,125.83649580503678,3.4211999736726284,531.2928999774158,5176.832167832168
1791079601,70,,Aggregated,24.250000,0.000000,54,120,200,270,340,380,510,510,530,530,530,189,0,54,120.5364788365649,3.3032999490387738,531.2928999774158,5169.513227513227
1791079602,80,,Aggregated,27.000000,0.000000,53,120,180,250,320,360,510,510,530,530,530,238,0,52,116.54032857163159,2.606299996841699,531.2928999774158,5190.466386554622
1791079603,90,,Aggregated,27.333333,0.000000,56,120,190,240,320,360,510,510,530,530,530,283,0,56,115.8839851591486,2.606299996841699,531.2928999774158,5201.402826855124
1791079604,100,,Aggregated,30.428571,0.000000,56,120,200,230,340,360,490,510,530,530,530,347,0,56,117.56684005737536,2.534799976274371,531.2928999774158,5184.118155619596
1791079605,110,,Aggregated,31.625000,0.000000,50,120,180,230,340,360,480,510,530,530,530,412,0,50,112.98173640725244,2.534799976274371,531.2928999774158,5166.611650485437
1791079606,120,,Aggregated,33.000000,0.000000,50,120,170,230,340,370,470,510,530,530,530,483,0,50,111.76898695615759,2.5174000184051692,531.2928999774158,5108.111801242236
1791079607,130,,Aggregated,36.300000,0.000000,52,120,190,230,350,410,470,510,530,530,530,549,0,52,116.0134528226046,2.5174000184051692,531.2928999774158,5092.883424408014
1791079608,140,,Aggregated,40.700000,0.000000,54,120,180,230,350,380,470,490,530,530,530,635,0,54,114.690050708064,2.5174000184051692,531.2928999774158,5057.914960629922
1791079609,150,,Aggregated,45.800000,0.000000,52,120,170,230,350,390,470,480,530,530,530,709,0,52,113.81227447090103,2.477700007148087,531.2928999774158,5060.291960507758
1791079610,160,,Aggregated,49.900000,0.000000,57,120,180,230,350,410,480,510,530,530,530,795,0,57,117.24745207554045,2.477700007148087,531.2928999774158,5070.594968553459
1791079611,170,,Aggregated,55.100000,0.000000,60,130,190,230,350,410,480,520,560,560,560,878,0,59,119.65308462383368,2.477700007148087,557.2944000014104,5089.136674259681
1791079612,180,,Aggregated,59.300000,0.000000,60,130,190,230,350,430,500,520,560,560,560,984,0,60,121.43675518255043,2.477700007148087,557.2944000014104,5037.389227642277
1791079613,190,,Aggregated,63.900000,0.000000,61,130,200,240,360,450,510,530,550,560,560,1072,0,61,125.1541420708453,2.477700007148087,557.2944000014104,5037.147388059701
1791079614,200,,Aggregated,67.400000,0.000000,69,140,210,250,360,470,530,550,570,570,570,1164,0,68,132.34952869438015,2.477700007148087,571.9616000424139,5009.43470790378
1791079615,210,,Aggregated,73.700000,0.000000,66,140,220,250,360,470,520,550,570,570,570,1295,0,66,132.17353065647401,2.4688999983482063,571.9616000424139,4983.7274131274135
1791079616,220,,Aggregated,78.000000,0.000000,74,160,230,270,390,480,550,900,1000,1100,1100,1367,0,74,145.90167300677712,2.4688999983482063,1081.709000049159,4992.955376737381
1791079617,230,,Aggregated,81.500000,0.000000,84,160,240,300,420,520,850,1000,1200,1400,1400,1511,0,84,162.9663082066964,2.4688999983482063,1428.702799952589,4979.4367968232955
1791079618,240,,Aggregated,87.800000,0.000000,85,160,240,300,420,520,770,1000,1200,1400,1400,1637,0,85,163.0165185098051,2.4688999983482063,1428.702799952589,4975.277336591325
1791079619,250,,Aggregated,0.000000,0.000000,71,88,91,91,94,110,110,110,110,110,110,11,0,71,65.29758181634612,26.369200029876083,112.70519997924566,5350.909090909091
1791079620,250,,Aggregated,0.000000,0.000000,110,180,290,390,590,680,720,790,800,800,800,153,0,110,198.76139542488139,4.1871999856084585,804.2067000060342,5028.21568627451
1791079621,250,,Aggregated,0.000000,0.000000,86,150,200,260,470,650,680,740,800,800,800,238,0,84,160.427510924246,3.346499986946583,804.2067000060342,4898.26050420168
1791079622,250,,Aggregated,25.000000,0.000000,57,120,160,220,390,500,680,720,800,800,800,383,0,57,130.954440469901,3.0368000152520835,804.2067000060342,4706.33681462141
1791079623,250,,Aggregated,83.500000,0.000000,32,66,120,150,290,470,670,680,800,800,800,525,0,32,99.2846914289874,2.281000022776425,804.2067000060342,4782.253333333333
1791079624,250,,Aggregated,90.000000,0.000000,23,47,88,120,250,430,650,680,800,800,800,628,0,23,84.4630205420411,2.281000022776425,804.2067000060342,4780.3057324840765
1791079625,250,,Aggregated,97.750000,0.000000,15,33,58,90,220,390,590,680,800,800,800,760,0,15,71.1531425005983,2.263600006699562,804.2067000060342,4792.1815789473685
1791079626,250,,Aggregated,106.000000,0.000000,13,24,43,66,170,360,570,680,800,800,800,886,0,13,62.029292889629986,2.1573000121861696,804.2067000060342,4779.549661399548
1791079628,250,,Aggregated,110.571429,0.000000,16,40,74,110,250,430,600,680,790,800,800,1047,0,16,79.83343276073364,2.1573000121861696,804.2067000060342,4751.349570200573
1791079629,250,,Aggregated,110.750000,0.000000,15,35,59,94,230,410,590,670,790,800,800,1151,0,15,73.94807628169008,2.1573000121861696,804.2067000060342,4757.113814074718
1791079630,250,,Aggregated,111.333333,0.000000,14,31,55,79,210,380,580,670,790,800,800,1276,0,14,68.39284968668622,2.0954000065103173,804.2067000060342,4778.521159874608
1791079631,250,,Aggregated,113.100000,0.000000,13,25,44,66,190,370,540,660,790,800,800,1410,0,13,62.66444929122449,2.0954000065103173,804.2067000060342,4791.851063829788
1791079632,250,,Aggregated,123.000000,0.000000,12,22,40,57,170,350,530,650,790,800,800,1526,0,12,58.49215517743328,2.0954000065103173,804.2067000060342,4790.625163826999
1791079633,250,,Aggregated,121.500000,0.000000,11,18,34,49,160,310,500,650,790,800,800,1656,0,11,54.43330622032248,2.0954000065103173,804.2067000060342,4775.496980676328
1791079634,250,,Aggregated,123.300000,0.000000,11,17,29,44,150,290,500,650,790,800,800,1779,0,11,51.22045334510347,2.0954000065103173,804.2067000060342,4775.0837549184935
1791079635,250,,Aggregated,123.400000,0.000000,11,20,35,48,140,280,490,640,790,800,800,1900,0,11,51.471768895311186,2.0954000065103173,804.2067000060342,4760.588947368421
1791079636,250,,Aggregated,123.100000,0.000000,11,18,31,44,130,260,480,600,740,800,800,2048,0,11,48.730878857924154,2.0954000065103173,804.2067000060342,4751.70458984375
1791079637,250,,Aggregated,122.200000,0.000000,10,17,28,41,130,250,470,600,740,800,800,2155,0,10,46.65110839950569,2.0954000065103173,804.2067000060342,4745.622273781903
1791079638,250,,Aggregated,122.600000,0.000000,10,16,25,38,110,240,460,590,740,800,800,2292,0,10,44.321456195774,2.0954000065103173,804.2067000060342,4761.129144851658
1791079639,250,,Aggregated,123.000000,0.000000,9,15,23,35,110,230,460,590,740,800,800,2416,0,9,42.72209172241547,2.0954000065103173,804.2067000060342,4765.321605960265
1791079640,250,,Aggregated,124.400000,0.000000,9,15,22,33,100,220,430,580,740,800,800,2535,0,9,41.12364047386498,2.0954000065103173,804.2067000060342,4766.287573964497
1791079641,250,,Aggregated,123.700000,0.000000,8,14,21,30,93,200,430,570,740,800,800,2663,0,8,39.489212617849205,2.0954000065103173,804.2067000060342,4772.283514832895
1791079642,250,,Aggregated,124.100000,0.000000,8,14,20,27,86,190,420,560,740,800,800,2799,0,8,37.88178299410866,2.0954000065103173,804.2067000060342,4772.457306180779
1791079643,250,,Aggregated,124.400000,0.000000,7,14,19,25,76,190,410,540,740,800,800,2918,0,7,36.5968491092991,2.0954000065103173,804.2067000060342,4770.60863605209
1791079644,250,,Aggregated,125.000000,0.000000,7,13,18,24,74,180,390,530,720,800,800,3041,0,7,35.38210759635274,2.0954000065103173,804.2067000060342,4777.780006576784
1791079645,250,,Aggregated,125.500000,0.000000,7,13,17,23,70,170,380,510,720,800,800,3165,0,7,34.29947251192475,2.0954000065103173,804.2067000060342,4775.981042654028
1791079646,250,,Aggregated,123.500000,0.000000,7,13,17,22,62,170,380,510,720,800,800,3282,0,7,33.30862580744367,2.0954000065103173,804.2067000060342,4777.785496648386
1791079647,250,,Aggregated,125.400000,0.000000,7,12,16,21,59,160,380,500,720,800,800,3410,0,7,32.28521677409367,2.0954000065103173,804.2067000060342,4778.347507331378
1791079648,250,,Aggregated,124.000000,0.000000,7,13,18,24,76,190,400,540,720,800,800,3560,0,7,36.22114303362559,2.0954000065103173,804.2067000060342,4786.776685393258
1791079649,250,,Aggregated,124.900000,0.000000,7,13,18,23,73,180,390,530,720,800,800,3674,0,7,35.315360478889154,2.0954000065103173,804.2067000060342,4788.104246053348
1791079650,250,,Aggregated,121.000000,0.000000,7,13,17,22,71,180,380,510,720,800,800,3820,0,7,34.288849135926625,2.0954000065103173,804.2067000060342,4786.824083769634
1791079651,250,,Aggregated,123.400000,0.000000,7,12,17,22,69,170,380,510,720,800,800,3922,0,7,33.59780260054219,2.0954000065103173,804.2067000060342,4782.788118306986
1791079652,250,,Aggregated,122.400000,0.000000,7,12,16,21,65,170,380,500,690,800,800,4055,0,7,32.7117170405008,2.0954000065103173,804.2067000060342,4791.431812577065
1791079653,250,,Aggregated,122.200000,0.000000,7,12,16,20,60,160,370,500,690,800,800,4172,0,7,31.983444486831317,2.0954000065103173,804.2067000060342,4783.771093000959
1791079654,250,,Aggregated,120.600000,0.000000,7,12,15,20,58,160,370,500,690,800,800,4297,0,7,31.29103099817041,2.0954000065103173,804.2067000060342,4782.516872236444
1791079655,250,,Aggregated,121.500000,0.000000,7,12,15,19,56,150,360,490,690,800,800,4417,0,7,30.636773488621586,2.0954000065103173,804.2067000060342,4779.7892234548335
1791079656,250,,Aggregated,121.100000,0.000000,7,12,15,18,54,150,350,490,690,800,800,4557,0,7,29.90816987020699,2.0954000065103173,804.2067000060342,4782.258064516129
1791079657,250,,Aggregated,121.500000,0.000000,6,11,15,18,51,140,340,490,690,800,800,4685,0,6,29.261215239775186,2.0954000065103173,804.2067000060342,4767.989327641409
1791079658,250,,Aggregated,120.700000,0.000000,6,11,15,18,48,140,340,490,690,800,800,4805,0,6,28.70122264284722,2.0954000065103173,804.2067000060342,4760.669719042664
1791079659,250,,Aggregated,120.800000,0.000000,6,11,14,17,46,130,320,480,690,800,800,4949,0,6,28.059175954523816,2.0617999834939837,804.2067000060342,4761.0501111335625
1791079660,250,,Aggregated,124.600000,0.000000,6,11,14,17,45,130,310,480,680,800,800,5063,0,6,27.631998419668857,2.0617999834939837,804.2067000060342,4763.125419711633
1791079661,250,,Aggregated,122.100000,0.000000,6,11,14,17,44,120,310,480,680,800,800,5188,0,6,27.180194776097643,2.0617999834939837,804.2067000060342,4767.413839629915
1791079662,250,,Aggregated,124.800000,0.000000,6,11,14,17,42,120,300,470,680,800,800,5309,0,6,26.74343350876167,2.0617999834939837,804.2067000060342,4767.875306084008
1791079663,250,,Aggregated,123.100000,0.000000,6,11,14,17,41,120,290,470,680,800,800,5429,0,6,26.29300891464193,2.0617999834939837,804.2067000060342,4764.145330631793
1791079664,250,,Aggregated,125.100000,0.000000,6,11,14,16,40,110,290,460,680,800,800,5560,0,6,25.840352283704444,1.9570000004023314,804.2067000060342,4766.853956834532
1791079665,250,,Aggregated,122.800000,0.000000,6,10,14,16,38,110,290,460,680,800,800,5681,0,6,25.436117337962365,1.9570000004023314,804.2067000060342,4766.0413659566975
1791079666,250,,Aggregated,123.900000,0.000000,6,10,14,16,37,110,290,460,680,800,800,5799,0,6,25.065922348122967,1.9570000004023314,804.2067000060342,4767.598206587342
1791079667,250,,Aggregated,124.100000,0.000000,6,10,13,16,35,110,280,450,680,800,800,5940,0,6,24.6736820027944,1.9570000004023314,804.2067000060342,4771.640067340068
1791079668,250,,Aggregated,124.300000,0.000000,6,10,13,16,34,100,270,430,680,800,800,6052,0,6,24.380062061598338,1.9570000004023314,804.2067000060342,4763.702247191011
1791079669,250,,Aggregated,123.900000,0.000000,6,10,13,16,33,97,270,430,680,800,800,6185,0,6,24.011861632524244,1.9570000004023314,804.2067000060342,4769.801616814874
1791079670,250,,Aggregated,124.600000,0.000000,6,10,14,16,34,96,270,430,680,800,800,6314,0,6,23.96074794058794,1.9570000004023314,804.2067000060342,4767.23915109281
1791079671,250,,Aggregated,125.000000,0.000000,6,10,13,16,33,93,260,430,680,800,800,6444,0,6,23.640698525326357,1.9570000004023314,804.2067000060342,4760.933581626319
1791079672,250,,Aggregated,122.800000,0.000000,6,10,13,16,31,90,260,420,680,800,800,6566,0,6,23.328915579763134,1.9570000004023314,804.2067000060342,4758.292263173927
1791079673,250,,Aggregated,124.300000,0.000000,6,11,14,16,39,110,270,430,680,800,800,6690,0,6,24.867885186380786,1.9570000004023314,804.2067000060342,4757.415396113603
1791079674,250,,Aggregated,124.200000,0.000000,6,10,14,16,37,110,270,410,680,800,800,6807,0,6,24.574815792184687,1.9570000004023314,804.2067000060342,4761.335683854855
1791079675,250,,Aggregated,125.300000,0.000000,6,10,14,16,36,110,270,410,680,800,800,6939,0,6,24.248037670749664,1.9570000004023314,804.2067000060342,4764.462170341548
1791079676,250,,Aggregated,125.000000,0.000000,6,10,14,16,35,100,260,410,680,800,800,7064,0,6,23.947065330954533,1.9570000004023314,804.2067000060342,4767.705549263873
1791079677,250,,Aggregated,124.200000,0.000000,6,10,13,16,34,98,260,410,680,800,800,7181,0,6,23.669148767284973,1.9570000004023314,804.2067000060342,4767.331569419301
1791079678,250,,Aggregated,125.000000,0.000000,6,10,13,16,32,96,250,400,680,800,800,7309,0,6,23.38528583911536,1.9570000004023314,804.2067000060342,4766.9597756191
1791079679,250,,Aggregated,125.300000,0.000000,6,10,13,16,32,94,250,400,680,800,800,7439,0,6,23.09069026723129,1.9570000004023314,804.2067000060342,4768.952950665412
1791079680,250,,Aggregated,123.400000,0.000000,6,10,13,15,31,91,240,390,680,800,800,7563,0,6,22.82098589150887,1.9570000004023314,804.2067000060342,4770.1237604125345
1791079682,250,,Aggregated,123.700000,0.000000,6,10,13,15,30,88,240,390,680,800,800,7682,0,6,22.558082660450534,1.9570000004023314,804.2067000060342,4777.282348346785
1791079683,250,,Aggregated,124.100000,0.000000,6,10,13,15,29,86,240,390,680,800,800,7820,0,6,22.273692570019648,1.9570000004023314,804.2067000060342,4780.687340153453
1791079684,250,,Aggregated,123.000000,0.000000,6,9,13,15,29,80,240,380,680,800,800,7937,0,6,22.036510759415027,1.9570000004023314,804.2067000060342,4780.378858510772
1791079685,250,,Aggregated,124.200000,0.000000,6,9,13,15,28,78,230,380,680,800,800,8051,0,6,21.8198004220289,1.9570000004023314,804.2067000060342,4780.286299838529
1791079686,250,,Aggregated,123.800000,0.000000,6,9,13,15,27,76,230,380,680,800,800,8188,0,6,21.54725306519892,1.9570000004023314,804.2067000060342,4779.565828041035
1791079687,250,,Aggregated,123.700000,0.000000,6,9,13,15,26,76,230,380,680,800,800,8296,0,6,21.348911776504487,1.9570000004023314,804.2067000060342,4775.5885969141755
1791079688,250,,Aggregated,124.600000,0.000000,6,10,13,15,34,100,260,410,680,800,800,8462,0,6,23.829443098278222,1.9570000004023314,804.2067000060342,4778.160127629402
1791079689,250,,Aggregated,122.300000,0.000000,6,10,13,15,33,100,260,410,680,800,800,8582,0,6,23.59652586778703,1.9570000004023314,804.2067000060342,4777.035422978327
1791079690,250,,Aggregated,124.200000,0.000000,6,9,13,15,32,100,260,400,680,800,800,8696,0,6,23.387692731972432,1.9570000004023314,804.2067000060342,4777.559797608095
1791079691,250,,Aggregated,121.700000,0.000000,6,9,13,15,31,96,260,390,680,800,800,8839,0,6,23.130499241675377,1.9570000004023314,804.2067000060342,4775.250820228533
1791079692,250,,Aggregated,120.200000,0.000000,6,9,13,15,31,94,250,390,680,800,800,8950,0,6,22.918054915876155,1.9570000004023314,804.2067000060342,4776.1511731843575
1791079693,250,,Aggregated,122.400000,0.000000,6,10,13,16,36,110,270,400,680,800,800,9106,0,6,24.058929342933173,1.9570000004023314,804.2067000060342,4773.899956072919
1791079694,250,,Aggregated,123.000000,0.000000,6,9,13,15,35,100,270,390,680,800,800,9219,0,6,23.85018403254561,1.9570000004023314,804.2067000060342,4774.326174205446
1791079695,250,,Aggregated,116.700000,0.000000,6,9,13,15,34,100,260,390,680,800,800,9337,0,6,23.61729283455361,1.9570000004023314,804.2067000060342,4774.9141051729675
1791079696,250,,Aggregated,122.100000,0.000000,6,9,13,15,33,100,260,390,680,800,800,9470,0,6,23.372145110541865,1.9570000004023314,804.2067000060342,4777.147835269271
1791079697,250,,Aggregated,121.200000,0.000000,6,9,13,15,32,97,260,390,680,800,800,9603,0,6,23.13949279360086,1.9570000004023314,804.2067000060342,4776.47568468187
1791079698,250,,Aggregated,119.900000,0.000000,6,9,13,15,32,96,260,390,680,800,800,9711,0,6,22.951751786326394,1.9570000004023314,804.2067000060342,4777.661826794357
1791079699,250,,Aggregated,123.000000,0.000000,6,9,13,15,31,94,250,390,680,800,800,9837,0,6,22.737444108699286,1.9570000004023314,804.2067000060342,4776.956185829013
1791079700,250,,Aggregated,122.200000,0.000000,6,9,13,15,31,93,250,390,680,800,800,9977,0,6,22.57200490095208,1.9570000004023314,804.2067000060342,4774.005612909692
1791079701,250,,Aggregated,122.300000,0.000000,6,9,13,15,30,92,250,390,680,790,800,10092,0,6,22.39299377694957,1.9570000004023314,804.2067000060342,4773.82808164883
1791079702,250,,Aggregated,122.700000,0.000000,6,9,12,15,29,90,240,380,680,790,800,10220,0,6,22.187750528082653,1.9570000004023314,804.2067000060342,4776.995792563601
1791079703,250,,Aggregated,122.800000,0.000000,6,9,12,15,29,89,240,380,680,790,800,10357,0,6,21.969628270427815,1.9570000004023314,804.2067000060342,4778.846384088057
1791079704,250,,Aggregated,122.300000,0.000000,6,9,12,14,28,88,240,380,680,790,800,10474,0,6,21.786095865653184,1.9570000004023314,804.2067000060342,4779.511647890014
1791079705,250,,Aggregated,127.400000,0.000000,6,9,12,14,27,86,240,380,680,790,800,10598,0,6,21.6120798732727,1.9570000004023314,804.2067000060342,4778.483393093036
1791079706,250,,Aggregated,123.600000,0.000000,6,9,12,14,27,85,230,380,680,790,800,10725,0,6,21.439430172183922,1.9570000004023314,804.2067000060342,4774.755524475525
1791079707,250,,Aggregated,124.300000,0.000000,6,8,12,14,26,83,230,380,680,790,800,10837,0,6,21.285094656887466,1.9570000004023314,804.2067000060342,4768.889821906431
1791079708,250,,Aggregated,124.400000,0.000000,6,8,12,14,26,80,230,370,680,790,800,10969,0,6,21.095767325794657,1.9570000004023314,804.2067000060342,4766.760415717021
1791079709,250,,Aggregated,123.700000,0.000000,6,8,12,14,26,78,230,370,670,790,800,11095,0,6,20.92834948141857,1.9570000004023314,804.2067000060342,4767.539432176656
1791079710,250,,Aggregated,123.100000,0.000000,6,8,12,14,25,77,230,370,670,790,800,11222,0,6,20.766911539486685,1.9570000004023314,804.2067000060342,4766.2078952058455
1791079711,250,,Aggregated,125.800000,0.000000,6,8,12,14,25,76,220,370,670,790,800,11346,0,6,20.60356797071889,1.9570000004023314,804.2067000060342,4767.215406310594
1791079712,250,,Aggregated,125.400000,0.000000,6,8,12,14,24,75,220,370,670,790,800,11480,0,6,20.437575922959496,1.9570000004023314,804.2067000060342,4765.829529616724
1791079713,250,,Aggregated,123.500000,0.000000,6,8,12,14,24,74,220,360,670,790,800,11603,0,6,20.28865995824913,1.9570000004023314,804.2067000060342,4761.577436869775
1791079714,250,,Aggregated,125.100000,0.000000,6,8,12,14,24,73,220,360,670,790,800,11729,0,6,20.13710947187084,1.9570000004023314,804.2067000060342,4762.190723846876
1791079715,250,,Aggregated,125.400000,0.000000,6,8,12,14,24,72,220,360,670,790,800,11863,0,6,19.984541489973072,1.9570000004023314,804.2067000060342,4762.525499452078
1791079716,250,,Aggregated,123.700000,0.000000,6,8,12,14,23,72,210,360,670,790,800,11977,0,6,19.848330708463717,1.9570000004023314,804.2067000060342,4763.356433163563
1791079717,250,,Aggregated,125.300000,0.000000,6,8,12,14,23,70,210,360,670,790,800,12102,0,6,19.7216980330029,1.9570000004023314,804.2067000060342,4759.5538753924975
1791079718,250,,Aggregated,125.800000,0.000000,6,8,12,14,23,70,210,360,670,790,800,12233,0,6,19.646842082537425,1.9570000004023314,804.2067000060342,4759.870350690754
1791079719,250,,Aggregated,125.200000,0.000000,6,8,12,14,23,69,210,360,670,790,800,12357,0,6,19.570800687470822,1.9570000004023314,804.2067000060342,4760.626932103261
1791079720,250,,Aggregated,124.300000,0.000000,6,8,12,14,24,67,210,360,670,790,800,12480,0,6,19.55680473518628,1.9570000004023314,804.2067000060342,4757.11546474359
1791079721,250,,Aggregated,124.900000,0.000000,6,8,12,14,24,66,210,350,670,790,800,12605,0,6,19.56534233202017,1.9570000004023314,804.2067000060342,4757.604125347085
1791079722,250,,Aggregated,125.700000,0.000000,6,8,12,14,24,65,210,350,670,790,800,12732,0,6,19.469041949009267,1.9570000004023314,804.2067000060342,4759.3726044612
1791079723,250,,Aggregated,125.000000,0.000000,6,8,12,14,24,64,200,350,670,790,800,12860,0,6,19.335739416396898,1.9570000004023314,804.2067000060342,4759.221617418351
1791079724,250,,Aggregated,123.600000,0.000000,6,8,12,14,24,62,200,340,670,790,800,12977,0,6,19.21823078484438,1.9570000004023314,804.2067000060342,4758.728365569855
1791079725,250,,Aggregated,123.700000,0.000000,6,8,12,14,24,61,200,340,670,790,800,13111,0,6,19.095913896371034,1.9570000004023314,804.2067000060342,4757.637327434978
1791079726,250,,Aggregated,124.900000,0.000000,6,8,12,14,24,61,200,340,670,790,800,13238,0,6,18.96219990899544,1.9570000004023314,804.2067000060342,4759.978471068137
1791079727,250,,Aggregated,123.700000,0.000000,6,8,12,14,23,60,190,340,670,790,800,13355,0,6,18.85482608720741,1.9570000004023314,804.2067000060342,4760.67719955073
1791079728,250,,Aggregated,124.100000,0.000000,6,8,12,14,23,60,190,340,670,790,800,13487,0,6,18.72809105022403,1.9570000004023314,804.2067000060342,4760.414473196412
1791079729,250,,Aggregated,125.100000,0.000000,6,8,12,14,23,59,190,330,670,790,800,13610,0,6,18.60986520901656,1.9570000004023314,804.2067000060342,4761.009772226304
1791079730,250,,Aggregated,124.800000,0.000000,6,8,12,14,23,59,190,330,670,790,800,13724,0,6,18.562110710798304,1.9570000004023314,804.2067000060342,4758.819076071116
1791079731,250,,Aggregated,124.300000,0.000000,6,8,12,14,24,59,190,320,670,790,800,13860,0,6,18.584128217520508,1.9570000004023314,804.2067000060342,4759.67683982684
1791079732,250,,Aggregated,123.600000,0.000000,6,8,12,14,24,58,190,320,670,790,800,13981,0,6,18.611537321734733,1.9570000004023314,804.2067000060342,4758.0578642443315
1791079733,250,,Aggregated,123.800000,0.000000,6,8,12,14,24,58,190,320,660,790,800,14101,0,6,18.604037145964863,1.9570000004023314,804.2067000060342,4759.132047372526
1791079734,250,,Aggregated,124.300000,0.000000,6,9,12,14,25,58,180,320,660,790,800,14228,0,6,18.59872390325033,1.9570000004023314,804.2067000060342,4759.135015462469
1791079735,250,,Aggregated,123.800000,0.000000,6,8,12,14,24,57,180,310,660,790,800,14350,0,6,18.492498828949188,1.9570000004023314,804.2067000060342,4760.133031358885
1791079736,250,,Aggregated,123.500000,0.000000,6,8,12,14,24,57,180,310,660,790,800,14474,0,6,18.389444714362064,1.9570000004023314,804.2067000060342,4759.071162083736
1791079737,250,,Aggregated,123.600000,0.000000,6,8,12,14,24,57,180,310,660,790,800,14594,0,6,18.283462628211478,1.9570000004023314,804.2067000060342,4762.282650404276
1791079738,250,,Aggregated,122.300000,0.000000,6,8,12,14,24,56,180,310,660,790,800,14714,0,6,18.17885804649695,1.9570000004023314,804.2067000060342,4761.638439581351
1791079739,250,,Aggregated,121.700000,0.000000,6,8,12,14,24,55,180,310,660,790,800,14844,0,6,18.076875862041426,1.9570000004023314,804.2067000060342,4762.309215844786
1791079740,250,,Aggregated,123.000000,0.000000,6,8,12,14,24,55,170,310,660,790,800,14977,0,6,18.032356573149006,1.9570000004023314,804.2067000060342,4762.037590972825
1791079742,250,,Aggregated,122.600000,0.000000,6,8,12,14,24,54,170,310,650,790,800,15100,0,6,17.938112277847512,1.9570000004023314,804.2067000060342,4760.530794701986
1791079743,250,,Aggregated,123.900000,0.000000,6,8,12,14,24,54,170,300,650,790,800,15233,0,6,17.833316404892315,1.9570000004023314,804.2067000060342,4758.118952274667
1791079744,250,,Aggregated,123.400000,0.000000,6,8,12,14,24,58,170,310,650,790,800,15383,0,6,18.211525319897156,1.9570000004023314,804.2067000060342,4760.033023467464
1791079745,250,,Aggregated,124.400000,0.000000,6,8,12,14,24,57,170,310,650,790,800,15505,0,6,18.11993982559848,1.9570000004023314,804.2067000060342,4761.054498548855
1791079746,250,,Aggregated,125.400000,0.000000,6,8,12,14,24,57,170,300,650,790,800,15642,0,6,18.035755095009364,1.9570000004023314,804.2067000060342,4760.3766142437025
1791079747,250,,Aggregated,124.700000,0.000000,6,8,12,14,24,57,170,300,650,790,800,15764,0,6,17.94846983610696,1.9570000004023314,804.2067000060342,4760.089444303476
1791079748,250,,Aggregated,126.100000,0.000000,6,8,12,14,24,56,170,300,650,790,800,15887,0,6,17.858267709216243,1.9570000004023314,804.2067000060342,4759.628564234909
1791079749,250,,Aggregated,125.700000,0.000000,6,8,12,14,24,57,170,300,650,790,800,16051,0,6,17.986397127660968,1.9570000004023314,804.2067000060342,4759.111457230079
1791079750,250,,Aggregated,126.500000,0.000000,6,8,12,14,24,57,170,290,650,790,800,16165,0,6,17.929023358855076,1.9570000004023314,804.2067000060342,4759.912960098979
1791079751,250,,Aggregated,126.900000,0.000000,6,8,12,14,24,57,170,290,650,790,800,16300,0,6,17.842071435326407,1.9570000004023314,804.2067000060342,4759.990552147239
1791079752,250,,Aggregated,125.100000,0.000000,6,8,12,14,24,56,170,290,650,790,800,16424,0,6,17.756473721160592,1.9570000004023314,804.2067000060342,4761.870737944471
1791079753,250,,Aggregated,125.600000,0.000000,6,8,12,14,24,55,170,290,650,790,800,16549,0,6,17.66961532394792,1.9570000004023314,804.2067000060342,4762.181581968699
1791079754,250,,Aggregated,125.600000,0.000000,6,8,12,14,24,55,160,290,650,790,800,16677,0,6,17.580057989796778,1.9570000004023314,804.2067000060342,4763.5101037356835
1791079755,250,,Aggregated,125.100000,0.000000,6,8,12,14,24,54,160,290,650,790,800,16808,0,6,17.4832074366768,1.9570000004023314,804.2067000060342,4763.425928129463
1791079756,250,,Aggregated,123.400000,0.000000,6,8,12,14,23,54,160,290,650,790,800,16937,0,6,17.403440390581654,1.9570000004023314,804.2067000060342,4762.624313632875
1791079757,250,,Aggregated,124.600000,0.000000,6,8,12,14,23,54,160,290,650,790,800,17066,0,6,17.350402577974545,1.9570000004023314,804.2067000060342,4760.629028477675
1791079758,250,,Aggregated,124.700000,0.000000,6,8,12,14,23,52,160,280,650,790,800,17194,0,6,17.282428370108754,1.9570000004023314,804.2067000060342,4760.818773990927
1791079759,250,,Aggregated,124.800000,0.000000,6,8,12,14,23,52,160,280,650,790,800,17317,0,6,17.199454489554906,1.9570000004023314,804.2067000060342,4762.872033262112
1791079760,250,,Aggregated,124.200000,0.000000,6,8,12,14,23,51,160,280,650,790,800,17442,0,6,17.12332002612892,1.9570000004023314,804.2067000060342,4761.516110537782
1791079761,250,,Aggregated,124.800000,0.000000,6,8,12,14,23,51,150,280,650,790,800,17565,0,6,17.076140608901778,1.9570000004023314,804.2067000060342,4762.637005408483
1791079762,250,,Aggregated,125.200000,0.000000,6,8,12,14,23,51,150,280,650,790,800,17687,0,6,17.000650177841557,1.9570000004023314,804.2067000060342,4763.332504099056
1791079763,250,,Aggregated,123.900000,0.000000,6,8,11,14,23,50,150,280,650,790,800,17829,0,6,16.909112490631873,1.9570000004023314,804.2067000060342,4764.003757922485
1791079764,250,,Aggregated,124.700000,0.000000,6,8,11,13,23,50,150,280,650,790,800,17959,0,6,16.82943541931947,1.9570000004023314,804.2067000060342,4763.387939194833
1791079765,250,,Aggregated,123.700000,0.000000,6,8,11,13,23,49,150,270,640,790,800,18081,0,6,16.768085492804488,1.9570000004023314,804.2067000060342,4762.941927990709
1791079766,250,,Aggregated,126.800000,0.000000,6,8,11,13,22,49,150,270,640,790,800,18203,0,6,16.70231866148795,1.9570000004023314,804.2067000060342,4762.695874306433
1791079767,250,,Aggregated,126.200000,0.000000,6,8,11,13,22,48,150,270,640,790,800,18332,0,6,16.626630629225215,1.9570000004023314,804.2067000060342,4764.324405411303
1791079768,250,,Aggregated,123.800000,0.000000,6,8,11,13,22,48,150,270,640,790,800,18459,0,6,16.560332872584457,1.9570000004023314,804.2067000060342,4765.265236470014
1791079769,250,,Aggregated,124.100000,0.000000,6,8,11,13,22,48,140,270,640,790,800,18587,0,6,16.49805062114056,1.9570000004023314,804.2067000060342,4764.031635013719
1791079770,250,,Aggregated,124.000000,0.000000,6,8,11,13,22,47,140,270,640,790,800,18704,0,6,16.42977958164486,1.9570000004023314,804.2067000060342,4763.1059666381525
1791079771,250,,Aggregated,124.100000,0.000000,6,8,11,13,22,47,140,270,640,790,800,18849,0,6,16.350024494392436,1.9570000004023314,804.2067000060342,4762.428510796329
1791079772,250,,Aggregated,125.000000,0.000000,6,8,11,13,22,46,140,270,640,790,800,18964,0,6,16.28848448614588,1.9570000004023314,804.2067000060342,4762.86210715039
1791079773,250,,Aggregated,125.100000,0.000000,6,8,11,13,22,46,140,270,610,790,800,19097,0,6,16.220469398059198,1.9570000004023314,804.2067000060342,4763.4598628056765
1791079774,250,,Aggregated,126.500000,0.000000,6,8,11,13,22,45,140,260,610,790,800,19224,0,6,16.15215219489994,1.9570000004023314,804.2067000060342,4761.529286308781
1791079775,250,,Aggregated,125.500000,0.000000,6,8,11,13,21,45,140,260,610,790,800,19344,0,6,16.09061303738761,1.9570000004023314,804.2067000060342,4759.534274193548
1791079776,250,,Aggregated,124.300000,0.000000,6,8,11,13,21,45,140,260,610,790,800,19471,0,6,16.045451070589,1.9570000004023314,804.2067000060342,4758.980894663859
1791079777,250,,Aggregated,125.200000,0.000000,6,8,11,13,21,44,140,260,610,790,800,19594,0,6,15.990531218496244,1.9570000004023314,804.2067000060342,4758.122231295294
1791079778,250,,Aggregated,126.300000,0.000000,6,8,11,13,21,44,140,260,610,790,800,19728,0,6,15.921963184047481,1.9570000004023314,804.2067000060342,4758.097526358475
1791079779,250,,Aggregated,126.100000,0.000000,6,8,11,13,21,44,140,260,610,790,800,19838,0,6,15.87321497100781,1.9570000004023314,804.2067000060342,4756.6249621937695
1791079780,250,,Aggregated,125.300000,0.000000,6,8,11,13,21,44,140,260,610,790,800,19965,0,6,15.813885589529411,1.9570000004023314,804.2067000060342,4756.500876533934
1791079782,250,,Aggregated,124.700000,0.000000,6,8,11,13,21,43,130,250,610,740,800,20108,0,6,15.782316207210755,1.9570000004023314,804.2067000060342,4757.194002387109
1791079783,250,,Aggregated,124.200000,0.000000,6,8,11,13,21,43,130,250,610,740,800,20215,0,6,15.7389858814987,1.9570000004023314,804.2067000060342,4757.356319564679
1791079784,250,,Aggregated,124.000000,0.000000,6,8,11,13,21,43,130,250,610,740,800,20361,0,6,15.676367314707974,1.9570000004023314,804.2067000060342,4756.327341486174
1791079785,250,,Aggregated,123.700000,0.000000,6,8,11,13,21,43,130,250,610,740,800,20473,0,6,15.622355922183212,1.9570000004023314,804.2067000060342,4755.773799638549
1791079786,250,,Aggregated,124.600000,0.000000,6,8,11,13,21,45,140,260,610,740,800,20629,0,6,15.94419337315603,1.9570000004023314,804.2067000060342,4756.0765912065535
1791079787,250,,Aggregated,123.000000,0.000000,6,8,11,13,21,45,140,250,610,740,800,20735,0,6,15.895353947178968,1.9570000004023314,804.2067000060342,4754.991608391609
1791079788,250,,Aggregated,122.500000,0.000000,6,8,11,13,21,45,140,250,610,740,800,20857,0,6,15.849690851741263,1.9570000004023314,804.2067000060342,4755.83847149638
1791079789,250,,Aggregated,121.800000,0.000000,6,8,11,13,21,44,130,250,610,740,800,20993,0,6,15.787310603267422,1.9570000004023314,804.2067000060342,4755.563759348354
1791079790,250,,Aggregated,122.300000,0.000000,6,8,11,13,21,44,130,250,600,740,800,21108,0,6,15.734352965442156,1.9570000004023314,804.2067000060342,4755.725554292211
1791079791,250,,Aggregated,120.800000,0.000000,6,8,11,13,21,44,130,250,600,740,800,21238,0,6,15.677528170957137,1.9570000004023314,804.2067000060342,4756.2600998210755
1791079792,250,,Aggregated,123.400000,0.000000,6,8,11,13,21,44,130,250,600,740,800,21359,0,6,15.633728947751573,1.9570000004023314,804.2067000060342,4755.274216957723
1791079793,250,,Aggregated,123.100000,0.000000,6,8,11,13,21,43,130,240,600,740,800,21483,0,6,15.583421593572803,1.9570000004023314,804.2067000060342,4755.256854256854
1791079794,250,,Aggregated,120.900000,0.000000,6,8,11,13,21,43,130,240,600,740,800,21621,0,6,15.527151963122023,1.9570000004023314,804.2067000060342,4755.691226122751
1791079795,250,,Aggregated,123.500000,0.000000,6,8,11,13,21,43,130,240,600,740,800,21728,0,6,15.479867221763012,1.9570000004023314,804.2067000060342,4755.904363033874
1791079796,250,,Aggregated,120.800000,0.000000,6,8,11,13,21,43,130,240,600,740,800,21857,0,6,15.422158951106528,1.9570000004023314,804.2067000060342,4755.230269478886
1791079797,250,,Aggregated,121.500000,0.000000,6,8,11,13,20,42,130,240,600,740,800,21992,0,6,15.36649651211643,1.9570000004023314,804.2067000060342,4755.059748999636
1791079798,250,,Aggregated,122.800000,0.000000,6,8,11,13,20,42,130,240,600,740,800,22114,0,6,15.318993085583983,1.9570000004023314,804.2067000060342,4754.837614181061
1791079799,250,,Aggregated,123.700000,0.000000,6,8,11,13,20,42,120,240,600,740,800,22237,0,6,15.270467805646426,1.9570000004023314,804.2067000060342,4754.379502630751
1791079800,250,,Aggregated,123.500000,0.000000,6,8,11,13,20,42,120,240,600,740,800,22355,0,6,15.222038393836028,1.9570000004023314,804.2067000060342,4755.233191679714
1791079801,250,,Aggregated,124.100000,0.000000,6,7,11,13,20,41,120,230,600,740,800,22507,0,6,15.163809361264565,1.9570000004023314,804.2067000060342,4752.881192517883
1791079802,250,,Aggregated,122.800000,0.000000,6,7,11,13,20,41,120,230,600,740,800,22613,0,6,15.127745062317684,1.9570000004023314,804.2067000060342,4753.410250740724
1791079803,250,,Aggregated,123.400000,0.000000,5,7,11,13,20,41,120,230,600,740,800,22739,0,5,15.077822661270126,1.9570000004023314,804.2067000060342,4752.84432033071
1791079804,250,,Aggregated,123.800000,0.000000,5,7,11,13,20,40,120,230,600,740,800,22868,0,5,15.02736707603962,1.9570000004023314,804.2067000060342,4753.774488368025
1791079805,250,,Aggregated,123.500000,0.000000,5,7,10,13,20,40,120,230,600,740,800,22995,0,5,14.97649023676948,1.9570000004023314,804.2067000060342,4754.152728854098
1791079806,250,,Aggregated,125.200000,0.000000,6,8,11,13,21,45,140,260,610,740,800,23169,0,6,15.944502153509731,1.9570000004023314,804.2067000060342,4756.748672795546
1791079807,250,,Aggregated,125.000000,0.000000,6,8,11,13,21,45,140,260,610,740,800,23290,0,6,15.90867914963624,1.9570000004023314,804.2067000060342,4757.3188492915415
1791079808,250,,Aggregated,118.200000,0.000000,6,8,11,13,21,45,140,260,610,740,800,23403,0,6,15.858538144455869,1.9570000004023314,804.2067000060342,4757.502926975174
1791079809,250,,Aggregated,123.900000,0.000000,6,8,11,13,21,44,140,260,610,740,800,23533,0,6,15.807073356349271,1.9570000004023314,804.2067000060342,4758.414949220244
1791079810,250,,Aggregated,123.700000,0.000000,5,8,11,13,21,44,140,260,610,740,800,23649,0,5,15.759556365809676,1.9570000004023314,804.2067000060342,4759.01712545985
1791079811,250,,Aggregated,121.800000,0.000000,5,7,11,13,20,44,130,260,610,740,800,23764,0,5,15.714980718526236,1.9570000004023314,804.2067000060342,4757.328606295237
1791079813,250,,Aggregated,123.300000,0.000000,5,7,11,13,20,44,130,260,610,740,800,23900,0,5,15.661808966316096,1.9570000004023314,804.2067000060342,4757.913430962343
1791079814,250,,Aggregated,122.000000,0.000000,5,7,11,13,20,43,130,250,600,740,800,24021,0,5,15.619561029721215,1.9570000004023314,804.2067000060342,4757.568627450981
1791079815,250,,Aggregated,121.400000,0.000000,5,7,11,13,20,43,130,250,600,740,800,24173,0,5,15.562251722771459,1.9570000004023314,804.2067000060342,4756.518181442105
1791079816,250,,Aggregated,121.800000,0.000000,5,7,11,13,20,43,130,250,600,740,800,24282,0,5,15.523172567953242,1.9570000004023314,804.2067000060342,4757.039906103287
1791079817,250,,Aggregated,124.100000,0.000000,5,7,11,13,20,43,130,250,600,740,800,24415,0,5,15.47920219108362,1.9570000004023314,804.2067000060342,4759.030268277698
1791079818,250,,Aggregated,128.700000,0.000000,5,7,11,13,20,42,130,250,600,740,800,24535,0,5,15.437714558618383,1.9570000004023314,804.2067000060342,4760.78728347259
1791079819,250,,Aggregated,123.600000,0.000000,5,7,10,13,20,42,130,240,600,740,800,24660,0,5,15.392544338819443,1.9570000004023314,804.2067000060342,4761.027412814274
1791079820,250,,Aggregated,123.800000,0.000000,5,7,10,13,20,42,130,240,600,740,800,24771,0,5,15.35780196178356,1.9570000004023314,804.2067000060342,4760.661216745388
1791079821,250,,Aggregated,125.100000,0.000000,5,7,10,13,20,42,130,240,600,740,800,24912,0,5,15.318822350497438,1.9570000004023314,804.2067000060342,4760.7011078998075
1791079822,250,,Aggregated,122.900000,0.000000,5,7,10,13,20,41,130,240,600,740,800,25022,0,5,15.279399568221004,1.9570000004023314,804.2067000060342,4760.416633362641
1791079823,250,,Aggregated,125.700000,0.000000,5,7,10,13,20,41,130,240,600,740,800,25150,0,5,15.237704600245927,1.9570000004023314,804.2067000060342,4761.098767395626
1791079824,250,,Aggregated,124.300000,0.000000,5,7,10,13,20,41,120,240,600,740,800,25275,0,5,15.204274156133152,1.9570000004023314,804.2067000060342,4761.356399604352
1791079825,250,,Aggregated,124.200000,0.000000,5,7,10,13,20,41,120,240,600,740,800,25393,0,5,15.165343925364144,1.9570000004023314,804.2067000060342,4761.337573346986
1791079826,250,,Aggregated,124.700000,0.000000,5,7,10,13,20,40,120,240,600,740,800,25534,0,5,15.121284941520786,1.9570000004023314,804.2067000060342,4758.554515547897
1791079827,250,,Aggregated,121.400000,0.000000,5,7,10,13,20,40,120,240,600,740,800,25652,0,5,15.085527853439382,1.9570000004023314,804.2067000060342,4756.410962108218
1791079828,250,,Aggregated,124.200000,0.000000,5,7,10,13,20,40,120,240,600,740,800,25775,0,5,15.043771875715994,1.9570000004023314,804.2067000060342,4755.875033947624
1791079829,250,,Aggregated,122.400000,0.000000,5,7,10,13,20,40,120,240,600,740,800,25924,0,5,15.002818800989887,1.9570000004023314,804.2067000060342,4754.528390680451
1791079830,250,,Aggregated,123.100000,0.000000,5,7,10,13,20,39,120,240,600,740,800,26044,0,5,14.964005498267335,1.9570000004023314,804.2067000060342,4754.318768238366
1791079831,250,,Aggregated,124.500000,0.000000,5,7,10,13,20,40,120,240,600,740,800,26181,0,5,15.027160803516846,1.9570000004023314,804.2067000060342,4754.117986325961
1791079832,250,,Aggregated,125.200000,0.000000,5,7,10,13,20,40,120,230,600,740,800,26298,0,5,14.995754783521141,1.9570000004023314,804.2067000060342,4754.769145942657
1791079833,250,,Aggregated,123.400000,0.000000,5,7,10,13,20,40,120,230,600,740,800,26433,0,5,14.95130654096433,1.9570000004023314,804.2067000060342,4756.2816176748765
1791079834,250,,Aggregated,125.000000,0.000000,5,7,10,13,20,40,110,230,600,740,800,26560,0,5,14.910187063156101,1.9570000004023314,804.2067000060342,4756.716189759036
1791079835,250,,Aggregated,125.400000,0.000000,5,7,10,13,20,40,110,230,600,740,800,26685,0,5,14.871194011525924,1.9570000004023314,804.2067000060342,4756.834551246018
1791079836,250,,Aggregated,125.400000,0.000000,5,7,10,13,20,39,110,230,600,740,800,26808,0,5,14.830517632697623,1.9570000004023314,804.2067000060342,4755.122388839152
1791079837,250,,Aggregated,125.700000,0.000000,5,7,10,13,20,39,110,230,600,740,800,26933,0,5,14.790670808945729,1.9570000004023314,804.2067000060342,4755.930568447629
1791079838,250,,Aggregated,124.900000,0.000000,5,7,10,12,20,39,110,230,600,740,800,27057,0,5,14.75038286569792,1.9570000004023314,804.2067000060342,4755.576597553313
1791079839,250,,Aggregated,124.700000,0.000000,5,7,10,12,19,39,110,230,600,740,800,27166,0,5,14.710991375156713,1.9570000004023314,804.2067000060342,4755.992674666863
1791079840,250,,Aggregated,124.300000,0.000000,5,7,10,12,19,38,110,230,600,740,800,27306,0,5,14.666544495635941,1.9570000004023314,804.2067000060342,4756.319856441808
1791079841,250,,Aggregated,122.200000,0.000000,5,7,10,12,19,38,110,230,600,740,800,27420,0,5,14.633186228955768,1.9570000004023314,804.2067000060342,4756.201422319475
1791079842,250,,Aggregated,123.700000,0.000000,5,7,10,12,19,38,110,230,600,740,800,27543,0,5,14.595034455162867,1.9570000004023314,804.2067000060342,4754.678030715609
1791079843,250,,Aggregated,123.300000,0.000000,5,7,10,12,19,38,110,230,600,740,800,27664,0,5,14.555770709163385,1.9570000004023314,804.2067000060342,4756.157280219781
1791079844,250,,Aggregated,123.000000,0.000000,5,7,10,12,19,37,110,230,600,740,800,27805,0,5,14.51496038836233,1.9570000004023314,804.2067000060342,4755.939615177126
1791079845,250,,Aggregated,122.300000,0.000000,5,7,10,12,19,37,110,230,600,740,800,27912,0,5,14.484033333273098,1.9570000004023314,804.2067000060342,4756.218078245915
1791079846,250,,Aggregated,122.300000,0.000000,5,7,10,12,19,37,110,230,590,740,800,28048,0,5,14.448296894525539,1.9570000004023314,804.2067000060342,4756.425484883058
1791079847,250,,Aggregated,122.200000,0.000000,5,7,10,12,19,37,110,220,590,740,800,28171,0,5,14.420274225175065,1.9570000004023314,804.2067000060342,4756.315963224592
1791079848,250,,Aggregated,121.900000,0.000000,5,7,10,12,19,37,110,220,590,740,800,28303,0,5,14.382579097537711,1.9570000004023314,804.2067000060342,4755.410627848638
1791079849,250,,Aggregated,123.600000,0.000000,5,7,10,12,19,37,110,220,590,740,800,28427,0,5,14.349603130743315,1.9570000004023314,804.2067000060342,4756.299890948746
1791079850,250,,Aggregated,123.100000,0.000000,5,7,10,12,19,36,110,220,590,740,800,28546,0,5,14.314078322615192,1.9570000004023314,804.2067000060342,4755.905590975969
1791079851,250,,Aggregated,124.100000,0.000000,5,7,10,12,19,36,110,220,590,740,800,28674,0,5,14.294237866958419,1.9570000004023314,804.2067000060342,4755.360326428123
1791079852,250,,Aggregated,123.300000,0.000000,5,7,10,12,19,36,110,220,590,740,800,28810,0,5,14.259155442451211,1.9570000004023314,804.2067000060342,4755.3023602915655
1791079853,250,,Aggregated,124.500000,0.000000,5,7,10,12,19,36,110,220,590,740,800,28933,0,5,14.224907925110845,1.9570000004023314,804.2067000060342,4754.795527598244
1791079854,250,,Aggregated,125.300000,0.000000,5,7,10,12,19,36,100,220,590,740,800,29057,0,5,14.191390181260108,1.9570000004023314,804.2067000060342,4754.404308772413
1791079855,250,,Aggregated,124.600000,0.000000,5,7,10,12,19,36,100,220,590,740,800,29174,0,5,14.157434887099406,1.9570000004023314,804.2067000060342,4753.966819771029
1791079856,250,,Aggregated,123.900000,0.000000,5,7,10,12,19,35,100,220,590,740,800,29307,0,5,14.11982443089621,1.9570000004023314,804.2067000060342,4754.517828505135
1791079857,250,,Aggregated,124.500000,0.000000,5,7,10,12,19,35,100,220,590,740,800,29425,0,5,14.091154287053714,1.9570000004023314,804.2067000060342,4753.085369583688
1791079858,250,,Aggregated,123.800000,0.000000,5,7,10,12,19,35,100,220,590,740,800,29560,0,5,14.05118645794396,1.9570000004023314,804.2067000060342,4753.421853856563
1791079859,250,,Aggregated,123.000000,0.000000,5,7,10,12,19,35,100,210,590,740,800,29690,0,5,14.01781584696895,1.9570000004023314,804.2067000060342,4753.445739306164
1791079860,250,,Aggregated,125.900000,0.000000,5,7,10,12,19,35,100,210,590,740,800,29799,0,5,14.003012164720067,1.9570000004023314,804.2067000060342,4753.889358703313
1791079861,250,,Aggregated,125.200000,0.000000,5,7,10,12,19,34,100,210,590,740,800,29933,0,5,13.97091289869802,1.9570000004023314,804.2067000060342,4755.106471118832
1791079862,250,,Aggregated,125.300000,0.000000,5,7,10,12,19,34,100,210,590,720,800,30061,0,5,13.942015684677237,1.9570000004023314,804.2067000060342,4754.453278334054
1791079863,250,,Aggregated,123.700000,0.000000,5,7,10,12,19,34,100,210,590,720,800,30181,0,5,13.935285003705685,1.9570000004023314,804.2067000060342,4754.765315927239
1791079864,250,,Aggregated,124.300000,0.000000,5,7,10,12,19,34,100,210,590,720,800,30296,0,5,13.92032152749384,1.9570000004023314,804.2067000060342,4754.961810139953
1791079865,250,,Aggregated,124.500000,0.000000,5,7,10,12,19,34,100,210,590,720,800,30437,0,5,13.883689565236512,1.9570000004023314,804.2067000060342,4755.10950487893
1791079866,250,,Aggregated,124.200000,0.000000,5,7,10,12,19,34,100,210,590,720,800,30545,0,5,13.856633933440776,1.9570000004023314,804.2067000060342,4755.517335079391
1791079867,250,,Aggregated,123.300000,0.000000,5,7,10,12,19,34,100,210,590,720,800,30675,0,5,13.823860094441555,1.9570000004023314,804.2067000060342,4755.287921760391
1791079868,250,,Aggregated,124.200000,0.000000,5,7,10,12,19,33,98,210,590,720,800,30807,0,5,13.797438075674686,1.9570000004023314,804.2067000060342,4754.756289155062
1791079869,250,,Aggregated,124.700000,0.000000,5,7,10,12,19,33,98,210,590,720,800,30920,0,5,13.77010738024853,1.9570000004023314,804.2067000060342,4754.596119016817
1791079870,250,,Aggregated,122.700000,0.000000,5,7,10,12,19,33,98,210,590,720,800,31051,0,5,13.740284760485354,1.9570000004023314,804.2067000060342,4754.676081285626
1791079871,250,,Aggregated,122.300000,0.000000,5,7,10,12,18,33,98,210,590,720,800,31181,0,5,13.70829860805476,1.9570000004023314,804.2067000060342,4754.952246560405
1791079872,250,,Aggregated,123.000000,0.000000,5,7,10,12,18,33,97,210,590,720,800,31308,0,5,13.682296428971712,1.9570000004023314,804.2067000060342,4754.011754184234
1791079873,250,,Aggregated,123.900000,0.000000,5,7,10,12,18,33,97,210,590,720,800,31427,0,5,13.655402179597376,1.9570000004023314,804.2067000060342,4754.479842173927
1791079874,250,,Aggregated,122.900000,0.000000,5,7,10,12,18,33,97,210,590,720,800,31547,0,5,13.627895761821309,1.9570000004023314,804.2067000060342,4754.241259073763
1791079875,250,,Aggregated,123.400000,0.000000,5,7,10,12,18,33,97,210,590,720,800,31674,0,5,13.596181079055695,1.9570000004023314,804.2067000060342,4755.2127296836525
1791079876,250,,Aggregated,123.600000,0.000000,5,7,10,12,18,32,97,200,590,720,800,31793,0,5,13.56828553134307,1.9570000004023314,804.2067000060342,4755.620954298116
1791079877,250,,Aggregated,123.200000,0.000000,5,7,10,12,18,32,96,200,590,720,800,31907,0,5,13.541241761919917,1.9570000004023314,804.2067000060342,4755.700097157363
1791079878,250,,Aggregated,124.100000,0.000000,5,7,10,12,18,32,96,200,580,720,800,32035,0,5,13.51376348362078,1.9570000004023314,804.2067000060342,4756.078788824723
1791079879,250,,Aggregated,122.900000,0.000000,5,7,10,12,18,32,95,200,580,720,800,32152,0,5,13.486082284082531,1.9570000004023314,804.2067000060342,4756.802469519781
1791079880,250,,Aggregated,122.400000,0.000000,5,7,10,12,18,32,95,200,580,720,800,32279,0,5,13.471262504967944,1.9570000004023314,804.2067000060342,4756.334892654667
1791079881,250,,Aggregated,122.700000,0.000000,5,7,10,12,18,32,95,200,580,720,800,32403,0,5,13.443504626045014,1.9570000004023314,804.2067000060342,4756.047835076999
1791079882,250,,Aggregated,121.400000,0.000000,5,7,10,12,18,32,95,200,580,720,800,32533,0,5,13.415566867418411,1.9570000004023314,804.2067000060342,4756.008883287738
1791079883,250,,Aggregated,122.100000,0.000000,5,7,10,12,18,32,94,200,580,720,800,32664,0,5,13.38660928232991,1.9570000004023314,804.2067000060342,4756.822005878031
1791079884,250,,Aggregated,123.000000,0.000000,5,7,10,12,18,31,94,200,580,720,800,32790,0,5,13.358799228366589,1.9570000004023314,804.2067000060342,4756.431229033242
1791079885,250,,Aggregated,122.600000,0.000000,5,7,10,12,18,31,93,200,580,720,800,32910,0,5,13.330588903013446,1.9570000004023314,804.2067000060342,4757.322455180796
1791079886,250,,Aggregated,123.800000,0.000000,5,7,10,12,18,31,93,200,580,720,800,33049,0,5,13.304786955693324,1.9570000004023314,804.2067000060342,4755.55874610427
1791079887,250,,Aggregated,124.100000,0.000000,5,7,10,12,18,31,93,200,580,720,800,33176,0,5,13.27996856759372,1.9570000004023314,804.2067000060342,4754.396642150952
1791079888,250,,Aggregated,122.300000,0.000000,5,7,10,12,18,31,93,190,580,720,800,33300,0,5,13.25220988884564,1.9570000004023314,804.2067000060342,4754.624174174174
1791079889,250,,Aggregated,124.500000,0.000000,5,7,10,12,18,31,93,190,580,720,800,33431,0,5,13.224517660210719,1.9570000004023314,804.2067000060342,4755.075827824474
1791079890,250,,Aggregated,124.300000,0.000000,5,7,9,12,18,31,92,190,580,720,800,33558,0,5,13.198214315478594,1.9570000004023314,804.2067000060342,4755.638446868109
1791079891,250,,Aggregated,125.500000,0.000000,5,7,9,12,18,30,92,190,580,720,800,33677,0,5,13.176805211230795,1.9570000004023314,804.2067000060342,4755.808355851174
1791079892,250,,Aggregated,125.800000,0.000000,5,7,9,12,18,30,92,190,580,720,800,33806,0,5,13.155025489519248,1.9570000004023314,804.2067000060342,4755.113944270248
1791079893,250,,Aggregated,125.500000,0.000000,5,7,9,12,18,30,91,190,580,720,800,33952,0,5,13.140971601053408,1.9570000004023314,804.2067000060342,4755.1187558906695
1791079895,250,,Aggregated,125.200000,0.000000,5,7,9,12,18,30,91,190,580,720,800,34077,0,5,13.114050878870986,1.9570000004023314,804.2067000060342,4755.295477888311
1791079896,250,,Aggregated,125.200000,0.000000,5,7,9,12,18,30,91,190,580,720,800,34204,0,5,13.089872754625475,1.9570000004023314,804.2067000060342,4754.353058121857
1791079897,250,,Aggregated,126.000000,0.000000,5,7,9,12,18,30,91,190,580,720,800,34340,0,5,13.06270311878648,1.9570000004023314,804.2067000060342,4753.995777518929
1791079898,250,,Aggregated,126.700000,0.000000,5,7,9,12,18,30,90,190,580,720,800,34487,0,5,13.056271534176629,1.9570000004023314,804.2067000060342,4753.835996172471
1791079899,250,,Aggregated,126.900000,0.000000,5,7,9,12,18,30,90,190,580,720,800,34601,0,5,13.03481249962102,1.9570000004023314,804.2067000060342,4753.421317302968
1791079900,250,,Aggregated,126.700000,0.000000,5,7,9,12,18,30,90,190,580,720,800,34729,0,5,13.009801667174909,1.9570000004023314,804.2067000060342,4753.555328399896
1791079901,250,,Aggregated,124.500000,0.000000,5,7,9,12,18,30,89,190,580,720,800,34855,0,5,12.986071326907096,1.9570000004023314,804.2067000060342,4753.329536651843
1791079902,250,,Aggregated,125.400000,0.000000,5,7,9,12,18,29,89,190,580,720,800,34982,0,5,12.961519904507748,1.9570000004023314,804.2067000060342,4752.8890286433025
1791079903,250,,Aggregated,125.100000,0.000000,5,7,9,12,18,32,94,200,580,720,800,35148,0,5,13.321106483985886,1.9570000004023314,804.2067000060342,4753.212103106863
1791079904,250,,Aggregated,125.500000,0.000000,5,7,9,12,18,32,94,200,580,720,800,35270,0,5,13.29850099516028,1.9570000004023314,804.2067000060342,4753.258576694075
1791079905,250,,Aggregated,125.300000,0.000000,5,7,9,12,18,31,94,200,580,720,800,35395,0,5,13.271745045900333,1.9570000004023314,804.2067000060342,4754.142816782031
1791079906,250,,Aggregated,124.100000,0.000000,5,7,9,12,18,31,93,190,580,720,800,35525,0,5,13.244655670645338,1.9570000004023314,804.2067000060342,4754.79724137931
1791079907,250,,Aggregated,124.600000,0.000000,5,7,9,12,18,31,93,190,580,720,800,35662,0,5,13.217882064927133,1.9570000004023314,804.2067000060342,4754.409118950143
1791079908,250,,Aggregated,124.300000,0.000000,5,7,9,12,18,31,93,190,580,720,800,35779,0,5,13.196457788064498,1.9570000004023314,804.2067000060342,4754.165655831633
1791079909,250,,Aggregated,123.800000,0.000000,5,7,9,12,18,31,93,190,580,720,800,35904,0,5,13.170942020365219,1.9570000004023314,804.2067000060342,4754.678531639929
1791079910,250,,Aggregated,125.000000,0.000000,5,7,9,12,18,31,92,190,580,720,800,36040,0,5,13.149208374003676,1.9570000004023314,804.2067000060342,4754.384572697003
1791079911,250,,Aggregated,126.000000,0.000000,5,7,9,12,18,31,92,190,580,720,800,36146,0,5,13.13346685661037,1.9570000004023314,804.2067000060342,4754.715680849887
1791079912,250,,Aggregated,125.100000,0.000000,5,7,9,12,18,31,92,190,580,720,800,36282,0,5,13.110406416365826,1.9570000004023314,804.2067000060342,4753.774516289069
1791079913,250,,Aggregated,125.600000,0.000000,5,7,9,12,18,30,91,190,580,720,800,36402,0,5,13.090825803504293,1.9570000004023314,804.2067000060342,4754.520136256249
1791079914,250,,Aggregated,123.600000,0.000000,5,7,9,12,18,30,91,190,580,720,800,36530,0,5,13.064233930998826,1.9570000004023314,804.2067000060342,4753.978620312072
1791079915,250,,Aggregated,127.200000,0.000000,5,7,9,12,18,30,91,190,580,720,800,36660,0,5,13.039345002714562,1.9570000004023314,804.2067000060342,4753.41031096563
1791079916,250,,Aggregated,125.400000,0.000000,5,7,9,12,18,30,91,190,580,720,800,36773,0,5,13.017254153848699,1.9570000004023314,804.2067000060342,4752.928697685802
1791079917,250,,Aggregated,124.600000,0.000000,5,7,9,12,18,30,90,190,580,720,800,36902,0,5,12.99002998210285,1.9570000004023314,804.2067000060342,4754.498157281449
1791079918,250,,Aggregated,125.800000,0.000000,5,7,9,12,18,30,90,190,580,720,800,37021,0,5,12.967657642935347,1.9570000004023314,804.2067000060342,4754.062478052997
1791079919,250,,Aggregated,123.800000,0.000000,5,7,9,12,18,30,90,190,580,720,800,37145,0,5,12.94305255618207,1.9570000004023314,804.2067000060342,4754.160533046171
1791079920,250,,Aggregated,122.500000,0.000000,5,7,9,12,18,30,89,190,580,720,800,37263,0,5,12.921366140657867,1.9570000004023314,804.2067000060342,4754.82180715455
1791079921,250,,Aggregated,123.600000,0.000000,5,7,9,12,18,29,89,190,580,720,800,37402,0,5,12.89566664347205,1.9570000004023314,804.2067000060342,4754.398721993476
1791079922,250,,Aggregated,122.800000,0.000000,5,7,9,12,17,29,89,190,580,720,800,37515,0,5,12.873848012769113,1.9570000004023314,804.2067000060342,4755.431667333067
1791079923,250,,Aggregated,122.900000,0.000000,5,7,9,12,18,30,89,190,580,720,800,37656,0,5,12.884159730160999,1.9570000004023314,804.2067000060342,4753.955704270235
1791079924,250,,Aggregated,124.600000,0.000000,5,7,9,12,18,29,88,190,580,720,800,37774,0,5,12.86328262294258,1.9570000004023314,804.2067000060342,4753.741382961825
1791079925,250,,Aggregated,123.200000,0.000000,5,7,9,12,17,29,88,180,580,720,800,37901,0,5,12.842957098737505,1.9570000004023314,804.2067000060342,4753.373815994301
1791079926,250,,Aggregated,123.000000,0.000000,5,7,9,12,17,29,88,180,570,720,800,38027,0,5,12.819614915707973,1.9570000004023314,804.2067000060342,4753.034107344782
1791079927,250,,Aggregated,123.500000,0.000000,5,7,9,11,17,29,87,180,570,720,800,38165,0,5,12.800229026580144,1.9570000004023314,804.2067000060342,4753.3482248133105
1791079928,250,,Aggregated,122.000000,0.000000,5,7,9,11,17,29,87,180,570,720,800,38290,0,5,12.777102669085854,1.9570000004023314,804.2067000060342,4754.227291721076
1791079929,250,,Aggregated,123.900000,0.000000,5,7,9,11,17,29,87,180,570,720,800,38422,0,5,12.75848571389798,1.9570000004023314,804.2067000060342,4754.949612201343
1791079930,250,,Aggregated,124.900000,0.000000,5,7,9,11,17,29,86,180,570,720,800,38546,0,5,12.739408226516817,1.9570000004023314,804.2067000060342,4755.625979349349
1791079932,250,,Aggregated,125.200000,0.000000,5,7,9,11,17,29,87,180,570,720,800,38679,0,5,12.76455468857129,1.9570000004023314,804.2067000060342,4755.798624576643
1791079933,250,,Aggregated,123.900000,0.000000,5,7,9,11,17,29,86,180,570,720,800,38808,0,5,12.743844900522163,1.9570000004023314,804.2067000060342,4755.884353741497
1791079934,250,,Aggregated,122.800000,0.000000,5,7,9,11,17,29,86,180,570,720,800,38934,0,5,12.725112546861945,1.9570000004023314,804.2067000060342,4755.922458519546
1791079935,250,,Aggregated,123.100000,0.000000,5,7,9,11,17,29,86,180,570,720,800,39060,0,5,12.702712142843366,1.9570000004023314,804.2067000060342,4755.8613159242195
1791079936,250,,Aggregated,123.700000,0.000000,5,7,9,11,17,29,86,180,570,720,800,39169,0,5,12.684703068738115,1.9570000004023314,804.2067000060342,4756.72782047027
1791079937,250,,Aggregated,124.100000,0.000000,5,7,9,11,17,29,85,180,570,720,800,39295,0,5,12.661727973009528,1.9570000004023314,804.2067000060342,4756.7766891462015
1791079938,250,,Aggregated,123.200000,0.000000,5,7,9,11,17,29,85,180,570,720,800,39426,0,5,12.641176974565713,1.9570000004023314,804.2067000060342,4756.6322477552885
1791079939,250,,Aggregated,122.200000,0.000000,5,7,9,11,17,29,85,180,570,720,800,39540,0,5,12.621126970140566,1.9570000004023314,804.2067000060342,4756.871750126455
1791079940,250,,Aggregated,122.200000,0.000000,5,7,9,11,17,29,84,180,570,720,800,39678,0,5,12.608056731670931,1.9570000004023314,804.2067000060342,4755.8248903674585
1791079941,250,,Aggregated,121.500000,0.000000,5,7,9,11,17,29,84,180,570,720,800,39812,0,5,12.635334886441235,1.9570000004023314,804.2067000060342,4754.874208781272
1791079942,250,,Aggregated,123.200000,0.000000,5,7,9,11,17,29,84,170,570,720,800,39935,0,5,12.615492693103953,1.9570000004023314,804.2067000060342,4755.155277325654
1791079943,250,,Aggregated,123.900000,0.000000,5,7,9,11,17,29,84,170,570,690,800,40070,0,5,12.592666680796878,1.9570000004023314,804.2067000060342,4754.678712253556
1791079944,250,,Aggregated,124.600000,0.000000,5,7,9,12,18,31,96,200,590,690,800,40236,0,5,13.354548317419969,1.9570000004023314,804.2067000060342,4754.857366537429
1791079945,250,,Aggregated,125.800000,0.000000,5,7,9,12,18,31,95,200,590,690,800,40344,0,5,13.347893007619122,1.9570000004023314,804.2067000060342,4754.554134443783
1791079946,250,,Aggregated,120.700000,0.000000,5,7,9,12,18,31,95,200,590,690,800,40465,0,5,13.326975227964864,1.9570000004023314,804.2067000060342,4754.467638700111
1791079947,250,,Aggregated,122.500000,0.000000,5,7,9,12,18,31,95,200,590,690,800,40591,0,5,13.303919570826112,1.9570000004023314,804.2067000060342,4754.4556921485055
1791079948,250,,Aggregated,123.000000,0.000000,5,7,9,12,18,31,95,200,590,690,800,40720,0,5,13.302954086428176,1.9570000004023314,804.2067000060342,4754.388089390963
1791079949,250,,Aggregated,123.200000,0.000000,5,7,9,12,18,31,95,200,590,690,800,40833,0,5,13.280719540544432,1.9570000004023314,804.2067000060342,4753.664242157079
1791079950,250,,Aggregated,122.900000,0.000000,5,7,9,12,18,31,94,200,590,690,800,40968,0,5,13.263184295032865,1.9570000004023314,804.2067000060342,4753.991017379418
1791079951,250,,Aggregated,124.400000,0.000000,5,7,9,12,18,31,94,200,590,690,800,41082,0,5,13.24472600406128,1.9570000004023314,804.2067000060342,4753.911640134365
1791079952,250,,Aggregated,121.700000,0.000000,5,7,9,12,18,31,94,200,590,690,800,41198,0,5,13.225062119501462,1.9570000004023314,804.2067000060342,4753.727486771202
1791079953,250,,Aggregated,122.200000,0.000000,5,7,9,12,18,31,93,200,590,690,800,41342,0,5,13.214675468039623,1.9570000004023314,804.2067000060342,4754.147065937787
1791079954,250,,Aggregated,121.400000,0.000000,5,7,9,12,18,31,93,200,590,690,800,41456,0,5,13.191989195753347,1.9570000004023314,804.2067000060342,4755.046796603628
1791079955,250,,Aggregated,119.900000,0.000000,5,7,9,11,18,30,93,200,590,690,800,41590,0,5,13.167471214215826,1.9570000004023314,804.2067000060342,4754.370401538831
1791079956,250,,Aggregated,125.800000,0.000000,5,7,9,11,18,30,93,190,590,690,800,41716,0,5,13.148557366466568,1.9570000004023314,804.2067000060342,4754.784111611852
1791079957,250,,Aggregated,122.800000,0.000000,5,7,9,11,17,30,92,190,590,690,800,41834,0,5,13.130260211773377,1.9570000004023314,804.2067000060342,4754.3510063584645
1791079958,250,,Aggregated,124.200000,0.000000,5,7,9,11,17,30,92,190,590,690,800,41951,0,5,13.10952587064624,1.9570000004023314,804.2067000060342,4754.722199709185
1791079959,250,,Aggregated,123.700000,0.000000,5,7,9,11,17,30,92,190,590,690,800,42076,0,5,13.09115948995469,1.9570000004023314,804.2067000060342,4753.89300313718
1791079960,250,,Aggregated,124.000000,0.000000,5,7,9,11,17,30,92,190,590,690,800,42203,0,5,13.07327055420604,1.9570000004023314,804.2067000060342,4753.658910503993
1791079961,250,,Aggregated,122.000000,0.000000,5,7,9,11,17,30,91,190,590,690,800,42340,0,5,13.05320119979158,1.9570000004023314,804.2067000060342,4752.853637222484
1791079962,250,,Aggregated,123.300000,0.000000,5,7,9,11,17,30,91,190,590,690,800,42461,0,5,13.031473095294619,1.9570000004023314,804.2067000060342,4753.432373236617
1791079963,250,,Aggregated,122.400000,0.000000,5,7,9,11,17,30,91,190,590,690,800,42593,0,5,13.011660371416161,1.9570000004023314,804.2067000060342,4753.301763200526
1791079964,250,,Aggregated,124.600000,0.000000,5,7,9,11,17,29,91,190,590,690,800,42713,0,5,12.99785374242197,1.9570000004023314,804.2067000060342,4753.0554163837705
1791079965,250,,Aggregated,124.700000,0.000000,5,7,9,11,17,29,90,190,590,690,800,42847,0,5,12.973838166032605,1.9570000004023314,804.2067000060342,4753.007608467337
1791079966,250,,Aggregated,123.700000,0.000000,5,7,9,11,17,29,90,190,590,690,800,42969,0,5,12.956356119527317,1.9570000004023314,804.2067000060342,4752.8224766692265
1791079967,250,,Aggregated,124.800000,0.000000,5,7,9,11,17,29,90,190,590,690,800,43090,0,5,12.936824873523626,1.9570000004023314,804.2067000060342,4752.167184961708
1791079968,250,,Aggregated,124.700000,0.000000,5,7,9,11,17,29,89,190,590,690,800,43221,0,5,12.914840193437911,1.9570000004023314,804.2067000060342,4752.888642095278
1791079969,250,,Aggregated,125.600000,0.000000,5,7,9,11,17,29,89,190,590,690,800,43337,0,5,12.895945676920297,1.9570000004023314,804.2067000060342,4752.534970117913
1791079970,250,,Aggregated,125.200000,0.000000,5,7,9,11,17,29,89,190,590,690,800,43465,0,5,12.882866043955076,1.9570000004023314,804.2067000060342,4752.733854825722
1791079971,250,,Aggregated,126.400000,0.000000,5,7,9,11,17,29,88,190,590,690,800,43590,0,5,12.864204468924253,1.9570000004023314,804.2067000060342,4752.664166093141
1791079972,250,,Aggregated,124.700000,0.000000,5,7,9,11,17,29,88,190,590,690,800,43709,0,5,12.846151376153166,1.9570000004023314,804.2067000060342,4752.333455352445
1791079973,250,,Aggregated,126.600000,0.000000,5,7,9,11,17,29,88,190,590,690,800,43843,0,5,12.833085872332997,1.9570000004023314,804.2067000060342,4752.389868394042
1791079974,250,,Aggregated,125.300000,0.000000,5,7,9,11,17,29,87,190,590,690,800,43966,0,5,12.815919471883452,1.9570000004023314,804.2067000060342,4751.795455579311
1791079975,250,,Aggregated,123.800000,0.000000,5,7,9,11,17,29,87,180,580,690,800,44083,0,5,12.79632500966246,1.9570000004023314,804.2067000060342,4751.747998094504
1791079976,250,,Aggregated,125.000000,0.000000,5,7,9,11,17,28,87,180,580,690,800,44209,0,5,12.77694040808528,1.9570000004023314,804.2067000060342,4752.081725440521
1791079977,250,,Aggregated,124.500000,0.000000,5,7,9,11,17,28,87,180,580,690,800,44342,0,5,12.762350559311942,1.9570000004023314,804.2067000060342,4752.453339948582
1791079978,250,,Aggregated,123.500000,0.000000,5,7,9,11,17,28,86,180,580,690,800,44458,0,5,12.745581126023152,1.9570000004023314,804.2067000060342,4753.088015655225
1791079979,250,,Aggregated,122.800000,0.000000,5,7,9,11,17,28,86,180,580,690,800,44585,0,5,12.728554448820189,1.9570000004023314,804.2067000060342,4753.380980150275
1791079980,250,,Aggregated,124.100000,0.000000,5,7,9,11,17,28,86,180,580,690,800,44692,0,5,12.730998030977815,1.9570000004023314,804.2067000060342,4753.460127092097
1791079981,250,,Aggregated,123.100000,0.000000,5,7,9,11,17,28,86,180,580,690,800,44825,0,5,12.713029432251771,1.9570000004023314,804.2067000060342,4753.3319129949805
1791079982,250,,Aggregated,123.800000,0.000000,5,7,9,11,17,28,85,180,580,690,800,44955,0,5,12.691956854656052,1.9570000004023314,804.2067000060342,4753.563786008231
1791079983,250,,Aggregated,122.400000,0.000000,5,7,9,11,17,28,85,180,580,690,800,45086,0,5,12.671423461852603,1.9570000004023314,804.2067000060342,4753.62398527259
1791079984,250,,Aggregated,122.400000,0.000000,5,7,9,11,17,28,85,180,580,690,800,45209,0,5,12.653776582122,1.9570000004023314,804.2067000060342,4753.509301245327
1791079985,250,,Aggregated,123.300000,0.000000,5,7,9,11,17,28,85,180,580,690,800,45345,0,5,12.635545702974882,1.9570000004023314,804.2067000060342,4753.719660381519
1791079986,250,,Aggregated,123.300000,0.000000,5,7,9,11,17,28,84,180,580,690,800,45456,0,5,12.618663146802897,1.9570000004023314,804.2067000060342,4753.189017951426
1791079987,250,,Aggregated,123.400000,0.000000,5,7,9,11,17,28,84,180,580,690,800,45587,0,5,12.60243034858306,1.9570000004023314,804.2067000060342,4753.1615592164435
1791079988,250,,Aggregated,124.600000,0.000000,5,7,9,11,17,28,84,180,580,690,800,45713,0,5,12.58326261240296,1.9570000004023314,804.2067000060342,4753.317524555378
1791079989,250,,Aggregated,123.400000,0.000000,5,7,9,11,17,28,83,180,580,690,800,45842,0,5,12.563333211922387,1.9570000004023314,804.2067000060342,4753.492517778456
1791079990,250,,Aggregated,123.700000,0.000000,5,7,9,11,17,28,83,180,580,690,800,45957,0,5,12.56095682705349,1.9570000004023314,804.2067000060342,4753.437648236395
1791079991,250,,Aggregated,124.800000,0.000000,5,7,9,11,17,28,83,180,580,690,800,46094,0,5,12.572386625172491,1.9570000004023314,804.2067000060342,4752.7922723131
1791079992,250,,Aggregated,125.100000,0.000000,5,7,9,11,17,28,83,170,580,690,800,46221,0,5,12.591973475276387,1.9570000004023314,804.2067000060342,4753.018130287099
1791079993,250,,Aggregated,125.000000,0.000000,5,7,9,11,17,28,82,170,580,690,800,46343,0,5,12.579785665595244,1.9570000004023314,804.2067000060342,4752.508081047839
1791079994,250,,Aggregated,125.300000,0.000000,5,7,9,11,17,28,81,170,580,690,800,46465,0,5,12.56186661359375,1.9570000004023314,804.2067000060342,4752.726331647476
1791079996,250,,Aggregated,125.600000,0.000000,5,7,9,11,17,28,81,170,580,690,800,46604,0,5,12.54119291693128,1.9570000004023314,804.2067000060342,4753.664556690413
1791079997,250,,Aggregated,124.000000,0.000000,5,7,9,11,17,28,81,170,580,690,800,46726,0,5,12.534028953921982,1.9570000004023314,804.2067000060342,4753.489491931687
1791079998,250,,Aggregated,124.800000,0.000000,5,7,9,11,17,28,81,170,580,690,800,46855,0,5,12.522216698335386,1.9570000004023314,804.2067000060342,4753.5111941094865
1791079999,250,,Aggregated,125.700000,0.000000,5,7,9,11,17,28,80,170,580,690,800,46980,0,5,12.507700125597667,1.9570000004023314,804.2067000060342,4752.753703703704
1791080000,250,,Aggregated,124.500000,0.000000,5,7,9,11,17,28,80,170,580,690,800,47107,0,5,12.491132593894797,1.9570000004023314,804.2067000060342,4751.9984291082
1791080001,250,,Aggregated,124.200000,0.000000,5,7,9,11,17,28,80,170,580,690,800,47231,0,5,12.480094092875246,1.9570000004023314,804.2067000060342,4751.906650293239
1791080002,250,,Aggregated,124.700000,0.000000,5,7,9,11,17,27,80,170,580,690,800,47346,0,5,12.465589883001607,1.9570000004023314,804.2067000060342,4752.188189076162
1791080003,250,,Aggregated,124.200000,0.000000,5,7,9,11,17,27,79,170,580,690,800,47475,0,5,12.453829864138838,1.9570000004023314,804.2067000060342,4751.094744602422
1791080004,250,,Aggregated,124.200000,0.000000,5,7,9,11,17,27,79,170,580,690,800,47607,0,5,12.44630200390737,1.9570000004023314,804.2067000060342,4751.168273573214
1791080005,250,,Aggregated,123.700000,0.000000,5,7,9,11,17,27,79,170,580,690,800,47743,0,5,12.427145945997786,1.9570000004023314,804.2067000060342,4751.566386695432
1791080006,250,,Aggregated,123.000000,0.000000,5,7,9,11,17,27,79,170,580,690,800,47856,0,5,12.415937723577173,1.9570000004023314,804.2067000060342,4751.106026412571
1791080007,250,,Aggregated,124.500000,0.000000,5,7,9,11,17,27,79,170,580,690,800,47988,0,5,12.41112367465622,1.9570000004023314,804.2067000060342,4751.330957739435
1791080008,250,,Aggregated,122.600000,0.000000,5,7,9,11,17,28,80,170,580,690,800,48163,0,5,12.492000654011855,1.9570000004023314,804.2067000060342,4752.2411187010775
1791080009,250,,Aggregated,124.100000,0.000000,5,7,9,11,17,28,80,170,580,690,800,48282,0,5,12.474675471177077,1.9570000004023314,804.2067000060342,4752.191334244646
1791080010,250,,Aggregated,122.300000,0.000000,5,7,9,11,17,28,79,170,580,690,800,48409,0,5,12.46006498997097,1.9570000004023314,804.2067000060342,4752.76064368196
1791080011,250,,Aggregated,122.900000,0.000000,5,7,9,11,17,28,79,170,580,690,800,48532,0,5,12.447870582281977,1.9570000004023314,804.2067000060342,4752.433260529136
1791080012,250,,Aggregated,121.100000,0.000000,5,7,9,11,17,28,79,170,580,690,800,48658,0,5,12.43537957991299,1.9570000004023314,804.2067000060342,4752.248037321715
1791080013,250,,Aggregated,122.300000,0.000000,5,7,9,11,17,28,79,170,580,690,800,48778,0,5,12.420956183098061,1.9570000004023314,804.2067000060342,4752.057525933823
1791080014,250,,Aggregated,122.400000,0.000000,5,7,9,11,17,28,79,160,580,690,800,48902,0,5,12.408019207786918,1.9570000004023314,804.2067000060342,4752.239233569179
1791080015,250,,Aggregated,123.300000,0.000000,5,7,9,11,17,27,79,160,580,690,800,49034,0,5,12.3892625749268,1.9570000004023314,804.2067000060342,4752.001570338948
1791080016,250,,Aggregated,123.300000,0.000000,5,7,9,11,17,27,79,160,580,690,800,49156,0,5,12.378435871494869,1.9570000004023314,804.2067000060342,4752.0748840426395
1791080017,250,,Aggregated,122.500000,0.000000,5,7,9,11,17,27,79,160,580,690,800,49293,0,5,12.369461980384688,1.9570000004023314,804.2067000060342,4751.943947416469
1791080018,250,,Aggregated,124.000000,0.000000,5,7,9,11,17,27,78,160,580,690,800,49408,0,5,12.359791383969046,1.9570000004023314,804.2067000060342,4751.850631476684
1791080019,250,,Aggregated,122.200000,0.000000,5,7,9,11,17,27,78,160,580,690,800,49540,0,5,12.344308019758163,1.9570000004023314,804.2067000060342,4751.838312474768
1791080020,250,,Aggregated,125.300000,0.000000,5,7,9,11,17,27,78,160,580,690,800,49666,0,5,12.332080491661142,1.9570000004023314,804.2067000060342,4751.560604840333
1791080021,250,,Aggregated,124.200000,0.000000,5,7,9,11,17,27,77,160,580,690,800,49786,0,5,12.320973908305554,1.9570000004023314,804.2067000060342,4751.335837384004
1791080022,250,,Aggregated,125.500000,0.000000,5,7,9,11,17,27,77,160,580,690,800,49918,0,5,12.302561881459114,1.9570000004023314,804.2067000060342,4751.661344605152
1791080023,250,,Aggregated,125.300000,0.000000,5,7,9,11,17,27,77,160,570,680,800,50036,0,5,12.289379892447533,1.9570000004023314,804.2067000060342,4751.792789191782
1791080024,250,,Aggregated,124.100000,0.000000,5,7,9,11,17,27,76,160,570,680,800,50164,0,5,12.275198488920513,1.9570000004023314,804.2067000060342,4751.950402679212
1791080025,250,,Aggregated,124.500000,0.000000,5,7,9,11,17,27,76,160,570,680,800,50285,0,5,12.260830838184523,1.9570000004023314,804.2067000060342,4751.978562195486
1791080026,250,,Aggregated,124.800000,0.000000,5,7,9,11,17,27,76,160,570,680,800,50413,0,5,12.254197744583463,1.9570000004023314,804.2067000060342,4751.660444726559
1791080027,250,,Aggregated,124.200000,0.000000,5,7,9,11,17,27,76,160,570,680,800,50533,0,5,12.241839184255202,1.9570000004023314,804.2067000060342,4751.182177982704
1791080028,250,,Aggregated,123.100000,0.000000,5,7,9,11,17,27,76,160,570,680,800,50653,0,5,12.227110601503195,1.9570000004023314,804.2067000060342,4751.47989260261
1791080029,250,,Aggregated,124.900000,0.000000,5,7,9,11,17,27,76,160,570,680,800,50780,0,5,12.212634472190508,1.9570000004023314,804.2067000060342,4750.995785742418
1791080030,250,,Aggregated,123.100000,0.000000,5,7,9,11,17,27,76,160,570,680,800,50905,0,5,12.203374505402076,1.9570000004023314,804.2067000060342,4751.246557312641
1791080031,250,,Aggregated,123.600000,0.000000,5,7,9,11,17,27,76,160,570,680,800,51040,0,5,12.186614288740689,1.9570000004023314,804.2067000060342,4751.1459639498435
1791080032,250,,Aggregated,123.700000,0.000000,5,7,9,11,17,27,75,160,570,680,800,51154,0,5,12.176222277780457,1.9570000004023314,804.2067000060342,4750.535637486804
1791080033,250,,Aggregated,123.100000,0.000000,5,7,9,11,17,27,75,160,570,680,800,51284,0,5,12.164356387911587,1.9570000004023314,804.2067000060342,4750.808868263006
1791080034,250,,Aggregated,124.700000,0.000000,5,7,9,11,17,27,75,160,570,680,800,51415,0,5,12.147788674468549,1.9570000004023314,804.2067000060342,4750.940036954196
1791080035,250,,Aggregated,123.500000,0.000000,5,7,9,11,17,27,75,160,570,680,800,51551,0,5,12.131026895647981,1.9570000004023314,804.2067000060342,4751.814630172063
1791080036,250,,Aggregated,124.200000,0.000000,5,7,9,11,17,27,75,160,570,680,800,51659,0,5,12.119964590830255,1.9570000004023314,804.2067000060342,4750.387773669641
1791080037,250,,Aggregated,125.500000,0.000000,5,7,9,11,17,27,75,160,570,680,800,51797,0,5,12.102419387174121,1.9570000004023314,804.2067000060342,4750.56146108848
1791080038,250,,Aggregated,126.500000,0.000000,5,7,9,11,17,26,74,150,570,680,800,51908,0,5,12.08926420777938,1.9570000004023314,804.2067000060342,4750.575460429992
1791080039,250,,Aggregated,125.000000,0.000000,5,7,9,11,17,26,74,150,570,680,800,52041,0,5,12.073121469555112,1.9570000004023314,804.2067000060342,4750.775465498357
1791080040,250,,Aggregated,125.500000,0.000000,5,7,9,11,17,27,74,150,570,680,800,52162,0,5,12.078854917315471,1.9570000004023314,804.2067000060342,4749.9781833518655
1791080041,250,,Aggregated,124.700000,0.000000,5,7,9,11,17,27,74,150,570,680,800,52299,0,5,12.07186120953503,1.9570000004023314,804.2067000060342,4749.173884777912
1791080042,250,,Aggregated,125.000000,0.000000,5,7,9,11,17,26,74,150,570,680,800,52417,0,5,12.05851486917705,1.9570000004023314,804.2067000060342,4749.774252627964
1791080043,250,,Aggregated,125.900000,0.000000,5,7,9,11,17,26,74,150,570,680,800,52546,0,5,12.043429383734631,1.9570000004023314,804.2067000060342,4750.056883492559
1791080044,250,,Aggregated,125.300000,0.000000,5,7,9,11,17,26,73,150,570,680,800,52672,0,5,12.029493457571704,1.9570000004023314,804.2067000060342,4751.118639884568
1791080045,250,,Aggregated,125.300000,0.000000,5,7,9,11,17,26,73,150,570,680,800,52797,0,5,12.0159029281436,1.9570000004023314,804.2067000060342,4751.282629694869
1791080046,250,,Aggregated,124.900000,0.000000,5,7,9,11,17,26,73,150,570,680,800,52929,0,5,12.003321970890477,1.9570000004023314,804.2067000060342,4751.244780744016
1791080047,250,,Aggregated,124.400000,0.000000,5,7,9,11,17,26,73,150,570,680,800,53038,0,5,11.990847628061843,1.9570000004023314,804.2067000060342,4750.897564010709
1791080048,250,,Aggregated,123.500000,0.000000,5,7,9,11,17,26,73,150,570,680,800,53171,0,5,11.977467519834054,1.9570000004023314,804.2067000060342,4750.565496229147
1791080049,250,,Aggregated,124.900000,0.000000,5,7,9,11,17,26,73,150,570,680,800,53312,0,5,11.96099695935358,1.9298000261187553,804.2067000060342,4749.377701080432
1791080050,250,,Aggregated,123.400000,0.000000,5,7,9,11,17,26,73,150,570,680,800,53427,0,5,11.953274303205138,1.9298000261187553,804.2067000060342,4749.194995039961
1791080051,250,,Aggregated,125.700000,0.000000,5,7,9,11,17,26,72,150,570,680,800,53555,0,5,11.942430510639191,1.9298000261187553,804.2067000060342,4748.805508355896
1791080053,250,,Aggregated,126.300000,0.000000,5,7,9,11,17,26,72,150,570,680,800,53666,0,5,11.934912855395314,1.9298000261187553,804.2067000060342,4749.466142436552
1791080054,250,,Aggregated,125.300000,0.000000,5,7,9,11,17,26,72,150,570,680,800,53803,0,5,11.924282093890005,1.9298000261187553,804.2067000060342,4750.10300540862
1791080055,250,,Aggregated,125.300000,0.000000,5,7,9,11,17,26,72,150,570,680,800,53943,0,5,11.911316100287536,1.9298000261187553,804.2067000060342,4750.438425745694
1791080056,250,,Aggregated,125.100000,0.000000,5,7,9,11,17,26,72,150,570,680,800,54054,0,5,11.901234032585537,1.9298000261187553,804.2067000060342,4751.233118733118
1791080057,250,,Aggregated,126.700000,0.000000,5,7,9,11,17,26,72,150,570,680,800,54183,0,5,11.887590249656949,1.9298000261187553,804.2067000060342,4751.067050550911
1791080058,250,,Aggregated,125.000000,0.000000,5,7,9,11,17,26,72,150,570,680,800,54306,0,5,11.874041680423327,1.9298000261187553,804.2067000060342,4750.956266342578
1791080059,250,,Aggregated,124.800000,0.000000,5,7,9,11,17,26,72,150,570,680,800,54434,0,5,11.861908186004868,1.9298000261187553,804.2067000060342,4751.3314656281
1791080060,250,,Aggregated,126.200000,0.000000,5,7,9,11,17,26,72,150,570,680,800,54561,0,5,11.854909281295395,1.9298000261187553,804.2067000060342,4751.441505837503
1791080061,250,,Aggregated,125.400000,0.000000,5,7,9,11,17,26,71,150,570,680,800,54684,0,5,11.867677082811404,1.9298000261187553,804.2067000060342,4751.32340355497
1791080062,250,,Aggregated,123.700000,0.000000,5,7,9,11,17,26,71,150,570,680,800,54813,0,5,11.874706427244398,1.9298000261187553,804.2067000060342,4751.2446317479435
1791080063,250,,Aggregated,124.600000,0.000000,5,7,9,11,17,26,71,150,570,680,800,54924,0,5,11.861866244200515,1.9298000261187553,804.2067000060342,4750.950513436749
1791080064,250,,Aggregated,124.500000,0.000000,5,7,9,11,17,26,71,150,570,680,800,55051,0,5,11.848414967873222,1.9298000261187553,804.2067000060342,4750.994278033097
1791080065,250,,Aggregated,125.100000,0.000000,5,7,9,11,17,26,71,150,570,680,800,55173,0,5,11.83597568551355,1.9298000261187553,804.2067000060342,4750.47470683124
1791080066,250,,Aggregated,123.800000,0.000000,5,7,9,11,17,26,70,150,570,680,800,55313,0,5,11.822285328901522,1.9298000261187553,804.2067000060342,4750.54198832101
1791080067,250,,Aggregated,122.600000,0.000000,5,7,9,11,17,26,70,150,570,680,800,55426,0,5,11.814509412513232,1.9298000261187553,804.2067000060342,4750.668206256992
1791080068,250,,Aggregated,125.200000,0.000000,5,7,9,11,17,26,70,150,570,680,800,55566,0,5,11.79845907745892,1.9298000261187553,804.2067000060342,4750.428679408271
1791080069,250,,Aggregated,123.800000,0.000000,5,7,9,11,17,26,70,150,570,680,800,55681,0,5,11.786012594923399,1.9298000261187553,804.2067000060342,4750.444550205636
1791080070,250,,Aggregated,124.700000,0.000000,5,7,9,11,17,26,70,150,570,680,800,55806,0,5,11.771749419382429,1.9298000261187553,804.2067000060342,4750.564061212056
1791080071,250,,Aggregated,123.900000,0.000000,5,7,9,11,17,26,70,150,570,680,800,55937,0,5,11.75980835937278,1.9298000261187553,804.2067000060342,4750.545560183778
1791080072,250,,Aggregated,124.300000,0.000000,5,7,9,11,17,26,69,150,560,680,800,56056,0,5,11.746787405416285,1.9298000261187553,804.2067000060342,4750.458951762524
1791080073,250,,Aggregated,124.200000,0.000000,5,7,9,11,17,26,69,140,560,680,800,56184,0,5,11.736635739678189,1.9298000261187553,804.2067000060342,4750.505446390432
1791080074,250,,Aggregated,123.800000,0.000000,5,7,9,11,17,26,69,140,560,680,800,56301,0,5,11.725641970808304,1.9298000261187553,804.2067000060342,4750.486048205183
1791080075,250,,Aggregated,124.300000,0.000000,5,7,9,11,17,26,69,140,560,680,800,56444,0,5,11.712774016707694,1.9298000261187553,804.2067000060342,4750.516281624265
1791080076,250,,Aggregated,124.700000,0.000000,5,7,9,11,17,25,69,140,560,680,800,56563,0,5,11.701704278400625,1.9298000261187553,804.2067000060342,4750.278857203472
1791080077,250,,Aggregated,125.500000,0.000000,5,7,9,11,17,25,69,140,560,680,800,56687,0,5,11.68921529096883,1.9298000261187553,804.2067000060342,4750.249316421755
1791080078,250,,Aggregated,124.500000,0.000000,5,7,9,11,17,25,69,140,560,680,800,56810,0,5,11.675876497083117,1.9298000261187553,804.2067000060342,4750.050818517867
1791080079,250,,Aggregated,124.300000,0.000000,5,7,9,11,17,25,69,140,560,680,800,56928,0,5,11.66629853322682,1.9298000261187553,804.2067000060342,4749.903404300168
1791080080,250,,Aggregated,124.000000,0.000000,5,7,9,11,17,25,68,140,560,680,800,57058,0,5,11.653883558842459,1.9298000261187553,804.2067000060342,4749.581566125697
1791080081,250,,Aggregated,122.800000,0.000000,5,7,9,11,17,25,68,140,560,680,800,57176,0,5,11.645648976850856,1.9298000261187553,804.2067000060342,4749.326675528194
1791080082,250,,Aggregated,125.200000,0.000000,5,7,9,11,17,25,68,140,560,680,800,57308,0,5,11.632344065405768,1.9298000261187553,804.2067000060342,4749.325364696028
1791080083,250,,Aggregated,124.500000,0.000000,5,7,9,11,17,25,68,140,560,680,800,57436,0,5,11.619100889691635,1.9298000261187553,804.2067000060342,4749.365380597535
1791080084,250,,Aggregated,124.400000,0.000000,5,7,9,11,17,25,67,140,560,680,800,57550,0,5,11.610188288452326,1.9298000261187553,804.2067000060342,4749.353188531712
1791080085,250,,Aggregated,124.600000,0.000000,5,7,9,11,17,25,67,140,560,680,800,57679,0,5,11.598090970728421,1.9298000261187553,804.2067000060342,4749.439518715651
1791080086,250,,Aggregated,124.000000,0.000000,5,7,9,11,17,25,67,140,560,680,800,57804,0,5,11.59845374542586,1.9298000261187553,804.2067000060342,4749.3315860494085
1791080087,250,,Aggregated,122.100000,0.000000,5,7,9,11,17,25,67,140,560,680,800,57939,0,5,11.587955727587271,1.9298000261187553,804.2067000060342,4749.43676970607
1791080088,250,,Aggregated,123.300000,0.000000,5,7,9,11,17,25,67,140,560,680,800,58062,0,5,11.577671795675887,1.9298000261187553,804.2067000060342,4748.922496641521
1791080089,250,,Aggregated,124.700000,0.000000,5,7,9,11,16,25,66,140,560,680,800,58192,0,5,11.565216309816316,1.9298000261187553,804.2067000060342,4748.382526807809
1791080090,250,,Aggregated,124.300000,0.000000,5,7,9,11,16,25,66,140,560,680,800,58305,0,5,11.55417354259182,1.9298000261187553,804.2067000060342,4748.613515135923
1791080091,250,,Aggregated,127.000000,0.000000,5,7,9,11,17,25,66,140,560,680,800,58436,0,5,11.565938558441568,1.9298000261187553,804.2067000060342,4748.450133479362
1791080092,250,,Aggregated,123.300000,0.000000,5,7,9,11,17,25,66,140,560,680,800,58565,0,5,11.561919158215629,1.9298000261187553,804.2067000060342,4748.508204559037
1791080093,250,,Aggregated,124.400000,0.000000,5,7,9,11,17,25,66,140,560,680,800,58688,0,5,11.549991744493445,1.9298000261187553,804.2067000060342,4748.3041337241
1791080094,250,,Aggregated,124.600000,0.000000,5,7,9,11,17,25,66,140,560,680,800,58834,0,5,11.535987833577543,1.9298000261187553,804.2067000060342,4748.070792398953
1791080095,250,,Aggregated,125.000000,0.000000,5,7,9,11,17,25,66,140,560,680,800,58936,0,5,11.529850276584275,1.9298000261187553,804.2067000060342,4748.387895344102
1791080096,250,,Aggregated,126.100000,0.000000,5,7,9,11,17,25,66,140,560,680,800,59078,0,5,11.52086914080965,1.9298000261187553,804.2067000060342,4748.105961610075
1791080097,250,,Aggregated,126.300000,0.000000,5,7,9,11,16,25,65,140,560,680,800,59204,0,5,11.509135953670214,1.9298000261187553,804.2067000060342,4747.783899736504
1791080098,250,,Aggregated,125.800000,0.000000,5,7,9,11,16,25,65,140,560,680,800,59325,0,5,11.498397926692418,1.9298000261187553,804.2067000060342,4747.736721449642
1791080099,250,,Aggregated,125.600000,0.000000,5,7,9,11,16,25,65,140,560,680,800,59443,0,5,11.494279587180891,1.9298000261187553,804.2067000060342,4747.67959221439
1791080100,250,,Aggregated,125.300000,0.000000,5,7,9,11,16,25,65,140,560,680,800,59580,0,5,11.483454553557307,1.9298000261187553,804.2067000060342,4747.635162806311
1791080101,250,,Aggregated,123.800000,0.000000,5,7,9,11,16,25,65,140,560,680,800,59700,0,5,11.476041249595653,1.9298000261187553,804.2067000060342,4748.2331825795645
1791080102,250,,Aggregated,125.300000,0.000000,5,7,9,11,16,25,65,140,560,680,800,59824,0,5,11.466249755966505,1.9298000261187553,804.2067000060342,4747.620587055362
1791080103,250,,Aggregated,124.900000,0.000000,5,7,9,11,16,25,65,140,560,680,800,59948,0,5,11.455645109113958,1.9298000261187553,804.2067000060342,4747.811086274772
1791080104,250,,Aggregated,124.300000,0.000000,5,7,9,11,16,25,64,140,550,680,800,60075,0,5,11.444923052869665,1.9298000261187553,804.2067000060342,4747.657644610903
1791080105,250,,Aggregated,124.200000,0.000000,5,7,9,11,16,25,64,140,550,680,800,60207,0,5,11.433754981996385,1.9298000261187553,804.2067000060342,4747.603850050658
1791080106,250,,Aggregated,123.900000,0.000000,5,7,9,11,16,25,64,140,550,680,800,60334,0,5,11.423478788100836,1.9298000261187553,804.2067000060342,4747.748201677329
1791080107,250,,Aggregated,125.200000,0.000000,5,7,9,11,16,25,64,140,550,680,800,60451,0,5,11.414277279135481,1.9298000261187553,804.2067000060342,4747.861441498073
1791080108,250,,Aggregated,123.500000,0.000000,5,7,9,11,16,25,64,140,550,680,800,60573,0,5,11.403224316135091,1.9298000261187553,804.2067000060342,4748.367804137157
1791080109,250,,Aggregated,122.500000,0.000000,5,7,9,11,16,25,64,140,550,680,800,60696,0,5,11.394304749925256,1.9298000261187553,804.2067000060342,4748.378047976802
1791080110,250,,Aggregated,123.500000,0.000000,5,7,9,11,17,26,72,160,580,690,800,60881,0,5,11.932573745521665,1.9298000261187553,804.2067000060342,4748.858330185115
1791080111,250,,Aggregated,124.700000,0.000000,5,7,9,11,17,26,72,160,580,690,800,60993,0,5,11.940871040951295,1.9298000261187553,804.2067000060342,4748.437984686768
1791080112,250,,Aggregated,116.600000,0.000000,5,7,9,11,17,26,72,160,570,690,800,61110,0,5,11.928396188850641,1.9298000261187553,804.2067000060342,4748.403305514646
1791080113,250,,Aggregated,123.600000,0.000000,5,7,9,11,17,26,72,160,570,690,800,61232,0,5,11.918000720222336,1.9298000261187553,804.2067000060342,4748.159001829109
1791080115,250,,Aggregated,122.000000,0.000000,5,7,9,11,17,26,71,160,570,690,800,61360,0,5,11.905832239253074,1.9298000261187553,804.2067000060342,4748.5570404172095
1791080116,250,,Aggregated,120.500000,0.000000,5,7,9,11,17,26,72,160,570,690,800,61497,0,5,11.913666499186967,1.9298000261187553,804.2067000060342,4748.31012894938
1791080117,250,,Aggregated,120.000000,0.000000,5,7,9,11,17,26,71,160,570,690,800,61613,0,5,11.905500457704477,1.9298000261187553,804.2067000060342,4747.85986723581
1791080118,250,,Aggregated,120.800000,0.000000,5,7,9,11,17,26,71,160,570,690,800,61752,0,5,11.893608100155605,1.9298000261187553,804.2067000060342,4747.3744979919675
1791080119,250,,Aggregated,120.800000,0.000000,5,7,9,11,17,26,71,160,570,690,800,61880,0,5,11.88613581449416,1.9298000261187553,804.2067000060342,4747.099240465417
1791080120,250,,Aggregated,121.300000,0.000000,5,7,9,11,17,26,71,150,570,690,800,62007,0,5,11.874753495580174,1.9298000261187553,804.2067000060342,4747.008111987357
1791080121,250,,Aggregated,120.200000,0.000000,5,7,9,11,17,26,71,150,570,690,800,62120,0,5,11.863031321640088,1.9298000261187553,804.2067000060342,4747.267273019961
1791080122,250,,Aggregated,128.500000,0.000000,5,7,9,11,17,26,71,150,570,690,800,62251,0,5,11.8535282951317,1.9298000261187553,804.2067000060342,4747.670382805096
1791080123,250,,Aggregated,121.100000,0.000000,5,7,9,11,17,26,70,150,570,690,800,62384,0,5,11.842183588753727,1.9298000261187553,804.2067000060342,4748.070066042575
1791080124,250,,Aggregated,123.500000,0.000000,5,7,9,11,17,26,70,150,570,690,800,62500,0,5,11.831650955211371,1.9298000261187553,804.2067000060342,4747.981696
1791080125,250,,Aggregated,124.700000,0.000000,5,7,9,11,17,25,70,150,570,690,800,62634,0,5,11.818638801631494,1.9298000261187553,804.2067000060342,4747.839320496855
1791080126,250,,Aggregated,125.500000,0.000000,5,7,9,11,17,25,70,150,570,690,800,62746,0,5,11.808060195098378,1.9298000261187553,804.2067000060342,4748.234405380423
1791080127,250,,Aggregated,125.100000,0.000000,5,7,9,11,17,25,70,150,570,690,800,62876,0,5,11.795784404255077,1.9298000261187553,804.2067000060342,4747.7525924040965
1791080128,250,,Aggregated,124.100000,0.000000,5,7,9,11,17,25,70,150,570,690,800,63020,0,5,11.784427243763362,1.9298000261187553,804.2067000060342,4747.855537924468
1791080129,250,,Aggregated,126.100000,0.000000,5,7,9,11,17,25,70,150,570,690,800,63138,0,5,11.772193244994561,1.9298000261187553,804.2067000060342,4747.9068548259365
1791080130,250,,Aggregated,125.300000,0.000000,5,7,9,11,17,25,69,150,570,690,800,63265,0,5,11.75890818466268,1.9298000261187553,804.2067000060342,4748.1465107089225
1791080131,250,,Aggregated,124.300000,0.000000,5,7,9,11,17,25,69,150,570,690,800,63383,0,5,11.747685748584109,1.9298000261187553,804.2067000060342,4748.248331571557
1791080132,250,,Aggregated,124.700000,0.000000,5,7,9,11,16,25,69,150,570,690,800,63509,0,5,11.739236505103287,1.9298000261187553,804.2067000060342,4747.689729014785
1791080133,250,,Aggregated,126.000000,0.000000,5,7,9,11,16,25,69,150,570,690,800,63641,0,5,11.728292588156746,1.9298000261187553,804.2067000060342,4747.860954416178
1791080134,250,,Aggregated,125.100000,0.000000,5,7,9,11,16,25,69,150,570,690,800,63761,0,5,11.720741658734667,1.9298000261187553,804.2067000060342,4747.888050689293
1791080135,250,,Aggregated,125.100000,0.000000,5,7,9,11,16,25,69,150,570,690,800,63891,0,5,11.708575201554611,1.9298000261187553,804.2067000060342,4747.879951792897
1791080136,250,,Aggregated,124.600000,0.000000,5,7,9,11,16,25,69,150,570,690,800,64020,0,5,11.697752777291305,1.9298000261187553,804.2067000060342,4748.392705404561
1791080137,250,,Aggregated,125.000000,0.000000,5,7,9,11,16,25,69,150,570,690,800,64150,0,5,11.685712821550256,1.9298000261187553,804.2067000060342,4748.275198752923
1791080138,250,,Aggregated,125.700000,0.000000,5,7,9,11,16,25,69,150,570,690,800,64270,0,5,11.67412065664101,1.9298000261187553,804.2067000060342,4748.724614905866
1791080139,250,,Aggregated,125.700000,0.000000,5,7,9,11,16,25,68,150,570,690,800,64395,0,5,11.669135462413413,1.9298000261187553,804.2067000060342,4749.074369128038
1791080140,250,,Aggregated,123.300000,0.000000,5,7,9,11,16,25,68,150,570,690,800,64528,0,5,11.662419673664425,1.9298000261187553,804.2067000060342,4748.449944210265
1791080141,250,,Aggregated,127.100000,0.000000,5,7,9,11,16,25,68,150,570,690,800,64650,0,5,11.666417798951697,1.9298000261187553,804.2067000060342,4748.894215003867
1791080142,250,,Aggregated,126.700000,0.000000,5,7,9,11,16,25,68,150,570,690,800,64769,0,5,11.65946032209744,1.9298000261187553,804.2067000060342,4749.158687026201
1791080143,250,,Aggregated,125.300000,0.000000,5,7,9,11,16,25,67,150,570,690,800,64905,0,5,11.648614034383641,1.9298000261187553,804.2067000060342,4749.150527694323
1791080144,250,,Aggregated,124.800000,0.000000,5,7,9,11,16,25,67,150,570,690,800,65028,0,5,11.637200485977203,1.9298000261187553,804.2067000060342,4749.351510118718
1791080145,250,,Aggregated,125.100000,0.000000,5,7,9,11,16,25,67,150,570,690,800,65157,0,5,11.645315858650896,1.9298000261187553,804.2067000060342,4748.88790153015
1791080146,250,,Aggregated,124.500000,0.000000,5,7,9,11,17,25,67,150,570,690,800,65275,0,5,11.642841152078677,1.9298000261187553,804.2067000060342,4748.946150900038
1791080147,250,,Aggregated,125.000000,0.000000,5,7,9,11,16,25,67,150,570,690,800,65411,0,5,11.630313644525474,1.9298000261187553,804.2067000060342,4749.147192368256
1791080148,250,,Aggregated,124.100000,0.000000,5,7,9,11,16,25,67,150,570,690,800,65526,0,5,11.621496401456705,1.9298000261187553,804.2067000060342,4748.791029515001
1791080149,250,,Aggregated,123.900000,0.000000,5,7,9,11,16,25,66,150,570,690,800,65648,0,5,11.611989498564459,1.9298000261187553,804.2067000060342,4748.637902144772
1791080150,250,,Aggregated,125.600000,0.000000,5,7,9,11,16,25,66,150,570,690,800,65785,0,5,11.600636324421497,1.9298000261187553,804.2067000060342,4748.79771984495
1791080151,250,,Aggregated,122.900000,0.000000,5,7,9,11,16,25,66,150,570,690,800,65894,0,5,11.595988478502491,1.9298000261187553,804.2067000060342,4748.9527878107265
1791080152,250,,Aggregated,123.100000,0.000000,5,7,9,11,16,25,66,150,570,690,800,66032,0,5,11.583656360587238,1.9298000261187553,804.2067000060342,4748.741337533317
1791080153,250,,Aggregated,123.200000,0.000000,5,7,9,11,16,25,66,150,570,690,800,66158,0,5,11.575078902057538,1.9298000261187553,804.2067000060342,4748.618746032226
1791080154,250,,Aggregated,124.000000,0.000000,5,7,9,11,16,25,66,150,570,690,800,66279,0,5,11.564520250792874,1.9298000261187553,804.2067000060342,4748.519485809985
1791080155,250,,Aggregated,123.700000,0.000000,5,7,9,11,17,26,72,160,590,690,800,66447,0,5,12.023380790740054,1.9298000261187553,804.2067000060342,4748.765677908709
1791080156,250,,Aggregated,124.300000,0.000000,5,7,9,11,17,26,72,160,590,690,800,66561,0,5,12.01331235561529,1.9298000261187553,804.2067000060342,4748.733477561936
1791080157,250,,Aggregated,117.000000,0.000000,5,7,9,11,17,26,72,160,590,690,800,66676,0,5,12.009734201242294,1.9298000261187553,804.2067000060342,4748.757423960646
1791080158,250,,Aggregated,123.700000,0.000000,5,7,9,11,17,26,72,160,590,690,800,66815,0,5,12.00075245082072,1.9298000261187553,804.2067000060342,4749.351687495323
1791080159,250,,Aggregated,121.400000,0.000000,5,7,9,11,17,25,72,160,590,690,800,66939,0,5,11.992836914225254,1.9298000261187553,804.2067000060342,4749.3376955138265
1791080161,250,,Aggregated,121.900000,0.000000,5,7,9,11,17,26,72,160,590,690,800,67083,0,5,12.029756352602872,1.9298000261187553,804.2067000060342,4749.235588748267
1791080162,250,,Aggregated,121.300000,0.000000,5,7,9,11,17,26,72,160,590,690,800,67205,0,5,12.020437326114235,1.9298000261187553,804.2067000060342,4749.574525704933
1791080163,250,,Aggregated,121.700000,0.000000,5,7,9,11,17,26,72,160,590,690,800,67334,0,5,12.009345030770767,1.9298000261187553,804.2067000060342,4749.40459500401
1791080164,250,,Aggregated,121.900000,0.000000,5,7,9,11,17,26,72,160,590,690,800,67446,0,5,12.000558185836484,1.9298000261187553,804.2067000060342,4750.001853334519
1791080165,250,,Aggregated,120.700000,0.000000,5,7,9,11,17,26,72,160,590,690,800,67587,0,5,11.995122187723721,1.9298000261187553,804.2067000060342,4750.190006954
1791080166,250,,Aggregated,119.800000,0.000000,5,7,9,11,17,26,72,160,590,690,800,67701,0,5,11.98488191019539,1.9298000261187553,804.2067000060342,4750.319655544231
1791080167,250,,Aggregated,128.300000,0.000000,5,7,9,11,17,26,72,160,590,690,800,67827,0,5,11.974639428276397,1.9298000261187553,804.2067000060342,4750.346779306176
1791080168,250,,Aggregated,122.700000,0.000000,5,7,9,11,17,26,72,160,590,690,800,67957,0,5,11.965428921251693,1.9298000261187553,804.2067000060342,4750.399958797475
1791080169,250,,Aggregated,123.400000,0.000000,5,7,9,11,17,25,71,160,580,690,800,68089,0,5,11.95444144871226,1.9298000261187553,804.2067000060342,4750.685690787058
1791080170,250,,Aggregated,123.500000,0.000000,5,7,9,11,17,25,71,160,580,690,800,68198,0,5,11.944819185330655,1.9298000261187553,804.2067000060342,4750.2412387460045
1791080171,250,,Aggregated,123.700000,0.000000,5,7,9,11,17,25,71,160,580,690,800,68324,0,5,11.934278855181494,1.9298000261187553,804.2067000060342,4750.373324161349
1791080172,250,,Aggregated,123.100000,0.000000,5,7,9,11,17,25,71,150,580,690,800,68437,0,5,11.925037096913401,1.9298000261187553,804.2067000060342,4750.480617209989
1791080173,250,,Aggregated,123.900000,0.000000,5,7,9,11,17,25,71,150,580,690,800,68576,0,5,11.914765611895655,1.9298000261187553,804.2067000060342,4750.534064395707
1791080174,250,,Aggregated,122.700000,0.000000,5,7,9,11,17,25,71,150,580,690,800,68704,0,5,11.904333111634232,1.9298000261187553,804.2067000060342,4749.800506520726
1791080175,250,,Aggregated,122.600000,0.000000,5,7,9,11,16,25,71,150,580,690,800,68829,0,5,11.892768308442257,1.9298000261187553,804.2067000060342,4750.233099420302
1791080176,250,,Aggregated,125.500000,0.000000,5,7,9,11,16,25,70,150,580,690,800,68957,0,5,11.885357814314204,1.9298000261187553,804.2067000060342,4750.231912641211
1791080177,250,,Aggregated,122.800000,0.000000,5,7,9,11,16,25,70,150,580,690,800,69097,0,5,11.875577253743145,1.9298000261187553,804.2067000060342,4750.495520789615
1791080178,250,,Aggregated,122.900000,0.000000,5,7,9,11,16,25,70,150,580,690,800,69210,0,5,11.866365932693494,1.9298000261187553,804.2067000060342,4750.732524201705
1791080179,250,,Aggregated,126.200000,0.000000,5,7,9,11,16,25,70,150,580,690,800,69333,0,5,11.856457210874568,1.9298000261187553,804.2067000060342,4750.232775157573
1791080180,250,,Aggregated,124.500000,0.000000,5,7,9,11,16,25,70,150,580,690,800,69466,0,5,11.846698665552095,1.9298000261187553,804.2067000060342,4749.662655111853
1791080181,250,,Aggregated,125.300000,0.000000,5,7,9,11,16,25,70,150,580,690,800,69582,0,5,11.839539369398768,1.9298000261187553,804.2067000060342,4749.546520651893
1791080182,250,,Aggregated,125.400000,0.000000,5,7,9,11,16,25,70,150,580,690,800,69699,0,5,11.83289804733923,1.9298000261187553,804.2067000060342,4749.381425845421
1791080183,250,,Aggregated,124.900000,0.000000,5,7,9,11,16,25,70,150,580,690,800,69827,0,5,11.822614069082373,1.9298000261187553,804.2067000060342,4749.87403153508
1791080184,250,,Aggregated,125.200000,0.000000,5,7,9,11,16,25,69,150,580,690,800,69947,0,5,11.813261357910699,1.9298000261187553,804.2067000060342,4749.678856848757
1791080185,250,,Aggregated,124.800000,0.000000,5,7,9,11,16,25,69,150,580,690,800,70075,0,5,11.804923851618957,1.9298000261187553,804.2067000060342,4749.65758116304
1791080186,250,,Aggregated,124.100000,0.000000,5,7,9,11,16,25,69,150,580,690,800,70200,0,5,11.795611210856281,1.9298000261187553,804.2067000060342,4749.9072364672365
1791080187,250,,Aggregated,124.500000,0.000000,5,7,9,11,16,25,69,150,580,690,800,70330,0,5,11.787426883298702,1.9298000261187553,804.2067000060342,4749.74040949808
1791080188,250,,Aggregated,124.300000,0.000000,5,7,9,11,16,25,69,150,580,690,800,70456,0,5,11.777355463022982,1.9298000261187553,804.2067000060342,4749.245231066197
1791080189,250,,Aggregated,121.600000,0.000000,5,7,9,11,16,25,69,150,580,690,800,70584,0,5,11.766839398485386,1.9298000261187553,804.2067000060342,4749.208956704069
1791080190,250,,Aggregated,124.100000,0.000000,5,7,9,11,16,25,69,150,580,690,800,70704,0,5,11.756023389099418,1.9298000261187553,804.2067000060342,4749.331084521385
1791080191,250,,Aggregated,122.900000,0.000000,5,7,9,11,16,25,69,150,580,690,800,70827,0,5,11.746764081539549,1.9298000261187553,804.2067000060342,4749.553447131743
1791080192,250,,Aggregated,123.700000,0.000000,5,7,9,11,16,25,69,150,580,690,800,70954,0,5,11.737947542117928,1.9298000261187553,804.2067000060342,4748.677326154973
1791080193,250,,Aggregated,123.400000,0.000000,5,7,9,11,16,25,69,150,580,690,800,71086,0,5,11.728416771277509,1.9298000261187553,804.2067000060342,4748.261753369158
1791080194,250,,Aggregated,123.100000,0.000000,5,7,9,11,16,25,69,150,580,690,800,71211,0,5,11.723430425119473,1.9298000261187553,804.2067000060342,4748.659041440227
1791080195,250,,Aggregated,124.600000,0.000000,5,7,9,11,16,25,68,150,580,690,800,71346,0,5,11.723978978544908,1.9298000261187553,804.2067000060342,4749.342233622067
1791080196,250,,Aggregated,124.200000,0.000000,5,7,9,11,16,25,68,150,580,690,800,71469,0,5,11.714367212403458,1.9298000261187553,804.2067000060342,4748.785823224055
1791080197,250,,Aggregated,124.500000,0.000000,5,7,9,11,16,25,68,150,580,690,800,71588,0,5,11.705160149798628,1.9298000261187553,804.2067000060342,4748.946639101526
1791080198,250,,Aggregated,124.500000,0.000000,5,7,9,11,16,25,68,150,580,690,800,71713,0,5,11.695026168250022,1.9298000261187553,804.2067000060342,4748.903643690823
1791080199,250,,Aggregated,125.200000,0.000000,5,7,9,11,16,25,68,150,580,690,800,71858,0,5,11.691492556203627,1.9298000261187553,804.2067000060342,4749.042653566757
1791080200,250,,Aggregated,125.200000,0.000000,5,7,9,11,16,25,67,150,580,690,800,71976,0,5,11.683685702228775,1.9298000261187553,804.2067000060342,4748.658802934311
1791080201,250,,Aggregated,125.500000,0.000000,5,7,9,11,16,25,67,150,580,690,800,72112,0,5,11.679882586862693,1.9298000261187553,804.2067000060342,4748.435253494564
1791080202,250,,Aggregated,125.200000,0.000000,5,7,9,11,16,25,67,150,580,690,800,72236,0,5,11.669072645274573,1.9298000261187553,804.2067000060342,4748.746719087436
1791080203,250,,Aggregated,125.300000,0.000000,5,7,9,11,16,25,67,150,580,690,800,72354,0,5,11.661766420708673,1.9298000261187553,804.2067000060342,4748.370083202034
1791080204,250,,Aggregated,127.000000,0.000000,5,7,9,11,16,25,67,150,580,690,800,72495,0,5,11.651180808385542,1.9298000261187553,804.2067000060342,4748.322987792261
1791080205,250,,Aggregated,125.200000,0.000000,5,7,9,11,16,25,67,150,580,690,800,72601,0,5,11.643947367171105,1.9298000261187553,804.2067000060342,4748.384085618655
1791080206,250,,Aggregated,125.100000,0.000000,5,7,9,11,16,25,66,150,580,690,800,72730,0,5,11.634977401404871,1.9298000261187553,804.2067000060342,4748.03132132545
1791080207,250,,Aggregated,124.700000,0.000000,5,7,9,11,16,25,66,150,580,690,800,72864,0,5,11.625980342886649,1.9298000261187553,804.2067000060342,4747.885224527888
1791080208,250,,Aggregated,124.700000,0.000000,5,7,9,11,16,25,66,150,580,690,800,72986,0,5,11.61803612890444,1.9298000261187553,804.2067000060342,4748.22690653002
1791080209,250,,Aggregated,124.600000,0.000000,5,7,9,11,16,25,66,150,580,690,800,73111,0,5,11.60914263112389,1.9298000261187553,804.2067000060342,4748.101817783918
1791080210,250,,Aggregated,123.800000,0.000000,5,7,9,11,16,25,66,150,580,690,800,73230,0,5,11.600593057543493,1.9298000261187553,804.2067000060342,4748.167171924075
1791080211,250,,Aggregated,123.500000,0.000000,5,7,9,11,16,25,66,150,580,690,800,73359,0,5,11.59473651772952,1.9298000261187553,804.2067000060342,4748.506849875271
1791080212,250,,Aggregated,123.900000,0.000000,5,7,9,11,16,25,66,150,580,690,800,73475,0,5,11.58689071798308,1.9298000261187553,804.2067000060342,4748.106702960191
1791080213,250,,Aggregated,123.300000,0.000000,5,7,9,11,16,25,66,140,580,690,800,73603,0,5,11.578290562937909,1.9298000261187553,804.2067000060342,4747.930858796516
1791080214,250,,Aggregated,122.800000,0.000000,5,7,9,11,16,25,65,140,580,690,800,73724,0,5,11.569116443818704,1.9298000261187553,804.2067000060342,4747.812422006402
1791080215,250,,Aggregated,122.900000,0.000000,5,7,9,11,16,24,65,140,580,690,800,73854,0,5,11.560817468306347,1.9298000261187553,804.2067000060342,4747.4050965418255
1791080216,250,,Aggregated,122.800000,0.000000,5,7,9,11,16,24,65,140,580,690,800,73970,0,5,11.552027628828794,1.9298000261187553,804.2067000060342,4747.685723942139
1791080217,250,,Aggregated,123.400000,0.000000,5,7,9,11,16,24,65,140,580,690,800,74098,0,5,11.542300537185712,1.9298000261187553,804.2067000060342,4748.1446057923295
1791080218,250,,Aggregated,123.500000,0.000000,5,7,9,11,16,24,65,140,580,690,800,74238,0,5,11.531300511928304,1.9298000261187553,804.2067000060342,4747.565007139201
1791080219,250,,Aggregated,122.800000,0.000000,5,7,9,11,16,24,65,140,580,690,800,74346,0,5,11.523988320889071,1.9298000261187553,804.2067000060342,4747.366865735884
1791080220,250,,Aggregated,123.200000,0.000000,5,7,9,11,16,24,65,140,580,690,800,74443,0,5,11.548870697106988,1.9298000261187553,804.2067000060342,4747.165186787206
