Timestamp,User Count,Type,Name,Requests/s,Failures/s,50%,66%,75%,80%,90%,95%,98%,99%,99.9%,99.99%,100%,Total Request Count,Total Failure Count,Total Median Response Time,Total Average Response Time,Total Min Response Time,Total Max Response Time,Total Average Content Size
1791080233,0,,Aggregated,0.000000,0.000000,N/A,N/A,N/A,N/A,N/A,N/A,N/A,N/A,N/A,N/A,N/A,0,0,0,0.0,0,0,0
1791080234,10,,Aggregated,0.000000,0.000000,130,160,170,170,170,170,170,170,170,170,170,20,0,62,89.50040000199806,7.922700024209917,173.02160005783662,5433.65
1791080235,20,,Aggregated,0.000000,0.000000,23,35,62,130,170,170,170,170,170,170,170,44,0,23,52.763963635449976,3.435300022829324,173.02160005783662,5285.75
1791080236,40,,Aggregated,20.000000,0.000000,18,29,63,66,150,170,170,170,170,170,170,74,0,18,43.17478243201795,2.764299977570772,173.02160005783662,5139.405405405405
1791080237,50,,Aggregated,20.500000,0.000000,16,29,63,67,80,160,170,170,170,170,170,111,0,16,38.03430540541707,2.764299977570772,173.02160005783662,5207.54954954955
1791080238,60,,Aggregated,22.666667,0.000000,13,21,29,62,73,150,170,170,170,170,170,147,0,13,31.627299998994587,2.764299977570772,173.02160005783662,5224.340136054422
1791080239,70,,Aggregated,24.750000,0.000000,13,20,26,32,67,82,170,170,170,170,170,214,0,13,26.836148130263542,2.454000001307577,173.02160005783662,5242.42523364486
1791080240,80,,Aggregated,26.800000,0.000000,12,18,23,26,64,73,160,170,170,170,170,268,0,12,23.444958954246772,2.454000001307577,173.02160005783662,5192.518656716418
1791080241,90,,Aggregated,28.500000,0.000000,11,17,22,24,60,72,160,170,170,170,170,320,0,11,21.667855624582444,2.454000001307577,173.02160005783662,5160.64375
1791080243,100,,Aggregated,34.375000,0.000000,11,18,22,25,38,67,130,170,170,170,170,401,0,11,20.526151372842083,2.412900037597865,173.02160005783662,5103.431421446384
1791080244,110,,Aggregated,35.555556,0.000000,11,16,21,23,35,66,130,170,170,170,170,461,0,11,19.08789327572183,2.412900037597865,173.02160005783662,5075.37093275488
1791080245,120,,Aggregated,39.600000,0.000000,10,15,19,22,32,64,82,160,170,170,170,533,0,10,17.750767354703182,2.412900037597865,173.02160005783662,5058.617260787993
1791080246,130,,Aggregated,43.500000,0.000000,10,15,19,21,30,62,78,160,170,170,170,605,0,10,16.937076528498917,2.412900037597865,173.02160005783662,5023.745454545455
1791080247,140,,Aggregated,48.900000,0.000000,10,14,18,21,28,57,73,160,170,170,170,693,0,10,16.08767416968224,2.412900037597865,173.02160005783662,4983.619047619048
1791080248,150,,Aggregated,53.400000,0.000000,10,14,18,20,26,40,72,150,170,170,170,770,0,10,15.425104025355237,2.412900037597865,173.02160005783662,4938.172727272728
1791080249,160,,Aggregated,58.600000,0.000000,9,13,17,19,25,36,70,130,170,170,170,876,0,9,14.62997819579283,2.412900037597865,173.02160005783662,4913.916666666667
1791080250,170,,Aggregated,63.200000,0.000000,9,13,17,19,25,36,69,130,170,170,170,966,0,9,14.226039958342632,2.412900037597865,173.02160005783662,4948.573498964804
1791080251,180,,Aggregated,68.900000,0.000000,9,13,17,19,26,36,69,85,170,170,170,1071,0,9,14.26246106415034,2.3865000111982226,173.02160005783662,4922.126984126984
1791080252,190,,Aggregated,72.700000,0.000000,9,12,16,19,25,34,67,82,170,170,170,1174,0,9,13.72726763153585,2.3865000111982226,173.02160005783662,4923.477853492333
1791080253,200,,Aggregated,78.300000,0.000000,9,12,16,18,25,34,66,80,170,170,170,1278,0,8,13.397846165523429,2.3865000111982226,173.02160005783662,4903.486697965571
1791080254,210,,Aggregated,83.800000,0.000000,8,12,16,18,25,33,64,78,170,170,170,1401,0,8,13.046972519321915,2.3865000111982226,173.02160005783662,4906.95431834404
1791080255,220,,Aggregated,86.800000,0.000000,8,12,15,18,24,32,63,73,170,170,170,1523,0,8,12.661495994475628,2.381299971602857,173.02160005783662,4915.511490479317
1791080256,230,,Aggregated,92.900000,0.000000,8,11,15,17,24,31,62,73,170,170,170,1644,0,8,12.35218704347425,2.381299971602857,173.02160005783662,4907.256690997567
1791080257,240,,Aggregated,97.400000,0.000000,8,11,14,17,23,30,60,72,170,170,170,1775,0,8,12.038602478848114,2.2350000217556953,173.02160005783662,4903.279436619719
1791080258,250,,Aggregated,0.000000,0.000000,11,18,21,22,29,38,40,93,93,93,93,68,0,10,14.493967648698291,2.8077999595552683,92.57189999334514,4889.911764705882
1791080259,250,,Aggregated,0.000000,0.000000,5,8,13,14,21,28,38,40,93,93,93,188,0,5,9.410509041465938,2.4769000010564923,92.57189999334514,4787.86170212766
1791080260,250,,Aggregated,52.000000,0.000000,5,7,9,11,17,22,30,38,93,93,93,317,0,5,7.95389306019075,2.3575000232085586,92.57189999334514,4799.791798107255
1791080261,250,,Aggregated,84.500000,0.000000,6,8,12,14,22,31,45,69,93,93,93,443,0,6,10.008846953328337,2.2865000064484775,92.57189999334514,4770.103837471784
1791080262,250,,Aggregated,95.000000,0.000000,7,11,14,18,25,36,50,69,93,93,93,574,0,7,11.590847213556243,2.187599951867014,92.57189999334514,4789.554006968641
1791080263,250,,Aggregated,101.250000,0.000000,8,13,17,19,25,35,52,69,93,93,93,695,0,8,12.367752662494699,2.187599951867014,92.57189999334514,4832.663309352518
1791080264,250,,Aggregated,110.200000,0.000000,7,12,15,18,24,32,48,64,93,93,93,815,0,7,11.730458650543737,2.187599951867014,92.57189999334514,4827.446625766871
1791080265,250,,Aggregated,110.833333,0.000000,7,11,14,17,23,30,46,57,93,93,93,944,0,7,11.041624576429998,2.187599951867014,92.57189999334514,4816.580508474576
1791080266,250,,Aggregated,112.714286,0.000000,6,10,13,15,22,29,42,56,84,93,93,1071,0,6,10.364949486255785,2.187599951867014,92.57189999334514,4797.732959850607
1791080267,250,,Aggregated,115.125000,0.000000,6,10,14,17,26,50,83,93,220,270,270,1217,0,6,13.509479046863525,2.187599951867014,265.8028000150807,4806.981101068201
1791080268,250,,Aggregated,116.000000,0.000000,6,10,13,16,24,45,77,93,220,270,270,1345,0,6,12.89026148688242,2.187599951867014,265.8028000150807,4791.944981412639
1791080269,250,,Aggregated,115.300000,0.000000,6,9,13,15,23,40,72,89,220,270,270,1474,0,6,12.333499185756427,1.999500032979995,265.8028000150807,4791.590230664858
1791080270,250,,Aggregated,123.600000,0.000000,6,8,12,14,22,38,69,87,220,270,270,1595,0,6,11.823388714661535,1.999500032979995,265.8028000150807,4789.988087774294
1791080271,250,,Aggregated,123.900000,0.000000,6,8,11,14,22,36,65,85,220,270,270,1739,0,6,11.494535940154089,1.999500032979995,265.8028000150807,4780.7136285221395
1791080272,250,,Aggregated,125.100000,0.000000,6,8,11,13,21,33,59,84,220,270,270,1857,0,6,11.17448702194529,1.999500032979995,265.8028000150807,4785.183091007
1791080273,250,,Aggregated,124.800000,0.000000,6,8,11,13,20,31,59,84,220,270,270,1979,0,6,10.817900151668466,1.999500032979995,265.8028000150807,4788.138959070237
1791080274,250,,Aggregated,123.900000,0.000000,6,8,10,13,20,30,58,84,210,270,270,2108,0,6,10.485367315245458,1.999500032979995,265.8028000150807,4787.885673624289
1791080275,250,,Aggregated,123.900000,0.000000,6,7,10,13,19,29,58,83,210,270,270,2222,0,6,10.297068316970627,1.999500032979995,265.8028000150807,4808.983348334834
1791080276,250,,Aggregated,125.400000,0.000000,6,7,10,12,19,28,57,83,210,270,270,2365,0,6,10.04814494723143,1.999500032979995,265.8028000150807,4818.287949260042
1791080277,250,,Aggregated,122.900000,0.000000,6,7,10,12,19,27,56,83,210,270,270,2473,0,6,9.924618398779728,1.999500032979995,265.8028000150807,4795.6134249898905
1791080278,250,,Aggregated,122.500000,0.000000,6,7,10,12,18,26,53,77,210,270,270,2612,0,6,9.716001378277289,1.999500032979995,265.8028000150807,4803.482771822359
1791080279,250,,Aggregated,125.100000,0.000000,6,7,9,11,18,25,52,76,210,270,270,2720,0,6,9.595180257362218,1.999500032979995,265.8028000150807,4790.151838235294
1791080280,250,,Aggregated,123.700000,0.000000,5,7,9,11,17,24,52,73,210,270,270,2853,0,5,9.409377882943437,1.999500032979995,265.8028000150807,4796.697861899755
1791080281,250,,Aggregated,125.000000,0.000000,5,7,9,11,18,25,52,73,210,270,270,2982,0,5,9.466212676158912,1.999500032979995,265.8028000150807,4788.950704225352
1791080282,250,,Aggregated,123.300000,0.000000,5,7,9,11,17,24,50,70,200,270,270,3107,0,5,9.329816543424156,1.999500032979995,265.8028000150807,4790.585774058577
1791080283,250,,Aggregated,124.500000,0.000000,5,7,9,11,17,24,48,69,200,270,270,3236,0,5,9.230301328845512,1.999500032979995,265.8028000150807,4776.828800988875
1791080284,250,,Aggregated,122.600000,0.000000,5,7,9,11,17,24,47,68,200,270,270,3359,0,5,9.118505477770524,1.999500032979995,265.8028000150807,4770.212860970527
1791080285,250,,Aggregated,124.900000,0.000000,5,7,9,11,17,23,46,66,200,270,270,3479,0,5,9.085779850397016,1.999500032979995,265.8028000150807,4760.632078183386
1791080286,250,,Aggregated,124.000000,0.000000,5,7,9,11,17,24,46,64,200,270,270,3607,0,5,9.187718353062271,1.999500032979995,265.8028000150807,4759.023842528417
1791080287,250,,Aggregated,124.800000,0.000000,5,7,9,11,17,24,45,64,200,270,270,3731,0,5,9.147916161802183,1.999500032979995,265.8028000150807,4770.110962208523
1791080288,250,,Aggregated,125.700000,0.000000,5,7,9,11,17,23,44,60,200,270,270,3853,0,5,9.05160955105063,1.999500032979995,265.8028000150807,4771.122242408513
1791080289,250,,Aggregated,124.300000,0.000000,5,7,9,11,17,23,43,59,200,270,270,3981,0,5,8.938182843571257,1.999500032979995,265.8028000150807,4777.114292891233
1791080290,250,,Aggregated,123.800000,0.000000,5,7,9,11,16,23,42,59,180,270,270,4110,0,5,8.848890803010518,1.999500032979995,265.8028000150807,4772.132116788322
1791080291,250,,Aggregated,124.100000,0.000000,5,7,9,11,16,22,42,59,180,270,270,4233,0,5,8.801841672547091,1.999500032979995,265.8028000150807,4764.72501771793
1791080292,250,,Aggregated,124.500000,0.000000,5,7,9,11,16,22,40,58,180,270,270,4358,0,5,8.750482904927795,1.999500032979995,265.8028000150807,4764.317576870124
1791080293,250,,Aggregated,124.900000,0.000000,5,7,9,11,16,22,40,58,180,270,270,4479,0,5,8.687710850516725,1.999500032979995,265.8028000150807,4751.062513954008
1791080294,250,,Aggregated,125.200000,0.000000,5,7,9,11,16,22,38,58,180,270,270,4607,0,5,8.625785044420915,1.999500032979995,265.8028000150807,4758.294768830041
1791080295,250,,Aggregated,124.200000,0.000000,5,7,9,11,16,22,38,58,180,270,270,4736,0,5,8.558993475555718,1.999500032979995,265.8028000150807,4763.060810810811
1791080296,250,,Aggregated,122.900000,0.000000,5,7,9,10,15,21,37,58,180,270,270,4856,0,5,8.487098867474876,1.999500032979995,265.8028000150807,4763.924629324547
1791080297,250,,Aggregated,125.100000,0.000000,5,7,8,10,15,21,36,57,180,270,270,4985,0,5,8.419254002146845,1.999500032979995,265.8028000150807,4769.83149448345
1791080298,250,,Aggregated,125.300000,0.000000,5,7,8,10,15,21,35,56,170,270,270,5111,0,5,8.372998923979658,1.999500032979995,265.8028000150807,4770.54333789865
1791080299,250,,Aggregated,124.400000,0.000000,5,7,8,10,15,21,35,56,170,270,270,5238,0,5,8.332047575425802,1.999500032979995,265.8028000150807,4771.3318060328365
1791080300,250,,Aggregated,126.000000,0.000000,5,7,8,10,15,21,34,55,170,270,270,5366,0,5,8.268170816283808,1.999500032979995,265.8028000150807,4777.668654491241
1791080301,250,,Aggregated,123.500000,0.000000,5,7,8,10,15,21,33,54,170,270,270,5482,0,5,8.23215631162374,1.999500032979995,265.8028000150807,4775.882707041226
1791080302,250,,Aggregated,125.200000,0.000000,5,7,8,10,15,20,32,53,170,270,270,5605,0,5,8.186796039247755,1.999500032979995,265.8028000150807,4775.009277430865
1791080303,250,,Aggregated,124.400000,0.000000,5,7,8,10,15,20,32,52,170,270,270,5735,0,5,8.158880087170253,1.999500032979995,265.8028000150807,4781.029816913688
1791080304,250,,Aggregated,124.500000,0.000000,5,7,8,10,15,20,32,52,170,270,270,5864,0,5,8.101217138485607,1.999500032979995,265.8028000150807,4780.537175989086
1791080305,250,,Aggregated,123.600000,0.000000,5,7,8,10,15,20,31,52,170,270,270,5976,0,5,8.111602827983985,1.999500032979995,265.8028000150807,4777.739123159304
1791080306,250,,Aggregated,125.600000,0.000000,5,7,8,10,15,20,31,52,170,270,270,6115,0,5,8.055827587893202,1.999500032979995,265.8028000150807,4781.2989370400655
1791080307,250,,Aggregated,124.100000,0.000000,5,7,8,10,15,20,31,51,170,270,270,6232,0,5,8.00532936449744,1.999500032979995,265.8028000150807,4783.437259306804
1791080308,250,,Aggregated,122.900000,0.000000,5,7,8,10,15,20,30,51,170,270,270,6368,0,5,7.949077010046645,1.999500032979995,265.8028000150807,4788.552920854271
1791080309,250,,Aggregated,125.000000,0.000000,5,7,8,10,15,20,30,50,170,270,270,6495,0,5,7.913841277956346,1.999500032979995,265.8028000150807,4789.520246343341
1791080310,250,,Aggregated,123.500000,0.000000,5,7,8,10,14,20,30,50,170,270,270,6602,0,5,7.8793396547460555,1.999500032979995,265.8028000150807,4794.872917297788
1791080311,250,,Aggregated,125.800000,0.000000,5,7,8,10,14,20,29,48,170,270,270,6744,0,5,7.85954583339307,1.999500032979995,265.8028000150807,4795.695136417557
1791080312,250,,Aggregated,124.400000,0.000000,5,7,8,10,15,20,29,48,170,270,270,6846,0,5,7.859810122795917,1.999500032979995,265.8028000150807,4791.055360794625
1791080313,250,,Aggregated,123.700000,0.000000,5,7,8,10,14,20,29,48,170,270,270,6985,0,5,7.818867974353283,1.999500032979995,265.8028000150807,4792.459985683608
1791080314,250,,Aggregated,124.600000,0.000000,5,7,8,10,14,19,29,47,170,270,270,7099,0,5,7.788883885214884,1.999500032979995,265.8028000150807,4790.582335540217
1791080315,250,,Aggregated,123.000000,0.000000,5,7,8,10,14,19,29,47,170,270,270,7223,0,5,7.755691236484008,1.999500032979995,265.8028000150807,4784.797037242143
1791080316,250,,Aggregated,123.700000,0.000000,5,7,8,10,14,19,28,47,170,270,270,7358,0,5,7.741106985721063,1.999500032979995,265.8028000150807,4784.157651535744
1791080317,250,,Aggregated,122.500000,0.000000,5,7,8,10,14,19,29,46,170,270,270,7487,0,5,7.752707907159097,1.999500032979995,265.8028000150807,4784.952851609456
1791080318,250,,Aggregated,123.000000,0.000000,5,7,8,10,15,20,30,47,170,270,270,7601,0,5,7.910348809453287,1.999500032979995,265.8028000150807,4787.169977634522
1791080319,250,,Aggregated,122.900000,0.000000,5,7,8,10,15,21,34,49,170,270,270,7730,0,5,8.138618473626822,1.999500032979995,265.8028000150807,4783.623156532988
1791080320,250,,Aggregated,124.200000,0.000000,5,7,8,10,15,21,33,49,170,270,270,7871,0,5,8.144339182014596,1.999500032979995,265.8028000150807,4783.603735230593
1791080321,250,,Aggregated,122.500000,0.000000,5,7,8,10,15,21,33,48,170,270,270,7990,0,5,8.11329851080273,1.999500032979995,265.8028000150807,4784.282728410513
1791080322,250,,Aggregated,123.900000,0.000000,5,7,8,10,15,21,32,48,160,270,270,8117,0,5,8.092047382200965,1.999500032979995,265.8028000150807,4784.302205248245
1791080323,250,,Aggregated,125.200000,0.000000,5,7,8,10,15,21,32,47,160,270,270,8242,0,5,8.064279471107891,1.999500032979995,265.8028000150807,4788.042101431692
1791080324,250,,Aggregated,123.900000,0.000000,5,7,8,10,15,21,32,47,160,270,270,8368,0,5,8.0565371535859,1.999500032979995,265.8028000150807,4787.967017208413
1791080325,250,,Aggregated,126.000000,0.000000,5,7,8,10,15,21,32,47,160,270,270,8475,0,5,8.03010434234394,1.999500032979995,265.8028000150807,4783.523421828909
1791080326,250,,Aggregated,124.600000,0.000000,5,7,8,10,15,21,32,47,160,270,270,8615,0,5,7.994797098268206,1.999500032979995,265.8028000150807,4787.331282646547
1791080327,250,,Aggregated,125.800000,0.000000,5,7,8,10,15,21,31,46,160,270,270,8735,0,5,7.970033886785921,1.999500032979995,265.8028000150807,4785.266056096165
1791080328,250,,Aggregated,124.500000,0.000000,5,7,8,10,15,21,31,46,160,270,270,8871,0,5,7.945715331012307,1.999500032979995,265.8028000150807,4778.848156915793
1791080330,250,,Aggregated,124.300000,0.000000,5,7,9,11,16,24,59,170,720,790,790,9050,0,5,13.207806077430755,1.999500032979995,791.4676000364125,4774.757569060774
1791080331,250,,Aggregated,125.400000,0.000000,5,7,9,11,16,25,58,170,720,790,790,9151,0,5,13.226957283425325,1.999500032979995,791.4676000364125,4778.959567260409
1791080332,250,,Aggregated,116.500000,0.000000,5,7,9,11,16,25,58,170,720,790,790,9274,0,5,13.147449363890194,1.999500032979995,791.4676000364125,4778.227949105025
1791080333,250,,Aggregated,122.700000,0.000000,5,7,9,11,16,24,58,170,720,790,790,9409,0,5,13.045940854506386,1.999500032979995,791.4676000364125,4780.479434583909
1791080334,250,,Aggregated,121.900000,0.000000,5,7,9,11,16,24,56,170,720,790,790,9520,0,5,12.954095861342092,1.999500032979995,791.4676000364125,4780.746953781512
1791080335,250,,Aggregated,122.900000,0.000000,5,7,9,11,17,28,84,270,720,790,790,9673,0,5,14.552646428213285,1.999500032979995,791.4676000364125,4780.841931148558
1791080336,250,,Aggregated,121.700000,0.000000,5,7,9,11,17,28,83,270,720,790,790,9789,0,5,14.45488411485813,1.999500032979995,791.4676000364125,4780.0251302482375
1791080337,250,,Aggregated,119.000000,0.000000,5,7,9,11,17,27,81,270,720,790,790,9930,0,5,14.338146153119254,1.999500032979995,791.4676000364125,4780.825881168177
1791080338,250,,Aggregated,123.700000,0.000000,5,7,9,11,17,27,81,270,710,780,790,10047,0,5,14.271313835021774,1.999500032979995,791.4676000364125,4780.829501343685
1791080339,250,,Aggregated,120.500000,0.000000,5,7,9,11,17,27,78,260,710,780,790,10183,0,5,14.1648807424488,1.999500032979995,791.4676000364125,4781.016989099479
1791080340,250,,Aggregated,122.600000,0.000000,5,7,9,11,17,27,78,230,710,780,790,10303,0,5,14.070835378085905,1.999500032979995,791.4676000364125,4785.763758128701
1791080341,250,,Aggregated,121.300000,0.000000,5,7,9,11,17,27,77,230,710,780,790,10434,0,5,14.02138742573165,1.999500032979995,791.4676000364125,4781.537952846464
1791080342,250,,Aggregated,130.800000,0.000000,5,7,9,11,17,26,76,230,710,780,790,10565,0,5,13.922176015184478,1.999500032979995,791.4676000364125,4782.51661145291
1791080343,250,,Aggregated,123.400000,0.000000,5,7,9,11,17,27,76,230,710,780,790,10676,0,5,13.888646777861103,1.999500032979995,791.4676000364125,4780.972086923942
1791080344,250,,Aggregated,125.500000,0.000000,5,7,9,11,17,26,75,230,710,780,790,10809,0,5,13.804703626698297,1.999500032979995,791.4676000364125,4775.894254787677
1791080345,250,,Aggregated,123.300000,0.000000,5,7,9,11,17,26,75,220,710,780,790,10931,0,5,13.706235669285709,1.999500032979995,791.4676000364125,4779.090751074925
1791080346,250,,Aggregated,124.300000,0.000000,5,7,9,11,17,26,74,220,710,780,790,11056,0,5,13.61774627360894,1.999500032979995,791.4676000364125,4775.4242040520985
1791080347,250,,Aggregated,127.500000,0.000000,5,7,9,11,18,30,89,250,710,780,790,11205,0,5,14.548529710024072,1.999500032979995,791.4676000364125,4775.537081659973
1791080348,250,,Aggregated,124.100000,0.000000,5,7,9,11,18,29,89,230,710,780,790,11323,0,5,14.46927711742361,1.999500032979995,791.4676000364125,4773.981983573258
1791080350,250,,Aggregated,122.900000,0.000000,5,7,9,11,18,29,87,230,710,780,790,11442,0,5,14.382674034329078,1.999500032979995,791.4676000364125,4773.6869428421605
1791080351,250,,Aggregated,123.900000,0.000000,5,7,9,11,17,29,86,230,710,780,790,11562,0,5,14.298406547373471,1.999500032979995,791.4676000364125,4770.768379173153
1791080352,250,,Aggregated,122.000000,0.000000,5,7,9,11,17,29,86,230,710,780,790,11691,0,5,14.220193234121064,1.999500032979995,791.4676000364125,4770.595586348473
1791080353,250,,Aggregated,121.800000,0.000000,5,7,9,11,17,29,85,230,710,780,790,11822,0,5,14.140293579773905,1.999500032979995,791.4676000364125,4769.64320757909
1791080354,250,,Aggregated,121.100000,0.000000,5,7,9,11,17,29,85,230,710,780,790,11949,0,5,14.08244945182136,1.999500032979995,791.4676000364125,4769.791028537953
1791080355,250,,Aggregated,122.900000,0.000000,5,7,9,11,17,28,84,220,710,780,790,12072,0,5,13.997352592813868,1.999500032979995,791.4676000364125,4770.397945659377
1791080356,250,,Aggregated,123.100000,0.000000,5,7,9,11,17,28,83,220,710,780,790,12201,0,5,13.920881452360089,1.999500032979995,791.4676000364125,4769.005983116138
1791080357,250,,Aggregated,122.500000,0.000000,5,7,9,11,17,28,83,220,710,780,790,12316,0,5,13.851964972409379,1.999500032979995,791.4676000364125,4765.00324780773
1791080358,250,,Aggregated,122.600000,0.000000,5,7,9,11,17,28,79,210,710,780,790,12455,0,5,13.76749061421719,1.999500032979995,791.4676000364125,4768.422561220394
1791080359,250,,Aggregated,124.500000,0.000000,5,7,9,11,17,28,79,210,710,780,790,12579,0,5,13.694175633992986,1.999500032979995,791.4676000364125,4768.6790682884175
1791080360,250,,Aggregated,123.500000,0.000000,5,7,9,11,17,28,83,210,710,780,790,12710,0,5,13.765785987416567,1.999500032979995,791.4676000364125,4767.203383162864
1791080361,250,,Aggregated,124.500000,0.000000,5,7,9,11,18,29,81,200,710,780,790,12841,0,5,13.807289424485,1.999500032979995,791.4676000364125,4765.770812242037
1791080362,250,,Aggregated,124.900000,0.000000,5,7,9,11,18,30,79,200,710,780,790,12955,0,5,13.834716480134386,1.999500032979995,791.4676000364125,4761.6944037051335
1791080363,250,,Aggregated,125.000000,0.000000,5,7,9,11,18,29,79,200,700,780,790,13079,0,5,13.762792797617259,1.999500032979995,791.4676000364125,4761.650049697989
1791080364,250,,Aggregated,124.500000,0.000000,5,7,9,11,18,29,79,200,700,780,790,13199,0,5,13.69990532615575,1.999500032979995,791.4676000364125,4760.367224789757
1791080365,250,,Aggregated,124.000000,0.000000,5,7,9,11,18,29,78,200,700,780,790,13332,0,5,13.63095295531894,1.999500032979995,791.4676000364125,4758.730573057306
1791080366,250,,Aggregated,123.300000,0.000000,5,7,9,11,17,29,77,190,700,780,790,13446,0,5,13.567587862552429,1.999500032979995,791.4676000364125,4761.233749814071
1791080367,250,,Aggregated,122.600000,0.000000,5,7,9,11,17,29,77,190,700,780,790,13568,0,5,13.508833158908292,1.999500032979995,791.4676000364125,4760.016288325472
1791080368,250,,Aggregated,121.700000,0.000000,5,7,9,11,17,28,76,190,700,780,790,13685,0,5,13.44331042748523,1.999500032979995,791.4676000364125,4761.175082206796
1791080369,250,,Aggregated,123.100000,0.000000,5,7,9,11,17,28,75,190,700,780,790,13815,0,5,13.371604191114228,1.999500032979995,791.4676000364125,4760.804415490409
1791080370,250,,Aggregated,122.000000,0.000000,5,7,9,11,17,28,75,190,700,780,790,13940,0,5,13.339142804877522,1.999500032979995,791.4676000364125,4759.727403156385
1791080371,250,,Aggregated,121.500000,0.000000,5,7,9,11,17,28,74,190,700,780,790,14056,0,5,13.313145710011389,1.999500032979995,791.4676000364125,4759.253912919749
1791080372,250,,Aggregated,122.400000,0.000000,5,7,9,11,17,28,74,190,700,780,790,14193,0,5,13.27675754946012,1.999500032979995,791.4676000364125,4756.808074402875
1791080373,250,,Aggregated,121.800000,0.000000,5,7,9,11,17,28,73,190,700,780,790,14299,0,5,13.225980096445708,1.999500032979995,791.4676000364125,4753.949367088608
1791080374,250,,Aggregated,122.300000,0.000000,5,7,9,11,17,28,73,190,700,780,790,14426,0,5,13.173781942273422,1.999500032979995,791.4676000364125,4752.78836822404
1791080375,250,,Aggregated,122.600000,0.000000,5,7,9,11,17,28,72,190,700,780,790,14545,0,5,13.111747906457834,1.999500032979995,791.4676000364125,4754.859676864902
1791080376,250,,Aggregated,121.500000,0.000000,5,7,9,11,17,28,71,190,700,780,790,14676,0,5,13.045008087979513,1.999500032979995,791.4676000364125,4753.817388934314
1791080377,250,,Aggregated,122.500000,0.000000,5,7,9,11,17,27,70,180,700,780,790,14805,0,5,12.988184964479624,1.999500032979995,791.4676000364125,4756.210199257008
1791080378,250,,Aggregated,123.700000,0.000000,5,7,9,11,17,27,70,180,700,780,790,14922,0,5,12.938182616215869,1.999500032979995,791.4676000364125,4755.147031229058
1791080379,250,,Aggregated,122.800000,0.000000,5,7,9,11,17,27,69,180,690,780,790,15047,0,5,12.8950660795548,1.999500032979995,791.4676000364125,4755.950089718881
1791080380,250,,Aggregated,123.100000,0.000000,5,7,9,11,17,27,69,180,690,780,790,15182,0,5,12.871752259217656,1.999500032979995,791.4676000364125,4754.569094980899
1791080381,250,,Aggregated,122.600000,0.000000,5,7,9,11,17,27,69,170,690,780,790,15298,0,5,12.821228670372037,1.999500032979995,791.4676000364125,4755.310040528174
1791080382,250,,Aggregated,122.700000,0.000000,5,7,9,11,17,27,68,170,690,780,790,15426,0,5,12.772360255387943,1.999500032979995,791.4676000364125,4755.529236354208
1791080383,250,,Aggregated,122.800000,0.000000,5,7,9,11,17,27,68,170,690,780,790,15549,0,5,12.732650356899137,1.999500032979995,791.4676000364125,4757.004630522863
1791080384,250,,Aggregated,123.700000,0.000000,5,7,9,11,17,26,68,170,690,780,790,15674,0,5,12.679156016255108,1.999500032979995,791.4676000364125,4757.923695291565
1791080385,250,,Aggregated,123.300000,0.000000,5,7,9,11,17,26,66,170,690,780,790,15811,0,5,12.622413009852185,1.999500032979995,791.4676000364125,4757.760862690532
1791080386,250,,Aggregated,124.500000,0.000000,5,7,9,11,17,26,66,170,690,780,790,15937,0,5,12.570525155201373,1.999500032979995,791.4676000364125,4757.863776118466
1791080387,250,,Aggregated,124.800000,0.000000,5,7,9,11,17,29,85,200,690,780,790,16098,0,5,13.639066778402087,1.999500032979995,791.4676000364125,4757.02062367996
1791080388,250,,Aggregated,124.700000,0.000000,5,7,9,11,17,29,85,200,690,780,790,16209,0,5,13.59223137137205,1.999500032979995,791.4676000364125,4757.6302671355415
1791080389,250,,Aggregated,123.000000,0.000000,5,7,9,11,17,29,85,200,690,780,790,16338,0,5,13.53959589289827,1.999500032979995,791.4676000364125,4757.117701065002
1791080390,250,,Aggregated,123.700000,0.000000,5,7,9,11,17,28,84,200,690,780,790,16465,0,5,13.479456987450872,1.999500032979995,791.4676000364125,4756.346006680838
1791080391,250,,Aggregated,123.600000,0.000000,5,7,9,11,17,28,84,190,690,780,790,16580,0,5,13.42989867298939,1.999500032979995,791.4676000364125,4757.161338962605
1791080392,250,,Aggregated,122.600000,0.000000,5,7,9,11,17,28,84,190,690,780,790,16715,0,5,13.36611506421617,1.999500032979995,791.4676000364125,4756.372120849536
1791080393,250,,Aggregated,124.200000,0.000000,5,7,9,11,17,28,84,190,690,780,790,16825,0,5,13.318939262884841,1.999500032979995,791.4676000364125,4758.690282317979
1791080394,250,,Aggregated,122.800000,0.000000,5,7,9,11,17,28,83,190,690,780,790,16962,0,5,13.25737266229612,1.999500032979995,791.4676000364125,4757.349428133475
1791080395,250,,Aggregated,123.700000,0.000000,5,7,9,11,17,28,83,190,690,780,790,17081,0,5,13.208253170050448,1.999500032979995,791.4676000364125,4758.524500907441
1791080396,250,,Aggregated,123.500000,0.000000,5,7,9,11,18,31,91,220,690,780,790,17234,0,5,14.003877822772097,1.999500032979995,791.4676000364125,4757.954392479982
1791080398,250,,Aggregated,122.400000,0.000000,5,7,9,11,18,30,90,210,690,780,790,17354,0,5,13.951425227501126,1.999500032979995,791.4676000364125,4758.535669010026
1791080399,250,,Aggregated,124.200000,0.000000,5,7,9,11,18,30,90,210,690,780,790,17473,0,5,13.905426732576322,1.999500032979995,791.4676000364125,4758.699021347222
1791080400,250,,Aggregated,122.600000,0.000000,5,7,9,11,17,30,89,210,690,780,790,17603,0,5,13.851370311799482,1.999500032979995,791.4676000364125,4759.62120093166
1791080401,250,,Aggregated,122.500000,0.000000,5,7,9,11,17,30,89,210,690,780,790,17730,0,5,13.821716604545399,1.999500032979995,791.4676000364125,4760.243147208122
1791080402,250,,Aggregated,122.600000,0.000000,5,7,9,11,17,30,89,210,690,780,790,17854,0,5,13.764341632058908,1.999500032979995,791.4676000364125,4761.984765318696
1791080403,250,,Aggregated,122.200000,0.000000,5,7,9,11,17,29,89,210,690,780,790,17980,0,5,13.721068136740291,1.999500032979995,791.4676000364125,4760.8805339265855
1791080404,250,,Aggregated,123.300000,0.000000,5,7,9,11,17,29,87,210,680,780,790,18099,0,5,13.674800801080861,1.999500032979995,791.4676000364125,4760.422288524228
1791080405,250,,Aggregated,122.000000,0.000000,5,7,9,11,17,29,87,200,680,780,790,18225,0,5,13.621804060306482,1.999500032979995,791.4676000364125,4761.529766803841
1791080406,250,,Aggregated,121.800000,0.000000,5,7,9,11,17,29,86,200,680,780,790,18358,0,5,13.56231055120685,1.999500032979995,791.4676000364125,4760.965246758906
1791080407,250,,Aggregated,123.000000,0.000000,5,7,9,11,17,29,86,200,680,780,790,18479,0,5,13.518710920439739,1.999500032979995,791.4676000364125,4759.8096217327775
1791080408,250,,Aggregated,127.300000,0.000000,5,7,9,11,17,29,85,200,680,780,790,18612,0,5,13.460214888197529,1.999500032979995,791.4676000364125,4760.022243713733
1791080409,250,,Aggregated,123.000000,0.000000,5,7,9,11,17,29,86,200,680,780,790,18746,0,5,13.47843480203554,1.999500032979995,791.4676000364125,4762.242931825456
1791080410,250,,Aggregated,124.700000,0.000000,5,7,9,11,17,29,85,200,680,780,790,18878,0,5,13.430590597463707,1.999500032979995,791.4676000364125,4761.133647632165
1791080411,250,,Aggregated,124.200000,0.000000,5,7,9,11,17,29,85,200,680,780,790,18988,0,5,13.441759584925792,1.999500032979995,791.4676000364125,4760.601643143038
1791080412,250,,Aggregated,124.800000,0.000000,5,7,9,11,18,29,85,190,670,780,790,19117,0,5,13.479219888008336,1.999500032979995,791.4676000364125,4759.773918501857
1791080413,250,,Aggregated,123.700000,0.000000,5,7,9,11,18,29,84,190,670,780,790,19255,0,5,13.459633871644153,1.999500032979995,791.4676000364125,4760.557050116853
1791080414,250,,Aggregated,123.500000,0.000000,5,7,9,11,18,29,84,190,670,780,790,19372,0,5,13.416523817807322,1.999500032979995,791.4676000364125,4761.62714226719
1791080415,250,,Aggregated,123.900000,0.000000,5,7,9,11,18,29,84,190,670,780,790,19495,0,5,13.430995101223322,1.999500032979995,791.4676000364125,4760.5350602718645
1791080416,250,,Aggregated,124.300000,0.000000,5,7,9,11,18,30,84,190,670,780,790,19625,0,5,13.429322292915527,1.999500032979995,791.4676000364125,4759.716382165605
1791080417,250,,Aggregated,125.200000,0.000000,5,7,9,11,18,30,83,190,670,780,790,19764,0,5,13.423444090182501,1.999500032979995,791.4676000364125,4758.6818457802065
1791080418,250,,Aggregated,123.100000,0.000000,5,7,9,11,18,30,83,190,670,780,790,19881,0,5,13.378872989212098,1.999500032979995,791.4676000364125,4759.680700165987
1791080419,250,,Aggregated,123.300000,0.000000,5,7,9,11,18,30,82,190,670,770,790,20007,0,5,13.343353346232472,1.999500032979995,791.4676000364125,4759.736292297695
1791080420,250,,Aggregated,123.700000,0.000000,5,7,9,11,18,29,82,190,670,770,790,20137,0,5,13.301124338189144,1.999500032979995,791.4676000364125,4759.859810299448
1791080421,250,,Aggregated,123.800000,0.000000,5,7,9,11,18,29,82,190,670,770,790,20273,0,5,13.281353479907965,1.999500032979995,791.4676000364125,4760.928278991762
1791080422,250,,Aggregated,123.400000,0.000000,5,7,9,11,18,29,81,190,670,770,790,20410,0,5,13.236730274287911,1.999500032979995,791.4676000364125,4760.6878490935815
1791080423,250,,Aggregated,123.800000,0.000000,5,7,9,11,18,29,81,190,670,770,790,20544,0,5,13.189714038066159,1.999500032979995,791.4676000364125,4760.979799454829
1791080424,250,,Aggregated,123.800000,0.000000,5,7,9,11,18,29,80,190,670,770,790,20656,0,5,13.149314809145544,1.999500032979995,791.4676000364125,4760.5287083656085
1791080425,250,,Aggregated,125.900000,0.000000,5,7,9,11,18,29,80,190,670,770,790,20789,0,5,13.114570811380192,1.999500032979995,791.4676000364125,4759.1427678099
1791080426,250,,Aggregated,125.000000,0.000000,5,7,9,11,18,29,79,180,670,770,790,20893,0,5,13.07578660782737,1.999500032979995,791.4676000364125,4758.479586464366
1791080427,250,,Aggregated,123.600000,0.000000,5,7,9,11,18,29,79,180,670,770,790,21028,0,5,13.025527491779958,1.999500032979995,791.4676000364125,4761.312155221609
1791080428,250,,Aggregated,124.400000,0.000000,5,7,9,11,18,29,79,180,670,770,790,21152,0,5,12.984659838189001,1.999500032979995,791.4676000364125,4762.889466717095
1791080429,250,,Aggregated,125.300000,0.000000,5,7,9,11,17,29,78,180,670,770,790,21287,0,5,12.941691078908661,1.999500032979995,791.4676000364125,4763.580119321652
1791080430,250,,Aggregated,123.300000,0.000000,5,7,9,11,18,29,78,180,670,770,790,21409,0,5,12.92658271740001,1.999500032979995,791.4676000364125,4764.530290999112
1791080431,250,,Aggregated,125.100000,0.000000,5,7,9,11,18,29,78,180,670,770,790,21528,0,5,12.899884206434137,1.999500032979995,791.4676000364125,4764.458472686733
1791080432,250,,Aggregated,125.000000,0.000000,5,7,9,11,17,28,78,170,670,770,790,21651,0,5,12.861389256656341,1.999500032979995,791.4676000364125,4763.560805505519
1791080433,250,,Aggregated,126.100000,0.000000,5,7,9,11,17,28,77,170,670,770,790,21784,0,5,12.816811361354137,1.999500032979995,791.4676000364125,4765.457445831803
1791080434,250,,Aggregated,125.400000,0.000000,5,7,9,11,17,28,77,170,670,770,790,21917,0,5,12.774077076980015,1.999500032979995,791.4676000364125,4764.775562348862
1791080435,250,,Aggregated,123.200000,0.000000,5,7,9,11,17,28,77,170,670,770,790,22038,0,5,12.748830270257372,1.999500032979995,791.4676000364125,4763.896224702786
1791080436,250,,Aggregated,124.400000,0.000000,5,7,9,11,17,28,76,170,670,770,790,22170,0,5,12.714672900114506,1.999500032979995,791.4676000364125,4764.643662607126
1791080437,250,,Aggregated,125.100000,0.000000,5,7,9,11,17,28,76,170,670,770,790,22297,0,5,12.670277696371306,1.999500032979995,791.4676000364125,4764.373278916446
1791080438,250,,Aggregated,124.900000,0.000000,5,7,9,11,17,28,76,170,670,770,790,22424,0,5,12.634781287728403,1.999500032979995,791.4676000364125,4763.673920799144
1791080439,250,,Aggregated,125.700000,0.000000,5,7,9,11,17,28,75,170,670,770,790,22555,0,5,12.601343484651057,1.999500032979995,791.4676000364125,4764.115983152295
1791080440,250,,Aggregated,125.700000,0.000000,5,7,9,11,17,28,75,170,670,770,790,22679,0,5,12.57555087952043,1.999500032979995,791.4676000364125,4763.007187265753
1791080442,250,,Aggregated,125.800000,0.000000,5,7,9,11,18,29,86,190,670,770,790,22838,0,5,13.274852552598142,1.999500032979995,791.4676000364125,4762.997591733077
1791080443,250,,Aggregated,122.400000,0.000000,5,7,9,11,18,29,86,190,670,770,790,22964,0,5,13.246322931364146,1.999500032979995,791.4676000364125,4762.319500087093
1791080444,250,,Aggregated,126.100000,0.000000,5,7,9,11,18,29,86,190,660,770,790,23079,0,5,13.215926422076869,1.999500032979995,791.4676000364125,4762.450452792582
1791080445,250,,Aggregated,126.300000,0.000000,5,7,9,11,18,29,85,180,660,770,790,23210,0,5,13.178370167845953,1.999500032979995,791.4676000364125,4761.839336492891
1791080446,250,,Aggregated,125.100000,0.000000,5,7,9,11,18,29,85,180,660,770,790,23336,0,5,13.179905300626183,1.999500032979995,791.4676000364125,4761.704405210833
1791080447,250,,Aggregated,125.200000,0.000000,5,7,9,11,18,29,85,180,660,770,790,23475,0,5,13.147910151036042,1.999500032979995,791.4676000364125,4763.1047923322685
1791080448,250,,Aggregated,125.500000,0.000000,5,7,9,11,18,29,84,180,660,770,790,23598,0,5,13.110742092370096,1.999500032979995,791.4676000364125,4762.847444698703
1791080449,250,,Aggregated,125.300000,0.000000,5,7,9,11,18,29,84,180,660,770,790,23728,0,5,13.071450522420553,1.999500032979995,791.4676000364125,4762.164952798382
1791080450,250,,Aggregated,125.900000,0.000000,5,7,9,11,18,29,84,180,660,770,790,23860,0,5,13.034292527096138,1.999500032979995,791.4676000364125,4762.933864207879
1791080451,250,,Aggregated,124.900000,0.000000,5,7,9,11,17,29,84,180,660,770,790,23974,0,5,13.00448193028707,1.999500032979995,791.4676000364125,4763.084716776508
1791080452,250,,Aggregated,125.900000,0.000000,5,7,9,11,17,29,83,170,650,770,790,24096,0,5,12.96914846433034,1.999500032979995,791.4676000364125,4763.568102589641
1791080453,250,,Aggregated,127.500000,0.000000,5,7,9,11,17,29,83,170,650,770,790,24219,0,5,12.93631430266879,1.999500032979995,791.4676000364125,4763.134605062141
1791080454,250,,Aggregated,123.700000,0.000000,5,7,9,11,17,29,83,170,650,770,790,24343,0,5,12.90030123635743,1.999500032979995,791.4676000364125,4762.4372509551
1791080455,250,,Aggregated,123.100000,0.000000,5,7,9,11,17,29,82,170,650,770,790,24466,0,5,12.862720926864124,1.999500032979995,791.4676000364125,4763.5788849832425
1791080456,250,,Aggregated,124.500000,0.000000,5,7,9,11,17,28,82,170,650,770,790,24591,0,5,12.828916603502428,1.999500032979995,791.4676000364125,4762.502907567809
1791080457,250,,Aggregated,124.200000,0.000000,5,7,9,11,17,28,82,170,650,770,790,24712,0,5,12.799691724515847,1.999500032979995,791.4676000364125,4761.702452249919
1791080458,250,,Aggregated,123.300000,0.000000,5,7,9,11,17,28,82,170,650,770,790,24844,0,5,12.762498269038753,1.999500032979995,791.4676000364125,4762.282442440831
1791080459,250,,Aggregated,123.100000,0.000000,5,7,9,11,17,28,81,170,650,770,790,24966,0,5,12.730221216691026,1.999500032979995,791.4676000364125,4761.145237523031
1791080460,250,,Aggregated,123.100000,0.000000,5,7,9,11,17,28,81,170,630,770,790,25097,0,5,12.697192094511772,1.9733000081032515,791.4676000364125,4760.9941028808225
1791080461,250,,Aggregated,122.500000,0.000000,5,7,9,11,17,28,81,170,630,770,790,25221,0,5,12.699473018349204,1.9733000081032515,791.4676000364125,4760.746758653503
1791080462,250,,Aggregated,123.300000,0.000000,5,7,9,11,17,28,80,170,630,770,790,25365,0,5,12.669538024674972,1.9733000081032515,791.4676000364125,4759.65649517051
1791080463,250,,Aggregated,124.200000,0.000000,5,7,9,11,17,28,80,170,630,770,790,25482,0,5,12.645058150691622,1.9733000081032515,791.4676000364125,4759.30963032729
1791080464,250,,Aggregated,125.900000,0.000000,5,7,9,11,17,28,79,170,630,770,790,25617,0,5,12.607946804684351,1.9733000081032515,791.4676000364125,4760.482062692743
1791080465,250,,Aggregated,125.900000,0.000000,5,7,9,11,17,28,79,170,630,770,790,25729,0,5,12.577228691168587,1.9733000081032515,791.4676000364125,4760.19258424346
1791080466,250,,Aggregated,126.000000,0.000000,5,7,9,11,17,28,79,160,630,770,790,25867,0,5,12.551372045274366,1.9733000081032515,791.4676000364125,4761.219816754939
1791080467,250,,Aggregated,125.800000,0.000000,5,7,9,11,17,28,79,160,630,770,790,25997,0,5,12.517669288588401,1.930000027641654,791.4676000364125,4762.292649151826
1791080468,250,,Aggregated,125.800000,0.000000,5,7,9,11,17,28,78,160,620,770,790,26111,0,5,12.487800765784218,1.930000027641654,791.4676000364125,4762.494657424074
1791080469,250,,Aggregated,125.600000,0.000000,5,7,9,11,17,28,78,160,620,770,790,26235,0,5,12.45544628530685,1.930000027641654,791.4676000364125,4761.72483323804
1791080470,250,,Aggregated,125.300000,0.000000,5,7,9,11,17,28,78,160,620,770,790,26366,0,5,12.424134138490487,1.930000027641654,791.4676000364125,4760.957976181446
1791080471,250,,Aggregated,126.100000,0.000000,5,7,9,11,17,28,77,160,620,770,790,26501,0,5,12.423404924164243,1.930000027641654,791.4676000364125,4762.481113920229
1791080472,250,,Aggregated,124.100000,0.000000,5,7,9,11,17,28,77,160,620,770,790,26610,0,5,12.413875753310576,1.930000027641654,791.4676000364125,4764.007177752725
1791080473,250,,Aggregated,125.600000,0.000000,5,7,9,11,17,28,77,160,620,770,790,26730,0,5,12.389766079130375,1.930000027641654,791.4676000364125,4764.173587729143
1791080474,250,,Aggregated,122.700000,0.000000,5,7,9,11,17,27,77,160,620,770,790,26858,0,5,12.359379916433927,1.930000027641654,791.4676000364125,4764.437299873408
1791080475,250,,Aggregated,123.600000,0.000000,5,7,9,11,17,27,77,160,620,770,790,26999,0,5,12.327703881484972,1.930000027641654,791.4676000364125,4764.332160450387
1791080476,250,,Aggregated,124.300000,0.000000,5,7,9,11,17,27,76,150,620,770,790,27118,0,5,12.300355258360822,1.930000027641654,791.4676000364125,4764.744007670182
1791080477,250,,Aggregated,123.600000,0.000000,5,7,9,11,17,27,76,150,620,770,790,27246,0,5,12.270090567275485,1.930000027641654,791.4676000364125,4765.011304411657
1791080478,250,,Aggregated,123.300000,0.000000,5,7,9,11,17,27,75,150,620,770,790,27374,0,5,12.243465076203574,1.930000027641654,791.4676000364125,4764.549462994082
1791080479,250,,Aggregated,123.300000,0.000000,5,7,9,11,17,27,75,150,620,770,790,27494,0,5,12.216314097482526,1.930000027641654,791.4676000364125,4763.259983996509
1791080480,250,,Aggregated,124.800000,0.000000,5,7,9,11,17,27,75,150,620,770,790,27616,0,5,12.185609327786413,1.930000027641654,791.4676000364125,4764.732111819235
1791080481,250,,Aggregated,125.200000,0.000000,5,7,9,11,17,27,75,150,620,770,790,27744,0,5,12.16430991191023,1.930000027641654,791.4676000364125,4764.211397058823
1791080482,250,,Aggregated,124.400000,0.000000,5,7,9,11,17,27,74,150,620,770,790,27872,0,5,12.136822832804112,1.930000027641654,791.4676000364125,4764.909156142365
1791080483,250,,Aggregated,125.100000,0.000000,5,7,9,11,17,26,74,150,620,770,790,28000,0,5,12.104350235558481,1.930000027641654,791.4676000364125,4766.425357142857
1791080484,250,,Aggregated,126.100000,0.000000,5,7,9,11,17,26,74,150,610,770,790,28128,0,5,12.077786451063254,1.930000027641654,791.4676000364125,4766.438708759954
1791080485,250,,Aggregated,125.700000,0.000000,5,7,9,11,17,26,73,150,610,770,790,28268,0,5,12.070464047537614,1.930000027641654,791.4676000364125,4766.952242818735
1791080486,250,,Aggregated,125.400000,0.000000,5,7,9,11,17,26,73,150,610,770,790,28393,0,5,12.048564329075637,1.930000027641654,791.4676000364125,4767.404782869017
1791080487,250,,Aggregated,125.100000,0.000000,5,7,9,11,17,26,73,150,610,770,790,28522,0,5,12.020441104944345,1.930000027641654,791.4676000364125,4767.8137578009955
1791080488,250,,Aggregated,125.200000,0.000000,5,7,9,11,17,26,73,150,610,770,790,28646,0,5,11.99586362478888,1.930000027641654,791.4676000364125,4767.662047057181
1791080489,250,,Aggregated,125.500000,0.000000,5,7,9,11,17,26,72,140,610,770,790,28775,0,5,11.9761418452026,1.930000027641654,791.4676000364125,4767.192319721981
1791080490,250,,Aggregated,124.400000,0.000000,5,7,9,11,17,26,71,140,610,770,790,28894,0,5,11.953554353685762,1.930000027641654,791.4676000364125,4767.5276874091505
1791080491,250,,Aggregated,123.500000,0.000000,5,7,9,11,17,26,71,140,610,770,790,29018,0,5,11.931080604985064,1.930000027641654,791.4676000364125,4766.535564132608
1791080492,250,,Aggregated,124.800000,0.000000,5,7,9,11,17,26,70,140,610,770,790,29147,0,5,11.904891124145921,1.930000027641654,791.4676000364125,4766.525096922496
1791080493,250,,Aggregated,124.100000,0.000000,5,7,9,11,17,26,70,140,610,770,790,29283,0,5,11.896221469636306,1.930000027641654,791.4676000364125,4767.496226479528
1791080494,250,,Aggregated,123.900000,0.000000,5,7,9,11,17,26,70,140,610,770,790,29408,0,5,11.87890124442026,1.930000027641654,791.4676000364125,4767.287540805223
1791080495,250,,Aggregated,123.900000,0.000000,5,7,9,11,17,26,69,140,610,770,790,29535,0,5,11.871018598134599,1.930000027641654,791.4676000364125,4767.62116133401
1791080496,250,,Aggregated,122.800000,0.000000,5,7,9,11,17,26,69,140,610,770,790,29655,0,5,11.913192318181226,1.930000027641654,791.4676000364125,4769.134412409375
1791080497,250,,Aggregated,123.700000,0.000000,5,7,9,11,17,26,69,140,610,770,790,29783,0,5,11.911239767513969,1.930000027641654,791.4676000364125,4768.460967666118
1791080498,250,,Aggregated,123.700000,0.000000,5,7,9,11,17,26,69,130,610,770,790,29902,0,5,11.888279803894036,1.930000027641654,791.4676000364125,4768.673734198382
1791080499,250,,Aggregated,123.700000,0.000000,5,7,9,11,17,26,69,130,610,760,790,30032,0,5,11.86478045070102,1.930000027641654,791.4676000364125,4769.36471097496
1791080500,250,,Aggregated,124.100000,0.000000,5,7,9,11,17,26,68,130,610,760,790,30157,0,5,11.844257886916614,1.930000027641654,791.4676000364125,4769.270053387273
1791080501,250,,Aggregated,124.200000,0.000000,5,7,9,11,17,26,68,130,610,760,790,30282,0,5,11.82856771333287,1.930000027641654,791.4676000364125,4768.73092926491
1791080502,250,,Aggregated,123.300000,0.000000,5,7,9,11,17,26,68,130,610,760,790,30405,0,5,11.805182871083847,1.930000027641654,791.4676000364125,4768.810721920737
1791080503,250,,Aggregated,122.100000,0.000000,5,7,9,11,17,26,68,130,610,760,790,30526,0,5,11.785249462607357,1.930000027641654,791.4676000364125,4769.085402607613
1791080504,250,,Aggregated,123.000000,0.000000,5,7,9,11,17,26,67,130,610,760,790,30649,0,5,11.767123602593074,1.930000027641654,791.4676000364125,4768.079937355215
1791080505,250,,Aggregated,124.200000,0.000000,5,7,9,11,17,26,67,130,610,760,790,30785,0,5,11.743031524960738,1.930000027641654,791.4676000364125,4767.729348708786
1791080506,250,,Aggregated,123.700000,0.000000,5,7,9,11,17,26,66,130,610,760,790,30905,0,5,11.718139776606984,1.930000027641654,791.4676000364125,4767.695065523378
1791080507,250,,Aggregated,123.700000,0.000000,5,7,9,11,17,26,66,130,610,760,790,31041,0,5,11.695854740379135,1.930000027641654,791.4676000364125,4767.471988660159
1791080508,250,,Aggregated,125.200000,0.000000,5,7,9,11,17,26,66,130,610,760,790,31157,0,5,11.67576593048818,1.930000027641654,791.4676000364125,4766.257662804506
1791080509,250,,Aggregated,124.500000,0.000000,5,7,9,11,17,26,65,130,610,760,790,31304,0,5,11.646533947624212,1.930000027641654,791.4676000364125,4766.255973677486
1791080510,250,,Aggregated,124.900000,0.000000,5,7,9,11,17,26,65,130,610,760,790,31425,0,5,11.626680983158604,1.930000027641654,791.4676000364125,4766.212219570406
1791080511,250,,Aggregated,124.300000,0.000000,5,7,9,11,17,25,64,130,610,760,790,31547,0,5,11.610650635419198,1.930000027641654,791.4676000364125,4766.295685802136
1791080512,250,,Aggregated,126.700000,0.000000,5,7,9,11,16,25,64,130,610,760,790,31687,0,5,11.591658695865464,1.930000027641654,791.4676000364125,4765.880077003188
1791080513,250,,Aggregated,126.400000,0.000000,5,7,9,11,16,25,63,130,610,760,790,31804,0,5,11.574793752232008,1.930000027641654,791.4676000364125,4765.40321972079
1791080515,250,,Aggregated,126.200000,0.000000,5,7,9,11,17,26,64,130,610,760,790,31926,0,5,11.597157316797265,1.930000027641654,791.4676000364125,4765.799912297187
1791080516,250,,Aggregated,127.000000,0.000000,5,7,9,11,17,26,63,120,610,760,790,32060,0,5,11.614484931259513,1.930000027641654,791.4676000364125,4766.197629444791
1791080517,250,,Aggregated,125.800000,0.000000,5,7,9,11,17,26,64,120,610,760,790,32165,0,5,11.61576207978664,1.930000027641654,791.4676000364125,4765.721778330483
1791080518,250,,Aggregated,126.200000,0.000000,5,7,9,11,17,26,67,130,610,760,790,32313,0,5,11.68511314011063,1.930000027641654,791.4676000364125,4764.458298517625
1791080519,250,,Aggregated,124.600000,0.000000,5,7,9,11,17,26,66,130,610,760,790,32430,0,5,11.663093841996536,1.930000027641654,791.4676000364125,4764.515695343817
1791080520,250,,Aggregated,125.600000,0.000000,5,7,9,11,17,26,66,130,610,760,790,32561,0,5,11.644372482303172,1.930000027641654,791.4676000364125,4764.0853782132
1791080521,250,,Aggregated,125.600000,0.000000,5,7,9,11,17,26,66,120,610,760,790,32689,0,5,11.625179225310909,1.930000027641654,791.4676000364125,4763.485545596378
1791080522,250,,Aggregated,124.600000,0.000000,5,7,9,11,17,26,65,120,610,760,790,32817,0,5,11.60489244586209,1.930000027641654,791.4676000364125,4764.18106469208
1791080523,250,,Aggregated,125.800000,0.000000,5,7,9,11,17,26,65,120,610,760,790,32935,0,5,11.585323792189532,1.930000027641654,791.4676000364125,4764.256231972066
1791080524,250,,Aggregated,126.300000,0.000000,5,7,9,11,17,26,64,120,610,760,790,33057,0,5,11.561538990105994,1.930000027641654,791.4676000364125,4764.347853707233
1791080525,250,,Aggregated,123.400000,0.000000,5,7,9,11,17,26,64,120,610,760,790,33186,0,5,11.543928195517902,1.930000027641654,791.4676000364125,4764.062285301031
1791080526,250,,Aggregated,124.800000,0.000000,5,7,9,11,17,26,63,120,610,760,790,33313,0,5,11.524654035861222,1.930000027641654,791.4676000364125,4763.071173415784
1791080527,250,,Aggregated,124.800000,0.000000,5,7,9,11,17,26,62,120,610,760,790,33439,0,5,11.503196198946119,1.930000027641654,791.4676000364125,4763.090343610754
1791080528,250,,Aggregated,124.400000,0.000000,5,7,9,11,17,25,62,120,610,760,790,33577,0,5,11.483039684809624,1.930000027641654,791.4676000364125,4761.689430264764
1791080529,250,,Aggregated,127.000000,0.000000,5,7,9,11,16,25,61,120,610,760,790,33699,0,5,11.462234149280473,1.930000027641654,791.4676000364125,4762.454879966765
1791080530,250,,Aggregated,125.700000,0.000000,5,7,9,11,16,25,61,120,610,760,790,33827,0,5,11.442176066363107,1.930000027641654,791.4676000364125,4761.81573890679
1791080531,250,,Aggregated,126.100000,0.000000,5,7,9,11,16,25,61,120,610,760,790,33952,0,5,11.429760187821334,1.930000027641654,791.4676000364125,4762.472873468426
1791080532,250,,Aggregated,125.100000,0.000000,5,7,9,11,16,25,61,120,610,760,790,34069,0,5,11.42968692055893,1.930000027641654,791.4676000364125,4761.5301006780355
1791080533,250,,Aggregated,125.300000,0.000000,5,7,9,11,17,26,61,120,610,760,790,34210,0,5,11.466748795577374,1.930000027641654,791.4676000364125,4761.542151417714
1791080534,250,,Aggregated,125.000000,0.000000,5,7,9,11,17,26,61,120,610,760,790,34325,0,5,11.447870272294145,1.930000027641654,791.4676000364125,4762.961689730517
1791080535,250,,Aggregated,125.200000,0.000000,5,7,9,11,17,26,61,120,610,760,790,34445,0,5,11.429792744842503,1.930000027641654,791.4676000364125,4761.433125272173
1791080536,250,,Aggregated,125.000000,0.000000,5,7,9,11,17,26,60,120,610,760,790,34569,0,5,11.408334799849301,1.930000027641654,791.4676000364125,4762.801961294802
1791080537,250,,Aggregated,125.300000,0.000000,5,7,9,11,17,26,60,120,610,760,790,34695,0,5,11.396917789180415,1.930000027641654,791.4676000364125,4762.99991353221
1791080538,250,,Aggregated,124.700000,0.000000,5,7,9,11,17,26,60,120,610,760,790,34823,0,5,11.379085859794944,1.930000027641654,791.4676000364125,4763.849610889355
1791080539,250,,Aggregated,124.000000,0.000000,5,7,9,11,17,26,60,120,610,760,790,34944,0,5,11.367028949055337,1.930000027641654,791.4676000364125,4764.073088369963
1791080540,250,,Aggregated,123.500000,0.000000,5,7,9,11,17,26,60,120,610,760,790,35074,0,5,11.349812071500677,1.930000027641654,791.4676000364125,4763.707532645264
1791080541,250,,Aggregated,122.900000,0.000000,5,7,9,11,17,26,60,120,610,760,790,35187,0,5,11.34263692829863,1.930000027641654,791.4676000364125,4764.696848267826
1791080542,250,,Aggregated,124.200000,0.000000,5,7,9,11,17,26,60,120,610,760,790,35337,0,5,11.373170529354413,1.930000027641654,791.4676000364125,4765.439510994142
1791080543,250,,Aggregated,121.600000,0.000000,5,7,9,11,17,26,59,120,610,760,790,35462,0,5,11.364026439453347,1.930000027641654,791.4676000364125,4765.0010151711695
1791080544,250,,Aggregated,123.700000,0.000000,5,7,9,11,17,26,59,120,610,760,790,35586,0,5,11.348542547515839,1.930000027641654,791.4676000364125,4765.131821502839
1791080545,250,,Aggregated,124.400000,0.000000,5,7,9,11,17,26,59,120,610,760,790,35702,0,5,11.330177110416724,1.930000027641654,791.4676000364125,4765.380819001736
1791080546,250,,Aggregated,125.200000,0.000000,5,7,9,11,17,26,59,120,610,760,790,35837,0,5,11.31098892754145,1.930000027641654,791.4676000364125,4765.920808103357
1791080547,250,,Aggregated,124.100000,0.000000,5,7,9,11,17,26,59,120,610,760,790,35956,0,5,11.296653128716747,1.930000027641654,791.4676000364125,4766.690983424185
1791080548,250,,Aggregated,124.800000,0.000000,5,7,9,11,17,26,58,110,610,760,790,36085,0,5,11.281869194856645,1.930000027641654,791.4676000364125,4766.342884855203
1791080549,250,,Aggregated,125.100000,0.000000,5,7,9,11,17,25,58,110,610,760,790,36202,0,5,11.267918311036771,1.930000027641654,791.4676000364125,4765.875559361361
1791080550,250,,Aggregated,123.500000,0.000000,5,7,9,11,17,25,58,110,610,760,790,36320,0,5,11.25077851586902,1.930000027641654,791.4676000364125,4766.016272026432
1791080551,250,,Aggregated,124.900000,0.000000,5,7,9,11,17,25,58,110,610,760,790,36445,0,5,11.232330113770942,1.930000027641654,791.4676000364125,4765.8442584716695
1791080552,250,,Aggregated,122.900000,0.000000,5,7,9,11,16,25,58,110,610,760,790,36581,0,5,11.214875919099148,1.930000027641654,791.4676000364125,4766.265602361882
1791080553,250,,Aggregated,124.500000,0.000000,5,7,9,11,17,25,57,110,610,760,790,36711,0,5,11.212417052009277,1.930000027641654,791.4676000364125,4766.55258641824
1791080554,250,,Aggregated,124.600000,0.000000,5,7,9,11,17,25,57,110,610,760,790,36843,0,5,11.19520346052895,1.930000027641654,791.4676000364125,4767.134218168987
1791080555,250,,Aggregated,123.400000,0.000000,5,7,9,11,16,25,56,110,610,760,790,36960,0,5,11.17782932349309,1.930000027641654,791.4676000364125,4767.489096320346
1791080556,250,,Aggregated,123.700000,0.000000,5,7,9,11,16,25,56,110,600,760,790,37077,0,5,11.162943239651717,1.930000027641654,791.4676000364125,4767.655177063948
1791080557,250,,Aggregated,124.900000,0.000000,5,7,9,11,16,25,56,110,600,760,790,37210,0,5,11.143668159000335,1.930000027641654,791.4676000364125,4768.285192152647
1791080558,250,,Aggregated,124.100000,0.000000,5,7,9,11,16,25,56,110,600,760,790,37337,0,5,11.12620965252178,1.930000027641654,791.4676000364125,4768.587219112409
1791080559,250,,Aggregated,123.300000,0.000000,5,7,9,11,16,25,55,110,600,760,790,37454,0,5,11.109576584513505,1.930000027641654,791.4676000364125,4768.86084263363
1791080560,250,,Aggregated,124.700000,0.000000,5,7,9,11,16,25,55,110,600,760,790,37587,0,5,11.092661422724527,1.930000027641654,791.4676000364125,4769.122116689281
1791080561,250,,Aggregated,124.900000,0.000000,5,7,9,11,16,25,55,110,600,760,790,37719,0,5,11.114157469606972,1.930000027641654,791.4676000364125,4768.224263633712
1791080562,250,,Aggregated,126.500000,0.000000,5,7,9,11,16,25,55,110,600,760,790,37834,0,5,11.101902867697163,1.930000027641654,791.4676000364125,4768.104905640429
1791080563,250,,Aggregated,124.800000,0.000000,5,7,9,11,16,25,55,110,600,760,790,37957,0,5,11.087207073698256,1.930000027641654,791.4676000364125,4767.173433095345
1791080564,250,,Aggregated,123.600000,0.000000,5,7,9,11,16,25,55,110,580,760,790,38088,0,5,11.074015910418511,1.930000027641654,791.4676000364125,4766.670683679899
1791080565,250,,Aggregated,123.400000,0.000000,5,7,9,11,16,25,54,100,580,760,790,38207,0,5,11.057163195131016,1.930000027641654,791.4676000364125,4766.603318763578
1791080566,250,,Aggregated,124.600000,0.000000,5,7,9,11,16,25,54,100,580,760,790,38342,0,5,11.038347626532136,1.930000027641654,791.4676000364125,4766.685775389912
1791080567,250,,Aggregated,123.000000,0.000000,5,7,9,11,16,25,54,100,580,760,790,38467,0,5,11.025357472539177,1.930000027641654,791.4676000364125,4767.183066004627
1791080568,250,,Aggregated,123.900000,0.000000,5,7,9,11,16,25,54,100,580,760,790,38594,0,5,11.011779527809663,1.930000027641654,791.4676000364125,4767.623853448723
1791080569,250,,Aggregated,123.800000,0.000000,5,7,9,11,16,25,54,100,580,760,790,38712,0,5,10.997657878596302,1.930000027641654,791.4676000364125,4767.82847695805
1791080570,250,,Aggregated,124.300000,0.000000,5,7,9,11,16,25,53,100,580,760,790,38849,0,5,10.984957599845451,1.930000027641654,791.4676000364125,4767.09467425159
1791080571,250,,Aggregated,123.000000,0.000000,5,7,9,11,16,25,53,100,580,760,790,38971,0,5,11.002099899833055,1.930000027641654,791.4676000364125,4765.537373944728
1791080572,250,,Aggregated,123.100000,0.000000,5,7,9,11,16,25,53,100,580,760,790,39107,0,5,11.004655232994788,1.930000027641654,791.4676000364125,4765.368476231876
1791080573,250,,Aggregated,125.200000,0.000000,5,7,9,11,16,25,53,100,580,760,790,39218,0,5,10.998683969015794,1.930000027641654,791.4676000364125,4765.739889846499
1791080574,250,,Aggregated,122.700000,0.000000,5,7,9,11,16,25,53,100,580,760,790,39338,0,5,10.9850923304902,1.930000027641654,791.4676000364125,4765.745309878489
1791080575,250,,Aggregated,124.900000,0.000000,5,7,9,11,16,25,53,100,580,760,790,39469,0,5,10.97282064902405,1.930000027641654,791.4676000364125,4765.496820289341
1791080576,250,,Aggregated,123.100000,0.000000,5,7,9,11,16,25,53,100,580,760,790,39583,0,5,10.959890793936479,1.930000027641654,791.4676000364125,4764.976302958341
1791080577,250,,Aggregated,124.400000,0.000000,5,7,9,11,16,25,52,100,580,760,790,39713,0,5,10.946198269993703,1.930000027641654,791.4676000364125,4764.981668471281
1791080578,250,,Aggregated,123.200000,0.000000,5,7,9,11,16,25,52,100,580,760,790,39832,0,5,10.93433642036988,1.930000027641654,791.4676000364125,4765.946600723037
1791080579,250,,Aggregated,123.300000,0.000000,5,7,9,11,16,25,52,100,580,760,790,39968,0,5,10.918059987890185,1.930000027641654,791.4676000364125,4766.167509007206
1791080580,250,,Aggregated,123.600000,0.000000,5,7,9,11,16,25,52,100,570,760,790,40084,0,5,10.904133247565655,1.930000027641654,791.4676000364125,4766.209210657619
1791080581,250,,Aggregated,123.000000,0.000000,5,7,9,11,16,25,52,99,570,760,790,40204,0,5,10.891481937003679,1.930000027641654,791.4676000364125,4766.771440652671
1791080582,250,,Aggregated,123.500000,0.000000,5,7,9,11,16,25,52,99,570,760,790,40325,0,5,10.87756359566757,1.930000027641654,791.4676000364125,4767.928406695598
1791080583,250,,Aggregated,122.600000,0.000000,5,7,9,11,16,25,51,99,570,760,790,40458,0,5,10.862142312900572,1.930000027641654,791.4676000364125,4768.773913688269
1791080584,250,,Aggregated,124.100000,0.000000,5,7,9,11,16,25,51,99,570,760,790,40584,0,5,10.848223967465115,1.930000027641654,791.4676000364125,4768.7727922333925
1791080585,250,,Aggregated,123.000000,0.000000,5,7,9,11,16,25,52,99,570,760,790,40715,0,5,10.856097411162967,1.930000027641654,791.4676000364125,4769.195112366449
1791080586,250,,Aggregated,123.300000,0.000000,5,7,9,11,16,25,52,99,570,760,790,40844,0,5,10.840508887364503,1.930000027641654,791.4676000364125,4769.421824502987
1791080587,250,,Aggregated,122.100000,0.000000,5,7,9,11,16,25,58,110,570,760,790,40987,0,5,11.105280576660329,1.930000027641654,791.4676000364125,4768.971576353478
1791080589,250,,Aggregated,121.800000,0.000000,5,7,9,11,17,26,60,110,570,760,790,41131,0,5,11.208381033660283,1.930000027641654,791.4676000364125,4768.651844107851
1791080590,250,,Aggregated,122.500000,0.000000,5,7,9,11,17,26,60,110,570,760,790,41236,0,5,11.200212433207636,1.930000027641654,791.4676000364125,4768.353598797167
1791080591,250,,Aggregated,125.200000,0.000000,5,7,9,11,17,26,60,110,570,760,790,41368,0,5,11.186489624720656,1.930000027641654,791.4676000364125,4767.540345194353
1791080592,250,,Aggregated,121.700000,0.000000,5,7,9,11,17,26,60,110,570,760,790,41496,0,5,11.169669372839763,1.930000027641654,791.4676000364125,4767.697754000385
1791080593,250,,Aggregated,122.700000,0.000000,5,7,9,11,17,26,60,110,570,760,790,41614,0,5,11.16539442485192,1.930000027641654,791.4676000364125,4768.120175902341
1791080594,250,,Aggregated,123.600000,0.000000,5,7,9,11,16,26,59,110,570,760,790,41747,0,5,11.150941832845579,1.930000027641654,791.4676000364125,4768.82798763983
1791080595,250,,Aggregated,123.900000,0.000000,5,7,9,11,16,25,59,110,570,760,790,41867,0,5,11.134753779723146,1.930000027641654,791.4676000364125,4769.2064155540165
1791080596,250,,Aggregated,123.500000,0.000000,5,7,9,11,16,25,59,110,570,760,790,41999,0,5,11.119696314086353,1.930000027641654,791.4676000364125,4769.222529107836
1791080597,250,,Aggregated,124.400000,0.000000,5,7,9,11,16,25,59,110,570,760,790,42128,0,5,11.102192214090895,1.930000027641654,791.4676000364125,4769.04360520319
1791080598,250,,Aggregated,122.600000,0.000000,5,7,9,11,16,25,59,110,570,760,790,42255,0,5,11.089885327064115,1.930000027641654,791.4676000364125,4769.911182108626
1791080599,250,,Aggregated,126.600000,0.000000,5,7,9,11,16,25,59,110,570,760,790,42372,0,5,11.078036415441906,1.930000027641654,791.4676000364125,4770.383531577457
1791080600,250,,Aggregated,125.000000,0.000000,5,7,9,11,16,25,58,110,570,760,790,42511,0,5,11.06877781032901,1.930000027641654,791.4676000364125,4769.850203476747
1791080601,250,,Aggregated,122.900000,0.000000,5,7,9,11,16,25,58,110,570,760,790,42636,0,5,11.054691263132487,1.930000027641654,791.4676000364125,4770.206116896519
1791080602,250,,Aggregated,126.700000,0.000000,5,7,9,11,16,25,58,110,570,760,790,42760,0,5,11.041188814193069,1.930000027641654,791.4676000364125,4770.123409728719
1791080603,250,,Aggregated,125.500000,0.000000,5,7,9,11,16,25,58,100,570,760,790,42884,0,5,11.03392279160006,1.930000027641654,791.4676000364125,4769.81939651152
1791080604,250,,Aggregated,124.100000,0.000000,5,7,9,11,16,25,58,100,560,760,790,43004,0,5,11.023556985286186,1.930000027641654,791.4676000364125,4769.943726165008
1791080605,250,,Aggregated,124.400000,0.000000,5,7,9,11,16,25,58,100,560,760,790,43123,0,5,11.008252521739998,1.930000027641654,791.4676000364125,4769.429840224474
1791080606,250,,Aggregated,123.800000,0.000000,5,7,9,11,16,25,57,100,560,760,790,43262,0,5,10.99224702036119,1.930000027641654,791.4676000364125,4770.158938560399
1791080607,250,,Aggregated,123.200000,0.000000,5,7,9,11,16,25,57,100,560,760,790,43376,0,5,10.980306823938093,1.930000027641654,791.4676000364125,4770.429707672445
1791080608,250,,Aggregated,124.600000,0.000000,5,7,9,11,16,25,57,100,560,760,790,43507,0,5,10.96771685004984,1.930000027641654,791.4676000364125,4770.990760107569
1791080609,250,,Aggregated,122.200000,0.000000,5,7,9,11,16,25,57,100,560,760,790,43628,0,5,10.955887980089502,1.930000027641654,791.4676000364125,4770.147107362244
1791080610,250,,Aggregated,122.900000,0.000000,5,7,9,11,16,25,58,100,560,760,790,43750,0,5,10.987443142750168,1.930000027641654,791.4676000364125,4769.775771428572
1791080611,250,,Aggregated,123.800000,0.000000,5,7,9,11,16,25,58,100,560,760,790,43870,0,5,10.989647688513053,1.930000027641654,791.4676000364125,4769.233622065192
1791080612,250,,Aggregated,121.200000,0.000000,5,7,9,11,16,25,58,100,560,760,790,43989,0,5,11.00646999010785,1.930000027641654,791.4676000364125,4768.944486121531
1791080613,250,,Aggregated,122.900000,0.000000,5,7,9,11,17,25,58,100,560,760,790,44122,0,5,11.024256719889578,1.930000027641654,791.4676000364125,4769.200036263089
1791080614,250,,Aggregated,123.000000,0.000000,5,7,9,11,17,26,58,100,560,760,790,44256,0,5,11.051839411484963,1.930000027641654,791.4676000364125,4768.236600686912
1791080615,250,,Aggregated,122.100000,0.000000,5,7,9,11,17,26,57,100,560,760,790,44373,0,5,11.040434261704862,1.930000027641654,791.4676000364125,4768.513352714489
1791080616,250,,Aggregated,123.900000,0.000000,5,7,9,11,17,26,62,120,560,760,790,44525,0,5,11.390169774156517,1.930000027641654,791.4676000364125,4768.152588433464
1791080617,250,,Aggregated,124.500000,0.000000,5,7,9,11,17,26,62,120,560,760,790,44662,0,5,11.384994597071163,1.930000027641654,791.4676000364125,4767.66430074784
1791080618,250,,Aggregated,118.900000,0.000000,5,7,9,11,17,26,62,120,560,760,790,44772,0,5,11.371073251017094,1.930000027641654,791.4676000364125,4767.441302599839
1791080619,250,,Aggregated,124.200000,0.000000,5,7,9,11,17,26,61,120,560,760,790,44910,0,5,11.354646927068345,1.930000027641654,791.4676000364125,4767.78726341572
1791080620,250,,Aggregated,122.800000,0.000000,5,7,9,11,17,26,61,120,560,760,790,45028,0,5,11.341775723873985,1.930000027641654,791.4676000364125,4768.3406991205475
1791080621,250,,Aggregated,121.900000,0.000000,5,7,9,11,17,26,61,120,560,760,790,45166,0,5,11.36391628867491,1.930000027641654,791.4676000364125,4768.274409954391
1791080622,250,,Aggregated,124.000000,0.000000,5,7,9,11,17,26,61,120,560,760,790,45288,0,5,11.3624646770281,1.930000027641654,791.4676000364125,4768.149001943119
1791080623,250,,Aggregated,123.400000,0.000000,5,7,9,11,17,26,61,110,560,760,790,45421,0,5,11.345761138974831,1.930000027641654,791.4676000364125,4768.720613812994
1791080624,250,,Aggregated,122.800000,0.000000,5,7,9,11,17,26,61,110,560,760,790,45545,0,5,11.335917514402169,1.930000027641654,791.4676000364125,4767.121286639587
1791080625,250,,Aggregated,124.700000,0.000000,5,7,9,11,17,26,61,110,560,760,790,45673,0,5,11.320128198147467,1.930000027641654,791.4676000364125,4767.4771746984
1791080626,250,,Aggregated,123.200000,0.000000,5,7,9,11,17,26,61,110,560,760,790,45792,0,5,11.305527598574992,1.930000027641654,791.4676000364125,4768.485608839972
1791080627,250,,Aggregated,123.500000,0.000000,5,7,9,11,17,26,60,110,560,760,790,45912,0,5,11.2916174963843,1.930000027641654,791.4676000364125,4768.522956961143
1791080628,250,,Aggregated,127.800000,0.000000,5,7,9,11,17,26,60,110,560,760,790,46041,0,5,11.275812777613439,1.930000027641654,791.4676000364125,4768.609847744402
1791080629,250,,Aggregated,124.400000,0.000000,5,7,9,11,17,26,60,110,560,760,790,46161,0,5,11.260939882029316,1.930000027641654,791.4676000364125,4768.982214423431
1791080630,250,,Aggregated,124.500000,0.000000,5,7,9,11,17,26,60,110,560,760,790,46297,0,5,11.248499766615376,1.930000027641654,791.4676000364125,4768.872842732791
1791080631,250,,Aggregated,126.100000,0.000000,5,7,9,11,17,26,60,110,560,760,790,46415,0,5,11.272941503723855,1.930000027641654,791.4676000364125,4768.031412258968
1791080632,250,,Aggregated,124.100000,0.000000,5,7,9,11,17,26,60,110,560,760,790,46547,0,5,11.26030242541209,1.930000027641654,791.4676000364125,4769.067480181322
1791080633,250,,Aggregated,124.600000,0.000000,5,7,9,11,17,26,60,110,560,760,790,46667,0,5,11.249027790422765,1.930000027641654,791.4676000364125,4768.692202198556
1791080634,250,,Aggregated,124.700000,0.000000,5,7,9,11,17,26,60,110,560,760,790,46800,0,5,11.232566570413635,1.930000027641654,791.4676000364125,4769.698717948718
1791080635,250,,Aggregated,124.100000,0.000000,5,7,9,11,17,26,60,110,560,760,790,46916,0,5,11.219961303087697,1.930000027641654,791.4676000364125,4770.212443516071
1791080637,250,,Aggregated,124.500000,0.000000,5,7,9,11,17,26,60,110,560,760,790,47060,0,5,11.247694428293107,1.930000027641654,791.4676000364125,4770.363535911602
1791080638,250,,Aggregated,122.300000,0.000000,5,7,9,11,17,26,60,110,560,760,790,47191,0,5,11.242401178100451,1.930000027641654,791.4676000364125,4769.7942616176815
1791080639,250,,Aggregated,123.400000,0.000000,5,7,9,11,17,26,60,110,560,760,790,47318,0,5,11.254511762884075,1.930000027641654,791.4676000364125,4770.064542034744
1791080640,250,,Aggregated,124.000000,0.000000,5,7,9,11,17,26,59,110,560,760,790,47446,0,5,11.249367059310181,1.930000027641654,791.4676000364125,4770.802154027737
1791080641,250,,Aggregated,123.000000,0.000000,5,7,9,11,17,26,59,110,560,760,790,47572,0,5,11.240550727237158,1.930000027641654,791.4676000364125,4770.785798368788
1791080642,250,,Aggregated,124.000000,0.000000,5,7,9,11,17,26,59,110,560,760,790,47709,0,5,11.23248998083737,1.930000027641654,791.4676000364125,4770.53361001069
1791080643,250,,Aggregated,123.100000,0.000000,5,7,9,11,17,26,59,110,560,760,790,47834,0,5,11.217707084827092,1.930000027641654,791.4676000364125,4770.6668687544425
1791080644,250,,Aggregated,124.300000,0.000000,5,7,9,11,17,26,59,110,560,760,790,47956,0,5,11.20497667852889,1.930000027641654,791.4676000364125,4771.08318041538
1791080645,250,,Aggregated,123.800000,0.000000,5,7,9,11,17,26,59,110,560,760,790,48086,0,5,11.192466938320278,1.930000027641654,791.4676000364125,4771.333818575053
1791080646,250,,Aggregated,123.800000,0.000000,5,7,9,11,17,27,65,120,560,760,790,48242,0,5,11.600699218435345,1.930000027641654,791.4676000364125,4770.720181584511
1791080647,250,,Aggregated,123.500000,0.000000,5,7,9,11,17,27,64,120,560,760,790,48351,0,5,11.59198588437744,1.9050000119023025,791.4676000364125,4770.12367893115
1791080648,250,,Aggregated,122.100000,0.000000,5,7,9,11,17,27,64,120,560,760,790,48480,0,5,11.578330154609322,1.9050000119023025,791.4676000364125,4769.867429867987
1791080649,250,,Aggregated,122.700000,0.000000,5,7,9,11,17,27,64,120,560,760,790,48608,0,5,11.564372354254226,1.9050000119023025,791.4676000364125,4769.589244568795
1791080650,250,,Aggregated,121.900000,0.000000,5,7,9,11,17,27,64,120,560,760,790,48723,0,5,11.55267537704499,1.9050000119023025,791.4676000364125,4769.4087802475215
1791080651,250,,Aggregated,123.600000,0.000000,5,7,9,11,17,27,64,120,560,760,790,48856,0,5,11.539606736034505,1.9050000119023025,791.4676000364125,4768.926928115277
1791080652,250,,Aggregated,121.500000,0.000000,5,7,9,11,17,27,64,120,560,760,790,48971,0,5,11.527412733985154,1.9050000119023025,791.4676000364125,4767.215249841743
1791080653,250,,Aggregated,121.900000,0.000000,5,7,9,11,17,27,64,120,560,760,790,49101,0,5,11.514425027916456,1.9050000119023025,791.4676000364125,4767.383495244496
1791080654,250,,Aggregated,121.800000,0.000000,5,7,9,11,17,27,64,120,560,760,790,49224,0,5,11.50843187867591,1.9050000119023025,791.4676000364125,4767.269299528685
1791080655,250,,Aggregated,120.900000,0.000000,5,7,9,11,17,27,64,120,560,760,790,49347,0,5,11.494829148599749,1.9050000119023025,791.4676000364125,4766.37645652218
1791080656,250,,Aggregated,122.500000,0.000000,5,7,9,11,17,27,63,120,560,760,790,49481,0,5,11.48242592299024,1.9050000119023025,791.4676000364125,4766.568501040803
1791080657,250,,Aggregated,121.500000,0.000000,5,7,9,11,17,27,63,120,560,760,790,49612,0,5,11.467663867524804,1.9050000119023025,791.4676000364125,4766.874768201242
1791080658,250,,Aggregated,124.900000,0.000000,5,7,9,11,17,27,63,120,560,760,790,49726,0,5,11.454717389211826,1.9050000119023025,791.4676000364125,4767.43619032297
1791080659,250,,Aggregated,123.400000,0.000000,5,7,9,11,17,27,63,120,560,760,790,49852,0,5,11.441519808549668,1.9050000119023025,791.4676000364125,4766.997893765546
1791080660,250,,Aggregated,124.500000,0.000000,5,7,9,11,17,27,62,120,560,760,790,49981,0,5,11.428093077279295,1.9050000119023025,791.4676000364125,4767.502170824913
1791080661,250,,Aggregated,122.700000,0.000000,5,7,9,11,17,27,62,120,560,760,790,50101,0,5,11.425283325593561,1.9050000119023025,791.4676000364125,4767.001297379294
1791080662,250,,Aggregated,125.300000,0.000000,5,7,9,11,17,27,62,120,560,760,790,50239,0,5,11.418366456250437,1.9050000119023025,791.4676000364125,4767.3151336611
1791080663,250,,Aggregated,124.700000,0.000000,5,7,9,11,17,26,62,120,560,760,790,50353,0,5,11.405754113859492,1.9050000119023025,791.4676000364125,4767.709888189383
1791080664,250,,Aggregated,124.700000,0.000000,5,7,9,11,17,27,62,120,560,760,790,50485,0,5,11.407498005255118,1.9050000119023025,791.4676000364125,4768.229672179856
1791080665,250,,Aggregated,126.300000,0.000000,5,7,9,11,17,26,62,120,560,760,790,50606,0,5,11.39546906878982,1.9050000119023025,791.4676000364125,4768.063055764139
1791080666,250,,Aggregated,123.500000,0.000000,5,7,9,11,17,26,62,110,560,760,790,50740,0,5,11.380964526900415,1.9050000119023025,791.4676000364125,4767.627473393773
1791080667,250,,Aggregated,125.900000,0.000000,5,7,9,11,17,26,62,110,560,760,790,50868,0,5,11.36632838709622,1.9050000119023025,791.4676000364125,4767.297986946607
1791080668,250,,Aggregated,125.000000,0.000000,5,7,9,11,17,26,62,110,560,760,790,50993,0,5,11.352697068130995,1.9050000119023025,791.4676000364125,4767.983409487577
1791080669,250,,Aggregated,124.400000,0.000000,5,7,9,11,17,26,61,110,560,760,790,51129,0,5,11.340063531370687,1.9050000119023025,791.4676000364125,4767.893152613977
1791080670,250,,Aggregated,124.300000,0.000000,5,7,9,11,17,26,61,110,560,760,790,51241,0,5,11.32836502596115,1.9050000119023025,791.4676000364125,4767.362092855331
1791080671,250,,Aggregated,126.000000,0.000000,5,7,9,11,17,26,61,110,560,760,790,51372,0,5,11.318051494886065,1.9050000119023025,791.4676000364125,4767.185120298996
1791080672,250,,Aggregated,126.300000,0.000000,5,7,9,11,17,26,61,110,560,760,790,51498,0,5,11.309725831977762,1.9050000119023025,791.4676000364125,4766.96260048934
1791080673,250,,Aggregated,124.800000,0.000000,5,7,9,11,17,26,61,110,560,760,790,51622,0,5,11.298353285322735,1.9050000119023025,791.4676000364125,4765.98913254039
1791080674,250,,Aggregated,126.100000,0.000000,5,7,9,11,17,26,61,110,560,760,790,51754,0,5,11.2849682574322,1.9050000119023025,791.4676000364125,4766.508926846234
1791080675,250,,Aggregated,124.700000,0.000000,5,7,9,11,17,26,60,110,560,760,790,51885,0,5,11.276695998753743,1.9050000119023025,791.4676000364125,4766.561106292763
1791080676,250,,Aggregated,126.100000,0.000000,5,7,9,11,17,26,60,110,560,760,790,52001,0,5,11.26526416598992,1.9050000119023025,791.4676000364125,4766.036441606892
1791080677,250,,Aggregated,125.200000,0.000000,5,7,9,11,17,26,60,110,560,760,790,52129,0,5,11.254852308605406,1.9050000119023025,791.4676000364125,4765.8527882752405
1791080678,250,,Aggregated,127.200000,0.000000,5,7,9,11,17,26,60,110,560,760,790,52243,0,5,11.244455220703765,1.9050000119023025,791.4676000364125,4765.663514729246
1791080679,250,,Aggregated,125.800000,0.000000,5,7,9,11,17,26,60,110,560,760,790,52366,0,5,11.234050586164267,1.9050000119023025,791.4676000364125,4765.44118321048
1791080680,250,,Aggregated,125.700000,0.000000,5,7,9,11,17,26,60,110,560,760,790,52496,0,5,11.221104171646045,1.9050000119023025,791.4676000364125,4765.805432794879
1791080681,250,,Aggregated,124.500000,0.000000,5,7,9,11,17,26,60,110,560,760,790,52613,0,5,11.214584515131474,1.9050000119023025,791.4676000364125,4765.611825974569
1791080682,250,,Aggregated,122.600000,0.000000,5,7,9,11,17,26,60,110,560,760,790,52743,0,5,11.202205794035581,1.9050000119023025,791.4676000364125,4764.671046394782
1791080683,250,,Aggregated,124.700000,0.000000,5,7,9,11,17,26,60,110,560,760,790,52875,0,5,11.190326265626352,1.9050000119023025,791.4676000364125,4765.389976359338
1791080684,250,,Aggregated,122.400000,0.000000,5,7,9,11,17,26,60,110,560,760,790,52991,0,5,11.182070555279754,1.9050000119023025,791.4676000364125,4765.016889660508
1791080685,250,,Aggregated,123.200000,0.000000,5,7,9,11,17,26,59,110,550,760,790,53113,0,5,11.17006178515794,1.9050000119023025,791.4676000364125,4764.675766761433
1791080686,250,,Aggregated,125.100000,0.000000,5,7,9,11,17,26,59,110,550,760,790,53238,0,5,11.157567648956508,1.9050000119023025,791.4676000364125,4764.445433712762
1791080687,250,,Aggregated,123.000000,0.000000,5,7,9,11,17,25,59,110,550,760,790,53369,0,5,11.143143229129663,1.9050000119023025,791.4676000364125,4764.311266840301
1791080688,250,,Aggregated,121.400000,0.000000,5,7,9,11,17,25,59,110,550,760,790,53488,0,5,11.130764343315624,1.9050000119023025,791.4676000364125,4764.793280735866
1791080689,250,,Aggregated,123.200000,0.000000,5,7,9,11,17,25,59,110,550,760,790,53622,0,5,11.119645177265731,1.9050000119023025,791.4676000364125,4765.0705121032415
1791080690,250,,Aggregated,123.600000,0.000000,5,7,9,11,17,25,59,110,550,760,790,53751,0,5,11.11003842896821,1.9050000119023025,791.4676000364125,4764.717233167755
1791080691,250,,Aggregated,122.800000,0.000000,5,7,9,11,17,25,59,110,550,760,790,53868,0,5,11.11788638329569,1.9050000119023025,791.4676000364125,4764.671530407663
1791080692,250,,Aggregated,124.900000,0.000000,5,7,9,11,17,25,59,110,550,760,790,53986,0,5,11.104753776825198,1.9050000119023025,791.4676000364125,4765.346089726966
1791080694,250,,Aggregated,124.700000,0.000000,5,7,9,11,17,25,58,110,550,760,790,54126,0,5,11.09258157254955,1.9050000119023025,791.4676000364125,4765.561892620922
1791080695,250,,Aggregated,123.300000,0.000000,5,7,9,11,17,25,58,110,550,760,790,54246,0,5,11.081869374620192,1.9050000119023025,791.4676000364125,4765.771669800538
1791080696,250,,Aggregated,122.500000,0.000000,5,7,9,11,17,25,58,110,550,760,790,54368,0,5,11.070458015665297,1.9050000119023025,791.4676000364125,4766.462477928193
1791080697,250,,Aggregated,123.400000,0.000000,5,7,9,11,16,25,58,100,550,760,790,54494,0,5,11.059291545777103,1.9050000119023025,791.4676000364125,4766.509010166257
1791080698,250,,Aggregated,123.400000,0.000000,5,7,9,11,17,25,58,100,550,760,790,54626,0,5,11.052926776557605,1.9050000119023025,791.4676000364125,4766.749862702743
1791080699,250,,Aggregated,123.400000,0.000000,5,7,9,11,16,25,58,100,550,760,790,54764,0,5,11.043710349793592,1.9050000119023025,791.4676000364125,4766.010663939815
1791080700,250,,Aggregated,123.000000,0.000000,5,7,9,11,16,25,58,100,550,760,790,54876,0,5,11.032594318030533,1.9050000119023025,791.4676000364125,4765.414006122895
1791080701,250,,Aggregated,125.300000,0.000000,5,7,9,11,16,25,58,100,550,760,790,55002,0,5,11.026099870837822,1.9050000119023025,791.4676000364125,4765.8289153121705
1791080702,250,,Aggregated,123.100000,0.000000,5,7,9,11,16,25,57,100,550,760,790,55128,0,5,11.012796199671277,1.9050000119023025,791.4676000364125,4766.102579451458
1791080703,250,,Aggregated,123.700000,0.000000,5,7,9,11,16,25,57,100,550,760,790,55251,0,5,11.00152051357876,1.9050000119023025,791.4676000364125,4766.004199019022
1791080704,250,,Aggregated,124.300000,0.000000,5,7,9,11,16,25,57,100,550,760,790,55385,0,5,10.989423334761483,1.9050000119023025,791.4676000364125,4766.007240227498
1791080705,250,,Aggregated,125.000000,0.000000,5,7,9,11,16,25,57,100,550,760,790,55521,0,5,10.97755441537766,1.9050000119023025,791.4676000364125,4766.432394949658
1791080706,250,,Aggregated,126.300000,0.000000,5,7,9,11,16,25,57,100,550,760,790,55642,0,5,10.972005910933886,1.9050000119023025,791.4676000364125,4765.626091801158
1791080707,250,,Aggregated,126.500000,0.000000,5,7,9,11,16,25,56,100,550,760,790,55757,0,5,10.964095125211013,1.9050000119023025,791.4676000364125,4764.942661907922
1791080708,250,,Aggregated,127.200000,0.000000,5,7,9,11,16,25,56,100,550,760,790,55875,0,5,10.954003235733582,1.9050000119023025,791.4676000364125,4765.029279642058
1791080709,250,,Aggregated,125.400000,0.000000,5,7,9,11,16,25,56,100,550,760,790,56010,0,5,10.939903299343253,1.9050000119023025,791.4676000364125,4764.831333690412
1791080710,250,,Aggregated,125.200000,0.000000,5,7,9,11,16,25,56,100,550,760,790,56123,0,5,10.934826252984251,1.9050000119023025,791.4676000364125,4764.745950857937
1791080711,250,,Aggregated,124.600000,0.000000,5,7,9,11,16,25,56,100,550,760,790,56241,0,5,10.932307588707738,1.9050000119023025,791.4676000364125,4764.946747035081
1791080712,250,,Aggregated,123.800000,0.000000,5,7,9,11,16,25,56,100,550,760,790,56382,0,5,10.936148848866592,1.9050000119023025,791.4676000364125,4765.0232875740485
1791080713,250,,Aggregated,122.900000,0.000000,5,7,9,11,16,25,56,100,550,760,790,56499,0,5,10.931609285070726,1.9050000119023025,791.4676000364125,4765.020690631693
1791080714,250,,Aggregated,123.500000,0.000000,5,7,9,11,16,25,55,100,550,760,790,56627,0,5,10.918030374153892,1.9050000119023025,791.4676000364125,4765.445617814823
1791080715,250,,Aggregated,123.100000,0.000000,5,7,9,11,16,25,55,100,550,760,790,56758,0,5,10.917853777389846,1.9050000119023025,791.4676000364125,4765.780013390183
1791080716,250,,Aggregated,122.100000,0.000000,5,7,9,11,16,25,55,100,550,760,790,56879,0,5,10.912751431933929,1.9050000119023025,791.4676000364125,4766.470349338068
1791080717,250,,Aggregated,122.600000,0.000000,5,7,9,11,16,25,55,100,550,760,790,57012,0,5,10.902274068565802,1.9050000119023025,791.4676000364125,4766.377973058304
1791080718,250,,Aggregated,122.300000,0.000000,5,7,9,11,16,25,55,100,550,760,790,57134,0,5,10.891133437135483,1.9050000119023025,791.4676000364125,4766.9910211082715
1791080719,250,,Aggregated,124.400000,0.000000,5,7,9,11,16,25,55,100,550,760,790,57257,0,5,10.881215510711698,1.9050000119023025,791.4676000364125,4766.76271896886
1791080720,250,,Aggregated,124.200000,0.000000,5,7,9,11,16,25,55,100,550,760,790,57397,0,5,10.868679098156532,1.9050000119023025,791.4676000364125,4767.143578932697
1791080721,250,,Aggregated,123.400000,0.000000,5,7,9,11,16,25,55,100,550,760,790,57521,0,5,10.872507193842358,1.9050000119023025,791.4676000364125,4766.726812816189
1791080722,250,,Aggregated,125.800000,0.000000,5,7,9,11,16,25,54,100,550,760,790,57655,0,5,10.86428093307963,1.9050000119023025,791.4676000364125,4765.935755788743
1791080723,250,,Aggregated,125.900000,0.000000,5,7,9,11,16,25,54,100,550,760,790,57768,0,5,10.855573767415821,1.9050000119023025,791.4676000364125,4765.343979365739
1791080724,250,,Aggregated,125.500000,0.000000,5,7,9,11,16,25,54,99,550,760,790,57901,0,5,10.851124205033269,1.9050000119023025,791.4676000364125,4765.12257128547
1791080725,250,,Aggregated,125.600000,0.000000,5,7,9,11,17,25,58,100,550,760,790,58052,0,5,11.010946988820882,1.9050000119023025,791.4676000364125,4765.1546027699305
1791080726,250,,Aggregated,126.100000,0.000000,5,7,9,11,17,25,58,100,550,760,790,58195,0,5,11.008220147690967,1.9050000119023025,791.4676000364125,4765.274026978263
1791080727,250,,Aggregated,122.000000,0.000000,5,7,9,11,17,25,58,100,550,760,790,58321,0,5,10.996765478901253,1.9050000119023025,791.4676000364125,4765.453678777799
1791080728,250,,Aggregated,124.100000,0.000000,5,7,9,11,17,25,58,100,550,760,790,58441,0,5,10.98806074151656,1.9050000119023025,791.4676000364125,4765.098680720727
1791080729,250,,Aggregated,124.400000,0.000000,5,7,9,11,16,25,58,100,550,760,790,58556,0,5,10.980720851747849,1.9050000119023025,791.4676000364125,4765.313972948972
1791080731,250,,Aggregated,123.800000,0.000000,5,7,9,11,17,26,59,110,550,760,790,58711,0,5,11.057822407995827,1.9050000119023025,791.4676000364125,4765.544139939705
1791080732,250,,Aggregated,119.800000,0.000000,5,7,9,11,17,26,59,100,550,760,790,58833,0,5,11.050462473373734,1.9050000119023025,791.4676000364125,4765.09450478473
1791080733,250,,Aggregated,123.100000,0.000000,5,7,9,11,17,26,59,100,550,760,790,58970,0,5,11.037500223776181,1.9050000119023025,791.4676000364125,4764.792165507885
1791080734,250,,Aggregated,122.300000,0.000000,5,7,9,11,17,26,58,100,550,760,790,59076,0,5,11.028587023418456,1.9050000119023025,791.4676000364125,4765.133472137585
1791080735,250,,Aggregated,123.800000,0.000000,5,7,9,11,17,25,58,100,550,760,790,59219,0,5,11.020100567313392,1.9050000119023025,791.4676000364125,4764.040274236309
1791080736,250,,Aggregated,120.900000,0.000000,5,7,9,11,17,25,58,100,550,760,790,59335,0,5,11.012250577156951,1.9050000119023025,791.4676000364125,4764.245875115867
1791080737,250,,Aggregated,125.800000,0.000000,5,7,9,11,17,25,58,100,550,760,790,59455,0,5,11.002731307634644,1.9050000119023025,791.4676000364125,4764.120595408292
1791080738,250,,Aggregated,123.500000,0.000000,5,7,9,11,17,25,58,100,550,760,790,59589,0,5,10.990925034735653,1.9050000119023025,791.4676000364125,4763.98362113813
1791080739,250,,Aggregated,121.500000,0.000000,5,7,9,11,17,26,58,100,550,760,790,59731,0,5,11.00061746487457,1.9050000119023025,791.4676000364125,4764.076258559207
1791080740,250,,Aggregated,122.900000,0.000000,5,7,9,11,17,25,58,100,550,760,790,59857,0,5,10.990515079172201,1.9050000119023025,791.4676000364125,4764.324824164258
1791080741,250,,Aggregated,123.700000,0.000000,5,7,9,11,17,25,58,100,550,760,790,59992,0,5,10.98132328966911,1.9050000119023025,791.4676000364125,4763.816458861182
1791080742,250,,Aggregated,127.400000,0.000000,5,7,9,11,17,25,58,100,540,760,790,60112,0,5,10.972550078081637,1.9050000119023025,791.4676000364125,4763.758301171147
1791080743,250,,Aggregated,124.200000,0.000000,5,7,9,11,17,25,58,100,540,760,790,60258,0,5,10.970456583262214,1.9050000119023025,791.4676000364125,4763.619237279698
1791080744,250,,Aggregated,125.200000,0.000000,5,7,9,11,17,25,58,100,540,760,790,60381,0,5,10.965906096196889,1.9050000119023025,791.4676000364125,4763.709511270102
1791080745,250,,Aggregated,123.800000,0.000000,5,7,9,11,17,25,58,100,540,760,790,60509,0,5,10.958344512298936,1.9050000119023025,791.4676000364125,4764.043018393958
1791080746,250,,Aggregated,125.400000,0.000000,5,7,9,11,17,26,58,100,540,760,790,60637,0,5,10.965599170387428,1.9050000119023025,791.4676000364125,4764.297557596847
1791080747,250,,Aggregated,123.600000,0.000000,5,7,9,11,17,26,58,100,540,760,790,60750,0,5,10.964131953828074,1.9050000119023025,791.4676000364125,4764.347440329218
1791080748,250,,Aggregated,123.900000,0.000000,5,7,9,11,17,26,58,100,540,760,790,60888,0,5,10.973512719994185,1.9050000119023025,791.4676000364125,4763.332857049008
1791080749,250,,Aggregated,125.700000,0.000000,5,7,9,11,17,26,58,100,540,760,790,61016,0,5,10.980422398959657,1.9050000119023025,791.4676000364125,4763.664301166907
1791080750,250,,Aggregated,124.600000,0.000000,5,7,9,11,17,26,58,100,540,760,790,61128,0,5,10.995727100419561,1.9050000119023025,791.4676000364125,4763.527810496008
1791080751,250,,Aggregated,122.800000,0.000000,5,7,9,11,17,26,58,100,540,760,790,61261,0,5,11.013930143069384,1.9050000119023025,791.4676000364125,4763.611139223976
1791080752,250,,Aggregated,123.300000,0.000000,5,7,9,11,17,26,58,100,540,760,790,61388,0,5,11.013823947589222,1.9050000119023025,791.4676000364125,4763.10316348472
1791080753,250,,Aggregated,123.500000,0.000000,5,7,9,11,17,26,58,100,540,760,790,61513,0,5,11.023308793177915,1.9050000119023025,791.4676000364125,4763.732381772958
1791080754,250,,Aggregated,122.800000,0.000000,5,7,9,11,17,26,58,100,540,760,790,61628,0,5,11.029011608285636,1.9050000119023025,791.4676000364125,4763.378837541377
1791080755,250,,Aggregated,123.500000,0.000000,5,7,9,11,17,26,57,100,540,760,790,61772,0,5,11.019771155142031,1.9050000119023025,791.4676000364125,4763.035614841676
1791080756,250,,Aggregated,124.300000,0.000000,5,7,9,11,17,26,57,100,540,760,790,61892,0,5,11.012187035404498,1.9050000119023025,791.4676000364125,4763.190137659149
1791080757,250,,Aggregated,123.000000,0.000000,5,7,9,11,17,26,57,100,530,760,790,62024,0,5,11.010031025010548,1.9050000119023025,791.4676000364125,4762.9579033922355
1791080758,250,,Aggregated,124.900000,0.000000,5,7,9,11,17,26,57,100,530,760,790,62144,0,5,11.018001992067159,1.9050000119023025,791.4676000364125,4763.306642636458
1791080759,250,,Aggregated,124.300000,0.000000,5,7,9,11,17,26,57,100,530,760,790,62275,0,5,11.019657568781573,1.9050000119023025,791.4676000364125,4762.924865515857
1791080760,250,,Aggregated,123.600000,0.000000,5,7,9,11,17,26,57,100,530,760,790,62389,0,5,11.021250470371996,1.9050000119023025,791.4676000364125,4762.344002949238
1791080761,250,,Aggregated,124.700000,0.000000,5,7,9,11,17,26,57,100,530,760,790,62521,0,5,11.030348948291786,1.9050000119023025,791.4676000364125,4762.353881095952
1791080762,250,,Aggregated,125.200000,0.000000,5,7,9,11,17,26,57,100,530,760,790,62639,0,5,11.028862935172432,1.9050000119023025,791.4676000364125,4762.406887083127
1791080763,250,,Aggregated,123.900000,0.000000,5,7,9,11,17,26,56,100,530,760,790,62763,0,5,11.02687021328384,1.9050000119023025,791.4676000364125,4761.805171836911
1791080764,250,,Aggregated,124.300000,0.000000,5,7,9,11,17,26,56,99,530,760,790,62883,0,5,11.0168192038548,1.9050000119023025,791.4676000364125,4762.080244263156
1791080765,250,,Aggregated,123.500000,0.000000,5,7,9,11,17,26,56,99,530,760,790,63009,0,5,11.007132942850722,1.9050000119023025,791.4676000364125,4761.782285070387
1791080766,250,,Aggregated,122.500000,0.000000,5,7,9,11,17,26,56,99,530,760,790,63135,0,5,10.995745637063811,1.9050000119023025,791.4676000364125,4761.767498218104
1791080767,250,,Aggregated,124.700000,0.000000,5,7,9,11,17,26,56,99,530,760,790,63265,0,5,10.99857177422439,1.9050000119023025,791.4676000364125,4761.9776653758
1791080768,250,,Aggregated,122.500000,0.000000,5,7,9,11,17,26,56,99,530,760,790,63385,0,5,10.994584021397133,1.9050000119023025,791.4676000364125,4761.526133943362
1791080769,250,,Aggregated,122.000000,0.000000,5,7,9,11,17,26,56,99,530,760,790,63510,0,5,11.007662642050395,1.9050000119023025,791.4676000364125,4761.202582270508
1791080770,250,,Aggregated,123.100000,0.000000,5,7,9,11,17,26,56,99,530,760,790,63631,0,5,10.999615547399031,1.9050000119023025,791.4676000364125,4761.744087001619
1791080771,250,,Aggregated,123.500000,0.000000,5,7,9,11,17,26,56,99,530,760,790,63760,0,5,10.989194893296403,1.9050000119023025,791.4676000364125,4762.341279799247
1791080772,250,,Aggregated,122.800000,0.000000,5,7,9,11,17,26,56,99,530,760,790,63894,0,5,10.977576786501993,1.9050000119023025,791.4676000364125,4762.257880239146
1791080773,250,,Aggregated,122.800000,0.000000,5,7,9,11,17,26,56,99,530,760,790,64009,0,5,10.969787798542532,1.9050000119023025,791.4676000364125,4762.371010326673
1791080774,250,,Aggregated,123.000000,0.000000,5,7,9,11,17,26,56,99,530,760,790,64138,0,5,10.961700399086213,1.9050000119023025,791.4676000364125,4761.960631762761
1791080775,250,,Aggregated,125.100000,0.000000,5,7,9,11,17,26,56,99,530,760,790,64261,0,5,10.9528504224433,1.9050000119023025,791.4676000364125,4761.784145904981
1791080776,250,,Aggregated,123.300000,0.000000,5,7,9,11,17,26,56,99,530,760,790,64381,0,5,10.942857692434144,1.9050000119023025,791.4676000364125,4762.495177148538
1791080777,250,,Aggregated,124.300000,0.000000,5,7,9,11,17,26,55,99,530,760,790,64520,0,5,10.931897831626248,1.9050000119023025,791.4676000364125,4762.693722876627
1791080778,250,,Aggregated,124.500000,0.000000,5,7,9,11,17,26,55,99,530,760,790,64643,0,5,10.922343208033075,1.901600044220686,791.4676000364125,4762.7180978605575
1791080779,250,,Aggregated,123.900000,0.000000,5,7,9,11,17,26,55,99,530,760,790,64772,0,5,10.918294298421483,1.901600044220686,791.4676000364125,4763.026724510591
1791080780,250,,Aggregated,125.300000,0.000000,5,7,9,11,17,26,55,98,530,760,790,64894,0,5,10.908295121228875,1.901600044220686,791.4676000364125,4763.385443954757
1791080781,250,,Aggregated,124.400000,0.000000,5,7,9,11,17,26,55,98,530,760,790,65036,0,5,10.903397189212008,1.901600044220686,791.4676000364125,4763.45757734178
1791080782,250,,Aggregated,123.200000,0.000000,5,7,9,11,17,26,55,98,530,760,790,65139,0,5,10.897776984567765,1.901600044220686,791.4676000364125,4762.973579575983
1791080784,250,,Aggregated,125.900000,0.000000,5,7,9,11,17,26,55,98,530,760,790,65281,0,5,10.899474511691244,1.901600044220686,791.4676000364125,4762.775922550206
1791080785,250,,Aggregated,121.900000,0.000000,5,7,9,11,17,26,55,98,530,760,790,65411,0,5,10.889738198439101,1.901600044220686,791.4676000364125,4762.379416306126
1791080786,250,,Aggregated,125.100000,0.000000,5,7,9,11,17,26,55,97,530,760,790,65542,0,5,10.883319027465463,1.901600044220686,791.4676000364125,4762.3623935796895
1791080787,250,,Aggregated,124.200000,0.000000,5,7,9,11,17,26,55,97,530,760,790,65673,0,5,10.873118579913108,1.901600044220686,791.4676000364125,4762.933701825712
1791080788,250,,Aggregated,125.100000,0.000000,5,7,9,11,17,26,54,97,530,760,790,65808,0,5,10.862618175581666,1.901600044220686,791.4676000364125,4762.8179400680765
1791080789,250,,Aggregated,126.300000,0.000000,5,7,9,11,17,26,54,97,530,760,790,65909,0,5,10.855024641534131,1.901600044220686,791.4676000364125,4762.630536042118
1791080790,250,,Aggregated,125.700000,0.000000,5,7,9,11,17,26,54,97,530,760,790,66052,0,5,10.843175605554157,1.901600044220686,791.4676000364125,4763.193907830195
1791080791,250,,Aggregated,124.200000,0.000000,5,7,9,11,17,26,54,97,530,760,790,66179,0,5,10.835467373311317,1.901600044220686,791.4676000364125,4762.738089121927
1791080792,250,,Aggregated,126.400000,0.000000,5,7,9,11,17,26,54,97,530,760,790,66309,0,5,10.828734183876643,1.901600044220686,791.4676000364125,4762.485514786831
1791080793,250,,Aggregated,127.400000,0.000000,5,7,9,11,17,26,54,97,530,760,790,66416,0,5,10.821918436806977,1.901600044220686,791.4676000364125,4762.384139364009
1791080794,250,,Aggregated,125.000000,0.000000,5,7,9,11,17,26,54,97,530,760,790,66558,0,5,10.815985372145771,1.901600044220686,791.4676000364125,4762.66970161363
1791080795,250,,Aggregated,126.400000,0.000000,5,7,9,11,17,26,54,97,530,760,790,66682,0,5,10.806478623910944,1.901600044220686,791.4676000364125,4762.6763744338805
1791080796,250,,Aggregated,126.300000,0.000000,5,7,9,11,17,26,54,97,530,760,790,66801,0,5,10.796883697847624,1.901600044220686,791.4676000364125,4762.648478316193
1791080797,250,,Aggregated,126.800000,0.000000,5,7,9,11,17,26,54,97,530,760,790,66925,0,5,10.788757937989375,1.901600044220686,791.4676000364125,4762.725633171461
1791080798,250,,Aggregated,125.300000,0.000000,5,7,9,11,17,26,53,97,530,760,790,67044,0,5,10.782548672507282,1.901600044220686,791.4676000364125,4762.799788198795
1791080799,250,,Aggregated,125.300000,0.000000,5,7,9,11,17,26,53,97,530,760,790,67178,0,5,10.772652682423386,1.901600044220686,791.4676000364125,4762.747566167495
1791080800,250,,Aggregated,122.400000,0.000000,5,7,9,11,17,25,53,96,530,760,790,67297,0,5,10.764500389314936,1.901600044220686,791.4676000364125,4762.63050358857
1791080801,250,,Aggregated,126.300000,0.000000,5,7,9,11,17,25,53,96,530,760,790,67429,0,5,10.754206296986588,1.901600044220686,791.4676000364125,4762.582716635276
1791080802,250,,Aggregated,124.500000,0.000000,5,7,9,11,17,25,53,96,530,760,790,67540,0,5,10.747022021015534,1.901600044220686,791.4676000364125,4762.489191590169
1791080803,250,,Aggregated,123.800000,0.000000,5,7,9,11,17,25,53,96,530,760,790,67674,0,5,10.736937625961415,1.901600044220686,791.4676000364125,4762.592206755918
1791080804,250,,Aggregated,123.300000,0.000000,5,7,9,11,17,25,53,96,530,760,790,67795,0,5,10.730038632630889,1.901600044220686,791.4676000364125,4762.387712958182
1791080805,250,,Aggregated,125.100000,0.000000,5,7,9,11,17,25,53,96,530,760,790,67921,0,5,10.721515746229063,1.901600044220686,791.4676000364125,4763.142194608442
1791080806,250,,Aggregated,123.800000,0.000000,5,7,9,11,17,25,53,96,530,760,790,68053,0,5,10.71746407064386,1.901600044220686,791.4676000364125,4763.516612052371
1791080807,250,,Aggregated,121.000000,0.000000,5,7,9,11,17,25,53,96,530,760,790,68182,0,5,10.723216111276761,1.901600044220686,791.4676000364125,4763.4480948050805
1791080808,250,,Aggregated,122.800000,0.000000,5,7,9,11,17,25,53,95,530,760,790,68314,0,5,10.714826480649183,1.901600044220686,791.4676000364125,4763.439807360131
1791080809,250,,Aggregated,123.200000,0.000000,5,7,9,11,17,25,53,95,530,760,790,68419,0,5,10.716063226567554,1.901600044220686,791.4676000364125,4763.1197766702235
1791080810,250,,Aggregated,125.900000,0.000000,5,7,9,11,17,25,53,95,530,760,790,68559,0,5,10.715684589896048,1.901600044220686,791.4676000364125,4763.37639113756
1791080811,250,,Aggregated,122.700000,0.000000,5,7,9,11,17,25,53,95,530,760,790,68676,0,5,10.716329199414885,1.901600044220686,791.4676000364125,4763.4770516628805
1791080812,250,,Aggregated,123.600000,0.000000,5,7,9,11,17,25,53,95,530,760,790,68806,0,5,10.71411387958316,1.901600044220686,791.4676000364125,4763.782315495741
1791080813,250,,Aggregated,122.200000,0.000000,5,7,9,11,17,25,53,95,530,760,790,68927,0,5,10.706177727145816,1.901600044220686,791.4676000364125,4763.369144167017
1791080814,250,,Aggregated,124.700000,0.000000,5,7,9,11,17,25,52,95,530,760,790,69059,0,5,10.696851796278327,1.901600044220686,791.4676000364125,4762.916115205839
1791080815,250,,Aggregated,124.100000,0.000000,5,7,9,11,17,25,52,95,530,760,790,69197,0,5,10.68878607886834,1.901600044220686,791.4676000364125,4763.442085639551
1791080816,250,,Aggregated,123.700000,0.000000,5,7,9,11,17,25,52,95,530,760,790,69309,0,5,10.681811216431516,1.901600044220686,791.4676000364125,4763.59275130214
1791080817,250,,Aggregated,125.500000,0.000000,5,7,9,11,17,25,52,95,530,760,790,69435,0,5,10.672087847620537,1.901600044220686,791.4676000364125,4763.8692302153095
1791080818,250,,Aggregated,125.400000,0.000000,5,7,9,11,17,25,52,94,530,760,790,69566,0,5,10.664133836924448,1.901600044220686,791.4676000364125,4763.823232613633
1791080819,250,,Aggregated,123.900000,0.000000,5,7,9,11,17,25,52,94,530,760,790,69686,0,5,10.656421339999572,1.901600044220686,791.4676000364125,4764.39960680768
1791080820,250,,Aggregated,124.200000,0.000000,5,7,9,11,17,25,52,94,530,760,790,69827,0,5,10.648381193512037,1.901600044220686,791.4676000364125,4764.731694043851
1791080821,250,,Aggregated,125.500000,0.000000,5,7,9,11,17,25,52,94,530,760,790,69944,0,5,10.642651341066717,1.901600044220686,791.4676000364125,4764.555716001372
1791080822,250,,Aggregated,126.300000,0.000000,5,7,9,11,17,25,52,94,530,730,790,70070,0,5,10.637468731266443,1.901600044220686,791.4676000364125,4764.39503353789
1791080823,250,,Aggregated,126.800000,0.000000,5,7,9,11,17,25,52,94,530,730,790,70201,0,5,10.628947170267748,1.901600044220686,791.4676000364125,4764.659976353613
1791080824,250,,Aggregated,125.900000,0.000000,5,7,9,11,17,25,52,94,530,730,790,70323,0,5,10.619666598408708,1.901600044220686,791.4676000364125,4764.816745588214
1791080825,250,,Aggregated,125.500000,0.000000,5,7,9,11,17,25,52,94,530,730,790,70450,0,5,10.610573023421004,1.901600044220686,791.4676000364125,4764.910361958836
1791080826,250,,Aggregated,125.700000,0.000000,5,7,9,11,17,25,51,94,530,730,790,70559,0,5,10.6038046330012,1.901600044220686,791.4676000364125,4764.617993452288
1791080827,250,,Aggregated,126.600000,0.000000,5,7,9,11,17,25,51,93,530,730,790,70686,0,5,10.596365196780935,1.901600044220686,791.4676000364125,4764.149647737883
1791080828,250,,Aggregated,124.400000,0.000000,5,7,9,11,17,25,51,93,530,730,790,70820,0,5,10.586654454945007,1.901600044220686,791.4676000364125,4764.140426433211
1791080829,250,,Aggregated,124.800000,0.000000,5,7,9,11,17,25,51,93,530,730,790,70950,0,5,10.579844504570026,1.901600044220686,791.4676000364125,4764.532727272727
1791080830,250,,Aggregated,125.000000,0.000000,5,7,9,11,17,25,51,93,530,730,790,71072,0,5,10.572571251672514,1.901600044220686,791.4676000364125,4764.684925146331
1791080831,250,,Aggregated,124.500000,0.000000,5,7,9,11,17,25,51,93,530,730,790,71207,0,5,10.564052056666283,1.901600044220686,791.4676000364125,4764.776833738256
1791080832,250,,Aggregated,123.200000,0.000000,5,7,9,11,17,25,51,93,530,730,790,71326,0,5,10.558077799104712,1.901600044220686,791.4676000364125,4764.6736814065
1791080833,250,,Aggregated,124.400000,0.000000,5,7,9,11,17,25,51,93,530,730,790,71464,0,5,10.550386113274708,1.901600044220686,791.4676000364125,4764.8901125041975
1791080834,250,,Aggregated,124.700000,0.000000,5,7,9,11,17,25,50,93,530,730,790,71581,0,5,10.54372535867371,1.901600044220686,791.4676000364125,4764.796091141504
1791080835,250,,Aggregated,124.400000,0.000000,5,7,9,11,17,25,50,92,530,730,790,71711,0,5,10.534697880371068,1.901600044220686,791.4676000364125,4764.798789585977
1791080836,250,,Aggregated,125.300000,0.000000,5,7,9,11,16,25,50,92,530,730,790,71842,0,5,10.526713884624032,1.901600044220686,791.4676000364125,4764.780908103895
1791080837,250,,Aggregated,125.000000,0.000000,5,7,9,11,16,25,50,92,530,730,790,71976,0,5,10.519609994984974,1.901600044220686,791.4676000364125,4764.901995109481
1791080838,250,,Aggregated,126.700000,0.000000,5,7,9,11,16,25,50,92,530,730,790,72104,0,5,10.51310584155254,1.901600044220686,791.4676000364125,4764.582353267502
1791080839,250,,Aggregated,127.500000,0.000000,5,7,9,11,16,25,50,91,530,730,790,72233,0,5,10.50454278237765,1.901600044220686,791.4676000364125,4764.937507787299
1791080840,250,,Aggregated,125.100000,0.000000,5,7,9,11,16,25,50,91,530,730,790,72345,0,5,10.49737017622889,1.901600044220686,791.4676000364125,4765.336014928468
1791080841,250,,Aggregated,127.200000,0.000000,5,7,9,11,16,25,50,91,530,730,790,72484,0,5,10.488994222160633,1.901600044220686,791.4676000364125,4765.61947464268
1791080842,250,,Aggregated,126.600000,0.000000,5,7,9,11,17,25,52,95,530,730,790,72617,0,5,10.606568788288222,1.901600044220686,791.4676000364125,4764.5100458570305
1791080843,250,,Aggregated,125.800000,0.000000,5,7,9,11,17,25,52,95,530,730,790,72728,0,5,10.599134330645603,1.901600044220686,791.4676000364125,4764.232070179298
1791080844,250,,Aggregated,124.900000,0.000000,5,7,9,11,17,25,52,95,530,730,790,72876,0,5,10.590285688013486,1.901600044220686,791.4676000364125,4764.385819748614
1791080845,250,,Aggregated,125.600000,0.000000,5,7,9,11,17,25,52,95,530,730,790,72993,0,5,10.58271417943705,1.901600044220686,791.4676000364125,4764.746112640938
1791080846,250,,Aggregated,125.200000,0.000000,5,7,9,11,16,25,52,95,520,730,790,73120,0,5,10.575906760110405,1.901600044220686,791.4676000364125,4764.703938730853
1791080847,250,,Aggregated,125.700000,0.000000,5,7,9,11,16,25,52,95,520,730,790,73248,0,5,10.567836654909357,1.901600044220686,791.4676000364125,4764.574391109655
1791080848,250,,Aggregated,124.700000,0.000000,5,7,9,11,16,25,52,95,520,730,790,73375,0,5,10.560141407814054,1.901600044220686,791.4676000364125,4764.350541737649
1791080849,250,,Aggregated,125.300000,0.000000,5,7,9,11,16,25,52,95,520,730,790,73498,0,5,10.55284606109248,1.901600044220686,791.4676000364125,4764.479387194209
1791080850,250,,Aggregated,126.100000,0.000000,5,7,9,11,16,25,51,94,520,730,790,73626,0,5,10.546213785866934,1.901600044220686,791.4676000364125,4764.681267487029
1791080851,250,,Aggregated,125.500000,0.000000,5,7,9,11,16,25,51,94,520,730,790,73750,0,5,10.540764359302692,1.901600044220686,791.4676000364125,4764.798088135593
1791080852,250,,Aggregated,125.100000,0.000000,5,7,9,11,16,25,51,94,520,730,790,73883,0,5,10.5370196526708,1.901600044220686,791.4676000364125,4765.159116440859
1791080853,250,,Aggregated,124.900000,0.000000,5,7,9,11,16,25,51,94,520,730,790,73999,0,5,10.52900714061257,1.901600044220686,791.4676000364125,4764.884903850052
1791080854,250,,Aggregated,126.800000,0.000000,5,7,9,11,16,25,51,94,510,730,790,74138,0,5,10.52127677841498,1.901600044220686,791.4676000364125,4764.981682807737
1791080855,250,,Aggregated,125.500000,0.000000,5,7,9,11,16,25,51,94,510,730,790,74263,0,5,10.514073492830127,1.901600044220686,791.4676000364125,4765.169855782826
1791080856,250,,Aggregated,125.100000,0.000000,5,7,9,11,16,25,51,94,510,730,790,74387,0,5,10.505803890441673,1.901600044220686,791.4676000364125,4765.789237366745
1791080857,250,,Aggregated,124.800000,0.000000,5,7,9,11,16,25,51,94,510,730,790,74518,0,5,10.49777241066722,1.901600044220686,791.4676000364125,4765.544995839931
1791080859,250,,Aggregated,125.100000,0.000000,5,7,9,11,16,25,50,94,510,730,790,74614,0,5,10.49143664457207,1.901600044220686,791.4676000364125,4765.302155091538
