Timestamp,User Count,Type,Name,Requests/s,Failures/s,50%,66%,75%,80%,90%,95%,98%,99%,99.9%,99.99%,100%,Total Request Count,Total Failure Count,Total Median Response Time,Total Average Response Time,Total Min Response Time,Total Max Response Time,Total Average Content Size
1791142807,0,,Aggregated,0.000000,0.000000,N/A,N/A,N/A,N/A,N/A,N/A,N/A,N/A,N/A,N/A,N/A,0,0,0,0.0,0,0,0
1791142808,10,,Aggregated,0.000000,0.000000,430,580,820,830,830,840,840,840,840,840,840,20,0,49,362.188420019811,22.38560002297163,841.143700061366,5401.05
1791142809,20,,Aggregated,0.000000,0.000000,57,240,430,560,830,830,840,840,840,840,840,40,0,49,243.05617500504013,21.638200036250055,841.143700061366,5452.3
1791142810,30,,Aggregated,0.000000,0.000000,52,220,310,330,580,830,830,840,840,840,840,66,0,52,190.04754242698917,7.2876999620348215,841.143700061366,5341.257575757576
1791142811,40,,Aggregated,18.000000,0.000000,36,62,220,250,430,820,830,840,840,840,840,99,0,36,145.28719999832148,7.2876999620348215,841.143700061366,5286.20202020202
1791142812,50,,Aggregated,17.333333,0.000000,32,48,62,180,330,580,830,830,840,840,840,135,0,32,113.1365681472407,4.830499994568527,841.143700061366,5229.8592592592595
1791142813,60,,Aggregated,22.500000,0.000000,30,42,52,62,300,430,830,830,840,840,840,184,0,30,90.30661250100188,4.830499994568527,841.143700061366,5142.402173913043
1791142814,80,,Aggregated,24.800000,0.000000,31,46,62,100,300,360,820,830,840,840,840,226,0,31,92.36527964487193,4.830499994568527,841.143700061366,5153.526548672567
1791142815,90,,Aggregated,27.333333,0.000000,32,49,72,100,230,330,780,830,840,840,840,282,0,32,84.54570247864363,4.830499994568527,841.143700061366,5151.698581560284
1791142816,100,,Aggregated,29.000000,0.000000,29,44,57,79,180,330,580,830,840,840,840,336,0,29,74.7034130929803,4.830499994568527,841.143700061366,5114.505952380952
1791142817,110,,Aggregated,32.125000,0.000000,27,40,52,68,160,310,560,830,840,840,840,383,0,27,68.40638433371527,4.830499994568527,841.143700061366,5080.11227154047
1791142818,120,,Aggregated,34.333333,0.000000,29,44,57,79,230,560,840,1200,2000,2000,2000,464,0,29,99.87114353310156,4.830499994568527,1984.350400045514,5042.372844827586
1791142819,130,,Aggregated,36.200000,0.000000,29,45,68,92,220,560,970,1100,2000,2000,2000,530,0,29,100.9927862240353,4.830499994568527,1984.350400045514,5006.956603773585
1791142820,140,,Aggregated,41.400000,0.000000,27,42,57,77,180,370,840,1100,2000,2000,2000,612,0,27,90.73903970382317,4.830499994568527,1984.350400045514,5023.604575163398
1791142821,150,,Aggregated,46.000000,0.000000,26,38,54,67,160,330,830,1000,2000,2000,2000,707,0,26,82.42280551451726,4.830499994568527,1984.350400045514,5046.345120226309
1791142822,160,,Aggregated,51.300000,0.000000,26,38,53,64,160,330,830,1000,2000,2000,2000,793,0,26,79.57078801854989,4.830499994568527,1984.350400045514,5077.300126103405
1791142823,170,,Aggregated,56.500000,0.000000,24,35,49,61,160,320,780,1000,2000,2000,2000,853,0,24,75.15407772338976,4.830499994568527,1984.350400045514,5087.2250879249705
1791142824,180,,Aggregated,60.400000,0.000000,24,35,51,62,160,330,840,1100,2000,2000,2000,938,0,24,83.23957952884223,4.830499994568527,2030.2012999309227,5030.031982942431
1791142825,190,,Aggregated,64.300000,0.000000,27,44,63,91,300,750,1300,1900,2200,2200,2200,1047,0,27,127.4562898739539,4.830499994568527,2170.003400067799,5027.85482330468
1791142826,200,,Aggregated,67.600000,0.000000,27,45,69,110,330,820,1200,1900,2200,2200,2200,1138,0,27,136.88836915472518,4.830499994568527,2170.003400067799,5030.126537785589
1791142827,210,,Aggregated,72.500000,0.000000,30,53,87,130,380,820,1200,1900,2200,2200,2200,1255,0,30,141.25947458048043,4.830499994568527,2170.003400067799,5040.996015936255
1791142828,220,,Aggregated,75.600000,0.000000,32,56,90,130,350,780,1200,1800,2200,2200,2200,1332,0,32,138.80802372239066,4.830499994568527,2170.003400067799,5057.189189189189
1791142829,230,,Aggregated,80.600000,0.000000,35,68,120,170,580,1100,1700,2000,2200,2200,2200,1431,0,35,185.3334584891188,4.830499994568527,2219.613900058903,5043.235499650594
1791142830,240,,Aggregated,85.500000,0.000000,38,79,140,220,640,1100,1800,2000,2200,2200,2200,1526,0,38,201.8861231310348,4.830499994568527,2219.613900058903,5034.772608125819
1791142831,250,,Aggregated,0.000000,0.000000,910,930,940,950,1100,1100,1100,1100,1100,1100,1100,9,0,910,676.594622226225,124.56500006373972,1076.812700019218,4723.111111111111
1791142832,250,,Aggregated,0.000000,0.000000,1200,1400,1600,1700,2000,2100,2300,2300,2300,2300,2300,82,0,1200,1179.5715219582567,124.56500006373972,2338.8819999527186,5052.231707317073
1791142833,250,,Aggregated,0.000000,0.000000,1100,1400,1500,1700,1900,2100,2300,2300,2300,2300,2300,210,0,1100,1067.9590104796391,15.34789998549968,2338.8819999527186,4835.990476190476
1791142834,250,,Aggregated,12.000000,0.000000,930,1300,1400,1600,1900,2100,2200,2300,2300,2300,2300,329,0,930,924.587194528643,6.748400046490133,2338.8819999527186,4755.075987841945
1791142835,250,,Aggregated,42.500000,0.000000,590,1000,1200,1300,1800,2000,2200,2300,2300,2300,2300,466,0,590,716.4992778954224,6.748400046490133,2338.8819999527186,4670.703862660945
1791142836,250,,Aggregated,71.666667,0.000000,180,790,1100,1200,1700,1900,2100,2200,2300,2300,2300,582,0,180,578.5570312695437,5.832000053487718,2338.8819999527186,4733.8917525773195
1791142837,250,,Aggregated,82.750000,0.000000,46,570,930,1100,1500,1900,2100,2200,2300,2300,2300,700,0,46,485.24697856944323,5.832000053487718,2338.8819999527186,4722.942857142857
1791142838,250,,Aggregated,94.200000,0.000000,41,320,770,970,1400,1900,2100,2200,2300,2300,2300,817,0,41,422.76831113660967,5.832000053487718,2338.8819999527186,4652.3525091799265
1791142839,250,,Aggregated,97.500000,0.000000,36,170,620,900,1300,1800,2000,2200,2300,2300,2300,944,0,36,381.86443018874,5.832000053487718,2338.8819999527186,4686.171610169492
1791142841,250,,Aggregated,102.125000,0.000000,35,69,460,760,1300,1700,2000,2100,2300,2300,2300,1068,0,35,341.5524441933509,5.832000053487718,2338.8819999527186,4708.375468164794
1791142842,250,,Aggregated,105.000000,0.000000,36,77,390,670,1200,1700,2000,2100,2300,2300,2300,1152,0,36,327.31738246416677,5.832000053487718,2338.8819999527186,4690.298611111111
1791142843,250,,Aggregated,106.400000,0.000000,41,170,550,740,1200,1600,2000,2100,2300,2300,2300,1243,0,41,350.6235232490938,5.832000053487718,2338.8819999527186,4685.240547063556
1791142844,250,,Aggregated,113.600000,0.000000,44,250,590,770,1200,1500,1900,2100,2300,2300,2300,1396,0,44,361.1119944109571,5.832000053487718,2338.8819999527186,4717.095272206304
1791142845,250,,Aggregated,115.400000,0.000000,39,160,530,710,1200,1500,1900,2100,2300,2300,2300,1507,0,39,335.94230577149125,5.832000053487718,2338.8819999527186,4727.553417385534
1791142846,250,,Aggregated,117.800000,0.000000,35,100,450,640,1100,1400,1900,2100,2300,2300,2300,1632,0,35,311.8604673396547,5.832000053487718,2338.8819999527186,4728.769607843137
1791142847,250,,Aggregated,116.500000,0.000000,35,78,380,600,1100,1400,1900,2100,2300,2300,2300,1739,0,35,297.59810494458225,5.832000053487718,2338.8819999527186,4718.630822311673
1791142848,250,,Aggregated,115.000000,0.000000,35,77,370,570,1100,1400,1900,2000,2300,2300,2300,1864,0,35,288.4335812758814,5.832000053487718,2338.8819999527186,4736.973175965665
1791142849,250,,Aggregated,114.400000,0.000000,32,61,270,510,1000,1400,1900,2000,2300,2300,2300,1988,0,32,271.67899205139275,5.832000053487718,2338.8819999527186,4752.577464788732
1791142850,250,,Aggregated,115.100000,0.000000,30,52,210,460,990,1300,1800,2000,2300,2300,2300,2111,0,30,257.01990288897133,5.832000053487718,2338.8819999527186,4747.5532922785405
1791142851,250,,Aggregated,116.000000,0.000000,29,47,160,400,960,1300,1800,2000,2300,2300,2300,2234,0,29,244.25345984692564,5.832000053487718,2338.8819999527186,4754.079677708147
1791142852,250,,Aggregated,115.500000,0.000000,28,44,120,330,920,1300,1800,2000,2300,2300,2300,2362,0,28,232.0765725650531,5.832000053487718,2338.8819999527186,4760.439881456393
1791142853,250,,Aggregated,115.800000,0.000000,27,41,84,270,900,1300,1700,2000,2300,2300,2300,2491,0,27,221.02226712100696,5.832000053487718,2338.8819999527186,4770.8257727820155
1791142854,250,,Aggregated,119.100000,0.000000,26,39,67,220,860,1200,1700,1900,2300,2300,2300,2622,0,26,210.81133901603692,5.561099969781935,2338.8819999527186,4775.572463768116
1791142855,250,,Aggregated,123.400000,0.000000,26,37,61,180,800,1200,1700,1900,2300,2300,2300,2740,0,26,202.7870331750248,5.561099969781935,2338.8819999527186,4780.312773722628
1791142856,250,,Aggregated,120.600000,0.000000,25,36,54,140,770,1200,1700,1900,2300,2300,2300,2872,0,25,194.36858868374603,5.561099969781935,2338.8819999527186,4787.633008356546
1791142857,250,,Aggregated,123.200000,0.000000,24,35,50,110,740,1200,1700,1900,2300,2300,2300,2991,0,24,187.5523490806268,5.561099969781935,2338.8819999527186,4784.920093614176
1791142858,250,,Aggregated,122.900000,0.000000,24,34,48,85,710,1100,1600,1900,2300,2300,2300,3114,0,24,181.05115619774875,5.5299000814557076,2338.8819999527186,4780.485549132948
1791142859,250,,Aggregated,124.500000,0.000000,25,34,47,78,680,1100,1600,1900,2300,2300,2300,3221,0,25,176.703426327005,5.5299000814557076,2338.8819999527186,4774.395529338714
1791142860,250,,Aggregated,123.500000,0.000000,25,34,49,87,710,1100,1600,1900,2300,2300,2300,3356,0,25,180.42554362337503,5.5299000814557076,2338.8819999527186,4759.876936829559
1791142861,250,,Aggregated,122.700000,0.000000,24,34,46,77,680,1100,1500,1900,2300,2300,2300,3470,0,24,175.06010129692848,5.394799984060228,2338.8819999527186,4757.38674351585
1791142862,250,,Aggregated,121.400000,0.000000,24,33,45,68,640,1100,1500,1900,2300,2300,2300,3599,0,24,169.70275951699242,5.394799984060228,2338.8819999527186,4758.141150319533
1791142863,250,,Aggregated,122.000000,0.000000,24,32,43,62,620,1100,1500,1900,2300,2300,2300,3724,0,24,164.58642529573783,5.394799984060228,2338.8819999527186,4750.183941997851
1791142864,250,,Aggregated,123.300000,0.000000,23,31,42,58,610,1100,1500,1900,2300,2300,2300,3848,0,23,159.87040784863805,5.394799984060228,2338.8819999527186,4746.580301455301
1791142865,250,,Aggregated,122.400000,0.000000,23,31,41,54,580,1100,1500,1900,2300,2300,2300,3977,0,23,155.41527485570955,5.394799984060228,2338.8819999527186,4754.425194870505
1791142866,250,,Aggregated,121.600000,0.000000,23,30,40,52,550,1100,1400,1900,2300,2300,2300,4099,0,23,151.30138567974416,5.363699980080128,2338.8819999527186,4749.553549646255
1791142867,250,,Aggregated,122.100000,0.000000,23,30,39,50,530,1000,1400,1800,2300,2300,2300,4229,0,23,147.35916273377273,5.363699980080128,2338.8819999527186,4755.0964767084415
1791142868,250,,Aggregated,122.100000,0.000000,23,29,38,47,500,1000,1400,1800,2300,2300,2300,4361,0,23,143.485800138141,5.363699980080128,2338.8819999527186,4750.907819307498
1791142869,250,,Aggregated,121.600000,0.000000,22,29,37,46,480,1000,1400,1800,2300,2300,2300,4478,0,22,140.21351692779322,5.363699980080128,2338.8819999527186,4757.152746761947
1791142870,250,,Aggregated,123.600000,0.000000,23,29,37,46,460,980,1400,1800,2300,2300,2300,4589,0,23,137.98514951026974,5.363699980080128,2338.8819999527186,4756.273262148617
1791142871,250,,Aggregated,124.800000,0.000000,23,29,37,46,480,980,1400,1800,2300,2300,2300,4713,0,23,138.9970488228483,5.363699980080128,2338.8819999527186,4753.036919159771
1791142872,250,,Aggregated,124.700000,0.000000,23,30,38,47,460,970,1400,1800,2300,2300,2300,4834,0,23,138.03702803107748,5.363699980080128,2338.8819999527186,4762.880844021514
1791142873,250,,Aggregated,122.700000,0.000000,23,30,39,48,460,960,1400,1700,2300,2300,2300,4937,0,23,136.95260407180515,5.363699980080128,2338.8819999527186,4770.234757950172
1791142874,250,,Aggregated,123.600000,0.000000,24,31,39,48,450,960,1400,1700,2200,2300,2300,5032,0,24,136.67913928905773,5.363699980080128,2338.8819999527186,4770.882154213036
1791142875,250,,Aggregated,120.700000,0.000000,24,31,41,52,510,1000,1400,1800,2200,2300,2300,5146,0,24,147.27076632386957,5.363699980080128,2338.8819999527186,4765.443839875632
1791142876,250,,Aggregated,118.200000,0.000000,24,32,43,58,570,1100,1400,1800,2200,2300,2300,5272,0,24,154.82654605529038,5.363699980080128,2338.8819999527186,4764.389605462822
1791142877,250,,Aggregated,117.800000,0.000000,24,33,43,60,580,1000,1400,1800,2200,2300,2300,5402,0,24,154.568988801146,5.098600056953728,2338.8819999527186,4764.821177341725
1791142878,250,,Aggregated,114.600000,0.000000,24,32,43,58,550,1000,1400,1800,2200,2300,2300,5522,0,24,151.73136561104894,5.098600056953728,2338.8819999527186,4775.131474103586
1791142879,250,,Aggregated,116.600000,0.000000,24,32,42,56,540,1000,1400,1800,2200,2300,2300,5643,0,24,148.96013367081142,5.098600056953728,2338.8819999527186,4777.062555378345
1791142880,250,,Aggregated,115.200000,0.000000,24,32,41,54,520,1000,1400,1800,2200,2300,2300,5766,0,24,146.22322188770175,5.098600056953728,2338.8819999527186,4779.840790842872
1791142881,250,,Aggregated,114.400000,0.000000,24,31,41,52,500,1000,1400,1700,2200,2300,2300,5880,0,24,143.74128071512857,5.098600056953728,2338.8819999527186,4783.27806122449
1791142882,250,,Aggregated,115.500000,0.000000,24,31,40,51,480,980,1400,1700,2200,2300,2300,6023,0,24,140.81962258094129,5.098600056953728,2338.8819999527186,4782.7766893574635
1791142883,250,,Aggregated,117.200000,0.000000,23,30,40,50,460,970,1400,1700,2200,2300,2300,6140,0,23,138.48180951221076,5.098600056953728,2338.8819999527186,4781.217589576548
1791142884,250,,Aggregated,116.000000,0.000000,23,30,39,48,450,960,1400,1700,2200,2300,2300,6265,0,23,136.06070416674007,5.098600056953728,2338.8819999527186,4779.981324820431
1791142885,250,,Aggregated,118.100000,0.000000,23,30,38,47,430,940,1400,1700,2200,2300,2300,6381,0,23,133.97397525541257,5.098600056953728,2338.8819999527186,4779.145118320012
1791142886,250,,Aggregated,122.000000,0.000000,23,30,39,47,410,930,1400,1700,2200,2300,2300,6506,0,23,132.1320746395244,5.098600056953728,2338.8819999527186,4776.402244082386
1791142887,250,,Aggregated,120.700000,0.000000,23,30,39,47,410,930,1400,1700,2200,2300,2300,6586,0,23,131.90973080844074,5.098600056953728,2338.8819999527186,4774.130883692682
1791142888,250,,Aggregated,122.700000,0.000000,23,30,40,50,440,950,1400,1700,2200,2300,2300,6742,0,23,135.37396231155236,5.098600056953728,2338.8819999527186,4767.482201127262
1791142889,250,,Aggregated,119.400000,0.000000,23,30,39,48,430,940,1400,1700,2200,2300,2300,6865,0,23,133.3918538390037,5.098600056953728,2338.8819999527186,4769.544501092498
1791142890,250,,Aggregated,120.700000,0.000000,23,30,39,48,410,930,1400,1700,2200,2300,2300,6985,0,23,131.45750990762784,5.098600056953728,2338.8819999527186,4768.822190408017
1791142891,250,,Aggregated,120.500000,0.000000,23,30,39,46,390,920,1400,1600,2200,2300,2300,7109,0,23,129.60084338222387,5.098600056953728,2338.8819999527186,4769.463637642425
1791142892,250,,Aggregated,120.400000,0.000000,23,30,38,46,380,910,1400,1600,2200,2300,2300,7223,0,23,128.30549361819004,5.098600056953728,2338.8819999527186,4773.254880243666
1791142893,250,,Aggregated,121.600000,0.000000,23,30,39,46,370,900,1300,1600,2200,2300,2300,7355,0,23,126.98148104751877,5.098600056953728,2338.8819999527186,4773.648402447315
1791142894,250,,Aggregated,120.200000,0.000000,23,30,39,46,360,890,1300,1600,2200,2300,2300,7485,0,23,125.33010805667108,5.098600056953728,2338.8819999527186,4770.453306613226
1791142895,250,,Aggregated,121.300000,0.000000,24,30,39,46,330,870,1300,1600,2200,2300,2300,7603,0,24,123.89296383049899,5.098600056953728,2338.8819999527186,4772.719715901618
1791142896,250,,Aggregated,120.000000,0.000000,24,31,39,47,320,860,1300,1600,2200,2300,2300,7723,0,24,122.73270467479962,5.098600056953728,2338.8819999527186,4769.498510941344
1791142897,250,,Aggregated,119.900000,0.000000,24,31,40,48,320,860,1300,1600,2200,2300,2300,7791,0,24,122.7792219616324,5.098600056953728,2338.8819999527186,4771.890514696444
1791142898,250,,Aggregated,120.600000,0.000000,24,31,40,48,350,880,1300,1600,2200,2300,2300,7853,0,24,125.31370965283145,5.098600056953728,2338.8819999527186,4772.51649051318
1791142899,250,,Aggregated,120.300000,0.000000,24,32,42,53,460,990,1400,1700,2200,2300,2300,8013,0,24,140.68744541418994,5.098600056953728,2338.8819999527186,4774.844877074754
1791142900,250,,Aggregated,113.600000,0.000000,24,32,42,53,460,990,1400,1700,2200,2300,2300,8084,0,24,140.71608808797757,5.098600056953728,2338.8819999527186,4773.028822365166
1791142901,250,,Aggregated,113.400000,0.000000,25,33,43,57,490,1000,1400,1700,2200,2300,2300,8232,0,25,143.9311047744288,5.098600056953728,2338.8819999527186,4776.910835762877
1791142902,250,,Aggregated,112.500000,0.000000,25,33,43,57,470,990,1400,1700,2200,2300,2300,8348,0,25,142.74854668218396,5.098600056953728,2338.8819999527186,4771.565884044083
1791142903,250,,Aggregated,108.800000,0.000000,25,34,44,58,460,990,1400,1700,2200,2300,2300,8414,0,25,142.4300133352403,5.098600056953728,2338.8819999527186,4771.911575944854
1791142904,250,,Aggregated,111.200000,0.000000,25,34,45,60,520,1000,1500,1800,2200,2500,2500,8494,0,25,149.54415844158672,5.098600056953728,2515.565999899991,4772.134683305863
1791142905,250,,Aggregated,107.200000,0.000000,25,35,46,64,550,1100,1500,1800,2300,2700,2700,8559,0,25,155.45326868824696,5.098600056953728,2697.8252000408247,4772.848697277719
1791142906,250,,Aggregated,101.400000,0.000000,26,36,49,70,630,1200,1700,1900,2700,2900,2900,8684,0,26,173.10766034106936,5.098600056953728,2910.170999937691,4772.1464762782125
1791142907,250,,Aggregated,97.500000,0.000000,26,36,50,74,670,1200,1700,2000,2700,2900,2900,8770,0,26,178.41268948713656,5.098600056953728,2910.170999937691,4769.975142531357
1791142908,250,,Aggregated,95.800000,0.000000,26,37,52,81,700,1200,1700,2000,2700,2900,2900,8906,0,26,183.0747299575877,5.098600056953728,2910.170999937691,4768.8442622950815
1791142909,250,,Aggregated,94.200000,0.000000,26,37,51,80,690,1200,1700,2000,2700,2900,2900,8998,0,26,181.5161615361249,5.098600056953728,2910.170999937691,4767.475772393866
1791142910,250,,Aggregated,98.300000,0.000000,26,37,51,77,670,1200,1700,2000,2600,2900,2900,9109,0,26,179.7508584478943,5.098600056953728,2910.170999937691,4764.709298495993
1791142911,250,,Aggregated,101.000000,0.000000,26,37,51,77,670,1200,1700,2000,2600,2900,2900,9210,0,26,178.4588778938544,5.098600056953728,2910.170999937691,4764.5758957654725
1791142912,250,,Aggregated,98.600000,0.000000,26,37,53,84,690,1200,1700,2000,2600,2900,2900,9314,0,26,182.4120395536611,5.098600056953728,2910.170999937691,4757.930534678978
1791142913,250,,Aggregated,99.500000,0.000000,26,38,54,90,720,1200,1700,2000,2600,2900,2900,9391,0,26,186.38778156773947,5.098600056953728,2910.170999937691,4760.011287402833
1791142914,250,,Aggregated,95.200000,0.000000,27,39,58,100,760,1300,1700,2000,2600,2900,2900,9550,0,27,192.71972148721864,5.098600056953728,2910.170999937691,4755.861151832461
1791142915,250,,Aggregated,95.700000,0.000000,27,39,58,100,760,1300,1700,2000,2600,2900,2900,9621,0,27,192.1450967470344,5.098600056953728,2910.170999937691,4751.189273464297
1791142916,250,,Aggregated,100.200000,0.000000,27,39,59,110,760,1300,1700,2000,2600,2900,2900,9764,0,27,192.92400230476457,5.098600056953728,2910.170999937691,4753.169500204834
1791142917,250,,Aggregated,105.300000,0.000000,27,39,59,110,760,1300,1700,1900,2600,2900,2900,9842,0,27,192.36880074200002,5.098600056953728,2910.170999937691,4752.074578337736
1791142918,250,,Aggregated,105.200000,0.000000,27,40,61,110,770,1300,1700,1900,2600,2900,2900,9988,0,27,195.37599801791188,5.098600056953728,2910.170999937691,4753.661794152984
1791142919,250,,Aggregated,109.500000,0.000000,27,40,61,110,760,1300,1700,1900,2600,2900,2900,10118,0,27,194.33349126341574,5.098600056953728,2910.170999937691,4747.872109112473
1791142920,250,,Aggregated,107.000000,0.000000,27,40,60,110,760,1200,1700,1900,2600,2900,2900,10229,0,27,192.6033878974363,5.098600056953728,2910.170999937691,4749.664776615505
1791142921,250,,Aggregated,106.900000,0.000000,27,40,59,100,750,1200,1700,1900,2600,2900,2900,10356,0,27,190.68406361548705,5.098600056953728,2910.170999937691,4751.525395905755
1791142922,250,,Aggregated,110.800000,0.000000,27,40,59,100,740,1200,1700,1900,2600,2900,2900,10472,0,27,189.20985611176172,5.098600056953728,2910.170999937691,4751.691940412528
1791142923,250,,Aggregated,110.900000,0.000000,27,40,58,100,730,1200,1700,1900,2600,2900,2900,10592,0,27,188.26953243033654,5.098600056953728,2910.170999937691,4750.646431268882
1791142924,250,,Aggregated,114.400000,0.000000,27,39,57,100,720,1200,1700,1900,2600,2900,2900,10730,0,27,186.15569247919953,5.098600056953728,2910.170999937691,4748.608946877913
1791142925,250,,Aggregated,115.900000,0.000000,27,39,56,96,710,1200,1700,1900,2600,2900,2900,10844,0,27,184.41074560147095,5.098600056953728,2910.170999937691,4750.144319439321
1791142926,250,,Aggregated,118.300000,0.000000,27,39,55,93,700,1200,1700,1900,2600,2900,2900,10977,0,27,182.39903087387546,5.098600056953728,2910.170999937691,4749.448756490844
1791142927,250,,Aggregated,118.600000,0.000000,27,39,55,89,690,1200,1700,1900,2600,2900,2900,11091,0,27,180.8319149853493,5.098600056953728,2910.170999937691,4751.514290866468
1791142928,250,,Aggregated,120.500000,0.000000,27,39,54,89,680,1200,1700,1900,2600,2900,2900,11199,0,27,179.72363069045727,5.098600056953728,2910.170999937691,4751.65782659166
1791142929,250,,Aggregated,119.800000,0.000000,27,39,55,91,690,1200,1700,1900,2600,2900,2900,11343,0,27,180.3227911929715,5.098600056953728,2910.170999937691,4753.219166005466
1791142930,250,,Aggregated,122.700000,0.000000,27,38,54,88,680,1200,1600,1900,2600,2900,2900,11445,0,27,178.93531493251217,5.098600056953728,2910.170999937691,4751.896548711227
1791142931,250,,Aggregated,119.700000,0.000000,27,38,53,84,670,1200,1600,1900,2600,2900,2900,11579,0,27,177.14560265162885,5.098600056953728,2910.170999937691,4753.428448052508
1791142932,250,,Aggregated,121.400000,0.000000,27,38,53,82,660,1200,1600,1900,2600,2900,2900,11696,0,27,175.61800366820535,4.112599999643862,2910.170999937691,4754.161508207934
1791142933,250,,Aggregated,121.200000,0.000000,27,38,52,80,650,1200,1600,1900,2600,2900,2900,11817,0,27,174.08775270397663,4.112599999643862,2910.170999937691,4755.123043073538
1791142934,250,,Aggregated,121.400000,0.000000,26,37,52,78,640,1200,1600,1900,2600,2900,2900,11950,0,26,172.4152056069238,4.112599999643862,2910.170999937691,4755.716652719665
1791142935,250,,Aggregated,122.500000,0.000000,26,37,51,75,630,1200,1600,1900,2600,2900,2900,12063,0,26,170.9663290063064,4.112599999643862,2910.170999937691,4754.941971317251
1791142936,250,,Aggregated,121.200000,0.000000,26,37,51,75,620,1200,1600,1900,2600,2900,2900,12174,0,26,169.86408095965538,4.112599999643862,2910.170999937691,4754.791687202234
1791142937,250,,Aggregated,121.500000,0.000000,26,37,51,74,620,1100,1600,1900,2600,2900,2900,12284,0,26,169.2509901662773,4.112599999643862,2910.170999937691,4752.9325138391405
1791142938,250,,Aggregated,120.400000,0.000000,27,38,52,77,630,1100,1600,1900,2600,2900,2900,12419,0,27,170.57390138516263,4.112599999643862,2910.170999937691,4754.875996457042
1791142939,250,,Aggregated,119.600000,0.000000,26,37,51,75,620,1100,1600,1900,2600,2900,2900,12533,0,26,169.22644957332545,4.112599999643862,2910.170999937691,4758.117370142823
1791142940,250,,Aggregated,118.800000,0.000000,26,37,51,73,610,1100,1600,1900,2600,2900,2900,12648,0,26,167.9567013680206,4.112599999643862,2910.170999937691,4759.84329538267
1791142941,250,,Aggregated,121.400000,0.000000,26,37,51,72,610,1100,1600,1900,2600,2900,2900,12780,0,26,166.64998942907064,4.112599999643862,2910.170999937691,4763.266510172144
1791142943,250,,Aggregated,119.100000,0.000000,26,37,51,75,610,1100,1600,1900,2600,2900,2900,12821,0,26,167.27530603723562,4.112599999643862,2910.170999937691,4764.008189688791
1791142944,250,,Aggregated,118.800000,0.000000,27,38,51,75,620,1100,1600,1900,2600,2900,2900,12837,0,27,168.58318858795965,4.112599999643862,2910.170999937691,4764.1954506504635
1791142945,250,,Aggregated,110.000000,0.000000,27,39,55,94,740,1300,1700,2000,2600,2900,2900,13063,0,27,190.48802999338338,4.112599999643862,2910.170999937691,4767.605756717447
1791142946,250,,Aggregated,99.900000,0.000000,27,39,55,92,740,1300,1700,2000,2600,2900,2900,13135,0,27,189.62499882016746,4.112599999643862,2910.170999937691,4766.312066996574
1791142947,250,,Aggregated,99.300000,0.000000,27,38,54,89,730,1300,1700,2000,2600,2900,2900,13260,0,27,188.03979389165454,4.112599999643862,2910.170999937691,4766.296078431373
1791142948,250,,Aggregated,102.000000,0.000000,27,38,54,88,720,1300,1700,2000,2600,2900,2900,13382,0,27,186.78046357065972,4.112599999643862,2910.170999937691,4766.582349424601
1791142949,250,,Aggregated,101.600000,0.000000,27,38,55,90,720,1300,1700,2000,2600,2900,2900,13476,0,27,186.85499884994823,4.112599999643862,2910.170999937691,4767.773523300682
1791142950,250,,Aggregated,105.000000,0.000000,27,39,55,91,720,1200,1700,2000,2600,2900,2900,13562,0,27,186.92812487114807,4.112599999643862,2910.170999937691,4768.332989234626
1791142951,250,,Aggregated,100.400000,0.000000,27,39,56,95,730,1300,1700,2000,2600,2900,2900,13698,0,27,190.16031973295927,4.112599999643862,2910.170999937691,4770.762228062491
1791142952,250,,Aggregated,98.000000,0.000000,27,39,57,96,740,1300,1700,2000,2600,2900,2900,13816,0,27,189.97726320948775,4.112599999643862,2910.170999937691,4772.60002895194
1791142953,250,,Aggregated,97.200000,0.000000,27,39,56,93,730,1300,1700,2000,2600,2900,2900,13940,0,27,188.5523742038611,4.112599999643862,2910.170999937691,4773.86506456241
1791142954,250,,Aggregated,98.200000,0.000000,27,39,55,90,720,1300,1700,2000,2600,2900,2900,14070,0,27,187.09236894113323,4.112599999643862,2910.170999937691,4775.690120824449
1791142955,250,,Aggregated,105.900000,0.000000,27,39,55,88,710,1200,1700,2000,2600,2900,2900,14189,0,27,185.70360502509592,4.112599999643862,2910.170999937691,4777.646839100712
1791142956,250,,Aggregated,117.100000,0.000000,27,38,54,85,700,1200,1700,2000,2600,2900,2900,14323,0,27,184.19692195077673,4.112599999643862,2910.170999937691,4776.542274663129
1791142957,250,,Aggregated,115.800000,0.000000,27,38,53,83,690,1200,1700,2000,2600,2900,2900,14437,0,27,182.9034856549558,4.112599999643862,2910.170999937691,4779.116783265221
1791142958,250,,Aggregated,116.000000,0.000000,27,38,53,81,680,1200,1700,2000,2600,2900,2900,14570,0,27,181.4068300961456,4.112599999643862,2910.170999937691,4778.950583390529
1791142959,250,,Aggregated,116.700000,0.000000,27,38,52,79,670,1200,1700,2000,2600,2900,2900,14694,0,27,180.07725902419767,4.112599999643862,2910.170999937691,4781.357901184157
1791142960,250,,Aggregated,116.500000,0.000000,27,37,52,77,670,1200,1700,2000,2600,2900,2900,14822,0,27,178.75470477681003,4.112599999643862,2910.170999937691,4781.842531372285
1791142961,250,,Aggregated,119.800000,0.000000,27,37,51,75,660,1200,1700,2000,2600,2900,2900,14943,0,27,177.4673759085771,4.112599999643862,2910.170999937691,4780.665462089272
1791142962,250,,Aggregated,122.700000,0.000000,26,37,51,74,640,1200,1700,2000,2500,2900,2900,15064,0,26,176.24296998814006,4.112599999643862,2910.170999937691,4778.542684545937
1791142963,250,,Aggregated,124.100000,0.000000,27,37,51,73,640,1200,1700,2000,2500,2900,2900,15191,0,27,175.15782652235092,4.112599999643862,2910.170999937691,4777.6207622934635
1791142964,250,,Aggregated,122.900000,0.000000,27,37,51,73,640,1200,1700,2000,2500,2900,2900,15260,0,27,174.76941623207307,4.112599999643862,2910.170999937691,4777.907077326344
1791142965,250,,Aggregated,124.100000,0.000000,27,37,51,74,640,1200,1700,2000,2500,2900,2900,15295,0,27,175.07513579611074,4.112599999643862,2910.170999937691,4777.634651847009
1791142966,250,,Aggregated,122.400000,0.000000,27,38,52,79,690,1300,1700,2000,2600,2900,2900,15378,0,27,182.3888108922666,4.112599999643862,2910.170999937691,4777.098712446352
1791142967,250,,Aggregated,116.400000,0.000000,27,38,53,83,720,1300,1800,2000,2600,2900,2900,15472,0,27,188.14344940547542,4.112599999643862,2910.170999937691,4777.282445708376
1791142968,250,,Aggregated,105.300000,0.000000,27,39,55,90,760,1300,1800,2100,2600,2900,2900,15608,0,27,195.25396668378204,4.112599999643862,2910.170999937691,4779.417350076884
1791142969,250,,Aggregated,106.300000,0.000000,27,39,55,91,760,1300,1800,2100,2600,2900,2900,15718,0,27,195.97992418883865,4.112599999643862,2910.170999937691,4778.378356024939
1791142970,250,,Aggregated,103.200000,0.000000,27,39,56,91,760,1300,1800,2100,2600,2900,2900,15856,0,27,195.72897964806728,4.112599999643862,2910.170999937691,4777.828519172553
1791142971,250,,Aggregated,100.800000,0.000000,27,39,55,90,750,1300,1800,2100,2600,2900,2900,15965,0,27,194.57056462888556,4.112599999643862,2910.170999937691,4777.033949264015
1791142972,250,,Aggregated,103.800000,0.000000,27,39,55,88,750,1300,1800,2100,2500,2900,2900,16091,0,27,193.4080747747788,4.112599999643862,2910.170999937691,4774.94891554285
1791142973,250,,Aggregated,101.500000,0.000000,27,39,55,86,740,1300,1800,2000,2500,2900,2900,16210,0,27,192.26766753861196,4.112599999643862,2910.170999937691,4773.365083281925
1791142974,250,,Aggregated,100.500000,0.000000,27,39,54,84,730,1300,1800,2000,2500,2900,2900,16342,0,27,190.9604035002746,4.112599999643862,2910.170999937691,4773.100171337657
1791142975,250,,Aggregated,101.400000,0.000000,27,38,54,83,730,1300,1800,2000,2500,2900,2900,16469,0,27,189.7041837088801,4.112599999643862,2910.170999937691,4772.618495354909
1791142976,250,,Aggregated,101.500000,0.000000,27,38,53,81,720,1300,1800,2000,2500,2900,2900,16581,0,27,188.61875808463716,4.112599999643862,2910.170999937691,4771.285145648634
1791142977,250,,Aggregated,109.500000,0.000000,27,38,53,80,720,1300,1800,2000,2500,2900,2900,16711,0,27,187.38052583938452,4.112599999643862,2910.170999937691,4772.064029681049
1791142978,250,,Aggregated,119.400000,0.000000,27,38,52,78,710,1300,1800,2000,2500,2900,2900,16832,0,27,186.21220670753289,4.112599999643862,2910.170999937691,4771.447243346008
1791142979,250,,Aggregated,117.900000,0.000000,27,38,52,77,700,1300,1800,2000,2500,2900,2900,16961,0,27,184.99350234076596,4.112599999643862,2910.170999937691,4770.5957195920055
1791142980,250,,Aggregated,120.200000,0.000000,27,38,52,75,690,1300,1800,2000,2500,2900,2900,17076,0,27,184.04494420250498,4.112599999643862,2910.170999937691,4770.65343171703
1791142981,250,,Aggregated,123.100000,0.000000,27,38,52,75,690,1300,1800,2000,2500,2900,2900,17140,0,27,183.7496383548437,4.112599999643862,2910.170999937691,4770.436231038507
1791142982,250,,Aggregated,120.900000,0.000000,27,38,53,80,720,1300,1800,2000,2500,2900,2900,17227,0,27,187.8751667151127,4.112599999643862,2910.170999937691,4771.4617751204505
1791142983,250,,Aggregated,121.900000,0.000000,27,39,54,82,730,1300,1800,2000,2500,2900,2900,17282,0,27,189.84022470208743,4.112599999643862,2910.170999937691,4770.202233537785
1791142984,250,,Aggregated,114.500000,0.000000,27,39,55,88,770,1300,1800,2100,2800,3100,3100,17406,0,27,198.50346384011323,4.112599999643862,3124.6467999881133,4770.163966448351
1791142985,250,,Aggregated,111.300000,0.000000,27,39,56,92,780,1300,1800,2100,2900,3200,3300,17517,0,27,201.38337129651163,4.112599999643862,3290.5269000912085,4772.464177655991
1791142986,250,,Aggregated,105.100000,0.000000,27,39,56,92,780,1400,1800,2100,2900,3200,3300,17622,0,27,201.92734729890242,4.112599999643862,3290.5269000912085,4772.275110657133
1791142987,250,,Aggregated,106.900000,0.000000,28,40,57,94,790,1400,1800,2100,2900,3200,3300,17747,0,28,203.00406729031724,4.112599999643862,3290.5269000912085,4772.156139065758
1791142988,250,,Aggregated,103.100000,0.000000,28,40,57,94,780,1400,1800,2100,2900,3200,3300,17834,0,28,202.77586580695595,4.112599999643862,3290.5269000912085,4772.419984299652
1791142989,250,,Aggregated,103.200000,0.000000,28,40,57,99,800,1400,1800,2100,2900,3200,3300,17905,0,28,205.24435090205375,4.112599999643862,3290.5269000912085,4773.390282044122
1791142990,250,,Aggregated,101.800000,0.000000,28,40,58,100,820,1400,1800,2100,2900,3200,3300,17976,0,28,207.17323344464765,4.112599999643862,3290.5269000912085,4774.265687583445
1791142991,250,,Aggregated,98.000000,0.000000,28,41,61,110,850,1400,1800,2100,2900,3200,3300,18146,0,28,212.460311065868,4.112599999643862,3290.5269000912085,4771.844924501267
1791142992,250,,Aggregated,93.700000,0.000000,28,40,60,110,840,1400,1800,2100,2900,3200,3300,18254,0,28,211.34112389621419,4.112599999643862,3290.5269000912085,4770.915032321683
1791142993,250,,Aggregated,88.500000,0.000000,28,40,59,110,840,1400,1800,2100,2900,3200,3300,18371,0,28,210.2473306679726,4.112599999643862,3290.5269000912085,4770.549888411083
1791142994,250,,Aggregated,101.000000,0.000000,28,41,60,100,830,1400,1800,2100,2900,3200,3300,18480,0,28,209.42695834427,4.112599999643862,3290.5269000912085,4771.60275974026
1791142995,250,,Aggregated,102.300000,0.000000,28,41,59,100,830,1400,1800,2100,2900,3200,3300,18571,0,28,208.93134730505963,4.112599999643862,3290.5269000912085,4772.35060039847
1791142996,250,,Aggregated,108.800000,0.000000,28,41,61,110,840,1400,1800,2100,2900,3200,3300,18685,0,28,210.46089321399316,4.112599999643862,3290.5269000912085,4771.664490232807
1791142997,250,,Aggregated,104.400000,0.000000,28,41,61,110,850,1400,1800,2100,2900,3200,3300,18780,0,28,211.86619385002905,4.112599999643862,3290.5269000912085,4771.9116080937165
1791142999,250,,Aggregated,104.700000,0.000000,28,42,63,120,860,1400,1800,2100,2900,3200,3300,18893,0,28,213.42712780945035,4.112599999643862,3290.5269000912085,4771.968083417139
1791143000,250,,Aggregated,104.500000,0.000000,28,42,63,120,860,1400,1800,2100,2900,3200,3300,18952,0,28,213.48091428365518,4.112599999643862,3290.5269000912085,4773.049651751794
1791143001,250,,Aggregated,104.700000,0.000000,29,42,65,130,890,1400,1800,2100,2800,3200,3300,19058,0,29,218.7532971929577,4.112599999643862,3290.5269000912085,4773.892958337706
1791143002,250,,Aggregated,102.600000,0.000000,29,42,67,140,900,1400,1800,2100,2800,3200,3300,19153,0,29,222.05094276634784,4.112599999643862,3290.5269000912085,4774.42750482953
1791143003,250,,Aggregated,106.500000,0.000000,29,43,68,150,900,1400,1800,2100,2800,3200,3300,19300,0,29,222.74311054942507,4.112599999643862,3290.5269000912085,4776.6626943005185
1791143004,250,,Aggregated,98.500000,0.000000,29,43,67,140,900,1400,1800,2100,2800,3200,3300,19419,0,29,221.54258316104793,4.112599999643862,3290.5269000912085,4776.408259951594
1791143005,250,,Aggregated,103.100000,0.000000,29,43,67,140,890,1400,1800,2100,2800,3200,3300,19550,0,29,220.26058275210897,4.112599999643862,3290.5269000912085,4773.826086956522
1791143006,250,,Aggregated,103.300000,0.000000,29,43,67,140,890,1400,1800,2100,2800,3200,3300,19657,0,29,220.12036446067475,4.112599999643862,3290.5269000912085,4773.833443557002
1791143007,250,,Aggregated,104.500000,0.000000,29,43,68,150,890,1400,1800,2100,2800,3200,3300,19722,0,29,220.47632801455777,4.112599999643862,3290.5269000912085,4774.93215698205
1791143008,250,,Aggregated,106.700000,0.000000,29,43,68,150,890,1400,1800,2100,2800,3200,3300,19737,0,29,220.74806043486691,4.112599999643862,3290.5269000912085,4774.569944773775
1791143009,250,,Aggregated,103.100000,0.000000,29,44,72,170,930,1400,1900,2100,2800,3200,3300,19896,0,29,230.81989537606435,4.112599999643862,3290.5269000912085,4774.515983112184
1791143010,250,,Aggregated,95.500000,0.000000,29,44,74,180,950,1400,1900,2200,2800,3200,3300,20008,0,29,233.94310795699246,4.112599999643862,3290.5269000912085,4775.72156137545
1791143011,250,,Aggregated,96.400000,0.000000,29,44,73,180,940,1400,1900,2200,2800,3200,3300,20129,0,29,232.6959085848444,4.112599999643862,3290.5269000912085,4777.370410850018
1791143012,250,,Aggregated,104.500000,0.000000,29,44,73,170,940,1400,1900,2200,2800,3200,3300,20240,0,29,231.66495947651688,4.112599999643862,3290.5269000912085,4778.067885375494
1791143013,250,,Aggregated,105.000000,0.000000,29,44,73,170,930,1400,1900,2200,2800,3200,3300,20296,0,29,231.39386909759892,4.112599999643862,3290.5269000912085,4778.669934962554
1791143014,250,,Aggregated,108.300000,0.000000,29,44,76,190,950,1400,1900,2100,2800,3200,3300,20418,0,29,234.6336973604373,4.112599999643862,3290.5269000912085,4777.80443726124
1791143015,250,,Aggregated,99.700000,0.000000,29,45,78,200,950,1400,1900,2100,2800,3200,3300,20516,0,29,235.6319977532713,4.112599999643862,3290.5269000912085,4780.112984987327
1791143016,250,,Aggregated,95.200000,0.000000,30,45,79,200,950,1400,1900,2100,2800,3200,3300,20658,0,30,236.10536366085316,4.112599999643862,3290.5269000912085,4780.36445928938
1791143017,250,,Aggregated,97.400000,0.000000,30,45,79,210,950,1400,1900,2100,2800,3200,3300,20789,0,30,235.54297987426517,4.112599999643862,3290.5269000912085,4778.638655057964
1791143018,250,,Aggregated,99.100000,0.000000,29,45,78,200,940,1400,1900,2100,2800,3200,3300,20897,0,29,234.4437722546861,4.112599999643862,3290.5269000912085,4778.463320093793
1791143019,250,,Aggregated,102.100000,0.000000,29,44,76,190,940,1400,1900,2100,2800,3200,3300,21029,0,29,233.15965560921737,4.112599999643862,3290.5269000912085,4778.611060915878
1791143020,250,,Aggregated,112.200000,0.000000,29,44,75,190,930,1400,1900,2100,2800,3200,3300,21154,0,29,231.95591994449407,4.112599999643862,3290.5269000912085,4779.020468942044
1791143021,250,,Aggregated,112.600000,0.000000,29,44,74,180,930,1400,1900,2100,2800,3200,3300,21260,0,29,231.08742909715357,4.112599999643862,3290.5269000912085,4777.952681091251
1791143022,250,,Aggregated,111.000000,0.000000,29,44,74,180,930,1400,1900,2100,2800,3200,3300,21377,0,29,231.19049026551113,4.112599999643862,3290.5269000912085,4779.121392150442
1791143023,250,,Aggregated,112.800000,0.000000,30,44,74,180,930,1400,1900,2100,2800,3200,3300,21516,0,30,230.49086900936646,4.112599999643862,3290.5269000912085,4780.076222346161
1791143024,250,,Aggregated,110.900000,0.000000,29,44,73,180,920,1400,1900,2100,2800,3200,3300,21637,0,29,229.3325662432726,4.112599999643862,3290.5269000912085,4778.975689790636
1791143025,250,,Aggregated,118.300000,0.000000,29,44,72,170,920,1400,1900,2100,2800,3200,3300,21770,0,29,228.05664768518125,4.112599999643862,3290.5269000912085,4778.950528249885
1791143026,250,,Aggregated,123.100000,0.000000,29,44,71,170,910,1400,1900,2100,2800,3200,3300,21885,0,29,226.98713510195319,4.112599999643862,3290.5269000912085,4778.103312771304
1791143027,250,,Aggregated,121.600000,0.000000,29,43,71,170,910,1400,1900,2100,2800,3200,3300,21998,0,29,226.6848434405735,4.112599999643862,3290.5269000912085,4779.4437221565595
1791143028,250,,Aggregated,121.500000,0.000000,29,44,72,170,910,1400,1900,2100,2800,3200,3300,22101,0,29,226.25147233180542,4.112599999643862,3290.5269000912085,4779.610741595403
1791143029,250,,Aggregated,122.300000,0.000000,29,44,71,170,910,1400,1900,2100,2800,3200,3300,22170,0,29,226.0985465631501,4.112599999643862,3290.5269000912085,4780.950789354984
1791143030,250,,Aggregated,121.800000,0.000000,29,44,74,180,920,1400,1900,2100,2800,3200,3300,22331,0,29,228.94427979514694,4.112599999643862,3290.5269000912085,4781.104025793739
1791143031,250,,Aggregated,115.500000,0.000000,29,44,74,180,920,1400,1900,2100,2800,3200,3300,22379,0,29,228.71617786342313,4.112599999643862,3290.5269000912085,4780.712006792081
1791143032,250,,Aggregated,117.500000,0.000000,30,45,76,190,930,1400,1900,2100,2800,3200,3300,22480,0,30,231.3479910144639,4.112599999643862,3290.5269000912085,4780.687055160142
1791143033,250,,Aggregated,112.700000,0.000000,30,45,79,200,940,1400,1900,2100,2800,3200,3300,22561,0,30,233.05613252538097,4.112599999643862,3290.5269000912085,4781.458401666593
1791143034,250,,Aggregated,108.700000,0.000000,30,46,82,220,950,1400,1900,2100,2800,3200,3300,22718,0,30,236.42414672525302,4.112599999643862,3290.5269000912085,4781.726648472577
1791143035,250,,Aggregated,107.300000,0.000000,30,46,81,220,950,1400,1900,2100,2800,3200,3300,22812,0,30,235.6379620026312,4.112599999643862,3290.5269000912085,4783.2972558302645
1791143036,250,,Aggregated,101.800000,0.000000,30,45,80,210,950,1400,1900,2100,2800,3200,3300,22923,0,30,234.87387283970315,4.112599999643862,3290.5269000912085,4782.849103520482
1791143037,250,,Aggregated,104.300000,0.000000,30,45,80,210,940,1400,1900,2100,2800,3200,3300,23070,0,30,234.3615413179373,4.112599999643862,3290.5269000912085,4783.598526224534
1791143038,250,,Aggregated,101.600000,0.000000,30,45,79,210,940,1400,1900,2100,2800,3200,3300,23180,0,30,233.34920928406515,4.112599999643862,3290.5269000912085,4783.822907679034
1791143039,250,,Aggregated,104.700000,0.000000,30,45,79,200,940,1400,1900,2100,2800,3200,3300,23281,0,30,232.70745395839586,4.112599999643862,3290.5269000912085,4784.402216399639
1791143040,250,,Aggregated,104.200000,0.000000,30,45,79,200,940,1400,1900,2100,2800,3200,3300,23326,0,30,232.5587512263268,4.112599999643862,3290.5269000912085,4784.2993226442595
1791143041,250,,Aggregated,109.600000,0.000000,30,46,83,230,960,1400,1900,2100,2800,3200,3300,23463,0,30,237.28838648958325,4.112599999643862,3290.5269000912085,4782.207731321655
1791143042,250,,Aggregated,102.400000,0.000000,30,46,85,240,970,1400,1900,2100,2800,3200,3300,23585,0,30,239.0345688872371,4.112599999643862,3290.5269000912085,4783.1672249311005
1791143043,250,,Aggregated,100.900000,0.000000,30,46,85,240,960,1400,1900,2100,2800,3200,3300,23689,0,30,238.36092886174222,4.112599999643862,3290.5269000912085,4782.493098062392
1791143044,250,,Aggregated,111.700000,0.000000,30,47,87,240,960,1400,1900,2100,2800,3200,3300,23811,0,30,238.60518721205196,4.112599999643862,3290.5269000912085,4782.805174079207
1791143045,250,,Aggregated,108.700000,0.000000,30,47,87,240,960,1400,1900,2100,2800,3200,3300,23880,0,30,238.30637569121265,4.112599999643862,3290.5269000912085,4782.652386934674
1791143046,250,,Aggregated,111.400000,0.000000,30,47,90,250,960,1400,1900,2100,2800,3200,3300,24037,0,30,240.1202352667324,4.112599999643862,3290.5269000912085,4782.482173316138
1791143047,250,,Aggregated,106.800000,0.000000,30,47,89,250,960,1400,1800,2100,2800,3200,3300,24134,0,30,239.33735309133328,4.112599999643862,3290.5269000912085,4781.401549680948
1791143048,250,,Aggregated,105.100000,0.000000,30,47,88,240,960,1400,1800,2100,2800,3200,3300,24241,0,30,238.53644197458829,4.112599999643862,3290.5269000912085,4781.855946536859
1791143049,250,,Aggregated,106.400000,0.000000,30,47,90,250,960,1400,1800,2100,2800,3200,3300,24362,0,30,239.75126056997533,4.112599999643862,3290.5269000912085,4782.986331171496
1791143050,250,,Aggregated,104.900000,0.000000,30,47,91,250,960,1400,1800,2100,2800,3200,3300,24411,0,30,239.81157552354676,4.112599999643862,3290.5269000912085,4783.22280938921
1791143051,250,,Aggregated,103.900000,0.000000,31,48,92,260,980,1400,1900,2100,2800,3200,3300,24489,0,31,242.26739565540123,4.112599999643862,3290.5269000912085,4783.086201968231
1791143052,250,,Aggregated,106.800000,0.000000,31,48,98,280,1000,1400,1900,2100,2800,3200,3300,24640,0,31,246.59914479321836,4.112599999643862,3290.5269000912085,4783.4787743506495
1791143053,250,,Aggregated,105.300000,0.000000,31,48,98,280,990,1400,1900,2100,2800,3200,3300,24759,0,31,246.04938952318753,4.112599999643862,3290.5269000912085,4782.726604467062
1791143054,250,,Aggregated,99.700000,0.000000,31,48,96,270,990,1400,1900,2100,2800,3200,3300,24885,0,31,244.99346927485377,4.112599999643862,3290.5269000912085,4781.71878641752
1791143055,250,,Aggregated,101.600000,0.000000,31,48,95,270,990,1400,1900,2100,2800,3200,3300,24969,0,31,244.43071565959855,4.112599999643862,3290.5269000912085,4781.726180463775
1791143056,250,,Aggregated,105.600000,0.000000,31,49,99,280,990,1400,1900,2100,2800,3200,3300,25098,0,31,246.28810070939642,4.112599999643862,3290.5269000912085,4783.208542513347
1791143057,250,,Aggregated,106.800000,0.000000,31,49,99,280,990,1400,1900,2100,2800,3200,3300,25206,0,31,245.87685227738962,4.112599999643862,3290.5269000912085,4783.039276362771
1791143058,250,,Aggregated,106.000000,0.000000,31,49,99,280,990,1400,1900,2100,2800,3200,3300,25336,0,31,245.32630605873584,4.112599999643862,3290.5269000912085,4783.969450584149
1791143059,250,,Aggregated,105.100000,0.000000,31,48,97,280,980,1400,1900,2100,2800,3200,3300,25479,0,31,244.08342300734864,4.112599999643862,3290.5269000912085,4784.303858079203
1791143060,250,,Aggregated,104.700000,0.000000,31,48,96,270,980,1400,1900,2100,2800,3200,3300,25580,0,31,243.29391682191562,4.112599999643862,3290.5269000912085,4784.409147771697
1791143061,250,,Aggregated,107.700000,0.000000,31,48,96,270,970,1400,1800,2100,2800,3200,3300,25708,0,31,242.96083867298066,4.112599999643862,3290.5269000912085,4782.614166796328
1791143062,250,,Aggregated,111.100000,0.000000,31,48,94,270,970,1400,1800,2100,2800,3200,3300,25844,0,31,241.90326374417722,4.112599999643862,3290.5269000912085,4781.346579476861
1791143063,250,,Aggregated,116.900000,0.000000,31,48,93,260,970,1400,1800,2100,2800,3200,3300,25959,0,31,240.93973748622514,4.112599999643862,3290.5269000912085,4781.692669209137
1791143064,250,,Aggregated,118.300000,0.000000,31,48,92,260,960,1400,1800,2100,2700,3200,3300,26072,0,31,240.00789999249966,4.112599999643862,3290.5269000912085,4781.947990181037
1791143066,250,,Aggregated,118.000000,0.000000,31,48,91,250,960,1400,1800,2100,2700,3200,3300,26211,0,31,238.85143689303231,3.971399972215295,3290.5269000912085,4781.717408721529
1791143067,250,,Aggregated,117.300000,0.000000,30,47,89,250,950,1400,1800,2100,2700,3200,3300,26330,0,30,237.8539063313,3.971399972215295,3290.5269000912085,4782.533649829093
1791143068,250,,Aggregated,123.500000,0.000000,30,47,88,240,950,1400,1800,2100,2700,3200,3300,26455,0,30,236.85040275573408,3.9093000814318657,3290.5269000912085,4781.530977130977
1791143069,250,,Aggregated,123.500000,0.000000,30,47,86,240,950,1400,1800,2100,2700,3200,3300,26591,0,30,235.74906620672098,3.812899929471314,3290.5269000912085,4782.135873039751
1791143070,250,,Aggregated,123.700000,0.000000,30,47,85,230,940,1400,1800,2100,2700,3200,3300,26713,0,30,234.79585061593,3.812899929471314,3290.5269000912085,4782.701418784862
1791143071,250,,Aggregated,124.100000,0.000000,30,47,84,230,940,1400,1800,2100,2700,3200,3300,26817,0,30,234.2209834061776,3.812899929471314,3290.5269000912085,4784.191184696275
1791143072,250,,Aggregated,122.100000,0.000000,30,47,84,230,940,1400,1800,2100,2700,3200,3300,26959,0,30,233.76007008063078,3.812899929471314,3290.5269000912085,4783.917949478839
1791143073,250,,Aggregated,122.300000,0.000000,30,46,83,220,940,1400,1800,2100,2700,3200,3300,27082,0,30,232.78464044764476,3.812899929471314,3290.5269000912085,4784.403256775719
1791143074,250,,Aggregated,123.600000,0.000000,30,46,82,220,930,1400,1800,2100,2700,3200,3300,27217,0,30,231.73476660920443,3.812899929471314,3290.5269000912085,4786.091009295661
1791143075,250,,Aggregated,123.300000,0.000000,30,46,81,210,930,1400,1800,2100,2700,3200,3300,27339,0,30,230.78388948763282,3.812899929471314,3290.5269000912085,4784.8715022495335
1791143076,250,,Aggregated,124.700000,0.000000,30,45,79,210,930,1400,1800,2100,2700,3200,3300,27457,0,30,229.86335272253206,3.812899929471314,3290.5269000912085,4783.804494300179
1791143077,250,,Aggregated,125.700000,0.000000,30,45,78,200,920,1400,1800,2100,2700,3200,3300,27582,0,30,228.9383104779592,3.812899929471314,3290.5269000912085,4782.591835254876
1791143078,250,,Aggregated,123.700000,0.000000,30,45,77,190,920,1400,1800,2100,2700,3200,3300,27704,0,30,228.0283945316041,3.812899929471314,3290.5269000912085,4782.193076812013
1791143079,250,,Aggregated,123.800000,0.000000,30,45,76,190,920,1400,1800,2100,2700,3200,3300,27824,0,30,227.15267732547252,3.812899929471314,3290.5269000912085,4781.626114146061
1791143080,250,,Aggregated,124.300000,0.000000,30,45,76,190,910,1400,1800,2100,2700,3200,3300,27936,0,30,226.42904750159244,3.812899929471314,3290.5269000912085,4781.703608247422
1791143081,250,,Aggregated,121.500000,0.000000,30,45,75,180,910,1400,1800,2100,2700,3200,3300,28036,0,30,225.96196625781414,3.812899929471314,3290.5269000912085,4781.967898416322
1791143082,250,,Aggregated,121.200000,0.000000,30,45,77,190,910,1400,1800,2100,2700,3200,3300,28160,0,30,226.84671611519164,3.812899929471314,3290.5269000912085,4781.953053977273
1791143083,250,,Aggregated,121.900000,0.000000,30,45,77,190,910,1400,1800,2100,2700,3200,3300,28231,0,30,226.8208147817749,3.812899929471314,3290.5269000912085,4782.223831957777
1791143084,250,,Aggregated,120.400000,0.000000,30,46,80,210,930,1400,1800,2100,2700,3200,3300,28369,0,30,229.2856846805897,3.812899929471314,3290.5269000912085,4783.686841270401
1791143085,250,,Aggregated,114.200000,0.000000,30,46,81,210,930,1400,1800,2100,2700,3200,3300,28486,0,30,229.74513857696454,3.812899929471314,3290.5269000912085,4783.546584287018
1791143086,250,,Aggregated,112.300000,0.000000,30,46,80,210,920,1400,1800,2100,2700,3200,3300,28606,0,30,228.90849214162265,3.812899929471314,3290.5269000912085,4783.569391036845
1791143087,250,,Aggregated,114.200000,0.000000,30,45,79,200,920,1400,1800,2100,2700,3200,3300,28727,0,30,228.05781558128828,3.812899929471314,3290.5269000912085,4783.905698471821
1791143088,250,,Aggregated,113.600000,0.000000,30,45,78,190,920,1400,1800,2000,2700,3200,3300,28845,0,30,227.25260185486138,3.812899929471314,3290.5269000912085,4782.890760963772
1791143089,250,,Aggregated,113.100000,0.000000,30,45,78,190,910,1400,1800,2000,2700,3200,3300,28956,0,30,226.6697124914809,3.812899929471314,3290.5269000912085,4782.582435419256
1791143090,250,,Aggregated,112.600000,0.000000,30,45,78,190,910,1400,1800,2000,2700,3200,3300,29101,0,30,226.58835261002335,3.812899929471314,3290.5269000912085,4783.022954537645
1791143091,250,,Aggregated,112.300000,0.000000,30,45,77,190,910,1400,1800,2000,2700,3200,3300,29210,0,30,225.84172872660582,3.812899929471314,3290.5269000912085,4782.893563847997
1791143092,250,,Aggregated,114.100000,0.000000,30,45,76,190,910,1400,1800,2000,2700,3200,3300,29350,0,30,224.92564861001478,3.812899929471314,3290.5269000912085,4782.77734241908
1791143093,250,,Aggregated,114.800000,0.000000,30,45,75,180,900,1400,1800,2000,2700,3200,3300,29462,0,30,224.16168619930053,3.812899929471314,3290.5269000912085,4782.832631864775
1791143094,250,,Aggregated,115.600000,0.000000,30,45,75,180,900,1400,1800,2000,2700,3200,3300,29566,0,30,223.4987284483373,3.812899929471314,3290.5269000912085,4782.9465602381115
1791143095,250,,Aggregated,120.200000,0.000000,30,45,75,180,900,1400,1800,2000,2700,3200,3300,29642,0,30,223.50716298844705,3.812899929471314,3290.5269000912085,4783.102894541529
1791143096,250,,Aggregated,121.000000,0.000000,30,45,76,180,910,1400,1800,2000,2700,3200,3300,29738,0,30,224.83307842167235,3.812899929471314,3290.5269000912085,4782.686327258054
1791143097,250,,Aggregated,114.000000,0.000000,30,45,77,190,910,1400,1800,2100,2700,3200,3300,29826,0,30,226.5225801751324,3.812899929471314,3290.5269000912085,4783.205458324951
1791143098,250,,Aggregated,113.100000,0.000000,30,45,78,190,920,1400,1800,2100,2700,3200,3300,29892,0,30,228.23000684141314,3.812899929471314,3290.5269000912085,4782.943061688746
1791143099,250,,Aggregated,109.600000,0.000000,30,46,79,200,930,1400,1800,2100,2700,3200,3300,29956,0,30,229.4648294299592,3.812899929471314,3290.5269000912085,4782.254172786754
1791143100,250,,Aggregated,106.600000,0.000000,30,46,82,220,940,1400,1900,2100,2700,3200,3300,30087,0,30,234.1617378769669,3.812899929471314,3290.5269000912085,4782.719546648054
1791143101,250,,Aggregated,98.700000,0.000000,30,46,83,220,950,1400,1900,2100,2700,3200,3300,30169,0,30,235.19627261442838,3.812899929471314,3290.5269000912085,4783.250157446385
1791143102,250,,Aggregated,96.900000,0.000000,30,46,84,230,960,1400,1900,2100,2700,3200,3300,30299,0,30,236.70549461053,3.812899929471314,3290.5269000912085,4783.60823789564
1791143103,250,,Aggregated,96.900000,0.000000,30,46,84,230,960,1400,1900,2100,2700,3200,3300,30370,0,30,236.60139154773074,3.812899929471314,3290.5269000912085,4783.292130391834
1791143104,250,,Aggregated,92.600000,0.000000,30,47,86,240,960,1400,1900,2100,2700,3200,3300,30525,0,30,237.90322155623417,3.812899929471314,3290.5269000912085,4783.530647010647
1791143105,250,,Aggregated,92.000000,0.000000,30,47,86,240,960,1400,1900,2100,2700,3200,3300,30632,0,30,237.61325666964552,3.812899929471314,3290.5269000912085,4783.996311047271
1791143106,250,,Aggregated,92.000000,0.000000,30,47,86,240,960,1400,1900,2100,2700,3200,3300,30728,0,30,237.19716370101273,3.812899929471314,3290.5269000912085,4783.2292371778185
1791143107,250,,Aggregated,96.100000,0.000000,30,47,86,230,950,1400,1800,2100,2700,3200,3300,30861,0,30,236.79974282772395,3.812899929471314,3290.5269000912085,4784.200609183112
1791143108,250,,Aggregated,96.800000,0.000000,30,47,85,230,950,1400,1800,2100,2700,3200,3300,30959,0,30,236.24397327777442,3.812899929471314,3290.5269000912085,4783.471526858103
1791143109,250,,Aggregated,103.500000,0.000000,30,47,86,230,950,1400,1800,2100,2700,3200,3300,31019,0,30,236.29646931254578,3.812899929471314,3290.5269000912085,4783.988716593056
1791143110,250,,Aggregated,103.700000,0.000000,30,47,90,250,960,1400,1800,2100,2700,3200,3300,31159,0,30,239.12883376574112,3.812899929471314,3290.5269000912085,4783.359510895728
1791143111,250,,Aggregated,107.000000,0.000000,30,47,90,250,960,1400,1800,2100,2700,3200,3300,31254,0,30,239.66887547533852,3.812899929471314,3290.5269000912085,4783.664458949254
1791143112,250,,Aggregated,104.700000,0.000000,31,48,92,260,960,1400,1800,2100,2700,3200,3300,31355,0,31,240.24975702778502,3.812899929471314,3290.5269000912085,4783.30540583639
1791143113,250,,Aggregated,105.700000,0.000000,31,48,92,250,960,1400,1800,2100,2700,3200,3300,31426,0,31,239.91285972145755,3.812899929471314,3290.5269000912085,4783.253452555209
1791143114,250,,Aggregated,105.500000,0.000000,31,48,93,260,970,1400,1900,2100,2700,3200,3300,31554,0,31,242.04960985000167,3.812899929471314,3290.5269000912085,4783.342270393611
1791143115,250,,Aggregated,104.500000,0.000000,31,48,95,270,980,1400,1900,2100,2700,3200,3300,31683,0,31,242.94436235544237,3.812899929471314,3290.5269000912085,4784.277940851561
1791143116,250,,Aggregated,99.200000,0.000000,31,48,94,260,970,1400,1800,2100,2700,3200,3300,31813,0,31,242.08463804756715,3.812899929471314,3290.5269000912085,4785.191022537956
1791143117,250,,Aggregated,104.900000,0.000000,31,48,93,260,970,1400,1800,2100,2700,3200,3300,31923,0,31,241.33483479018705,3.812899929471314,3290.5269000912085,4785.5104470131255
1791143118,250,,Aggregated,105.000000,0.000000,31,48,92,250,970,1400,1800,2100,2700,3200,3300,32055,0,31,240.43502116074586,3.812899929471314,3290.5269000912085,4784.663266261114
1791143119,250,,Aggregated,102.200000,0.000000,30,47,90,250,970,1400,1800,2100,2700,3200,3300,32184,0,30,239.5507805340277,3.812899929471314,3290.5269000912085,4784.705226199354
1791143120,250,,Aggregated,106.400000,0.000000,30,47,90,250,960,1400,1800,2100,2700,3200,3300,32307,0,30,238.73632607195543,3.812899929471314,3290.5269000912085,4783.1003497694
1791143121,250,,Aggregated,111.800000,0.000000,30,47,88,240,960,1400,1800,2100,2700,3200,3300,32426,0,30,237.94650997676757,3.812899929471314,3290.5269000912085,4783.53164127552
1791143122,250,,Aggregated,114.400000,0.000000,30,47,87,240,960,1400,1800,2100,2700,3200,3300,32533,0,30,237.25442682834952,3.812899929471314,3290.5269000912085,4783.2659760858205
1791143123,250,,Aggregated,115.000000,0.000000,30,47,86,230,950,1400,1800,2100,2700,3200,3300,32674,0,30,236.3440963091787,3.6412000190466642,3290.5269000912085,4783.146967007407
1791143124,250,,Aggregated,117.600000,0.000000,30,47,85,230,950,1400,1800,2100,2700,3200,3300,32798,0,30,235.56491987032163,3.6412000190466642,3290.5269000912085,4783.8930422586745
1791143125,250,,Aggregated,120.600000,0.000000,30,47,84,230,950,1400,1800,2100,2700,3200,3300,32924,0,30,234.76502553174018,3.6412000190466642,3290.5269000912085,4784.347709877293
1791143126,250,,Aggregated,126.200000,0.000000,30,47,83,220,950,1400,1800,2100,2700,3200,3300,33048,0,30,233.97929084383864,3.6412000190466642,3290.5269000912085,4785.556281771968
1791143127,250,,Aggregated,122.000000,0.000000,30,46,82,220,940,1400,1800,2100,2700,3200,3300,33176,0,30,233.14811623183746,3.6412000190466642,3290.5269000912085,4785.116499879431
1791143128,250,,Aggregated,123.300000,0.000000,30,46,81,210,940,1400,1800,2100,2700,3200,3300,33321,0,30,232.2219144175516,3.6412000190466642,3290.5269000912085,4783.943939257525
1791143129,250,,Aggregated,123.900000,0.000000,30,46,80,210,940,1400,1800,2100,2700,3200,3300,33434,0,30,231.50460555144357,3.6412000190466642,3290.5269000912085,4784.769246874439
1791143130,250,,Aggregated,122.200000,0.000000,30,46,79,200,940,1400,1800,2100,2700,3200,3300,33554,0,30,230.75661475554458,3.6412000190466642,3290.5269000912085,4784.287149073136
1791143131,250,,Aggregated,124.000000,0.000000,30,45,78,200,930,1400,1800,2100,2700,3200,3300,33681,0,30,229.9653534071878,3.6412000190466642,3290.5269000912085,4784.830052551883
1791143132,250,,Aggregated,124.700000,0.000000,30,45,78,190,930,1400,1800,2100,2700,3200,3300,33797,0,30,229.2478493507774,3.6412000190466642,3290.5269000912085,4784.519927804243
1791143133,250,,Aggregated,122.100000,0.000000,30,45,78,190,930,1400,1800,2100,2700,3200,3300,33892,0,30,228.9553109320178,3.6412000190466642,3290.5269000912085,4783.678980290334
1791143134,250,,Aggregated,124.200000,0.000000,30,45,78,200,930,1400,1800,2100,2700,3200,3300,34040,0,30,228.93649350786316,3.6412000190466642,3290.5269000912085,4783.962632197415
1791143135,250,,Aggregated,122.900000,0.000000,30,45,78,190,930,1400,1800,2100,2700,3200,3300,34144,0,30,228.30889976005014,3.6412000190466642,3290.5269000912085,4784.851247656982
1791143136,250,,Aggregated,119.800000,0.000000,30,45,77,190,920,1400,1800,2100,2700,3200,3300,34279,0,30,227.4952093470378,3.6412000190466642,3290.5269000912085,4783.315061699583
1791143137,250,,Aggregated,122.400000,0.000000,29,45,76,190,920,1400,1800,2100,2700,3200,3300,34396,0,29,226.78862747434022,3.6412000190466642,3290.5269000912085,4784.259594138854
1791143138,250,,Aggregated,120.800000,0.000000,29,45,75,180,920,1400,1800,2100,2700,3200,3300,34531,0,29,225.97984946302194,3.6412000190466642,3290.5269000912085,4784.267122295908
1791143139,250,,Aggregated,121.000000,0.000000,29,44,74,180,910,1400,1800,2100,2700,3200,3300,34656,0,29,225.24217610825048,3.6412000190466642,3290.5269000912085,4784.236755540166
1791143140,250,,Aggregated,120.600000,0.000000,29,44,74,180,910,1400,1800,2100,2700,3200,3300,34771,0,29,224.5646892297407,3.6412000190466642,3290.5269000912085,4784.545195709068
1791143141,250,,Aggregated,120.200000,0.000000,29,44,73,170,910,1400,1800,2100,2700,3200,3300,34895,0,29,223.84738784660985,3.6412000190466642,3290.5269000912085,4783.903424559392
1791143142,250,,Aggregated,120.600000,0.000000,29,44,73,170,910,1400,1800,2100,2700,3200,3300,35026,0,29,223.08618461162712,3.6412000190466642,3290.5269000912085,4784.377433906241
1791143143,250,,Aggregated,121.900000,0.000000,29,44,72,170,900,1400,1800,2100,2700,3200,3300,35141,0,29,222.41633734120853,3.6412000190466642,3290.5269000912085,4784.072621723913
1791143144,250,,Aggregated,120.600000,0.000000,29,44,71,170,900,1400,1800,2100,2700,3200,3300,35265,0,29,221.7024238170087,3.6412000190466642,3290.5269000912085,4783.116489437119
1791143145,250,,Aggregated,121.900000,0.000000,29,43,71,160,900,1400,1800,2100,2700,3200,3300,35382,0,29,221.07107222901172,3.6412000190466642,3290.5269000912085,4782.928353400034
1791143146,250,,Aggregated,124.600000,0.000000,29,43,71,160,890,1400,1800,2100,2700,3200,3300,35510,0,29,220.36220635051683,3.6412000190466642,3290.5269000912085,4782.809264995776
1791143147,250,,Aggregated,121.300000,0.000000,29,43,70,160,890,1400,1800,2100,2700,3200,3300,35636,0,29,219.65749970552875,3.6412000190466642,3290.5269000912085,4782.15352452576
1791143148,250,,Aggregated,122.000000,0.000000,29,43,69,150,890,1400,1800,2100,2700,3200,3300,35762,0,29,218.9595227981215,3.6412000190466642,3290.5269000912085,4781.31997651138
1791143149,250,,Aggregated,121.900000,0.000000,29,43,69,150,890,1400,1800,2100,2700,3200,3300,35877,0,29,218.32523208204094,3.6412000190466642,3290.5269000912085,4781.272570170304
1791143150,250,,Aggregated,122.900000,0.000000,29,43,68,150,880,1400,1800,2100,2700,3200,3300,35995,0,29,217.69962875695597,3.6412000190466642,3290.5269000912085,4781.277427420475
1791143151,250,,Aggregated,122.500000,0.000000,29,43,68,150,880,1400,1800,2100,2700,3200,3300,36128,0,29,216.97065143400422,3.6412000190466642,3290.5269000912085,4780.686946412755
1791143152,250,,Aggregated,121.200000,0.000000,28,43,68,140,880,1400,1800,2100,2700,3200,3300,36239,0,28,216.38064740770102,3.6412000190466642,3290.5269000912085,4781.07798228428
1791143153,250,,Aggregated,120.500000,0.000000,28,42,67,140,870,1400,1800,2000,2700,3200,3300,36373,0,28,215.66572768832015,3.6412000190466642,3290.5269000912085,4781.4459076787725
1791143154,250,,Aggregated,121.900000,0.000000,28,42,67,140,870,1400,1800,2000,2700,3200,3300,36497,0,28,215.01444273796815,3.6412000190466642,3290.5269000912085,4781.5142888456585
1791143156,250,,Aggregated,120.000000,0.000000,28,42,67,140,870,1400,1800,2000,2700,3200,3300,36595,0,28,214.67791925692336,3.6412000190466642,3290.5269000912085,4781.357972400601
1791143157,250,,Aggregated,122.000000,0.000000,28,42,67,140,870,1400,1800,2000,2700,3200,3300,36726,0,28,214.9573558025934,3.6412000190466642,3290.5269000912085,4781.346512007842
1791143158,250,,Aggregated,120.300000,0.000000,28,42,67,140,870,1300,1800,2000,2700,3200,3300,36851,0,28,214.6939363791184,3.6412000190466642,3290.5269000912085,4779.953271281648
1791143159,250,,Aggregated,120.600000,0.000000,28,42,67,140,860,1300,1800,2000,2700,3200,3300,36986,0,28,214.00110063828473,3.6412000190466642,3290.5269000912085,4780.01311306981
1791143160,250,,Aggregated,120.000000,0.000000,28,42,67,140,860,1300,1800,2000,2700,3200,3300,37109,0,28,213.36629076795103,3.6412000190466642,3290.5269000912085,4779.762699075696
1791143161,250,,Aggregated,119.700000,0.000000,28,42,66,140,860,1300,1800,2000,2700,3200,3300,37227,0,28,212.7563835524853,3.6412000190466642,3290.5269000912085,4779.79839901147
1791143162,250,,Aggregated,119.900000,0.000000,28,42,66,130,860,1300,1800,2000,2700,3200,3300,37356,0,28,212.1200387570569,3.6412000190466642,3290.5269000912085,4779.127824178177
1791143163,250,,Aggregated,121.600000,0.000000,28,42,65,130,850,1300,1800,2000,2700,3200,3300,37480,0,28,211.47761970941448,3.6412000190466642,3290.5269000912085,4779.052454642476
1791143164,250,,Aggregated,120.700000,0.000000,28,42,65,130,850,1300,1800,2000,2700,3200,3300,37596,0,28,210.87559322291034,3.6412000190466642,3290.5269000912085,4778.599186083626
1791143165,250,,Aggregated,121.900000,0.000000,28,42,64,130,850,1300,1800,2000,2700,3200,3300,37732,0,28,210.17726992497742,3.6412000190466642,3290.5269000912085,4779.223682815647
1791143166,250,,Aggregated,119.900000,0.000000,28,42,64,130,850,1300,1800,2000,2700,3200,3300,37843,0,28,209.7492126842106,3.6412000190466642,3290.5269000912085,4780.147926961393
1791143167,250,,Aggregated,121.000000,0.000000,28,42,64,130,850,1300,1800,2000,2700,3200,3300,37976,0,28,209.55590124047643,3.6412000190466642,3290.5269000912085,4779.782810195913
1791143168,250,,Aggregated,122.300000,0.000000,28,41,63,120,840,1300,1800,2000,2700,3200,3300,38093,0,28,208.96621870442942,3.6412000190466642,3290.5269000912085,4779.779592051033
1791143169,250,,Aggregated,122.300000,0.000000,28,41,63,120,840,1300,1800,2000,2700,3200,3300,38211,0,28,208.37709489960457,3.6412000190466642,3290.5269000912085,4779.354923974772
1791143170,250,,Aggregated,122.600000,0.000000,28,41,63,120,840,1300,1800,2000,2700,3200,3300,38332,0,28,207.81562327319884,3.6412000190466642,3290.5269000912085,4780.13975268705
1791143171,250,,Aggregated,121.600000,0.000000,28,41,62,120,830,1300,1800,2000,2700,3200,3300,38451,0,28,207.42300912610298,3.6412000190466642,3290.5269000912085,4780.340589321474
1791143172,250,,Aggregated,123.000000,0.000000,28,41,62,120,830,1300,1800,2000,2700,3200,3300,38590,0,28,207.10262178822757,3.6412000190466642,3290.5269000912085,4780.23718579943
1791143173,250,,Aggregated,120.800000,0.000000,28,41,62,120,830,1300,1800,2000,2700,3200,3300,38708,0,28,206.5261759509305,3.6412000190466642,3290.5269000912085,4780.681848713444
1791143174,250,,Aggregated,121.800000,0.000000,28,41,62,120,830,1300,1800,2000,2700,3200,3300,38826,0,28,205.96704813032093,3.6412000190466642,3290.5269000912085,4781.625817750992
1791143175,250,,Aggregated,121.100000,0.000000,28,41,62,120,820,1300,1800,2000,2700,3200,3300,38953,0,28,205.3579982211431,3.6412000190466642,3290.5269000912085,4781.42653967602
1791143176,250,,Aggregated,122.300000,0.000000,28,41,61,110,820,1300,1800,2000,2700,3200,3300,39078,0,28,204.7683879985721,3.6412000190466642,3290.5269000912085,4781.078023440299
1791143177,250,,Aggregated,121.100000,0.000000,28,41,61,110,820,1300,1800,2000,2700,3200,3300,39198,0,28,204.20529851032154,3.6412000190466642,3290.5269000912085,4781.000688810654
1791143178,250,,Aggregated,122.200000,0.000000,27,40,61,110,820,1300,1800,2000,2700,3200,3300,39332,0,27,203.58890254010726,3.6412000190466642,3290.5269000912085,4781.852003457744
1791143179,250,,Aggregated,121.500000,0.000000,27,40,60,110,820,1300,1800,2000,2700,3200,3300,39459,0,27,203.00430300331774,3.6412000190466642,3290.5269000912085,4781.213056590385
1791143180,250,,Aggregated,122.400000,0.000000,27,40,60,110,810,1300,1800,2000,2700,3200,3300,39565,0,27,202.510754780934,3.6412000190466642,3290.5269000912085,4781.974118539113
1791143181,250,,Aggregated,122.600000,0.000000,27,40,60,110,810,1300,1800,2000,2700,3200,3300,39702,0,27,201.90547261365106,3.6412000190466642,3290.5269000912085,4781.615409803033
1791143182,250,,Aggregated,122.300000,0.000000,27,40,60,110,810,1300,1800,2000,2700,3200,3300,39816,0,27,201.62918726408193,3.6412000190466642,3290.5269000912085,4782.233398633715
1791143183,250,,Aggregated,124.000000,0.000000,27,40,59,110,810,1300,1800,2000,2700,3200,3300,39945,0,27,201.19350852187952,3.6412000190466642,3290.5269000912085,4781.949054950557
1791143184,250,,Aggregated,121.100000,0.000000,27,40,59,110,800,1300,1800,2000,2700,3100,3300,40061,0,27,200.6861354186467,3.6412000190466642,3290.5269000912085,4782.0357454881305
1791143185,250,,Aggregated,122.100000,0.000000,27,40,59,110,800,1300,1800,2000,2700,3100,3300,40187,0,27,200.1247459304419,3.6412000190466642,3290.5269000912085,4781.530718889193
1791143186,250,,Aggregated,122.000000,0.000000,27,40,59,100,800,1300,1800,2000,2700,3100,3300,40306,0,27,199.60026050480252,3.6412000190466642,3290.5269000912085,4782.270828164541
1791143187,250,,Aggregated,121.700000,0.000000,27,40,58,100,790,1300,1800,2000,2700,3100,3300,40433,0,27,199.0584697006492,3.6412000190466642,3290.5269000912085,4781.922019142779
1791143188,250,,Aggregated,121.600000,0.000000,27,40,58,100,790,1300,1800,2000,2700,3100,3300,40552,0,27,198.66993145358273,3.6412000190466642,3290.5269000912085,4782.08406490432
1791143189,250,,Aggregated,121.900000,0.000000,27,40,58,100,790,1300,1800,2000,2700,3100,3300,40688,0,27,198.09496545923486,3.6412000190466642,3290.5269000912085,4781.415945733385
1791143190,250,,Aggregated,121.700000,0.000000,27,40,58,100,780,1300,1800,2000,2700,3100,3300,40812,0,27,197.56918216715803,3.6412000190466642,3290.5269000912085,4780.453102028815
1791143191,250,,Aggregated,122.000000,0.000000,27,40,57,100,780,1300,1800,2000,2700,3100,3300,40936,0,27,197.0292671586306,3.6412000190466642,3290.5269000912085,4780.659737150674
1791143192,250,,Aggregated,121.900000,0.000000,27,40,57,99,780,1300,1800,2000,2700,3100,3300,41078,0,27,196.43328451740797,3.6412000190466642,3290.5269000912085,4781.25862992356
1791143193,250,,Aggregated,122.500000,0.000000,27,39,57,98,770,1300,1800,2000,2700,3100,3300,41183,0,27,195.9857203653494,3.6412000190466642,3290.5269000912085,4781.15875482602
1791143194,250,,Aggregated,123.500000,0.000000,27,39,57,97,770,1300,1700,2000,2700,3100,3300,41303,0,27,195.48191836200215,3.6412000190466642,3290.5269000912085,4781.405515337869
1791143195,250,,Aggregated,123.900000,0.000000,27,39,57,96,770,1300,1700,2000,2700,3100,3300,41438,0,27,194.93889817331012,3.6412000190466642,3290.5269000912085,4781.580167961774
1791143196,250,,Aggregated,123.000000,0.000000,27,39,56,96,770,1300,1700,2000,2700,3100,3300,41568,0,27,194.43375383243404,3.6412000190466642,3290.5269000912085,4781.232125673595
1791143197,250,,Aggregated,123.500000,0.000000,27,39,56,94,760,1300,1700,2000,2700,3100,3300,41701,0,27,193.8944163379213,3.6412000190466642,3290.5269000912085,4782.086904390782
1791143198,250,,Aggregated,124.300000,0.000000,27,39,56,93,760,1300,1700,2000,2700,3100,3300,41817,0,27,193.42721304510255,3.6412000190466642,3290.5269000912085,4782.663294832245
1791143199,250,,Aggregated,125.000000,0.000000,27,39,56,93,760,1300,1700,2000,2700,3100,3300,41944,0,27,192.91692464016916,3.5672999219968915,3290.5269000912085,4783.169297158116
1791143200,250,,Aggregated,123.300000,0.000000,27,39,56,92,760,1300,1700,2000,2700,3100,3300,42075,0,27,192.39651520396745,3.5672999219968915,3290.5269000912085,4783.36311348782
1791143201,250,,Aggregated,124.300000,0.000000,27,39,55,91,760,1300,1700,2000,2700,3100,3300,42195,0,27,191.90713743114904,3.5672999219968915,3290.5269000912085,4784.004218509302
1791143202,250,,Aggregated,124.400000,0.000000,27,39,55,90,750,1300,1700,2000,2700,3100,3300,42324,0,27,191.39689136440893,3.5672999219968915,3290.5269000912085,4784.447878272375
1791143203,250,,Aggregated,123.900000,0.000000,27,39,55,90,750,1300,1700,2000,2700,3100,3300,42458,0,27,190.87317839765242,3.5672999219968915,3290.5269000912085,4784.137689010316
1791143204,250,,Aggregated,124.700000,0.000000,27,39,55,89,750,1300,1700,2000,2700,3100,3300,42569,0,27,190.45627955338549,3.5672999219968915,3290.5269000912085,4785.165308088045
1791143205,250,,Aggregated,124.000000,0.000000,27,39,55,88,750,1300,1700,2000,2700,3100,3300,42695,0,27,189.9661903925163,3.5672999219968915,3290.5269000912085,4785.079142756763
1791143206,250,,Aggregated,125.900000,0.000000,27,39,54,87,740,1300,1700,2000,2700,3100,3300,42822,0,27,189.47159497006578,3.5672999219968915,3290.5269000912085,4784.961001354444
1791143207,250,,Aggregated,124.800000,0.000000,27,39,54,87,740,1300,1700,2000,2700,3100,3300,42949,0,27,188.99912414045403,3.5672999219968915,3290.5269000912085,4784.086334955412
1791143208,250,,Aggregated,124.500000,0.000000,27,39,54,86,740,1300,1700,2000,2700,3100,3300,43066,0,27,188.5755204873556,3.5672999219968915,3290.5269000912085,4783.279663771885
1791143209,250,,Aggregated,123.700000,0.000000,27,39,54,85,740,1200,1700,2000,2700,3100,3300,43207,0,27,188.0304591734839,3.5672999219968915,3290.5269000912085,4783.722174647626
1791143210,250,,Aggregated,124.600000,0.000000,27,39,54,85,730,1200,1700,2000,2700,3100,3300,43317,0,27,187.6098583652597,3.5672999219968915,3290.5269000912085,4783.602373202207
1791143211,250,,Aggregated,122.700000,0.000000,27,38,54,84,730,1200,1700,2000,2700,3100,3300,43444,0,27,187.12611713256376,3.5672999219968915,3290.5269000912085,4783.148351901298
1791143212,250,,Aggregated,123.000000,0.000000,27,38,53,83,730,1200,1700,2000,2700,3100,3300,43571,0,27,186.65486147454484,3.5672999219968915,3290.5269000912085,4783.240779417502
1791143213,250,,Aggregated,122.600000,0.000000,27,38,53,82,720,1200,1700,2000,2700,3100,3300,43687,0,27,186.22082628945998,3.5672999219968915,3290.5269000912085,4782.735550621466
1791143214,250,,Aggregated,121.600000,0.000000,27,38,53,82,720,1200,1700,2000,2700,3100,3300,43813,0,27,185.75171185508424,3.5672999219968915,3290.5269000912085,4783.715198685321
1791143215,250,,Aggregated,122.500000,0.000000,27,38,53,81,720,1200,1700,2000,2700,3100,3300,43942,0,27,185.29329212158953,3.5672999219968915,3290.5269000912085,4783.28778844841
1791143216,250,,Aggregated,120.800000,0.000000,27,38,53,81,720,1200,1700,2000,2700,3100,3300,44053,0,27,184.88463296952506,3.5672999219968915,3290.5269000912085,4783.697705037114
1791143217,250,,Aggregated,120.800000,0.000000,27,38,53,80,710,1200,1700,2000,2700,3100,3300,44183,0,27,184.40837976160137,3.5672999219968915,3290.5269000912085,4783.262114387887
1791143218,250,,Aggregated,121.600000,0.000000,27,38,52,79,710,1200,1700,2000,2700,3100,3300,44314,0,27,183.9299644741081,3.5672999219968915,3290.5269000912085,4783.306652525162
1791143219,250,,Aggregated,120.800000,0.000000,27,38,52,79,710,1200,1700,2000,2700,3100,3300,44427,0,27,183.51874104274387,3.5672999219968915,3290.5269000912085,4784.446890404483
1791143220,250,,Aggregated,121.000000,0.000000,27,38,52,79,710,1200,1700,2000,2700,3100,3300,44545,0,27,183.13103766318147,3.5672999219968915,3290.5269000912085,4784.393871366035
1791143221,250,,Aggregated,122.500000,0.000000,27,38,52,78,700,1200,1700,2000,2700,3100,3300,44667,0,27,182.69561605897383,3.5672999219968915,3290.5269000912085,4784.449593659749
1791143222,250,,Aggregated,122.400000,0.000000,27,38,52,77,700,1200,1700,2000,2700,3100,3300,44799,0,27,182.2125550839571,3.5672999219968915,3290.5269000912085,4784.707694368178
1791143223,250,,Aggregated,121.200000,0.000000,27,38,52,77,690,1200,1700,2000,2700,3100,3300,44924,0,27,181.77735055217005,3.5672999219968915,3290.5269000912085,4783.8803757457035
1791143224,250,,Aggregated,122.000000,0.000000,27,38,52,76,690,1200,1700,2000,2700,3100,3300,45045,0,27,181.35336785005202,3.5672999219968915,3290.5269000912085,4784.3135309135305
1791143225,250,,Aggregated,122.000000,0.000000,27,38,52,76,690,1200,1700,2000,2700,3100,3300,45175,0,27,180.92781979426243,3.5672999219968915,3290.5269000912085,4784.087614831212
1791143226,250,,Aggregated,122.100000,0.000000,27,38,51,75,680,1200,1700,2000,2700,3100,3300,45297,0,27,180.49853963631526,3.5672999219968915,3290.5269000912085,4783.970064242665
1791143227,250,,Aggregated,122.700000,0.000000,26,38,51,75,680,1200,1700,2000,2700,3100,3300,45414,0,26,180.08903400067516,3.5672999219968915,3290.5269000912085,4784.391002774475
1791143228,250,,Aggregated,122.700000,0.000000,26,38,51,75,680,1200,1700,2000,2700,3100,3300,45532,0,26,179.73073554658293,3.5672999219968915,3290.5269000912085,4784.294737766845
1791143229,250,,Aggregated,123.100000,0.000000,26,38,51,75,680,1200,1700,2000,2700,3100,3300,45662,0,26,179.51770850832304,3.5672999219968915,3290.5269000912085,4785.222000788402
1791143230,250,,Aggregated,122.600000,0.000000,26,38,51,74,670,1200,1700,2000,2700,3100,3300,45791,0,26,179.0861045905869,3.5672999219968915,3290.5269000912085,4784.848419995195
1791143231,250,,Aggregated,121.400000,0.000000,26,38,51,74,670,1200,1700,2000,2700,3100,3300,45911,0,26,178.68514552083585,3.5672999219968915,3290.5269000912085,4784.814793840256
1791143232,250,,Aggregated,121.800000,0.000000,26,38,51,74,670,1200,1700,2000,2600,3100,3300,46050,0,26,178.22263933129176,3.5568000748753548,3290.5269000912085,4785.177719869707
1791143233,250,,Aggregated,123.000000,0.000000,26,38,51,73,670,1200,1700,2000,2600,3100,3300,46174,0,26,177.79793188170635,3.5568000748753548,3290.5269000912085,4785.365335470178
1791143235,250,,Aggregated,122.600000,0.000000,26,38,51,73,660,1200,1700,2000,2600,3100,3300,46283,0,26,177.44524295328839,3.5568000748753548,3290.5269000912085,4786.318605103385
1791143236,250,,Aggregated,124.100000,0.000000,26,38,51,73,660,1200,1700,2000,2600,3100,3300,46432,0,26,177.138659280393,3.5568000748753548,3290.5269000912085,4786.3629393521705
1791143237,250,,Aggregated,124.100000,0.000000,26,37,51,72,660,1200,1700,2000,2600,3100,3300,46553,0,26,176.73860842280592,3.5568000748753548,3290.5269000912085,4786.566837797779
1791143238,250,,Aggregated,122.900000,0.000000,26,37,51,72,650,1200,1700,2000,2600,3100,3300,46664,0,26,176.37977789104957,3.5568000748753548,3290.5269000912085,4786.626521515515
1791143239,250,,Aggregated,124.500000,0.000000,26,37,51,72,650,1200,1700,2000,2600,3100,3300,46797,0,26,175.9386418169419,3.5568000748753548,3290.5269000912085,4787.301429578819
1791143240,250,,Aggregated,123.900000,0.000000,26,37,50,71,640,1200,1700,2000,2600,3100,3300,46911,0,26,175.55446741290697,3.5568000748753548,3290.5269000912085,4786.842723455054
1791143241,250,,Aggregated,125.300000,0.000000,26,37,50,71,640,1200,1700,2000,2600,3100,3300,47042,0,26,175.16941818389057,3.5568000748753548,3290.5269000912085,4786.833170358404
1791143242,250,,Aggregated,123.100000,0.000000,26,37,50,71,640,1200,1700,2000,2600,3100,3300,47112,0,26,175.09047964227017,3.5568000748753548,3290.5269000912085,4787.320279334353
1791143243,250,,Aggregated,124.000000,0.000000,26,37,51,72,650,1200,1700,2000,2600,3100,3300,47297,0,26,175.88785875228982,3.5568000748753548,3290.5269000912085,4787.183288580671
1791143244,250,,Aggregated,119.800000,0.000000,26,37,51,72,650,1200,1700,1900,2600,3100,3300,47397,0,26,175.58037818232836,3.5568000748753548,3290.5269000912085,4787.935270164779
1791143245,250,,Aggregated,123.700000,0.000000,26,37,51,72,640,1200,1700,1900,2600,3100,3300,47498,0,26,175.25770878158352,3.5568000748753548,3290.5269000912085,4787.489810097267
1791143246,250,,Aggregated,120.400000,0.000000,26,37,50,71,640,1200,1700,1900,2600,3100,3300,47649,0,26,174.78437738896807,3.5568000748753548,3290.5269000912085,4787.264244790027
1791143247,250,,Aggregated,119.800000,0.000000,26,37,50,71,640,1200,1700,1900,2600,3100,3300,47755,0,26,174.44179488444516,3.5568000748753548,3290.5269000912085,4786.925117788714
1791143248,250,,Aggregated,120.400000,0.000000,26,37,50,71,640,1200,1700,1900,2600,3100,3300,47881,0,26,174.08866273272935,3.5568000748753548,3290.5269000912085,4787.624966061695
1791143249,250,,Aggregated,118.400000,0.000000,26,37,50,70,630,1200,1700,1900,2600,3100,3300,48018,0,26,173.66355559802028,3.5568000748753548,3290.5269000912085,4787.987629638886
1791143250,250,,Aggregated,120.200000,0.000000,26,37,50,70,630,1200,1700,1900,2600,3100,3300,48141,0,26,173.28930504571605,3.5568000748753548,3290.5269000912085,4788.150952410627
1791143251,250,,Aggregated,121.200000,0.000000,26,37,50,69,630,1200,1700,1900,2600,3100,3300,48272,0,26,172.88002179121534,3.5568000748753548,3290.5269000912085,4786.890806264501
1791143252,250,,Aggregated,121.100000,0.000000,26,37,50,69,630,1200,1700,1900,2600,3100,3300,48390,0,26,172.51638170294137,3.5568000748753548,3290.5269000912085,4786.489646621203
1791143253,250,,Aggregated,121.200000,0.000000,26,37,50,69,620,1200,1700,1900,2600,3100,3300,48519,0,26,172.1183340981076,3.5568000748753548,3290.5269000912085,4786.8880850800715
1791143254,250,,Aggregated,125.900000,0.000000,26,37,50,68,620,1200,1700,1900,2600,3100,3300,48639,0,26,171.74743420107134,3.5568000748753548,3290.5269000912085,4786.967412981352
1791143255,250,,Aggregated,119.500000,0.000000,26,37,50,68,620,1200,1700,1900,2600,3100,3300,48769,0,26,171.35388958779083,3.5568000748753548,3290.5269000912085,4787.077036642129
1791143256,250,,Aggregated,122.600000,0.000000,26,37,50,68,620,1200,1700,1900,2600,3100,3300,48898,0,26,170.97101867166336,3.5568000748753548,3290.5269000912085,4786.488036320504
1791143257,250,,Aggregated,124.700000,0.000000,26,37,49,68,610,1200,1700,1900,2600,3100,3300,49015,0,26,170.61307451813965,3.5568000748753548,3290.5269000912085,4786.318147505865
1791143258,250,,Aggregated,123.700000,0.000000,26,37,49,67,610,1200,1700,1900,2600,3100,3300,49146,0,26,170.2127613052227,3.5568000748753548,3290.5269000912085,4786.9599560493225
1791143259,250,,Aggregated,124.600000,0.000000,26,37,49,67,610,1200,1700,1900,2600,3100,3300,49268,0,26,169.85886494493766,3.5568000748753548,3290.5269000912085,4787.335390111229
1791143260,250,,Aggregated,125.100000,0.000000,26,37,49,67,610,1200,1700,1900,2600,3100,3300,49399,0,26,169.4733434058781,3.5568000748753548,3290.5269000912085,4786.847122411385
1791143261,250,,Aggregated,123.400000,0.000000,26,37,49,67,600,1200,1700,1900,2600,3100,3300,49511,0,26,169.1484150917397,3.5380000481382012,3290.5269000912085,4786.864413968613
1791143262,250,,Aggregated,123.100000,0.000000,26,37,49,66,600,1200,1700,1900,2600,3100,3300,49646,0,26,168.75219019672718,3.5380000481382012,3290.5269000912085,4787.192301494581
1791143263,250,,Aggregated,123.000000,0.000000,26,37,49,66,600,1200,1700,1900,2600,3100,3300,49761,0,26,168.42604828493256,3.5380000481382012,3290.5269000912085,4786.622776873455
1791143264,250,,Aggregated,123.100000,0.000000,26,37,49,66,600,1200,1700,1900,2600,3100,3300,49895,0,26,168.04635872344278,3.5380000481382012,3290.5269000912085,4786.513157631025
1791143265,250,,Aggregated,123.800000,0.000000,26,37,49,65,590,1200,1700,1900,2600,3100,3300,50011,0,26,167.71219892835984,3.5380000481382012,3290.5269000912085,4786.616224430625
1791143266,250,,Aggregated,122.600000,0.000000,26,37,49,65,590,1200,1700,1900,2600,3100,3300,50136,0,26,167.36759380297744,3.5380000481382012,3290.5269000912085,4786.9744494973675
1791143267,250,,Aggregated,123.500000,0.000000,26,37,49,65,590,1200,1700,1900,2600,3100,3300,50264,0,26,167.01010672862773,3.5380000481382012,3290.5269000912085,4786.705256247015
1791143268,250,,Aggregated,121.800000,0.000000,26,37,48,64,590,1200,1700,1900,2600,3100,3300,50397,0,26,166.6377729291076,3.5380000481382012,3290.5269000912085,4786.524535190587
1791143269,250,,Aggregated,122.800000,0.000000,26,37,48,64,580,1200,1700,1900,2600,3100,3300,50515,0,26,166.28995960622393,3.5380000481382012,3290.5269000912085,4785.891260021775
1791143270,250,,Aggregated,121.800000,0.000000,26,37,48,64,580,1200,1700,1900,2600,3100,3300,50636,0,26,165.9528567522938,3.5380000481382012,3290.5269000912085,4786.496800695158
1791143271,250,,Aggregated,121.600000,0.000000,26,37,48,63,580,1200,1700,1900,2600,3100,3300,50763,0,26,165.58869182101222,3.5380000481382012,3290.5269000912085,4786.310462344621
1791143272,250,,Aggregated,122.600000,0.000000,26,37,48,63,580,1200,1700,1900,2600,3100,3300,50870,0,26,165.3020255850175,3.5380000481382012,3290.5269000912085,4786.60813839198
1791143273,250,,Aggregated,123.200000,0.000000,26,37,48,63,570,1200,1700,1900,2600,3100,3300,51004,0,26,164.94645902498016,3.5380000481382012,3290.5269000912085,4786.549133401302
1791143274,250,,Aggregated,121.900000,0.000000,26,36,48,63,570,1100,1700,1900,2600,3100,3300,51137,0,26,164.5796798308303,3.5380000481382012,3290.5269000912085,4786.6373467352405
1791143275,250,,Aggregated,123.100000,0.000000,26,36,48,63,570,1100,1700,1900,2600,3100,3300,51246,0,26,164.27952672031643,3.5380000481382012,3290.5269000912085,4787.296003590524
1791143276,250,,Aggregated,123.500000,0.000000,26,36,48,63,560,1100,1700,1900,2600,3100,3300,51391,0,26,163.9765874143346,3.5380000481382012,3290.5269000912085,4787.418439026289
1791143277,250,,Aggregated,123.400000,0.000000,26,36,48,62,560,1100,1700,1900,2600,3100,3300,51497,0,26,163.69395837837922,3.5380000481382012,3290.5269000912085,4787.494222964445
1791143278,250,,Aggregated,122.900000,0.000000,26,36,48,62,560,1100,1700,1900,2600,3100,3300,51638,0,26,163.30056630214912,3.5380000481382012,3290.5269000912085,4788.444749990317
1791143279,250,,Aggregated,122.900000,0.000000,26,36,48,62,560,1100,1700,1900,2600,3100,3300,51763,0,26,162.96263243649187,3.5380000481382012,3290.5269000912085,4787.795819407685
1791143280,250,,Aggregated,122.300000,0.000000,26,36,48,62,550,1100,1700,1900,2600,3100,3300,51878,0,26,162.6519629922086,3.5380000481382012,3290.5269000912085,4788.633987432052
1791143281,250,,Aggregated,123.400000,0.000000,26,36,48,62,550,1100,1700,1900,2600,3100,3300,52015,0,26,162.27809932154761,3.5380000481382012,3290.5269000912085,4788.279765452274
1791143282,250,,Aggregated,124.700000,0.000000,26,36,47,61,550,1100,1700,1900,2600,3100,3300,52133,0,26,161.9594542709985,3.5380000481382012,3290.5269000912085,4788.213166324593
1791143283,250,,Aggregated,122.800000,0.000000,26,36,48,61,550,1100,1700,1900,2600,3100,3300,52238,0,26,161.7350695262188,3.5380000481382012,3290.5269000912085,4788.416191278379
1791143284,250,,Aggregated,124.100000,0.000000,26,36,48,62,550,1100,1700,1900,2600,3100,3300,52344,0,26,161.91959655567436,3.5380000481382012,3290.5269000912085,4789.082473635946
1791143285,250,,Aggregated,121.300000,0.000000,26,36,48,62,550,1100,1600,1900,2600,3100,3300,52478,0,26,162.20074184249304,3.5380000481382012,3290.5269000912085,4789.80900567857
1791143286,250,,Aggregated,119.800000,0.000000,26,36,48,62,550,1100,1600,1900,2600,3100,3300,52598,0,26,161.88450137286304,3.5380000481382012,3290.5269000912085,4789.74816532948
1791143287,250,,Aggregated,120.200000,0.000000,26,36,47,62,550,1100,1600,1900,2600,3100,3300,52729,0,26,161.53482584175975,3.5380000481382012,3290.5269000912085,4789.129776783175
1791143288,250,,Aggregated,119.800000,0.000000,26,36,47,61,540,1100,1600,1900,2600,3100,3300,52853,0,26,161.22958503793362,3.5380000481382012,3290.5269000912085,4788.816604544681
1791143289,250,,Aggregated,121.400000,0.000000,26,36,47,61,540,1100,1600,1900,2600,3100,3300,52962,0,26,161.06110339317513,3.5380000481382012,3290.5269000912085,4789.088837279559
1791143290,250,,Aggregated,121.500000,0.000000,26,36,47,62,540,1100,1600,1900,2600,3100,3300,53102,0,26,161.05350306973486,3.5380000481382012,3290.5269000912085,4788.861154005499
1791143291,250,,Aggregated,119.800000,0.000000,26,36,47,61,540,1100,1600,1900,2600,3100,3300,53229,0,26,160.71889072139493,3.5380000481382012,3290.5269000912085,4787.961468372504
1791143292,250,,Aggregated,120.000000,0.000000,26,36,47,61,540,1100,1600,1900,2600,3100,3300,53357,0,26,160.38028961914674,3.5380000481382012,3290.5269000912085,4787.471559495474
1791143293,250,,Aggregated,120.900000,0.000000,26,36,47,61,530,1100,1600,1900,2600,3100,3300,53489,0,26,160.03935733719123,3.5380000481382012,3290.5269000912085,4787.364860064687
1791143294,250,,Aggregated,120.100000,0.000000,26,36,47,61,530,1100,1600,1900,2600,3100,3300,53602,0,26,159.75335526303698,3.5380000481382012,3290.5269000912085,4787.289541435021
1791143295,250,,Aggregated,123.300000,0.000000,26,36,47,60,530,1100,1600,1900,2600,3100,3300,53732,0,26,159.41511633866483,3.5380000481382012,3290.5269000912085,4787.288729248865
1791143296,250,,Aggregated,125.900000,0.000000,26,36,47,60,530,1100,1600,1900,2600,3100,3300,53858,0,26,159.11529582994464,3.5380000481382012,3290.5269000912085,4787.372479483085
1791143297,250,,Aggregated,124.200000,0.000000,26,36,47,60,520,1100,1600,1900,2600,3100,3300,53980,0,26,158.80492302351098,3.5380000481382012,3290.5269000912085,4787.842589848092
1791143298,250,,Aggregated,124.800000,0.000000,26,36,47,60,520,1100,1600,1900,2600,3100,3300,54095,0,26,158.52255178314527,3.5380000481382012,3290.5269000912085,4788.088991588871
1791143299,250,,Aggregated,123.600000,0.000000,26,36,47,60,520,1100,1600,1900,2600,3100,3300,54215,0,26,158.3988052256491,3.5380000481382012,3290.5269000912085,4787.964234990316
1791143300,250,,Aggregated,123.600000,0.000000,26,36,47,60,520,1100,1600,1900,2600,3100,3300,54334,0,26,158.31152784828245,3.5380000481382012,3290.5269000912085,4788.424246328266
1791143301,250,,Aggregated,124.200000,0.000000,26,36,47,60,510,1100,1600,1900,2600,3100,3300,54471,0,26,158.04208763576534,3.5380000481382012,3290.5269000912085,4788.4809715261335
1791143302,250,,Aggregated,122.600000,0.000000,26,36,47,60,510,1100,1600,1900,2600,3100,3300,54603,0,26,157.7300824058633,3.5380000481382012,3290.5269000912085,4788.944325403366
1791143303,250,,Aggregated,122.700000,0.000000,26,36,47,60,510,1100,1600,1900,2600,3100,3300,54713,0,26,157.46356778658495,3.5380000481382012,3290.5269000912085,4789.263776433389
1791143304,250,,Aggregated,123.100000,0.000000,26,36,47,60,510,1100,1600,1900,2600,3100,3300,54843,0,26,157.14793077344035,3.5380000481382012,3290.5269000912085,4789.33426326058
1791143305,250,,Aggregated,122.600000,0.000000,25,36,47,59,510,1100,1600,1900,2600,3100,3300,54986,0,25,156.79086500397773,3.5380000481382012,3290.5269000912085,4789.119339468229
1791143306,250,,Aggregated,121.500000,0.000000,25,36,47,59,500,1100,1600,1900,2600,3100,3300,55100,0,25,156.5244416262993,3.5380000481382012,3290.5269000912085,4788.5917967332125
1791143307,250,,Aggregated,122.000000,0.000000,25,36,46,59,500,1100,1600,1900,2600,3100,3300,55238,0,25,156.2005283122151,3.5380000481382012,3290.5269000912085,4789.029925051595
1791143308,250,,Aggregated,123.500000,0.000000,25,36,46,59,500,1100,1600,1900,2600,3100,3300,55356,0,25,155.90348772147766,3.5380000481382012,3290.5269000912085,4788.429257894357
1791143309,250,,Aggregated,121.600000,0.000000,25,36,46,59,490,1100,1600,1900,2600,3100,3300,55487,0,25,155.583670058037,3.5380000481382012,3290.5269000912085,4788.7400291960275
1791143310,250,,Aggregated,124.500000,0.000000,25,35,46,59,490,1100,1600,1900,2600,3100,3300,55608,0,25,155.2847206716637,3.5380000481382012,3290.5269000912085,4788.671665947346
1791143311,250,,Aggregated,123.800000,0.000000,25,35,46,58,490,1100,1600,1900,2600,3100,3300,55719,0,25,155.01347667781826,3.5380000481382012,3290.5269000912085,4789.155081749493
1791143312,250,,Aggregated,125.400000,0.000000,25,35,46,58,490,1100,1600,1900,2600,3100,3300,55850,0,25,154.6953628345881,3.5380000481382012,3290.5269000912085,4789.219659803044
1791143313,250,,Aggregated,124.600000,0.000000,25,35,46,58,490,1100,1600,1900,2600,3100,3300,55961,0,25,154.50130141548013,3.5380000481382012,3290.5269000912085,4789.463358410321
1791143314,250,,Aggregated,123.900000,0.000000,25,35,46,58,490,1100,1600,1900,2600,3100,3300,56094,0,25,154.39733886176072,3.5380000481382012,3290.5269000912085,4789.446197454273
1791143315,250,,Aggregated,123.200000,0.000000,25,35,46,58,490,1100,1600,1900,2600,3100,3300,56223,0,25,154.085500195868,3.5380000481382012,3290.5269000912085,4788.912633619693
1791143316,250,,Aggregated,122.800000,0.000000,25,35,46,58,480,1100,1600,1900,2600,3100,3300,56352,0,25,153.78445212259845,3.5380000481382012,3290.5269000912085,4789.2856331629755
1791143318,250,,Aggregated,123.800000,0.000000,25,35,46,58,480,1100,1600,1900,2600,3100,3300,56474,0,25,153.49857802551045,3.5380000481382012,3290.5269000912085,4790.166377448029
1791143319,250,,Aggregated,123.000000,0.000000,25,35,46,58,480,1100,1600,1900,2600,3100,3300,56582,0,25,153.27669594945337,3.5380000481382012,3290.5269000912085,4790.18240783288
1791143320,250,,Aggregated,122.000000,0.000000,25,35,46,58,480,1100,1600,1900,2600,3100,3300,56725,0,25,153.17150237129195,3.5380000481382012,3290.5269000912085,4789.267659762009
1791143321,250,,Aggregated,121.600000,0.000000,25,35,46,57,480,1100,1600,1900,2600,3100,3300,56834,0,25,152.92934984537337,3.5380000481382012,3290.5269000912085,4789.628497026428
1791143322,250,,Aggregated,122.600000,0.000000,25,35,45,57,470,1100,1600,1900,2600,3100,3300,56939,0,25,152.77820179159187,3.5380000481382012,3290.5269000912085,4789.97088111839
1791143323,250,,Aggregated,121.600000,0.000000,25,35,46,58,480,1100,1600,1900,2600,3100,3300,57081,0,25,152.77649055570896,3.5380000481382012,3290.5269000912085,4790.044813510625
1791143324,250,,Aggregated,120.100000,0.000000,25,35,46,58,470,1100,1600,1900,2600,3100,3300,57188,0,25,152.74298130919632,3.5380000481382012,3290.5269000912085,4789.344320486815
1791143325,250,,Aggregated,122.200000,0.000000,25,35,46,58,470,1100,1600,1900,2600,3100,3300,57298,0,25,152.73740655365083,3.5380000481382012,3290.5269000912085,4789.4017068658595
1791143326,250,,Aggregated,121.600000,0.000000,25,35,46,58,480,1100,1600,1900,2600,3100,3300,57432,0,25,152.7494797919501,3.5380000481382012,3290.5269000912085,4789.1839044435155
1791143327,250,,Aggregated,119.300000,0.000000,25,35,46,58,470,1100,1600,1900,2600,3100,3300,57554,0,25,152.4709879002492,3.5380000481382012,3290.5269000912085,4789.634743023943
1791143328,250,,Aggregated,119.400000,0.000000,25,35,46,58,470,1100,1600,1900,2600,3100,3300,57686,0,25,152.17574274192617,3.5380000481382012,3290.5269000912085,4789.8613701764725
1791143329,250,,Aggregated,119.000000,0.000000,25,35,45,57,470,1100,1600,1900,2600,3100,3300,57806,0,25,151.89581746031303,3.5380000481382012,3290.5269000912085,4790.012853337023
1791143330,250,,Aggregated,119.700000,0.000000,25,35,45,57,470,1100,1600,1900,2600,3100,3300,57935,0,25,151.60285959456772,3.5380000481382012,3290.5269000912085,4789.4315871235
1791143331,250,,Aggregated,121.000000,0.000000,25,35,45,57,460,1100,1600,1900,2600,3100,3300,58064,0,25,151.32267298861743,3.5380000481382012,3290.5269000912085,4789.127359465418
1791143332,250,,Aggregated,119.800000,0.000000,25,35,45,57,460,1100,1600,1900,2600,3100,3300,58179,0,25,151.06664840769196,3.5380000481382012,3290.5269000912085,4789.673060726379
1791143333,250,,Aggregated,120.600000,0.000000,25,35,45,57,460,1100,1600,1900,2600,3100,3300,58312,0,25,150.77485567140596,3.5380000481382012,3290.5269000912085,4789.017732199204
1791143334,250,,Aggregated,123.500000,0.000000,25,35,45,57,460,1100,1600,1900,2600,3100,3300,58421,0,25,150.52291249911625,3.5380000481382012,3290.5269000912085,4788.875489977919
1791143335,250,,Aggregated,121.200000,0.000000,25,35,45,57,450,1100,1600,1900,2600,3100,3300,58549,0,25,150.2437846318596,3.5380000481382012,3290.5269000912085,4788.410305897624
1791143336,250,,Aggregated,122.500000,0.000000,25,35,45,56,450,1100,1600,1900,2600,3100,3300,58668,0,25,149.98000137400933,3.5380000481382012,3290.5269000912085,4788.465449648872
1791143337,250,,Aggregated,123.000000,0.000000,25,35,45,56,450,1100,1600,1900,2600,3100,3300,58788,0,25,149.72591072006372,3.5380000481382012,3290.5269000912085,4788.054296795264
1791143338,250,,Aggregated,122.200000,0.000000,25,35,45,56,450,1100,1600,1900,2600,3100,3300,58902,0,25,149.56106961242958,3.5380000481382012,3290.5269000912085,4788.269243828732
1791143339,250,,Aggregated,122.100000,0.000000,25,35,45,56,450,1100,1600,1900,2600,3100,3300,59042,0,25,149.41049301026058,3.5380000481382012,3290.5269000912085,4788.016835473053
1791143340,250,,Aggregated,121.400000,0.000000,25,35,45,56,450,1100,1600,1900,2600,3100,3300,59156,0,25,149.16670896802032,3.5380000481382012,3290.5269000912085,4788.462201636351
1791143341,250,,Aggregated,123.200000,0.000000,25,34,45,56,440,1000,1600,1900,2600,3100,3300,59288,0,25,148.88378157151894,3.5380000481382012,3290.5269000912085,4789.058173660775
1791143342,250,,Aggregated,120.500000,0.000000,25,34,45,56,440,1000,1600,1900,2600,3100,3300,59405,0,25,148.63433344689298,3.5380000481382012,3290.5269000912085,4789.133086440535
1791143343,250,,Aggregated,122.700000,0.000000,25,34,45,56,440,1000,1600,1900,2600,3100,3300,59531,0,25,148.36691293465285,3.5380000481382012,3290.5269000912085,4789.29438443836
1791143344,250,,Aggregated,121.600000,0.000000,25,34,45,56,440,1000,1600,1900,2600,3100,3300,59653,0,25,148.1011467841067,3.5380000481382012,3290.5269000912085,4789.4178666621965
1791143345,250,,Aggregated,121.200000,0.000000,25,34,44,55,440,1000,1600,1900,2600,3100,3300,59771,0,25,147.8473136539924,3.5380000481382012,3290.5269000912085,4789.714778069632
1791143346,250,,Aggregated,121.400000,0.000000,25,34,44,56,440,1000,1600,1900,2600,3100,3300,59877,0,25,147.7088064701256,3.5380000481382012,3290.5269000912085,4790.116622409272
1791143347,250,,Aggregated,122.300000,0.000000,25,34,44,56,440,1000,1600,1900,2600,3100,3300,60011,0,25,147.72894962607802,3.5380000481382012,3290.5269000912085,4790.603122760827
1791143348,250,,Aggregated,120.600000,0.000000,25,34,44,55,440,1000,1600,1900,2600,3100,3300,60124,0,25,147.48674486578471,3.5380000481382012,3290.5269000912085,4790.642904663695
1791143349,250,,Aggregated,121.000000,0.000000,25,34,44,55,430,1000,1600,1900,2600,3100,3300,60256,0,25,147.28880699364592,3.5380000481382012,3290.5269000912085,4790.573420074349
1791143350,250,,Aggregated,120.800000,0.000000,25,34,44,55,430,1000,1600,1900,2600,3100,3300,60376,0,25,147.03662043210636,3.5380000481382012,3290.5269000912085,4790.301460845369
1791143351,250,,Aggregated,118.600000,0.000000,25,34,44,55,430,1000,1600,1900,2600,3100,3300,60510,0,25,146.757412573281,3.5380000481382012,3290.5269000912085,4790.341249380268
1791143352,250,,Aggregated,120.900000,0.000000,25,34,44,55,430,1000,1600,1900,2600,3100,3300,60616,0,25,146.57157306666832,3.5380000481382012,3290.5269000912085,4790.068579253002
1791143353,250,,Aggregated,119.700000,0.000000,25,34,44,55,430,1000,1600,1900,2600,3100,3300,60719,0,25,146.537764829934,3.5380000481382012,3290.5269000912085,4790.518223290897
1791143354,250,,Aggregated,120.000000,0.000000,25,34,44,55,430,1000,1600,1900,2600,3100,3300,60822,0,25,146.56014844478773,3.5380000481382012,3290.5269000912085,4790.220446548946
1791143355,250,,Aggregated,118.500000,0.000000,25,34,44,56,430,1000,1600,1900,2600,3100,3300,60923,0,25,147.3915598560313,3.5380000481382012,3290.5269000912085,4790.222543210281
1791143356,250,,Aggregated,116.700000,0.000000,25,34,45,56,440,1000,1600,1900,2600,3100,3300,61038,0,25,148.15611531191936,3.5380000481382012,3290.5269000912085,4790.41049837806
1791143357,250,,Aggregated,111.500000,0.000000,25,34,45,56,440,1000,1600,1900,2600,3100,3300,61155,0,25,148.17488252322795,3.5380000481382012,3290.5269000912085,4790.454370043332
1791143358,250,,Aggregated,112.900000,0.000000,25,34,45,56,440,1000,1600,1900,2600,3100,3300,61292,0,25,147.8929242561503,3.5380000481382012,3290.5269000912085,4790.707710631077
1791143359,250,,Aggregated,113.900000,0.000000,25,34,44,56,440,1000,1600,1900,2600,3100,3300,61413,0,25,147.6422886018883,3.5380000481382012,3290.5269000912085,4790.8178561542345
1791143360,250,,Aggregated,113.300000,0.000000,25,34,44,56,440,1000,1600,1900,2600,3100,3300,61528,0,25,147.41166119664348,3.5380000481382012,3290.5269000912085,4790.672620595501
1791143361,250,,Aggregated,115.500000,0.000000,25,34,44,56,440,1000,1600,1900,2600,3100,3300,61635,0,25,147.22535117721563,3.5380000481382012,3290.5269000912085,4790.9626186420055
1791143362,250,,Aggregated,114.400000,0.000000,25,34,44,56,440,1000,1600,1900,2600,3100,3300,61767,0,25,147.35667118053325,3.5380000481382012,3290.5269000912085,4791.268055757929
1791143363,250,,Aggregated,113.400000,0.000000,25,34,44,55,440,1000,1600,1900,2600,3100,3300,61892,0,25,147.09795438034277,3.5380000481382012,3290.5269000912085,4791.567343113811
1791143364,250,,Aggregated,113.900000,0.000000,25,34,44,55,430,1000,1600,1900,2600,3100,3300,62019,0,25,146.84278865037467,3.5380000481382012,3290.5269000912085,4791.796014124704
1791143365,250,,Aggregated,115.000000,0.000000,25,34,44,55,430,1000,1600,1900,2600,3100,3300,62136,0,25,146.6029852003373,3.5380000481382012,3290.5269000912085,4792.422653534183
1791143366,250,,Aggregated,117.700000,0.000000,25,34,44,55,430,1000,1600,1900,2600,3100,3300,62265,0,25,146.35058531771548,3.5380000481382012,3290.5269000912085,4792.289472416285
1791143367,250,,Aggregated,122.200000,0.000000,25,34,44,55,430,1000,1600,1900,2600,3100,3300,62373,0,25,146.12498337593388,3.5380000481382012,3290.5269000912085,4792.408205473522
1791143368,250,,Aggregated,121.600000,0.000000,25,34,44,55,430,1000,1600,1900,2600,3100,3300,62503,0,25,145.86100699497695,3.5380000481382012,3290.5269000912085,4792.267059181159
1791143369,250,,Aggregated,120.000000,0.000000,25,34,44,55,430,1000,1600,1900,2600,3100,3300,62621,0,25,145.62128258902146,3.5380000481382012,3290.5269000912085,4792.224940515162
1791143370,250,,Aggregated,122.100000,0.000000,25,34,44,55,420,1000,1600,1900,2600,3100,3300,62748,0,25,145.367835851464,3.5380000481382012,3290.5269000912085,4792.428475807994
1791143371,250,,Aggregated,118.600000,0.000000,25,34,44,55,420,1000,1600,1900,2600,3100,3300,62873,0,25,145.16430041999183,3.5380000481382012,3290.5269000912085,4792.471203855391
1791143372,250,,Aggregated,119.900000,0.000000,25,34,44,55,420,1000,1600,1900,2600,3100,3300,63003,0,25,144.90115375466885,3.5380000481382012,3290.5269000912085,4792.349205593385
1791143373,250,,Aggregated,120.600000,0.000000,25,34,44,54,420,1000,1600,1900,2600,3100,3300,63129,0,25,144.65437684907667,3.5380000481382012,3290.5269000912085,4792.995992333159
1791143374,250,,Aggregated,120.600000,0.000000,25,34,44,54,420,1000,1600,1900,2600,3100,3300,63244,0,25,144.42468353369085,3.5380000481382012,3290.5269000912085,4792.978764784011
1791143375,250,,Aggregated,122.100000,0.000000,25,34,44,54,410,1000,1600,1900,2600,3100,3300,63379,0,25,144.15702501939882,3.5380000481382012,3290.5269000912085,4793.0217737736475
1791143376,250,,Aggregated,122.000000,0.000000,25,34,44,54,410,1000,1600,1800,2600,3100,3300,63507,0,25,143.9071521250413,3.5380000481382012,3290.5269000912085,4792.890090856126
1791143377,250,,Aggregated,122.700000,0.000000,25,34,43,54,410,1000,1600,1800,2600,3100,3300,63628,0,25,143.66964580852783,3.5380000481382012,3290.5269000912085,4793.146256365122
1791143378,250,,Aggregated,123.900000,0.000000,25,34,43,54,410,1000,1500,1800,2600,3100,3300,63759,0,25,143.43011152942842,3.5380000481382012,3290.5269000912085,4793.81745322229
1791143379,250,,Aggregated,123.400000,0.000000,25,33,43,54,400,1000,1500,1800,2600,3100,3300,63884,0,25,143.1861371987569,3.5380000481382012,3290.5269000912085,4794.113815665894
1791143380,250,,Aggregated,123.000000,0.000000,25,33,43,54,400,1000,1500,1800,2600,3100,3300,63993,0,25,143.01295826271289,3.5380000481382012,3290.5269000912085,4794.134780366602
1791143381,250,,Aggregated,125.900000,0.000000,25,33,43,54,400,1000,1500,1800,2600,3100,3300,64077,0,25,143.02752078601378,3.5380000481382012,3290.5269000912085,4794.119122305976
1791143382,250,,Aggregated,124.700000,0.000000,25,34,44,54,410,1000,1500,1800,2600,3100,3300,64232,0,25,143.46162870226718,3.5380000481382012,3290.5269000912085,4794.7008033379
1791143383,250,,Aggregated,122.100000,0.000000,25,34,43,54,410,1000,1500,1800,2600,3100,3300,64342,0,25,143.26162680681023,3.5380000481382012,3290.5269000912085,4794.714882969134
1791143384,250,,Aggregated,119.900000,0.000000,25,34,43,54,410,1000,1500,1800,2600,3100,3300,64445,0,25,143.10847394526567,3.5380000481382012,3290.5269000912085,4794.643509969742
1791143385,250,,Aggregated,121.100000,0.000000,25,34,44,54,410,1000,1500,1800,2600,3100,3300,64545,0,25,143.28654851503939,3.5380000481382012,3290.5269000912085,4794.504733131924
1791143386,250,,Aggregated,119.500000,0.000000,25,34,44,54,410,1000,1500,1800,2600,3100,3300,64678,0,25,143.6154023949932,3.5380000481382012,3290.5269000912085,4793.948869785708
1791143387,250,,Aggregated,115.900000,0.000000,25,34,44,54,410,1000,1500,1800,2600,3100,3300,64807,0,25,143.5189525206093,3.5380000481382012,3290.5269000912085,4793.570802536763
1791143388,250,,Aggregated,117.000000,0.000000,25,34,44,54,410,1000,1500,1800,2600,3100,3300,64930,0,25,143.29997613125454,3.5380000481382012,3290.5269000912085,4793.477930078546
1791143389,250,,Aggregated,118.400000,0.000000,25,34,44,54,410,1000,1500,1800,2600,3100,3300,65055,0,25,143.08477788182813,3.5380000481382012,3290.5269000912085,4793.371746983322
1791143390,250,,Aggregated,116.900000,0.000000,25,34,44,54,410,1000,1500,1800,2600,3100,3300,65176,0,25,142.8979479624736,3.5380000481382012,3290.5269000912085,4793.670707008715
1791143391,250,,Aggregated,115.000000,0.000000,25,34,44,54,400,1000,1500,1800,2600,3100,3300,65303,0,25,142.7014113257025,3.5380000481382012,3290.5269000912085,4793.792781342358
1791143392,250,,Aggregated,117.000000,0.000000,25,34,44,54,400,1000,1500,1800,2600,3100,3300,65422,0,25,142.48172607536742,3.5380000481382012,3290.5269000912085,4793.4095258475745
1791143393,250,,Aggregated,118.100000,0.000000,25,34,44,54,400,1000,1500,1800,2600,3100,3300,65516,0,25,142.38466790406508,3.5380000481382012,3290.5269000912085,4793.413730997008
1791143394,250,,Aggregated,120.800000,0.000000,25,34,44,54,400,1000,1500,1800,2600,3100,3300,65594,0,25,143.0307182334129,3.5380000481382012,3290.5269000912085,4792.917111321158
1791143395,250,,Aggregated,116.800000,0.000000,25,34,44,55,420,1000,1500,1800,2600,3100,3300,65737,0,25,144.22597584469037,3.5380000481382012,3290.5269000912085,4792.924091455345
1791143396,250,,Aggregated,114.500000,0.000000,25,34,44,55,420,1000,1500,1800,2600,3100,3300,65814,0,25,144.29339644760762,3.5380000481382012,3290.5269000912085,4793.26796730179
1791143397,250,,Aggregated,115.800000,0.000000,25,34,44,55,420,1000,1500,1800,2600,3100,3300,65889,0,25,144.3745681965644,3.5380000481382012,3290.5269000912085,4793.242878173898
1791143398,250,,Aggregated,114.600000,0.000000,25,34,44,55,430,1000,1600,1900,2600,3100,3300,66029,0,25,145.9242414894006,3.5380000481382012,3290.5269000912085,4793.6808069181725
1791143399,250,,Aggregated,108.800000,0.000000,25,34,44,56,430,1000,1600,1900,2600,3100,3300,66116,0,25,146.49422112807062,3.5380000481382012,3290.5269000912085,4793.9576350656425
1791143400,250,,Aggregated,105.600000,0.000000,25,34,45,56,440,1000,1600,1900,2600,3100,3300,66231,0,25,146.8686021184072,3.5380000481382012,3290.5269000912085,4794.003351904697
1791143402,250,,Aggregated,102.700000,0.000000,25,34,45,56,440,1000,1600,1900,2600,3100,3300,66289,0,25,146.8963468298677,3.5380000481382012,3290.5269000912085,4794.08957745629
1791143403,250,,Aggregated,102.700000,0.000000,25,34,45,57,440,1000,1600,1900,2600,3100,3300,66376,0,25,147.8459691365039,3.5380000481382012,3290.5269000912085,4793.9881282391225
1791143404,250,,Aggregated,94.800000,0.000000,25,34,45,57,450,1000,1600,1900,2600,3100,3300,66494,0,25,149.47817086962058,3.5380000481382012,3290.5269000912085,4794.463590699913
1791143405,250,,Aggregated,92.900000,0.000000,25,34,45,57,450,1000,1600,1900,2600,3100,3300,66564,0,25,149.64571369364745,3.5380000481382012,3290.5269000912085,4794.654482903672
1791143406,250,,Aggregated,96.400000,0.000000,25,34,45,57,460,1100,1600,1900,2600,3100,3300,66627,0,25,151.0413491393086,3.5380000481382012,3290.5269000912085,4794.961967370586
1791143407,250,,Aggregated,92.400000,0.000000,25,35,45,58,460,1100,1600,1900,2600,3100,3300,66664,0,25,151.6693065853349,3.5380000481382012,3290.5269000912085,4794.968318732749
1791143408,250,,Aggregated,87.400000,0.000000,25,35,45,58,470,1100,1600,1900,2600,3100,3300,66741,0,25,153.60205835999014,3.5380000481382012,3290.5269000912085,4795.378627829969
1791143409,250,,Aggregated,83.200000,0.000000,25,35,46,58,490,1100,1700,1900,2700,3400,3600,66866,0,25,156.66381723453262,3.5380000481382012,3600.3874000161886,4795.0434899650045
1791143410,250,,Aggregated,81.800000,0.000000,25,35,46,59,490,1100,1700,1900,2700,3400,3600,66936,0,25,157.047118283198,3.5380000481382012,3600.3874000161886,4795.442811043385
1791143411,250,,Aggregated,78.200000,0.000000,25,35,46,59,500,1100,1700,2000,2700,3500,3700,67029,0,25,158.10568601357528,3.5380000481382012,3745.350699988194,4795.487415894613
1791143412,250,,Aggregated,80.100000,0.000000,25,35,46,59,500,1100,1700,2000,2700,3500,3700,67098,0,25,158.9926941906309,3.5380000481382012,3745.350699988194,4795.402351783958
1791143413,250,,Aggregated,77.200000,0.000000,25,35,46,60,510,1100,1700,2000,2700,3500,3700,67194,0,25,159.95959601456164,3.5380000481382012,3745.350699988194,4795.613105336786
1791143414,250,,Aggregated,78.000000,0.000000,25,35,46,60,520,1100,1700,2000,2700,3500,3700,67308,0,25,161.35976530284503,3.5380000481382012,3745.350699988194,4796.085710465323
1791143415,250,,Aggregated,79.200000,0.000000,25,35,46,60,520,1100,1700,2000,2700,3500,3700,67355,0,25,161.37842608869167,3.5380000481382012,3745.350699988194,4795.966876995027
1791143416,250,,Aggregated,79.100000,0.000000,25,35,46,61,530,1100,1700,2000,2700,3500,3700,67448,0,25,162.47094735209117,3.5380000481382012,3745.350699988194,4796.102034159649
1791143417,250,,Aggregated,78.200000,0.000000,25,35,47,61,540,1100,1700,2000,2700,3500,3700,67544,0,25,164.13529213259443,3.5380000481382012,3745.350699988194,4795.767662560701
1791143418,250,,Aggregated,78.600000,0.000000,25,35,47,62,540,1200,1700,2000,2700,3500,3700,67633,0,25,165.02506828182047,3.5380000481382012,3745.350699988194,4795.473807165141
1791143419,250,,Aggregated,86.900000,0.000000,25,35,47,62,550,1200,1700,2000,2700,3500,3700,67736,0,25,165.96881158917378,3.5380000481382012,3745.350699988194,4795.836881421991
1791143420,250,,Aggregated,86.800000,0.000000,25,35,47,62,550,1200,1700,2000,2700,3500,3700,67796,0,25,166.15487106767523,3.5380000481382012,3745.350699988194,4795.828455956103
1791143421,250,,Aggregated,91.000000,0.000000,25,36,47,63,560,1200,1700,2000,2700,3500,3700,67924,0,25,167.97181457222482,3.5380000481382012,3745.350699988194,4796.105794711737
1791143422,250,,Aggregated,84.800000,0.000000,25,36,47,63,570,1200,1700,2000,2700,3500,3700,67993,0,25,168.25134160140067,3.5380000481382012,3745.350699988194,4796.370126336535
1791143423,250,,Aggregated,85.600000,0.000000,25,36,48,64,580,1200,1700,2000,2700,3500,3700,68139,0,25,169.7566233347187,3.5380000481382012,3745.350699988194,4796.132537900468
1791143424,250,,Aggregated,90.400000,0.000000,25,36,48,65,580,1200,1700,2000,2700,3500,3700,68217,0,25,170.1260840231067,3.5380000481382012,3745.350699988194,4796.083190407083
1791143425,250,,Aggregated,86.300000,0.000000,25,36,48,65,580,1200,1700,2000,2700,3500,3700,68348,0,25,170.4342788816624,3.5380000481382012,3745.350699988194,4796.234520395622
1791143426,250,,Aggregated,87.500000,0.000000,25,36,48,65,580,1200,1700,2000,2700,3500,3700,68465,0,25,170.22951628866286,3.5380000481382012,3745.350699988194,4796.189673555831
1791143427,250,,Aggregated,96.200000,0.000000,26,36,48,65,580,1200,1700,2000,2700,3500,3700,68601,0,26,170.29757177014784,3.5380000481382012,3745.350699988194,4796.1359455401525
1791143428,250,,Aggregated,98.900000,0.000000,26,36,48,65,580,1200,1700,2000,2700,3500,3700,68709,0,26,170.07260239711786,3.5380000481382012,3745.350699988194,4796.043880714317
1791143429,250,,Aggregated,97.100000,0.000000,25,36,48,65,580,1200,1700,2000,2700,3500,3700,68829,0,25,169.82222991476527,3.5380000481382012,3745.350699988194,4796.433058739775
1791143430,250,,Aggregated,105.500000,0.000000,25,36,48,64,580,1200,1700,2000,2700,3500,3700,68957,0,25,169.55265203392827,3.5380000481382012,3745.350699988194,4796.536624273098
1791143431,250,,Aggregated,103.300000,0.000000,25,36,48,64,580,1200,1700,2000,2700,3500,3700,69080,0,25,169.31749358285288,3.5380000481382012,3745.350699988194,4796.182686740011
1791143434,250,,Aggregated,115.100000,0.000000,25,36,48,64,570,1200,1700,2000,2700,3500,3700,69211,0,25,169.14179225996193,3.5380000481382012,3745.350699988194,4796.217855543194
