Timestamp,User Count,Type,Name,Requests/s,Failures/s,50%,66%,75%,80%,90%,95%,98%,99%,99.9%,99.99%,100%,Total Request Count,Total Failure Count,Total Median Response Time,Total Average Response Time,Total Min Response Time,Total Max Response Time,Total Average Content Size
1791145043,0,,Aggregated,0.000000,0.000000,N/A,N/A,N/A,N/A,N/A,N/A,N/A,N/A,N/A,N/A,N/A,0,0,0,0.0,0,0,0
1791145044,25,,Aggregated,0.000000,0.000000,710,810,820,930,970,970,970,970,970,970,970,17,0,710,514.5909882369725,19.87580000422895,970.9376000100747,5317.882352941177
1791145045,75,,Aggregated,0.000000,0.000000,370,790,900,920,930,970,970,970,970,970,970,33,0,370,487.2043939469608,19.87580000422895,970.9376000100747,5415.575757575758
1791145046,100,,Aggregated,4.000000,0.000000,440,920,970,1800,2700,2900,2900,3000,3000,3000,3000,77,0,440,930.250068828645,19.87580000422895,2952.109199948609,5388.649350649351
1791145047,125,,Aggregated,12.500000,0.000000,710,1100,2000,2400,2600,2700,2900,2900,3000,3000,3000,128,0,690,1070.6996054686897,19.87580000422895,2952.109199948609,5413.28125
1791145048,150,,Aggregated,18.333333,0.000000,750,1000,1800,2200,2600,2800,2900,3000,3100,3100,3100,216,0,740,1070.6229439820163,19.87580000422895,3123.7475000089034,5281.842592592592
1791145049,175,,Aggregated,27.500000,0.000000,540,900,1200,2000,2500,2700,2900,3000,3200,3200,3200,335,0,540,911.4886749247368,19.87580000422895,3225.609799963422,5296.973134328358
1791145050,200,,Aggregated,33.400000,0.000000,440,810,1100,1400,2400,2600,2900,3000,3200,3200,3200,398,0,440,823.5527193460417,7.117000059224665,3225.609799963422,5289.399497487437
1791145051,225,,Aggregated,52.166667,0.000000,540,920,1300,1700,2300,2600,2900,3000,3200,3200,3200,475,0,540,870.3562917898556,7.117000059224665,3225.609799963422,5218.324210526316
1791145052,250,,Aggregated,54.571429,0.000000,560,940,1300,1700,2100,2500,2800,2900,3200,3200,3200,649,0,560,857.0584090905858,7.117000059224665,3225.609799963422,5153.503852080124
1791145053,275,,Aggregated,51.500000,0.000000,570,920,1200,1600,2000,2500,2700,2900,3200,3200,3200,733,0,570,836.8610170524374,7.117000059224665,3225.609799963422,5122.93724420191
1791145054,300,,Aggregated,61.333333,0.000000,580,860,1100,1400,1900,2400,2700,2900,3200,3200,3200,873,0,580,800.6725946157522,7.117000059224665,3225.609799963422,5050.544100801832
1791145055,325,,Aggregated,68.500000,0.000000,530,820,1100,1300,1800,2300,2600,2900,3100,3200,3200,1045,0,530,763.462273205929,7.117000059224665,3225.609799963422,5067.999043062201
1791145056,350,,Aggregated,77.800000,0.000000,500,810,1100,1300,1800,2200,2600,2900,3100,3200,3200,1189,0,500,740.9296672000323,7.117000059224665,3225.609799963422,5074.921783010934
1791145057,375,,Aggregated,90.900000,0.000000,530,860,1100,1300,1800,2200,2600,2800,3100,3200,3200,1258,0,530,753.7945305259709,7.117000059224665,3225.609799963422,5061.910174880763
1791145059,400,,Aggregated,109.000000,0.000000,600,930,1200,1500,1900,2200,2500,2700,3100,3200,3200,1479,0,600,820.6021885071649,7.117000059224665,3225.609799963422,5067.2150101419875
1791145060,425,,Aggregated,114.000000,0.000000,630,1000,1300,1500,1900,2200,2500,2700,3100,3200,3200,1640,0,630,849.1505975616392,7.117000059224665,3225.609799963422,5064.543902439024
1791145061,450,,Aggregated,112.500000,0.000000,630,990,1300,1500,1900,2200,2500,2700,3100,3200,3200,1685,0,630,840.786987062867,7.117000059224665,3225.609799963422,5063.508605341246
1791145062,475,,Aggregated,125.300000,0.000000,710,1200,1500,1700,2100,2400,2600,2900,3400,3500,3500,1861,0,710,940.3313260085952,7.117000059224665,3535.948899923824,5058.914024717894
1791145063,500,,Aggregated,126.900000,0.000000,770,1300,1600,1800,2200,2400,2600,2900,3500,3600,3600,2068,0,770,995.2011369931538,7.117000059224665,3558.0675998935476,5050.982591876209
1791145064,525,,Aggregated,126.200000,0.000000,820,1400,1700,1800,2300,2600,2800,3000,3500,3600,3600,2260,0,810,1053.0067862399371,7.117000059224665,3558.0675998935476,5056.839380530973
1791145065,550,,Aggregated,131.200000,0.000000,830,1400,1700,1800,2300,2600,2800,3100,3900,4100,4100,2414,0,830,1064.6782710448226,7.117000059224665,4144.227499957196,5044.791632145816
1791145066,575,,Aggregated,137.500000,0.000000,820,1400,1700,1800,2300,2600,2800,3000,3900,4100,4100,2529,0,820,1063.6846496248172,7.117000059224665,4144.227499957196,5035.805852115461
1791145067,600,,Aggregated,141.300000,0.000000,900,1500,1800,1900,2300,2600,2900,3100,3900,4100,4100,2765,0,900,1114.21650390635,7.117000059224665,4144.227499957196,5024.789150090416
1791145068,625,,Aggregated,136.400000,0.000000,960,1500,1800,2000,2400,2700,3000,3200,3600,4100,4100,3025,0,960,1156.6797055212073,7.117000059224665,4144.227499957196,4984.5335537190085
1791145069,650,,Aggregated,143.700000,0.000000,970,1500,1800,2000,2400,2700,3100,3200,4100,4400,4400,3217,0,970,1166.3206044770445,7.117000059224665,4431.291799992323,4985.580976064656
1791145070,675,,Aggregated,153.100000,0.000000,930,1500,1800,2000,2400,2700,3000,3200,4100,4400,4400,3393,0,930,1148.4150255242425,7.117000059224665,4431.291799992323,4987.012673150604
1791145071,700,,Aggregated,163.300000,0.000000,950,1600,1900,2000,2400,2700,3000,3200,4100,4400,4400,3603,0,950,1172.6339309197604,7.117000059224665,4431.291799992323,4979.029419927838
1791145072,725,,Aggregated,164.600000,0.000000,990,1600,1900,2000,2400,2800,3200,3400,4100,4400,4400,3913,0,990,1193.6044690272442,7.117000059224665,4431.291799992323,4985.641707130079
1791145073,750,,Aggregated,174.600000,0.000000,980,1600,1900,2000,2400,2700,3100,3400,4100,5500,5500,4228,0,980,1195.4707996696172,7.117000059224665,5451.865499955602,4990.680463576159
1791145074,775,,Aggregated,186.500000,0.000000,950,1600,1900,2000,2400,2700,3200,3400,4200,5500,5500,4408,0,950,1192.1219673326918,7.117000059224665,5451.865499955602,4976.61274954628
1791145075,800,,Aggregated,199.200000,0.000000,930,1600,1900,2000,2400,2700,3100,3400,4200,5500,5500,4539,0,930,1193.5643276059045,7.117000059224665,5451.865499955602,4976.60652126019
1791145077,825,,Aggregated,206.100000,0.000000,980,1600,1900,2100,2400,2700,3100,3400,4200,5500,5500,4710,0,980,1209.6142058817852,7.117000059224665,5451.865499955602,4970.392569002123
1791145078,850,,Aggregated,208.700000,0.000000,1100,1700,2000,2100,2500,2800,3200,3400,4600,5500,5500,4969,0,1100,1267.4371585436202,7.117000059224665,5451.865499955602,4971.928557053733
1791145079,875,,Aggregated,207.100000,0.000000,1200,1800,2100,2200,2600,3000,3300,3500,4600,5500,5500,5334,0,1200,1345.4368265848893,7.117000059224665,5451.865499955602,4958.967379077615
1791145080,900,,Aggregated,209.900000,0.000000,1200,1800,2100,2300,2600,3000,3400,3700,4700,5500,5500,5576,0,1200,1366.07512040974,7.117000059224665,5451.865499955602,4949.194404591105
1791145081,925,,Aggregated,219.000000,0.000000,1300,1800,2100,2300,2600,3000,3400,3700,4800,5500,5500,5851,0,1300,1381.424223723149,7.117000059224665,5451.865499955602,4948.242522645702
1791145082,950,,Aggregated,218.100000,0.000000,1300,1800,2100,2200,2600,3000,3400,3700,4700,5500,5500,6127,0,1300,1380.8650184434207,7.117000059224665,5451.865499955602,4944.322670148523
1791145084,975,,Aggregated,226.300000,0.000000,1300,1800,2100,2300,2600,3000,3400,3700,4700,5500,5500,6503,0,1300,1400.310521759448,7.117000059224665,5451.865499955602,4939.54482546517
1791145085,1000,,Aggregated,0.000000,0.000000,1600,2000,2400,2600,3100,3300,4000,4300,4600,4600,4600,371,0,1600,1886.472126417241,614.6541000343859,4591.364499996416,4898.091644204852
1791145086,1000,,Aggregated,0.000000,0.000000,1400,1500,1700,2000,2600,3100,3400,4000,4600,4600,4600,810,0,1400,1539.169451728877,328.5025000805035,4591.364499996416,4913.866666666667
1791145087,1000,,Aggregated,234.000000,0.000000,1300,1500,1600,1700,2300,2900,3200,4000,4400,4600,4600,1181,0,1300,1408.2777084662264,328.5025000805035,4591.364499996416,4853.771380186283
1791145089,1000,,Aggregated,308.000000,0.000000,1200,1400,1500,1600,2200,2700,3200,3600,4400,4600,4600,1514,0,1200,1294.7315891017884,256.7427000030875,4591.364499996416,4794.825627476883
1791145090,1000,,Aggregated,331.000000,0.000000,1200,1400,1500,1700,2200,2600,3100,3400,4400,4600,4600,1770,0,1200,1294.4222807346207,256.7427000030875,4591.364499996416,4777.135028248587
1791145091,1000,,Aggregated,302.800000,0.000000,1200,1500,1700,1900,2300,2600,3200,3400,4400,4600,4600,2068,0,1200,1340.830727321266,139.33280005585402,4591.364499996416,4778.867021276596
1791145092,1000,,Aggregated,273.666667,0.000000,1300,1600,1900,2100,2500,2800,3200,3400,4400,4800,4800,2343,0,1300,1430.4038692701797,139.33280005585402,4813.444100087509,4795.376013657704
1791145093,1000,,Aggregated,270.285714,0.000000,1300,1700,2000,2200,2700,3100,3400,3600,4700,4800,4800,2724,0,1300,1516.851562187544,139.33280005585402,4813.444100087509,4818.4016152716595
1791145095,1000,,Aggregated,260.333333,0.000000,1400,1700,2000,2200,2700,3100,3400,4000,4800,5200,5200,3000,0,1400,1529.1036799994374,139.33280005585402,5156.775300041772,4835.208
1791145096,1000,,Aggregated,273.500000,0.000000,1400,1800,2100,2200,2700,3100,3400,3900,4800,5200,5200,3384,0,1400,1549.1878344257964,139.33280005585402,5156.775300041772,4819.271572104019
1791145097,1000,,Aggregated,273.700000,0.000000,1300,1700,2000,2100,2600,3100,3400,3800,4800,5200,5200,3793,0,1300,1510.3206521474933,139.33280005585402,5156.775300041772,4821.037173741102
1791145098,1000,,Aggregated,260.300000,0.000000,1300,1700,1900,2100,2600,3000,3300,3600,4800,5200,5200,4177,0,1300,1469.8981590124372,139.33280005585402,5156.775300041772,4833.072779506823
1791145099,1000,,Aggregated,255.800000,0.000000,1300,1600,1900,2100,2600,3000,3300,3600,4800,5200,5200,4434,0,1300,1428.401997698854,139.33280005585402,5156.775300041772,4832.687189896256
1791145101,1000,,Aggregated,266.300000,0.000000,1300,1600,1900,2000,2500,3000,3300,3600,4800,5200,5200,4697,0,1300,1413.733202767175,139.33280005585402,5156.775300041772,4830.707047051309
1791145102,1000,,Aggregated,280.600000,0.000000,1300,1600,1900,2100,2500,3000,3300,3600,4800,5200,5200,4897,0,1300,1417.924555196317,139.33280005585402,5156.775300041772,4826.663467429038
1791145103,1000,,Aggregated,278.300000,0.000000,1300,1700,1900,2100,2600,3000,3300,3600,4800,5200,5200,5150,0,1300,1452.4008506399498,139.33280005585402,5156.775300041772,4827.069514563107
1791145104,1000,,Aggregated,270.800000,0.000000,1400,1800,2000,2200,2700,3100,3400,4100,5100,6200,6200,5485,0,1400,1508.2544511748451,67.15499993879348,6172.423299984075,4814.1403828623515
1791145105,1000,,Aggregated,270.700000,0.000000,1400,1800,2000,2200,2700,3100,3500,4400,6500,6700,6700,5864,0,1400,1516.8705577242245,67.15499993879348,6745.2028000261635,4810.846521145975
1791145106,1000,,Aggregated,263.600000,0.000000,1400,1800,2000,2200,2700,3100,3600,4600,6600,8300,8300,6215,0,1400,1506.4631411091907,67.15499993879348,8277.763199992478,4818.251166532583
1791145107,1000,,Aggregated,275.500000,0.000000,1300,1700,2000,2200,2700,3100,3600,4600,6700,8300,8300,6507,0,1300,1486.260170569172,67.15499993879348,8277.763199992478,4818.470109113263
1791145108,1000,,Aggregated,284.400000,0.000000,1300,1700,2000,2100,2700,3100,3600,4600,6700,8300,8300,6796,0,1300,1478.372714904637,67.15499993879348,8277.763199992478,4815.320629782224
1791145109,1000,,Aggregated,287.900000,0.000000,1300,1700,2000,2200,2700,3100,3500,4600,6600,8300,8300,7129,0,1300,1477.575371341004,67.15499993879348,8277.763199992478,4812.944732781596
1791145110,1000,,Aggregated,269.500000,0.000000,1300,1700,2000,2200,2600,3100,3500,4500,6600,8300,8300,7441,0,1300,1474.4215469816022,67.15499993879348,8277.763199992478,4811.87474801774
1791145112,1000,,Aggregated,270.900000,0.000000,1300,1700,2000,2100,2600,3100,3600,4500,6600,8300,8300,7760,0,1300,1470.9357199474935,67.15499993879348,8277.763199992478,4816.473969072165
1791145113,1000,,Aggregated,280.500000,0.000000,1300,1700,2000,2100,2600,3100,3600,4400,6500,8300,8300,8010,0,1300,1476.3918744934933,67.15499993879348,8277.763199992478,4820.182521847691
1791145114,1000,,Aggregated,290.900000,0.000000,1400,1700,2000,2100,2600,3100,3600,4500,6500,8300,8300,8429,0,1400,1482.0308391616343,67.15499993879348,8277.763199992478,4818.618815992407
1791145115,1000,,Aggregated,289.900000,0.000000,1400,1700,1900,2100,2600,3100,3600,4500,6500,8300,8300,8789,0,1400,1476.4147247345647,67.15499993879348,8277.763199992478,4817.219706451246
1791145116,1000,,Aggregated,289.500000,0.000000,1400,1700,2000,2100,2600,3100,3600,4400,6300,8300,8300,9045,0,1400,1487.2879117625703,67.15499993879348,8277.763199992478,4819.230845771144
1791145118,1000,,Aggregated,272.600000,0.000000,1400,1700,1900,2100,2600,3100,3500,4400,6300,8300,8300,9392,0,1400,1479.5700005421993,67.15499993879348,8277.763199992478,4808.82655451448
1791145119,1000,,Aggregated,268.300000,0.000000,1400,1700,1900,2100,2600,3100,3500,4400,6300,8300,8300,9724,0,1400,1480.1795320743936,67.15499993879348,8277.763199992478,4810.435520361991
1791145120,1000,,Aggregated,273.300000,0.000000,1400,1700,1900,2100,2600,3100,3500,4400,6200,7700,8300,10045,0,1400,1487.8640136378508,67.15499993879348,8277.763199992478,4808.650074664012
1791145121,1000,,Aggregated,272.100000,0.000000,1400,1700,1900,2100,2600,3000,3500,4300,6200,7700,8300,10343,0,1400,1471.92588682118,47.86729998886585,8277.763199992478,4806.256018563279
1791145122,1000,,Aggregated,263.000000,0.000000,1400,1700,1900,2100,2500,3000,3500,4300,6200,7700,8300,10654,0,1400,1474.7753682177529,47.86729998886585,8277.763199992478,4801.157124084851
1791145124,1000,,Aggregated,266.200000,0.000000,1400,1700,1900,2100,2500,3000,3500,4300,6100,7700,8300,11076,0,1400,1475.200874719392,47.86729998886585,8277.763199992478,4802.049837486457
1791145125,1000,,Aggregated,277.200000,0.000000,1400,1700,1900,2100,2500,3000,3500,4300,6100,7700,8300,11332,0,1400,1473.4698237108464,47.86729998886585,8277.763199992478,4809.4243734557
1791145126,1000,,Aggregated,276.300000,0.000000,1400,1700,2000,2100,2500,3000,3500,4200,6100,7700,8300,11588,0,1400,1478.7420915940152,47.86729998886585,8277.763199992478,4802.850621332413
1791145127,1000,,Aggregated,266.600000,0.000000,1400,1700,2000,2100,2500,3000,3500,4200,6100,7700,8300,11949,0,1400,1481.5093258676961,47.86729998886585,8277.763199992478,4808.523893212821
1791145128,1000,,Aggregated,267.100000,0.000000,1400,1700,2000,2100,2500,3000,3500,4200,6100,7700,8300,12157,0,1400,1487.6245371055986,47.86729998886585,8277.763199992478,4808.177428641935
1791145129,1000,,Aggregated,271.700000,0.000000,1400,1700,2000,2100,2500,3000,3500,4200,6100,7700,8300,12499,0,1400,1487.2302895266166,47.86729998886585,8277.763199992478,4804.805664453156
1791145130,1000,,Aggregated,266.500000,0.000000,1400,1700,2000,2100,2500,3000,3600,4200,6100,7700,8300,12888,0,1400,1483.0635554075614,47.86729998886585,8277.763199992478,4801.699953445065
1791145132,1000,,Aggregated,279.800000,0.000000,1400,1700,2000,2100,2500,3000,3600,4300,6100,7700,8300,13292,0,1400,1478.7544959369723,47.86729998886585,8277.763199992478,4798.963812819741
1791145133,1000,,Aggregated,270.800000,0.000000,1400,1700,2000,2100,2500,3000,3600,4300,6100,7700,8300,13676,0,1400,1468.8086947860368,47.86729998886585,8277.763199992478,4797.527932143902
1791145134,1000,,Aggregated,280.800000,0.000000,1300,1700,1900,2100,2500,3000,3600,4300,6000,7700,8300,14060,0,1300,1455.2110057890548,47.86729998886585,8277.763199992478,4796.32773826458
1791145135,1000,,Aggregated,282.700000,0.000000,1300,1700,1900,2100,2500,3000,3600,4300,6000,7700,8300,14424,0,1300,1441.911978951365,47.86729998886585,8277.763199992478,4795.360232945091
1791145137,1000,,Aggregated,291.500000,0.000000,1300,1600,1900,2100,2500,3000,3500,4200,6000,7700,8300,14825,0,1300,1428.8104650383746,47.86729998886585,8277.763199992478,4798.663541315345
1791145138,1000,,Aggregated,305.400000,0.000000,1300,1600,1900,2100,2400,2900,3500,4200,5900,7700,8300,15158,0,1300,1422.888971684543,47.86729998886585,8277.763199992478,4798.504090249373
1791145139,1000,,Aggregated,305.200000,0.000000,1300,1600,1900,2000,2400,2900,3500,4200,5900,7700,8300,15362,0,1300,1413.418031043797,47.86729998886585,8277.763199992478,4798.1502408540555
1791145140,1000,,Aggregated,306.700000,0.000000,1300,1600,1900,2100,2400,2900,3500,4200,5900,7700,8300,15697,0,1300,1415.8310834551537,47.86729998886585,8277.763199992478,4797.0216601898455
1791145141,1000,,Aggregated,304.200000,0.000000,1300,1700,1900,2100,2500,2900,3500,4200,5800,7700,8300,16014,0,1300,1425.0412226674898,47.86729998886585,8277.763199992478,4796.9537279880105
1791145142,1000,,Aggregated,297.000000,0.000000,1300,1700,1900,2100,2500,2900,3500,4200,5800,7700,8300,16266,0,1300,1431.5188699186235,47.86729998886585,8277.763199992478,4799.683696053117
1791145143,1000,,Aggregated,297.600000,0.000000,1300,1700,1900,2100,2500,2900,3500,4200,5800,7700,8300,16559,0,1300,1436.4005427740994,47.86729998886585,8277.763199992478,4800.73283410834
1791145144,1000,,Aggregated,284.300000,0.000000,1300,1700,1900,2100,2500,2900,3600,4200,5800,7700,8300,16888,0,1300,1436.9249621267795,47.86729998886585,8277.763199992478,4800.806489815253
1791145146,1000,,Aggregated,278.100000,0.000000,1300,1700,1900,2100,2500,2900,3600,4300,5900,7700,8300,17207,0,1300,1436.981149287944,47.86729998886585,8277.763199992478,4804.363747312141
1791145147,1000,,Aggregated,273.900000,0.000000,1300,1700,1900,2100,2500,2900,3600,4300,6000,7700,8300,17506,0,1300,1438.3244519877621,47.86729998886585,8277.763199992478,4803.704044327659
1791145148,1000,,Aggregated,269.300000,0.000000,1300,1700,1900,2100,2500,2900,3600,4400,6000,7700,8300,17861,0,1300,1436.6603577626051,47.86729998886585,8277.763199992478,4804.166060131011
1791145149,1000,,Aggregated,267.000000,0.000000,1300,1700,1900,2100,2500,2900,3600,4400,6000,7700,8300,18199,0,1300,1430.9062082475955,47.86729998886585,8277.763199992478,4806.382713335897
1791145150,1000,,Aggregated,274.300000,0.000000,1300,1600,1900,2100,2500,2900,3600,4300,6000,7700,8300,18533,0,1300,1425.9789509252932,47.86729998886585,8277.763199992478,4802.420601089948
1791145151,1000,,Aggregated,283.500000,0.000000,1300,1600,1900,2100,2500,2900,3600,4300,6000,8300,8300,18922,0,1300,1423.0025905082841,47.86729998886585,8277.763199992478,4805.708751717578
1791145152,1000,,Aggregated,287.600000,0.000000,1300,1600,1900,2100,2500,2900,3600,4300,6000,8300,8300,19280,0,1300,1416.6751271938874,47.86729998886585,8277.763199992478,4803.646006224067
1791145153,1000,,Aggregated,294.400000,0.000000,1300,1600,1900,2100,2500,2900,3600,4300,6000,8300,8300,19600,0,1300,1410.941050933509,47.86729998886585,8277.763199992478,4804.304489795918
1791145155,1000,,Aggregated,307.900000,0.000000,1300,1600,1900,2100,2500,2900,3600,4300,6000,8300,8300,19920,0,1300,1414.3362313753319,47.86729998886585,8277.763199992478,4806.387751004016
1791145156,1000,,Aggregated,304.900000,0.000000,1300,1600,1900,2100,2500,2900,3600,4300,6000,7700,8300,20357,0,1300,1414.8256848060964,47.86729998886585,8277.763199992478,4804.340619934175
1791145157,1000,,Aggregated,289.100000,0.000000,1300,1600,1900,2000,2500,2900,3600,4300,6000,7700,8300,20742,0,1300,1406.491341567676,47.86729998886585,8277.763199992478,4802.148876675345
1791145158,1000,,Aggregated,294.300000,0.000000,1300,1600,1900,2000,2400,2900,3500,4200,6000,7700,8300,20991,0,1300,1398.546085274469,47.86729998886585,8277.763199992478,4804.173026535182
1791145160,1000,,Aggregated,311.900000,0.000000,1300,1600,1900,2000,2400,2900,3500,4200,6000,7700,8300,21151,0,1300,1399.75237685672,47.86729998886585,8277.763199992478,4805.550186752399
1791145161,1000,,Aggregated,288.700000,0.000000,1300,1600,1900,2100,2500,2900,3500,4200,6000,7700,8300,21483,0,1300,1408.003134994954,47.86729998886585,8277.763199992478,4804.600660987758
1791145162,1000,,Aggregated,269.600000,0.000000,1300,1600,1900,2100,2500,2900,3500,4200,6000,7700,8300,21769,0,1300,1415.4770065550133,47.86729998886585,8277.763199992478,4806.483531627544
1791145163,1000,,Aggregated,258.200000,0.000000,1300,1700,1900,2100,2500,2900,3600,4300,6000,7700,8300,22123,0,1300,1425.8731852458982,47.86729998886585,8277.763199992478,4805.780545134024
1791145164,1000,,Aggregated,257.200000,0.000000,1300,1700,1900,2100,2500,2900,3600,4300,6000,7700,8300,22501,0,1300,1428.120293746705,47.86729998886585,8277.763199992478,4805.908626283276
1791145165,1000,,Aggregated,257.000000,0.000000,1300,1700,1900,2100,2500,2900,3600,4300,6000,7700,8300,22831,0,1300,1425.138217550481,47.86729998886585,8277.763199992478,4804.157855547282
1791145167,1000,,Aggregated,283.500000,0.000000,1300,1700,1900,2100,2500,2900,3600,4300,6000,7700,8300,23029,0,1300,1427.851945594443,47.86729998886585,8277.763199992478,4805.765860436841
1791145169,1000,,Aggregated,235.600000,0.000000,1300,1700,1900,2100,2500,2900,3700,4300,6000,7700,8300,23215,0,1300,1439.1222162478764,47.86729998886585,8277.763199992478,4804.446780099074
1791145171,1000,,Aggregated,213.400000,0.000000,1300,1700,2000,2100,2600,3000,3900,4400,6000,7700,8300,23420,0,1300,1460.1973521047935,47.86729998886585,8277.763199992478,4805.1447053800175
1791145172,1000,,Aggregated,213.700000,0.000000,1300,1700,2000,2200,2600,3200,4200,4700,6000,7700,8300,23854,0,1300,1495.1970780034696,47.86729998886585,8277.763199992478,4804.548377630586
1791145173,1000,,Aggregated,199.400000,0.000000,1300,1700,2000,2200,2700,3400,4400,4700,6200,7700,8300,24193,1,1300,1514.6705521553383,21.3277000002563,8277.763199992478,4803.902037779523
1791145174,1000,,Aggregated,201.500000,0.000000,1300,1700,2000,2200,2700,3400,4400,4700,6400,7700,8300,24563,5,1300,1518.2106137846524,21.3277000002563,8277.763199992478,4804.293490208851
1791145175,1000,,Aggregated,211.700000,0.100000,1300,1700,2000,2200,2700,3400,4400,4700,6400,7700,8300,24874,5,1300,1511.6223727905794,21.3277000002563,8277.763199992478,4804.1947414971455
1791145177,1000,,Aggregated,198.400000,0.500000,1300,1700,2000,2200,2700,3400,4400,4700,6400,7700,8300,25278,5,1300,1507.2336713542409,21.3277000002563,8277.763199992478,4802.554869847298
1791145178,1000,,Aggregated,204.300000,0.500000,1300,1700,2000,2200,2700,3300,4400,4700,6400,7700,8300,25702,5,1300,1501.70561869081,21.3277000002563,8277.763199992478,4801.903081472259
1791145179,1000,,Aggregated,226.400000,0.500000,1300,1700,2000,2200,2700,3300,4400,4700,6400,7700,8300,26075,5,1300,1492.2912867188352,21.3277000002563,8277.763199992478,4802.940364333653
1791145180,1000,,Aggregated,255.500000,0.500000,1300,1700,2000,2100,2700,3300,4300,4700,6400,7700,8300,26312,5,1300,1487.986009850746,21.3277000002563,8277.763199992478,4802.253762541806
1791145182,1000,,Aggregated,283.800000,0.500000,1300,1700,2000,2100,2700,3300,4300,4700,6400,7700,8300,26529,5,1300,1488.3028486823332,21.3277000002563,8277.763199992478,4803.313769836783
1791145183,1000,,Aggregated,295.500000,0.500000,1300,1700,2000,2200,2700,3300,4300,4700,6400,7700,8300,26980,5,1300,1497.5682713971169,21.3277000002563,8277.763199992478,4800.280355819125
1791145184,1000,,Aggregated,277.700000,0.500000,1300,1700,2000,2200,2700,3300,4300,4700,6400,7700,8300,27242,5,1300,1499.116559999023,21.3277000002563,8277.763199992478,4799.019418544894
1791145186,1000,,Aggregated,276.400000,0.200000,1300,1700,2000,2200,2700,3300,4300,4700,6400,7700,8300,27466,5,1300,1504.2462557158826,21.3277000002563,8277.763199992478,4797.364851088619
1791145187,1000,,Aggregated,265.900000,0.000000,1300,1700,2000,2200,2700,3300,4300,4700,6400,7700,8300,27703,5,1300,1514.8719563438067,21.3277000002563,8277.763199992478,4794.29108760784
1791145189,1000,,Aggregated,229.700000,0.000000,1300,1700,2000,2200,2700,3400,4400,4700,6400,7700,8300,27965,5,1300,1526.6480623562722,21.3277000002563,8277.763199992478,4794.593777936707
1791145191,1000,,Aggregated,204.400000,0.000000,1300,1800,2100,2200,2800,3500,4500,4800,6500,8300,8900,28147,11,1300,1543.4158127222383,21.3277000002563,8943.58129997272,4792.819909759477
1791145192,1000,,Aggregated,188.900000,0.000000,1300,1800,2100,2300,2900,3600,4700,5200,7000,10000,11000,28409,32,1300,1572.8823116333806,21.3277000002563,11336.468399967998,4790.0182336583475
1791145194,1000,,Aggregated,169.400000,2.700000,1400,1800,2100,2300,2900,3700,4700,5400,7600,10000,11000,28836,34,1400,1602.357807750511,21.3277000002563,11336.468399967998,4793.08253571924
1791145195,1000,,Aggregated,164.300000,2.700000,1400,1800,2100,2300,3000,3700,4700,5400,7700,10000,11000,29064,37,1400,1611.2434402179595,21.3277000002563,11336.468399967998,4792.922171758877
1791145196,1000,,Aggregated,162.500000,2.900000,1400,1800,2100,2300,3000,3700,4800,5400,7800,11000,11000,29360,42,1400,1616.5729369650314,21.3277000002563,11336.468399967998,4793.789816076294
1791145197,1000,,Aggregated,171.000000,3.100000,1400,1800,2100,2300,3000,3700,4800,5400,7800,11000,11000,29638,45,1400,1614.6749279537473,21.3277000002563,11336.468399967998,4794.83352452932
1791145198,1000,,Aggregated,180.900000,3.500000,1400,1800,2100,2300,3000,3700,4800,5400,7800,11000,11000,29871,45,1400,1615.2959311805196,21.3277000002563,11336.468399967998,4793.660205550534
1791145199,1000,,Aggregated,192.500000,4.000000,1400,1800,2100,2300,3000,3700,4700,5400,7700,10000,11000,30122,45,1400,1620.5631729763381,21.3277000002563,11336.468399967998,4794.585020914946
1791145200,1000,,Aggregated,193.500000,4.000000,1400,1800,2100,2300,3000,3700,4700,5400,7700,10000,11000,30442,45,1400,1624.376263464779,21.3277000002563,11336.468399967998,4795.159844951055
1791145201,1000,,Aggregated,201.100000,4.000000,1400,1800,2100,2300,3000,3700,4700,5400,7700,10000,11000,30734,45,1400,1624.826512611285,21.3277000002563,11336.468399967998,4793.740027331294
1791145202,1000,,Aggregated,218.700000,4.000000,1400,1800,2100,2300,3000,3700,4700,5400,7700,10000,11000,31016,45,1400,1625.982725248027,21.3277000002563,11336.468399967998,4792.331151663658
1791145204,1000,,Aggregated,258.600000,1.300000,1400,1800,2100,2300,3000,3700,4700,5400,7700,10000,11000,31391,45,1400,1625.3203220825008,21.3277000002563,11336.468399967998,4793.755407600905
1791145205,1000,,Aggregated,258.900000,1.300000,1400,1800,2100,2300,3000,3700,4700,5400,7700,10000,11000,31745,45,1400,1622.6273352304747,21.3277000002563,11336.468399967998,4791.617388565129
1791145206,1000,,Aggregated,258.400000,1.100000,1400,1800,2100,2300,2900,3700,4700,5400,7700,10000,11000,31995,45,1400,1619.3873544207233,21.3277000002563,11336.468399967998,4791.212470698547
1791145207,1000,,Aggregated,270.300000,0.900000,1400,1800,2100,2300,2900,3700,4700,5400,7700,10000,11000,32235,45,1400,1616.5497154362674,21.3277000002563,11336.468399967998,4791.228819606018
1791145208,1000,,Aggregated,275.600000,0.500000,1400,1800,2100,2300,2900,3700,4700,5400,7700,10000,11000,32509,45,1400,1616.7033435414094,21.3277000002563,11336.468399967998,4791.242855824541
1791145209,1000,,Aggregated,271.400000,0.000000,1400,1800,2100,2300,2900,3700,4700,5400,7700,10000,11000,32706,45,1400,1622.1340132663242,21.3277000002563,11336.468399967998,4792.593163333945
1791145211,1000,,Aggregated,263.300000,0.000000,1400,1900,2200,2300,3000,3700,4700,5400,7700,10000,11000,33073,45,1400,1631.9851051125308,21.3277000002563,11336.468399967998,4793.09669518943
1791145212,1000,,Aggregated,261.500000,0.000000,1400,1900,2200,2300,3000,3700,4700,5400,7700,10000,11000,33449,45,1400,1635.886643112993,21.3277000002563,11336.468399967998,4791.023259290263
1791145213,1000,,Aggregated,257.300000,0.000000,1400,1900,2200,2300,3000,3700,4700,5400,7700,10000,11000,33750,45,1400,1636.64915828107,21.3277000002563,11336.468399967998,4790.596325925926
1791145214,1000,,Aggregated,261.600000,0.000000,1400,1900,2200,2300,2900,3700,4700,5400,7700,10000,11000,34018,45,1400,1636.590246242783,21.3277000002563,11336.468399967998,4788.064113116586
1791145216,1000,,Aggregated,246.800000,0.000000,1400,1900,2200,2300,2900,3700,4700,5400,7700,10000,11000,34414,45,1400,1636.740907008373,21.3277000002563,11336.468399967998,4787.524583018539
1791145217,1000,,Aggregated,239.200000,0.000000,1400,1900,2100,2300,2900,3700,4700,5300,7700,10000,11000,34722,45,1400,1638.0609813975484,21.3277000002563,11336.468399967998,4787.072720465411
1791145218,1000,,Aggregated,240.300000,0.000000,1400,1900,2100,2300,2900,3700,4700,5300,7600,10000,11000,35052,45,1400,1638.464384191633,21.3277000002563,11336.468399967998,4787.589837955038
1791145220,1000,,Aggregated,245.700000,0.000000,1400,1800,2100,2300,2900,3700,4700,5300,7600,10000,11000,35359,45,1400,1636.9792525463274,21.3277000002563,11336.468399967998,4787.997200147063
1791145221,1000,,Aggregated,254.100000,0.000000,1400,1900,2100,2300,2900,3700,4700,5300,7600,10000,11000,35694,45,1400,1639.2173872439434,21.3277000002563,11336.468399967998,4786.337871911245
1791145223,1000,,Aggregated,254.200000,0.000000,1400,1900,2100,2300,2900,3700,4700,5300,7600,10000,11000,35820,45,1400,1642.9875817639927,21.3277000002563,11336.468399967998,4786.676102735902
1791145224,1000,,Aggregated,233.300000,0.000000,1400,1900,2200,2400,3000,3700,4700,5400,7500,10000,11000,36078,45,1400,1656.2452778836812,21.3277000002563,11336.468399967998,4787.647680026609
1791145225,1000,,Aggregated,219.800000,0.000000,1500,1900,2200,2400,3000,3800,4700,5400,7500,10000,11000,36362,45,1500,1665.7491566246983,21.3277000002563,11336.468399967998,4786.841812881579
1791145227,1000,,Aggregated,206.600000,0.000000,1500,1900,2200,2400,3000,3800,4700,5400,7500,10000,11000,36559,45,1500,1673.6597185805804,21.3277000002563,11336.468399967998,4788.440985803769
1791145228,1000,,Aggregated,200.200000,0.000000,1500,1900,2200,2400,3100,3800,4700,5400,7500,10000,11000,36791,45,1500,1679.6815886979768,21.3277000002563,11336.468399967998,4787.639993476665
1791145229,1000,,Aggregated,194.300000,0.000000,1500,1900,2200,2400,3100,3900,4700,5400,7500,10000,11000,37033,45,1500,1687.1474016657446,21.3277000002563,11336.468399967998,4789.0349688116
1791145230,1000,,Aggregated,187.600000,0.000000,1500,1900,2200,2400,3100,3900,4800,5500,7600,10000,11000,37315,45,1500,1693.5218057641068,21.3277000002563,11336.468399967998,4788.443521372103
1791145231,1000,,Aggregated,184.900000,0.000000,1500,1900,2200,2400,3100,3900,4800,5600,7700,10000,11000,37598,45,1500,1698.1986365867353,21.3277000002563,11336.468399967998,4788.572929411139
1791145232,1000,,Aggregated,188.500000,0.000000,1500,1900,2200,2400,3100,3900,4800,5600,7800,10000,11000,37896,45,1500,1703.5303702313747,21.3277000002563,11336.468399967998,4788.747123706988
1791145233,1000,,Aggregated,193.100000,0.000000,1500,1900,2200,2400,3100,3900,4800,5600,7800,10000,11000,38266,45,1500,1704.5053808259922,21.3277000002563,11336.468399967998,4790.940521611875
1791145235,1000,,Aggregated,218.800000,0.000000,1500,1900,2200,2400,3100,3900,4800,5600,7800,10000,11000,38587,45,1500,1703.6116351695684,21.3277000002563,11336.468399967998,4791.234612693394
1791145236,1000,,Aggregated,237.600000,0.000000,1500,1900,2200,2400,3100,3900,4800,5600,7800,10000,11000,38904,45,1500,1702.8831949025212,21.3277000002563,11336.468399967998,4791.792052231133
1791145237,1000,,Aggregated,238.300000,0.000000,1500,1900,2200,2400,3100,3900,4800,5600,7800,10000,11000,39230,45,1500,1701.223636925513,21.3277000002563,11336.468399967998,4792.633928116237
1791145238,1000,,Aggregated,248.100000,0.000000,1500,1900,2200,2400,3100,3900,4800,5600,7800,10000,11000,39520,45,1500,1700.2766616950694,21.3277000002563,11336.468399967998,4791.87330465587
1791145239,1000,,Aggregated,255.000000,0.000000,1500,1900,2200,2400,3100,3900,4800,5600,7800,10000,11000,39829,45,1500,1700.4522972078166,21.3277000002563,11336.468399967998,4791.823821838359
1791145241,1000,,Aggregated,259.800000,0.000000,1500,1900,2200,2400,3100,3900,4800,5600,7800,10000,11000,40308,45,1500,1697.0092066411198,21.3277000002563,11336.468399967998,4791.1076709338095
1791145242,1000,,Aggregated,260.300000,0.000000,1500,1900,2200,2400,3100,3900,4800,5600,7800,10000,11000,40721,45,1500,1687.8276262908767,21.3277000002563,11336.468399967998,4792.1165492006585
1791145243,1000,,Aggregated,276.200000,0.000000,1500,1900,2200,2400,3100,3900,4800,5600,7800,10000,11000,40996,45,1500,1682.8512619424123,21.3277000002563,11336.468399967998,4790.849375548834
1791145245,1000,,Aggregated,286.400000,0.000000,1500,1900,2200,2400,3100,3900,4700,5500,7800,10000,11000,41274,45,1500,1680.4509660292754,21.3277000002563,11336.468399967998,4790.070698260406
1791145246,1000,,Aggregated,277.800000,0.000000,1500,1900,2200,2400,3000,3900,4700,5500,7800,10000,11000,41696,45,1500,1679.2882016138956,21.3277000002563,11336.468399967998,4791.36823676132
1791145247,1000,,Aggregated,269.100000,0.000000,1500,1900,2200,2400,3000,3800,4700,5500,7700,10000,11000,42104,45,1500,1676.2096507503738,21.3277000002563,11336.468399967998,4790.293772563177
1791145249,1000,,Aggregated,281.600000,0.000000,1500,1900,2200,2400,3000,3800,4700,5500,7700,10000,11000,42329,45,1500,1678.5025335159112,21.3277000002563,11336.468399967998,4789.683503035744
1791145250,1000,,Aggregated,273.900000,0.000000,1500,1900,2200,2400,3000,3800,4700,5500,7700,10000,11000,42513,45,1500,1682.3349474089289,21.3277000002563,11336.468399967998,4790.264766071555
1791145251,1000,,Aggregated,266.700000,0.000000,1500,1900,2200,2400,3000,3800,4700,5500,7700,10000,11000,42812,45,1500,1683.6008069044842,21.3277000002563,11336.468399967998,4789.53699897225
1791145253,1000,,Aggregated,230.300000,0.000000,1500,1900,2200,2400,3000,3900,4700,5500,7700,10000,11000,43169,45,1500,1687.9614511129528,21.3277000002563,11336.468399967998,4790.291876114805
1791145254,1000,,Aggregated,222.400000,0.000000,1500,1900,2200,2400,3100,3900,4700,5500,7700,10000,11000,43416,45,1500,1694.0307653629172,21.3277000002563,11336.468399967998,4791.1616454763225
1791145256,1000,,Aggregated,229.900000,0.000000,1500,1900,2200,2400,3100,3900,4800,5500,7700,10000,11000,43562,45,1500,1700.2367102588419,21.3277000002563,11336.468399967998,4790.866007070383
1791145257,1000,,Aggregated,214.200000,0.000000,1500,1900,2200,2400,3100,3900,4800,5500,7800,10000,11000,43935,45,1500,1708.929206750809,21.3277000002563,11336.468399967998,4791.17710253784
1791145258,1000,,Aggregated,191.000000,0.000000,1500,1900,2200,2400,3100,3900,4800,5500,7700,10000,11000,44293,45,1500,1713.7136891020102,21.3277000002563,11336.468399967998,4791.34700742781
1791145261,1000,,Aggregated,206.100000,0.000000,1500,1900,2200,2400,3100,3900,4800,5600,7800,10000,11000,44502,87,1500,1721.4643775896202,21.3277000002563,11336.468399967998,4787.292458765898
1791145262,1000,,Aggregated,197.000000,0.000000,1500,2000,2300,2500,3200,4000,4800,5600,7800,10000,11000,44893,106,1500,1734.8982590714372,21.3277000002563,11336.468399967998,4784.651883367117
1791145263,1000,,Aggregated,191.400000,3.800000,1500,2000,2300,2500,3200,4000,4800,5600,7800,10000,11000,45177,108,1500,1734.3675516323224,21.3277000002563,11336.468399967998,4783.632556389313
1791145264,1000,,Aggregated,176.500000,5.600000,1500,2000,2300,2500,3200,4000,4800,5600,7800,10000,11000,45381,108,1500,1735.0469616953058,21.3277000002563,11336.468399967998,4783.736607831472
1791145265,1000,,Aggregated,196.500000,6.300000,1500,2000,2300,2500,3200,4000,4800,5600,7800,10000,11000,45579,117,1500,1736.6389203052754,21.3277000002563,11336.468399967998,4783.473924395006
1791145267,1000,,Aggregated,203.200000,6.500000,1500,2000,2300,2500,3200,4000,4800,5600,7800,10000,11000,45810,118,1500,1742.976414057911,21.3277000002563,11336.468399967998,4782.767561667758
1791145269,1000,,Aggregated,196.200000,7.300000,1500,2000,2300,2500,3200,4000,4900,5600,7800,10000,11000,46000,118,1500,1752.4991313063895,21.3277000002563,11336.468399967998,4783.038195652174
1791145270,1000,,Aggregated,167.100000,7.300000,1500,2000,2300,2500,3300,4100,5000,5700,7900,10000,11000,46481,118,1500,1772.1347769797278,21.3277000002563,11336.468399967998,4783.519911361632
1791145271,1000,,Aggregated,158.300000,7.300000,1500,2000,2300,2500,3300,4100,5000,5700,7900,10000,11000,46913,118,1500,1770.7258534733467,21.3277000002563,11336.468399967998,4784.678106281841
1791145273,1000,,Aggregated,191.200000,7.300000,1500,2000,2300,2500,3300,4100,5000,5700,7900,10000,11000,47193,132,1500,1764.7954882227525,21.3277000002563,11336.468399967998,4782.068421164156
1791145274,1000,,Aggregated,235.800000,1.700000,1500,2000,2300,2500,3300,4100,5000,5700,7900,10000,11000,47413,140,1500,1762.441778957169,21.3277000002563,11336.468399967998,4780.876953578133
1791145275,1000,,Aggregated,210.200000,2.400000,1500,2000,2300,2500,3300,4100,5000,5700,7900,10000,11000,47787,140,1500,1761.1326103688245,21.3277000002563,11336.468399967998,4781.879193085986
1791145276,1000,,Aggregated,205.700000,3.200000,1500,2000,2300,2500,3300,4000,4900,5700,7900,10000,11000,47986,140,1500,1761.8481560057849,21.3277000002563,11336.468399967998,4782.275517859375
1791145277,1000,,Aggregated,222.900000,3.000000,1500,2000,2300,2500,3300,4000,4900,5600,7800,10000,11000,48238,140,1500,1763.4509823146254,21.3277000002563,11336.468399967998,4782.017620962726
1791145279,1000,,Aggregated,232.800000,2.200000,1500,2000,2300,2500,3300,4000,4900,5600,7800,10000,11000,48569,140,1500,1767.2533360495765,21.3277000002563,11336.468399967998,4782.179991352509
1791145280,1000,,Aggregated,242.800000,2.200000,1500,2000,2300,2500,3300,4100,4900,5700,7800,10000,11000,48742,140,1500,1770.7939977225553,21.3277000002563,11336.468399967998,4782.403655984572
1791145282,1000,,Aggregated,244.800000,2.200000,1500,2000,2300,2600,3300,4100,5000,5700,7800,10000,11000,48964,140,1500,1777.0201562432176,21.3277000002563,11336.468399967998,4782.442855975819
1791145283,1000,,Aggregated,211.600000,2.200000,1500,2000,2300,2600,3300,4100,5000,5700,7800,10000,11000,49228,140,1500,1785.3502938224924,21.3277000002563,11336.468399967998,4781.8871170878365
1791145285,1000,,Aggregated,185.500000,0.800000,1600,2000,2400,2600,3400,4100,5000,5700,7900,10000,11000,49419,140,1600,1792.9248469130212,21.3277000002563,11336.468399967998,4781.884781157045
1791145286,1000,,Aggregated,195.000000,0.000000,1600,2000,2400,2600,3400,4100,5100,5700,8000,10000,11000,49558,142,1600,1801.081786470284,21.3277000002563,11336.468399967998,4782.382561846725
1791145287,1000,,Aggregated,168.100000,0.000000,1600,2000,2400,2600,3400,4200,5100,5800,8100,10000,11000,49779,145,1600,1812.6295967756248,21.3277000002563,11336.468399967998,4782.419474075414
1791145289,1000,,Aggregated,150.500000,0.200000,1600,2100,2400,2600,3400,4300,5200,5800,8400,10000,11000,50014,146,1600,1824.7802103369795,21.3277000002563,11336.468399967998,4782.982584876235
1791145290,1000,,Aggregated,156.100000,0.500000,1600,2100,2400,2600,3500,4300,5200,5900,8400,10000,11000,50321,159,1600,1833.9950133541593,21.3277000002563,11336.468399967998,4780.902386677531
1791145292,1000,,Aggregated,147.300000,0.600000,1600,2100,2400,2600,3500,4300,5300,5900,8500,11000,13000,50448,160,1600,1839.589755585851,21.3277000002563,13142.117400071584,4780.331807009197
1791145294,1000,,Aggregated,155.000000,2.000000,1600,2100,2400,2700,3500,4400,5300,6000,8700,12000,13000,50655,171,1600,1850.4279278096,21.3277000002563,13142.117400071584,4778.540440232949
1791145295,1000,,Aggregated,150.000000,2.000000,1600,2100,2400,2700,3600,4400,5400,6100,9300,12000,13000,50921,176,1600,1868.6680753872436,21.3277000002563,13142.117400071584,4778.090296734157
1791145296,1000,,Aggregated,135.700000,3.100000,1600,2100,2500,2700,3600,4500,5500,6200,9400,12000,13000,51278,178,1600,1884.6426473866495,21.3277000002563,13142.117400071584,4778.693942821483
1791145298,1000,,Aggregated,141.300000,3.600000,1600,2100,2500,2700,3600,4500,5500,6200,9400,12000,13000,51681,184,1600,1888.0283427389527,19.470300059765577,13142.117400071584,4777.005321104468
1791145299,1000,,Aggregated,172.100000,3.700000,1600,2100,2500,2700,3600,4500,5500,6200,9400,12000,13000,51857,197,1600,1890.963036037424,19.470300059765577,13142.117400071584,4775.898374375687
1791145300,1000,,Aggregated,181.400000,3.600000,1600,2100,2500,2700,3600,4500,5500,6200,9400,12000,13000,51965,216,1600,1890.2453810794416,19.470300059765577,13142.117400071584,4773.94057538728
1791145301,1000,,Aggregated,176.600000,4.800000,1600,2100,2500,2700,3600,4500,5500,6200,9400,12000,13000,52173,216,1600,1892.491359183729,19.470300059765577,13142.117400071584,4773.092135779043
1791145303,1000,,Aggregated,161.900000,5.600000,1600,2100,2500,2700,3600,4500,5500,6200,9400,12000,13000,52511,216,1600,1899.4413807238989,19.470300059765577,13142.117400071584,4773.452857496524
1791145304,1000,,Aggregated,173.300000,5.600000,1600,2100,2500,2800,3600,4500,5500,6200,9400,12000,13000,52914,216,1600,1907.7457241484753,19.470300059765577,13142.117400071584,4773.288127905658
1791145305,1000,,Aggregated,189.400000,5.600000,1600,2100,2500,2800,3600,4500,5500,6200,9400,12000,13000,53274,216,1600,1904.2780576189482,19.470300059765577,13142.117400071584,4773.450576266096
1791145306,1000,,Aggregated,216.700000,4.500000,1600,2100,2500,2800,3600,4500,5500,6200,9400,12000,13000,53592,216,1600,1899.8312965739617,19.470300059765577,13142.117400071584,4774.44881698761
1791145307,1000,,Aggregated,241.500000,4.500000,1600,2100,2500,2700,3600,4500,5500,6100,9400,12000,13000,53929,216,1600,1894.385313918175,19.470300059765577,13142.117400071584,4774.558827347068
1791145308,1000,,Aggregated,249.000000,4.000000,1600,2100,2500,2700,3600,4500,5500,6100,9400,12000,13000,54262,216,1600,1889.6604867880467,19.470300059765577,13142.117400071584,4775.377833474623
1791145309,1000,,Aggregated,238.600000,3.700000,1600,2100,2500,2700,3600,4500,5500,6100,9400,12000,13000,54621,216,1600,1885.02392279515,19.470300059765577,13142.117400071584,4776.393932736493
1791145311,1000,,Aggregated,258.100000,2.200000,1600,2100,2500,2700,3600,4400,5400,6100,9400,12000,13000,54985,216,1600,1879.5110191469237,19.470300059765577,13142.117400071584,4776.893570973902
1791145312,1000,,Aggregated,275.200000,1.000000,1600,2100,2500,2700,3600,4400,5400,6100,9400,12000,13000,55336,216,1600,1874.0494243294268,19.470300059765577,13142.117400071584,4777.107145438774
1791145313,1000,,Aggregated,298.100000,0.000000,1600,2100,2500,2700,3600,4400,5400,6100,9400,12000,13000,55647,216,1600,1870.608720414288,19.470300059765577,13142.117400071584,4777.090067748486
1791145314,1000,,Aggregated,307.500000,0.000000,1600,2100,2500,2700,3600,4400,5400,6100,9400,12000,13000,55976,216,1600,1868.5379847111826,19.470300059765577,13142.117400071584,4777.030727454623
1791145315,1000,,Aggregated,307.700000,0.000000,1600,2100,2500,2700,3600,4400,5400,6100,9400,12000,13000,56230,216,1600,1865.8277024007073,19.470300059765577,13142.117400071584,4776.946043037525
1791145316,1000,,Aggregated,298.000000,0.000000,1600,2100,2400,2700,3600,4400,5400,6100,9400,12000,13000,56562,216,1600,1863.294098392757,19.470300059765577,13142.117400071584,4776.6976238463985
1791145317,1000,,Aggregated,294.400000,0.000000,1600,2100,2400,2700,3600,4400,5400,6100,9400,12000,13000,56912,216,1600,1861.512852424621,19.470300059765577,13142.117400071584,4776.935496907507
1791145319,1000,,Aggregated,300.100000,0.000000,1600,2100,2400,2700,3500,4400,5400,6100,9400,12000,13000,57281,216,1600,1857.3194979712232,19.470300059765577,13142.117400071584,4776.6735392189385
1791145320,1000,,Aggregated,295.300000,0.000000,1600,2100,2400,2700,3500,4400,5400,6100,9400,12000,13000,57567,216,1600,1855.2490717544788,19.470300059765577,13142.117400071584,4775.899977417618
1791145321,1000,,Aggregated,295.300000,0.000000,1600,2100,2400,2700,3500,4400,5400,6100,9400,12000,13000,57896,216,1600,1851.6530019084398,19.470300059765577,13142.117400071584,4776.570764819677
1791145322,1000,,Aggregated,283.800000,0.000000,1600,2100,2400,2700,3500,4400,5400,6100,9400,12000,13000,58247,216,1600,1848.497548938017,19.470300059765577,13142.117400071584,4776.3999519288545
1791145323,1000,,Aggregated,279.500000,0.000000,1600,2100,2400,2700,3500,4400,5400,6100,9400,12000,13000,58581,216,1600,1845.8966856129646,19.470300059765577,13142.117400071584,4775.929618818388
1791145324,1000,,Aggregated,284.300000,0.000000,1600,2100,2400,2700,3500,4400,5400,6100,9400,12000,13000,58919,216,1600,1842.5583757479503,19.470300059765577,13142.117400071584,4775.7858585515705
1791145326,1000,,Aggregated,286.200000,0.000000,1500,2000,2400,2700,3500,4400,5400,6100,9400,12000,13000,59265,216,1500,1838.0151687065593,19.470300059765577,13142.117400071584,4777.455024044546
1791145327,1000,,Aggregated,285.800000,0.000000,1500,2000,2400,2600,3500,4400,5400,6100,9400,12000,13000,59683,216,1500,1834.8032528675587,19.470300059765577,13142.117400071584,4776.464202536736
1791145328,1000,,Aggregated,288.600000,0.000000,1500,2000,2400,2600,3500,4400,5400,6100,9400,12000,13000,59994,216,1500,1831.6994525068349,19.470300059765577,13142.117400071584,4777.205503883722
1791145329,1000,,Aggregated,288.900000,0.000000,1500,2000,2400,2600,3500,4400,5400,6100,9300,12000,13000,60307,216,1500,1827.9144464804033,19.470300059765577,13142.117400071584,4776.564727146102
1791145331,1000,,Aggregated,285.000000,0.000000,1500,2000,2400,2600,3500,4400,5400,6000,9300,12000,13000,60641,216,1500,1825.3724692978776,19.470300059765577,13142.117400071584,4777.055556471694
1791145332,1000,,Aggregated,287.300000,0.000000,1500,2000,2400,2600,3500,4300,5300,6000,9300,12000,13000,61068,216,1500,1822.216253422306,19.470300059765577,13142.117400071584,4777.8200530556105
1791145333,1000,,Aggregated,286.600000,0.000000,1500,2000,2400,2600,3500,4300,5300,6000,9300,12000,13000,61432,216,1500,1817.1367509098288,19.470300059765577,13142.117400071584,4778.5919716108865
1791145334,1000,,Aggregated,287.400000,0.000000,1500,2000,2400,2600,3500,4300,5300,6000,9300,12000,13000,61708,216,1500,1814.382155261738,19.470300059765577,13142.117400071584,4777.919848317884
1791145336,1000,,Aggregated,293.700000,0.000000,1500,2000,2400,2600,3500,4300,5300,6000,9300,12000,13000,62064,216,1500,1812.8402194958762,19.470300059765577,13142.117400071584,4777.765790152101
1791145337,1000,,Aggregated,283.600000,0.000000,1500,2000,2400,2600,3500,4300,5300,6000,9300,12000,13000,62483,216,1500,1809.5675016195362,19.470300059765577,13142.117400071584,4777.508730374662
1791145338,1000,,Aggregated,277.900000,0.000000,1500,2000,2300,2600,3400,4300,5300,6000,9300,12000,13000,62868,216,1500,1804.900255544851,19.470300059765577,13142.117400071584,4776.450913024114
1791145339,1000,,Aggregated,283.900000,0.000000,1500,2000,2300,2600,3400,4300,5300,6000,9300,12000,13000,63195,216,1500,1799.8178284293647,19.470300059765577,13142.117400071584,4776.5095023340455
1791145340,1000,,Aggregated,296.800000,0.000000,1500,2000,2300,2600,3400,4300,5300,6000,9300,12000,13000,63510,216,1500,1795.7517156226436,19.470300059765577,13142.117400071584,4777.292851519445
1791145341,1000,,Aggregated,293.400000,0.000000,1500,2000,2300,2600,3400,4300,5300,6000,9300,12000,13000,63883,216,1500,1792.2113495138856,19.470300059765577,13142.117400071584,4776.765054865927
1791145342,1000,,Aggregated,292.600000,0.000000,1500,2000,2300,2600,3400,4300,5300,6000,9300,12000,13000,64242,216,1500,1788.943385412898,19.470300059765577,13142.117400071584,4775.679929018399
1791145343,1000,,Aggregated,295.800000,0.000000,1500,2000,2300,2600,3400,4300,5300,6000,9300,12000,13000,64483,216,1500,1786.3092197167425,19.470300059765577,13142.117400071584,4776.096707659383
1791145345,1000,,Aggregated,291.600000,0.000000,1500,2000,2300,2600,3400,4300,5300,6000,9300,12000,13000,64822,216,1500,1783.4017878559105,19.470300059765577,13142.117400071584,4775.9657523680235
1791145346,1000,,Aggregated,291.200000,0.000000,1500,2000,2300,2600,3400,4300,5300,6000,9200,12000,13000,65178,216,1500,1780.5231300438181,19.470300059765577,13142.117400071584,4776.801927030593
1791145347,1000,,Aggregated,303.600000,0.000000,1500,2000,2300,2600,3400,4200,5300,6000,9200,12000,13000,65531,216,1500,1778.8303789763063,19.470300059765577,13142.117400071584,4776.9532740229815
1791145348,1000,,Aggregated,309.400000,0.000000,1500,2000,2300,2600,3400,4200,5300,6000,9200,12000,13000,65901,216,1500,1775.3684281330427,19.470300059765577,13142.117400071584,4776.8467094581265
1791145349,1000,,Aggregated,302.700000,0.000000,1500,2000,2300,2600,3400,4200,5300,6000,9200,12000,13000,66226,216,1500,1771.724376882127,19.470300059765577,13142.117400071584,4777.705568809833
1791145350,1000,,Aggregated,297.400000,0.000000,1500,2000,2300,2600,3400,4200,5300,6000,9200,12000,13000,66584,216,1500,1767.883061272911,19.470300059765577,13142.117400071584,4777.013426649045
1791145351,1000,,Aggregated,300.500000,0.000000,1500,2000,2300,2500,3400,4200,5200,6000,9200,12000,13000,66990,216,1500,1764.3907715315172,19.470300059765577,13142.117400071584,4776.706627854904
1791145353,1000,,Aggregated,306.100000,0.000000,1500,1900,2300,2500,3400,4200,5200,6000,9100,12000,13000,67360,216,1500,1759.5940077122373,19.470300059765577,13142.117400071584,4777.2576603325415
1791145354,1000,,Aggregated,305.800000,0.000000,1500,1900,2300,2500,3400,4200,5200,6000,9100,12000,13000,67665,216,1500,1755.8212520312788,19.470300059765577,13142.117400071584,4778.026808542082
1791145355,1000,,Aggregated,305.800000,0.000000,1500,1900,2300,2500,3400,4200,5200,6000,9100,12000,13000,67899,216,1500,1753.8129022267635,19.470300059765577,13142.117400071584,4777.704649553012
1791145356,1000,,Aggregated,313.800000,0.000000,1500,1900,2300,2500,3400,4200,5200,6000,9100,12000,13000,68194,216,1500,1751.9448483663589,19.470300059765577,13142.117400071584,4777.756855441828
1791145357,1000,,Aggregated,305.100000,0.000000,1500,1900,2300,2500,3400,4200,5200,6000,9100,12000,13000,68516,216,1500,1750.765286064509,19.470300059765577,13142.117400071584,4777.41031291961
1791145358,1000,,Aggregated,300.600000,0.000000,1500,1900,2300,2500,3400,4200,5200,6000,9100,12000,13000,68867,216,1500,1748.991283000523,19.470300059765577,13142.117400071584,4776.8237472229075
1791145359,1000,,Aggregated,300.600000,0.000000,1500,1900,2300,2500,3400,4200,5200,5900,9100,12000,13000,69248,216,1500,1746.8526430683448,19.470300059765577,13142.117400071584,4777.039279112754
1791145360,1000,,Aggregated,299.700000,0.000000,1500,1900,2300,2500,3300,4200,5200,5900,9100,12000,13000,69619,216,1500,1742.6163874631332,19.470300059765577,13142.117400071584,4777.797799451299
1791145361,1000,,Aggregated,303.900000,0.000000,1500,1900,2300,2500,3300,4200,5200,5900,9100,12000,13000,70019,216,1500,1737.839675382332,19.470300059765577,13142.117400071584,4778.051143261115
1791145362,1000,,Aggregated,309.500000,0.000000,1500,1900,2300,2500,3300,4200,5200,5900,9100,12000,13000,70304,216,1500,1734.7765133291982,19.470300059765577,13142.117400071584,4778.335798816568
1791145364,1000,,Aggregated,306.600000,0.000000,1500,1900,2200,2500,3300,4200,5200,5900,9100,12000,13000,70679,216,1500,1730.8331634615163,19.470300059765577,13142.117400071584,4778.585944905842
1791145365,1000,,Aggregated,303.500000,0.000000,1500,1900,2200,2500,3300,4100,5200,5900,9100,12000,13000,71040,216,1500,1728.6353665638553,19.470300059765577,13142.117400071584,4778.7026886261265
1791145366,1000,,Aggregated,304.900000,0.000000,1500,1900,2200,2500,3300,4100,5200,5900,9100,12000,13000,71406,216,1500,1725.5901144482884,19.470300059765577,13142.117400071584,4778.964652830295
1791145367,1000,,Aggregated,310.600000,0.000000,1500,1900,2200,2500,3300,4100,5200,5900,9100,12000,13000,71809,216,1500,1721.7063821762476,19.470300059765577,13142.117400071584,4778.20058767007
1791145368,1000,,Aggregated,316.400000,0.000000,1400,1900,2200,2500,3300,4100,5200,5900,9100,12000,13000,72216,216,1400,1717.2868032942085,19.470300059765577,13142.117400071584,4778.417760607068
1791145369,1000,,Aggregated,318.100000,0.000000,1400,1900,2200,2500,3300,4100,5200,5900,9100,12000,13000,72502,216,1400,1714.2602291177288,19.470300059765577,13142.117400071584,4778.771758020468
1791145371,1000,,Aggregated,320.100000,0.000000,1400,1900,2200,2500,3300,4100,5200,5900,9100,12000,13000,72810,216,1400,1711.233369771926,19.470300059765577,13142.117400071584,4778.160376321934
1791145372,1000,,Aggregated,310.300000,0.000000,1400,1900,2200,2500,3300,4100,5200,5900,9000,12000,13000,73179,216,1400,1708.926267847259,19.470300059765577,13142.117400071584,4778.126662020525
1791145373,1000,,Aggregated,308.400000,0.000000,1400,1900,2200,2500,3300,4100,5200,5900,9000,12000,13000,73437,216,1400,1708.5762963587151,19.470300059765577,13142.117400071584,4778.177117801653
1791145374,1000,,Aggregated,310.300000,0.000000,1400,1900,2200,2500,3300,4100,5200,5900,9000,12000,13000,73760,216,1400,1707.409513584539,19.470300059765577,13142.117400071584,4778.136374728851
1791145375,1000,,Aggregated,300.600000,0.000000,1400,1900,2200,2500,3300,4100,5200,5900,9000,12000,13000,74079,216,1400,1706.3972985244823,19.470300059765577,13142.117400071584,4777.091847892115
1791145376,1000,,Aggregated,292.300000,0.000000,1400,1900,2200,2500,3300,4100,5200,5900,9000,12000,13000,74466,216,1400,1706.3775120295682,19.470300059765577,13142.117400071584,4777.4052722047645
1791145377,1000,,Aggregated,295.200000,0.000000,1400,1900,2200,2500,3300,4100,5200,5900,9000,12000,13000,74744,216,1400,1705.0486893983973,19.470300059765577,13142.117400071584,4777.647115487531
1791145378,1000,,Aggregated,287.000000,0.000000,1400,1900,2200,2500,3300,4100,5100,5900,9000,12000,13000,75070,216,1400,1702.695533276862,19.470300059765577,13142.117400071584,4778.450206473957
1791145380,1000,,Aggregated,283.400000,0.000000,1400,1900,2200,2500,3300,4100,5100,5900,9000,12000,13000,75332,216,1400,1702.3515519950886,19.470300059765577,13142.117400071584,4778.607510752403
1791145381,1000,,Aggregated,281.800000,0.000000,1400,1900,2200,2500,3300,4100,5100,5900,9000,12000,13000,75644,216,1400,1702.4519726824772,19.470300059765577,13142.117400071584,4778.682327745756
1791145382,1000,,Aggregated,274.300000,0.000000,1400,1900,2200,2400,3300,4100,5100,5900,8900,12000,13000,76051,216,1400,1702.4356141719718,19.470300059765577,13142.117400071584,4778.834032425609
1791145384,1000,,Aggregated,271.500000,0.000000,1400,1900,2200,2400,3300,4100,5100,5800,8900,12000,13000,76382,216,1400,1702.0572947761639,19.470300059765577,13142.117400071584,4778.796719122306
1791145385,1000,,Aggregated,271.000000,0.000000,1400,1900,2200,2400,3300,4100,5100,5800,8900,12000,13000,76638,216,1400,1702.2237890588544,19.470300059765577,13142.117400071584,4779.12851327018
1791145386,1000,,Aggregated,271.000000,0.000000,1400,1900,2200,2400,3300,4100,5100,5800,8900,12000,13000,77039,216,1400,1702.7925249470409,19.470300059765577,13142.117400071584,4778.1496644556655
1791145387,1000,,Aggregated,260.600000,0.000000,1400,1900,2200,2400,3200,4100,5100,5800,8900,12000,13000,77362,216,1400,1700.875559746334,19.470300059765577,13142.117400071584,4777.410059202192
1791145388,1000,,Aggregated,257.300000,0.000000,1400,1900,2200,2400,3200,4100,5100,5800,8900,12000,13000,77652,216,1400,1699.9484635694744,19.470300059765577,13142.117400071584,4777.969814042137
1791145390,1000,,Aggregated,261.800000,0.000000,1400,1900,2200,2400,3200,4100,5100,5800,8900,12000,13000,77892,216,1400,1698.4830853450496,19.470300059765577,13142.117400071584,4778.25472449032
1791145391,1000,,Aggregated,260.300000,0.000000,1400,1900,2200,2400,3200,4000,5100,5800,8900,12000,13000,78126,216,1400,1698.4029396052154,19.470300059765577,13142.117400071584,4778.814287177124
1791145392,1000,,Aggregated,262.200000,0.000000,1400,1900,2200,2400,3200,4000,5100,5800,8900,12000,13000,78320,216,1400,1700.33627153852,19.470300059765577,13142.117400071584,4778.373442288049
1791145393,1000,,Aggregated,255.700000,0.000000,1400,1900,2200,2500,3300,4100,5100,5800,8900,12000,13000,78624,216,1400,1705.5065737764182,19.470300059765577,13142.117400071584,4779.108376577126
1791145395,1000,,Aggregated,233.100000,0.000000,1500,1900,2200,2500,3300,4100,5100,5800,8900,12000,13000,78905,216,1500,1709.286221105088,19.470300059765577,13142.117400071584,4779.60319371396
1791145396,1000,,Aggregated,231.200000,0.000000,1500,1900,2200,2500,3300,4100,5100,5800,8900,12000,13000,79174,216,1500,1712.0480402215014,19.470300059765577,13142.117400071584,4778.867014423927
1791145398,1000,,Aggregated,230.900000,0.000000,1500,1900,2200,2500,3300,4100,5100,5800,8900,12000,13000,79367,216,1500,1714.3017474176481,19.470300059765577,13142.117400071584,4779.39866695226
1791145400,1000,,Aggregated,210.600000,0.000000,1500,1900,2200,2500,3300,4100,5100,5800,8900,12000,13000,79623,216,1500,1719.2000775742551,19.470300059765577,13142.117400071584,4779.206435326476
1791145401,1000,,Aggregated,185.000000,0.000000,1500,1900,2200,2500,3300,4100,5200,5900,8900,12000,13000,79989,216,1500,1727.5411856392182,19.470300059765577,13142.117400071584,4779.508232381952
1791145402,1000,,Aggregated,173.100000,0.000000,1500,1900,2300,2500,3300,4100,5200,5900,8900,12000,13000,80492,216,1500,1731.3946777840679,19.470300059765577,13142.117400071584,4779.8398722854445
1791145403,1000,,Aggregated,178.600000,0.000000,1500,1900,2300,2500,3300,4100,5200,5900,8900,12000,13000,80739,216,1500,1729.684316817098,19.470300059765577,13142.117400071584,4779.961480820917
1791145405,1000,,Aggregated,219.800000,0.000000,1500,1900,2300,2500,3300,4100,5200,5900,8900,12000,13000,80919,218,1500,1729.6637589576783,19.470300059765577,13142.117400071584,4779.8231812058975
1791145406,1000,,Aggregated,214.100000,0.000000,1500,1900,2300,2500,3300,4100,5200,5900,8900,12000,13000,81146,218,1500,1732.0167299385716,19.470300059765577,13142.117400071584,4779.517708821138
1791145408,1000,,Aggregated,204.600000,0.000000,1500,1900,2300,2500,3300,4100,5200,5900,8900,12000,13000,81484,218,1500,1734.8459741408878,19.470300059765577,13142.117400071584,4779.243458838545
1791145409,1000,,Aggregated,204.200000,0.200000,1500,1900,2300,2500,3300,4100,5200,5800,8900,12000,13000,81741,218,1500,1736.5921935405304,19.470300059765577,13142.117400071584,4779.510465984023
1791145410,1000,,Aggregated,211.700000,0.200000,1500,1900,2300,2500,3300,4100,5100,5800,8900,12000,13000,82011,218,1500,1737.4122156673675,19.470300059765577,13142.117400071584,4779.492043750229
1791145411,1000,,Aggregated,217.200000,0.200000,1500,1900,2300,2500,3300,4100,5200,5900,8900,12000,13000,82231,218,1500,1738.3210428244245,19.470300059765577,13142.117400071584,4779.274677433084
1791145413,1000,,Aggregated,230.100000,0.200000,1500,1900,2300,2500,3300,4100,5200,5900,8900,12000,13000,82479,218,1500,1741.157541473541,19.470300059765577,13142.117400071584,4779.8361158597945
1791145414,1000,,Aggregated,204.500000,0.200000,1500,1900,2300,2500,3300,4100,5200,5900,8900,12000,13000,82735,218,1500,1745.9613446859944,19.470300059765577,13142.117400071584,4780.049156946879
1791145416,1000,,Aggregated,184.200000,0.200000,1500,1900,2300,2600,3400,4100,5200,5900,9100,12000,13000,82959,218,1500,1752.9245695162226,19.470300059765577,13142.117400071584,4780.223339239866
1791145417,1000,,Aggregated,186.800000,0.200000,1500,2000,2300,2600,3400,4200,5200,6000,9200,12000,13000,83295,218,1500,1760.3078589662762,19.470300059765577,13142.117400071584,4780.325169578005
1791145418,1000,,Aggregated,194.100000,0.000000,1500,2000,2300,2600,3400,4200,5200,6000,9300,12000,14000,83526,218,1500,1763.3428588690463,19.470300059765577,13713.033099891618,4780.598831501568
1791145419,1000,,Aggregated,194.100000,0.000000,1500,2000,2300,2600,3400,4200,5200,6000,9300,12000,14000,83740,218,1500,1765.1240294816894,19.470300059765577,13713.033099891618,4781.244029137807
1791145420,1000,,Aggregated,193.700000,0.000000,1500,2000,2300,2600,3400,4200,5200,6000,9300,12000,14000,84072,218,1500,1766.906998762922,19.470300059765577,13713.033099891618,4781.001260824056
1791145421,1000,,Aggregated,188.700000,0.000000,1500,2000,2300,2600,3400,4200,5200,6000,9300,12000,14000,84198,218,1500,1766.7887939309273,19.470300059765577,13713.033099891618,4780.884997268344
1791145423,1000,,Aggregated,196.500000,0.000000,1500,2000,2300,2600,3400,4200,5200,6000,9300,12000,14000,84212,218,1500,1767.0364463852693,19.470300059765577,13713.033099891618,4780.991758894219
1791145424,1000,,Aggregated,196.500000,0.000000,1500,2000,2300,2600,3400,4200,5200,6000,9300,12000,14000,84212,218,1500,1767.0364463852693,19.470300059765577,13713.033099891618,4780.991758894219
1791145425,1000,,Aggregated,179.900000,0.000000,1500,2000,2300,2600,3400,4200,5200,6000,9300,12000,14000,84222,218,1500,1767.526158952486,19.470300059765577,13713.033099891618,4780.715715608749
1791145426,1000,,Aggregated,160.500000,0.000000,1500,2000,2300,2600,3400,4200,5200,6000,9300,12000,14000,84232,218,1500,1768.0804126352982,19.470300059765577,13713.033099891618,4780.842993161744
1791145427,1000,,Aggregated,148.300000,0.000000,1500,2000,2300,2600,3400,4200,5300,6000,9300,12000,14000,84253,218,1500,1769.4754609224221,19.470300059765577,13713.033099891618,4780.944180029198
1791145428,1000,,Aggregated,132.400000,0.000000,1500,2000,2300,2600,3400,4300,5400,6400,10000,13000,19000,84514,218,1500,1790.168774849108,19.470300059765577,18907.110100029968,4781.15964218946
1791145429,1000,,Aggregated,101.800000,0.000000,1500,2000,2300,2600,3500,4400,5600,6900,11000,13000,19000,84789,218,1500,1808.3010412164062,19.470300059765577,18907.110100029968,4781.096179929
1791145430,1000,,Aggregated,97.400000,0.000000,1500,2000,2300,2600,3500,4400,5900,7200,11000,13000,19000,85079,218,1500,1824.2273447783625,19.470300059765577,18907.110100029968,4780.973471714524
1791145431,1000,,Aggregated,109.100000,0.000000,1500,2000,2300,2600,3500,4500,6000,7300,11000,13000,19000,85333,218,1500,1829.3887214723266,19.470300059765577,18907.110100029968,4781.61148676362
1791145432,1000,,Aggregated,111.500000,0.000000,1500,2000,2300,2600,3500,4500,6100,7400,11000,13000,19000,85586,218,1500,1833.7382259902051,19.470300059765577,18907.110100029968,4781.596090482089
1791145434,1000,,Aggregated,122.100000,0.000000,1500,2000,2300,2600,3500,4500,6100,7400,11000,14000,19000,85714,218,1500,1836.0074023659827,19.470300059765577,18907.110100029968,4781.598000326668
1791145435,1000,,Aggregated,137.500000,0.000000,1500,2000,2400,2600,3500,4500,6100,7500,11000,14000,19000,86022,218,1500,1843.1743343679252,19.470300059765577,18907.110100029968,4781.258433889006
1791145436,1000,,Aggregated,147.300000,0.000000,1500,2000,2400,2600,3500,4500,6100,7500,11000,15000,21000,86281,218,1500,1846.47324538657,19.470300059765577,21145.326899946667,4781.341558396402
1791145438,1000,,Aggregated,187.700000,0.000000,1500,2000,2400,2700,3500,4500,6100,7500,11000,15000,21000,86588,218,1500,1851.050428239473,19.470300059765577,21145.326899946667,4781.220931306879
1791145439,1000,,Aggregated,204.100000,0.000000,1500,2000,2400,2700,3500,4500,6100,7500,11000,15000,21000,86840,218,1500,1853.0920344138594,19.470300059765577,21145.326899946667,4781.022420543528
1791145440,1000,,Aggregated,213.200000,0.000000,1500,2000,2400,2700,3500,4500,6100,7500,11000,15000,21000,87049,218,1500,1854.009721729134,19.470300059765577,21145.326899946667,4781.059334397868
1791145441,1000,,Aggregated,203.700000,0.000000,1500,2000,2400,2700,3500,4500,6100,7500,11000,15000,21000,87323,218,1500,1855.0719030702137,19.470300059765577,21145.326899946667,4781.608293347686
1791145442,1000,,Aggregated,202.400000,0.000000,1500,2000,2400,2700,3600,4500,6100,7500,11000,15000,21000,87516,218,1500,1856.9519133986842,19.470300059765577,21145.326899946667,4781.971936560172
1791145444,1000,,Aggregated,196.900000,0.000000,1500,2000,2400,2700,3600,4500,6100,7500,11000,15000,21000,87581,218,1500,1857.7885865278909,19.470300059765577,21145.326899946667,4782.081193409529
1791145445,1000,,Aggregated,193.000000,0.000000,1500,2000,2400,2700,3600,4500,6100,7500,11000,15000,21000,87631,218,1500,1859.0865024215132,19.470300059765577,21145.326899946667,4782.195284773653
1791145446,1000,,Aggregated,188.600000,0.000000,1500,2000,2400,2700,3600,4500,6100,7500,11000,15000,21000,87699,218,1500,1861.5263071551492,19.470300059765577,21145.326899946667,4781.859667727112
1791145447,1000,,Aggregated,176.900000,0.000000,1500,2000,2400,2700,3600,4600,6200,7600,11000,15000,21000,87780,218,1500,1865.0767443825446,19.470300059765577,21145.326899946667,4781.722305764411
1791145448,1000,,Aggregated,155.400000,0.000000,1500,2000,2400,2700,3600,4600,6200,7600,11000,15000,21000,87882,218,1500,1870.3027166928205,19.470300059765577,21145.326899946667,4781.934867208302
1791145449,1000,,Aggregated,147.900000,0.000000,1500,2000,2400,2700,3600,4600,6300,7700,11000,16000,21000,87984,218,1500,1875.8804840050311,19.470300059765577,21145.326899946667,4782.308931169304
1791145450,1000,,Aggregated,132.700000,0.000000,1500,2000,2400,2700,3600,4700,6500,7800,11000,16000,21000,88247,218,1500,1890.1947642854468,19.470300059765577,21145.326899946667,4782.149024896031
1791145451,1000,,Aggregated,125.900000,0.000000,1500,2000,2400,2700,3700,4800,6700,7800,12000,16000,21000,88604,218,1500,1909.0396258791773,19.470300059765577,21145.326899946667,4782.065369509277
1791145452,1000,,Aggregated,117.800000,0.000000,1500,2000,2400,2700,3700,4800,6700,7900,12000,16000,21000,88893,218,1500,1915.8826307032,13.979999930597842,21145.326899946667,4781.734219792334
1791145453,1000,,Aggregated,112.700000,0.000000,1500,2000,2400,2700,3700,4800,6700,7900,12000,16000,21000,89327,218,1500,1914.3259071590871,13.979999930597842,21145.326899946667,4781.956720812296
1791145455,1000,,Aggregated,141.500000,0.000000,1500,2000,2400,2700,3700,4800,6700,7900,12000,16000,21000,89610,218,1500,1914.0296272860082,13.979999930597842,21145.326899946667,4782.59053677045
1791145456,1000,,Aggregated,175.600000,0.000000,1500,2000,2400,2700,3700,4800,6700,7900,12000,16000,21000,89670,218,1500,1913.8511084621293,13.979999930597842,21145.326899946667,4782.630634548902
1791145458,1000,,Aggregated,197.000000,0.000000,1500,2000,2400,2700,3700,4800,6700,7900,12000,16000,21000,89720,218,1500,1914.3627379625432,13.979999930597842,21145.326899946667,4782.882668301382
1791145459,1000,,Aggregated,191.000000,0.000000,1500,2000,2400,2700,3700,4800,6700,7900,12000,16000,21000,89821,218,1500,1916.5483550227568,13.979999930597842,21145.326899946667,4782.630921499426
1791145460,1000,,Aggregated,185.700000,0.000000,1500,2000,2400,2700,3700,4800,6700,7900,12000,16000,21000,89874,218,1500,1918.284279915206,13.979999930597842,21145.326899946667,4782.661559516657
1791145461,1000,,Aggregated,182.600000,0.000000,1500,2000,2400,2800,3700,4900,6700,7900,12000,16000,21000,89976,218,1500,1922.4850655263488,13.979999930597842,21145.326899946667,4782.68319329599
1791145462,1000,,Aggregated,172.200000,0.000000,1600,2100,2500,2800,3800,5000,6800,7900,12000,16000,21000,90391,218,1600,1941.32785155822,13.979999930597842,21145.326899946667,4782.468132889337
1791145463,1000,,Aggregated,163.700000,0.000000,1600,2100,2500,2800,3800,5100,6800,7900,12000,16000,21000,90807,218,1600,1952.348941869003,13.979999930597842,21145.326899946667,4783.142687237768
1791145464,1000,,Aggregated,154.100000,0.000000,1600,2100,2500,2800,3800,5100,6800,7900,12000,16000,21000,91065,218,1600,1951.79858892768,13.979999930597842,21145.326899946667,4782.866425080986
1791145465,1000,,Aggregated,177.400000,0.000000,1600,2100,2500,2800,3800,5100,6800,7900,12000,16000,21000,91276,218,1600,1950.1631017835891,13.979999930597842,21145.326899946667,4782.600398790481
1791145466,1000,,Aggregated,162.200000,0.000000,1600,2100,2500,2800,3800,5100,6800,7900,12000,16000,21000,91432,218,1600,1949.678207961104,13.979999930597842,21145.326899946667,4783.00859655263
1791145467,1000,,Aggregated,164.000000,0.000000,1600,2100,2500,2800,3800,5100,6800,7900,12000,16000,21000,91613,218,1600,1950.1274557202505,13.979999930597842,21145.326899946667,4783.46673507035
1791145468,1000,,Aggregated,172.000000,0.000000,1600,2100,2500,2800,3800,5100,6800,7800,12000,16000,21000,91841,218,1600,1951.4587817902607,13.979999930597842,21145.326899946667,4782.987903006283
1791145469,1000,,Aggregated,179.600000,0.000000,1600,2100,2500,2800,3800,5100,6800,7800,12000,16000,21000,92221,218,1600,1953.4474025807567,13.979999930597842,21145.326899946667,4783.238383882196
1791145470,1000,,Aggregated,208.400000,0.000000,1600,2100,2500,2800,3800,5100,6800,7800,12000,16000,21000,92566,218,1600,1953.8497793152926,13.979999930597842,21145.326899946667,4783.053550979841
1791145471,1000,,Aggregated,223.000000,0.000000,1600,2100,2500,2800,3800,5100,6800,7800,12000,16000,21000,92835,218,1600,1952.1251069887421,13.979999930597842,21145.326899946667,4783.989540582755
1791145472,1000,,Aggregated,247.900000,0.000000,1600,2100,2500,2800,3800,5100,6800,7800,12000,16000,21000,93105,218,1600,1950.0960533913196,13.979999930597842,21145.326899946667,4783.524300520918
1791145474,1000,,Aggregated,273.400000,0.000000,1600,2100,2500,2800,3800,5100,6800,7800,12000,16000,21000,93339,218,1600,1949.1291654003003,13.979999930597842,21145.326899946667,4783.6697950481575
1791145475,1000,,Aggregated,242.000000,0.000000,1600,2100,2500,2800,3800,5100,6800,7800,12000,16000,21000,93504,218,1600,1950.2808435617696,13.979999930597842,21145.326899946667,4784.031335557837
1791145477,1000,,Aggregated,235.700000,0.000000,1600,2100,2500,2800,3800,5100,6800,7800,12000,16000,21000,93632,218,1600,1952.2985348043264,13.979999930597842,21145.326899946667,4783.951629784689
1791145478,1000,,Aggregated,215.600000,0.000000,1600,2100,2500,2800,3800,5100,6800,7800,12000,16000,21000,93818,218,1600,1956.2742914952348,13.979999930597842,21145.326899946667,4784.112654288089
1791145480,1000,,Aggregated,216.600000,0.000000,1600,2100,2500,2800,3800,5100,6800,7800,12000,16000,21000,94072,218,1600,1962.1102884343877,13.979999930597842,21145.326899946667,4784.155072710265
1791145481,1000,,Aggregated,191.200000,0.000000,1600,2100,2500,2800,3900,5100,6800,7800,12000,16000,21000,94206,224,1600,1966.9139502515714,13.979999930597842,21145.326899946667,4783.9268517928795
1791145483,1000,,Aggregated,149.600000,0.000000,1600,2100,2500,2800,3900,5200,6900,7900,12000,16000,21000,94424,234,1600,1975.7042596299525,13.979999930597842,21145.326899946667,4783.31858425824
1791145486,1000,,Aggregated,120.000000,1.600000,1600,2100,2500,2800,3900,5200,6900,8000,12000,16000,21000,94660,258,1600,1983.2704227973634,13.979999930597842,21145.326899946667,4782.386245510247
1791145487,1000,,Aggregated,113.100000,1.600000,1600,2100,2500,2800,3900,5200,6900,8000,12000,16000,21000,94788,327,1600,1985.469231835242,13.979999930597842,21145.326899946667,4778.75964257079
1791145488,1000,,Aggregated,115.600000,4.000000,1600,2100,2500,2900,4000,5400,7000,8100,12000,16000,21000,95138,354,1600,2004.9137922049827,13.979999930597842,21145.326899946667,4777.217851962412
1791145490,1000,,Aggregated,108.200000,9.400000,1600,2100,2600,2900,4000,5400,7100,8200,12000,16000,21000,95448,370,1600,2014.5000932235048,13.979999930597842,21145.326899946667,4776.32399840751
1791145492,1000,,Aggregated,126.200000,13.700000,1600,2100,2600,2900,4000,5400,7100,8200,12000,16000,21000,95556,386,1600,2016.2014374408425,13.979999930597842,21145.326899946667,4775.167587592616
1791145493,1000,,Aggregated,132.200000,15.600000,1600,2100,2600,2900,4000,5400,7100,8200,12000,16000,21000,95788,468,1600,2020.1067587014763,13.979999930597842,21145.326899946667,4770.931014323297
1791145495,1000,,Aggregated,133.700000,21.000000,1600,2100,2600,2900,4000,5500,7100,8200,12000,16000,21000,96063,490,1600,2025.9355274798597,13.979999930597842,21145.326899946667,4769.929233940226
1791145496,1000,,Aggregated,127.800000,23.400000,1600,2100,2600,2900,4000,5500,7100,8200,12000,16000,21000,96118,490,1600,2026.233510022033,13.979999930597842,21145.326899946667,4770.09380136915
1791145498,1000,,Aggregated,145.700000,25.600000,1600,2100,2600,2900,4000,5500,7100,8200,12000,16000,21000,96260,499,1600,2027.496327835001,13.979999930597842,21145.326899946667,4769.884697693746
1791145499,1000,,Aggregated,145.000000,17.900000,1600,2100,2600,2900,4000,5500,7100,8200,12000,16000,21000,96435,500,1600,2029.6397022647138,13.979999930597842,21145.326899946667,4769.9391092445685
1791145500,1000,,Aggregated,140.300000,15.100000,1600,2100,2600,2900,4000,5500,7100,8200,12000,16000,21000,96624,500,1600,2032.8364383796793,13.979999930597842,21145.326899946667,4770.119856350389
1791145501,1000,,Aggregated,117.300000,14.500000,1600,2100,2600,2900,4100,5500,7200,8300,12000,16000,21000,96857,500,1600,2039.3356745851977,13.979999930597842,21145.326899946667,4769.471530193998
1791145503,1000,,Aggregated,119.000000,12.600000,1600,2100,2600,2900,4100,5500,7200,8400,13000,16000,21000,97069,500,1600,2046.8835012083932,13.979999930597842,21145.326899946667,4770.109128558036
1791145505,1000,,Aggregated,130.100000,11.400000,1600,2100,2600,2900,4100,5600,7200,8400,13000,16000,21000,97217,500,1600,2050.558176820907,13.979999930597842,21145.326899946667,4770.109949905881
1791145506,1000,,Aggregated,128.100000,3.200000,1600,2100,2600,2900,4100,5600,7200,8500,13000,16000,21000,97415,500,1600,2055.628483554872,13.979999930597842,21145.326899946667,4769.863994251398
1791145507,1000,,Aggregated,118.200000,1.000000,1600,2100,2600,2900,4100,5600,7200,8500,13000,16000,21000,97508,500,1600,2058.422808619793,13.979999930597842,21145.326899946667,4769.736062682036
1791145509,1000,,Aggregated,130.300000,0.900000,1600,2100,2600,3000,4100,5600,7300,8600,14000,17000,21000,97715,501,1600,2065.470105416762,13.979999930597842,21145.326899946667,4769.772542598373
1791145511,1000,,Aggregated,125.800000,0.100000,1600,2200,2600,3000,4100,5600,7300,8700,15000,19000,21000,97910,501,1600,2078.4084984353017,13.979999930597842,21145.326899946667,4769.910468797875
1791145513,1000,,Aggregated,120.000000,0.100000,1600,2200,2600,3000,4200,5700,7400,8800,18000,20000,21000,98081,501,1600,2095.072130246445,13.979999930597842,21145.326899946667,4769.6985552757415
1791145514,1000,,Aggregated,105.700000,0.100000,1600,2200,2600,3000,4200,5700,7500,8900,18000,20000,23000,98256,526,1600,2103.99634344367,13.979999930597842,22660.57389997877,4768.56163491288
1791145516,1000,,Aggregated,106.700000,2.100000,1600,2200,2600,3000,4200,5800,7500,8900,18000,21000,23000,98411,549,1600,2111.4327439026274,13.979999930597842,23202.506099944003,4767.495808395403
1791145517,1000,,Aggregated,103.900000,2.600000,1600,2200,2700,3000,4200,5900,7700,9100,19000,24000,25000,98811,572,1600,2129.9323006183754,13.979999930597842,25149.053899920546,4766.567993442026
1791145519,1000,,Aggregated,103.500000,5.900000,1600,2200,2700,3000,4300,5900,7800,9300,19000,24000,28000,99110,592,1600,2139.963023120798,13.979999930597842,27578.906600014307,4765.720502472001
1791145520,1000,,Aggregated,122.800000,7.200000,1600,2200,2700,3000,4300,5900,7800,9300,19000,24000,28000,99307,615,1600,2141.780985423006,13.979999930597842,27578.906600014307,4764.514042313231
1791145521,1000,,Aggregated,142.700000,9.100000,1600,2200,2700,3000,4300,5900,7800,9300,19000,24000,28000,99516,632,1600,2141.8953798545135,13.979999930597842,27578.906600014307,4763.601722336107
1791145523,1000,,Aggregated,153.600000,12.900000,1600,2200,2700,3000,4300,5900,7800,9300,19000,24000,28000,99850,633,1600,2142.9162854632236,13.979999930597842,27578.906600014307,4763.328122183275
1791145524,1000,,Aggregated,160.200000,13.100000,1600,2200,2700,3000,4300,5900,7800,9300,19000,24000,28000,99984,633,1600,2142.600276516269,13.979999930597842,27578.906600014307,4763.300738118099
1791145525,1000,,Aggregated,181.100000,13.200000,1600,2200,2700,3000,4300,5900,7800,9300,19000,24000,28000,100294,633,1600,2143.966237513736,13.979999930597842,27578.906600014307,4763.034289189782
1791145527,1000,,Aggregated,189.600000,10.700000,1600,2200,2700,3100,4300,6000,7800,9300,19000,24000,28000,100536,633,1600,2150.716906320144,13.979999930597842,27578.906600014307,4762.9000457547545
1791145528,1000,,Aggregated,197.100000,10.300000,1600,2200,2700,3100,4300,6000,7800,9400,19000,24000,28000,100784,633,1600,2154.064882400002,13.979999930597842,27578.906600014307,4763.031076361327
1791145529,1000,,Aggregated,199.800000,7.400000,1600,2200,2700,3100,4300,6000,7800,9400,19000,24000,28000,101022,633,1600,2155.0307553810317,13.979999930597842,27578.906600014307,4763.236987982816
1791145530,1000,,Aggregated,194.500000,6.100000,1600,2200,2700,3100,4300,6000,7800,9400,19000,24000,28000,101255,633,1600,2154.4146047118875,13.979999930597842,27578.906600014307,4763.557681102167
1791145531,1000,,Aggregated,188.900000,4.100000,1600,2200,2700,3100,4300,6000,7800,9300,19000,24000,28000,101521,633,1600,2154.8208401020775,13.979999930597842,27578.906600014307,4763.986416603461
1791145532,1000,,Aggregated,196.200000,2.400000,1600,2200,2700,3100,4300,6000,7800,9300,19000,24000,28000,101758,633,1600,2155.679503482799,13.979999930597842,27578.906600014307,4763.992639399359
1791145533,1000,,Aggregated,201.700000,0.300000,1600,2200,2700,3100,4300,5900,7800,9300,19000,24000,28000,102057,633,1600,2155.8256823530187,13.979999930597842,27578.906600014307,4764.566369773754
1791145534,1000,,Aggregated,212.100000,0.100000,1600,2200,2700,3100,4300,5900,7800,9300,19000,24000,28000,102311,633,1600,2155.3859228450788,13.979999930597842,27578.906600014307,4764.522241010253
1791145535,1000,,Aggregated,205.200000,0.000000,1600,2200,2700,3100,4300,5900,7800,9300,19000,24000,28000,102587,633,1600,2155.0777982990307,13.979999930597842,27578.906600014307,4764.599832337431
1791145537,1000,,Aggregated,222.300000,0.000000,1600,2200,2700,3100,4300,5900,7800,9300,19000,24000,28000,102856,633,1600,2155.618197703616,13.979999930597842,27578.906600014307,4765.234619273548
1791145538,1000,,Aggregated,229.300000,0.000000,1600,2200,2700,3100,4300,5900,7800,9300,19000,24000,28000,103133,633,1600,2156.3410918290288,13.979999930597842,27578.906600014307,4765.160899033287
1791145539,1000,,Aggregated,231.200000,0.000000,1600,2200,2700,3100,4300,5900,7800,9300,19000,24000,28000,103437,633,1600,2156.4483073871324,13.979999930597842,27578.906600014307,4765.283041851561
1791145541,1000,,Aggregated,230.200000,0.000000,1600,2200,2700,3100,4300,5900,7800,9300,19000,24000,28000,103620,633,1600,2157.311603304412,13.979999930597842,27578.906600014307,4764.607440648523
1791145542,1000,,Aggregated,230.400000,0.000000,1600,2200,2700,3100,4300,5900,7800,9300,19000,24000,28000,103899,633,1600,2158.4964045554157,13.979999930597842,27578.906600014307,4764.66117094486
1791145543,1000,,Aggregated,218.200000,0.000000,1600,2200,2700,3100,4300,5900,7800,9300,19000,24000,28000,104204,633,1600,2158.359017754628,13.979999930597842,27578.906600014307,4764.724386779778
1791145544,1000,,Aggregated,217.600000,0.000000,1600,2200,2700,3100,4300,5900,7800,9300,19000,24000,28000,104525,633,1600,2157.855703021312,13.979999930597842,27578.906600014307,4764.709562305668
1791145545,1000,,Aggregated,224.400000,0.000000,1600,2200,2700,3100,4300,5900,7800,9300,19000,24000,28000,104750,633,1600,2157.0150955465547,13.979999930597842,27578.906600014307,4764.763331742243
1791145546,1000,,Aggregated,232.100000,0.000000,1600,2200,2700,3100,4300,5900,7800,9300,19000,24000,28000,105023,633,1600,2156.4964788084744,13.979999930597842,27578.906600014307,4765.110337735544
1791145547,1000,,Aggregated,228.100000,0.000000,1600,2200,2700,3100,4300,5900,7800,9300,19000,24000,28000,105326,633,1600,2155.5290183079487,13.979999930597842,27578.906600014307,4764.635427149991
1791145548,1000,,Aggregated,230.000000,0.000000,1600,2200,2700,3100,4300,5900,7800,9300,19000,24000,28000,105588,633,1600,2154.909086454925,13.979999930597842,27578.906600014307,4764.459616623101
1791145549,1000,,Aggregated,234.700000,0.000000,1600,2200,2700,3100,4300,5900,7800,9300,19000,24000,28000,105857,633,1600,2154.3004944944673,13.979999930597842,27578.906600014307,4764.72197398377
1791145550,1000,,Aggregated,246.000000,0.000000,1600,2200,2700,3100,4300,5900,7800,9300,19000,24000,28000,106130,633,1600,2152.5335409394293,13.979999930597842,27578.906600014307,4764.7344483181005
1791145551,1000,,Aggregated,244.200000,0.000000,1600,2200,2700,3100,4300,5900,7800,9300,19000,24000,28000,106447,633,1600,2151.550929285946,13.979999930597842,27578.906600014307,4764.798378535797
1791145552,1000,,Aggregated,245.700000,0.000000,1600,2200,2700,3100,4300,5900,7800,9300,19000,24000,28000,106720,633,1600,2150.0369993328504,13.979999930597842,27578.906600014307,4764.845014992504
1791145553,1000,,Aggregated,264.100000,0.000000,1600,2200,2700,3100,4300,5900,7800,9300,19000,24000,28000,106977,633,1600,2149.2459775951943,13.979999930597842,27578.906600014307,4765.4694186600855
1791145554,1000,,Aggregated,269.300000,0.000000,1600,2200,2700,3100,4300,5900,7700,9200,19000,24000,28000,107222,633,1600,2148.40585022851,13.979999930597842,27578.906600014307,4765.402893062991
1791145555,1000,,Aggregated,265.700000,0.000000,1600,2200,2700,3100,4300,5900,7700,9200,19000,24000,28000,107506,633,1600,2147.3032478670966,13.979999930597842,27578.906600014307,4765.406321507637
1791145556,1000,,Aggregated,255.900000,0.000000,1600,2200,2700,3100,4200,5900,7700,9200,19000,24000,28000,107800,633,1600,2146.4831922894296,13.979999930597842,27578.906600014307,4765.9614564007425
1791145558,1000,,Aggregated,262.900000,0.000000,1600,2200,2700,3100,4200,5900,7700,9200,19000,24000,28000,108106,633,1600,2145.404326704356,13.979999930597842,27578.906600014307,4765.341091151277
1791145559,1000,,Aggregated,264.100000,0.000000,1600,2200,2700,3100,4200,5900,7700,9200,19000,24000,28000,108278,633,1600,2144.225582674243,13.979999930597842,27578.906600014307,4765.420584052162
1791145560,1000,,Aggregated,266.100000,0.000000,1600,2200,2700,3100,4200,5900,7700,9200,19000,24000,28000,108567,633,1600,2143.1441465629646,13.979999930597842,27578.906600014307,4765.373888934943
1791145561,1000,,Aggregated,257.300000,0.000000,1600,2200,2700,3100,4200,5900,7700,9200,19000,24000,28000,108893,633,1600,2142.929006926999,13.979999930597842,27578.906600014307,4765.7692321820505
1791145562,1000,,Aggregated,259.900000,0.000000,1600,2200,2700,3100,4200,5900,7700,9200,19000,24000,28000,109200,633,1600,2141.8251807619235,13.979999930597842,27578.906600014307,4765.154807692307
1791145563,1000,,Aggregated,261.100000,0.000000,1600,2200,2700,3100,4200,5900,7700,9200,19000,24000,28000,109467,633,1600,2141.127740863465,13.979999930597842,27578.906600014307,4765.627266664839
1791145564,1000,,Aggregated,267.500000,0.000000,1600,2200,2700,3100,4200,5900,7700,9200,19000,24000,28000,109771,633,1600,2139.1887133915266,13.979999930597842,27578.906600014307,4765.825427480847
1791145565,1000,,Aggregated,263.900000,0.000000,1600,2200,2700,3100,4200,5900,7700,9200,19000,24000,28000,110130,633,1600,2137.7370245437423,13.979999930597842,27578.906600014307,4765.7942704077
1791145566,1000,,Aggregated,268.700000,0.000000,1600,2200,2700,3100,4200,5900,7700,9200,19000,24000,28000,110407,633,1600,2136.5075585171408,13.979999930597842,27578.906600014307,4765.6519242439335
1791145567,1000,,Aggregated,275.000000,0.000000,1600,2200,2700,3100,4200,5800,7700,9200,19000,24000,28000,110656,633,1600,2135.2236608688477,13.979999930597842,27578.906600014307,4765.590406304222
1791145568,1000,,Aggregated,273.000000,0.000000,1600,2200,2700,3000,4200,5800,7700,9200,19000,24000,28000,110920,633,1600,2133.604953602616,13.979999930597842,27578.906600014307,4765.576009736747
1791145569,1000,,Aggregated,272.300000,0.000000,1600,2200,2700,3000,4200,5800,7700,9200,19000,24000,28000,111258,633,1600,2132.3084087553507,13.979999930597842,27578.906600014307,4765.998229340811
1791145570,1000,,Aggregated,264.400000,0.000000,1600,2200,2700,3000,4200,5800,7700,9200,19000,24000,28000,111519,633,1600,2131.495674220557,13.979999930597842,27578.906600014307,4766.5837121925415
1791145571,1000,,Aggregated,275.400000,0.000000,1600,2200,2700,3000,4200,5800,7700,9200,19000,24000,28000,111765,633,1600,2130.161426245259,13.979999930597842,27578.906600014307,4767.136259115107
1791145572,1000,,Aggregated,278.700000,0.000000,1600,2200,2700,3000,4200,5800,7700,9200,19000,24000,28000,112080,633,1600,2128.371244238059,13.979999930597842,27578.906600014307,4766.694334403997
1791145573,1000,,Aggregated,271.500000,0.000000,1600,2200,2700,3000,4200,5800,7700,9200,19000,24000,28000,112363,633,1600,2127.508853572805,13.979999930597842,27578.906600014307,4766.632859571211
1791145574,1000,,Aggregated,262.700000,0.000000,1600,2200,2700,3000,4200,5800,7700,9200,19000,24000,28000,112659,633,1600,2126.895053400092,13.979999930597842,27578.906600014307,4766.799758563453
1791145575,1000,,Aggregated,270.800000,0.000000,1600,2200,2700,3000,4200,5800,7700,9200,19000,24000,28000,112963,633,1600,2125.0059352575704,13.979999930597842,27578.906600014307,4767.2122730451565
1791145577,1000,,Aggregated,268.800000,0.000000,1600,2200,2700,3000,4200,5800,7700,9200,19000,24000,28000,113321,633,1600,2122.9015455476037,13.979999930597842,27578.906600014307,4767.125113615305
1791145578,1000,,Aggregated,273.500000,0.000000,1600,2200,2700,3000,4200,5800,7700,9100,19000,24000,28000,113676,633,1600,2120.8774131505334,13.979999930597842,27578.906600014307,4766.87993947711
1791145579,1000,,Aggregated,274.800000,0.000000,1600,2200,2700,3000,4200,5800,7700,9100,19000,24000,28000,113929,633,1600,2119.1479333198668,13.979999930597842,27578.906600014307,4766.914253614093
1791145580,1000,,Aggregated,282.700000,0.000000,1600,2200,2700,3000,4200,5800,7700,9100,19000,24000,28000,114219,633,1600,2117.4851730316154,13.979999930597842,27578.906600014307,4766.2862045719185
1791145581,1000,,Aggregated,282.300000,0.000000,1600,2200,2700,3000,4200,5800,7700,9100,19000,24000,28000,114583,633,1600,2115.5423519239034,13.979999930597842,27578.906600014307,4766.55961180978
1791145582,1000,,Aggregated,278.300000,0.000000,1600,2200,2700,3000,4200,5800,7600,9100,19000,24000,28000,114907,633,1600,2112.9355262063873,13.979999930597842,27578.906600014307,4766.652666939351
1791145583,1000,,Aggregated,285.500000,0.000000,1600,2200,2700,3000,4200,5800,7600,9100,19000,24000,28000,115221,633,1600,2110.4920074100874,13.979999930597842,27578.906600014307,4765.98055909947
1791145584,1000,,Aggregated,297.000000,0.000000,1600,2200,2600,3000,4200,5800,7600,9100,19000,24000,28000,115470,633,1600,2108.445822039464,13.979999930597842,27578.906600014307,4766.038113795791
1791145585,1000,,Aggregated,293.700000,0.000000,1600,2200,2600,3000,4200,5800,7600,9100,19000,24000,28000,115833,633,1600,2106.392934325239,13.979999930597842,27578.906600014307,4766.235243842429
1791145586,1000,,Aggregated,294.000000,0.000000,1600,2200,2600,3000,4200,5800,7600,9100,19000,24000,28000,116146,633,1600,2104.0727553673323,13.979999930597842,27578.906600014307,4766.157766948496
1791145587,1000,,Aggregated,292.500000,0.000000,1600,2200,2600,3000,4200,5800,7600,9100,19000,24000,28000,116445,633,1600,2102.2754592193296,13.979999930597842,27578.906600014307,4766.148447765039
1791145588,1000,,Aggregated,294.900000,0.000000,1600,2200,2600,3000,4200,5800,7600,9100,19000,24000,28000,116746,633,1600,2100.079250598698,13.979999930597842,27578.906600014307,4766.1502406934715
1791145590,1000,,Aggregated,296.800000,0.000000,1600,2200,2600,3000,4200,5700,7600,9100,19000,24000,28000,117133,633,1600,2097.5812092168358,13.979999930597842,27578.906600014307,4766.156369255462
1791145591,1000,,Aggregated,297.900000,0.000000,1600,2200,2600,3000,4200,5700,7600,9100,19000,24000,28000,117363,633,1600,2096.834819207887,13.979999930597842,27578.906600014307,4766.5367875735965
1791145592,1000,,Aggregated,301.500000,0.000000,1600,2200,2600,3000,4200,5700,7600,9100,19000,24000,28000,117556,633,1600,2095.989462550573,13.979999930597842,27578.906600014307,4766.585457143829
1791145593,1000,,Aggregated,292.900000,0.000000,1600,2200,2600,3000,4200,5700,7600,9100,19000,24000,28000,117771,633,1600,2095.539405443566,13.979999930597842,27578.906600014307,4766.85431897496
1791145594,1000,,Aggregated,276.400000,0.000000,1600,2200,2600,3000,4100,5700,7600,9100,19000,24000,28000,118038,633,1600,2095.4583773945287,13.979999930597842,27578.906600014307,4767.043096291025
1791145595,1000,,Aggregated,269.400000,0.000000,1600,2200,2600,3000,4100,5700,7600,9100,19000,24000,28000,118284,633,1600,2096.1489396046404,13.979999930597842,27578.906600014307,4767.1347181360115
1791145596,1000,,Aggregated,261.000000,0.000000,1600,2200,2600,3000,4100,5700,7600,9100,19000,24000,28000,118595,633,1600,2096.4579061722193,13.979999930597842,27578.906600014307,4767.378093511531
1791145597,1000,,Aggregated,254.500000,0.000000,1600,2200,2600,3000,4100,5700,7600,9000,19000,24000,28000,118877,633,1600,2096.415688927161,13.979999930597842,27578.906600014307,4767.611834080604
1791145599,1000,,Aggregated,253.700000,0.000000,1600,2200,2600,3000,4100,5700,7600,9000,19000,24000,28000,119058,633,1600,2096.943314828004,13.979999930597842,27578.906600014307,4767.798190797763
1791145600,1000,,Aggregated,240.500000,0.000000,1600,2200,2700,3000,4100,5700,7600,9000,19000,24000,28000,119264,633,1600,2098.6091863814154,13.979999930597842,27578.906600014307,4767.780285752616
1791145601,1000,,Aggregated,223.200000,0.000000,1600,2200,2700,3000,4100,5700,7600,9000,19000,24000,28000,119557,633,1600,2099.482920132612,13.979999930597842,27578.906600014307,4767.531144140452
1791145602,1000,,Aggregated,210.100000,0.000000,1600,2200,2700,3000,4100,5700,7600,9000,19000,24000,28000,119912,633,1600,2099.786866472033,13.979999930597842,27578.906600014307,4768.023141970779
1791145603,1000,,Aggregated,211.600000,0.000000,1600,2200,2700,3000,4100,5700,7600,9000,19000,24000,28000,120141,633,1600,2100.1645346242703,13.979999930597842,27578.906600014307,4768.089677961729
1791145604,1000,,Aggregated,225.600000,0.000000,1600,2200,2700,3000,4100,5700,7600,9000,19000,24000,28000,120418,633,1600,2100.8069793767904,13.979999930597842,27578.906600014307,4768.056428440931
1791145605,1000,,Aggregated,230.400000,0.000000,1600,2200,2700,3000,4100,5700,7600,9000,19000,24000,28000,120687,633,1600,2100.1739871485356,13.979999930597842,27578.906600014307,4768.5304382410695
1791145606,1000,,Aggregated,226.300000,0.000000,1600,2200,2700,3000,4100,5700,7600,9000,19000,24000,28000,120931,633,1600,2100.2080491875167,13.979999930597842,27578.906600014307,4768.72354483135
1791145607,1000,,Aggregated,230.000000,0.000000,1600,2200,2700,3000,4100,5700,7600,9000,19000,24000,28000,121228,633,1600,2099.8963857573794,13.979999930597842,27578.906600014307,4768.871927277527
1791145609,1000,,Aggregated,218.900000,0.000000,1600,2200,2700,3000,4100,5700,7600,9000,19000,24000,28000,121526,633,1600,2099.5916814236953,13.979999930597842,27578.906600014307,4768.9422510409295
1791145610,1000,,Aggregated,230.100000,0.000000,1600,2200,2700,3000,4100,5700,7600,9000,19000,24000,28000,121805,633,1600,2099.203533277752,13.979999930597842,27578.906600014307,4769.2252616887645
1791145611,1000,,Aggregated,245.800000,0.000000,1600,2200,2700,3000,4100,5700,7600,9000,19000,24000,28000,122010,633,1600,2099.4751907646555,13.979999930597842,27578.906600014307,4769.418637816572
1791145612,1000,,Aggregated,248.400000,0.000000,1600,2200,2700,3000,4100,5700,7600,9000,19000,24000,28000,122235,633,1600,2099.673886327117,13.979999930597842,27578.906600014307,4769.56865055017
1791145614,1000,,Aggregated,226.300000,0.000000,1600,2200,2700,3000,4100,5700,7600,9000,19000,24000,28000,122366,633,1600,2100.4891483630677,13.979999930597842,27578.906600014307,4769.534609286893
1791145616,1000,,Aggregated,211.500000,0.000000,1600,2200,2700,3000,4100,5700,7600,9000,19000,24000,28000,122494,633,1600,2102.644656390475,13.979999930597842,27578.906600014307,4769.52030303525
1791145617,1000,,Aggregated,190.800000,0.000000,1600,2200,2700,3000,4200,5800,7600,9000,19000,24000,28000,122843,633,1600,2109.261792316151,13.979999930597842,27578.906600014307,4769.474662780948
1791145618,1000,,Aggregated,177.300000,0.000000,1600,2200,2700,3000,4200,5800,7600,9000,19000,24000,28000,123060,633,1600,2112.3826985941278,13.979999930597842,27578.906600014307,4769.831196164472
1791145620,1000,,Aggregated,181.300000,0.000000,1600,2200,2700,3000,4200,5800,7600,9000,19000,24000,28000,123251,633,1600,2116.122357974322,13.979999930597842,27578.906600014307,4769.563354455542
1791145621,1000,,Aggregated,160.700000,0.000000,1600,2200,2700,3100,4200,5800,7600,9000,19000,24000,28000,123460,633,1600,2118.4824137752553,13.979999930597842,27578.906600014307,4769.8219099303415
1791145622,1000,,Aggregated,153.300000,0.000000,1600,2200,2700,3100,4200,5800,7600,9100,19000,24000,28000,123744,633,1600,2120.922138909302,13.979999930597842,27578.906600014307,4769.986035686578
1791145623,1000,,Aggregated,153.800000,0.000000,1600,2200,2700,3100,4200,5800,7600,9100,19000,24000,28000,123951,633,1600,2121.974815990939,13.979999930597842,27578.906600014307,4770.102185541061
1791145624,1000,,Aggregated,163.500000,0.000000,1600,2200,2700,3100,4200,5800,7600,9100,19000,24000,28000,124186,633,1600,2122.3652712881703,13.979999930597842,27578.906600014307,4770.235702897267
1791145625,1000,,Aggregated,163.500000,0.000000,1600,2200,2700,3100,4200,5800,7600,9100,19000,24000,28000,124419,633,1600,2123.6785613298102,13.979999930597842,27578.906600014307,4770.558290936272
1791145626,1000,,Aggregated,175.600000,0.000000,1600,2200,2700,3100,4200,5800,7600,9100,19000,24000,28000,124620,633,1600,2124.7177174794833,13.979999930597842,27578.906600014307,4770.478943989729
1791145627,1000,,Aggregated,194.900000,0.000000,1600,2200,2700,3100,4200,5800,7600,9100,19000,24000,28000,124855,633,1600,2125.94465778698,13.979999930597842,27578.906600014307,4770.535413079172
1791145628,1000,,Aggregated,201.800000,0.000000,1700,2200,2700,3100,4200,5800,7600,9100,19000,24000,28000,125050,633,1700,2126.3128608452025,13.979999930597842,27578.906600014307,4770.672235105958
1791145630,1000,,Aggregated,193.100000,0.000000,1700,2200,2700,3100,4200,5800,7600,9100,19000,24000,28000,125257,633,1700,2128.64519039648,13.979999930597842,27578.906600014307,4770.347924666885
1791145631,1000,,Aggregated,192.700000,0.000000,1700,2200,2700,3100,4200,5800,7600,9100,19000,24000,28000,125516,633,1700,2131.9686272665726,13.979999930597842,27578.906600014307,4770.302312055834
1791145632,1000,,Aggregated,194.200000,0.000000,1700,2200,2700,3100,4200,5800,7700,9100,19000,24000,28000,125694,633,1700,2133.249226640018,13.979999930597842,27578.906600014307,4770.473379795376
1791145633,1000,,Aggregated,200.300000,0.000000,1700,2200,2700,3100,4300,5800,7700,9100,19000,24000,28000,125967,633,1700,2135.5609560145926,13.979999930597842,27578.906600014307,4770.571443314519
1791145634,1000,,Aggregated,194.400000,0.000000,1700,2200,2700,3100,4300,5800,7700,9100,19000,24000,28000,126200,633,1700,2138.022753657597,13.979999930597842,27578.906600014307,4770.5111410459585
1791145635,1000,,Aggregated,191.000000,0.000000,1700,2200,2700,3100,4300,5800,7700,9100,19000,24000,28000,126469,633,1700,2138.614402509624,13.979999930597842,27578.906600014307,4770.657505001225
1791145637,1000,,Aggregated,188.500000,0.000000,1700,2200,2700,3100,4300,5800,7700,9100,19000,24000,28000,126740,633,1700,2138.980689343452,13.979999930597842,27578.906600014307,4771.11461259271
1791145638,1000,,Aggregated,197.800000,0.000000,1700,2200,2700,3100,4300,5800,7700,9100,19000,24000,28000,126941,633,1700,2141.0780835332075,13.979999930597842,27578.906600014307,4771.180721752626
1791145639,1000,,Aggregated,199.900000,0.000000,1700,2200,2700,3100,4300,5800,7700,9100,19000,24000,28000,127287,633,1700,2142.6631237266183,13.979999930597842,27578.906600014307,4770.800843762521
1791145641,1000,,Aggregated,189.200000,0.000000,1700,2200,2700,3100,4300,5800,7700,9100,19000,24000,28000,127603,633,1700,2143.641153797246,13.979999930597842,27578.906600014307,4770.794464079998
1791145643,1000,,Aggregated,212.000000,0.000000,1700,2200,2700,3100,4300,5800,7700,9100,19000,24000,28000,127859,633,1700,2144.2498022328436,13.979999930597842,27578.906600014307,4770.848551920475
1791145644,1000,,Aggregated,209.100000,0.000000,1700,2200,2700,3100,4300,5800,7700,9100,19000,24000,28000,127987,633,1700,2145.6957129934276,13.979999930597842,27578.906600014307,4770.885855594709
1791145645,1000,,Aggregated,199.000000,0.000000,1700,2200,2700,3100,4300,5800,7700,9100,19000,24000,28000,128194,633,1700,2146.783064696397,13.979999930597842,27578.906600014307,4771.067733279248
1791145646,1000,,Aggregated,194.900000,0.000000,1700,2200,2800,3100,4300,5800,7700,9100,19000,24000,28000,128463,633,1700,2149.119612324865,13.979999930597842,27578.906600014307,4771.18252726466
1791145647,1000,,Aggregated,188.800000,0.000000,1700,2300,2800,3100,4300,5800,7700,9100,19000,24000,28000,128684,633,1700,2150.0744918940227,13.979999930597842,27578.906600014307,4771.197522613534
1791145649,1000,,Aggregated,180.000000,0.000000,1700,2300,2800,3100,4300,5800,7700,9100,19000,24000,28000,128923,633,1700,2150.656118386103,13.979999930597842,27578.906600014307,4771.477657206239
1791145650,1000,,Aggregated,188.600000,0.000000,1700,2300,2800,3100,4300,5800,7700,9100,18000,24000,28000,129185,633,1700,2152.3575844563393,13.979999930597842,27578.906600014307,4771.932701164996
1791145651,1000,,Aggregated,197.700000,0.000000,1700,2300,2800,3100,4300,5900,7700,9100,19000,24000,28000,129471,633,1700,2154.621832679072,13.979999930597842,27578.906600014307,4772.158336615922
1791145652,1000,,Aggregated,184.200000,0.000000,1700,2300,2800,3100,4300,5900,7700,9100,19000,24000,28000,129785,633,1700,2155.7475431497587,13.979999930597842,27578.906600014307,4771.885048349193
1791145653,1000,,Aggregated,184.800000,0.000000,1700,2300,2800,3100,4300,5900,7700,9100,18000,24000,28000,130106,633,1700,2155.265885212755,13.979999930597842,27578.906600014307,4771.993528353803
1791145654,1000,,Aggregated,186.800000,0.000000,1700,2300,2800,3100,4300,5900,7700,9100,18000,24000,28000,130319,633,1700,2155.114663008392,13.979999930597842,27578.906600014307,4772.236880270721
1791145656,1000,,Aggregated,219.000000,0.000000,1700,2300,2800,3100,4300,5900,7700,9100,18000,24000,28000,130527,633,1700,2155.260562467476,13.979999930597842,27578.906600014307,4772.149340749424
1791145657,1000,,Aggregated,223.100000,0.000000,1700,2300,2800,3100,4300,5800,7700,9100,18000,24000,28000,130709,633,1700,2155.3320353624713,13.979999930597842,27578.906600014307,4771.95023296024
1791145658,1000,,Aggregated,227.600000,0.000000,1700,2300,2800,3100,4300,5800,7700,9100,18000,24000,28000,130883,633,1700,2156.1480960743074,13.979999930597842,27578.906600014307,4771.958825821535
1791145659,1000,,Aggregated,221.300000,0.000000,1700,2300,2800,3100,4300,5800,7700,9100,18000,24000,28000,131096,633,1700,2157.855376801681,13.979999930597842,27578.906600014307,4771.865091230854
1791145661,1000,,Aggregated,212.100000,0.000000,1700,2300,2800,3100,4300,5900,7700,9100,18000,24000,28000,131249,633,1700,2160.1254307018903,13.979999930597842,27578.906600014307,4772.033760257221
1791145662,1000,,Aggregated,196.900000,0.000000,1700,2300,2800,3100,4300,5900,7700,9100,18000,24000,28000,131462,633,1700,2163.2014140610304,13.979999930597842,27578.906600014307,4771.943177496159
1791145664,1000,,Aggregated,174.300000,0.000000,1700,2300,2800,3100,4400,5900,7700,9100,18000,24000,28000,131620,633,1700,2166.028756336347,13.979999930597842,27578.906600014307,4771.95824342805
1791145665,1000,,Aggregated,163.700000,0.000000,1700,2300,2800,3100,4400,5900,7800,9100,18000,24000,28000,131818,633,1700,2170.203195156877,13.979999930597842,27578.906600014307,4772.007351044622
1791145667,1000,,Aggregated,137.100000,0.000000,1700,2300,2800,3200,4400,5900,7800,9100,18000,24000,28000,132056,633,1700,2174.707327823716,13.979999930597842,27578.906600014307,4772.096746834676
1791145668,1000,,Aggregated,130.800000,0.000000,1700,2300,2800,3200,4400,5900,7800,9100,19000,24000,28000,132236,633,1700,2178.85655725058,13.979999930597842,27578.906600014307,4772.169099186303
1791145669,1000,,Aggregated,132.400000,0.000000,1700,2300,2800,3200,4400,6000,7900,9200,19000,24000,28000,132507,633,1700,2185.2134727621074,13.979999930597842,27578.906600014307,4771.862694046352
1791145670,1000,,Aggregated,134.100000,0.000000,1700,2300,2800,3200,4400,6000,7900,9200,19000,24000,28000,132803,633,1700,2190.1877817955024,13.979999930597842,27578.906600014307,4772.48593781767
1791145671,1000,,Aggregated,131.600000,0.000000,1700,2300,2800,3200,4400,6000,7900,9300,18000,24000,28000,133111,633,1700,2190.745570297637,13.979999930597842,27578.906600014307,4772.645243443442
1791145672,1000,,Aggregated,145.100000,0.000000,1700,2300,2800,3200,4400,6000,7900,9300,18000,24000,28000,133434,633,1700,2190.2513804629143,13.979999930597842,27578.906600014307,4772.48367732362
1791145674,1000,,Aggregated,180.000000,0.000000,1700,2300,2800,3200,4400,6000,7900,9300,18000,24000,28000,133745,633,1700,2189.254612712915,13.979999930597842,27578.906600014307,4772.459134920931
1791145675,1000,,Aggregated,195.500000,0.000000,1700,2300,2800,3200,4400,6000,7900,9300,18000,24000,28000,133973,633,1700,2188.375581111789,13.979999930597842,27578.906600014307,4772.390892194696
1791145676,1000,,Aggregated,211.200000,0.000000,1700,2300,2800,3200,4400,6000,7900,9300,18000,24000,28000,134202,633,1700,2187.2309073373763,13.979999930597842,27578.906600014307,4772.521095065647
1791145677,1000,,Aggregated,226.100000,0.000000,1700,2300,2800,3200,4400,6000,7900,9300,18000,24000,28000,134519,633,1700,2185.980113513267,13.979999930597842,27578.906600014307,4772.327396129915
1791145678,1000,,Aggregated,234.200000,0.000000,1700,2300,2800,3200,4400,6000,7900,9200,18000,24000,28000,134760,633,1700,2185.217026695542,13.979999930597842,27578.906600014307,4772.2273894330665
1791145679,1000,,Aggregated,244.600000,0.000000,1700,2300,2800,3200,4400,6000,7900,9200,18000,24000,28000,135021,633,1700,2185.291877340502,13.979999930597842,27578.906600014307,4772.570748253976
1791145680,1000,,Aggregated,254.100000,0.000000,1700,2300,2800,3200,4400,6000,7900,9200,18000,24000,28000,135305,633,1700,2184.3581891585154,13.979999930597842,27578.906600014307,4772.632171760098
1791145681,1000,,Aggregated,265.200000,0.000000,1700,2300,2800,3200,4400,6000,7900,9200,18000,24000,28000,135600,633,1700,2183.7124624497974,13.979999930597842,27578.906600014307,4772.978119469027
1791145683,1000,,Aggregated,264.000000,0.000000,1700,2300,2800,3200,4400,6000,7900,9200,18000,24000,28000,135842,633,1700,2184.054227442108,13.979999930597842,27578.906600014307,4772.79685222538
1791145684,1000,,Aggregated,253.500000,0.000000,1700,2300,2800,3200,4400,6000,7900,9200,18000,24000,28000,136038,633,1700,2184.905993396633,13.979999930597842,27578.906600014307,4772.808391772887
1791145686,1000,,Aggregated,219.500000,0.000000,1700,2300,2800,3200,4400,6000,7900,9200,18000,24000,28000,136212,633,1700,2187.314946906964,13.979999930597842,27578.906600014307,4772.837429888703
1791145687,1000,,Aggregated,208.700000,0.000000,1700,2300,2800,3200,4400,6000,7900,9200,18000,24000,28000,136591,633,1700,2189.915309499832,13.979999930597842,27578.906600014307,4772.759303321595
1791145688,1000,,Aggregated,198.900000,0.000000,1700,2300,2800,3200,4400,6000,7900,9200,18000,24000,28000,136802,633,1700,2191.2872356558455,13.979999930597842,27578.906600014307,4772.951060657008
1791145689,1000,,Aggregated,203.600000,0.000000,1700,2300,2800,3200,4400,6000,7900,9200,18000,24000,28000,137058,633,1700,2192.1112795764643,13.979999930597842,27578.906600014307,4773.102204905952
1791145691,1000,,Aggregated,193.700000,0.000000,1700,2300,2800,3200,4400,6000,7900,9200,18000,24000,28000,137421,633,1700,2193.066373781241,13.979999930597842,27578.906600014307,4772.980083102291
1791145692,1000,,Aggregated,186.900000,0.000000,1700,2300,2800,3200,4400,6000,7900,9200,18000,24000,28000,137725,633,1700,2192.1833777737593,13.979999930597842,27578.906600014307,4773.157640225087
1791145693,1000,,Aggregated,189.900000,0.000000,1700,2300,2800,3200,4400,6000,7900,9200,18000,24000,28000,138059,633,1700,2190.83936106151,13.979999930597842,27578.906600014307,4772.84261801114
1791145694,1000,,Aggregated,200.500000,0.000000,1700,2300,2800,3200,4400,6000,7900,9200,18000,24000,28000,138365,633,1700,2189.6951301585755,13.979999930597842,27578.906600014307,4773.281516279406
1791145695,1000,,Aggregated,213.100000,0.000000,1700,2300,2800,3200,4400,6000,7900,9200,18000,24000,28000,138546,633,1700,2189.4684643749506,13.979999930597842,27578.906600014307,4773.356069464294
1791145697,1000,,Aggregated,232.700000,0.000000,1700,2300,2800,3200,4400,6000,7900,9200,18000,24000,28000,138828,633,1700,2189.666556478462,13.979999930597842,27578.906600014307,4773.281333736711
1791145698,1000,,Aggregated,238.100000,0.000000,1700,2300,2800,3200,4400,6000,7900,9200,18000,24000,28000,139120,633,1700,2189.836044847554,13.979999930597842,27578.906600014307,4773.73565267395
1791145699,1000,,Aggregated,231.500000,0.000000,1700,2300,2800,3200,4400,6000,7900,9200,18000,24000,28000,139413,633,1700,2190.09075374457,13.979999930597842,27578.906600014307,4774.266919153881
1791145700,1000,,Aggregated,238.700000,0.000000,1700,2300,2800,3200,4400,6000,7900,9200,18000,24000,28000,139673,633,1700,2189.6574331717115,13.979999930597842,27578.906600014307,4774.100448905659
1791145701,1000,,Aggregated,242.400000,0.000000,1700,2300,2800,3200,4400,6000,7900,9200,18000,24000,28000,139937,633,1700,2189.6763315913017,13.979999930597842,27578.906600014307,4774.362741805241
1791145703,1000,,Aggregated,229.800000,0.000000,1700,2300,2800,3200,4400,6000,7900,9200,18000,24000,28000,140240,633,1700,2189.6247029142314,13.979999930597842,27578.906600014307,4774.487671135197
1791145704,1000,,Aggregated,225.500000,0.000000,1700,2300,2800,3200,4400,6000,7900,9200,18000,24000,28000,140568,633,1700,2188.4298706077598,13.979999930597842,27578.906600014307,4774.089138352968
1791145705,1000,,Aggregated,225.800000,0.000000,1700,2300,2800,3200,4400,5900,7900,9200,18000,24000,28000,140856,633,1700,2187.4095660894163,13.979999930597842,27578.906600014307,4774.012885500085
1791145706,1000,,Aggregated,233.700000,0.000000,1700,2300,2800,3200,4400,5900,7800,9200,18000,24000,28000,141161,633,1700,2186.114181298598,13.979999930597842,27578.906600014307,4773.744766614008
1791145707,1000,,Aggregated,245.700000,0.000000,1700,2300,2800,3200,4400,5900,7800,9200,18000,24000,28000,141488,633,1700,2185.4491903821577,13.979999930597842,27578.906600014307,4773.485164819632
1791145708,1000,,Aggregated,253.100000,0.000000,1700,2300,2800,3200,4400,5900,7800,9200,18000,24000,28000,141796,633,1700,2183.990533646161,13.979999930597842,27578.906600014307,4773.560840926401
1791145709,1000,,Aggregated,247.600000,0.000000,1700,2300,2800,3200,4400,5900,7800,9200,18000,24000,28000,142100,633,1700,2182.287676786006,13.979999930597842,27578.906600014307,4773.837114707952
1791145710,1000,,Aggregated,256.500000,0.000000,1700,2300,2800,3200,4400,5900,7800,9200,18000,24000,28000,142416,633,1700,2180.7636983386137,13.979999930597842,27578.906600014307,4774.069725311762
1791145712,1000,,Aggregated,270.200000,0.000000,1700,2300,2800,3200,4400,5900,7800,9200,18000,24000,28000,142724,633,1700,2180.1125159580165,13.979999930597842,27578.906600014307,4774.713425912951
1791145713,1000,,Aggregated,276.800000,0.000000,1700,2300,2800,3200,4400,5900,7800,9200,18000,24000,28000,142984,633,1700,2178.6632642707687,13.979999930597842,27578.906600014307,4774.633742236893
1791145714,1000,,Aggregated,277.700000,0.000000,1700,2300,2800,3100,4400,5900,7800,9200,18000,24000,28000,143288,633,1700,2177.252585768475,13.979999930597842,27578.906600014307,4774.586043492825
1791145715,1000,,Aggregated,273.100000,0.000000,1700,2300,2800,3100,4400,5900,7800,9100,18000,24000,28000,143651,633,1700,2175.439118259485,13.979999930597842,27578.906600014307,4774.5446742452195
1791145716,1000,,Aggregated,272.400000,0.000000,1700,2300,2800,3100,4400,5900,7800,9100,18000,24000,28000,143945,633,1700,2173.414126724053,13.979999930597842,27578.906600014307,4774.958692556184
1791145717,1000,,Aggregated,276.800000,0.000000,1700,2300,2800,3100,4400,5900,7800,9100,18000,24000,28000,144225,633,1700,2171.78641155412,13.979999930597842,27578.906600014307,4775.277004680187
1791145718,1000,,Aggregated,282.300000,0.000000,1700,2300,2800,3100,4400,5900,7800,9100,18000,24000,28000,144497,633,1700,2170.9906567914486,13.979999930597842,27578.906600014307,4775.550800362637
1791145719,1000,,Aggregated,284.600000,0.000000,1700,2300,2800,3100,4400,5900,7800,9100,18000,24000,28000,144861,633,1700,2169.841000251248,13.979999930597842,27578.906600014307,4775.113674487958
1791145720,1000,,Aggregated,267.700000,0.000000,1700,2300,2800,3100,4400,5900,7800,9100,18000,24000,28000,145147,633,1700,2168.183519727558,13.979999930597842,27578.906600014307,4775.73703900184
1791145721,1000,,Aggregated,276.100000,0.000000,1700,2300,2800,3100,4400,5900,7800,9100,18000,24000,28000,145399,633,1700,2166.6159723354012,13.979999930597842,27578.906600014307,4775.040433565568
1791145722,1000,,Aggregated,280.500000,0.000000,1700,2300,2800,3100,4400,5900,7800,9100,18000,24000,28000,145674,633,1700,2165.0253157728575,13.979999930597842,27578.906600014307,4775.1301330367805
1791145723,1000,,Aggregated,282.500000,0.000000,1700,2300,2800,3100,4400,5900,7800,9100,18000,24000,28000,145991,633,1700,2164.2204467254546,13.979999930597842,27578.906600014307,4775.430074456644
1791145724,1000,,Aggregated,281.700000,0.000000,1700,2300,2800,3100,4400,5900,7800,9100,18000,24000,28000,146339,633,1700,2163.345903544483,13.979999930597842,27578.906600014307,4775.863153363081
1791145725,1000,,Aggregated,278.700000,0.000000,1700,2300,2800,3100,4400,5900,7800,9100,18000,24000,28000,146645,633,1700,2161.566019556051,13.979999930597842,27578.906600014307,4775.851996317638
1791145726,1000,,Aggregated,280.500000,0.000000,1700,2300,2800,3100,4400,5900,7800,9100,18000,24000,28000,146929,633,1700,2159.7596093732254,13.979999930597842,27578.906600014307,4775.950404617196
1791145728,1000,,Aggregated,279.000000,0.000000,1700,2300,2800,3100,4400,5900,7800,9100,18000,24000,28000,147235,633,1700,2157.938271368896,13.979999930597842,27578.906600014307,4776.005521784901
1791145729,1000,,Aggregated,279.400000,0.000000,1700,2300,2800,3100,4400,5900,7800,9100,18000,24000,28000,147525,633,1700,2157.320595791217,13.979999930597842,27578.906600014307,4775.984334858498
1791145730,1000,,Aggregated,290.200000,0.000000,1700,2300,2800,3100,4400,5900,7800,9100,18000,24000,28000,147766,633,1700,2156.8149051371724,13.979999930597842,27578.906600014307,4775.995384594562
1791145731,1000,,Aggregated,278.800000,0.000000,1700,2300,2800,3100,4300,5900,7800,9100,18000,24000,28000,148106,633,1700,2155.6013755877498,13.979999930597842,27578.906600014307,4775.557148258679
1791145732,1000,,Aggregated,271.700000,0.000000,1700,2300,2800,3100,4300,5800,7800,9100,18000,24000,28000,148468,633,1700,2154.268302379638,13.979999930597842,27578.906600014307,4775.738058032707
1791145733,1000,,Aggregated,274.700000,0.000000,1700,2300,2800,3100,4300,5800,7800,9100,18000,24000,28000,148775,633,1700,2152.224113740218,13.979999930597842,27578.906600014307,4775.921048563267
1791145734,1000,,Aggregated,281.400000,0.000000,1700,2300,2800,3100,4300,5800,7800,9100,18000,24000,28000,148968,633,1700,2151.2463614091703,13.979999930597842,27578.906600014307,4775.850780033295
1791145735,1000,,Aggregated,291.700000,0.000000,1700,2300,2800,3100,4300,5800,7700,9100,18000,24000,28000,149252,633,1700,2150.2290266093664,13.979999930597842,27578.906600014307,4775.378520890842
1791145736,1000,,Aggregated,280.600000,0.000000,1700,2300,2800,3100,4300,5800,7700,9100,18000,24000,28000,149624,633,1700,2149.357958424471,13.979999930597842,27578.906600014307,4775.494526279206
1791145737,1000,,Aggregated,268.100000,0.000000,1700,2300,2700,3100,4300,5800,7700,9100,18000,24000,28000,149958,633,1700,2147.5381197548872,13.979999930597842,27578.906600014307,4775.709498659625
1791145738,1000,,Aggregated,274.900000,0.000000,1700,2300,2700,3100,4300,5800,7700,9100,18000,24000,28000,150218,633,1700,2146.0395737481826,13.979999930597842,27578.906600014307,4775.736303239292
1791145739,1000,,Aggregated,282.900000,0.000000,1700,2300,2700,3100,4300,5800,7700,9100,18000,24000,28000,150462,633,1700,2145.0326569585955,13.979999930597842,27578.906600014307,4776.05942364185
1791145741,1000,,Aggregated,281.800000,0.000000,1700,2300,2700,3100,4300,5800,7700,9100,18000,24000,28000,150770,633,1700,2144.1101547072017,13.979999930597842,27578.906600014307,4776.208098428069
1791145742,1000,,Aggregated,274.200000,0.000000,1700,2300,2700,3100,4300,5800,7700,9100,18000,24000,28000,151114,633,1700,2143.2683472967833,13.979999930597842,27578.906600014307,4776.193357332874
1791145743,1000,,Aggregated,274.700000,0.000000,1700,2200,2700,3100,4300,5800,7700,9000,18000,24000,28000,151404,633,1700,2142.318365411121,13.979999930597842,27578.906600014307,4776.361027449737
1791145744,1000,,Aggregated,275.400000,0.000000,1700,2200,2700,3100,4300,5800,7700,9000,18000,24000,28000,151727,633,1700,2140.7242479348197,13.979999930597842,27578.906600014307,4776.29750802428
1791145745,1000,,Aggregated,271.900000,0.000000,1700,2200,2700,3100,4300,5800,7700,9000,18000,24000,28000,151943,633,1700,2140.1068940616346,13.979999930597842,27578.906600014307,4776.328359977097
1791145746,1000,,Aggregated,280.600000,0.000000,1700,2200,2700,3100,4300,5800,7700,9000,18000,24000,28000,152086,633,1700,2139.9389578495584,13.979999930597842,27578.906600014307,4776.217528240601
1791145747,1000,,Aggregated,282.000000,0.000000,1700,2200,2700,3100,4300,5800,7700,9000,18000,24000,28000,152355,633,1700,2139.990621919918,13.979999930597842,27578.906600014307,4775.980624200059
1791145748,1000,,Aggregated,258.600000,0.000000,1700,2300,2700,3100,4300,5800,7700,9000,18000,24000,28000,152640,633,1700,2140.390760727923,13.979999930597842,27578.906600014307,4775.712558962264
1791145749,1000,,Aggregated,242.800000,0.000000,1700,2300,2700,3100,4300,5800,7700,9000,18000,24000,28000,152942,633,1700,2140.5657602497113,13.979999930597842,27578.906600014307,4775.37181415177
1791145750,1000,,Aggregated,241.000000,0.000000,1700,2300,2700,3100,4300,5800,7700,9000,18000,24000,28000,153188,633,1700,2140.7074404934538,13.979999930597842,27578.906600014307,4775.380689087918
1791145751,1000,,Aggregated,243.900000,0.000000,1700,2300,2700,3100,4300,5800,7700,9000,18000,24000,28000,153496,633,1700,2140.143834093467,13.979999930597842,27578.906600014307,4775.48935477146
1791145753,1000,,Aggregated,246.100000,0.000000,1700,2300,2700,3100,4300,5800,7700,9000,18000,24000,28000,153805,633,1700,2139.9493075394903,13.979999930597842,27578.906600014307,4775.2804330158315
1791145754,1000,,Aggregated,240.500000,0.000000,1700,2300,2700,3100,4300,5800,7700,9000,18000,24000,28000,154061,633,1700,2140.255919083425,13.979999930597842,27578.906600014307,4775.128955413765
1791145755,1000,,Aggregated,236.700000,0.000000,1700,2300,2700,3100,4300,5800,7700,9000,18000,24000,28000,154259,633,1700,2140.642049180358,13.979999930597842,27578.906600014307,4775.285007681886
1791145756,1000,,Aggregated,225.800000,0.000000,1700,2300,2700,3100,4300,5800,7700,9000,18000,24000,28000,154517,633,1700,2140.676525910506,13.979999930597842,27578.906600014307,4775.13681989684
1791145758,1000,,Aggregated,225.000000,0.000000,1700,2300,2700,3100,4300,5800,7700,9000,18000,24000,28000,154843,633,1700,2140.9927230802273,13.979999930597842,27578.906600014307,4775.0478290914025
1791145759,1000,,Aggregated,234.000000,0.000000,1700,2300,2700,3100,4300,5800,7700,9000,18000,24000,28000,155144,633,1700,2140.4522866885677,13.979999930597842,27578.906600014307,4775.317885319445
1791145760,1000,,Aggregated,238.000000,0.000000,1700,2300,2700,3100,4300,5800,7700,9000,18000,24000,28000,155377,633,1700,2139.9204194064187,13.979999930597842,27578.906600014307,4775.340629565509
1791145761,1000,,Aggregated,241.700000,0.000000,1700,2300,2700,3100,4300,5800,7700,9000,18000,24000,28000,155499,633,1700,2139.6967571753567,13.979999930597842,27578.906600014307,4775.398285519521
1791145762,1000,,Aggregated,239.600000,0.000000,1700,2300,2700,3100,4300,5800,7700,9000,18000,24000,28000,155799,633,1700,2140.7022074731685,13.979999930597842,27578.906600014307,4775.59499098197
1791145763,1000,,Aggregated,227.100000,0.000000,1700,2300,2800,3100,4300,5800,7700,9000,18000,24000,28000,156158,633,1700,2142.6286615633694,13.979999930597842,27578.906600014307,4775.547022887076
1791145765,1000,,Aggregated,205.900000,0.000000,1700,2300,2800,3100,4300,5800,7700,9000,18000,24000,28000,156446,633,1700,2143.523020673668,13.979999930597842,27578.906600014307,4775.727024021068
1791145766,1000,,Aggregated,226.300000,0.000000,1700,2300,2800,3100,4300,5800,7700,9000,18000,24000,28000,156728,633,1700,2143.0858244934634,13.979999930597842,27578.906600014307,4775.335045429024
1791145767,1000,,Aggregated,226.500000,0.000000,1700,2300,2700,3100,4300,5800,7700,9000,18000,24000,28000,157041,633,1700,2141.7630791953247,13.979999930597842,27578.906600014307,4774.8789806483655
1791145768,1000,,Aggregated,243.000000,0.000000,1700,2300,2700,3100,4300,5800,7700,9000,18000,24000,28000,157407,633,1700,2140.013313389578,13.979999930597842,27578.906600014307,4774.612075701843
1791145769,1000,,Aggregated,246.900000,0.000000,1700,2300,2700,3100,4300,5800,7700,9000,18000,24000,28000,157719,633,1700,2138.138390882605,13.979999930597842,27578.906600014307,4774.725968336092
1791145770,1000,,Aggregated,251.200000,0.000000,1700,2300,2700,3100,4300,5800,7700,9000,18000,24000,28000,158020,633,1700,2136.395621747963,13.979999930597842,27578.906600014307,4774.661384634856
1791145771,1000,,Aggregated,251.500000,0.000000,1700,2300,2700,3100,4300,5700,7600,9000,18000,24000,28000,158372,633,1700,2134.119884268137,13.979999930597842,27578.906600014307,4774.37169449145
1791145772,1000,,Aggregated,256.900000,0.000000,1700,2300,2700,3100,4300,5700,7600,9000,18000,24000,28000,158705,633,1700,2132.283673532118,13.979999930597842,27578.906600014307,4774.677748023061
1791145773,1000,,Aggregated,276.100000,0.000000,1700,2300,2700,3100,4300,5700,7600,9000,18000,24000,28000,158997,633,1700,2130.5531079228886,13.979999930597842,27578.906600014307,4774.848487707315
1791145774,1000,,Aggregated,289.400000,0.000000,1700,2300,2700,3100,4300,5700,7600,8900,18000,24000,28000,159372,633,1700,2128.4456465528147,13.979999930597842,27578.906600014307,4775.086583590593
1791145775,1000,,Aggregated,301.600000,0.000000,1700,2200,2700,3100,4300,5700,7600,8900,18000,24000,28000,159666,633,1700,2126.638813642319,13.979999930597842,27578.906600014307,4775.080511818421
1791145776,1000,,Aggregated,295.100000,0.000000,1700,2200,2700,3100,4300,5700,7600,8900,18000,24000,28000,159941,633,1700,2124.8834074941005,13.979999930597842,27578.906600014307,4775.354943385373
1791145777,1000,,Aggregated,309.100000,0.000000,1700,2200,2700,3100,4300,5700,7600,8900,18000,24000,28000,160296,633,1700,2123.699009094517,13.979999930597842,27578.906600014307,4775.559259120627
1791145778,1000,,Aggregated,307.100000,0.000000,1700,2200,2700,3100,4300,5700,7600,8900,18000,24000,28000,160603,633,1700,2122.254839424022,13.979999930597842,27578.906600014307,4775.5098908488635
1791145779,1000,,Aggregated,304.500000,0.000000,1700,2200,2700,3100,4200,5700,7600,8900,18000,24000,28000,160898,633,1700,2120.657637306342,13.979999930597842,27578.906600014307,4775.524816964785
1791145780,1000,,Aggregated,300.300000,0.000000,1700,2200,2700,3100,4200,5700,7600,8900,18000,24000,28000,161207,633,1700,2119.1770862972166,13.979999930597842,27578.906600014307,4775.201405646157
1791145781,1000,,Aggregated,299.900000,0.000000,1700,2200,2700,3100,4200,5700,7600,8900,18000,24000,28000,161530,633,1700,2117.7052501307126,13.979999930597842,27578.906600014307,4774.901238160094
1791145783,1000,,Aggregated,299.100000,0.000000,1700,2200,2700,3100,4200,5700,7600,8900,18000,24000,28000,161796,633,1700,2116.1986404942927,13.979999930597842,27578.906600014307,4774.834439664763
1791145784,1000,,Aggregated,296.200000,0.000000,1700,2200,2700,3100,4200,5700,7600,8900,18000,24000,28000,162152,633,1700,2114.3647165740554,13.979999930597842,27578.906600014307,4774.908351423356
1791145785,1000,,Aggregated,296.900000,0.000000,1700,2200,2700,3100,4200,5700,7600,8900,18000,24000,28000,162408,633,1700,2113.787234261962,13.979999930597842,27578.906600014307,4775.088548593665
1791145786,1000,,Aggregated,294.900000,0.000000,1700,2200,2700,3100,4200,5700,7600,8900,18000,24000,28000,162702,633,1700,2112.518556488037,13.979999930597842,27578.906600014307,4775.497941021008
1791145787,1000,,Aggregated,284.100000,0.000000,1700,2200,2700,3100,4200,5700,7600,8900,18000,24000,28000,163033,633,1700,2112.051181596471,13.979999930597842,27578.906600014307,4775.693160280434
1791145788,1000,,Aggregated,280.800000,0.000000,1700,2200,2700,3100,4200,5700,7600,8900,18000,24000,28000,163310,633,1700,2111.3325115474736,13.979999930597842,27578.906600014307,4775.977674361644
1791145789,1000,,Aggregated,278.400000,0.000000,1700,2200,2700,3100,4200,5700,7600,8900,18000,24000,28000,163542,633,1700,2111.0220673993053,13.979999930597842,27578.906600014307,4776.382745716696
1791145791,1000,,Aggregated,270.000000,0.000000,1700,2200,2700,3100,4200,5700,7600,8900,18000,24000,28000,163737,633,1700,2110.4015725579293,13.979999930597842,27578.906600014307,4776.479402944967
1791145792,1000,,Aggregated,261.600000,0.000000,1700,2200,2700,3100,4200,5700,7600,8900,18000,24000,28000,163939,633,1700,2110.9171133934997,13.979999930597842,27578.906600014307,4776.800309871354
1791145793,1000,,Aggregated,247.400000,0.000000,1700,2200,2700,3100,4200,5700,7600,8900,17000,24000,28000,164080,633,1700,2111.9721632253604,13.979999930597842,27578.906600014307,4776.932593856655
1791145794,1000,,Aggregated,238.500000,0.000000,1700,2200,2700,3100,4200,5700,7600,8900,17000,24000,28000,164277,633,1700,2114.285111856298,13.979999930597842,27578.906600014307,4777.049410446989
1791145795,1000,,Aggregated,221.800000,0.000000,1700,2200,2700,3100,4200,5700,7600,8900,17000,24000,28000,164673,633,1700,2117.3852572717915,13.979999930597842,27578.906600014307,4776.847443114536
1791145797,1000,,Aggregated,194.900000,0.000000,1700,2200,2700,3100,4200,5700,7600,8900,17000,24000,28000,164910,633,1700,2117.8957925481664,13.979999930597842,27578.906600014307,4777.0489842944635
1791145798,1000,,Aggregated,210.500000,0.000000,1700,2200,2700,3100,4200,5700,7600,8900,17000,24000,28000,165160,633,1700,2118.0488152568246,13.979999930597842,27578.906600014307,4776.706932671349
1791145799,1000,,Aggregated,208.200000,0.000000,1700,2200,2700,3100,4200,5700,7600,8900,17000,24000,28000,165359,633,1700,2119.49099892789,13.979999930597842,27578.906600014307,4776.540387883332
1791145801,1000,,Aggregated,188.400000,0.000000,1700,2200,2700,3100,4200,5700,7600,8900,17000,24000,28000,165544,633,1700,2121.0583904268146,13.979999930597842,27578.906600014307,4776.678019136906
1791145802,1000,,Aggregated,181.700000,0.000000,1700,2300,2700,3100,4200,5700,7600,8900,17000,24000,28000,165796,633,1700,2123.3767953865977,13.979999930597842,27578.906600014307,4777.124007816835
1791145803,1000,,Aggregated,178.900000,0.000000,1700,2300,2800,3100,4300,5700,7600,8900,17000,24000,28000,166020,633,1700,2125.0319612686317,13.979999930597842,27578.906600014307,4777.322015419829
1791145805,1000,,Aggregated,181.100000,0.000000,1700,2300,2800,3100,4300,5700,7600,8900,17000,24000,28000,166233,633,1700,2126.8785803048627,13.979999930597842,27578.906600014307,4777.246220666173
1791145806,1000,,Aggregated,194.000000,0.000000,1700,2300,2800,3100,4300,5700,7600,8900,17000,24000,28000,166443,633,1700,2128.022780378979,13.979999930597842,27578.906600014307,4777.452815678641
1791145807,1000,,Aggregated,191.900000,0.000000,1700,2300,2800,3100,4300,5700,7600,8900,17000,24000,28000,166744,633,1700,2129.149172574846,13.979999930597842,27578.906600014307,4777.483975435398
1791145808,1000,,Aggregated,172.300000,0.000000,1700,2300,2800,3100,4300,5700,7600,8900,17000,24000,28000,167024,633,1700,2129.7115612332254,13.979999930597842,27578.906600014307,4777.556303285755
1791145810,1000,,Aggregated,176.800000,0.000000,1700,2300,2800,3100,4300,5700,7600,8900,17000,24000,28000,167195,633,1700,2130.534261556979,13.979999930597842,27578.906600014307,4777.782948054667
1791145811,1000,,Aggregated,186.800000,0.000000,1700,2300,2800,3100,4300,5700,7600,8900,17000,24000,28000,167323,633,1700,2132.0289048326863,13.979999930597842,27578.906600014307,4777.674521733414
1791145813,1000,,Aggregated,178.400000,0.000000,1700,2300,2800,3100,4300,5700,7600,8900,17000,24000,28000,167544,633,1700,2135.1701077174903,13.979999930597842,27578.906600014307,4777.847443059733
1791145814,1000,,Aggregated,170.800000,0.000000,1700,2300,2800,3100,4300,5700,7600,8900,17000,24000,28000,167760,633,1700,2137.651323844295,13.979999930597842,27578.906600014307,4777.787410586552
1791145815,1000,,Aggregated,168.400000,0.000000,1700,2300,2800,3100,4300,5700,7600,9000,17000,24000,28000,167952,633,1700,2141.0940241195026,13.979999930597842,27578.906600014307,4777.7947568352865
1791145816,1000,,Aggregated,162.900000,0.000000,1700,2300,2800,3100,4300,5800,7600,9000,17000,24000,28000,168174,633,1700,2143.4821438695512,13.979999930597842,27578.906600014307,4777.689577461439
1791145818,1000,,Aggregated,166.200000,0.000000,1700,2300,2800,3100,4300,5800,7600,9000,17000,24000,28000,168393,633,1700,2144.991752869882,13.979999930597842,27578.906600014307,4777.564928470899
1791145819,1000,,Aggregated,158.100000,0.000000,1700,2300,2800,3100,4300,5800,7600,9000,17000,24000,28000,168625,633,1700,2147.437173569257,13.979999930597842,27578.906600014307,4777.753595255745
1791145820,1000,,Aggregated,148.200000,0.000000,1700,2300,2800,3100,4300,5800,7700,9000,17000,24000,28000,168933,633,1700,2150.6407132295944,13.979999930597842,27578.906600014307,4777.930860163497
1791145821,1000,,Aggregated,142.600000,0.000000,1700,2300,2800,3100,4300,5800,7700,9000,17000,24000,28000,169206,633,1700,2152.0857868031558,13.979999930597842,27578.906600014307,4777.943146224129
1791145823,1000,,Aggregated,150.000000,0.000000,1700,2300,2800,3100,4300,5800,7700,9000,17000,24000,28000,169498,633,1700,2152.633107635576,13.979999930597842,27578.906600014307,4778.211247330352
1791145824,1000,,Aggregated,192.900000,0.000000,1700,2300,2800,3100,4300,5800,7700,9000,17000,24000,28000,169754,633,1700,2153.974695323317,13.979999930597842,27578.906600014307,4778.277660614772
1791145826,1000,,Aggregated,197.700000,0.000000,1700,2300,2800,3100,4300,5800,7700,9000,17000,24000,28000,169945,633,1700,2155.0510622925967,13.979999930597842,27578.906600014307,4778.29717261467
1791145827,1000,,Aggregated,189.600000,0.000000,1700,2300,2800,3100,4300,5800,7700,9000,17000,24000,28000,170260,633,1700,2155.1856043035195,13.979999930597842,27578.906600014307,4778.216703864678
1791145828,1000,,Aggregated,182.300000,0.000000,1700,2300,2800,3100,4300,5800,7700,9000,17000,24000,28000,170525,633,1700,2155.093460298,13.979999930597842,27578.906600014307,4778.13305966867
1791145829,1000,,Aggregated,196.800000,0.000000,1700,2300,2800,3100,4300,5800,7700,9000,17000,24000,28000,170802,633,1700,2155.6529725823843,13.979999930597842,27578.906600014307,4778.039993676889
1791145830,1000,,Aggregated,204.700000,0.000000,1700,2300,2800,3100,4300,5800,7600,9000,17000,24000,28000,170965,633,1700,2156.3300831709257,13.979999930597842,27578.906600014307,4778.04469335829
1791145831,1000,,Aggregated,210.800000,0.000000,1700,2300,2800,3100,4300,5800,7700,9000,17000,24000,28000,171080,633,1700,2156.6517576889014,13.979999930597842,27578.906600014307,4777.963788870704
1791145833,1000,,Aggregated,196.400000,0.000000,1700,2300,2800,3100,4300,5800,7700,9000,17000,24000,28000,171304,633,1700,2157.4655825457444,13.979999930597842,27578.906600014307,4778.048165833839
1791145834,1000,,Aggregated,182.800000,0.000000,1700,2300,2800,3100,4300,5800,7600,9000,17000,24000,28000,171558,633,1700,2158.5255738625815,13.979999930597842,27578.906600014307,4778.146854125135
1791145835,1000,,Aggregated,180.200000,0.000000,1700,2300,2800,3100,4300,5800,7600,9000,17000,24000,28000,171805,633,1700,2159.8110677047557,13.979999930597842,27578.906600014307,4778.282512150403
1791145836,1000,,Aggregated,191.600000,0.000000,1700,2300,2800,3200,4300,5800,7700,9000,17000,24000,28000,172009,633,1700,2161.1646170654744,13.979999930597842,27578.906600014307,4778.488956973181
1791145837,1000,,Aggregated,197.700000,0.000000,1700,2300,2800,3200,4300,5800,7700,9000,17000,24000,28000,172211,633,1700,2162.2448364658176,13.979999930597842,27578.906600014307,4778.563581885013
1791145838,1000,,Aggregated,204.700000,0.000000,1700,2300,2800,3200,4300,5800,7700,9000,17000,24000,28000,172411,633,1700,2162.7052311030975,13.979999930597842,27578.906600014307,4778.456090388664
1791145839,1000,,Aggregated,188.700000,0.000000,1700,2300,2800,3200,4300,5800,7700,9000,17000,24000,28000,172662,633,1700,2163.184839435526,13.979999930597842,27578.906600014307,4778.201277640708
1791145840,1000,,Aggregated,185.300000,0.000000,1700,2300,2800,3200,4300,5800,7700,9000,17000,24000,28000,172927,633,1700,2164.868099198022,13.979999930597842,27578.906600014307,4778.038316746372
1791145841,1000,,Aggregated,185.100000,0.000000,1700,2300,2800,3200,4300,5800,7700,9000,17000,24000,28000,173169,633,1700,2165.2257273300456,13.979999930597842,27578.906600014307,4778.314149761216
1791145842,1000,,Aggregated,195.200000,0.000000,1700,2300,2800,3200,4300,5800,7700,9000,17000,24000,28000,173425,633,1700,2165.4697329544006,13.979999930597842,27578.906600014307,4778.635410119648
1791145843,1000,,Aggregated,201.200000,0.000000,1700,2300,2800,3200,4300,5800,7700,9000,17000,24000,28000,173736,633,1700,2165.5151718660295,13.979999930597842,27578.906600014307,4778.834933462264
1791145845,1000,,Aggregated,216.300000,0.000000,1700,2300,2800,3200,4300,5800,7700,9000,17000,24000,28000,174030,633,1700,2166.756946325439,13.979999930597842,27578.906600014307,4778.901338849623
1791145846,1000,,Aggregated,219.400000,0.000000,1700,2300,2800,3200,4300,5800,7700,9000,17000,24000,28000,174272,633,1700,2167.0134621982684,13.979999930597842,27578.906600014307,4778.929185411311
1791145847,1000,,Aggregated,218.200000,0.000000,1700,2300,2800,3200,4300,5800,7700,9000,17000,24000,28000,174550,633,1700,2166.6370088760573,13.979999930597842,27578.906600014307,4778.513216843311
1791145848,1000,,Aggregated,221.500000,0.000000,1700,2300,2800,3200,4300,5800,7700,9000,17000,24000,28000,174828,633,1700,2166.0140322352036,13.979999930597842,27578.906600014307,4778.542510353032
1791145849,1000,,Aggregated,228.900000,0.000000,1700,2300,2800,3200,4300,5800,7700,9000,17000,24000,28000,175092,633,1700,2165.435125365621,13.979999930597842,27578.906600014307,4778.541212619652
1791145850,1000,,Aggregated,236.600000,0.000000,1700,2300,2800,3200,4300,5800,7700,9000,17000,24000,28000,175318,633,1700,2165.1980537857935,13.979999930597842,27578.906600014307,4778.660605300083
1791145851,1000,,Aggregated,243.300000,0.000000,1700,2300,2800,3200,4300,5800,7700,9000,17000,24000,28000,175589,633,1700,2165.454939521375,13.979999930597842,27578.906600014307,4778.600088843834
1791145853,1000,,Aggregated,238.600000,0.000000,1700,2300,2800,3200,4300,5800,7700,9000,17000,24000,28000,175889,633,1700,2165.5703914407272,13.979999930597842,27578.906600014307,4778.742695677387
1791145854,1000,,Aggregated,237.200000,0.000000,1700,2300,2800,3200,4300,5800,7700,9000,17000,24000,28000,176178,633,1700,2165.0548066348697,13.979999930597842,27578.906600014307,4778.51331040198
1791145855,1000,,Aggregated,241.100000,0.000000,1700,2300,2800,3200,4300,5800,7700,9000,17000,24000,28000,176499,633,1700,2164.550184091792,13.979999930597842,27578.906600014307,4778.334143536224
1791145856,1000,,Aggregated,240.900000,0.000000,1700,2300,2800,3200,4300,5800,7700,9000,17000,24000,28000,176825,633,1700,2163.2230355080787,13.979999930597842,27578.906600014307,4778.351166407465
1791145857,1000,,Aggregated,255.200000,0.000000,1700,2300,2800,3200,4300,5800,7700,9000,17000,24000,28000,177158,633,1700,2161.723628103815,13.979999930597842,27578.906600014307,4778.6764075006495
1791145858,1000,,Aggregated,263.200000,0.000000,1700,2300,2800,3200,4300,5800,7700,9000,17000,24000,28000,177403,633,1700,2160.0985925723726,13.979999930597842,27578.906600014307,4778.72443532522
1791145859,1000,,Aggregated,270.700000,0.000000,1700,2300,2800,3200,4300,5800,7700,9000,17000,24000,28000,177693,633,1700,2158.7125272566514,13.979999930597842,27578.906600014307,4778.754447277045
1791145860,1000,,Aggregated,268.500000,0.000000,1700,2300,2800,3200,4300,5800,7700,9000,17000,24000,28000,178029,633,1700,2157.764634479306,13.979999930597842,27578.906600014307,4778.900988041274
1791145861,1000,,Aggregated,267.900000,0.000000,1700,2300,2800,3100,4300,5800,7700,9000,17000,24000,28000,178361,633,1700,2156.5520299505843,13.979999930597842,27578.906600014307,4779.041870139773
1791145862,1000,,Aggregated,276.900000,0.000000,1700,2300,2800,3100,4300,5800,7600,9000,17000,24000,28000,178668,633,1700,2154.842788236375,13.979999930597842,27578.906600014307,4779.071372601697
1791145863,1000,,Aggregated,287.900000,0.000000,1700,2300,2800,3100,4300,5800,7600,9000,17000,24000,28000,178965,633,1700,2153.2678152343615,13.979999930597842,27578.906600014307,4778.822233397592
1791145864,1000,,Aggregated,297.000000,0.000000,1700,2300,2800,3100,4300,5700,7600,9000,17000,24000,28000,179295,633,1700,2151.6229285686586,13.979999930597842,27578.906600014307,4778.620469059371
1791145865,1000,,Aggregated,297.700000,0.000000,1700,2300,2800,3100,4300,5700,7600,9000,17000,24000,28000,179660,633,1700,2149.849528005764,13.979999930597842,27578.906600014307,4778.736173884003
1791145866,1000,,Aggregated,299.900000,0.000000,1700,2300,2800,3100,4300,5700,7600,9000,17000,24000,28000,179955,633,1700,2148.202707405826,13.979999930597842,27578.906600014307,4778.844666722236
1791145867,1000,,Aggregated,301.100000,0.000000,1700,2300,2800,3100,4300,5700,7600,9000,17000,24000,28000,180262,633,1700,2146.622871370096,13.979999930597842,27578.906600014307,4778.573398719642
1791145868,1000,,Aggregated,299.800000,0.000000,1700,2300,2800,3100,4300,5700,7600,8900,17000,24000,28000,180599,633,1700,2145.192019065533,13.979999930597842,27578.906600014307,4778.543413861649
1791145869,1000,,Aggregated,296.400000,0.000000,1700,2300,2800,3100,4300,5700,7600,8900,17000,24000,28000,180903,633,1700,2143.590067047067,13.979999930597842,27578.906600014307,4778.341978850544
1791145870,1000,,Aggregated,303.000000,0.000000,1700,2300,2800,3100,4300,5700,7600,8900,17000,24000,28000,181187,633,1700,2142.216449770767,13.979999930597842,27578.906600014307,4778.358463907454
1791145871,1000,,Aggregated,309.300000,0.000000,1700,2300,2800,3100,4300,5700,7600,8900,17000,24000,28000,181478,633,1700,2140.7972668203133,13.979999930597842,27578.906600014307,4778.337319124081
1791145872,1000,,Aggregated,305.000000,0.000000,1700,2300,2800,3100,4300,5700,7600,8900,17000,24000,28000,181782,633,1700,2139.470245326364,13.979999930597842,27578.906600014307,4778.214597704943
1791145873,1000,,Aggregated,303.500000,0.000000,1700,2300,2800,3100,4300,5700,7600,8900,17000,24000,28000,182053,633,1700,2138.4861122234606,13.979999930597842,27578.906600014307,4778.391490390161
1791145874,1000,,Aggregated,297.300000,0.000000,1700,2300,2800,3100,4300,5700,7600,8900,17000,24000,28000,182292,633,1700,2137.760849415319,13.979999930597842,27578.906600014307,4778.237514537116
1791145876,1000,,Aggregated,293.100000,0.000000,1700,2300,2800,3100,4300,5700,7600,8900,17000,24000,28000,182644,633,1700,2136.9083818889035,13.979999930597842,27578.906600014307,4778.377658176562
1791145877,1000,,Aggregated,285.100000,0.000000,1700,2300,2800,3100,4300,5700,7600,8900,17000,24000,28000,182998,633,1700,2136.824475268121,13.979999930597842,27578.906600014307,4778.66648815834
1791145878,1000,,Aggregated,278.000000,0.000000,1700,2300,2800,3100,4300,5700,7600,8900,17000,24000,28000,183338,633,1700,2135.15907880153,13.979999930597842,27578.906600014307,4778.671404727879
1791145879,1000,,Aggregated,286.300000,0.000000,1700,2300,2800,3100,4300,5700,7600,8900,17000,24000,28000,183625,633,1700,2133.8474828237727,13.979999930597842,27578.906600014307,4778.873797140912
1791145880,1000,,Aggregated,288.600000,0.000000,1700,2300,2800,3100,4300,5700,7600,8900,17000,24000,28000,183885,633,1700,2132.1164053137254,13.979999930597842,27578.906600014307,4778.83786605759
1791145881,1000,,Aggregated,287.100000,0.000000,1700,2300,2800,3100,4300,5700,7600,8900,17000,24000,28000,184170,633,1700,2130.8380823229277,13.979999930597842,27578.906600014307,4779.000787316067
1791145883,1000,,Aggregated,284.800000,0.000000,1700,2300,2800,3100,4300,5700,7600,8900,17000,24000,28000,184338,633,1700,2130.899994143985,13.979999930597842,27578.906600014307,4779.122063817553
1791145884,1000,,Aggregated,272.000000,0.000000,1700,2300,2800,3100,4300,5700,7600,8900,17000,24000,28000,184512,633,1700,2131.370010942453,13.979999930597842,27578.906600014307,4778.886603581339
1791145885,1000,,Aggregated,250.400000,0.000000,1700,2300,2800,3100,4300,5700,7600,8900,17000,24000,28000,184613,633,1700,2131.9987339754744,13.979999930597842,27578.906600014307,4778.834047439779
1791145886,1000,,Aggregated,232.000000,0.000000,1700,2300,2800,3100,4300,5700,7600,8900,17000,24000,28000,184792,633,1700,2134.2660436740425,13.979999930597842,27578.906600014307,4778.980724273778
1791145887,1000,,Aggregated,218.500000,0.000000,1700,2300,2800,3100,4300,5700,7600,8900,17000,24000,28000,184985,633,1700,2136.5568287370024,13.979999930597842,27578.906600014307,4778.9012136119145
1791145888,1000,,Aggregated,209.000000,0.000000,1700,2300,2800,3100,4300,5700,7600,8900,17000,24000,28000,185208,633,1700,2138.5363624460847,13.979999930597842,27578.906600014307,4778.665300634962
1791145890,1000,,Aggregated,172.700000,0.000000,1700,2300,2800,3100,4300,5700,7600,8900,17000,24000,28000,185454,633,1700,2141.123756847064,13.979999930597842,27578.906600014307,4778.561077140423
1791145891,1000,,Aggregated,164.800000,0.000000,1700,2300,2800,3100,4300,5700,7600,8900,17000,24000,28000,185656,633,1700,2142.8367935855304,13.979999930597842,27578.906600014307,4778.402577885982
1791145892,1000,,Aggregated,162.300000,0.000000,1700,2300,2800,3100,4300,5800,7600,8900,17000,24000,28000,185876,633,1700,2143.4069355076213,13.979999930597842,27578.906600014307,4778.454254449202
1791145893,1000,,Aggregated,152.200000,0.000000,1700,2300,2800,3100,4300,5800,7600,9000,17000,24000,28000,186059,633,1700,2144.0914056864376,13.979999930597842,27578.906600014307,4778.457005573501
1791145894,1000,,Aggregated,156.300000,0.000000,1700,2300,2800,3100,4300,5800,7600,9000,17000,24000,28000,186317,633,1700,2145.5437007096075,13.979999930597842,27578.906600014307,4778.363638315344
1791145895,1000,,Aggregated,166.900000,0.000000,1700,2300,2800,3100,4300,5800,7600,9000,17000,24000,28000,186601,633,1700,2147.1845824529955,13.979999930597842,27578.906600014307,4778.227528255476
1791145896,1000,,Aggregated,177.200000,0.000000,1700,2300,2800,3100,4300,5800,7600,9000,17000,24000,28000,186885,633,1700,2148.1231455178918,13.979999930597842,27578.906600014307,4778.325317708752
1791145897,1000,,Aggregated,193.400000,0.000000,1700,2300,2800,3100,4300,5800,7700,9000,17000,24000,28000,187057,633,1700,2148.4315497913058,13.979999930597842,27578.906600014307,4778.514041174615
1791145899,1000,,Aggregated,211.100000,0.000000,1700,2300,2800,3100,4300,5800,7700,9000,17000,24000,28000,187282,633,1700,2148.944404218302,13.979999930597842,27578.906600014307,4778.7355752287995
1791145900,1000,,Aggregated,207.100000,0.000000,1700,2300,2800,3100,4300,5800,7700,9000,17000,24000,28000,187541,633,1700,2149.3580423428007,13.979999930597842,27578.906600014307,4778.8346281613085
1791145901,1000,,Aggregated,206.900000,0.000000,1700,2300,2800,3100,4300,5800,7700,9000,17000,24000,28000,187823,633,1700,2150.169956186468,13.979999930597842,27578.906600014307,4779.005084574306
1791145902,1000,,Aggregated,209.400000,0.000000,1700,2300,2800,3100,4300,5800,7700,9000,17000,24000,28000,188095,633,1700,2150.265056976591,13.979999930597842,27578.906600014307,4778.902947978415
1791145903,1000,,Aggregated,220.300000,0.000000,1700,2300,2800,3100,4300,5800,7700,9000,17000,24000,28000,188304,633,1700,2150.1863240022058,13.979999930597842,27578.906600014307,4778.713983770924
1791145904,1000,,Aggregated,225.900000,0.000000,1700,2300,2800,3100,4300,5800,7700,9000,17000,24000,28000,188450,633,1700,2150.402823495419,13.979999930597842,27578.906600014307,4778.834401698063
1791145905,1000,,Aggregated,224.300000,0.000000,1700,2300,2800,3100,4300,5800,7700,9000,17000,24000,28000,188614,633,1700,2150.461165128841,13.979999930597842,27578.906600014307,4778.951843447464
1791145906,1000,,Aggregated,224.500000,0.000000,1700,2300,2800,3100,4300,5800,7700,9000,17000,24000,28000,188813,633,1700,2151.006666413391,13.979999930597842,27578.906600014307,4778.944299386165
1791145907,1000,,Aggregated,211.400000,0.000000,1700,2300,2800,3200,4300,5800,7700,9000,17000,24000,28000,189113,633,1700,2152.4815671651963,13.979999930597842,27578.906600014307,4778.874794435073
1791145908,1000,,Aggregated,203.000000,0.000000,1700,2300,2800,3200,4300,5800,7700,9000,17000,24000,28000,189368,633,1700,2154.282761412232,13.979999930597842,27578.906600014307,4779.011670398378
1791145909,1000,,Aggregated,203.800000,0.000000,1700,2300,2800,3200,4300,5800,7700,9100,17000,24000,28000,189560,633,1700,2155.3721846244503,13.979999930597842,27578.906600014307,4779.011352606035
1791145910,1000,,Aggregated,213.800000,0.000000,1700,2300,2800,3200,4300,5800,7700,9100,17000,24000,28000,189822,633,1700,2156.052094109805,13.979999930597842,27578.906600014307,4778.951222724447
1791145911,1000,,Aggregated,215.200000,0.000000,1700,2300,2800,3200,4300,5800,7700,9100,17000,24000,28000,190095,633,1700,2156.2949184282197,13.979999930597842,27578.906600014307,4779.112254399116
1791145912,1000,,Aggregated,206.200000,0.000000,1700,2300,2800,3200,4300,5800,7700,9100,17000,24000,28000,190406,633,1700,2156.4091402755716,13.979999930597842,27578.906600014307,4779.319202125984
1791145914,1000,,Aggregated,206.000000,0.000000,1700,2300,2800,3200,4300,5800,7700,9100,17000,24000,28000,190707,633,1700,2155.8812360857746,13.979999930597842,27578.906600014307,4779.497223489437
1791145915,1000,,Aggregated,217.300000,0.000000,1700,2300,2800,3200,4300,5800,7700,9100,17000,24000,28000,190951,633,1700,2155.7070229436363,13.979999930597842,27578.906600014307,4779.6059565019295
1791145916,1000,,Aggregated,225.800000,0.000000,1700,2300,2800,3200,4300,5800,7700,9100,17000,24000,28000,191185,633,1700,2155.316780376134,13.979999930597842,27578.906600014307,4779.624703820907
1791145917,1000,,Aggregated,234.700000,0.000000,1700,2300,2800,3200,4300,5800,7700,9100,17000,24000,28000,191472,633,1700,2155.0133468178706,13.979999930597842,27578.906600014307,4779.838639592212
1791145918,1000,,Aggregated,240.400000,0.000000,1700,2300,2800,3200,4300,5800,7700,9100,17000,24000,28000,191787,633,1700,2154.4169709370904,13.979999930597842,27578.906600014307,4779.520233383911
1791145919,1000,,Aggregated,242.700000,0.000000,1700,2300,2800,3200,4300,5800,7700,9100,17000,24000,28000,192056,633,1700,2154.6434271202816,13.979999930597842,27578.906600014307,4779.575441537885
1791145920,1000,,Aggregated,247.700000,0.000000,1700,2300,2800,3200,4300,5800,7700,9100,17000,24000,28000,192358,633,1700,2153.7346864487677,13.979999930597842,27578.906600014307,4779.625708314705
1791145921,1000,,Aggregated,249.900000,0.000000,1700,2300,2800,3200,4300,5800,7700,9100,17000,24000,28000,192678,633,1700,2152.490894042458,13.979999930597842,27578.906600014307,4779.660371189238
1791145922,1000,,Aggregated,261.900000,0.000000,1700,2300,2800,3200,4300,5800,7700,9100,17000,24000,28000,192876,633,1700,2152.486139178083,13.979999930597842,27578.906600014307,4779.695996391464
1791145923,1000,,Aggregated,264.200000,0.000000,1700,2300,2800,3100,4300,5800,7700,9100,17000,24000,28000,193068,633,1700,2151.8824122175133,13.979999930597842,27578.906600014307,4779.448758986471
1791145925,1000,,Aggregated,250.200000,0.000000,1700,2300,2800,3100,4300,5800,7700,9100,17000,24000,28000,193332,633,1700,2152.1349102249574,13.979999930597842,27578.906600014307,4779.407387292326
1791145926,1000,,Aggregated,248.400000,0.000000,1700,2300,2800,3200,4300,5800,7700,9100,17000,24000,28000,193588,633,1700,2153.678570447087,13.979999930597842,27578.906600014307,4779.347666177656
1791145927,1000,,Aggregated,240.200000,0.000000,1700,2300,2800,3200,4300,5800,7700,9100,17000,24000,28000,193842,633,1700,2154.933046971819,13.979999930597842,27578.906600014307,4779.431325512531
1791145928,1000,,Aggregated,232.100000,0.000000,1700,2300,2800,3200,4300,5800,7700,9100,17000,24000,28000,194066,633,1700,2155.5166018004797,13.979999930597842,27578.906600014307,4779.57516515
1791145929,1000,,Aggregated,226.400000,0.000000,1700,2300,2800,3200,4300,5800,7700,9100,17000,24000,28000,194386,633,1700,2155.517757684255,13.979999930597842,27578.906600014307,4779.546140154126
1791145930,1000,,Aggregated,225.200000,0.000000,1700,2300,2800,3200,4300,5800,7700,9100,17000,24000,28000,194722,633,1700,2154.873728272159,13.979999930597842,27578.906600014307,4779.364103696552
1791145931,1000,,Aggregated,222.800000,0.000000,1700,2300,2800,3200,4300,5800,7700,9100,17000,24000,28000,194960,633,1700,2154.6124550144245,13.979999930597842,27578.906600014307,4779.229077759541
1791145932,1000,,Aggregated,223.700000,0.000000,1700,2300,2800,3200,4300,5800,7700,9100,17000,24000,28000,195221,633,1700,2154.0399814446873,13.979999930597842,27578.906600014307,4779.289343871817
1791145934,1000,,Aggregated,222.200000,0.000000,1700,2300,2800,3200,4300,5800,7700,9100,17000,24000,28000,195510,633,1700,2153.3333328060667,13.979999930597842,27578.906600014307,4779.304015139891
1791145935,1000,,Aggregated,233.500000,0.000000,1700,2300,2800,3200,4300,5800,7700,9000,17000,24000,28000,195792,633,1700,2153.1591904557617,13.979999930597842,27578.906600014307,4779.284792024189
1791145936,1000,,Aggregated,232.600000,0.000000,1700,2300,2800,3100,4300,5800,7700,9000,17000,24000,28000,196167,633,1700,2152.7663092269004,13.979999930597842,27578.906600014307,4779.720263856816
1791145937,1000,,Aggregated,244.000000,0.000000,1700,2300,2800,3100,4300,5800,7700,9000,17000,24000,28000,196338,633,1700,2153.1948865396052,13.979999930597842,27578.906600014307,4779.84054029276
1791145939,1000,,Aggregated,252.500000,0.000000,1700,2300,2800,3100,4300,5800,7700,9000,17000,24000,28000,196590,633,1700,2153.6097408403934,13.979999930597842,27578.906600014307,4779.717610254845
1791145940,1000,,Aggregated,241.700000,0.000000,1700,2300,2800,3100,4300,5800,7700,9000,17000,24000,28000,196817,633,1700,2154.019399482324,13.979999930597842,27578.906600014307,4779.7227932546475
1791145941,1000,,Aggregated,237.100000,0.000000,1700,2300,2800,3100,4300,5800,7700,9000,17000,24000,28000,197046,633,1700,2154.2064086614887,13.979999930597842,27578.906600014307,4779.829648914467
1791145942,1000,,Aggregated,226.800000,0.000000,1700,2300,2800,3100,4300,5800,7700,9000,17000,24000,28000,197325,633,1700,2154.688027040234,13.979999930597842,27578.906600014307,4779.352818953503
1791145943,1000,,Aggregated,215.600000,0.000000,1700,2300,2800,3100,4300,5800,7700,9000,17000,24000,28000,197609,633,1700,2155.3757370748035,13.979999930597842,27578.906600014307,4779.308948479067
1791145944,1000,,Aggregated,216.500000,0.000000,1700,2300,2800,3100,4300,5800,7600,9000,17000,24000,28000,197961,633,1700,2155.0406685565044,13.979999930597842,27578.906600014307,4779.477210157556
1791145945,1000,,Aggregated,214.300000,0.000000,1700,2300,2800,3100,4300,5800,7600,9000,17000,24000,28000,198257,633,1700,2153.999042509035,13.979999930597842,27578.906600014307,4779.583298445957
1791145946,1000,,Aggregated,223.900000,0.000000,1700,2300,2800,3100,4300,5800,7600,9000,17000,24000,28000,198580,633,1700,2152.4495003691886,13.979999930597842,27578.906600014307,4779.303484741666
1791145947,1000,,Aggregated,230.900000,0.000000,1700,2300,2800,3100,4300,5800,7600,9000,17000,24000,28000,198896,633,1700,2151.403100555126,13.979999930597842,27578.906600014307,4779.393627825597
1791145948,1000,,Aggregated,233.800000,0.000000,1700,2300,2800,3100,4300,5700,7600,9000,17000,24000,28000,199172,633,1700,2150.296506697789,13.017399935051799,27578.906600014307,4779.191789006487
1791145949,1000,,Aggregated,249.300000,0.000000,1700,2300,2800,3100,4300,5700,7600,9000,17000,24000,28000,199431,633,1700,2149.295927327315,13.017399935051799,27578.906600014307,4779.208743876328
1791145951,1000,,Aggregated,260.400000,0.000000,1700,2300,2800,3100,4300,5700,7600,9000,17000,24000,28000,199650,633,1700,2149.17796466624,13.017399935051799,27578.906600014307,4779.165219133483
1791145952,1000,,Aggregated,271.300000,0.000000,1700,2300,2800,3100,4300,5700,7600,9000,17000,24000,28000,199887,633,1700,2149.025365779243,13.017399935051799,27578.906600014307,4778.990784793408
1791145953,1000,,Aggregated,271.200000,0.000000,1700,2300,2800,3100,4300,5700,7600,9000,17000,24000,28000,200159,633,1700,2148.4467046353952,13.017399935051799,27578.906600014307,4778.871072497364
1791145954,1000,,Aggregated,272.700000,0.000000,1700,2300,2800,3100,4300,5700,7600,9000,17000,24000,28000,200473,633,1700,2148.3233506777256,13.017399935051799,27578.906600014307,4778.837344679832
1791145955,1000,,Aggregated,274.000000,0.000000,1700,2300,2800,3100,4300,5700,7600,9000,17000,24000,28000,200759,633,1700,2147.8340111024418,13.017399935051799,27578.906600014307,4778.708057920193
1791145956,1000,,Aggregated,270.600000,0.000000,1700,2300,2800,3100,4300,5700,7600,9000,17000,24000,28000,201101,633,1700,2147.2823945580312,13.017399935051799,27578.906600014307,4778.325289282499
1791145957,1000,,Aggregated,264.200000,0.000000,1700,2300,2800,3100,4300,5700,7600,9000,17000,24000,28000,201376,633,1700,2146.8441471263395,13.017399935051799,27578.906600014307,4778.197183378357
1791145958,1000,,Aggregated,260.500000,0.000000,1700,2300,2800,3100,4300,5700,7600,9000,17000,24000,28000,201624,633,1700,2146.1260903405037,13.017399935051799,27578.906600014307,4778.241910685236
1791145959,1000,,Aggregated,256.200000,0.000000,1700,2300,2800,3100,4300,5700,7600,9000,17000,24000,28000,201861,633,1700,2145.4730612199137,13.017399935051799,27578.906600014307,4778.173733410615
1791145960,1000,,Aggregated,251.900000,0.000000,1700,2300,2800,3100,4300,5700,7600,9000,17000,24000,28000,202144,633,1700,2145.010515792763,13.017399935051799,27578.906600014307,4778.149388554693
1791145961,1000,,Aggregated,249.700000,0.000000,1700,2300,2800,3100,4300,5700,7600,9000,17000,24000,28000,202430,633,1700,2144.1880388065647,13.017399935051799,27578.906600014307,4778.474055228968
1791145962,1000,,Aggregated,250.100000,0.000000,1700,2300,2800,3100,4300,5700,7600,9000,17000,24000,28000,202705,633,1700,2143.893232786133,13.017399935051799,27578.906600014307,4778.719607311117
1791145964,1000,,Aggregated,260.300000,0.000000,1700,2300,2800,3100,4300,5700,7600,9000,17000,24000,28000,203031,633,1700,2144.3416022504625,13.017399935051799,27578.906600014307,4778.515123306293
1791145965,1000,,Aggregated,257.900000,0.000000,1700,2300,2800,3100,4300,5700,7600,9000,17000,24000,28000,203391,633,1700,2143.964950344976,13.017399935051799,27578.906600014307,4778.567502986858
1791145966,1000,,Aggregated,255.300000,0.000000,1700,2300,2800,3100,4300,5700,7600,9000,17000,24000,28000,203698,633,1700,2142.799769783774,13.017399935051799,27578.906600014307,4778.638469695334
1791145967,1000,,Aggregated,258.700000,0.000000,1700,2300,2800,3100,4300,5700,7600,9000,17000,24000,28000,204011,633,1700,2141.481657947928,13.017399935051799,27578.906600014307,4778.499345623521
1791145968,1000,,Aggregated,255.700000,0.000000,1700,2300,2800,3100,4300,5700,7600,9000,17000,24000,28000,204370,633,1700,2139.803461942135,13.017399935051799,27578.906600014307,4778.634256495572
1791145969,1000,,Aggregated,263.700000,0.000000,1700,2300,2800,3100,4300,5700,7600,9000,17000,24000,28000,204697,633,1700,2138.182704370431,13.017399935051799,27578.906600014307,4778.710142307899
1791145970,1000,,Aggregated,269.200000,0.000000,1700,2300,2800,3100,4300,5700,7600,9000,17000,24000,28000,204928,633,1700,2137.1471429346625,13.017399935051799,27578.906600014307,4778.5826192613995
1791145972,1000,,Aggregated,286.800000,0.000000,1700,2300,2800,3100,4300,5700,7600,8900,17000,24000,28000,205148,633,1700,2137.063288207118,13.017399935051799,27578.906600014307,4778.515549749449
1791145973,1000,,Aggregated,272.600000,0.000000,1700,2300,2800,3100,4300,5700,7600,8900,17000,24000,28000,205422,633,1700,2136.840455587582,13.017399935051799,27578.906600014307,4778.410131339389
1791145974,1000,,Aggregated,259.000000,0.000000,1700,2300,2800,3100,4300,5700,7600,8900,17000,24000,28000,205664,633,1700,2136.719971758852,13.017399935051799,27578.906600014307,4778.332279835071
1791145975,1000,,Aggregated,265.200000,0.000000,1700,2300,2800,3100,4300,5700,7600,8900,17000,24000,28000,205917,633,1700,2137.0840417576633,13.017399935051799,27578.906600014307,4778.477143703531
1791145976,1000,,Aggregated,262.700000,0.000000,1700,2300,2800,3100,4300,5700,7600,8900,17000,24000,28000,206214,633,1700,2137.0764698939565,13.017399935051799,27578.906600014307,4778.464871444228
1791145977,1000,,Aggregated,257.100000,0.000000,1700,2300,2800,3100,4300,5700,7600,8900,17000,24000,28000,206491,633,1700,2137.3019485416394,13.017399935051799,27578.906600014307,4778.747388506036
1791145978,1000,,Aggregated,258.300000,0.000000,1700,2300,2800,3100,4300,5700,7600,8900,17000,24000,28000,206769,633,1700,2136.7126829365707,13.017399935051799,27578.906600014307,4779.110089036558
1791145979,1000,,Aggregated,247.100000,0.000000,1700,2300,2800,3100,4300,5700,7600,8900,17000,24000,28000,207042,633,1700,2136.1421463433085,13.017399935051799,27578.906600014307,4779.098211956994
1791145980,1000,,Aggregated,244.800000,0.000000,1700,2300,2800,3100,4300,5700,7600,8900,17000,24000,28000,207303,633,1700,2135.9948600276443,13.017399935051799,27578.906600014307,4779.029898264858
1791145981,1000,,Aggregated,235.700000,0.000000,1700,2300,2800,3100,4300,5700,7600,8900,17000,24000,28000,207638,633,1700,2135.4680838088916,13.017399935051799,27578.906600014307,4778.971546634046
1791145983,1000,,Aggregated,243.000000,0.000000,1700,2300,2800,3100,4300,5700,7600,8900,17000,24000,28000,207997,633,1700,2135.352697558193,13.017399935051799,27578.906600014307,4778.79250181493
1791145985,1000,,Aggregated,254.900000,0.000000,1700,2300,2800,3100,4300,5700,7600,8900,17000,24000,28000,208125,633,1700,2135.541399380231,13.017399935051799,27578.906600014307,4778.707377777778
