Timestamp,User Count,Type,Name,Requests/s,Failures/s,50%,66%,75%,80%,90%,95%,98%,99%,99.9%,99.99%,100%,Total Request Count,Total Failure Count,Total Median Response Time,Total Average Response Time,Total Min Response Time,Total Max Response Time,Total Average Content Size
1791144087,0,,Aggregated,0.000000,0.000000,N/A,N/A,N/A,N/A,N/A,N/A,N/A,N/A,N/A,N/A,N/A,0,0,0,0.0,0,0,0
1791144088,25,,Aggregated,0.000000,0.000000,830,830,830,830,830,830,830,830,830,830,830,1,0,825.3988000797108,825.3988000797108,825.3988000797108,825.3988000797108,6120.0
1791144089,75,,Aggregated,0.000000,0.000000,290,560,830,1100,1400,1400,1500,1600,1600,1600,1600,100,0,280,503.5107740096282,32.93919994030148,1609.4196001067758,5168.88
1791144090,100,,Aggregated,0.000000,0.000000,210,560,630,1100,1200,1400,1500,1500,1600,1600,1600,105,0,210,487.4935761981067,32.93919994030148,1609.4196001067758,5204.133333333333
1791144091,125,,Aggregated,42.500000,0.000000,370,630,1100,1200,1500,1600,1800,1800,1900,1900,1900,136,0,370,602.8232257436578,32.93919994030148,1860.1859000045806,5148.742647058823
1791144092,150,,Aggregated,35.000000,0.000000,380,790,1200,1400,1700,2000,2600,2700,2900,2900,2900,301,0,380,685.6446740897434,28.76949997153133,2925.8645999943838,5241.302325581395
1791144093,175,,Aggregated,28.250000,0.000000,380,650,940,1200,1600,2000,2500,2700,2900,2900,2900,375,0,380,619.0210362713163,28.76949997153133,2925.8645999943838,5224.688
1791144094,200,,Aggregated,46.200000,0.000000,270,560,720,900,1500,1900,2300,2700,2900,2900,2900,493,0,270,535.9276608558292,14.864400029182434,2925.8645999943838,5096.117647058823
1791144095,225,,Aggregated,51.166667,0.000000,300,620,730,820,1400,1800,2200,2700,2900,2900,2900,562,0,290,531.6948580107771,14.864400029182434,2925.8645999943838,5089.599644128114
1791144096,250,,Aggregated,60.571429,0.000000,380,620,760,900,1400,1700,2100,2500,2900,2900,2900,702,0,380,545.0487940202725,14.864400029182434,2925.8645999943838,5091.091168091168
1791144097,275,,Aggregated,62.125000,0.000000,380,600,740,860,1200,1600,2100,2500,2900,2900,2900,828,0,380,527.8695623223346,14.864400029182434,2925.8645999943838,5089.95652173913
1791144098,300,,Aggregated,69.444444,0.000000,360,590,740,860,1200,1600,2100,2300,2900,2900,2900,913,0,360,526.2555600254136,14.864400029182434,2925.8645999943838,5059.433734939759
1791144099,325,,Aggregated,76.100000,0.000000,360,610,750,870,1200,1600,2100,2300,2900,2900,2900,975,0,360,531.3718082091938,14.864400029182434,2925.8645999943838,5032.167179487179
1791144100,350,,Aggregated,86.100000,0.000000,380,650,820,990,1600,1900,2400,2700,3300,3800,3800,1088,0,380,598.0548664564968,14.864400029182434,3827.889599953778,5052.606617647059
1791144101,375,,Aggregated,86.000000,0.000000,410,730,1100,1300,1700,2400,2900,3400,4800,5400,5400,1258,0,410,701.310893565132,14.864400029182434,5412.609599996358,5046.049284578697
1791144102,400,,Aggregated,89.600000,0.000000,410,750,1100,1300,1800,2700,3200,3900,4800,5400,5400,1372,0,410,744.6800183719323,14.864400029182434,5412.609599996358,5043.376822157435
1791144103,425,,Aggregated,105.900000,0.000000,420,830,1200,1400,2000,2800,3700,4200,5700,6100,6100,1545,0,420,794.4149558625295,14.864400029182434,6126.560400007293,5059.159223300971
1791144104,450,,Aggregated,105.000000,0.000000,440,880,1200,1400,2100,2900,3900,4700,6100,6800,6800,1707,0,440,828.3294026995504,14.864400029182434,6813.292799983174,5063.7674282366725
1791144105,475,,Aggregated,113.600000,0.000000,440,900,1200,1400,2100,2900,3900,4700,6100,6800,6800,1847,0,440,829.2613210658022,14.864400029182434,6813.292799983174,5066.9404439631835
1791144106,500,,Aggregated,119.200000,0.000000,460,960,1200,1400,2200,2900,4000,4700,5900,6800,6800,2029,0,460,851.1177431289409,14.864400029182434,6813.292799983174,5046.842286840808
1791144107,525,,Aggregated,125.400000,0.000000,470,1000,1200,1400,2300,2900,4100,4700,6100,6800,6800,2199,0,470,871.802648480282,14.864400029182434,6813.292799983174,5045.256934970441
1791144108,550,,Aggregated,129.500000,0.000000,480,1100,1200,1500,2300,2900,4100,4700,6700,8000,8000,2362,0,480,887.3005919172751,14.864400029182434,8044.845800031908,5055.160033869602
1791144109,575,,Aggregated,133.400000,0.000000,440,1100,1200,1500,2300,3000,4100,4800,6700,8000,8000,2490,0,440,887.1571368708492,14.864400029182434,8044.845800031908,5057.080722891566
1791144110,600,,Aggregated,140.300000,0.000000,430,1100,1300,1600,2300,3000,4100,4800,6700,8000,8000,2641,0,430,899.8818883032932,14.864400029182434,8044.845800031908,5053.695191215449
1791144111,625,,Aggregated,147.000000,0.000000,440,1100,1400,1600,2400,3400,4400,4900,6800,9600,9600,2815,0,440,943.1871795058697,14.864400029182434,9624.193600029685,5042.3936056838365
1791144112,650,,Aggregated,154.700000,0.000000,450,1100,1400,1700,2600,3400,4500,5100,8000,9600,9600,2941,0,450,975.5187435938959,14.864400029182434,9624.193600029685,5041.356001360082
1791144113,675,,Aggregated,153.400000,0.000000,430,1100,1500,1800,2700,3500,4600,5300,7700,9600,9600,3015,0,430,983.7234679967085,14.864400029182434,9624.193600029685,5029.836484245439
1791144114,700,,Aggregated,159.700000,0.000000,470,1200,1600,1900,2900,3800,5000,6100,8500,9600,9600,3148,0,470,1060.7403433004,14.864400029182434,9638.730799895711,5013.405654383736
1791144115,725,,Aggregated,151.500000,0.000000,470,1200,1600,1900,3100,4000,5300,6600,9600,15000,15000,3243,0,470,1106.122498923822,14.864400029182434,14849.526999983937,5022.367252543941
1791144116,750,,Aggregated,143.000000,0.000000,480,1200,1600,2000,3300,4000,5600,6700,9600,15000,15000,3374,0,480,1148.9838258476202,14.864400029182434,14849.526999983937,5024.587136929461
1791144117,775,,Aggregated,141.400000,0.000000,480,1200,1700,2100,3500,4200,5900,7000,11000,15000,15000,3488,0,480,1192.817469383503,14.864400029182434,14849.526999983937,5016.379300458716
1791144118,800,,Aggregated,136.700000,0.000000,490,1200,1900,2300,3600,4600,6900,7800,13000,20000,20000,3647,0,490,1292.1498016204212,14.864400029182434,20130.92159992084,5013.983822319715
1791144119,825,,Aggregated,130.100000,0.000000,490,1200,1900,2300,3700,4700,7100,8900,13000,20000,20000,3723,0,490,1328.9451831611216,14.864400029182434,20130.92159992084,5013.780284716627
1791144120,850,,Aggregated,127.700000,0.000000,470,1200,1900,2300,3800,4800,7300,9000,13000,20000,20000,3798,0,470,1335.9427478960092,14.864400029182434,20130.92159992084,5019.695365982096
1791144121,875,,Aggregated,125.100000,0.000000,470,1200,1900,2300,4000,5000,7500,9100,13000,20000,20000,3899,0,470,1377.8354104153086,14.864400029182434,20130.92159992084,5024.666324698641
1791144122,900,,Aggregated,119.300000,0.000000,460,1200,1900,2300,4000,5000,7900,9200,14000,20000,20000,3968,0,460,1382.0123064287761,14.864400029182434,20130.92159992084,5023.0206653225805
1791144123,925,,Aggregated,111.600000,0.000000,480,1200,2000,2700,4200,5900,9400,10000,16000,20000,20000,4116,0,470,1521.754815867121,14.864400029182434,20130.92159992084,5012.559523809524
1791144124,950,,Aggregated,103.700000,0.000000,480,1300,2100,2900,4700,6200,9700,11000,16000,20000,20000,4280,0,480,1617.4160230628468,14.864400029182434,20130.92159992084,5012.427336448598
1791144125,975,,Aggregated,103.300000,0.000000,500,1400,2300,3200,5400,7000,9900,13000,16000,20000,20000,4447,0,500,1735.4616138768442,14.864400029182434,20130.92159992084,5010.460310321565
1791144126,1000,,Aggregated,0.000000,0.000000,150,5000,5000,5100,9900,10000,14000,16000,16000,16000,16000,51,0,150,2733.136027441908,69.44079999811947,16052.10879992228,4887.529411764706
1791144127,1000,,Aggregated,0.000000,0.000000,290,5000,10000,10000,11000,14000,16000,17000,21000,21000,21000,225,0,290,4290.800732439384,48.54280001018196,21055.566699942574,5111.955555555555
1791144128,1000,,Aggregated,0.000000,0.000000,4400,4900,9700,10000,11000,14000,16000,17000,21000,21000,21000,357,0,4400,4453.150557418333,46.07789998408407,21055.566699942574,4977.078431372549
1791144129,1000,,Aggregated,83.000000,0.000000,4400,4800,9700,10000,11000,14000,17000,17000,21000,21000,21000,511,0,4400,4564.853032678184,46.07789998408407,21102.400799980387,4997.091976516634
1791144130,1000,,Aggregated,122.500000,0.000000,4400,4600,9600,9800,10000,14000,17000,18000,21000,21000,21000,700,0,4400,4484.36113685569,46.07789998408407,21102.400799980387,4943.197142857143
1791144131,1000,,Aggregated,129.666667,0.000000,4400,4700,9300,9700,10000,14000,17000,20000,23000,23000,23000,868,0,4400,4622.78865898564,46.07789998408407,22759.4342000084,4958.482718894009
1791144132,1000,,Aggregated,136.750000,0.000000,4400,4600,9100,9700,11000,15000,19000,21000,23000,26000,26000,1039,0,4400,4630.5208292586285,46.07789998408407,25894.959699944593,4931.648700673724
1791144133,1000,,Aggregated,146.000000,0.000000,4400,4500,8900,9400,10000,15000,19000,20000,23000,26000,26000,1181,0,4400,4572.644570617637,46.07789998408407,25894.959699944593,4947.26248941575
1791144134,1000,,Aggregated,149.166667,0.000000,4400,4600,8800,9300,10000,15000,19000,21000,24000,26000,26000,1327,0,4400,4579.786645967992,46.07789998408407,25894.959699944593,4929.246420497362
1791144135,1000,,Aggregated,151.285714,0.000000,4400,4600,8900,9300,14000,15000,19000,21000,25000,26000,26000,1415,0,4400,4604.300427420209,46.07789998408407,25894.959699944593,4944.032508833922
1791144136,1000,,Aggregated,149.000000,0.000000,4400,4700,8900,9400,14000,15000,19000,21000,25000,26000,26000,1539,0,4400,4698.588890578072,46.07789998408407,25894.959699944593,4941.640675763483
1791144137,1000,,Aggregated,148.333333,0.000000,4400,4800,8900,9400,14000,15000,20000,22000,27000,31000,31000,1614,1,4400,4777.614370135511,46.07789998408407,30651.36299992446,4937.131350681537
1791144138,1000,,Aggregated,143.100000,0.000000,4500,5000,8900,9500,14000,15000,20000,22000,30000,31000,31000,1700,3,4500,4860.739651234437,46.07789998408407,30651.36299992446,4913.898823529412
1791144139,1000,,Aggregated,145.600000,0.000000,4500,5000,8900,9500,14000,15000,20000,22000,30000,31000,31000,1778,5,4500,4952.365035319578,46.07789998408407,30651.36299992446,4900.034308211473
1791144140,1000,,Aggregated,137.300000,0.100000,4500,5200,8900,9600,14000,15000,21000,23000,30000,31000,31000,1886,5,4500,5048.004081017035,46.07789998408407,30651.36299992446,4903.010074231177
1791144141,1000,,Aggregated,131.100000,0.300000,4500,5900,8900,9600,14000,16000,21000,24000,30000,31000,31000,1999,5,4500,5201.1434996994285,46.07789998408407,30651.36299992446,4903.542271135568
1791144142,1000,,Aggregated,123.500000,0.500000,4500,6700,8900,9600,14000,16000,21000,24000,30000,31000,31000,2114,6,4500,5278.101996877452,46.07789998408407,30651.36299992446,4892.300851466414
1791144143,1000,,Aggregated,116.600000,0.500000,4500,7200,8900,9600,14000,17000,21000,24000,30000,31000,31000,2291,7,4500,5451.823351112408,36.23119997791946,30651.36299992446,4879.1086861632475
1791144144,1000,,Aggregated,111.400000,0.500000,4500,7400,8900,9600,14000,17000,22000,25000,30000,31000,31000,2415,10,4500,5553.733288736605,36.23119997791946,30651.36299992446,4861.459627329193
1791144145,1000,,Aggregated,106.800000,0.600000,4600,7300,8900,9700,14000,17000,22000,26000,30000,31000,31000,2575,11,4600,5652.659192155073,36.23119997791946,30651.36299992446,4862.850873786408
1791144146,1000,,Aggregated,111.000000,0.700000,4600,7300,8800,9700,14000,17000,22000,26000,30000,31000,31000,2700,11,4600,5679.362075036674,36.23119997791946,30651.36299992446,4860.7903703703705
1791144147,1000,,Aggregated,109.400000,1.000000,4700,7300,8800,9700,14000,17000,22000,26000,30000,31000,31000,2857,12,4700,5702.483611235049,36.23119997791946,30651.36299992446,4868.474973748687
1791144148,1000,,Aggregated,115.400000,1.100000,4900,7200,8900,9700,13000,17000,22000,25000,30000,31000,31000,3020,12,4900,5716.141085032785,36.23119997791946,30651.36299992446,4860.423841059603
1791144149,1000,,Aggregated,116.400000,1.100000,5000,7200,8800,9700,13000,17000,22000,25000,30000,31000,31000,3118,12,5000,5710.998767222399,36.23119997791946,30651.36299992446,4852.54618345093
1791144150,1000,,Aggregated,124.700000,1.100000,5000,7200,8600,9700,13000,17000,22000,24000,30000,31000,31000,3265,12,5000,5685.2303600608775,36.23119997791946,30651.36299992446,4844.958958652373
1791144151,1000,,Aggregated,132.600000,0.900000,5000,7100,7700,9800,13000,17000,22000,24000,30000,31000,31000,3434,12,5000,5694.585320529786,36.23119997791946,30651.36299992446,4841.787128712871
1791144152,1000,,Aggregated,133.600000,0.700000,5000,7100,7700,9800,13000,17000,22000,24000,30000,31000,31000,3573,12,5000,5675.683537978978,36.23119997791946,30651.36299992446,4824.818639798488
1791144154,1000,,Aggregated,137.500000,0.700000,5000,7100,7700,9800,13000,17000,22000,24000,30000,31000,31000,3641,12,5000,5633.9253524853875,36.23119997791946,30651.36299992446,4822.880801977479
1791144155,1000,,Aggregated,142.900000,0.700000,5000,6800,7700,9700,13000,17000,22000,24000,30000,31000,31000,3773,12,5000,5591.373347283018,36.23119997791946,30651.36299992446,4833.226875165651
1791144156,1000,,Aggregated,133.900000,0.500000,5100,6700,7700,9800,13000,17000,22000,24000,30000,31000,31000,3991,12,5100,5620.044595264354,36.23119997791946,30651.36299992446,4831.070408418943
1791144157,1000,,Aggregated,134.400000,0.200000,5100,6600,7700,9800,13000,17000,22000,24000,30000,31000,31000,4137,13,5100,5605.231168866145,36.23119997791946,30651.36299992446,4832.449601160261
1791144158,1000,,Aggregated,139.700000,0.100000,5100,6600,7700,9800,13000,17000,22000,24000,30000,31000,31000,4249,14,5100,5593.4446998351805,36.23119997791946,30651.36299992446,4831.61802777124
1791144159,1000,,Aggregated,142.800000,0.200000,5100,6300,7700,9800,13000,17000,22000,24000,30000,31000,31000,4407,14,5100,5566.573135670306,36.23119997791946,30651.36299992446,4835.87270251872
1791144160,1000,,Aggregated,142.800000,0.200000,5100,6200,7600,9800,13000,17000,22000,24000,30000,31000,31000,4458,14,5100,5537.894862628794,36.23119997791946,30651.36299992446,4834.431807985644
1791144161,1000,,Aggregated,137.300000,0.200000,5100,6100,7600,9700,13000,17000,22000,24000,30000,31000,31000,4530,15,5100,5500.368830507514,36.23119997791946,30651.36299992446,4835.635540838852
1791144162,1000,,Aggregated,134.000000,0.200000,5100,6300,7700,9900,13000,17000,22000,24000,30000,31000,31000,4674,15,5100,5568.241310226491,36.23119997791946,30651.36299992446,4832.275994865212
1791144163,1000,,Aggregated,124.800000,0.300000,5100,6300,7700,9900,13000,17000,22000,24000,30000,31000,31000,4821,15,5100,5598.387359199328,36.23119997791946,30651.36299992446,4834.50197054553
1791144164,1000,,Aggregated,122.100000,0.300000,5100,6200,7600,9900,13000,17000,22000,24000,30000,31000,31000,4955,15,5100,5601.115045892979,36.23119997791946,30651.36299992446,4839.628657921292
1791144165,1000,,Aggregated,123.400000,0.300000,5100,6200,7600,9900,13000,17000,22000,24000,30000,31000,31000,5124,15,5100,5607.436690397881,36.23119997791946,30651.36299992446,4831.949843871975
1791144166,1000,,Aggregated,123.400000,0.300000,5200,6200,7600,9900,13000,17000,22000,24000,30000,31000,31000,5226,16,5200,5601.507730194894,36.23119997791946,30651.36299992446,4830.036739380023
1791144167,1000,,Aggregated,133.800000,0.300000,5200,6300,7600,10000,13000,17000,22000,24000,30000,31000,31000,5381,16,5200,5636.639306503828,36.23119997791946,30651.36299992446,4828.7459580003715
1791144168,1000,,Aggregated,124.400000,0.400000,5200,6200,7600,10000,13000,17000,22000,24000,30000,31000,31000,5553,17,5200,5644.8469127315275,36.23119997791946,30651.36299992446,4821.44102287052
1791144169,1000,,Aggregated,123.200000,0.300000,5200,6200,7500,10000,13000,17000,22000,24000,30000,31000,31000,5710,17,5200,5622.022147162569,36.23119997791946,30651.36299992446,4820.872329246935
1791144170,1000,,Aggregated,128.200000,0.300000,5100,6200,7500,9900,13000,17000,22000,23000,30000,31000,31000,5828,17,5100,5585.006081176796,36.23119997791946,30651.36299992446,4821.21139327385
1791144171,1000,,Aggregated,129.200000,0.300000,5100,6200,7500,9900,13000,17000,22000,23000,30000,31000,31000,5885,17,5100,5542.559814935935,36.23119997791946,30651.36299992446,4820.091758708581
1791144172,1000,,Aggregated,129.200000,0.300000,5100,6200,7500,9900,13000,17000,22000,23000,30000,31000,31000,5937,17,5100,5524.209207006488,36.23119997791946,30651.36299992446,4820.457806973219
1791144173,1000,,Aggregated,135.300000,0.200000,5100,6200,7500,9800,13000,17000,22000,24000,30000,31000,31000,6001,19,5100,5518.408099233081,36.23119997791946,30651.36299992446,4819.847692051325
1791144174,1000,,Aggregated,127.800000,0.200000,5100,6200,7500,9800,13000,17000,22000,24000,30000,31000,31000,6122,20,5100,5564.260672296265,36.23119997791946,30651.36299992446,4815.851682456713
1791144175,1000,,Aggregated,117.000000,0.400000,5200,6400,7500,10000,13000,17000,22000,24000,30000,31000,31000,6299,20,5200,5662.853937323249,36.23119997791946,30651.36299992446,4815.199555484997
1791144176,1000,,Aggregated,113.400000,0.500000,5200,6500,7500,10000,13000,17000,22000,24000,30000,31000,31000,6431,20,5200,5682.2570977294345,36.23119997791946,30651.36299992446,4812.905768931737
1791144177,1000,,Aggregated,112.800000,0.500000,5200,6600,7500,10000,13000,17000,22000,24000,30000,31000,31000,6552,20,5200,5702.3295807230625,36.23119997791946,30651.36299992446,4806.772283272283
1791144178,1000,,Aggregated,114.900000,0.400000,5200,6700,7500,10000,13000,18000,22000,24000,30000,31000,31000,6665,20,5200,5693.803302685387,36.23119997791946,30651.36299992446,4808.152588147037
1791144179,1000,,Aggregated,114.900000,0.400000,5200,6800,7600,10000,13000,18000,22000,24000,30000,31000,31000,6734,20,5200,5692.401911330231,36.23119997791946,30651.36299992446,4806.421740421741
1791144180,1000,,Aggregated,109.500000,0.300000,5200,6800,7600,10000,13000,18000,22000,24000,30000,31000,31000,6791,22,5200,5729.58345221588,36.23119997791946,30719.612700049765,4803.8685024296865
1791144181,1000,,Aggregated,104.300000,0.300000,5200,6900,7700,10000,13000,18000,22000,24000,30000,31000,31000,7005,22,5200,5815.916636073903,33.86480000335723,30719.612700049765,4797.235403283369
1791144182,1000,,Aggregated,92.900000,0.400000,5300,6900,7700,10000,13000,18000,22000,24000,30000,31000,31000,7196,22,5300,5847.029509129724,33.86480000335723,30719.612700049765,4801.298360200111
1791144183,1000,,Aggregated,105.200000,0.500000,5300,6900,7700,10000,13000,18000,22000,24000,30000,31000,31000,7223,22,5300,5839.0004701367425,33.86480000335723,30719.612700049765,4801.46642669251
1791144184,1000,,Aggregated,119.900000,0.500000,5200,6900,7700,10000,13000,18000,22000,24000,30000,31000,31000,7237,23,5200,5836.805758725659,33.86480000335723,30719.612700049765,4800.57827829211
1791144185,1000,,Aggregated,123.700000,0.300000,5200,6900,7700,10000,13000,18000,22000,24000,30000,32000,32000,7270,26,5200,5845.822696891067,33.86480000335723,31551.37750005815,4799.261898211829
1791144186,1000,,Aggregated,116.200000,0.300000,5300,7000,8500,10000,13000,18000,22000,24000,30000,32000,32000,7367,26,5300,5919.206390443573,33.86480000335723,31551.37750005815,4798.246776163975
1791144187,1000,,Aggregated,99.800000,0.300000,5300,7000,8700,10000,13000,18000,22000,25000,30000,32000,32000,7456,26,5300,5981.032030793667,33.86480000335723,31551.37750005815,4799.127548283262
1791144188,1000,,Aggregated,93.600000,0.600000,5300,7000,8800,10000,14000,18000,22000,25000,30000,32000,32000,7512,26,5300,6005.081873894764,33.86480000335723,31551.37750005815,4799.2422790202345
1791144189,1000,,Aggregated,87.200000,0.600000,5400,7100,8900,10000,14000,18000,22000,25000,30000,32000,32000,7574,30,5300,6016.099162846222,33.86480000335723,31551.37750005815,4798.203327171904
1791144190,1000,,Aggregated,86.700000,0.600000,5400,7100,9000,10000,14000,18000,22000,25000,30000,32000,32000,7690,30,5400,6031.958318218218,33.86480000335723,31551.37750005815,4794.723016905072
1791144191,1000,,Aggregated,79.800000,0.700000,5500,7100,9200,10000,14000,18000,22000,25000,30000,32000,32000,7801,30,5500,6118.528424740188,33.86480000335723,31551.37750005815,4789.428278425843
1791144192,1000,,Aggregated,86.300000,0.900000,5500,7200,9300,10000,14000,18000,22000,25000,30000,32000,32000,7889,30,5500,6126.0869644693175,33.86480000335723,31551.37750005815,4789.753834453036
1791144193,1000,,Aggregated,81.500000,0.800000,5500,7200,9400,10000,14000,18000,22000,25000,30000,32000,32000,7965,30,5500,6130.469400024868,33.86480000335723,31551.37750005815,4789.28688010044
1791144194,1000,,Aggregated,69.000000,0.800000,5500,7300,9700,10000,14000,18000,22000,25000,30000,32000,32000,8147,31,5500,6171.00137910877,33.86480000335723,31551.37750005815,4785.86682214312
1791144195,1000,,Aggregated,69.400000,0.800000,5600,7300,9700,10000,14000,18000,22000,26000,30000,32000,32000,8278,35,5600,6195.910166972682,33.86480000335723,31551.37750005815,4785.268180719981
1791144196,1000,,Aggregated,77.700000,0.800000,5600,7400,9700,10000,14000,18000,22000,26000,30000,32000,32000,8420,40,5600,6218.70114842036,33.86480000335723,31551.37750005815,4782.372209026128
1791144197,1000,,Aggregated,94.700000,0.800000,5600,7400,9700,10000,14000,18000,22000,26000,30000,32000,32000,8506,40,5600,6213.385723583343,33.86480000335723,31551.37750005815,4785.112391253233
1791144198,1000,,Aggregated,99.300000,0.900000,5600,7400,9700,10000,14000,18000,23000,26000,30000,32000,32000,8586,41,5600,6202.027203750286,33.86480000335723,31551.37750005815,4782.499417656651
1791144199,1000,,Aggregated,105.200000,1.400000,5600,7400,9700,10000,14000,18000,23000,26000,30000,32000,32000,8679,41,5600,6219.076729093423,33.86480000335723,31551.37750005815,4784.000806544533
1791144200,1000,,Aggregated,103.600000,1.400000,5600,7400,9700,10000,14000,18000,23000,27000,31000,32000,32000,8743,46,5600,6253.472511586668,33.86480000335723,31551.37750005815,4781.745396317054
1791144201,1000,,Aggregated,107.200000,1.400000,5600,7400,9700,10000,14000,18000,23000,27000,31000,32000,32000,8823,47,5600,6267.928578578957,33.86480000335723,31551.37750005815,4779.145528731724
1791144202,1000,,Aggregated,108.800000,1.100000,5600,7400,9700,10000,14000,18000,23000,27000,31000,32000,32000,8856,48,5600,6281.467306605925,33.86480000335723,31551.37750005815,4781.361562782295
1791144203,1000,,Aggregated,103.000000,1.600000,5700,7500,9700,10000,15000,18000,23000,27000,31000,32000,32000,8920,48,5700,6299.841488329822,33.86480000335723,31551.37750005815,4780.99831838565
1791144204,1000,,Aggregated,100.700000,1.700000,5700,7500,9700,10000,15000,18000,23000,27000,31000,32000,32000,8953,50,5700,6319.583991131686,33.86480000335723,31551.37750005815,4777.223947280241
1791144205,1000,,Aggregated,95.800000,1.800000,5700,7500,9700,10000,15000,18000,23000,27000,31000,32000,32000,9013,50,5700,6347.701766293332,33.86480000335723,31551.37750005815,4778.049484078553
1791144206,1000,,Aggregated,90.900000,1.700000,5700,7500,9800,10000,15000,18000,23000,27000,31000,32000,32000,9038,53,5700,6356.877182839301,33.86480000335723,31551.37750005815,4775.219517592388
1791144207,1000,,Aggregated,77.800000,1.900000,5800,7600,9900,11000,15000,18000,23000,28000,31000,32000,32000,9141,54,5800,6446.0400925393005,33.86480000335723,31551.37750005815,4775.3572913248
1791144208,1000,,Aggregated,70.900000,1.500000,5800,7600,10000,11000,15000,18000,23000,28000,31000,32000,32000,9262,54,5800,6512.348561315171,33.86480000335723,31551.37750005815,4778.009177283524
1791144209,1000,,Aggregated,60.300000,1.300000,5800,7700,10000,11000,16000,19000,24000,28000,31000,32000,32000,9364,55,5800,6580.042489983066,33.86480000335723,31551.37750005815,4773.138295600171
1791144210,1000,,Aggregated,62.600000,1.400000,5800,7700,10000,11000,16000,19000,24000,28000,31000,32000,32000,9377,57,5800,6590.911587885405,33.86480000335723,31551.37750005815,4772.766023248374
1791144211,1000,,Aggregated,65.800000,1.300000,5800,7700,10000,11000,16000,19000,24000,28000,31000,32000,32000,9383,59,5800,6601.2288422147985,33.86480000335723,31551.37750005815,4772.01246935948
1791144212,1000,,Aggregated,66.100000,1.400000,5800,7700,10000,11000,16000,19000,24000,29000,31000,32000,32000,9436,64,5800,6641.140678974262,33.86480000335723,31732.88880009204,4769.274268757948
1791144213,1000,,Aggregated,60.800000,1.100000,5900,7800,10000,11000,16000,19000,24000,29000,31000,32000,32000,9498,69,5800,6699.457609380974,33.86480000335723,31732.88880009204,4766.317435249526
1791144214,1000,,Aggregated,55.500000,1.400000,5900,7900,10000,11000,16000,19000,25000,29000,31000,32000,32000,9581,82,5900,6771.905825007914,33.86480000335723,31732.88880009204,4760.303621751383
1791144216,1000,,Aggregated,57.000000,1.600000,5900,8100,10000,11000,16000,19000,26000,30000,31000,32000,32000,9648,101,5900,6835.856952601638,33.86480000335723,31732.88880009204,4749.978648424544
1791144217,1000,,Aggregated,61.900000,3.200000,5900,8300,10000,11000,16000,19000,26000,30000,31000,32000,32000,9735,101,5900,6876.925646933755,33.86480000335723,31732.88880009204,4750.1535695942475
1791144218,1000,,Aggregated,63.500000,5.100000,6000,8500,10000,11000,16000,19000,26000,30000,31000,32000,32000,9842,101,5900,6895.296599319161,33.86480000335723,31732.88880009204,4751.693558219874
1791144219,1000,,Aggregated,68.400000,4.800000,6000,8500,10000,12000,16000,19000,27000,30000,31000,32000,32000,9940,112,6000,6934.601513893275,33.86480000335723,31732.88880009204,4749.067907444668
1791144220,1000,,Aggregated,68.900000,4.700000,6000,8600,11000,12000,16000,19000,27000,30000,31000,32000,32000,10023,115,6000,6952.161738042395,33.86480000335723,31732.88880009204,4749.88506435199
1791144221,1000,,Aggregated,67.400000,5.700000,6000,8600,11000,12000,16000,20000,27000,30000,31000,32000,32000,10114,117,6000,6981.589706327732,33.86480000335723,31732.88880009204,4753.671050029662
1791144222,1000,,Aggregated,65.400000,6.000000,6000,8700,11000,12000,16000,19000,27000,30000,31000,32000,32000,10201,119,6000,6978.134525879724,33.86480000335723,31732.88880009204,4753.71885109303
1791144223,1000,,Aggregated,73.300000,6.000000,6000,8800,11000,12000,16000,19000,27000,30000,31000,32000,32000,10308,121,6000,6992.043625281284,33.86480000335723,31732.88880009204,4754.685778036476
1791144224,1000,,Aggregated,80.800000,5.800000,6000,8900,11000,12000,16000,20000,27000,30000,31000,32000,32000,10392,126,6000,7008.121582197742,33.86480000335723,31732.88880009204,4750.961701308699
1791144225,1000,,Aggregated,86.600000,5.700000,6000,8900,11000,12000,16000,20000,27000,30000,31000,32000,32000,10458,131,6000,7030.182275712284,33.86480000335723,31732.88880009204,4745.076113979729
1791144226,1000,,Aggregated,89.000000,5.700000,6000,9000,11000,12000,16000,21000,28000,30000,31000,32000,32000,10544,137,6000,7054.5200814111,33.86480000335723,31732.88880009204,4743.253793626707
1791144227,1000,,Aggregated,87.300000,4.900000,6000,9000,11000,12000,16000,21000,28000,30000,31000,32000,32000,10632,143,6000,7088.195384292587,33.86480000335723,31732.88880009204,4743.723570353649
1791144228,1000,,Aggregated,89.100000,3.600000,6100,9100,11000,12000,17000,22000,28000,30000,31000,32000,32000,10708,144,6100,7113.063449430244,33.86480000335723,31732.88880009204,4743.607863279791
1791144229,1000,,Aggregated,88.700000,4.100000,6100,9100,11000,12000,17000,22000,28000,30000,31000,32000,32000,10800,147,6100,7126.591178314694,33.86480000335723,31732.88880009204,4745.552129629629
1791144230,1000,,Aggregated,86.400000,4.300000,6100,9200,11000,12000,17000,22000,28000,30000,31000,32000,32000,10874,150,6100,7128.78365672232,33.86480000335723,31732.88880009204,4746.4424314879525
1791144231,1000,,Aggregated,86.400000,4.300000,6100,9300,11000,12000,17000,22000,28000,30000,31000,32000,32000,10909,154,6100,7151.579680483902,33.86480000335723,31732.88880009204,4745.077642313686
1791144232,1000,,Aggregated,84.300000,3.500000,6100,9300,11000,12000,17000,22000,28000,30000,32000,32000,32000,10917,162,6100,7169.479739717769,33.86480000335723,31732.88880009204,4741.61582852432
1791144233,1000,,Aggregated,84.300000,3.500000,6100,9300,11000,12000,17000,22000,28000,30000,32000,32000,32000,10920,162,6100,7169.795821886338,33.86480000335723,31732.88880009204,4741.2760989010985
1791144234,1000,,Aggregated,84.300000,3.500000,6100,9300,11000,12000,17000,22000,28000,30000,32000,32000,32000,10920,162,6100,7169.795821886338,33.86480000335723,31732.88880009204,4741.2760989010985
1791144235,1000,,Aggregated,71.300000,3.500000,6100,9400,11000,12000,17000,22000,28000,30000,32000,33000,34000,10942,173,6100,7203.58869406857,33.86480000335723,33537.51289995853,4736.092304880278
1791144236,1000,,Aggregated,53.200000,3.600000,6100,9500,11000,12000,17000,22000,29000,30000,33000,33000,34000,11021,199,6100,7301.495705607293,33.86480000335723,33537.51289995853,4724.138190726794
1791144237,1000,,Aggregated,48.800000,4.200000,6200,9600,11000,12000,17000,23000,30000,30000,33000,33000,34000,11150,209,6200,7419.726310511012,33.86480000335723,33537.51289995853,4720.612735426009
1791144238,1000,,Aggregated,45.500000,6.200000,6200,9700,11000,12000,18000,23000,30000,30000,33000,33000,34000,11258,214,6200,7499.51393847017,33.86480000335723,33537.51289995853,4717.524249422633
1791144239,1000,,Aggregated,50.300000,6.500000,6200,9700,11000,12000,18000,23000,30000,30000,33000,33000,34000,11307,218,6200,7512.067082771476,33.86480000335723,33537.51289995853,4715.60493499602
1791144240,1000,,Aggregated,53.100000,7.000000,6200,9700,11000,13000,18000,23000,30000,30000,33000,33000,34000,11372,232,6200,7536.528045365525,33.86480000335723,33537.51289995853,4710.505627857897
1791144241,1000,,Aggregated,51.400000,6.800000,6200,9700,11000,13000,18000,24000,30000,30000,33000,33000,34000,11471,235,6200,7570.029374631383,33.86480000335723,33537.51289995853,4712.256908726354
1791144242,1000,,Aggregated,49.500000,7.600000,6200,9700,11000,13000,18000,24000,30000,30000,33000,33000,34000,11564,238,6200,7615.031957548981,33.86480000335723,33537.51289995853,4710.377291594604
1791144243,1000,,Aggregated,53.200000,7.900000,6200,9700,12000,13000,18000,24000,30000,30000,33000,33000,34000,11638,241,6200,7627.4111023798205,33.86480000335723,33537.51289995853,4708.492180787077
1791144244,1000,,Aggregated,63.400000,8.100000,6200,9800,12000,13000,18000,24000,30000,30000,33000,33000,34000,11715,246,6200,7649.745031250222,33.86480000335723,33537.51289995853,4706.112163892446
1791144245,1000,,Aggregated,69.600000,7.900000,6200,9800,12000,13000,18000,24000,30000,30000,33000,33000,34000,11777,256,6200,7674.929489283884,33.86480000335723,33537.51289995853,4701.248874925703
1791144246,1000,,Aggregated,77.300000,8.000000,6200,9800,12000,13000,18000,24000,30000,30000,33000,33000,34000,11870,264,6200,7716.769263479061,33.86480000335723,33537.51289995853,4699.383319292334
1791144247,1000,,Aggregated,81.400000,7.700000,6200,9900,12000,14000,18000,24000,30000,30000,33000,33000,34000,11968,268,6200,7752.03826605919,33.86480000335723,33537.51289995853,4696.697693850268
1791144248,1000,,Aggregated,83.400000,6.400000,6200,9900,12000,14000,18000,24000,30000,30000,33000,33000,34000,12047,269,6200,7763.02599526826,33.86480000335723,33537.51289995853,4695.853656511995
1791144249,1000,,Aggregated,80.700000,6.000000,6200,10000,12000,14000,18000,24000,30000,30000,33000,33000,34000,12151,279,6200,7785.449365772072,33.86480000335723,33537.51289995853,4692.629660110279
1791144250,1000,,Aggregated,78.500000,5.400000,6300,10000,12000,14000,18000,25000,30000,30000,33000,33000,34000,12244,293,6300,7843.543375334535,33.86480000335723,33537.51289995853,4688.16661221823
1791144251,1000,,Aggregated,80.900000,5.900000,6300,10000,12000,14000,18000,25000,30000,30000,33000,33000,34000,12327,299,6300,7867.245799942908,33.86480000335723,33537.51289995853,4687.055001216841
1791144252,1000,,Aggregated,79.900000,5.500000,6400,10000,12000,14000,18000,25000,30000,30000,33000,33000,34000,12425,301,6400,7877.752757754156,33.86480000335723,33537.51289995853,4687.315975855131
1791144253,1000,,Aggregated,84.200000,6.400000,6400,10000,12000,14000,18000,25000,30000,30000,33000,33000,34000,12481,309,6400,7908.5457723095105,33.86480000335723,33537.51289995853,4685.085890553642
1791144254,1000,,Aggregated,83.600000,6.500000,6400,10000,12000,14000,18000,25000,30000,30000,33000,33000,34000,12529,318,6400,7922.348751456257,33.86480000335723,33537.51289995853,4681.999920185171
1791144255,1000,,Aggregated,84.200000,6.300000,6400,10000,12000,14000,18000,25000,30000,30000,33000,33000,34000,12614,327,6400,7949.439273148553,33.86480000335723,33537.51289995853,4682.393055335342
1791144256,1000,,Aggregated,80.600000,7.000000,6500,10000,12000,14000,18000,25000,30000,30000,33000,33000,34000,12688,339,6500,7977.343526520786,33.86480000335723,33537.51289995853,4678.111680327869
1791144257,1000,,Aggregated,81.600000,7.200000,6500,10000,12000,14000,19000,25000,30000,30000,33000,33000,34000,12811,343,6500,8018.162419420436,33.86480000335723,33537.51289995853,4677.133869331044
1791144258,1000,,Aggregated,80.000000,7.000000,6600,10000,12000,14000,19000,25000,30000,30000,33000,33000,34000,12871,349,6600,8030.796814334214,33.86480000335723,33537.51289995853,4672.8463988812055
1791144259,1000,,Aggregated,82.500000,7.200000,6600,10000,12000,14000,19000,25000,30000,30000,33000,33000,34000,12911,356,6600,8038.848439516396,33.86480000335723,33537.51289995853,4670.8031136240415
1791144260,1000,,Aggregated,82.400000,7.700000,6600,10000,12000,14000,19000,25000,30000,30000,33000,33000,34000,12987,368,6600,8053.31129650389,33.86480000335723,33537.51289995853,4665.994147994148
1791144261,1000,,Aggregated,77.600000,7.700000,6700,10000,12000,14000,19000,25000,30000,30000,33000,33000,34000,13083,371,6700,8067.229120423129,33.86480000335723,33537.51289995853,4666.750668806849
1791144262,1000,,Aggregated,80.200000,8.500000,6800,10000,12000,14000,19000,25000,30000,30000,33000,33000,34000,13235,373,6800,8091.27531774058,33.86480000335723,33537.51289995853,4665.626445032111
1791144263,1000,,Aggregated,74.900000,7.400000,6900,10000,12000,14000,19000,25000,30000,30000,33000,33000,34000,13421,373,6900,8128.489920422966,33.86480000335723,33537.51289995853,4662.549213918486
1791144264,1000,,Aggregated,77.100000,7.100000,7000,10000,12000,14000,19000,25000,30000,30000,33000,33000,34000,13571,373,7000,8154.529837277794,33.86480000335723,33537.51289995853,4664.811141404465
1791144265,1000,,Aggregated,83.500000,6.900000,7000,10000,12000,14000,19000,25000,30000,30000,33000,33000,34000,13628,375,7000,8158.388627142424,33.86480000335723,33537.51289995853,4664.447974757852
1791144267,1000,,Aggregated,92.200000,6.100000,7000,10000,12000,14000,19000,25000,30000,30000,33000,33000,34000,13684,375,7000,8162.896908440255,33.86480000335723,33537.51289995853,4665.4731072785735
1791144268,1000,,Aggregated,100.000000,4.200000,7000,10000,12000,14000,19000,25000,30000,30000,33000,33000,34000,13756,378,7000,8166.553518028269,33.86480000335723,33537.51289995853,4666.758796161675
1791144269,1000,,Aggregated,92.900000,3.600000,7000,10000,12000,14000,19000,25000,30000,30000,33000,33000,34000,13812,385,7000,8184.410417296293,33.86480000335723,33537.51289995853,4664.435128873443
1791144270,1000,,Aggregated,91.200000,3.300000,7100,10000,12000,14000,19000,25000,30000,30000,33000,33000,34000,13895,393,7100,8200.939544807183,33.86480000335723,33537.51289995853,4663.919755307665
1791144271,1000,,Aggregated,92.100000,3.200000,7100,10000,12000,14000,19000,25000,30000,30000,33000,33000,34000,14020,399,7100,8223.749178002601,33.86480000335723,33537.51289995853,4665.041583452211
1791144272,1000,,Aggregated,93.000000,2.600000,7100,10000,12000,14000,19000,25000,30000,30000,33000,33000,34000,14145,400,7100,8219.466171664642,33.86480000335723,33537.51289995853,4665.467515022976
1791144273,1000,,Aggregated,97.100000,2.800000,7100,10000,12000,14000,19000,25000,30000,30000,33000,33000,34000,14308,401,7100,8193.476415634295,33.86480000335723,33537.51289995853,4666.420673748951
1791144274,1000,,Aggregated,98.900000,2.900000,7100,10000,12000,14000,19000,25000,30000,30000,33000,33000,34000,14423,401,7100,8166.03319281668,33.86480000335723,33537.51289995853,4668.991194619704
1791144275,1000,,Aggregated,99.800000,2.700000,7100,10000,12000,14000,19000,25000,30000,30000,33000,33000,34000,14545,402,7100,8141.865909631743,33.86480000335723,33537.51289995853,4670.262426950842
1791144276,1000,,Aggregated,99.500000,2.800000,7100,10000,12000,14000,19000,25000,30000,30000,33000,33000,34000,14714,404,7100,8128.850136080773,33.86480000335723,33537.51289995853,4673.809501155362
1791144277,1000,,Aggregated,94.900000,2.800000,7100,10000,12000,14000,19000,25000,30000,30000,33000,33000,34000,14876,404,7100,8121.435323547449,33.86480000335723,33537.51289995853,4673.737698305997
1791144278,1000,,Aggregated,106.600000,2.900000,7100,10000,12000,14000,19000,25000,30000,30000,33000,33000,34000,14992,407,7100,8110.898105375735,33.86480000335723,33537.51289995853,4673.902414621131
1791144279,1000,,Aggregated,116.600000,2.900000,7100,10000,12000,14000,19000,25000,30000,30000,33000,33000,34000,15154,409,7100,8094.924109950696,33.86480000335723,33537.51289995853,4675.491751352778
1791144280,1000,,Aggregated,122.300000,2.900000,7000,10000,12000,13000,19000,25000,30000,30000,33000,33000,34000,15292,411,7000,8076.031440680926,33.86480000335723,33537.51289995853,4673.22606591682
1791144281,1000,,Aggregated,132.300000,2.600000,7000,10000,12000,13000,19000,25000,30000,30000,33000,33000,34000,15400,412,7000,8064.8976372982515,33.86480000335723,33537.51289995853,4673.436168831169
1791144282,1000,,Aggregated,137.200000,1.900000,7000,10000,12000,13000,19000,25000,30000,30000,33000,33000,34000,15535,413,7000,8045.526200720498,33.86480000335723,33537.51289995853,4675.559961377535
1791144283,1000,,Aggregated,137.800000,1.300000,6900,10000,12000,13000,19000,25000,30000,30000,33000,33000,34000,15658,414,6900,8024.168268897255,33.86480000335723,33537.51289995853,4674.47732788351
1791144284,1000,,Aggregated,136.400000,1.300000,6900,10000,11000,13000,19000,25000,30000,30000,33000,33000,34000,15814,414,6900,8014.77852870826,33.86480000335723,33537.51289995853,4673.873909194384
1791144285,1000,,Aggregated,134.300000,1.400000,6800,10000,11000,13000,19000,25000,30000,30000,33000,33000,34000,15961,414,6800,7996.343668842369,33.86480000335723,33537.51289995853,4675.6997055322345
1791144286,1000,,Aggregated,137.000000,1.300000,6800,10000,11000,13000,19000,25000,30000,30000,33000,33000,34000,16039,415,6800,7979.2310169956245,33.86480000335723,33537.51289995853,4675.113535756594
1791144287,1000,,Aggregated,140.700000,1.200000,6600,10000,11000,13000,19000,25000,30000,30000,33000,33000,34000,16182,415,6600,7960.521368643762,33.86480000335723,33537.51289995853,4675.989370905945
1791144288,1000,,Aggregated,133.200000,1.100000,6500,10000,11000,13000,19000,25000,30000,30000,33000,33000,34000,16296,415,6500,7940.05444704794,33.86480000335723,33537.51289995853,4676.85204958272
1791144289,1000,,Aggregated,129.600000,1.100000,6500,10000,11000,13000,19000,25000,30000,30000,33000,33000,34000,16382,416,6500,7928.918839024159,33.86480000335723,33537.51289995853,4677.795446221463
1791144290,1000,,Aggregated,129.400000,0.800000,6400,10000,11000,13000,19000,25000,30000,30000,33000,33000,34000,16494,417,6400,7909.729534163552,33.86480000335723,33537.51289995853,4677.425003031405
1791144291,1000,,Aggregated,123.100000,0.700000,6400,10000,11000,13000,18000,25000,30000,30000,33000,33000,34000,16631,417,6400,7893.338520756073,33.86480000335723,33537.51289995853,4677.7962239191875
1791144292,1000,,Aggregated,121.700000,0.600000,6400,10000,11000,13000,18000,25000,30000,30000,33000,33000,34000,16764,417,6400,7874.50482453437,33.86480000335723,33537.51289995853,4676.893760439036
1791144293,1000,,Aggregated,121.600000,0.500000,6400,10000,11000,13000,18000,25000,30000,30000,33000,33000,34000,16832,417,6400,7854.9547576042405,33.86480000335723,33537.51289995853,4677.300855513308
1791144294,1000,,Aggregated,123.100000,0.400000,6400,10000,11000,13000,18000,25000,30000,30000,33000,33000,34000,16968,421,6400,7842.437451414141,33.86480000335723,33537.51289995853,4676.475188590288
1791144295,1000,,Aggregated,118.500000,0.300000,6400,10000,11000,13000,18000,25000,30000,30000,33000,33000,34000,17110,421,6400,7840.1815919635255,33.86480000335723,33537.51289995853,4678.145353594389
1791144296,1000,,Aggregated,115.300000,0.300000,6400,9900,11000,13000,18000,25000,30000,30000,33000,33000,34000,17238,421,6400,7829.94005530778,33.86480000335723,33537.51289995853,4677.3745214061955
1791144297,1000,,Aggregated,113.200000,0.700000,6400,9900,11000,13000,18000,25000,30000,30000,33000,33000,34000,17374,422,6400,7812.0492671805205,33.86480000335723,33537.51289995853,4680.146655922643
1791144298,1000,,Aggregated,116.700000,0.600000,6400,9900,11000,13000,18000,25000,30000,30000,33000,33000,34000,17469,426,6400,7805.055011729017,33.86480000335723,33537.51289995853,4680.937088556872
1791144299,1000,,Aggregated,118.700000,0.700000,6400,9900,11000,13000,18000,25000,30000,30000,33000,33000,34000,17586,427,6400,7794.225132298157,33.86480000335723,33537.51289995853,4680.814340953031
1791144300,1000,,Aggregated,117.200000,0.800000,6400,9900,11000,13000,18000,25000,30000,30000,33000,33000,34000,17648,427,6400,7777.613669763994,33.86480000335723,33537.51289995853,4681.70903218495
1791144301,1000,,Aggregated,120.300000,1.100000,6400,9900,11000,13000,18000,25000,30000,30000,33000,33000,34000,17743,428,6400,7766.867475043398,33.86480000335723,33537.51289995853,4683.811249506848
1791144302,1000,,Aggregated,115.500000,1.000000,6400,9800,11000,13000,18000,25000,30000,30000,33000,33000,34000,17870,428,6400,7769.774948516803,33.86480000335723,33537.51289995853,4684.892501398993
1791144303,1000,,Aggregated,110.900000,1.100000,6400,9800,11000,13000,18000,25000,30000,30000,33000,33000,34000,17992,429,6400,7768.740739272757,33.86480000335723,33537.51289995853,4683.874666518453
1791144304,1000,,Aggregated,109.200000,1.100000,6400,9800,11000,13000,18000,25000,30000,30000,32000,33000,34000,18094,429,6400,7753.664526489203,33.86480000335723,33537.51289995853,4685.376423123687
1791144305,1000,,Aggregated,113.500000,1.200000,6400,9800,11000,13000,18000,25000,30000,30000,32000,33000,34000,18217,429,6400,7741.4345862049695,33.86480000335723,33537.51289995853,4687.310534116485
1791144306,1000,,Aggregated,111.000000,1.200000,6500,9800,11000,13000,18000,24000,30000,30000,32000,33000,34000,18367,431,6500,7739.895938710486,33.86480000335723,33537.51289995853,4687.425001361137
1791144307,1000,,Aggregated,111.000000,0.800000,6500,9800,11000,13000,18000,24000,30000,30000,32000,33000,34000,18478,433,6500,7728.749628449755,33.86480000335723,33537.51289995853,4688.401179781362
1791144308,1000,,Aggregated,111.100000,0.800000,6500,9800,11000,13000,18000,24000,30000,30000,32000,33000,34000,18541,433,6500,7724.50512242565,33.86480000335723,33537.51289995853,4688.981122916779
1791144309,1000,,Aggregated,110.200000,1.100000,6500,9700,11000,13000,18000,24000,30000,30000,32000,33000,34000,18619,435,6500,7720.5351715019115,33.86480000335723,33537.51289995853,4686.400397443472
1791144310,1000,,Aggregated,109.000000,1.000000,6600,9700,11000,13000,18000,24000,30000,30000,32000,33000,34000,18788,438,6500,7731.983577714168,33.86480000335723,33537.51289995853,4687.389823291463
1791144311,1000,,Aggregated,100.500000,0.800000,6600,9700,11000,13000,18000,24000,30000,30000,32000,33000,34000,18950,442,6600,7745.113347340058,33.86480000335723,33537.51289995853,4685.807810026386
1791144312,1000,,Aggregated,108.500000,0.800000,6600,9700,11000,13000,18000,24000,30000,30000,32000,33000,34000,19093,443,6600,7738.175522615316,33.86480000335723,33537.51289995853,4687.581050646834
1791144313,1000,,Aggregated,115.500000,1.400000,6500,9700,11000,13000,18000,24000,30000,30000,32000,33000,34000,19259,443,6500,7721.4006399965865,33.86480000335723,33537.51289995853,4688.1394153382835
1791144314,1000,,Aggregated,120.600000,1.500000,6500,9700,11000,13000,18000,24000,30000,30000,32000,33000,34000,19394,444,6500,7695.302456099523,33.86480000335723,33537.51289995853,4688.654068268536
1791144315,1000,,Aggregated,124.200000,1.400000,6400,9700,11000,13000,18000,24000,30000,30000,32000,33000,34000,19545,446,6400,7688.873954407409,33.86480000335723,33537.51289995853,4688.037503197749
1791144316,1000,,Aggregated,127.300000,1.400000,6400,9700,11000,13000,18000,24000,30000,30000,32000,33000,34000,19670,448,6400,7682.0769034312725,33.86480000335723,33537.51289995853,4687.865175394001
1791144317,1000,,Aggregated,129.400000,1.600000,6400,9700,11000,13000,18000,24000,30000,30000,32000,33000,34000,19789,450,6400,7674.245237722643,33.86480000335723,33537.51289995853,4690.85835565213
1791144318,1000,,Aggregated,132.700000,1.800000,6400,9700,11000,13000,18000,24000,30000,30000,32000,33000,34000,19955,450,6400,7657.892189531111,33.86480000335723,33537.51289995853,4689.441343021799
1791144319,1000,,Aggregated,127.900000,1.700000,6400,9700,11000,13000,18000,24000,30000,30000,32000,33000,34000,20044,450,6400,7648.427206365641,33.86480000335723,33537.51289995853,4690.064009179804
1791144320,1000,,Aggregated,134.300000,1.700000,6400,9600,11000,13000,18000,24000,30000,30000,32000,33000,34000,20189,450,6400,7637.080427866339,33.86480000335723,33537.51289995853,4691.02100153549
1791144321,1000,,Aggregated,143.700000,1.500000,6300,9600,11000,13000,18000,24000,30000,30000,32000,33000,34000,20388,450,6300,7614.824946237674,33.86480000335723,33537.51289995853,4690.639248577595
1791144322,1000,,Aggregated,139.600000,1.500000,6300,9600,11000,13000,18000,24000,30000,30000,32000,33000,34000,20509,450,6300,7590.6203625917005,33.86480000335723,33537.51289995853,4691.527036910625
1791144323,1000,,Aggregated,142.900000,0.800000,6300,9600,11000,13000,18000,24000,30000,30000,32000,33000,34000,20630,452,6300,7579.301999737883,33.86480000335723,33537.51289995853,4690.903247697528
1791144324,1000,,Aggregated,140.800000,0.700000,6200,9500,11000,13000,18000,24000,30000,30000,32000,33000,34000,20793,452,6200,7566.435537743141,33.86480000335723,33537.51289995853,4693.201029192517
1791144325,1000,,Aggregated,136.200000,0.800000,6200,9500,11000,13000,18000,24000,30000,30000,32000,33000,34000,20914,453,6200,7548.7195033036505,33.86480000335723,33537.51289995853,4692.793535430812
1791144326,1000,,Aggregated,138.400000,0.900000,6200,9500,11000,13000,18000,24000,30000,30000,32000,33000,34000,21054,453,6200,7533.83006533168,33.86480000335723,33537.51289995853,4694.38287261328
1791144327,1000,,Aggregated,139.100000,0.700000,6200,9500,11000,13000,18000,24000,30000,30000,32000,33000,34000,21151,454,6200,7522.508280482839,33.86480000335723,33537.51289995853,4694.037823270767
1791144328,1000,,Aggregated,134.900000,0.600000,6200,9400,11000,13000,18000,24000,30000,30000,32000,33000,34000,21274,454,6200,7507.13274581611,33.86480000335723,33537.51289995853,4695.982419855222
1791144329,1000,,Aggregated,141.000000,0.400000,6200,9400,11000,12000,18000,24000,30000,30000,32000,33000,34000,21386,455,6200,7496.636547554112,33.86480000335723,33537.51289995853,4697.407790143085
1791144330,1000,,Aggregated,132.700000,0.400000,6200,9300,11000,12000,18000,24000,30000,30000,32000,33000,34000,21501,455,6200,7483.010888758311,33.86480000335723,33537.51289995853,4699.1707827542905
1791144331,1000,,Aggregated,132.900000,0.400000,6200,9300,11000,12000,18000,24000,30000,30000,32000,33000,34000,21546,456,6200,7474.738321507111,33.86480000335723,33537.51289995853,4698.182493270213
1791144332,1000,,Aggregated,132.800000,0.500000,6200,9200,11000,12000,18000,24000,30000,30000,32000,33000,34000,21638,456,6200,7461.507568102007,33.86480000335723,33537.51289995853,4698.909926980313
1791144333,1000,,Aggregated,123.500000,0.600000,6200,9200,11000,12000,18000,24000,30000,30000,32000,33000,34000,21785,456,6200,7463.061046141397,33.86480000335723,33537.51289995853,4699.781087904522
1791144334,1000,,Aggregated,114.200000,0.600000,6200,9200,11000,12000,18000,24000,30000,30000,32000,33000,34000,21914,456,6200,7454.674375759338,33.86480000335723,33537.51289995853,4699.819430501049
1791144335,1000,,Aggregated,114.100000,0.500000,6200,9100,11000,12000,18000,24000,30000,30000,32000,33000,34000,22039,456,6200,7450.620222595859,33.86480000335723,33537.51289995853,4702.283361314035
1791144336,1000,,Aggregated,113.500000,0.400000,6200,9100,11000,12000,18000,24000,30000,30000,32000,33000,34000,22164,456,6200,7449.638682150801,33.86480000335723,33537.51289995853,4703.230193105937
1791144337,1000,,Aggregated,110.700000,0.400000,6200,9100,11000,12000,18000,24000,30000,30000,32000,33000,34000,22263,458,6200,7448.308848613889,33.86480000335723,33537.51289995853,4704.989040111395
1791144338,1000,,Aggregated,112.600000,0.300000,6200,9000,11000,12000,18000,24000,30000,30000,32000,33000,34000,22395,458,6200,7439.3998866037655,33.86480000335723,33537.51289995853,4705.821210091538
1791144339,1000,,Aggregated,106.000000,0.300000,6200,9000,11000,12000,18000,24000,30000,30000,32000,33000,34000,22511,458,6200,7438.5252952464025,33.86480000335723,33537.51289995853,4706.94749233708
1791144340,1000,,Aggregated,111.300000,0.400000,6200,9000,11000,12000,18000,23000,30000,30000,32000,33000,34000,22643,458,6200,7438.2962593910615,33.86480000335723,33537.51289995853,4709.273638652122
1791144341,1000,,Aggregated,110.700000,0.400000,6200,9000,11000,12000,18000,23000,30000,30000,32000,33000,34000,22751,458,6200,7435.491906184043,33.86480000335723,33537.51289995853,4709.1467188255465
1791144342,1000,,Aggregated,112.700000,0.300000,6200,9000,11000,12000,18000,23000,30000,30000,32000,33000,34000,22875,458,6200,7420.528323921046,33.86480000335723,33537.51289995853,4709.011453551912
1791144343,1000,,Aggregated,117.200000,0.200000,6200,8900,11000,12000,17000,23000,30000,30000,32000,33000,34000,23009,458,6200,7412.9186247161415,33.86480000335723,33537.51289995853,4708.63270893998
1791144344,1000,,Aggregated,120.700000,0.200000,6200,8900,11000,12000,17000,23000,30000,30000,32000,33000,34000,23094,458,6200,7403.301293578145,33.86480000335723,33537.51289995853,4708.490993331601
1791144345,1000,,Aggregated,122.600000,0.200000,6200,8900,11000,12000,17000,23000,30000,30000,32000,33000,34000,23116,460,6200,7400.774467182649,33.86480000335723,33537.51289995853,4707.583405433466
1791144346,1000,,Aggregated,120.400000,0.200000,6200,8900,11000,12000,17000,23000,30000,30000,32000,33000,34000,23215,461,6200,7404.253463351077,33.86480000335723,33537.51289995853,4709.121042429464
1791144347,1000,,Aggregated,113.800000,0.300000,6200,8900,11000,12000,18000,23000,30000,30000,32000,33000,34000,23367,462,6200,7416.7072111651405,33.86480000335723,33537.51289995853,4708.261907818719
1791144348,1000,,Aggregated,102.500000,0.500000,6300,8800,11000,12000,18000,23000,30000,30000,32000,33000,34000,23465,466,6300,7415.534338367586,33.86480000335723,33537.51289995853,4707.261197528233
1791144349,1000,,Aggregated,107.400000,0.500000,6300,8800,11000,12000,18000,23000,30000,30000,32000,33000,34000,23542,468,6300,7414.165480451735,33.86480000335723,33537.51289995853,4706.886798063037
1791144350,1000,,Aggregated,106.300000,0.600000,6300,8800,11000,12000,17000,23000,30000,30000,32000,33000,34000,23657,469,6300,7411.031305013102,33.86480000335723,33537.51289995853,4707.5808851502725
1791144351,1000,,Aggregated,105.900000,0.800000,6300,8800,11000,12000,17000,23000,30000,30000,32000,33000,34000,23799,469,6300,7419.196170670826,33.86480000335723,33537.51289995853,4708.231858481448
1791144352,1000,,Aggregated,99.300000,1.100000,6300,8800,11000,12000,17000,23000,30000,30000,32000,33000,34000,23953,470,6300,7420.576231999957,33.86480000335723,33537.51289995853,4709.623679706091
1791144353,1000,,Aggregated,98.800000,1.100000,6300,8800,11000,12000,17000,23000,30000,30000,32000,33000,34000,24083,475,6300,7422.7208877505045,33.86480000335723,33537.51289995853,4708.853963376656
1791144354,1000,,Aggregated,105.000000,1.100000,6300,8700,11000,12000,17000,23000,30000,30000,32000,33000,34000,24223,475,6300,7418.606734756006,33.86480000335723,33537.51289995853,4709.287743054122
1791144355,1000,,Aggregated,106.200000,1.300000,6300,8700,11000,12000,17000,23000,30000,30000,32000,33000,34000,24349,478,6300,7419.762013010594,33.86480000335723,33537.51289995853,4710.248675510288
1791144356,1000,,Aggregated,107.200000,1.700000,6300,8700,11000,12000,17000,23000,30000,30000,32000,33000,34000,24467,478,6300,7407.173292924929,33.86480000335723,33537.51289995853,4709.992030081334
1791144357,1000,,Aggregated,114.700000,1.800000,6300,8600,11000,12000,17000,23000,30000,30000,32000,33000,34000,24570,479,6300,7401.644059523583,33.86480000335723,33537.51289995853,4711.209483109483
1791144358,1000,,Aggregated,124.000000,1.700000,6200,8600,11000,12000,17000,23000,30000,30000,32000,33000,34000,24701,480,6200,7393.744260110751,33.86480000335723,33537.51289995853,4711.315371847294
1791144359,1000,,Aggregated,123.600000,1.600000,6200,8600,11000,12000,17000,23000,30000,30000,32000,33000,34000,24830,483,6200,7388.732786677247,33.86480000335723,33537.51289995853,4710.915787354007
1791144360,1000,,Aggregated,121.500000,1.500000,6200,8600,11000,12000,17000,23000,30000,30000,32000,33000,34000,24946,483,6200,7379.258576833793,33.86480000335723,33537.51289995853,4709.408321975467
1791144361,1000,,Aggregated,122.800000,1.500000,6200,8500,11000,12000,17000,23000,30000,30000,32000,33000,34000,25029,485,6200,7371.031977669736,33.86480000335723,33537.51289995853,4708.560270086699
1791144362,1000,,Aggregated,127.600000,1.400000,6200,8500,11000,12000,17000,23000,30000,30000,32000,33000,34000,25096,486,6200,7361.087195536979,33.86480000335723,33537.51289995853,4708.473382212304
1791144363,1000,,Aggregated,128.400000,1.400000,6200,8500,11000,12000,17000,23000,30000,30000,32000,33000,34000,25189,486,6200,7358.716875286659,33.86480000335723,33537.51289995853,4708.8696256302355
1791144364,1000,,Aggregated,120.000000,1.600000,6200,8400,11000,12000,17000,23000,30000,30000,32000,33000,34000,25327,488,6200,7360.126639068837,33.86480000335723,33537.51289995853,4709.220910490781
1791144365,1000,,Aggregated,112.000000,1.500000,6200,8400,11000,12000,17000,23000,30000,30000,32000,33000,34000,25459,491,6200,7365.329454974523,33.86480000335723,33537.51289995853,4709.346007305864
1791144366,1000,,Aggregated,108.600000,1.100000,6200,8400,11000,12000,17000,23000,30000,30000,32000,33000,34000,25541,492,6200,7359.771538212942,33.86480000335723,33537.51289995853,4709.144356133276
1791144367,1000,,Aggregated,109.200000,1.100000,6200,8300,11000,12000,17000,23000,30000,30000,32000,33000,34000,25662,492,6200,7354.130336867618,33.86480000335723,33537.51289995853,4709.345023770556
1791144368,1000,,Aggregated,110.200000,1.400000,6200,8300,11000,12000,17000,23000,30000,30000,32000,33000,34000,25779,492,6200,7340.490400492522,33.86480000335723,33537.51289995853,4709.764537026262
1791144369,1000,,Aggregated,106.300000,1.400000,6300,8300,11000,12000,17000,23000,30000,30000,32000,33000,34000,25918,492,6300,7341.188714302708,33.86480000335723,33537.51289995853,4709.849718342464
1791144370,1000,,Aggregated,108.200000,1.300000,6300,8300,11000,12000,17000,23000,30000,30000,32000,33000,34000,26042,492,6300,7338.220244140147,33.86480000335723,33537.51289995853,4710.305237692957
1791144371,1000,,Aggregated,106.300000,1.100000,6300,8300,11000,12000,17000,23000,30000,30000,32000,33000,34000,26150,493,6300,7338.516299476028,33.86480000335723,33537.51289995853,4709.382600382409
1791144372,1000,,Aggregated,109.500000,0.900000,6300,8300,11000,12000,17000,23000,30000,30000,32000,33000,34000,26206,495,6300,7331.8749775622755,33.86480000335723,33537.51289995853,4708.963214531023
1791144373,1000,,Aggregated,107.300000,0.900000,6300,8200,11000,12000,17000,23000,30000,30000,32000,33000,34000,26330,495,6300,7329.680937986941,33.86480000335723,33537.51289995853,4710.185681731865
1791144374,1000,,Aggregated,111.400000,0.800000,6300,8200,11000,13000,17000,23000,30000,30000,32000,33000,34000,26457,496,6300,7341.284524069093,33.86480000335723,33537.51289995853,4711.274709906641
1791144375,1000,,Aggregated,110.500000,0.900000,6300,8200,11000,13000,17000,23000,30000,30000,32000,33000,34000,26603,498,6300,7351.681715870213,33.86480000335723,33537.51289995853,4711.252791038604
1791144376,1000,,Aggregated,113.600000,0.900000,6300,8200,11000,13000,17000,23000,29000,30000,32000,33000,34000,26789,498,6300,7347.445311829295,33.86480000335723,33537.51289995853,4712.46993168838
1791144377,1000,,Aggregated,111.900000,0.800000,6300,8200,11000,13000,17000,23000,29000,30000,32000,33000,34000,26926,498,6300,7349.123787146103,33.86480000335723,33537.51289995853,4712.686585456436
1791144378,1000,,Aggregated,113.600000,0.600000,6300,8200,11000,13000,17000,23000,29000,30000,32000,33000,34000,27036,499,6300,7336.429546371348,33.86480000335723,33537.51289995853,4713.472592099423
1791144379,1000,,Aggregated,124.000000,0.600000,6300,8200,11000,13000,17000,23000,29000,30000,32000,33000,34000,27238,499,6300,7333.1588452822,33.86480000335723,33537.51289995853,4713.088626184008
1791144381,1000,,Aggregated,125.400000,0.600000,6200,8200,11000,13000,17000,23000,29000,30000,32000,33000,34000,27400,499,6200,7322.046893850229,33.86480000335723,33537.51289995853,4711.670291970803
1791144382,1000,,Aggregated,124.600000,0.700000,6200,8200,11000,12000,17000,23000,29000,30000,32000,33000,34000,27577,499,6200,7309.78167746657,33.86480000335723,33537.51289995853,4712.389128621678
1791144383,1000,,Aggregated,135.800000,0.700000,6200,8100,11000,12000,17000,23000,29000,30000,32000,33000,34000,27671,501,6200,7295.136744945792,33.86480000335723,33537.51289995853,4711.951465433125
1791144384,1000,,Aggregated,142.400000,0.600000,6200,8100,11000,12000,17000,23000,29000,30000,32000,33000,34000,27764,501,6200,7282.165664342148,33.86480000335723,33537.51289995853,4711.83165249964
1791144385,1000,,Aggregated,145.600000,0.600000,6200,8100,11000,12000,17000,23000,29000,30000,32000,33000,34000,27906,501,6200,7269.9499125276025,33.86480000335723,33537.51289995853,4712.227585465491
1791144386,1000,,Aggregated,142.400000,0.600000,6200,8100,11000,12000,17000,23000,29000,30000,32000,33000,34000,28058,502,6200,7263.791513471931,33.86480000335723,33537.51289995853,4713.071993727279
1791144387,1000,,Aggregated,143.900000,0.500000,6200,8100,11000,12000,17000,23000,29000,30000,32000,33000,34000,28169,502,6200,7253.4215090558855,33.86480000335723,33537.51289995853,4715.163939081969
1791144388,1000,,Aggregated,144.100000,0.400000,6200,8100,11000,12000,17000,23000,29000,30000,32000,33000,34000,28259,502,6200,7245.609582373615,33.86480000335723,33537.51289995853,4715.606426271276
1791144389,1000,,Aggregated,136.800000,0.400000,6200,8000,11000,12000,17000,22000,29000,30000,32000,33000,34000,28406,504,6200,7233.217553016859,33.86480000335723,33537.51289995853,4714.128071534183
1791144390,1000,,Aggregated,132.800000,0.400000,6200,8000,11000,12000,17000,22000,29000,30000,32000,33000,34000,28518,506,6200,7230.242341114283,33.86480000335723,33537.51289995853,4713.962199312715
1791144391,1000,,Aggregated,136.000000,0.500000,6200,8000,11000,12000,17000,22000,29000,30000,32000,33000,34000,28647,506,6200,7226.817448898585,33.86480000335723,33537.51289995853,4713.803749083674
1791144392,1000,,Aggregated,127.600000,0.700000,6200,8000,11000,12000,17000,22000,29000,30000,32000,33000,34000,28769,506,6200,7223.914361017001,33.86480000335723,33537.51289995853,4714.876881365359
1791144393,1000,,Aggregated,124.200000,0.700000,6200,8000,11000,12000,17000,22000,29000,30000,32000,33000,34000,28789,507,6200,7224.103817899131,33.86480000335723,33537.51289995853,4715.023342248775
1791144394,1000,,Aggregated,117.900000,0.700000,6200,8000,11000,12000,17000,22000,29000,30000,32000,33000,34000,28884,508,6200,7224.494798147702,33.86480000335723,33537.51289995853,4713.936781609195
1791144395,1000,,Aggregated,111.600000,0.600000,6200,8000,11000,12000,17000,22000,29000,30000,32000,33000,34000,28963,508,6200,7225.11998460098,33.86480000335723,33537.51289995853,4714.266892241826
1791144396,1000,,Aggregated,110.600000,0.700000,6200,8000,11000,12000,17000,22000,29000,30000,32000,33000,34000,29100,510,6200,7227.46978251542,33.86480000335723,33537.51289995853,4715.023402061855
1791144397,1000,,Aggregated,105.400000,0.700000,6200,8000,11000,12000,17000,22000,29000,30000,32000,33000,34000,29228,510,6200,7228.832709295823,33.86480000335723,33537.51289995853,4713.9019091282335
1791144398,1000,,Aggregated,102.700000,0.800000,6200,7900,11000,12000,17000,22000,29000,30000,32000,33000,34000,29337,510,6200,7229.948557323486,33.86480000335723,33537.51289995853,4714.670825237755
1791144399,1000,,Aggregated,104.100000,0.800000,6200,7900,11000,12000,17000,22000,29000,30000,32000,33000,34000,29467,510,6200,7222.629434262033,33.86480000335723,33537.51289995853,4714.102894763634
1791144400,1000,,Aggregated,106.400000,0.800000,6200,7900,11000,12000,17000,22000,29000,30000,32000,33000,34000,29613,510,6200,7212.801983706481,33.86480000335723,33537.51289995853,4713.082328706987
1791144401,1000,,Aggregated,104.400000,0.600000,6200,7900,11000,12000,17000,22000,29000,30000,32000,33000,34000,29707,510,6200,7210.006618036154,33.86480000335723,33537.51289995853,4712.800249099539
1791144402,1000,,Aggregated,107.400000,0.400000,6200,7900,11000,12000,17000,22000,29000,30000,32000,33000,34000,29834,511,6200,7214.11473939131,33.86480000335723,33537.51289995853,4713.622645304015
1791144403,1000,,Aggregated,105.900000,0.400000,6200,7900,11000,12000,17000,22000,29000,30000,32000,33000,34000,29947,514,6200,7220.719618108662,33.86480000335723,33537.51289995853,4714.102848365445
1791144404,1000,,Aggregated,105.100000,0.500000,6200,7900,11000,12000,17000,22000,28000,30000,32000,33000,34000,30089,514,6200,7216.0388699225705,33.86480000335723,33537.51289995853,4713.761939579248
1791144405,1000,,Aggregated,114.100000,0.700000,6200,7900,11000,12000,17000,22000,28000,30000,32000,33000,34000,30223,514,6200,7217.854947960182,33.86480000335723,33537.51289995853,4714.73341494888
1791144406,1000,,Aggregated,119.300000,0.600000,6200,7900,11000,12000,17000,22000,28000,30000,32000,33000,34000,30298,514,6200,7217.684921037719,33.86480000335723,33537.51289995853,4716.1420555812265
1791144407,1000,,Aggregated,125.200000,0.600000,6200,7900,11000,12000,16000,22000,28000,30000,32000,33000,34000,30399,516,6200,7213.879216862436,33.86480000335723,33537.51289995853,4717.214612322774
1791144408,1000,,Aggregated,121.800000,0.400000,6200,7900,11000,12000,16000,22000,28000,30000,32000,33000,34000,30529,517,6200,7212.366735248504,33.86480000335723,33537.51289995853,4717.687968816535
1791144409,1000,,Aggregated,116.500000,0.600000,6200,7800,11000,12000,16000,22000,28000,30000,32000,33000,34000,30625,520,6200,7208.8088652930965,33.86480000335723,33537.51289995853,4717.839836734694
1791144410,1000,,Aggregated,117.700000,0.600000,6200,7800,11000,12000,16000,22000,28000,30000,32000,33000,34000,30762,520,6200,7208.012465613433,33.86480000335723,33537.51289995853,4718.089200962226
1791144411,1000,,Aggregated,114.700000,1.000000,6200,7800,11000,12000,16000,22000,28000,30000,32000,33000,34000,30896,520,6200,7204.100574728122,33.86480000335723,33537.51289995853,4718.643513723459
1791144412,1000,,Aggregated,113.700000,1.000000,6200,7800,11000,12000,16000,22000,28000,30000,32000,33000,34000,31017,521,6200,7202.474533878159,33.86480000335723,33537.51289995853,4718.9375503756
1791144413,1000,,Aggregated,116.800000,1.000000,6200,7800,11000,12000,16000,22000,28000,30000,32000,33000,34000,31136,521,6200,7194.850443926622,33.86480000335723,33537.51289995853,4718.621948869476
1791144414,1000,,Aggregated,118.800000,0.900000,6300,7800,11000,12000,16000,22000,28000,30000,32000,33000,34000,31254,521,6300,7188.483533934817,33.86480000335723,33537.51289995853,4719.873872144365
1791144415,1000,,Aggregated,117.200000,0.700000,6300,7800,11000,12000,16000,22000,28000,30000,32000,33000,34000,31349,524,6300,7191.635329015261,33.86480000335723,33537.51289995853,4718.323519091518
1791144416,1000,,Aggregated,115.000000,0.700000,6300,7800,11000,12000,16000,22000,28000,30000,32000,33000,34000,31483,525,6300,7187.796235673225,33.86480000335723,33537.51289995853,4717.846552107487
1791144417,1000,,Aggregated,110.000000,1.000000,6300,7800,11000,12000,16000,22000,28000,30000,32000,33000,34000,31587,525,6300,7183.510480729423,33.86480000335723,33537.51289995853,4718.267451799791
1791144418,1000,,Aggregated,115.400000,1.100000,6300,7800,11000,12000,16000,22000,28000,30000,32000,33000,34000,31680,526,6300,7178.775968866798,33.86480000335723,33537.51289995853,4717.370801767677
1791144419,1000,,Aggregated,117.700000,0.900000,6300,7700,11000,12000,16000,22000,28000,30000,32000,33000,34000,31824,527,6300,7175.640637261251,33.86480000335723,33537.51289995853,4717.045468828557
1791144420,1000,,Aggregated,115.100000,1.000000,6300,7700,11000,12000,16000,22000,28000,30000,32000,33000,34000,31923,528,6300,7178.185418422519,33.86480000335723,33537.51289995853,4716.973780659712
1791144421,1000,,Aggregated,118.300000,0.700000,6300,7700,11000,12000,16000,22000,28000,30000,32000,33000,34000,32025,531,6300,7177.466015413022,33.86480000335723,33537.51289995853,4716.363653395784
1791144422,1000,,Aggregated,118.100000,0.800000,6300,7700,11000,12000,16000,22000,28000,30000,32000,33000,34000,32160,532,6300,7173.94618513379,33.86480000335723,33537.51289995853,4716.137562189055
1791144423,1000,,Aggregated,112.700000,0.800000,6300,7700,11000,12000,16000,22000,28000,30000,32000,33000,34000,32266,533,6300,7169.873112914579,33.86480000335723,33537.51289995853,4716.911392797372
1791144424,1000,,Aggregated,111.700000,1.200000,6300,7700,11000,12000,16000,22000,28000,30000,32000,33000,34000,32330,533,6300,7164.24490565424,33.86480000335723,33537.51289995853,4716.707423445716
1791144425,1000,,Aggregated,114.600000,1.200000,6300,7700,11000,12000,16000,22000,28000,30000,32000,33000,34000,32456,533,6300,7156.153556889344,33.86480000335723,33537.51289995853,4717.991989154548
1791144426,1000,,Aggregated,110.100000,1.200000,6300,7700,11000,12000,16000,22000,28000,30000,32000,33000,34000,32569,533,6300,7159.060281322757,33.86480000335723,33537.51289995853,4717.784580429243
1791144427,1000,,Aggregated,108.700000,0.900000,6300,7700,11000,12000,16000,22000,28000,30000,32000,33000,34000,32694,534,6300,7150.499915804123,33.86480000335723,33537.51289995853,4716.261362941213
1791144428,1000,,Aggregated,108.100000,0.800000,6300,7700,11000,12000,16000,22000,28000,30000,32000,33000,34000,32807,537,6300,7148.258279522671,33.86480000335723,33537.51289995853,4715.697899838449
1791144429,1000,,Aggregated,108.700000,0.800000,6300,7700,11000,12000,16000,22000,28000,30000,32000,33000,34000,32892,539,6300,7144.37655654264,33.86480000335723,33537.51289995853,4715.931229478292
1791144430,1000,,Aggregated,111.400000,1.000000,6300,7700,11000,12000,16000,22000,28000,30000,32000,33000,34000,33007,540,6300,7154.5931470052155,33.86480000335723,33537.51289995853,4716.334989547671
1791144431,1000,,Aggregated,107.600000,1.200000,6300,7700,11000,12000,16000,22000,28000,30000,32000,33000,34000,33135,541,6300,7155.894924753316,33.86480000335723,33537.51289995853,4716.438328051909
1791144432,1000,,Aggregated,104.400000,1.100000,6300,7700,11000,12000,16000,22000,28000,30000,32000,33000,34000,33277,543,6300,7159.485265811248,33.86480000335723,33537.51289995853,4716.241818673559
1791144433,1000,,Aggregated,108.200000,1.200000,6300,7700,11000,12000,16000,22000,28000,30000,32000,33000,34000,33414,543,6300,7164.176095525833,33.86480000335723,33537.51289995853,4716.536332076375
1791144434,1000,,Aggregated,110.500000,1.000000,6300,7700,11000,12000,16000,21000,28000,30000,32000,33000,34000,33523,544,6300,7159.629773099036,33.86480000335723,33537.51289995853,4717.165617635653
1791144435,1000,,Aggregated,112.400000,1.000000,6300,7700,11000,12000,16000,21000,28000,30000,32000,33000,34000,33663,547,6300,7160.170256269454,33.86480000335723,33537.51289995853,4717.123251047144
1791144436,1000,,Aggregated,115.500000,1.100000,6300,7700,11000,12000,16000,21000,28000,30000,32000,33000,34000,33777,549,6300,7152.883080030736,33.86480000335723,33537.51289995853,4716.1669775290875
1791144437,1000,,Aggregated,120.600000,1.300000,6300,7600,11000,12000,16000,21000,28000,30000,32000,33000,34000,33871,553,6300,7149.016026928586,33.86480000335723,33537.51289995853,4715.774969738124
1791144438,1000,,Aggregated,118.800000,1.500000,6300,7600,11000,12000,16000,21000,28000,30000,32000,33000,34000,33966,553,6300,7147.32834634631,33.86480000335723,33537.51289995853,4715.07057057057
1791144439,1000,,Aggregated,120.200000,1.700000,6300,7600,11000,12000,16000,21000,28000,30000,32000,33000,34000,34109,554,6300,7148.9729393062935,33.86480000335723,33537.51289995853,4715.732416664224
1791144440,1000,,Aggregated,114.000000,1.700000,6300,7600,11000,12000,16000,21000,28000,30000,32000,33000,34000,34227,555,6300,7146.184281494077,33.86480000335723,33537.51289995853,4715.676950945161
1791144441,1000,,Aggregated,118.800000,1.400000,6300,7600,11000,12000,16000,21000,28000,30000,32000,33000,34000,34372,555,6300,7143.184544419831,33.86480000335723,33537.51289995853,4713.918654718957
1791144442,1000,,Aggregated,120.000000,1.600000,6300,7600,11000,12000,16000,21000,28000,30000,32000,33000,34000,34495,556,6300,7143.66841331493,33.86480000335723,33537.51289995853,4714.735671836498
1791144443,1000,,Aggregated,122.300000,1.500000,6300,7600,11000,12000,16000,21000,28000,30000,32000,33000,34000,34626,558,6300,7143.116641076007,33.86480000335723,33537.51289995853,4715.198001501762
1791144444,1000,,Aggregated,121.500000,1.400000,6300,7600,11000,12000,16000,21000,28000,30000,32000,33000,34000,34733,558,6300,7137.668351034984,33.86480000335723,33537.51289995853,4714.907062447816
1791144445,1000,,Aggregated,119.400000,1.400000,6300,7600,11000,12000,16000,21000,28000,30000,32000,33000,34000,34808,563,6300,7137.9506060445465,33.86480000335723,33537.51289995853,4713.803981843254
1791144446,1000,,Aggregated,121.100000,1.400000,6400,7600,11000,12000,16000,21000,28000,30000,32000,33000,34000,34911,565,6400,7139.218182959492,33.86480000335723,33537.51289995853,4713.821001976455
1791144447,1000,,Aggregated,116.100000,1.300000,6400,7600,11000,12000,16000,21000,28000,30000,32000,33000,34000,35020,569,6400,7136.4629708537595,33.86480000335723,33537.51289995853,4713.762592804112
1791144448,1000,,Aggregated,114.000000,1.600000,6400,7600,11000,12000,16000,21000,28000,30000,32000,33000,34000,35096,569,6400,7131.987517557542,33.86480000335723,33537.51289995853,4713.637679507636
1791144449,1000,,Aggregated,112.400000,1.600000,6400,7600,11000,12000,16000,21000,28000,30000,32000,33000,34000,35155,569,6400,7128.601867179611,33.86480000335723,33537.51289995853,4713.141430806429
1791144450,1000,,Aggregated,114.700000,1.600000,6400,7600,11000,12000,16000,21000,28000,30000,32000,33000,34000,35227,570,6400,7125.813336165423,33.86480000335723,33537.51289995853,4713.972861725381
1791144451,1000,,Aggregated,108.000000,1.600000,6400,7600,11000,12000,16000,21000,28000,30000,32000,33000,34000,35308,572,6400,7136.215778424132,33.86480000335723,33537.51289995853,4714.5526792794835
1791144452,1000,,Aggregated,103.300000,1.400000,6400,7600,11000,12000,16000,21000,28000,30000,32000,33000,34000,35419,573,6400,7139.392316965472,33.86480000335723,33537.51289995853,4714.533329568875
1791144453,1000,,Aggregated,95.200000,1.500000,6400,7600,11000,12000,16000,21000,28000,30000,32000,33000,34000,35534,573,6400,7139.877125187131,33.86480000335723,33537.51289995853,4714.62537288231
1791144454,1000,,Aggregated,90.200000,1.600000,6400,7700,11000,12000,16000,21000,28000,30000,32000,33000,34000,35644,575,6400,7141.587023448537,33.86480000335723,33537.51289995853,4713.070025810795
1791144455,1000,,Aggregated,88.300000,1.600000,6400,7700,11000,12000,16000,21000,28000,30000,32000,33000,34000,35707,576,6400,7138.9543854174035,33.86480000335723,33537.51289995853,4713.418069286135
1791144456,1000,,Aggregated,88.700000,1.600000,6400,7700,11000,12000,16000,21000,28000,30000,32000,33000,34000,35810,576,6400,7144.20865244061,33.86480000335723,33537.51289995853,4713.907707344317
1791144457,1000,,Aggregated,90.200000,1.600000,6400,7700,11000,12000,16000,21000,28000,30000,32000,33000,34000,35882,578,6400,7148.059626032512,33.86480000335723,33537.51289995853,4713.300847221448
1791144458,1000,,Aggregated,87.300000,1.200000,6400,7700,11000,12000,16000,21000,28000,30000,32000,33000,34000,35953,580,6400,7151.291119909279,33.86480000335723,33537.51289995853,4713.8330876422
1791144459,1000,,Aggregated,86.800000,1.000000,6400,7700,11000,12000,16000,21000,28000,30000,32000,33000,34000,36090,581,6400,7162.376211191411,33.86480000335723,33537.51289995853,4714.292380160709
1791144460,1000,,Aggregated,84.400000,0.900000,6400,7700,11000,12000,16000,21000,28000,30000,32000,33000,34000,36241,581,6400,7168.8003227504205,33.86480000335723,33537.51289995853,4714.343147264149
1791144461,1000,,Aggregated,85.000000,1.200000,6400,7800,11000,13000,16000,21000,28000,30000,32000,33000,34000,36428,582,6400,7181.961199439903,33.86480000335723,33537.51289995853,4713.630421653673
1791144462,1000,,Aggregated,94.200000,1.200000,6400,7700,11000,13000,16000,21000,28000,30000,32000,33000,34000,36531,582,6400,7181.539475680844,33.86480000335723,33537.51289995853,4714.855602091375
1791144463,1000,,Aggregated,101.400000,1.200000,6400,7700,11000,13000,16000,21000,28000,30000,32000,33000,34000,36661,583,6400,7182.174063388805,33.86480000335723,33537.51289995853,4713.93483538365
1791144464,1000,,Aggregated,111.800000,1.000000,6400,7700,11000,13000,16000,22000,28000,30000,32000,33000,34000,36817,585,6400,7182.268615261881,33.86480000335723,33537.51289995853,4714.122198984165
1791144465,1000,,Aggregated,110.300000,0.900000,6400,7700,11000,13000,16000,22000,28000,30000,32000,33000,34000,36950,585,6400,7181.948206100062,33.86480000335723,33537.51289995853,4713.896806495264
1791144466,1000,,Aggregated,111.200000,0.900000,6400,7700,11000,13000,16000,22000,28000,30000,32000,33000,34000,37070,585,6400,7179.516074477948,33.86480000335723,33537.51289995853,4714.370461289453
1791144467,1000,,Aggregated,117.600000,1.000000,6400,7700,11000,13000,16000,22000,28000,30000,32000,33000,34000,37151,587,6400,7174.900096110417,33.86480000335723,33537.51289995853,4713.9619929477
1791144469,1000,,Aggregated,124.300000,0.900000,6400,7700,11000,13000,16000,22000,28000,30000,32000,33000,34000,37318,588,6400,7169.9870642799015,33.86480000335723,33537.51289995853,4714.568465619808
1791144470,1000,,Aggregated,124.100000,0.900000,6400,7700,11000,13000,16000,22000,28000,30000,32000,33000,34000,37495,590,6400,7171.982734228527,33.86480000335723,33537.51289995853,4715.347859714629
1791144471,1000,,Aggregated,135.400000,0.700000,6400,7700,11000,13000,16000,22000,28000,30000,32000,33000,34000,37598,590,6400,7163.401951013342,33.86480000335723,33537.51289995853,4715.732113410288
1791144472,1000,,Aggregated,137.000000,0.900000,6400,7700,11000,12000,16000,22000,28000,30000,32000,33000,34000,37730,591,6400,7157.2218059952165,33.86480000335723,33537.51289995853,4715.908640339253
1791144473,1000,,Aggregated,133.000000,0.800000,6300,7700,11000,12000,16000,22000,28000,30000,32000,33000,34000,37859,592,6300,7154.137572941694,33.86480000335723,33537.51289995853,4715.2773448849675
1791144474,1000,,Aggregated,133.000000,0.800000,6300,7700,11000,12000,16000,22000,28000,30000,32000,33000,34000,37980,592,6300,7149.530272272234,33.86480000335723,33537.51289995853,4715.945313322802
1791144475,1000,,Aggregated,131.100000,1.000000,6300,7700,11000,12000,16000,22000,28000,30000,32000,33000,34000,38067,594,6300,7149.214368949483,33.86480000335723,33537.51289995853,4715.788740904195
1791144476,1000,,Aggregated,130.200000,0.900000,6300,7700,11000,12000,16000,22000,28000,30000,32000,33000,34000,38191,596,6300,7145.105915888558,33.86480000335723,33537.51289995853,4716.3391898614855
1791144477,1000,,Aggregated,121.800000,0.900000,6300,7700,11000,12000,16000,21000,28000,30000,32000,33000,34000,38322,596,6300,7141.296969041282,33.86480000335723,33537.51289995853,4717.262329732269
1791144478,1000,,Aggregated,120.900000,1.100000,6300,7700,11000,12000,16000,21000,28000,30000,32000,33000,34000,38432,596,6300,7139.709272556728,33.86480000335723,33537.51289995853,4717.2117506244795
1791144479,1000,,Aggregated,123.900000,1.100000,6300,7700,11000,12000,16000,21000,28000,30000,32000,33000,34000,38564,596,6300,7129.120901960372,33.86480000335723,33537.51289995853,4717.11611865989
1791144480,1000,,Aggregated,126.200000,0.900000,6300,7600,11000,12000,16000,21000,28000,30000,32000,33000,34000,38670,596,6300,7124.974085371073,33.86480000335723,33537.51289995853,4717.33126454616
1791144481,1000,,Aggregated,122.900000,0.800000,6300,7600,11000,12000,16000,21000,28000,30000,32000,33000,34000,38764,596,6300,7120.317434464962,33.86480000335723,33537.51289995853,4717.232973893303
1791144482,1000,,Aggregated,116.100000,0.600000,6300,7600,11000,12000,16000,21000,28000,30000,32000,33000,34000,38805,596,6300,7119.267244757116,33.86480000335723,33537.51289995853,4717.308465403943
1791144483,1000,,Aggregated,114.400000,0.600000,6300,7600,11000,12000,16000,21000,28000,30000,32000,33000,34000,38892,596,6300,7119.151067042057,33.86480000335723,33537.51289995853,4717.087910110048
1791144484,1000,,Aggregated,107.500000,0.500000,6300,7700,11000,12000,16000,21000,28000,30000,32000,33000,34000,39043,598,6300,7127.616753991745,33.86480000335723,33537.51289995853,4717.330225648644
1791144485,1000,,Aggregated,101.100000,0.400000,6400,7700,11000,12000,16000,21000,28000,30000,32000,33000,34000,39149,598,6400,7133.858148575952,33.86480000335723,33537.51289995853,4717.201844236123
1791144486,1000,,Aggregated,103.300000,0.600000,6400,7700,11000,12000,16000,21000,28000,30000,32000,33000,34000,39268,598,6400,7132.701573848946,33.86480000335723,33537.51289995853,4716.83994601202
1791144487,1000,,Aggregated,108.300000,0.400000,6400,7700,11000,12000,16000,21000,28000,30000,32000,33000,34000,39319,598,6400,7128.869556295952,33.86480000335723,33537.51289995853,4716.925939113406
1791144488,1000,,Aggregated,106.300000,0.200000,6400,7700,11000,12000,16000,21000,28000,30000,32000,33000,34000,39418,598,6400,7130.453196466104,33.86480000335723,33537.51289995853,4717.067583337562
1791144489,1000,,Aggregated,99.600000,0.200000,6400,7700,11000,12000,16000,21000,28000,30000,32000,33000,34000,39505,598,6400,7129.278484941142,33.86480000335723,33537.51289995853,4717.150942918618
1791144490,1000,,Aggregated,97.900000,0.200000,6400,7700,11000,12000,16000,21000,28000,30000,32000,33000,34000,39618,599,6400,7130.060663031937,33.86480000335723,33537.51289995853,4717.638320965218
1791144491,1000,,Aggregated,94.300000,0.200000,6400,7700,11000,12000,16000,21000,28000,30000,32000,33000,34000,39739,599,6400,7134.680062749431,33.86480000335723,33537.51289995853,4717.734643549158
1791144492,1000,,Aggregated,93.400000,0.200000,6400,7700,11000,12000,16000,21000,28000,30000,32000,33000,34000,39816,599,6400,7137.017877925949,33.86480000335723,33537.51289995853,4717.863120353627
1791144493,1000,,Aggregated,97.900000,0.300000,6400,7700,11000,12000,16000,21000,28000,30000,32000,33000,34000,39938,600,6400,7135.20048838445,33.86480000335723,33537.51289995853,4718.173218488658
1791144494,1000,,Aggregated,101.200000,0.300000,6400,7700,11000,12000,16000,21000,28000,30000,32000,33000,34000,40061,600,6400,7136.617360342929,33.86480000335723,33537.51289995853,4718.347669803549
1791144495,1000,,Aggregated,103.600000,0.300000,6400,7700,11000,12000,16000,21000,28000,30000,32000,33000,34000,40130,600,6400,7132.3917378095675,33.86480000335723,33537.51289995853,4718.691876401695
1791144496,1000,,Aggregated,102.200000,0.200000,6400,7700,11000,12000,16000,21000,28000,30000,32000,33000,34000,40189,601,6400,7126.375386222542,33.86480000335723,33537.51289995853,4719.547836472667
1791144497,1000,,Aggregated,96.900000,0.200000,6400,7800,11000,12000,16000,21000,28000,30000,32000,33000,34000,40342,606,6400,7134.342703641312,33.86480000335723,33537.51289995853,4719.7911853651285
1791144498,1000,,Aggregated,91.600000,0.300000,6400,7800,11000,12000,16000,21000,28000,30000,32000,33000,34000,40464,608,6400,7139.268897580548,33.86480000335723,33537.51289995853,4719.2757018584425
1791144499,1000,,Aggregated,100.600000,0.600000,6400,7800,11000,12000,16000,21000,28000,30000,32000,33000,34000,40543,608,6400,7135.605920304361,33.86480000335723,33537.51289995853,4719.767604765311
1791144500,1000,,Aggregated,104.000000,0.900000,6400,7800,11000,12000,16000,21000,28000,30000,32000,33000,34000,40657,608,6400,7131.633102998239,33.86480000335723,33537.51289995853,4720.118356002657
1791144501,1000,,Aggregated,103.000000,1.000000,6400,7800,11000,12000,16000,21000,28000,30000,32000,33000,34000,40737,611,6400,7131.064359299881,33.86480000335723,33537.51289995853,4719.876230453887
1791144502,1000,,Aggregated,104.400000,1.000000,6400,7800,11000,12000,16000,21000,28000,30000,32000,33000,34000,40865,612,6400,7134.478616720877,33.86480000335723,33537.51289995853,4719.803499327052
1791144503,1000,,Aggregated,96.800000,1.200000,6400,7800,11000,12000,16000,21000,28000,30000,32000,33000,34000,40958,622,6400,7139.83109607398,33.86480000335723,33537.51289995853,4718.605058840763
1791144504,1000,,Aggregated,101.000000,1.300000,6400,7800,11000,12000,16000,21000,28000,30000,31000,33000,34000,41023,627,6400,7136.215292743065,33.86480000335723,33537.51289995853,4718.637544791946
1791144505,1000,,Aggregated,104.000000,2.200000,6400,7800,11000,12000,16000,22000,28000,30000,31000,33000,34000,41153,628,6400,7144.890365283169,33.86480000335723,33537.51289995853,4718.674750321969
1791144506,1000,,Aggregated,95.900000,2.400000,6400,7800,11000,12000,16000,22000,28000,30000,31000,33000,34000,41267,632,6400,7150.867152535858,33.86480000335723,33537.51289995853,4718.882690769865
1791144507,1000,,Aggregated,100.200000,2.700000,6400,7800,11000,12000,16000,22000,28000,30000,31000,33000,34000,41325,635,6400,7148.786625296982,33.86480000335723,33537.51289995853,4718.140181488203
1791144508,1000,,Aggregated,105.600000,3.000000,6400,7800,11000,12000,16000,22000,28000,30000,31000,33000,34000,41423,644,6400,7153.917618139642,33.86480000335723,33537.51289995853,4717.036091060522
1791144509,1000,,Aggregated,98.000000,3.000000,6400,7800,11000,12000,16000,22000,28000,30000,31000,33000,34000,41520,652,6400,7159.892083357389,33.86480000335723,33537.51289995853,4716.359633911368
1791144510,1000,,Aggregated,95.100000,3.200000,6400,7800,11000,12000,16000,22000,28000,30000,31000,33000,34000,41609,653,6400,7158.441581720273,33.86480000335723,33537.51289995853,4716.287461847197
1791144511,1000,,Aggregated,97.400000,3.800000,6400,7800,11000,12000,16000,22000,28000,30000,31000,33000,34000,41730,656,6400,7166.3687380301635,33.86480000335723,33537.51289995853,4715.507572489815
1791144512,1000,,Aggregated,93.800000,4.500000,6400,7800,11000,12000,16000,22000,28000,30000,31000,33000,34000,41803,657,6400,7165.192573353556,33.86480000335723,33537.51289995853,4714.829103174413
1791144513,1000,,Aggregated,99.300000,4.400000,6400,7800,11000,12000,16000,22000,28000,30000,31000,33000,34000,41876,658,6400,7164.621590696297,33.86480000335723,33537.51289995853,4714.969385805712
1791144514,1000,,Aggregated,94.500000,4.400000,6400,7800,11000,12000,16000,22000,28000,30000,31000,33000,34000,41932,662,6400,7167.852463111661,33.86480000335723,33537.51289995853,4714.849685204617
1791144515,1000,,Aggregated,89.900000,3.600000,6400,7900,11000,12000,16000,22000,28000,30000,31000,33000,34000,42004,664,6400,7167.963355737523,33.86480000335723,33537.51289995853,4714.441719836206
1791144516,1000,,Aggregated,92.400000,3.800000,6400,7900,11000,12000,16000,22000,28000,30000,31000,33000,34000,42074,667,6400,7172.77203383796,33.86480000335723,33537.51289995853,4714.008342444265
1791144517,1000,,Aggregated,86.300000,3.600000,6400,7900,11000,12000,16000,22000,28000,30000,31000,33000,34000,42119,672,6400,7175.841340722674,33.86480000335723,33537.51289995853,4713.825446947933
1791144518,1000,,Aggregated,81.500000,3.600000,6400,7900,11000,12000,16000,22000,28000,30000,31000,33000,34000,42184,674,6400,7179.55173015596,33.86480000335723,33537.51289995853,4713.888417409445
1791144519,1000,,Aggregated,80.500000,3.300000,6400,7900,11000,12000,16000,22000,28000,30000,31000,33000,34000,42297,677,6400,7192.503445546946,33.86480000335723,33537.51289995853,4713.649194978368
1791144520,1000,,Aggregated,76.600000,3.500000,6400,7900,11000,12000,16000,22000,28000,30000,31000,33000,34000,42388,679,6400,7201.529445772361,33.86480000335723,33537.51289995853,4713.281895819571
1791144521,1000,,Aggregated,75.000000,2.800000,6400,7900,11000,12000,16000,22000,28000,30000,31000,33000,34000,42482,680,6400,7208.592495774658,33.86480000335723,33537.51289995853,4713.812956075514
1791144522,1000,,Aggregated,78.200000,2.500000,6400,7900,11000,12000,17000,22000,28000,30000,31000,33000,34000,42600,687,6400,7227.363996319241,33.86480000335723,33537.51289995853,4713.236971830986
1791144523,1000,,Aggregated,75.300000,2.400000,6400,8000,11000,12000,17000,22000,28000,30000,31000,33000,34000,42692,691,6400,7236.975813908925,33.86480000335723,33537.51289995853,4713.472407008338
1791144524,1000,,Aggregated,76.300000,3.000000,6400,8000,11000,12000,17000,22000,28000,30000,31000,33000,34000,42780,693,6400,7241.234484766259,33.86480000335723,33537.51289995853,4713.486161757831
1791144525,1000,,Aggregated,81.100000,3.000000,6400,8000,11000,12000,17000,22000,28000,30000,31000,33000,34000,42896,693,6400,7249.2696941556305,33.86480000335723,33537.51289995853,4713.705846698993
1791144526,1000,,Aggregated,80.300000,3.100000,6500,8100,11000,12000,17000,22000,28000,30000,31000,33000,34000,43004,695,6500,7257.91005533672,33.86480000335723,33537.51289995853,4713.844316807739
1791144527,1000,,Aggregated,84.300000,3.000000,6500,8100,11000,12000,17000,22000,28000,30000,31000,33000,34000,43080,697,6500,7259.001267328248,33.86480000335723,33537.51289995853,4714.026021355618
1791144528,1000,,Aggregated,88.700000,2.800000,6500,8100,11000,12000,17000,22000,28000,30000,31000,33000,34000,43184,699,6500,7263.15606128893,33.86480000335723,33537.51289995853,4714.2945766950725
1791144529,1000,,Aggregated,92.800000,2.800000,6500,8100,11000,13000,17000,22000,28000,30000,31000,33000,34000,43276,705,6500,7269.265915213999,33.86480000335723,33537.51289995853,4713.2323920879935
1791144530,1000,,Aggregated,94.300000,2.400000,6500,8100,11000,12000,17000,22000,28000,30000,31000,33000,34000,43371,706,6500,7268.855363904483,33.86480000335723,33537.51289995853,4712.927209425653
1791144531,1000,,Aggregated,97.300000,2.500000,6500,8100,11000,12000,17000,22000,28000,30000,31000,33000,34000,43469,708,6500,7268.128917014442,33.86480000335723,33537.51289995853,4712.704295014838
1791144532,1000,,Aggregated,96.900000,2.800000,6500,8100,11000,12000,17000,22000,28000,30000,31000,33000,34000,43533,708,6500,7266.034709259661,33.86480000335723,33537.51289995853,4713.147772953851
1791144533,1000,,Aggregated,94.800000,2.900000,6500,8100,11000,12000,17000,22000,28000,30000,31000,33000,34000,43567,708,6500,7264.785355443365,33.86480000335723,33537.51289995853,4713.729634815342
1791144534,1000,,Aggregated,95.900000,2.200000,6500,8100,11000,12000,17000,22000,28000,30000,31000,33000,34000,43613,712,6500,7266.725425836357,33.86480000335723,33537.51289995853,4713.651709352716
1791144535,1000,,Aggregated,88.100000,2.100000,6500,8200,11000,12000,17000,22000,28000,30000,31000,33000,34000,43719,715,6500,7276.428526464474,33.86480000335723,33537.51289995853,4713.653949083922
1791144536,1000,,Aggregated,85.900000,1.500000,6500,8200,11000,12000,17000,22000,28000,30000,31000,33000,34000,43785,716,6500,7278.4883227383925,33.86480000335723,33537.51289995853,4714.131917323284
1791144537,1000,,Aggregated,82.100000,2.000000,6500,8200,11000,12000,17000,22000,28000,30000,31000,33000,34000,43858,723,6500,7283.757794290669,33.86480000335723,33537.51289995853,4713.422135072279
1791144538,1000,,Aggregated,81.600000,2.000000,6500,8200,11000,12000,17000,22000,29000,30000,31000,33000,34000,43942,735,6500,7289.25686630558,33.86480000335723,33537.51289995853,4712.6617131673565
1791144539,1000,,Aggregated,78.200000,2.200000,6500,8200,11000,12000,17000,22000,29000,30000,31000,33000,34000,44033,737,6500,7297.768946828507,33.86480000335723,33537.51289995853,4712.443462857403
1791144540,1000,,Aggregated,77.500000,2.900000,6500,8200,11000,12000,17000,22000,29000,30000,31000,33000,34000,44135,737,6500,7303.685880822453,33.86480000335723,33537.51289995853,4712.966398549904
1791144541,1000,,Aggregated,74.600000,3.800000,6500,8200,11000,13000,17000,22000,29000,30000,31000,33000,34000,44251,739,6500,7310.193852046253,33.86480000335723,33537.51289995853,4712.784434250073
1791144542,1000,,Aggregated,73.100000,3.100000,6500,8300,11000,13000,17000,22000,29000,30000,31000,33000,34000,44386,740,6500,7325.221443829126,33.86480000335723,33537.51289995853,4713.586626413734
1791144543,1000,,Aggregated,76.600000,2.900000,6500,8300,11000,13000,17000,22000,29000,30000,31000,33000,34000,44483,744,6500,7326.537576260561,33.86480000335723,33537.51289995853,4712.992154306139
1791144544,1000,,Aggregated,78.800000,3.100000,6500,8300,11000,13000,17000,22000,29000,30000,31000,33000,34000,44601,745,6500,7327.860883027254,33.86480000335723,33537.51289995853,4713.617564628596
1791144545,1000,,Aggregated,86.300000,3.300000,6500,8300,11000,13000,17000,22000,29000,30000,31000,33000,34000,44736,746,6500,7331.350256699284,33.86480000335723,33537.51289995853,4714.237325643777
1791144546,1000,,Aggregated,91.300000,3.600000,6500,8300,11000,13000,17000,22000,29000,30000,31000,33000,34000,44854,746,6500,7334.405744412959,33.86480000335723,33537.51289995853,4715.778280643867
1791144547,1000,,Aggregated,98.000000,3.200000,6500,8300,11000,13000,17000,22000,29000,30000,31000,33000,34000,44983,749,6500,7332.214565749259,33.86480000335723,33537.51289995853,4714.885312229065
1791144548,1000,,Aggregated,101.000000,3.100000,6500,8300,11000,13000,17000,22000,29000,30000,31000,33000,34000,45101,750,6500,7331.177094762854,33.86480000335723,33537.51289995853,4715.05647324893
1791144549,1000,,Aggregated,106.600000,2.900000,6500,8300,11000,13000,17000,22000,29000,30000,31000,33000,34000,45219,751,6500,7331.388846133238,33.86480000335723,33537.51289995853,4715.321325106703
1791144550,1000,,Aggregated,111.800000,2.200000,6500,8300,11000,13000,17000,22000,29000,30000,31000,33000,34000,45287,751,6500,7329.788107779248,33.86480000335723,33537.51289995853,4715.348068982269
1791144551,1000,,Aggregated,115.200000,1.300000,6500,8300,11000,13000,17000,22000,29000,30000,31000,33000,34000,45418,759,6500,7334.299198694323,33.86480000335723,33537.51289995853,4713.628517327932
1791144552,1000,,Aggregated,117.000000,1.400000,6500,8300,11000,13000,17000,22000,29000,30000,31000,33000,34000,45559,762,6500,7334.449498191313,33.86480000335723,33537.51289995853,4713.1369872034065
1791144553,1000,,Aggregated,114.700000,1.600000,6500,8300,11000,13000,17000,22000,29000,30000,31000,33000,34000,45679,763,6500,7335.731640051175,33.86480000335723,33537.51289995853,4713.026204601677
1791144554,1000,,Aggregated,115.100000,2.000000,6500,8300,11000,13000,17000,22000,29000,30000,31000,33000,34000,45794,770,6500,7335.470524031496,33.86480000335723,33537.51289995853,4712.2393326636675
1791144555,1000,,Aggregated,116.700000,2.100000,6500,8300,11000,13000,17000,22000,29000,30000,31000,33000,34000,45882,772,6500,7332.379275343229,33.86480000335723,33537.51289995853,4712.18118216294
1791144556,1000,,Aggregated,119.600000,1.900000,6500,8200,11000,13000,17000,22000,29000,30000,31000,33000,34000,46001,777,6500,7333.031548324996,33.86480000335723,33537.51289995853,4711.922610378036
1791144557,1000,,Aggregated,118.200000,2.500000,6500,8200,11000,13000,17000,22000,29000,30000,31000,33000,34000,46068,781,6500,7328.836733029412,33.86480000335723,33537.51289995853,4711.474298862551
1791144559,1000,,Aggregated,113.900000,2.600000,6500,8200,11000,13000,17000,22000,29000,30000,31000,33000,34000,46201,781,6500,7326.505194251209,33.86480000335723,33537.51289995853,4711.179260189173
1791144560,1000,,Aggregated,113.000000,3.100000,6500,8200,11000,13000,17000,22000,29000,30000,31000,33000,34000,46249,781,6500,7326.285727388722,33.86480000335723,33537.51289995853,4711.058574239443
1791144561,1000,,Aggregated,108.600000,3.100000,6500,8200,11000,13000,17000,22000,29000,30000,31000,33000,34000,46327,789,6500,7326.278433002359,33.86480000335723,33537.51289995853,4710.2391477971805
1791144562,1000,,Aggregated,102.500000,3.000000,6500,8200,11000,13000,17000,22000,29000,30000,31000,33000,34000,46460,789,6500,7328.972105770544,33.86480000335723,33537.51289995853,4709.261364614722
1791144563,1000,,Aggregated,102.500000,3.500000,6500,8200,11000,13000,17000,22000,29000,30000,31000,33000,34000,46558,789,6500,7332.796324775525,33.86480000335723,33537.51289995853,4710.224279393445
1791144564,1000,,Aggregated,102.800000,3.000000,6500,8200,11000,13000,17000,22000,29000,30000,31000,33000,34000,46674,796,6500,7333.862130235244,33.86480000335723,33537.51289995853,4710.070124694691
1791144565,1000,,Aggregated,98.100000,2.700000,6500,8200,11000,13000,17000,22000,29000,30000,31000,33000,34000,46809,799,6500,7335.500915103937,33.86480000335723,33537.51289995853,4709.779038219146
1791144566,1000,,Aggregated,97.500000,3.300000,6500,8200,11000,13000,17000,22000,29000,30000,31000,33000,34000,46904,800,6500,7330.261848656846,33.86480000335723,33537.51289995853,4709.548972369094
1791144567,1000,,Aggregated,100.100000,2.900000,6500,8200,11000,13000,17000,22000,29000,30000,31000,33000,34000,46974,801,6500,7328.526851488089,33.86480000335723,33537.51289995853,4709.517201004811
1791144568,1000,,Aggregated,101.500000,2.800000,6500,8200,11000,13000,17000,22000,29000,30000,31000,33000,34000,47105,802,6500,7330.25305822951,33.86480000335723,33537.51289995853,4709.504850865089
1791144569,1000,,Aggregated,95.400000,2.400000,6500,8200,11000,13000,17000,22000,29000,30000,31000,33000,34000,47247,802,6500,7336.403168571584,33.86480000335723,33537.51289995853,4709.559442927593
1791144570,1000,,Aggregated,102.800000,2.100000,6500,8200,11000,13000,17000,22000,29000,30000,31000,33000,34000,47393,802,6500,7335.071444177453,33.86480000335723,33537.51289995853,4709.61517523685
1791144571,1000,,Aggregated,101.700000,2.100000,6500,8200,11000,13000,17000,22000,29000,30000,31000,33000,34000,47487,802,6500,7332.607969638049,33.86480000335723,33537.51289995853,4709.961736896414
1791144572,1000,,Aggregated,112.600000,2.100000,6500,8200,11000,13000,17000,22000,29000,30000,31000,33000,34000,47631,804,6500,7335.642409638748,33.86480000335723,33537.51289995853,4709.224832567025
1791144573,1000,,Aggregated,114.500000,1.400000,6500,8200,11000,13000,17000,22000,29000,30000,31000,33000,34000,47805,805,6500,7336.824420918406,33.86480000335723,33537.51289995853,4709.688128856814
1791144574,1000,,Aggregated,114.800000,1.500000,6500,8200,11000,13000,17000,22000,29000,30000,31000,33000,34000,47950,807,6500,7337.801775906258,33.86480000335723,33537.51289995853,4709.790448383733
1791144575,1000,,Aggregated,122.300000,1.600000,6500,8200,11000,13000,17000,22000,29000,30000,31000,33000,34000,48120,808,6500,7331.384518144331,31.846500001847744,33537.51289995853,4710.118162926018
1791144576,1000,,Aggregated,128.200000,1.000000,6500,8200,11000,13000,17000,22000,29000,30000,31000,33000,34000,48232,809,6500,7323.64981810635,31.846500001847744,33537.51289995853,4710.24846574888
1791144577,1000,,Aggregated,130.600000,0.900000,6500,8200,11000,13000,17000,22000,29000,30000,31000,33000,34000,48369,811,6500,7318.790123279506,31.846500001847744,33537.51289995853,4710.18826107631
1791144578,1000,,Aggregated,131.500000,0.900000,6500,8200,11000,13000,17000,22000,29000,30000,31000,33000,34000,48433,811,6500,7315.639830082938,31.846500001847744,33537.51289995853,4710.086779675015
1791144579,1000,,Aggregated,138.200000,1.000000,6500,8200,11000,13000,17000,22000,29000,30000,31000,33000,34000,48547,814,6500,7310.282682404808,31.846500001847744,33537.51289995853,4710.457968566544
1791144580,1000,,Aggregated,132.600000,0.900000,6500,8200,11000,13000,17000,22000,29000,30000,31000,33000,34000,48662,815,6500,7306.748770734979,31.846500001847744,33537.51289995853,4710.478299288973
1791144581,1000,,Aggregated,129.700000,1.200000,6500,8200,11000,13000,17000,22000,29000,30000,31000,33000,34000,48761,820,6500,7308.6004166425255,31.846500001847744,33537.51289995853,4710.271200344538
1791144582,1000,,Aggregated,127.000000,1.200000,6500,8200,11000,13000,17000,22000,29000,30000,31000,33000,34000,48857,821,6500,7307.304643711373,31.846500001847744,33537.51289995853,4709.989315758233
1791144583,1000,,Aggregated,128.200000,1.600000,6500,8200,11000,13000,17000,22000,29000,30000,31000,33000,34000,48962,824,6500,7307.162386344657,31.846500001847744,33537.51289995853,4709.718700216495
1791144584,1000,,Aggregated,122.400000,1.700000,6500,8100,11000,12000,17000,22000,29000,30000,31000,33000,34000,49069,825,6500,7306.673720844267,31.846500001847744,33537.51289995853,4709.418614603925
1791144585,1000,,Aggregated,117.300000,1.800000,6500,8100,11000,12000,17000,22000,29000,30000,31000,33000,34000,49182,825,6500,7302.628441271353,31.846500001847744,33537.51289995853,4709.582469196047
1791144586,1000,,Aggregated,108.400000,1.900000,6500,8100,11000,12000,17000,22000,29000,30000,31000,33000,34000,49288,826,6500,7300.982556216668,31.846500001847744,33537.51289995853,4709.93546096413
1791144587,1000,,Aggregated,103.400000,1.700000,6500,8100,11000,12000,17000,22000,29000,30000,31000,33000,34000,49408,826,6500,7301.008068124745,31.846500001847744,33537.51289995853,4709.538758905441
1791144588,1000,,Aggregated,102.500000,1.700000,6500,8100,11000,12000,17000,22000,29000,30000,31000,33000,34000,49487,831,6500,7299.627334332395,31.846500001847744,33537.51289995853,4709.592903186695
1791144589,1000,,Aggregated,102.600000,1.500000,6500,8100,11000,12000,17000,22000,29000,30000,31000,33000,34000,49600,831,6500,7297.487733941685,31.846500001847744,33537.51289995853,4709.927741935484
1791144590,1000,,Aggregated,101.000000,1.900000,6500,8100,11000,12000,17000,22000,29000,30000,31000,33000,34000,49705,832,6500,7299.205991256576,31.846500001847744,33537.51289995853,4709.5690775575895
1791144591,1000,,Aggregated,101.900000,1.700000,6500,8100,11000,12000,17000,22000,29000,30000,31000,33000,34000,49824,833,6500,7298.7247345859005,31.846500001847744,33537.51289995853,4709.575485709698
1791144592,1000,,Aggregated,100.900000,1.700000,6500,8100,11000,12000,17000,22000,29000,30000,31000,33000,34000,49899,833,6500,7298.043236497891,31.846500001847744,33537.51289995853,4709.614200685384
1791144593,1000,,Aggregated,101.500000,1.400000,6500,8100,11000,12000,17000,22000,29000,30000,31000,33000,34000,50005,833,6500,7295.115900606096,31.846500001847744,33537.51289995853,4709.757464253575
1791144594,1000,,Aggregated,103.600000,1.200000,6500,8100,11000,12000,17000,22000,29000,30000,31000,33000,34000,50069,834,6500,7293.738061149777,31.846500001847744,33537.51289995853,4709.493259302163
1791144595,1000,,Aggregated,100.600000,1.000000,6500,8100,11000,12000,17000,22000,29000,30000,31000,33000,34000,50133,834,6500,7295.175237362778,31.846500001847744,33537.51289995853,4709.88117607165
1791144596,1000,,Aggregated,98.500000,0.800000,6500,8100,11000,12000,17000,22000,29000,30000,31000,33000,34000,50213,835,6500,7296.408921325324,31.846500001847744,33537.51289995853,4709.632206799036
1791144597,1000,,Aggregated,95.000000,0.900000,6500,8100,11000,13000,17000,22000,29000,30000,31000,33000,34000,50356,837,6500,7303.3254395028935,31.846500001847744,33537.51289995853,4710.489971403606
1791144598,1000,,Aggregated,91.400000,0.800000,6500,8200,11000,13000,17000,22000,29000,30000,31000,33000,34000,50471,839,6500,7307.043239395041,31.846500001847744,33537.51289995853,4709.9370331477485
1791144599,1000,,Aggregated,89.900000,1.000000,6500,8200,11000,13000,17000,22000,29000,30000,31000,33000,34000,50577,839,6500,7311.941021072952,31.846500001847744,33537.51289995853,4710.969867726437
1791144600,1000,,Aggregated,94.600000,0.800000,6500,8200,11000,13000,17000,22000,29000,30000,31000,33000,34000,50620,840,6500,7311.416793540244,31.846500001847744,33537.51289995853,4710.879099170288
1791144601,1000,,Aggregated,98.200000,0.800000,6500,8200,11000,13000,17000,22000,29000,30000,31000,33000,34000,50738,841,6500,7314.857029924456,31.846500001847744,33537.51289995853,4711.4318459537235
1791144602,1000,,Aggregated,93.200000,0.800000,6600,8200,11000,13000,17000,22000,29000,30000,31000,33000,34000,50832,845,6600,7323.448736831261,31.846500001847744,33537.51289995853,4711.479599464904
1791144603,1000,,Aggregated,88.600000,0.800000,6600,8200,11000,13000,17000,22000,29000,30000,31000,33000,34000,50888,849,6600,7324.88119191571,31.846500001847744,33537.51289995853,4711.492100298695
1791144604,1000,,Aggregated,91.900000,0.800000,6600,8200,11000,13000,17000,22000,29000,30000,31000,33000,34000,50979,855,6600,7328.949268024238,31.846500001847744,33537.51289995853,4711.051746797701
1791144605,1000,,Aggregated,91.000000,1.300000,6600,8200,11000,13000,17000,22000,29000,30000,31000,33000,34000,51106,859,6600,7333.254839555175,31.846500001847744,33537.51289995853,4710.619653269675
1791144606,1000,,Aggregated,89.300000,1.700000,6600,8200,11000,13000,17000,22000,29000,30000,31000,33000,34000,51284,861,6600,7342.866545603043,31.846500001847744,33537.51289995853,4710.899929802667
1791144607,1000,,Aggregated,91.200000,2.200000,6600,8200,11000,13000,17000,22000,29000,30000,31000,33000,34000,51345,863,6600,7342.66927320881,31.846500001847744,33537.51289995853,4710.602687700847
1791144608,1000,,Aggregated,100.300000,2.700000,6600,8200,11000,13000,17000,22000,29000,30000,31000,33000,34000,51400,873,6600,7344.8657244359265,31.846500001847744,33537.51289995853,4709.521887159533
1791144609,1000,,Aggregated,106.400000,2.500000,6600,8200,11000,13000,17000,22000,29000,30000,31000,33000,34000,51519,876,6600,7346.90726083787,31.846500001847744,33537.51289995853,4709.690793687766
1791144610,1000,,Aggregated,96.900000,2.700000,6600,8300,11000,13000,17000,22000,29000,30000,31000,33000,34000,51679,879,6600,7353.128495692756,31.846500001847744,33537.51289995853,4708.962924979199
1791144611,1000,,Aggregated,91.200000,3.600000,6600,8200,11000,13000,17000,22000,29000,30000,31000,33000,34000,51842,880,6600,7353.529340604248,31.846500001847744,33537.51289995853,4708.7576096601215
1791144612,1000,,Aggregated,96.600000,3.800000,6600,8200,11000,13000,17000,22000,29000,30000,31000,33000,34000,51997,881,6600,7352.657466588569,31.846500001847744,33537.51289995853,4709.102294363136
1791144613,1000,,Aggregated,105.800000,4.000000,6600,8200,11000,13000,17000,22000,29000,30000,31000,33000,34000,52129,881,6600,7344.0661575151435,31.846500001847744,33537.51289995853,4709.857027758062
1791144614,1000,,Aggregated,109.600000,3.900000,6600,8200,11000,13000,17000,22000,29000,30000,31000,33000,34000,52241,883,6600,7338.448797860051,31.846500001847744,33537.51289995853,4709.449933959917
1791144615,1000,,Aggregated,116.500000,3.500000,6600,8200,11000,13000,17000,22000,29000,30000,31000,33000,34000,52448,884,6600,7339.667770386032,31.846500001847744,33537.51289995853,4708.734022269677
1791144616,1000,,Aggregated,124.100000,3.100000,6600,8200,11000,13000,17000,22000,29000,30000,31000,33000,34000,52608,885,6600,7336.718695681382,31.846500001847744,33537.51289995853,4708.799460158151
1791144617,1000,,Aggregated,128.000000,2.800000,6600,8200,11000,13000,17000,22000,29000,30000,31000,33000,34000,52749,885,6600,7331.668468245951,31.846500001847744,33537.51289995853,4709.88394092779
1791144618,1000,,Aggregated,132.600000,2.300000,6500,8200,11000,13000,17000,22000,29000,30000,31000,33000,34000,52888,886,6500,7322.2546699687355,31.846500001847744,33537.51289995853,4710.819108304341
1791144619,1000,,Aggregated,130.500000,2.400000,6500,8200,11000,12000,17000,22000,29000,30000,31000,33000,34000,53026,886,6500,7315.544780155132,31.846500001847744,33537.51289995853,4710.636536793271
1791144620,1000,,Aggregated,141.800000,2.000000,6500,8200,11000,12000,17000,22000,29000,30000,31000,33000,34000,53159,886,6500,7306.4821054648455,31.846500001847744,33537.51289995853,4711.646155872007
1791144621,1000,,Aggregated,149.500000,1.100000,6500,8200,11000,12000,17000,22000,29000,30000,31000,33000,34000,53337,886,6500,7299.682948086804,31.846500001847744,33537.51289995853,4711.616157639162
1791144622,1000,,Aggregated,149.200000,0.900000,6500,8200,11000,12000,17000,22000,29000,30000,31000,33000,34000,53342,886,6500,7299.469956023508,31.846500001847744,33537.51289995853,4711.481084323797
1791144623,1000,,Aggregated,149.200000,0.900000,6500,8200,11000,12000,17000,22000,29000,30000,31000,33000,34000,53342,886,6500,7299.469956023508,31.846500001847744,33537.51289995853,4711.481084323797
1791144624,1000,,Aggregated,149.200000,0.900000,6500,8200,11000,12000,17000,22000,29000,30000,31000,33000,34000,53342,886,6500,7299.469956023508,31.846500001847744,33537.51289995853,4711.481084323797
1791144625,1000,,Aggregated,149.200000,0.900000,6500,8200,11000,12000,17000,22000,29000,30000,31000,33000,34000,53342,886,6500,7299.469956023508,31.846500001847744,33537.51289995853,4711.481084323797
1791144626,1000,,Aggregated,119.300000,0.500000,6500,8200,11000,12000,17000,22000,29000,30000,31000,33000,34000,53347,886,6500,7300.041671451177,31.846500001847744,33537.51289995853,4711.4545147805875
1791144627,1000,,Aggregated,106.100000,0.200000,6500,8200,11000,12000,17000,22000,29000,30000,31000,33000,34000,53537,887,6500,7316.680724777372,31.846500001847744,33537.51289995853,4710.498104114911
1791144628,1000,,Aggregated,85.900000,0.200000,6600,8300,11000,13000,17000,22000,28000,30000,31000,33000,34000,53794,887,6600,7334.651281763872,31.846500001847744,33537.51289995853,4710.729802580214
1791144629,1000,,Aggregated,71.500000,0.100000,6600,8300,11000,13000,17000,22000,28000,30000,31000,33000,34000,53938,887,6600,7334.884985533504,31.846500001847744,33537.51289995853,4710.988913196633
1791144630,1000,,Aggregated,79.000000,0.200000,6600,8300,11000,13000,17000,22000,28000,30000,31000,33000,34000,54057,887,6600,7326.389255522985,31.846500001847744,33537.51289995853,4711.254860610096
1791144631,1000,,Aggregated,88.900000,0.100000,6600,8300,11000,12000,17000,22000,28000,30000,31000,33000,34000,54214,887,6600,7324.760710237313,31.846500001847744,33537.51289995853,4710.955066956874
1791144632,1000,,Aggregated,90.400000,0.100000,6600,8300,11000,12000,17000,22000,28000,30000,31000,33000,34000,54355,888,6600,7319.549040288934,31.846500001847744,33537.51289995853,4710.351007267041
1791144633,1000,,Aggregated,88.000000,0.100000,6600,8300,11000,12000,17000,22000,28000,30000,31000,33000,34000,54483,888,6600,7316.184519609894,31.846500001847744,33537.51289995853,4710.598737220785
1791144634,1000,,Aggregated,88.000000,0.100000,6600,8300,11000,12000,17000,22000,28000,30000,31000,33000,34000,54587,889,6600,7310.660005719409,31.846500001847744,33537.51289995853,4710.751918955062
1791144635,1000,,Aggregated,102.000000,0.200000,6600,8300,11000,12000,17000,22000,28000,30000,31000,33000,34000,54745,889,6600,7303.723238734233,31.846500001847744,33537.51289995853,4710.649867567814
1791144636,1000,,Aggregated,114.500000,0.200000,6500,8300,11000,12000,17000,22000,28000,30000,31000,33000,34000,54852,889,6500,7299.454376185105,31.846500001847744,33537.51289995853,4711.334518340261
1791144637,1000,,Aggregated,124.900000,0.300000,6500,8300,11000,12000,17000,22000,28000,30000,31000,33000,34000,54952,889,6500,7293.4886028171095,31.846500001847744,33537.51289995853,4711.8033374581455
1791144638,1000,,Aggregated,140.900000,0.300000,6500,8300,11000,12000,17000,22000,28000,30000,31000,33000,34000,55120,889,6500,7291.845748588647,31.846500001847744,33537.51289995853,4711.370627721335
1791144639,1000,,Aggregated,150.600000,0.300000,6500,8300,11000,12000,17000,22000,28000,30000,31000,33000,34000,55283,889,6500,7288.870003878322,31.846500001847744,33537.51289995853,4710.829585948664
1791144641,1000,,Aggregated,139.600000,0.200000,6500,8300,11000,12000,17000,22000,28000,30000,31000,33000,34000,55398,889,6500,7282.579391041299,31.846500001847744,33537.51289995853,4710.646936712516
1791144642,1000,,Aggregated,133.500000,0.200000,6500,8300,11000,12000,17000,22000,28000,30000,31000,33000,34000,55545,889,6500,7275.173446432728,31.846500001847744,33537.51289995853,4710.726420019804
1791144643,1000,,Aggregated,133.500000,0.200000,6500,8300,11000,12000,17000,22000,28000,30000,31000,33000,34000,55645,890,6500,7274.902718747514,31.846500001847744,33537.51289995853,4710.631197771588
1791144644,1000,,Aggregated,132.400000,0.200000,6500,8300,11000,12000,17000,22000,28000,30000,31000,33000,34000,55781,891,6500,7272.629450626653,31.846500001847744,33537.51289995853,4710.309119592693
1791144645,1000,,Aggregated,128.300000,0.200000,6500,8300,11000,12000,17000,22000,28000,30000,31000,33000,34000,55921,891,6500,7272.403412296011,31.846500001847744,33537.51289995853,4710.171992632464
1791144646,1000,,Aggregated,129.400000,0.300000,6500,8300,11000,12000,17000,22000,28000,30000,31000,33000,34000,56027,891,6500,7268.95916589688,31.846500001847744,33537.51289995853,4709.974940653614
1791144647,1000,,Aggregated,132.300000,0.200000,6500,8300,11000,12000,17000,22000,28000,30000,31000,33000,34000,56134,894,6500,7267.690049807695,31.846500001847744,33537.51289995853,4710.15575230698
1791144648,1000,,Aggregated,126.700000,0.200000,6500,8300,11000,12000,17000,22000,28000,30000,31000,33000,34000,56240,896,6500,7267.236547626317,31.846500001847744,33537.51289995853,4709.876795874822
1791144649,1000,,Aggregated,126.600000,0.500000,6500,8300,11000,12000,17000,22000,28000,30000,31000,33000,34000,56396,896,6500,7266.328609922776,31.846500001847744,33537.51289995853,4709.925437974324
1791144650,1000,,Aggregated,127.900000,0.700000,6500,8200,11000,12000,17000,22000,28000,30000,31000,33000,34000,56524,896,6500,7260.995135119706,31.846500001847744,33537.51289995853,4710.076799235723
1791144651,1000,,Aggregated,126.100000,0.700000,6500,8200,11000,12000,17000,22000,28000,30000,31000,33000,34000,56709,896,6500,7256.46343534369,31.846500001847744,33537.51289995853,4710.167098696856
1791144652,1000,,Aggregated,122.700000,0.700000,6500,8200,11000,12000,17000,22000,28000,30000,31000,33000,34000,56880,899,6500,7253.650407159013,31.846500001847744,33537.51289995853,4709.984247538678
1791144653,1000,,Aggregated,129.400000,0.700000,6500,8200,11000,12000,17000,22000,28000,30000,31000,33000,34000,57006,899,6500,7250.833039695891,31.846500001847744,33537.51289995853,4709.639581798408
1791144654,1000,,Aggregated,131.800000,1.000000,6500,8200,11000,12000,17000,22000,28000,30000,31000,33000,34000,57163,899,6500,7245.208093655061,31.846500001847744,33537.51289995853,4710.44254150412
1791144655,1000,,Aggregated,135.000000,0.900000,6400,8200,11000,12000,17000,22000,28000,30000,31000,33000,34000,57335,899,6400,7241.019803069752,31.846500001847744,33537.51289995853,4710.29203802215
1791144656,1000,,Aggregated,136.000000,0.800000,6400,8200,11000,12000,17000,22000,28000,30000,31000,33000,34000,57484,899,6400,7233.565638816086,31.846500001847744,33537.51289995853,4710.512333866815
1791144657,1000,,Aggregated,141.500000,0.800000,6400,8200,10000,12000,17000,22000,28000,30000,31000,33000,34000,57646,899,6400,7223.113840790393,31.846500001847744,33537.51289995853,4710.983988481421
1791144658,1000,,Aggregated,144.200000,0.800000,6400,8200,10000,12000,17000,22000,28000,30000,31000,33000,34000,57786,899,6400,7215.86036156168,31.846500001847744,33537.51289995853,4711.150866992005
1791144659,1000,,Aggregated,150.100000,0.500000,6400,8200,10000,12000,17000,22000,28000,30000,31000,33000,34000,57926,899,6400,7208.129424845553,31.846500001847744,33537.51289995853,4711.255256706833
1791144660,1000,,Aggregated,152.900000,0.300000,6400,8200,10000,12000,17000,22000,28000,30000,31000,33000,34000,58107,899,6400,7200.389801702094,31.846500001847744,33537.51289995853,4711.707143717625
1791144661,1000,,Aggregated,152.300000,0.300000,6400,8200,10000,12000,17000,22000,28000,30000,31000,33000,34000,58254,900,6400,7195.348995820088,31.846500001847744,33537.51289995853,4712.606138634257
1791144662,1000,,Aggregated,156.800000,0.300000,6400,8200,10000,12000,17000,22000,28000,30000,31000,33000,34000,58336,902,6400,7191.267133562528,31.846500001847744,33537.51289995853,4712.448865194734
1791144663,1000,,Aggregated,153.900000,0.400000,6400,8200,10000,12000,17000,22000,28000,30000,31000,33000,34000,58487,902,6400,7182.427724810701,31.846500001847744,33537.51289995853,4713.051156667294
1791144664,1000,,Aggregated,145.700000,0.100000,6400,8200,10000,12000,17000,22000,28000,30000,31000,33000,34000,58643,902,6400,7179.302759891255,31.846500001847744,33537.51289995853,4713.866940640827
1791144665,1000,,Aggregated,146.100000,0.300000,6400,8200,10000,12000,17000,22000,28000,30000,31000,33000,34000,58793,902,6400,7172.933783897785,31.846500001847744,33537.51289995853,4713.762590784617
1791144666,1000,,Aggregated,147.400000,0.300000,6400,8100,10000,12000,17000,22000,28000,30000,31000,33000,34000,58983,902,6400,7164.979834903331,31.846500001847744,33537.51289995853,4713.315582455962
1791144667,1000,,Aggregated,142.900000,0.300000,6400,8100,10000,12000,17000,21000,28000,30000,31000,33000,34000,59161,902,6400,7157.149093729049,31.846500001847744,33537.51289995853,4713.415797569344
1791144668,1000,,Aggregated,148.000000,0.300000,6400,8100,10000,12000,17000,21000,28000,30000,31000,33000,34000,59253,902,6400,7154.249324572667,31.846500001847744,33537.51289995853,4713.365753632727
1791144669,1000,,Aggregated,149.900000,0.300000,6400,8100,10000,12000,17000,21000,28000,30000,31000,33000,34000,59393,903,6400,7147.106757889042,31.846500001847744,33537.51289995853,4713.629535467143
1791144670,1000,,Aggregated,147.000000,0.300000,6400,8100,10000,12000,17000,21000,28000,30000,31000,33000,34000,59499,903,6400,7142.663289924251,31.846500001847744,33537.51289995853,4713.765827997109
1791144671,1000,,Aggregated,145.800000,0.400000,6400,8100,10000,12000,17000,21000,28000,30000,31000,33000,34000,59641,903,6400,7137.17874827389,31.846500001847744,33537.51289995853,4715.064552908234
1791144672,1000,,Aggregated,140.300000,0.400000,6300,8100,10000,12000,17000,21000,28000,30000,31000,33000,34000,59778,903,6300,7131.721741538749,31.846500001847744,33537.51289995853,4715.299642008766
1791144673,1000,,Aggregated,139.400000,0.300000,6300,8100,10000,12000,16000,21000,28000,30000,31000,33000,34000,59931,904,6300,7126.920083182362,31.846500001847744,33537.51289995853,4714.546211476531
1791144674,1000,,Aggregated,142.200000,0.300000,6300,8100,10000,12000,16000,21000,28000,30000,31000,33000,34000,60004,905,6300,7122.183889185757,31.846500001847744,33537.51289995853,4714.300813279115
1791144675,1000,,Aggregated,144.400000,0.100000,6300,8100,10000,12000,16000,21000,28000,30000,31000,33000,34000,60120,905,6300,7118.024854248212,31.846500001847744,33537.51289995853,4714.318163672655
1791144676,1000,,Aggregated,136.300000,0.300000,6300,8100,10000,12000,16000,21000,28000,30000,31000,33000,34000,60246,905,6300,7117.375756690951,31.846500001847744,33537.51289995853,4714.768017793713
1791144677,1000,,Aggregated,132.900000,0.300000,6300,8100,10000,12000,16000,21000,28000,30000,31000,33000,34000,60382,905,6300,7115.7144352108735,31.846500001847744,33537.51289995853,4715.933009837368
1791144678,1000,,Aggregated,129.200000,0.300000,6300,8100,10000,12000,16000,21000,28000,30000,31000,33000,34000,60505,905,6300,7111.363246006157,31.846500001847744,33537.51289995853,4716.303396413519
1791144679,1000,,Aggregated,122.000000,0.300000,6300,8100,10000,12000,16000,21000,28000,30000,31000,33000,34000,60610,905,6300,7106.244634750074,31.846500001847744,33537.51289995853,4716.264296320739
1791144680,1000,,Aggregated,124.200000,0.300000,6300,8100,10000,12000,16000,21000,28000,30000,31000,33000,34000,60699,906,6300,7104.366136120892,31.846500001847744,33537.51289995853,4716.034811117152
1791144681,1000,,Aggregated,119.800000,0.200000,6300,8100,10000,12000,16000,21000,28000,30000,31000,33000,34000,60870,907,6300,7104.109745818992,31.846500001847744,33537.51289995853,4715.800574995893
1791144682,1000,,Aggregated,118.900000,0.200000,6300,8100,10000,12000,16000,21000,28000,30000,31000,33000,34000,61072,907,6300,7103.588520767331,31.846500001847744,33537.51289995853,4716.09585407388
1791144683,1000,,Aggregated,118.500000,0.400000,6300,8100,10000,12000,16000,21000,28000,30000,31000,33000,34000,61231,908,6300,7101.479418226105,31.846500001847744,33537.51289995853,4716.351064003527
1791144684,1000,,Aggregated,127.300000,0.400000,6300,8100,10000,12000,16000,21000,28000,30000,31000,33000,34000,61410,908,6300,7095.95008476312,31.846500001847744,33537.51289995853,4716.242810617164
1791144685,1000,,Aggregated,129.900000,0.500000,6300,8100,10000,12000,16000,21000,28000,30000,31000,33000,34000,61590,909,6300,7092.1589166943295,31.846500001847744,33537.51289995853,4716.384201980841
1791144686,1000,,Aggregated,137.400000,0.300000,6300,8000,10000,12000,16000,21000,28000,30000,31000,33000,34000,61758,909,6300,7085.576764477537,31.846500001847744,33537.51289995853,4716.774830791152
1791144687,1000,,Aggregated,143.100000,0.400000,6300,8000,10000,12000,16000,21000,28000,30000,31000,33000,34000,61948,909,6300,7075.369979503838,31.846500001847744,33537.51289995853,4716.957528895203
1791144688,1000,,Aggregated,146.100000,0.400000,6300,8000,10000,12000,16000,21000,28000,30000,31000,33000,34000,62093,909,6300,7068.041563520889,31.846500001847744,33537.51289995853,4717.193822169971
1791144689,1000,,Aggregated,154.600000,0.400000,6300,8000,10000,12000,16000,21000,28000,30000,31000,33000,34000,62240,909,6300,7058.883510997802,31.846500001847744,33537.51289995853,4716.487949871465
1791144690,1000,,Aggregated,158.600000,0.400000,6300,8000,10000,12000,16000,21000,28000,30000,31000,33000,34000,62398,909,6300,7050.893179042652,31.846500001847744,33537.51289995853,4716.937097342863
1791144691,1000,,Aggregated,160.800000,0.400000,6300,8000,10000,12000,16000,21000,28000,30000,31000,33000,34000,62592,909,6300,7043.107305468801,31.846500001847744,33537.51289995853,4717.251997060327
1791144692,1000,,Aggregated,168.600000,0.400000,6300,8000,10000,12000,16000,21000,28000,30000,31000,33000,34000,62766,913,6300,7036.225284016878,31.846500001847744,33537.51289995853,4717.456106809419
1791144693,1000,,Aggregated,170.400000,0.200000,6200,8000,10000,12000,16000,21000,28000,30000,31000,33000,34000,62950,914,6200,7028.7500627038,31.846500001847744,33537.51289995853,4718.304638602065
1791144694,1000,,Aggregated,168.800000,0.400000,6200,8000,10000,12000,16000,21000,28000,30000,31000,33000,34000,63131,914,6200,7019.274583136722,31.846500001847744,33537.51289995853,4717.945050767452
1791144695,1000,,Aggregated,167.000000,0.500000,6200,8000,10000,12000,16000,21000,28000,30000,31000,33000,34000,63302,914,6200,7012.451041234142,31.846500001847744,33537.51289995853,4718.562272913968
1791144696,1000,,Aggregated,169.900000,0.600000,6200,8000,10000,12000,16000,21000,28000,30000,31000,33000,34000,63443,914,6200,7002.29180345669,31.846500001847744,33537.51289995853,4719.040808284602
1791144697,1000,,Aggregated,172.200000,0.500000,6200,7900,10000,12000,16000,21000,28000,30000,31000,33000,34000,63633,914,6200,6993.973574871575,31.846500001847744,33537.51289995853,4718.134678547294
1791144698,1000,,Aggregated,169.200000,0.500000,6200,7900,10000,12000,16000,21000,28000,30000,31000,33000,34000,63800,914,6200,6985.575530286856,31.846500001847744,33537.51289995853,4718.859043887147
1791144699,1000,,Aggregated,165.500000,0.500000,6200,7900,10000,12000,16000,21000,28000,30000,31000,33000,34000,63917,914,6200,6982.149335004802,31.846500001847744,33537.51289995853,4718.827291643851
1791144700,1000,,Aggregated,165.900000,0.500000,6200,7900,10000,12000,16000,21000,28000,30000,31000,33000,34000,64105,915,6200,6972.673271740134,31.846500001847744,33537.51289995853,4718.776990874347
1791144701,1000,,Aggregated,172.200000,0.500000,6200,7900,10000,12000,16000,21000,28000,30000,31000,33000,34000,64299,915,6200,6965.141260968304,31.846500001847744,33537.51289995853,4719.987480365169
1791144702,1000,,Aggregated,166.400000,0.500000,6200,7900,10000,11000,16000,21000,28000,30000,31000,33000,34000,64490,915,6200,6956.582273428454,31.846500001847744,33537.51289995853,4720.379624748023
1791144703,1000,,Aggregated,168.500000,0.600000,6200,7900,10000,11000,16000,21000,28000,30000,31000,33000,34000,64665,915,6200,6946.578685932132,31.846500001847744,33537.51289995853,4721.13504987242
1791144704,1000,,Aggregated,168.900000,0.400000,6200,7900,10000,11000,16000,21000,28000,30000,31000,33000,34000,64807,916,6200,6939.37753169413,31.846500001847744,33537.51289995853,4721.522705880538
1791144705,1000,,Aggregated,170.000000,0.200000,6200,7900,10000,11000,16000,21000,27000,30000,31000,33000,34000,65013,916,6200,6930.286520380555,31.846500001847744,33537.51289995853,4721.14212542107
1791144706,1000,,Aggregated,167.600000,0.200000,6200,7900,10000,11000,16000,21000,27000,30000,31000,33000,34000,65200,916,6200,6922.8009733451145,31.846500001847744,33537.51289995853,4721.596579754601
1791144707,1000,,Aggregated,165.700000,0.200000,6200,7900,10000,11000,16000,21000,27000,30000,31000,33000,34000,65349,916,6200,6915.58893197298,31.846500001847744,33537.51289995853,4722.486771029396
1791144708,1000,,Aggregated,172.100000,0.200000,6200,7900,10000,11000,16000,21000,27000,30000,31000,33000,34000,65494,916,6200,6911.081751039827,31.846500001847744,33537.51289995853,4722.349344978166
1791144709,1000,,Aggregated,172.700000,0.200000,6200,7900,10000,11000,16000,21000,27000,30000,31000,33000,34000,65654,916,6200,6906.079923039017,31.846500001847744,33537.51289995853,4722.824656532732
1791144710,1000,,Aggregated,169.200000,0.200000,6200,7900,10000,11000,16000,21000,27000,30000,31000,33000,34000,65795,917,6200,6899.652107301525,31.846500001847744,33537.51289995853,4722.668880614028
1791144711,1000,,Aggregated,167.400000,0.200000,6200,7900,10000,11000,16000,21000,27000,30000,31000,33000,34000,65942,917,6200,6891.159860259078,31.846500001847744,33537.51289995853,4723.6959449212945
1791144712,1000,,Aggregated,171.200000,0.200000,6100,7900,10000,11000,16000,21000,27000,30000,31000,33000,34000,66102,917,6100,6883.957029033987,31.846500001847744,33537.51289995853,4724.018849656592
1791144713,1000,,Aggregated,166.200000,0.200000,6100,7800,10000,11000,16000,21000,27000,30000,31000,33000,34000,66270,917,6100,6875.811461857624,31.846500001847744,33537.51289995853,4724.251471253961
1791144714,1000,,Aggregated,162.400000,0.200000,6100,7800,9900,11000,16000,21000,27000,30000,31000,33000,34000,66413,917,6100,6869.91724199336,31.846500001847744,33537.51289995853,4724.270022435367
1791144715,1000,,Aggregated,160.300000,0.200000,6100,7800,9900,11000,16000,21000,27000,30000,31000,33000,34000,66541,917,6100,6864.537736294997,31.846500001847744,33537.51289995853,4723.8711621406355
1791144716,1000,,Aggregated,158.800000,0.100000,6100,7800,9900,11000,16000,21000,27000,30000,31000,33000,34000,66721,917,6100,6858.129661968569,31.846500001847744,33537.51289995853,4723.347881476597
1791144717,1000,,Aggregated,159.100000,0.100000,6100,7800,9900,11000,16000,21000,27000,30000,31000,33000,34000,66873,917,6100,6853.27062731455,31.846500001847744,33537.51289995853,4723.640662150644
1791144718,1000,,Aggregated,150.000000,0.100000,6100,7800,9900,11000,16000,21000,27000,30000,31000,33000,34000,67005,917,6100,6849.626379322532,31.846500001847744,33537.51289995853,4724.2894410864865
1791144719,1000,,Aggregated,149.500000,0.100000,6100,7800,9900,11000,16000,21000,27000,30000,31000,33000,34000,67159,917,6100,6845.928744180307,31.846500001847744,33537.51289995853,4724.843088789291
1791144720,1000,,Aggregated,151.500000,0.100000,6100,7800,9900,11000,16000,21000,27000,30000,31000,33000,34000,67287,917,6100,6840.603111263758,31.846500001847744,33537.51289995853,4725.185593056608
1791144721,1000,,Aggregated,150.100000,0.100000,6100,7800,9900,11000,16000,21000,27000,30000,31000,33000,34000,67428,917,6100,6837.082745800038,31.846500001847744,33537.51289995853,4725.3786260900515
1791144722,1000,,Aggregated,146.500000,0.100000,6100,7800,9900,11000,16000,21000,27000,30000,31000,33000,34000,67625,917,6100,6832.864739018194,31.846500001847744,33537.51289995853,4725.148983364141
1791144723,1000,,Aggregated,147.500000,0.000000,6100,7800,9800,11000,16000,21000,27000,30000,31000,33000,34000,67799,917,6100,6827.673125341161,31.846500001847744,33537.51289995853,4725.202997094352
1791144724,1000,,Aggregated,148.100000,0.000000,6100,7800,9800,11000,16000,21000,27000,30000,31000,33000,34000,67949,917,6100,6820.940459559456,31.846500001847744,33537.51289995853,4724.915730915834
1791144725,1000,,Aggregated,151.100000,0.000000,6100,7800,9800,11000,16000,21000,27000,30000,31000,33000,34000,68122,917,6100,6816.110223061648,31.846500001847744,33537.51289995853,4724.535774052435
1791144726,1000,,Aggregated,154.600000,0.000000,6100,7800,9800,11000,16000,21000,27000,30000,31000,33000,34000,68300,917,6100,6808.558138087938,31.846500001847744,33537.51289995853,4725.000512445095
1791144727,1000,,Aggregated,151.000000,0.000000,6000,7800,9800,11000,16000,21000,27000,30000,31000,33000,34000,68462,917,6000,6800.731156058934,31.846500001847744,33537.51289995853,4725.047398556863
1791144728,1000,,Aggregated,157.000000,0.000000,6000,7800,9800,11000,16000,21000,27000,30000,31000,33000,34000,68566,917,6000,6797.179109797969,31.846500001847744,33537.51289995853,4725.21105212496
1791144729,1000,,Aggregated,157.800000,0.000000,6000,7800,9800,11000,16000,21000,27000,30000,31000,33000,34000,68680,917,6000,6793.525536195514,31.846500001847744,33537.51289995853,4725.3843185789165
1791144730,1000,,Aggregated,156.400000,0.000000,6000,7800,9700,11000,16000,21000,27000,30000,31000,33000,34000,68787,917,6000,6789.351219841067,31.846500001847744,33537.51289995853,4725.209807085641
1791144731,1000,,Aggregated,153.700000,0.000000,6000,7800,9700,11000,16000,21000,27000,30000,31000,33000,34000,68913,917,6000,6786.914728662334,31.846500001847744,33537.51289995853,4725.54623946135
1791144732,1000,,Aggregated,150.800000,0.000000,6000,7800,9700,11000,16000,21000,27000,30000,31000,33000,34000,68981,917,6000,6785.588364907839,31.846500001847744,33537.51289995853,4725.820428813731
1791144733,1000,,Aggregated,148.000000,0.000000,6000,7800,9700,11000,16000,21000,27000,30000,31000,33000,34000,69069,917,6000,6784.3668581275,31.846500001847744,33537.51289995853,4726.013638535378
1791144734,1000,,Aggregated,144.300000,0.000000,6000,7800,9700,11000,16000,21000,27000,30000,31000,33000,34000,69197,917,6000,6784.723396585214,31.846500001847744,33537.51289995853,4726.3393933263005
1791144735,1000,,Aggregated,131.100000,0.000000,6000,7800,9700,11000,16000,21000,27000,30000,31000,33000,34000,69320,917,6000,6782.75824600414,31.846500001847744,33537.51289995853,4726.2644402769765
1791144736,1000,,Aggregated,123.200000,0.000000,6000,7800,9700,11000,16000,21000,27000,30000,31000,33000,34000,69404,917,6000,6783.354423998729,31.846500001847744,33537.51289995853,4726.444729410408
1791144737,1000,,Aggregated,122.600000,0.000000,6000,7800,9700,11000,16000,21000,27000,30000,31000,33000,34000,69547,917,6000,6781.667081894374,31.846500001847744,33537.51289995853,4727.084992882511
1791144738,1000,,Aggregated,117.400000,0.000000,6000,7800,9700,11000,16000,21000,27000,30000,31000,33000,34000,69680,917,6000,6781.223551590235,31.846500001847744,33537.51289995853,4727.547660734787
1791144739,1000,,Aggregated,109.200000,0.000000,6000,7800,9700,11000,16000,21000,27000,30000,31000,33000,34000,69790,917,6000,6779.162625125488,31.846500001847744,33537.51289995853,4727.815976500931
1791144740,1000,,Aggregated,108.300000,0.000000,6100,7800,9700,11000,16000,21000,27000,30000,31000,33000,34000,69917,918,6100,6778.190975083431,31.846500001847744,33537.51289995853,4727.917416365119
1791144741,1000,,Aggregated,110.600000,0.000000,6100,7800,9700,11000,16000,21000,27000,30000,31000,33000,34000,70060,919,6100,6778.6048618542345,31.846500001847744,33537.51289995853,4727.972295175564
1791144742,1000,,Aggregated,111.100000,0.000000,6100,7800,9700,11000,16000,21000,27000,30000,31000,33000,34000,70198,919,6100,6777.362072668846,31.846500001847744,33537.51289995853,4727.945283341406
1791144743,1000,,Aggregated,112.100000,0.100000,6100,7800,9700,11000,16000,21000,27000,30000,31000,33000,34000,70311,919,6100,6775.904414188501,31.846500001847744,33537.51289995853,4728.10654093954
1791144744,1000,,Aggregated,115.200000,0.200000,6100,7800,9700,11000,16000,20000,27000,30000,31000,33000,34000,70512,919,6000,6773.7183056728945,31.846500001847744,33537.51289995853,4727.69015203086
1791144745,1000,,Aggregated,122.500000,0.200000,6000,7800,9700,11000,16000,20000,27000,30000,31000,33000,34000,70669,920,6000,6771.347441903896,31.846500001847744,33537.51289995853,4728.224200144335
1791144746,1000,,Aggregated,123.800000,0.200000,6000,7800,9700,11000,16000,20000,27000,30000,31000,33000,34000,70833,920,6000,6767.690446386654,31.846500001847744,33537.51289995853,4728.271215393955
1791144747,1000,,Aggregated,131.000000,0.200000,6000,7700,9700,11000,16000,20000,27000,30000,31000,33000,34000,71012,920,6000,6760.610870126266,31.846500001847744,33537.51289995853,4728.123035543288
1791144748,1000,,Aggregated,134.000000,0.300000,6000,7700,9700,11000,16000,20000,27000,30000,31000,33000,34000,71182,920,6000,6759.2480788571165,31.846500001847744,33537.51289995853,4728.39122250007
1791144749,1000,,Aggregated,142.200000,0.300000,6000,7700,9700,11000,16000,20000,27000,30000,31000,33000,34000,71342,920,6000,6754.662261820625,31.846500001847744,33537.51289995853,4728.901740909983
1791144750,1000,,Aggregated,146.000000,0.300000,6000,7700,9700,11000,16000,20000,27000,30000,31000,33000,34000,71507,921,6000,6748.638760202592,31.846500001847744,33537.51289995853,4728.3488469660315
1791144751,1000,,Aggregated,148.400000,0.300000,6000,7700,9700,11000,16000,20000,27000,30000,31000,33000,34000,71696,921,6000,6740.975276920703,31.846500001847744,33537.51289995853,4728.579348917652
1791144752,1000,,Aggregated,154.700000,0.300000,6000,7700,9700,11000,16000,20000,27000,30000,31000,33000,34000,71867,921,6000,6735.041336023578,31.846500001847744,33537.51289995853,4728.370309043094
1791144753,1000,,Aggregated,158.900000,0.300000,6000,7700,9700,11000,16000,20000,27000,30000,31000,33000,34000,71994,921,6000,6729.648818766923,31.846500001847744,33537.51289995853,4727.688460149457
1791144754,1000,,Aggregated,161.500000,0.200000,6000,7700,9600,11000,16000,20000,27000,30000,31000,33000,34000,72163,922,6000,6722.658326652243,31.846500001847744,33537.51289995853,4727.959993348391
1791144755,1000,,Aggregated,166.100000,0.200000,6000,7700,9600,11000,15000,20000,27000,30000,31000,33000,34000,72347,923,6000,6720.332300797638,31.846500001847744,33537.51289995853,4728.210305886906
1791144756,1000,,Aggregated,167.200000,0.200000,5900,7700,9600,11000,15000,20000,27000,30000,31000,33000,34000,72509,923,5900,6715.272315287858,31.846500001847744,33537.51289995853,4728.385372850267
1791144757,1000,,Aggregated,164.000000,0.300000,5900,7700,9600,11000,15000,20000,27000,30000,31000,33000,34000,72687,923,5900,6709.531009425453,31.846500001847744,33537.51289995853,4728.539945244679
1791144758,1000,,Aggregated,166.700000,0.300000,5900,7700,9600,11000,15000,20000,27000,30000,31000,33000,34000,72849,923,5900,6703.779257414764,31.846500001847744,33537.51289995853,4728.3238479594775
1791144759,1000,,Aggregated,166.200000,0.300000,5900,7700,9600,11000,15000,20000,27000,30000,31000,33000,34000,73046,923,5900,6697.385230100302,31.846500001847744,33537.51289995853,4728.7896257153025
1791144760,1000,,Aggregated,166.100000,0.300000,5900,7700,9600,11000,15000,20000,27000,30000,31000,33000,34000,73237,923,5900,6689.581226673776,31.846500001847744,33537.51289995853,4729.182162021929
1791144762,1000,,Aggregated,165.900000,0.300000,5900,7700,9600,11000,15000,20000,27000,30000,31000,33000,34000,73422,923,5900,6681.493453289311,31.846500001847744,33537.51289995853,4728.704679796247
1791144763,1000,,Aggregated,171.100000,0.200000,5900,7700,9600,11000,15000,20000,27000,30000,31000,33000,34000,73600,923,5900,6672.295107746025,31.846500001847744,33537.51289995853,4729.220244565217
1791144764,1000,,Aggregated,172.000000,0.200000,5900,7700,9500,11000,15000,20000,27000,30000,31000,33000,34000,73784,923,5900,6664.930828744815,31.846500001847744,33537.51289995853,4728.949718096064
1791144765,1000,,Aggregated,171.700000,0.200000,5900,7700,9500,11000,15000,20000,27000,30000,31000,33000,34000,73961,925,5900,6658.016777220529,31.846500001847744,33537.51289995853,4729.134854855937
1791144766,1000,,Aggregated,178.000000,0.200000,5900,7700,9500,11000,15000,20000,27000,30000,31000,33000,34000,74133,925,5900,6651.001996471312,31.846500001847744,33537.51289995853,4729.825165580781
1791144767,1000,,Aggregated,178.200000,0.300000,5900,7700,9500,11000,15000,20000,27000,30000,31000,33000,34000,74320,925,5900,6643.618534344824,31.846500001847744,33537.51289995853,4730.05892088267
1791144768,1000,,Aggregated,177.300000,0.200000,5900,7700,9500,11000,15000,20000,27000,30000,31000,33000,34000,74489,925,5900,6636.606535483193,31.846500001847744,33537.51289995853,4730.554430855563
1791144769,1000,,Aggregated,179.700000,0.200000,5900,7700,9500,11000,15000,20000,27000,30000,31000,33000,34000,74637,925,5900,6630.068138274683,31.846500001847744,33537.51289995853,4730.974798022428
1791144770,1000,,Aggregated,179.500000,0.200000,5800,7600,9500,11000,15000,20000,27000,30000,31000,33000,34000,74769,925,5800,6624.747477191199,31.846500001847744,33537.51289995853,4731.449798713371
1791144771,1000,,Aggregated,177.500000,0.200000,5800,7600,9400,11000,15000,20000,27000,30000,31000,33000,34000,74979,925,5800,6618.079847408076,31.846500001847744,33537.51289995853,4731.540804758666
1791144772,1000,,Aggregated,170.300000,0.200000,5800,7600,9400,11000,15000,20000,27000,30000,31000,33000,34000,75156,926,5800,6611.185098020256,31.846500001847744,33537.51289995853,4731.398091968705
1791144773,1000,,Aggregated,172.700000,0.200000,5800,7600,9400,11000,15000,20000,27000,30000,31000,33000,34000,75349,926,5800,6603.528936604459,31.846500001847744,33537.51289995853,4731.65450105509
1791144774,1000,,Aggregated,172.000000,0.300000,5800,7600,9400,11000,15000,20000,27000,30000,31000,33000,34000,75518,926,5800,6594.863502984835,31.846500001847744,33537.51289995853,4731.70436187399
1791144775,1000,,Aggregated,174.300000,0.300000,5800,7600,9400,11000,15000,20000,27000,30000,31000,33000,34000,75687,926,5800,6590.274344746254,31.846500001847744,33537.51289995853,4732.298532112516
1791144776,1000,,Aggregated,171.200000,0.300000,5800,7600,9400,11000,15000,20000,27000,30000,31000,33000,34000,75882,926,5800,6583.276737861546,31.846500001847744,33537.51289995853,4732.1241664689915
1791144777,1000,,Aggregated,171.400000,0.100000,5800,7600,9400,11000,15000,20000,27000,30000,31000,33000,34000,76045,926,5800,6576.6359932028445,31.846500001847744,33537.51289995853,4732.301229535144
1791144778,1000,,Aggregated,173.300000,0.100000,5800,7600,9400,11000,15000,20000,27000,30000,31000,33000,34000,76174,926,5800,6572.660938632741,31.846500001847744,33537.51289995853,4732.283246252002
1791144779,1000,,Aggregated,171.100000,0.100000,5800,7600,9300,11000,15000,20000,27000,30000,31000,33000,34000,76327,926,5800,6566.789172895717,31.846500001847744,33537.51289995853,4732.243229787624
1791144780,1000,,Aggregated,168.000000,0.100000,5800,7600,9300,11000,15000,20000,27000,30000,31000,33000,34000,76494,926,5800,6561.8368032866765,31.846500001847744,33537.51289995853,4732.6278662378745
1791144781,1000,,Aggregated,168.500000,0.100000,5800,7600,9300,11000,15000,20000,27000,30000,31000,33000,34000,76645,926,5800,6557.455273347398,31.846500001847744,33537.51289995853,4732.879639898232
1791144782,1000,,Aggregated,172.600000,0.100000,5800,7600,9300,11000,15000,20000,27000,30000,31000,33000,34000,76766,926,5800,6553.45836358037,31.846500001847744,33537.51289995853,4733.069731391502
1791144783,1000,,Aggregated,166.900000,0.100000,5800,7600,9300,11000,15000,20000,27000,30000,31000,33000,34000,76932,926,5800,6547.330367869167,31.846500001847744,33537.51289995853,4733.532522227421
1791144784,1000,,Aggregated,159.900000,0.000000,5800,7600,9300,11000,15000,20000,27000,30000,31000,33000,34000,77118,926,5800,6542.414793060126,31.846500001847744,33537.51289995853,4733.515664306647
1791144785,1000,,Aggregated,156.100000,0.000000,5800,7600,9300,11000,15000,20000,27000,30000,31000,33000,34000,77265,926,5800,6538.995207611601,31.846500001847744,33537.51289995853,4733.45086390992
1791144786,1000,,Aggregated,158.900000,0.000000,5700,7600,9300,11000,15000,20000,27000,30000,31000,33000,34000,77425,926,5700,6533.591236968817,31.846500001847744,33537.51289995853,4733.449325153374
1791144787,1000,,Aggregated,156.000000,0.000000,5700,7600,9300,11000,15000,20000,26000,30000,31000,33000,34000,77562,926,5700,6529.447993427346,31.846500001847744,33537.51289995853,4733.271228178747
1791144788,1000,,Aggregated,152.700000,0.000000,5700,7600,9300,11000,15000,20000,26000,30000,31000,33000,34000,77687,926,5700,6526.994989254459,31.846500001847744,33537.51289995853,4733.371400620438
1791144789,1000,,Aggregated,151.400000,0.000000,5700,7600,9300,11000,15000,20000,26000,30000,31000,33000,34000,77848,926,5700,6524.674100002717,31.846500001847744,33537.51289995853,4732.546513719042
1791144790,1000,,Aggregated,148.900000,0.000000,5700,7600,9200,11000,15000,20000,26000,30000,31000,33000,34000,77999,926,5700,6520.060696898822,31.846500001847744,33537.51289995853,4733.20732317081
1791144791,1000,,Aggregated,152.300000,0.000000,5700,7600,9200,11000,15000,20000,26000,30000,31000,33000,34000,78106,926,5700,6518.364804303271,31.846500001847744,33537.51289995853,4733.186810232249
1791144792,1000,,Aggregated,148.800000,0.000000,5700,7600,9200,11000,15000,20000,26000,30000,31000,33000,34000,78134,926,5700,6516.768112189461,31.846500001847744,33537.51289995853,4733.21573194768
1791144793,1000,,Aggregated,145.000000,0.000000,5700,7600,9200,11000,15000,20000,26000,30000,31000,33000,34000,78188,926,5700,6514.644443380214,31.846500001847744,33537.51289995853,4733.27655138896
1791144794,1000,,Aggregated,138.500000,0.000000,5700,7600,9200,11000,15000,20000,26000,30000,31000,33000,34000,78249,926,5700,6515.006586517565,31.846500001847744,33537.51289995853,4733.235223453335
1791144795,1000,,Aggregated,127.300000,0.000000,5700,7600,9200,11000,15000,20000,26000,30000,31000,33000,34000,78323,926,5700,6514.359620183251,31.846500001847744,33537.51289995853,4733.356076759062
1791144796,1000,,Aggregated,114.900000,0.000000,5700,7600,9200,11000,15000,20000,26000,30000,31000,33000,34000,78440,926,5700,6516.235156941775,31.846500001847744,33537.51289995853,4733.4665094339625
1791144797,1000,,Aggregated,106.600000,0.000000,5700,7600,9200,11000,15000,20000,26000,30000,31000,33000,34000,78545,926,5700,6518.718602980613,31.846500001847744,33537.51289995853,4733.525813228086
1791144798,1000,,Aggregated,100.400000,0.000000,5700,7600,9200,11000,15000,20000,26000,30000,31000,33000,34000,78583,926,5700,6517.6817954151975,31.846500001847744,33537.51289995853,4733.6400875507425
1791144799,1000,,Aggregated,96.600000,0.000000,5700,7600,9200,11000,15000,20000,26000,30000,31000,33000,34000,78642,928,5700,6517.943775116515,31.846500001847744,33537.51289995853,4733.826301467409
1791144800,1000,,Aggregated,91.500000,0.000000,5700,7600,9200,11000,15000,20000,26000,30000,31000,33000,34000,78690,928,5700,6517.88384347583,31.846500001847744,33537.51289995853,4733.73827678231
1791144801,1000,,Aggregated,77.400000,0.000000,5700,7600,9200,11000,15000,20000,26000,30000,31000,33000,34000,78728,928,5700,6517.344141296783,31.846500001847744,33537.51289995853,4733.70617823392
1791144802,1000,,Aggregated,69.600000,0.200000,5700,7600,9300,11000,15000,20000,26000,30000,31000,33000,34000,78808,929,5700,6521.136352027876,31.846500001847744,33537.51289995853,4733.35653740737
1791144803,1000,,Aggregated,62.200000,0.200000,5700,7600,9300,11000,15000,20000,26000,30000,31000,33000,34000,78981,929,5700,6531.204650404709,31.846500001847744,33537.51289995853,4733.5093123662655
1791144804,1000,,Aggregated,62.700000,0.200000,5700,7600,9300,11000,15000,20000,26000,30000,31000,33000,34000,79126,929,5700,6539.697805897099,31.846500001847744,33537.51289995853,4734.285721507469
1791144805,1000,,Aggregated,67.600000,0.300000,5700,7600,9400,11000,15000,20000,26000,30000,31000,33000,34000,79276,930,5700,6544.026509487265,31.846500001847744,33537.51289995853,4734.423835713204
1791144806,1000,,Aggregated,78.700000,0.300000,5700,7600,9400,11000,15000,20000,26000,30000,31000,33000,34000,79384,934,5700,6547.38941451064,31.846500001847744,33537.51289995853,4734.445706943465
1791144807,1000,,Aggregated,87.500000,0.400000,5700,7600,9400,11000,15000,20000,26000,30000,31000,33000,34000,79461,934,5700,6545.927925715922,31.846500001847744,33537.51289995853,4734.25944803111
1791144808,1000,,Aggregated,90.600000,0.400000,5800,7600,9400,11000,15000,20000,26000,30000,31000,33000,34000,79551,938,5800,6549.919101692162,31.846500001847744,33537.51289995853,4734.242020841975
1791144809,1000,,Aggregated,89.900000,0.800000,5800,7600,9400,11000,15000,20000,26000,30000,31000,33000,34000,79735,940,5800,6556.405548864525,31.846500001847744,33537.51289995853,4733.947400765034
1791144810,1000,,Aggregated,89.000000,0.800000,5800,7600,9400,11000,15000,20000,26000,30000,31000,33000,34000,79879,944,5800,6560.835667607409,31.846500001847744,33537.51289995853,4733.884575420323
1791144811,1000,,Aggregated,97.700000,1.300000,5800,7600,9400,11000,15000,20000,26000,30000,31000,33000,34000,80050,944,5800,6562.039665027012,31.846500001847744,33537.51289995853,4734.216914428483
1791144812,1000,,Aggregated,110.900000,1.200000,5700,7600,9400,11000,15000,20000,26000,30000,31000,33000,34000,80203,945,5700,6560.996538203201,31.846500001847744,33537.51289995853,4734.035983691383
1791144813,1000,,Aggregated,121.300000,1.600000,5700,7600,9400,11000,15000,20000,26000,30000,31000,33000,34000,80328,946,5700,6557.941297012388,31.846500001847744,33537.51289995853,4733.892316502341
1791144814,1000,,Aggregated,132.700000,1.600000,5700,7600,9400,11000,15000,20000,26000,30000,31000,33000,34000,80406,946,5700,6559.134619353178,31.846500001847744,33537.51289995853,4734.022137651419
1791144815,1000,,Aggregated,137.600000,1.600000,5700,7600,9400,11000,15000,20000,26000,30000,31000,33000,34000,80440,946,5700,6558.982669496669,31.846500001847744,33537.51289995853,4734.128704624565
1791144816,1000,,Aggregated,133.000000,1.700000,5700,7600,9400,11000,15000,20000,26000,30000,31000,33000,34000,80595,948,5700,6562.477352744127,31.846500001847744,33537.51289995853,4734.094534400397
1791144817,1000,,Aggregated,123.700000,1.600000,5700,7600,9400,11000,15000,20000,26000,30000,31000,33000,34000,80738,948,5700,6560.721220457692,31.846500001847744,33537.51289995853,4734.291312640888
1791144818,1000,,Aggregated,115.300000,1.700000,5800,7600,9400,11000,15000,20000,26000,30000,31000,33000,34000,80875,948,5800,6559.259285523508,31.846500001847744,33537.51289995853,4734.373922720248
1791144819,1000,,Aggregated,120.900000,1.400000,5800,7600,9300,11000,15000,20000,26000,30000,31000,33000,34000,81006,951,5800,6556.651858323017,31.846500001847744,33537.51289995853,4734.430276769622
1791144820,1000,,Aggregated,130.400000,1.400000,5800,7600,9300,11000,15000,20000,26000,30000,31000,33000,34000,81088,955,5800,6557.15172182955,31.846500001847744,33537.51289995853,4734.2133731254935
1791144821,1000,,Aggregated,131.000000,0.900000,5800,7600,9300,11000,15000,20000,26000,30000,31000,33000,34000,81207,957,5800,6554.759980797408,31.846500001847744,33537.51289995853,4734.034295073085
1791144822,1000,,Aggregated,124.600000,1.100000,5800,7600,9300,11000,15000,20000,26000,30000,31000,33000,34000,81348,958,5800,6555.580541940978,31.846500001847744,33537.51289995853,4734.522704922063
1791144823,1000,,Aggregated,118.600000,1.200000,5800,7600,9300,11000,15000,20000,26000,30000,31000,33000,34000,81467,958,5800,6556.390530297111,31.846500001847744,33537.51289995853,4734.761707194324
1791144824,1000,,Aggregated,114.700000,1.400000,5800,7600,9300,11000,15000,20000,26000,30000,31000,33000,34000,81612,958,5800,6555.69869026876,31.846500001847744,33537.51289995853,4735.0058447287165
1791144825,1000,,Aggregated,113.600000,1.300000,5800,7600,9300,11000,15000,20000,26000,30000,31000,33000,34000,81759,958,5800,6553.921695184802,31.846500001847744,33537.51289995853,4734.668281167823
1791144826,1000,,Aggregated,113.200000,1.200000,5800,7600,9300,11000,15000,20000,26000,30000,31000,33000,34000,81895,959,5800,6553.374842207884,31.846500001847744,33537.51289995853,4734.839770437756
1791144827,1000,,Aggregated,121.400000,1.200000,5800,7600,9300,11000,15000,20000,26000,30000,31000,33000,34000,81957,959,5800,6551.927376358519,31.846500001847744,33537.51289995853,4734.532608563027
1791144828,1000,,Aggregated,131.400000,1.100000,5800,7600,9300,11000,15000,20000,26000,30000,31000,33000,34000,81974,960,5800,6551.151376040148,31.846500001847744,33537.51289995853,4734.5186400566035
1791144829,1000,,Aggregated,128.900000,1.100000,5800,7600,9300,11000,15000,20000,26000,30000,31000,33000,34000,82137,960,5800,6552.857133689028,31.846500001847744,33537.51289995853,4734.742576427188
1791144830,1000,,Aggregated,119.200000,1.100000,5800,7600,9300,11000,15000,20000,26000,30000,31000,33000,34000,82286,961,5800,6556.501348962343,31.846500001847744,33537.51289995853,4734.976447998444
1791144831,1000,,Aggregated,107.900000,1.200000,5800,7600,9300,11000,15000,20000,26000,30000,31000,33000,34000,82458,961,5800,6557.388509721509,31.846500001847744,33537.51289995853,4734.806932013874
1791144832,1000,,Aggregated,111.900000,0.900000,5800,7600,9300,11000,15000,20000,26000,30000,31000,33000,34000,82648,961,5800,6555.7005511714115,31.846500001847744,33537.51289995853,4734.855991675539
1791144834,1000,,Aggregated,118.500000,0.500000,5800,7600,9300,11000,15000,20000,26000,30000,31000,33000,34000,82736,961,5800,6555.426776233014,31.846500001847744,33537.51289995853,4734.718236317927
1791144835,1000,,Aggregated,123.400000,0.300000,5800,7600,9300,11000,15000,20000,26000,30000,31000,33000,34000,82884,961,5800,6552.2729095907025,31.846500001847744,33537.51289995853,4734.836132426041
1791144836,1000,,Aggregated,125.400000,0.300000,5800,7600,9300,11000,15000,20000,26000,30000,31000,33000,34000,83001,961,5800,6550.081911214514,31.846500001847744,33537.51289995853,4734.908470982277
1791144837,1000,,Aggregated,126.200000,0.300000,5800,7600,9300,11000,15000,20000,26000,30000,31000,33000,34000,83131,962,5800,6550.2498924651,31.846500001847744,33537.51289995853,4735.253046396651
1791144838,1000,,Aggregated,123.300000,0.300000,5800,7600,9300,11000,15000,20000,26000,30000,31000,33000,34000,83273,963,5800,6549.273203653225,31.846500001847744,33537.51289995853,4734.743710446363
1791144839,1000,,Aggregated,122.200000,0.300000,5800,7600,9300,11000,15000,20000,26000,30000,31000,33000,34000,83397,964,5800,6544.96190584452,31.846500001847744,33537.51289995853,4734.811791791071
1791144840,1000,,Aggregated,131.500000,0.400000,5800,7600,9300,11000,15000,20000,26000,30000,31000,33000,34000,83514,965,5800,6543.038361010311,31.846500001847744,33537.51289995853,4734.974028306631
1791144841,1000,,Aggregated,141.400000,0.400000,5800,7500,9300,11000,15000,20000,26000,30000,31000,33000,34000,83646,965,5800,6541.15881243353,31.846500001847744,33537.51289995853,4735.220261578557
1791144842,1000,,Aggregated,136.400000,0.500000,5800,7500,9300,11000,15000,20000,26000,30000,31000,33000,34000,83820,965,5800,6540.995879975136,31.846500001847744,33537.51289995853,4735.195323311858
1791144843,1000,,Aggregated,134.700000,0.400000,5800,7500,9300,11000,15000,20000,26000,30000,31000,33000,34000,83987,965,5800,6538.116925695835,31.846500001847744,33537.51289995853,4735.2606236679485
1791144844,1000,,Aggregated,134.600000,0.400000,5800,7500,9300,11000,15000,20000,26000,30000,31000,33000,34000,84156,965,5800,6535.752775366165,31.846500001847744,33537.51289995853,4735.1411664052475
1791144845,1000,,Aggregated,132.600000,0.400000,5800,7500,9300,11000,15000,20000,26000,30000,31000,33000,34000,84278,966,5800,6530.471716830186,31.846500001847744,33537.51289995853,4734.573328745343
1791144846,1000,,Aggregated,141.000000,0.400000,5800,7500,9300,11000,15000,20000,26000,30000,31000,33000,34000,84412,966,5800,6527.141782317831,31.846500001847744,33537.51289995853,4734.621511159551
1791144847,1000,,Aggregated,137.700000,0.500000,5800,7500,9300,11000,15000,20000,26000,30000,31000,33000,34000,84592,966,5800,6526.333751158671,31.846500001847744,33537.51289995853,4735.099690278041
1791144848,1000,,Aggregated,139.900000,0.500000,5800,7500,9300,11000,15000,20000,26000,30000,31000,33000,34000,84779,966,5800,6522.669160633107,31.846500001847744,33537.51289995853,4734.906368322344
1791144849,1000,,Aggregated,144.700000,0.400000,5800,7500,9300,11000,15000,20000,26000,30000,31000,33000,34000,84881,966,5800,6519.606024916225,31.846500001847744,33537.51289995853,4734.747599580589
1791144850,1000,,Aggregated,149.200000,0.300000,5700,7500,9300,11000,15000,20000,26000,30000,31000,33000,34000,85066,966,5700,6514.380743183102,31.846500001847744,33537.51289995853,4734.994862812405
1791144851,1000,,Aggregated,147.200000,0.200000,5700,7500,9300,11000,15000,20000,26000,30000,31000,33000,34000,85256,966,5700,6512.109700505693,31.846500001847744,33537.51289995853,4735.2173923242935
1791144852,1000,,Aggregated,153.800000,0.100000,5700,7500,9300,11000,15000,20000,26000,30000,31000,33000,34000,85400,966,5700,6507.318053153533,31.846500001847744,33537.51289995853,4734.967552693209
1791144853,1000,,Aggregated,159.000000,0.100000,5700,7500,9300,11000,15000,20000,26000,30000,31000,33000,34000,85547,967,5700,6502.091195777878,31.846500001847744,33537.51289995853,4734.9904263153585
1791144854,1000,,Aggregated,157.400000,0.100000,5700,7500,9300,11000,15000,20000,26000,30000,31000,33000,34000,85677,967,5700,6501.13795783246,31.846500001847744,33537.51289995853,4735.531402826897
1791144855,1000,,Aggregated,154.600000,0.200000,5700,7500,9200,11000,15000,20000,26000,30000,31000,33000,34000,85840,967,5700,6500.17679576667,31.846500001847744,33537.51289995853,4734.977329916123
1791144856,1000,,Aggregated,149.800000,0.200000,5700,7500,9200,11000,15000,20000,26000,30000,31000,33000,34000,86004,967,5700,6497.233666164495,31.846500001847744,33537.51289995853,4735.326135993675
1791144857,1000,,Aggregated,154.600000,0.100000,5700,7500,9200,11000,15000,20000,26000,30000,31000,33000,34000,86139,967,5700,6495.286748720205,31.846500001847744,33537.51289995853,4735.365142386143
1791144858,1000,,Aggregated,156.800000,0.100000,5700,7500,9200,11000,15000,20000,26000,30000,31000,33000,34000,86260,967,5700,6491.402862280432,31.846500001847744,33537.51289995853,4735.455970322281
1791144859,1000,,Aggregated,153.900000,0.100000,5700,7500,9200,11000,15000,20000,26000,30000,31000,33000,34000,86382,968,5700,6487.337491640727,31.846500001847744,33537.51289995853,4735.903868861568
1791144860,1000,,Aggregated,148.000000,0.100000,5700,7500,9200,11000,15000,20000,26000,30000,31000,33000,34000,86428,968,5700,6484.811387655737,31.846500001847744,33537.51289995853,4735.88920257324
1791144861,1000,,Aggregated,151.700000,0.200000,5700,7500,9200,11000,15000,20000,26000,30000,31000,33000,34000,86482,968,5700,6484.066260600013,31.846500001847744,33537.51289995853,4735.67958650355
1791144862,1000,,Aggregated,138.300000,0.200000,5700,7500,9200,11000,15000,20000,26000,30000,31000,33000,34000,86654,968,5700,6487.318269873403,31.846500001847744,33537.51289995853,4736.170863433887
1791144863,1000,,Aggregated,121.500000,0.200000,5700,7500,9200,11000,15000,20000,26000,30000,31000,33000,34000,86853,968,5700,6488.354336396096,31.846500001847744,33537.51289995853,4736.277042819476
1791144864,1000,,Aggregated,122.300000,0.200000,5700,7500,9200,11000,15000,20000,26000,30000,31000,33000,34000,86951,968,5700,6487.158246498721,31.846500001847744,33537.51289995853,4736.404595691826
1791144865,1000,,Aggregated,129.400000,0.100000,5700,7500,9200,11000,15000,20000,26000,30000,31000,33000,34000,87053,970,5700,6484.498160158887,31.846500001847744,33537.51289995853,4736.5834376758985
1791144866,1000,,Aggregated,129.000000,0.100000,5700,7500,9200,11000,15000,20000,26000,30000,31000,33000,34000,87202,970,5700,6482.2514511377285,31.846500001847744,33537.51289995853,4736.924348065411
1791144867,1000,,Aggregated,121.400000,0.300000,5700,7500,9200,11000,15000,20000,26000,30000,31000,33000,34000,87354,970,5700,6480.898338749363,31.846500001847744,33537.51289995853,4737.270954964855
1791144868,1000,,Aggregated,120.100000,0.300000,5700,7500,9200,11000,15000,20000,26000,30000,31000,33000,34000,87462,970,5700,6479.83503560989,31.846500001847744,33537.51289995853,4737.311026502938
1791144869,1000,,Aggregated,119.300000,0.300000,5700,7500,9200,11000,15000,20000,26000,30000,31000,33000,34000,87621,970,5700,6476.83723605656,31.846500001847744,33537.51289995853,4737.071318519533
1791144870,1000,,Aggregated,118.900000,0.300000,5700,7500,9200,11000,15000,20000,26000,30000,31000,33000,34000,87779,972,5700,6474.665987492587,31.846500001847744,33537.51289995853,4737.169641941695
1791144871,1000,,Aggregated,119.200000,0.200000,5700,7500,9200,11000,15000,20000,26000,30000,31000,33000,34000,87848,972,5700,6473.413753385521,31.846500001847744,33537.51289995853,4737.233687733357
1791144872,1000,,Aggregated,130.700000,0.300000,5700,7500,9200,11000,15000,20000,26000,30000,31000,33000,34000,87957,972,5700,6474.688812053747,31.846500001847744,33537.51289995853,4737.813215548506
1791144873,1000,,Aggregated,138.200000,0.400000,5700,7500,9200,11000,15000,20000,26000,30000,31000,33000,34000,88070,972,5700,6473.712898525161,31.846500001847744,33537.51289995853,4738.07642784149
1791144874,1000,,Aggregated,130.200000,0.400000,5700,7500,9200,11000,15000,20000,26000,30000,31000,33000,34000,88220,972,5700,6472.947143911936,31.846500001847744,33537.51289995853,4738.059816368171
1791144875,1000,,Aggregated,121.600000,0.400000,5700,7500,9200,11000,15000,20000,26000,30000,31000,33000,34000,88329,974,5700,6474.460813334367,31.846500001847744,33537.51289995853,4738.468566382502
1791144876,1000,,Aggregated,124.600000,0.400000,5700,7500,9200,11000,15000,20000,26000,30000,31000,33000,34000,88438,974,5700,6473.446556774369,31.846500001847744,33537.51289995853,4738.415828037721
1791144877,1000,,Aggregated,126.200000,0.400000,5700,7500,9200,11000,15000,20000,26000,30000,31000,33000,34000,88498,974,5700,6473.076255564093,31.846500001847744,33537.51289995853,4738.276503423806
1791144878,1000,,Aggregated,121.600000,0.400000,5700,7500,9200,11000,15000,20000,26000,30000,31000,33000,34000,88573,974,5700,6473.243135585454,31.846500001847744,33537.51289995853,4738.1518069840695
1791144879,1000,,Aggregated,117.700000,0.400000,5700,7500,9200,11000,15000,20000,26000,30000,31000,33000,34000,88685,975,5700,6474.18077517856,31.846500001847744,33537.51289995853,4738.157862096183
1791144880,1000,,Aggregated,112.900000,0.400000,5700,7500,9200,11000,15000,20000,26000,30000,31000,33000,34000,88761,975,5700,6474.363735876237,31.846500001847744,33537.51289995853,4738.109631482295
1791144881,1000,,Aggregated,106.400000,0.500000,5700,7500,9200,11000,15000,20000,26000,30000,31000,33000,34000,88886,975,5700,6475.069666399783,31.846500001847744,33537.51289995853,4738.11136736944
1791144882,1000,,Aggregated,100.900000,0.400000,5700,7500,9200,11000,15000,20000,26000,30000,31000,33000,34000,88968,975,5700,6475.512381339487,31.846500001847744,33537.51289995853,4737.876112759644
1791144883,1000,,Aggregated,99.500000,0.300000,5700,7500,9200,11000,15000,20000,26000,30000,31000,33000,34000,89103,976,5700,6475.707017898522,31.846500001847744,33537.51289995853,4738.13909744902
1791144884,1000,,Aggregated,102.500000,0.300000,5700,7500,9200,11000,15000,20000,26000,30000,31000,33000,34000,89191,977,5700,6475.750073755335,31.846500001847744,33537.51289995853,4738.05526342344
1791144885,1000,,Aggregated,101.300000,0.300000,5700,7500,9200,11000,15000,20000,26000,30000,31000,33000,34000,89271,978,5700,6475.635645552443,31.846500001847744,33537.51289995853,4737.914854768066
1791144886,1000,,Aggregated,95.800000,0.500000,5700,7500,9200,11000,15000,20000,26000,30000,31000,33000,34000,89337,979,5700,6476.973571467717,31.846500001847744,33537.51289995853,4737.743913496088
1791144887,1000,,Aggregated,92.200000,0.300000,5700,7500,9200,11000,15000,20000,26000,30000,31000,33000,34000,89477,979,5700,6479.029922451708,31.846500001847744,33537.51289995853,4737.885389541447
1791144888,1000,,Aggregated,92.700000,0.500000,5700,7500,9200,11000,15000,20000,26000,30000,31000,33000,34000,89588,980,5700,6481.80520936968,31.846500001847744,33537.51289995853,4738.239239630308
1791144889,1000,,Aggregated,91.600000,0.500000,5800,7500,9200,11000,15000,20000,26000,30000,31000,33000,34000,89721,980,5800,6485.382989850873,31.846500001847744,33537.51289995853,4738.089533108191
1791144890,1000,,Aggregated,97.000000,0.600000,5800,7500,9200,11000,15000,20000,26000,30000,31000,33000,34000,89896,980,5800,6489.085457277402,31.846500001847744,33537.51289995853,4737.402398326955
1791144891,1000,,Aggregated,100.700000,0.500000,5800,7500,9200,11000,15000,20000,26000,30000,31000,33000,34000,89952,981,5800,6488.205082346244,31.846500001847744,33537.51289995853,4737.451118374244
1791144892,1000,,Aggregated,107.700000,0.500000,5800,7500,9200,11000,15000,20000,26000,30000,31000,33000,34000,90022,981,5800,6487.022211832758,31.846500001847744,33537.51289995853,4737.439625869232
1791144893,1000,,Aggregated,109.600000,0.500000,5800,7500,9200,11000,15000,20000,26000,30000,31000,33000,34000,90145,984,5800,6490.700979463182,31.846500001847744,33537.51289995853,4737.284952021742
1791144894,1000,,Aggregated,105.600000,0.600000,5800,7500,9200,11000,15000,20000,26000,30000,31000,33000,34000,90286,985,5800,6494.4526573700105,31.846500001847744,33537.51289995853,4737.2833218882215
1791144895,1000,,Aggregated,101.200000,0.700000,5800,7500,9200,11000,15000,20000,26000,30000,31000,33000,34000,90413,985,5800,6496.890290230482,31.846500001847744,33537.51289995853,4737.230044352029
1791144896,1000,,Aggregated,106.800000,0.700000,5800,7500,9200,11000,15000,20000,26000,30000,31000,33000,34000,90508,986,5800,6495.425466816283,31.846500001847744,33537.51289995853,4737.301697087551
1791144897,1000,,Aggregated,113.600000,0.800000,5800,7500,9200,11000,15000,20000,26000,30000,31000,33000,34000,90573,986,5800,6492.996568473036,31.846500001847744,33537.51289995853,4737.350358274541
1791144898,1000,,Aggregated,113.900000,0.600000,5800,7500,9100,11000,15000,20000,26000,30000,31000,33000,34000,90684,989,5800,6495.626993287775,31.846500001847744,33537.51289995853,4737.049347183627
1791144899,1000,,Aggregated,113.400000,0.700000,5800,7500,9100,11000,15000,20000,26000,30000,31000,33000,34000,90838,990,5800,6497.3836450627305,31.846500001847744,33537.51289995853,4737.1792421673745
1791144900,1000,,Aggregated,108.900000,0.600000,5800,7500,9100,11000,15000,20000,26000,30000,31000,33000,34000,90976,994,5800,6497.502652670034,31.846500001847744,33537.51289995853,4736.764080636652
1791144901,1000,,Aggregated,111.400000,0.900000,5800,7500,9100,11000,15000,20000,26000,30000,31000,33000,34000,91081,994,5800,6499.503123223375,31.846500001847744,33537.51289995853,4737.282089568625
1791144902,1000,,Aggregated,106.900000,1.200000,5800,7500,9100,11000,15000,20000,26000,30000,31000,33000,34000,91223,994,5800,6502.111702384354,31.846500001847744,33537.51289995853,4737.557688302292
1791144903,1000,,Aggregated,111.000000,1.400000,5800,7500,9100,11000,15000,20000,26000,30000,31000,33000,34000,91318,994,5800,6500.359151003168,31.846500001847744,33537.51289995853,4737.612705052673
1791144904,1000,,Aggregated,114.700000,1.300000,5800,7500,9100,11000,15000,20000,26000,30000,31000,33000,34000,91469,995,5800,6502.550841574828,31.846500001847744,33537.51289995853,4737.620647432464
1791144905,1000,,Aggregated,118.500000,1.200000,5800,7500,9100,11000,15000,20000,26000,30000,31000,33000,34000,91661,995,5800,6504.974390535869,31.846500001847744,33537.51289995853,4737.68320223432
1791144906,1000,,Aggregated,115.500000,1.000000,5800,7500,9100,11000,15000,20000,26000,30000,31000,33000,34000,91792,996,5800,6503.623946164239,31.846500001847744,33537.51289995853,4737.662868223811
1791144907,1000,,Aggregated,118.800000,1.000000,5800,7500,9100,11000,15000,20000,26000,30000,31000,33000,34000,91918,996,5800,6500.926522733382,31.846500001847744,33537.51289995853,4737.5219325920925
1791144908,1000,,Aggregated,125.300000,1.000000,5800,7500,9100,11000,15000,20000,26000,30000,31000,33000,34000,91996,996,5800,6500.434955770972,31.846500001847744,33537.51289995853,4737.467542067046
1791144909,1000,,Aggregated,130.600000,1.000000,5800,7500,9100,11000,15000,20000,26000,30000,31000,33000,34000,92147,997,5800,6499.863309124604,31.846500001847744,33537.51289995853,4736.906714271761
1791144910,1000,,Aggregated,130.800000,1.000000,5800,7500,9100,11000,15000,20000,26000,30000,31000,33000,34000,92306,998,5800,6499.944286646645,31.846500001847744,33537.51289995853,4736.655287846944
1791144911,1000,,Aggregated,129.000000,0.700000,5800,7500,9100,11000,15000,20000,26000,30000,31000,33000,34000,92463,998,5800,6495.98928694618,31.846500001847744,33537.51289995853,4736.705114478224
1791144912,1000,,Aggregated,129.900000,0.500000,5800,7500,9100,11000,15000,20000,26000,30000,31000,33000,34000,92642,999,5800,6493.364978151442,31.846500001847744,33537.51289995853,4737.140746097883
1791144913,1000,,Aggregated,131.900000,0.400000,5800,7500,9100,11000,15000,20000,26000,30000,31000,33000,34000,92788,999,5800,6489.12382397407,31.846500001847744,33537.51289995853,4737.273515971893
1791144914,1000,,Aggregated,136.800000,0.400000,5800,7500,9100,11000,15000,20000,26000,30000,31000,33000,34000,92909,1000,5800,6486.56772531839,31.846500001847744,33537.51289995853,4737.23782410746
1791144915,1000,,Aggregated,144.300000,0.500000,5700,7500,9100,11000,15000,20000,26000,30000,31000,33000,34000,93025,1002,5700,6485.282651489448,31.846500001847744,33537.51289995853,4737.215071217414
1791144916,1000,,Aggregated,144.200000,0.500000,5700,7500,9100,11000,15000,20000,26000,30000,31000,33000,34000,93122,1003,5700,6486.2475702842,31.846500001847744,33537.51289995853,4737.218433882434
1791144917,1000,,Aggregated,140.800000,0.500000,5700,7500,9100,11000,15000,20000,26000,30000,31000,33000,34000,93158,1003,5700,6484.350834479121,31.846500001847744,33537.51289995853,4737.352186607699
1791144918,1000,,Aggregated,134.800000,0.700000,5700,7500,9100,11000,15000,20000,26000,30000,31000,33000,34000,93238,1003,5700,6483.940774818273,31.846500001847744,33537.51289995853,4737.333072352474
1791144919,1000,,Aggregated,129.900000,0.700000,5700,7500,9100,11000,15000,20000,26000,30000,31000,33000,34000,93351,1004,5700,6484.51630298451,31.846500001847744,33537.51289995853,4737.566989105633
1791144920,1000,,Aggregated,124.200000,0.700000,5800,7500,9100,11000,15000,20000,26000,30000,31000,33000,34000,93461,1008,5800,6486.111419703487,31.846500001847744,33537.51289995853,4737.079851488857
1791144921,1000,,Aggregated,119.800000,0.700000,5800,7500,9100,11000,15000,20000,26000,30000,31000,33000,34000,93551,1008,5800,6486.173716956609,31.846500001847744,33537.51289995853,4737.318521448194
1791144922,1000,,Aggregated,117.700000,0.700000,5800,7500,9100,11000,15000,20000,26000,30000,31000,33000,34000,93622,1008,5800,6484.728631851564,31.846500001847744,33537.51289995853,4737.615539082694
1791144923,1000,,Aggregated,112.900000,1.000000,5800,7500,9100,11000,15000,20000,26000,30000,31000,33000,34000,93782,1008,5800,6486.210443814461,31.846500001847744,33537.51289995853,4737.77646030155
1791144924,1000,,Aggregated,105.100000,1.000000,5800,7500,9100,11000,15000,20000,26000,30000,31000,33000,34000,93913,1009,5800,6487.594630435704,31.846500001847744,33537.51289995853,4737.503359492296
1791144925,1000,,Aggregated,94.800000,0.900000,5800,7500,9100,11000,15000,20000,26000,30000,31000,33000,34000,94073,1011,5800,6491.750850573586,31.846500001847744,33537.51289995853,4737.999659838636
1791144926,1000,,Aggregated,99.100000,0.900000,5800,7500,9100,11000,15000,20000,26000,30000,31000,33000,34000,94153,1011,5800,6493.202089694534,31.846500001847744,33537.51289995853,4737.8025978991645
1791144927,1000,,Aggregated,98.500000,0.900000,5800,7500,9100,11000,15000,20000,26000,30000,31000,33000,34000,94201,1012,5800,6491.9635025117495,31.846500001847744,33537.51289995853,4737.828865935606
1791144928,1000,,Aggregated,102.200000,0.900000,5800,7500,9100,11000,15000,20000,26000,30000,31000,33000,34000,94324,1012,5800,6492.723389911475,31.846500001847744,33537.51289995853,4738.042672066495
1791144930,1000,,Aggregated,101.900000,0.800000,5800,7500,9100,11000,15000,20000,26000,30000,31000,33000,34000,94419,1012,5800,6493.417433710484,31.846500001847744,33537.51289995853,4737.997987693155
1791144931,1000,,Aggregated,108.200000,0.900000,5800,7500,9100,11000,15000,20000,26000,30000,31000,33000,34000,94496,1012,5800,6492.9531246932065,31.846500001847744,33537.51289995853,4738.078934558077
1791144932,1000,,Aggregated,105.700000,0.800000,5800,7500,9100,11000,15000,20000,26000,30000,31000,33000,34000,94653,1013,5800,6495.896672420418,31.846500001847744,33537.51289995853,4737.955807000307
1791144933,1000,,Aggregated,101.900000,0.400000,5800,7500,9100,11000,15000,20000,26000,30000,31000,33000,34000,94806,1014,5800,6495.70208362455,31.846500001847744,33537.51289995853,4737.70714933654
1791144934,1000,,Aggregated,108.900000,0.500000,5800,7500,9100,11000,15000,20000,26000,30000,31000,33000,34000,94879,1015,5800,6493.6716810591315,31.846500001847744,33537.51289995853,4737.841166116844
1791144935,1000,,Aggregated,117.000000,0.600000,5800,7500,9100,11000,15000,20000,26000,30000,31000,33000,34000,95007,1017,5800,6492.836062971249,31.846500001847744,33537.51289995853,4738.011199174798
1791144936,1000,,Aggregated,107.700000,0.700000,5800,7500,9100,11000,15000,20000,26000,30000,31000,33000,34000,95195,1017,5800,6496.76141299658,31.846500001847744,33537.51289995853,4738.146772414518
1791144937,1000,,Aggregated,107.400000,0.800000,5800,7500,9100,11000,15000,20000,26000,30000,31000,33000,34000,95290,1018,5800,6497.201857519252,31.846500001847744,33537.51289995853,4738.098436352188
1791144938,1000,,Aggregated,110.500000,0.600000,5800,7500,9100,11000,15000,20000,26000,30000,31000,33000,34000,95459,1019,5800,6497.52436169255,31.846500001847744,33537.51289995853,4737.7466661079625
1791144939,1000,,Aggregated,110.500000,0.600000,5800,7500,9100,11000,15000,20000,26000,30000,31000,33000,34000,95526,1023,5800,6496.984862509777,31.846500001847744,33537.51289995853,4737.633890249775
1791144940,1000,,Aggregated,124.400000,0.700000,5800,7500,9100,11000,15000,20000,26000,30000,31000,33000,34000,95636,1026,5800,6496.8957147654555,31.846500001847744,33537.51289995853,4737.218150069011
1791144941,1000,,Aggregated,120.200000,1.100000,5800,7500,9100,11000,15000,20000,26000,30000,31000,33000,34000,95761,1028,5800,6497.105602811279,31.846500001847744,33537.51289995853,4737.560175854471
1791144942,1000,,Aggregated,120.400000,1.200000,5800,7500,9100,11000,15000,20000,26000,30000,31000,33000,34000,95913,1030,5800,6498.3340706547715,31.846500001847744,33537.51289995853,4737.562280399946
1791144943,1000,,Aggregated,125.100000,1.600000,5800,7500,9100,11000,15000,20000,26000,30000,31000,33000,34000,96079,1032,5800,6497.693638672461,31.846500001847744,33537.51289995853,4737.664755045327
1791144944,1000,,Aggregated,124.700000,1.700000,5800,7500,9100,11000,15000,20000,26000,30000,31000,33000,34000,96232,1034,5800,6497.216603761886,31.846500001847744,33537.51289995853,4737.67067087871
1791144945,1000,,Aggregated,125.200000,1.800000,5800,7500,9100,11000,15000,20000,26000,30000,31000,33000,34000,96368,1036,5800,6493.433551878363,31.846500001847744,33537.51289995853,4737.748536858709
1791144946,1000,,Aggregated,125.200000,1.800000,5800,7500,9100,11000,15000,20000,26000,30000,31000,33000,34000,96395,1039,5800,6493.516491304675,31.846500001847744,33537.51289995853,4737.790881269775
1791144947,1000,,Aggregated,136.100000,1.900000,5800,7500,9100,11000,15000,20000,26000,30000,31000,33000,34000,96459,1039,5800,6491.9479412632745,31.846500001847744,33537.51289995853,4737.473341004987
1791144948,1000,,Aggregated,121.700000,2.200000,5800,7500,9100,11000,15000,20000,26000,30000,31000,33000,34000,96606,1039,5800,6496.288730341968,31.846500001847744,33537.51289995853,4737.698683311595
1791144949,1000,,Aggregated,116.300000,2.200000,5800,7500,9100,11000,15000,20000,26000,30000,31000,33000,34000,96759,1040,5800,6499.748680848467,31.846500001847744,33537.51289995853,4738.259190359553
1791144950,1000,,Aggregated,113.800000,2.000000,5800,7500,9100,11000,15000,20000,26000,30000,31000,33000,34000,96896,1040,5800,6499.509517993687,31.846500001847744,33537.51289995853,4738.316875825628
1791144951,1000,,Aggregated,120.800000,1.600000,5800,7500,9100,11000,15000,20000,26000,30000,31000,33000,34000,97018,1040,5800,6498.219524526552,31.846500001847744,33537.51289995853,4738.645138015626
1791144952,1000,,Aggregated,125.100000,1.600000,5800,7500,9100,11000,15000,20000,26000,30000,31000,33000,34000,97077,1041,5800,6497.746928792782,31.846500001847744,33537.51289995853,4738.677111983271
1791144953,1000,,Aggregated,126.300000,1.200000,5800,7500,9100,11000,15000,20000,26000,30000,31000,33000,34000,97192,1041,5800,6496.340073181103,31.846500001847744,33537.51289995853,4738.668028232776
1791144954,1000,,Aggregated,117.700000,1.100000,5800,7500,9100,11000,15000,20000,26000,30000,31000,33000,34000,97362,1041,5800,6497.7149127146,31.846500001847744,33537.51289995853,4738.254308662517
1791144955,1000,,Aggregated,110.900000,0.900000,5800,7500,9100,11000,15000,20000,26000,30000,31000,33000,34000,97494,1041,5800,6498.348766453515,31.846500001847744,33537.51289995853,4738.076455987035
1791144956,1000,,Aggregated,110.000000,0.700000,5800,7500,9100,11000,15000,20000,26000,30000,31000,33000,34000,97666,1042,5800,6498.440255013207,31.846500001847744,33537.51289995853,4738.146202363156
1791144957,1000,,Aggregated,112.500000,0.500000,5800,7500,9100,11000,15000,20000,26000,30000,31000,33000,34000,97770,1043,5800,6497.898176163645,31.846500001847744,33537.51289995853,4738.160499130613
1791144958,1000,,Aggregated,123.000000,0.200000,5800,7500,9100,11000,15000,20000,26000,30000,31000,33000,34000,97937,1043,5800,6494.820313911184,31.846500001847744,33537.51289995853,4738.372290349919
1791144959,1000,,Aggregated,129.100000,0.400000,5800,7500,9100,11000,15000,20000,26000,30000,31000,33000,34000,98088,1043,5800,6494.659618239947,31.846500001847744,33537.51289995853,4738.5998185303
1791144960,1000,,Aggregated,131.400000,0.400000,5800,7500,9100,11000,15000,20000,26000,30000,31000,33000,34000,98261,1043,5800,6493.266307313384,31.846500001847744,33537.51289995853,4738.461098502967
1791144961,1000,,Aggregated,131.300000,0.400000,5800,7500,9100,11000,15000,20000,26000,30000,31000,33000,34000,98443,1043,5800,6491.239769460706,31.846500001847744,33537.51289995853,4738.237487683228
1791144962,1000,,Aggregated,133.700000,0.300000,5800,7500,9100,11000,15000,20000,26000,30000,31000,33000,34000,98633,1043,5800,6487.710139093605,31.846500001847744,33537.51289995853,4738.417791205783
1791144963,1000,,Aggregated,138.700000,0.300000,5800,7500,9100,11000,15000,20000,26000,30000,31000,33000,34000,98783,1044,5800,6483.982941331205,31.846500001847744,33537.51289995853,4738.357055363777
1791144964,1000,,Aggregated,151.200000,0.200000,5800,7500,9100,11000,15000,20000,26000,30000,31000,33000,34000,98963,1044,5800,6480.28317846286,31.846500001847744,33537.51289995853,4738.777896789709
1791144965,1000,,Aggregated,157.700000,0.200000,5800,7500,9000,11000,15000,20000,26000,30000,31000,33000,34000,99088,1044,5800,6477.00944817455,31.846500001847744,33537.51289995853,4738.943464395285
1791144966,1000,,Aggregated,158.900000,0.300000,5800,7500,9000,11000,15000,20000,26000,30000,31000,33000,34000,99123,1044,5800,6475.390053339987,31.846500001847744,33537.51289995853,4739.057060419882
1791144967,1000,,Aggregated,158.900000,0.300000,5800,7500,9000,11000,15000,20000,26000,30000,31000,33000,34000,99316,1044,5800,6473.38301231442,31.846500001847744,33537.51289995853,4739.602088283862
1791144968,1000,,Aggregated,147.000000,0.300000,5800,7500,9000,11000,15000,20000,26000,30000,31000,33000,34000,99477,1044,5800,6472.627949144209,31.846500001847744,33537.51289995853,4739.7192717914695
1791144969,1000,,Aggregated,150.800000,0.100000,5800,7500,9000,11000,15000,20000,26000,30000,31000,33000,34000,99581,1047,5800,6470.126605376711,31.846500001847744,33537.51289995853,4739.744790672919
1791144970,1000,,Aggregated,153.900000,0.100000,5800,7500,9000,11000,15000,20000,26000,30000,31000,33000,34000,99672,1048,5800,6468.310712581443,31.846500001847744,33537.51289995853,4739.869812986596
1791144971,1000,,Aggregated,148.900000,0.200000,5800,7400,9000,11000,15000,20000,26000,30000,31000,33000,34000,99869,1048,5800,6466.144467738897,31.846500001847744,33537.51289995853,4739.784788072375
1791144972,1000,,Aggregated,143.000000,0.500000,5800,7400,9000,11000,15000,20000,26000,30000,31000,33000,34000,100076,1048,5800,6464.879955162227,31.846500001847744,33537.51289995853,4739.09129061913
1791144973,1000,,Aggregated,140.300000,0.500000,5800,7400,9000,11000,15000,20000,26000,30000,31000,33000,34000,100247,1048,5800,6460.913931814562,31.846500001847744,33537.51289995853,4739.591668578611
1791144974,1000,,Aggregated,142.200000,0.500000,5700,7400,9000,11000,15000,20000,26000,30000,31000,33000,34000,100379,1048,5700,6456.847135033379,31.846500001847744,33537.51289995853,4739.73736538519
1791144975,1000,,Aggregated,144.500000,0.500000,5700,7400,9000,11000,15000,20000,26000,30000,31000,33000,34000,100540,1048,5700,6454.4245369456485,31.846500001847744,33537.51289995853,4739.793614481799
1791144976,1000,,Aggregated,141.800000,0.400000,5700,7400,9000,11000,15000,20000,26000,30000,31000,33000,34000,100699,1048,5700,6450.876850704733,31.846500001847744,33537.51289995853,4740.078421831398
1791144977,1000,,Aggregated,140.300000,0.400000,5700,7400,9000,11000,15000,20000,26000,30000,31000,33000,34000,100861,1048,5700,6447.587712390469,31.846500001847744,33537.51289995853,4740.117994071048
1791144978,1000,,Aggregated,154.500000,0.400000,5700,7400,9000,11000,15000,20000,26000,30000,31000,33000,34000,101026,1048,5700,6443.476050778171,31.846500001847744,33537.51289995853,4740.1655811375285
1791144979,1000,,Aggregated,154.400000,0.400000,5700,7400,9000,11000,15000,20000,26000,30000,31000,33000,34000,101195,1048,5700,6438.134568028226,31.846500001847744,33537.51289995853,4740.098413953258
1791144980,1000,,Aggregated,153.300000,0.400000,5700,7400,9000,11000,15000,20000,26000,30000,31000,33000,34000,101313,1048,5700,6435.249247954527,31.846500001847744,33537.51289995853,4740.395773494023
1791144981,1000,,Aggregated,158.700000,0.300000,5700,7400,9000,11000,15000,20000,26000,30000,31000,33000,34000,101424,1048,5700,6434.189037082115,31.846500001847744,33537.51289995853,4740.696975074933
1791144983,1000,,Aggregated,155.100000,0.000000,5700,7400,9000,11000,15000,20000,26000,30000,31000,33000,34000,101766,1048,5700,6437.115521172261,31.846500001847744,33537.51289995853,4740.490998958395
1791144984,1000,,Aggregated,142.400000,0.000000,5700,7400,9000,11000,15000,20000,26000,30000,31000,33000,34000,101940,1048,5700,6434.862439779438,31.846500001847744,33537.51289995853,4740.816509711595
1791144985,1000,,Aggregated,144.900000,0.000000,5700,7400,9000,11000,15000,20000,26000,30000,31000,33000,34000,102062,1048,5700,6430.593837652761,31.846500001847744,33537.51289995853,4741.211332327409
1791144986,1000,,Aggregated,157.800000,0.000000,5700,7400,9000,11000,15000,20000,26000,30000,31000,33000,34000,102140,1048,5700,6427.01495981316,31.846500001847744,33537.51289995853,4741.391609555512
1791144987,1000,,Aggregated,156.300000,0.000000,5700,7400,9000,11000,15000,20000,26000,30000,31000,33000,34000,102262,1049,5700,6424.454676417586,31.846500001847744,33537.51289995853,4741.765034910329
1791144988,1000,,Aggregated,148.600000,0.000000,5700,7400,9000,11000,15000,20000,26000,30000,31000,33000,34000,102431,1049,5700,6421.79656314215,31.846500001847744,33537.51289995853,4741.617918403608
1791144989,1000,,Aggregated,145.100000,0.100000,5700,7400,9000,11000,15000,20000,26000,30000,31000,33000,34000,102630,1049,5700,6418.296357205619,31.846500001847744,33537.51289995853,4741.348699210757
1791144990,1000,,Aggregated,143.200000,0.100000,5700,7400,8900,11000,15000,20000,26000,30000,31000,33000,34000,102809,1049,5700,6414.818375015921,31.846500001847744,33537.51289995853,4741.940277602155
1791144991,1000,,Aggregated,145.400000,0.100000,5600,7400,8900,11000,15000,20000,26000,30000,31000,33000,34000,102957,1049,5600,6411.913752881422,31.846500001847744,33537.51289995853,4741.778247229426
1791144992,1000,,Aggregated,147.700000,0.100000,5600,7400,8900,11000,15000,20000,26000,30000,31000,33000,34000,103119,1050,5600,6408.097994960315,31.846500001847744,33537.51289995853,4741.967338705767
1791144993,1000,,Aggregated,156.100000,0.100000,5600,7400,8900,11000,15000,20000,26000,30000,31000,33000,34000,103305,1050,5600,6404.316251175775,31.846500001847744,33537.51289995853,4742.139209137989
1791144994,1000,,Aggregated,163.900000,0.200000,5600,7400,8900,11000,15000,20000,26000,30000,31000,33000,34000,103473,1050,5600,6400.341220620976,31.846500001847744,33537.51289995853,4742.779681656084
1791144995,1000,,Aggregated,160.900000,0.200000,5600,7400,8900,11000,15000,20000,26000,30000,31000,33000,34000,103596,1050,5600,6397.457946448834,31.846500001847744,33537.51289995853,4742.516834626819
1791144996,1000,,Aggregated,152.000000,0.200000,5600,7400,8900,11000,15000,20000,26000,30000,31000,33000,34000,103757,1050,5600,6393.93255597997,31.846500001847744,33537.51289995853,4742.761635359542
1791144997,1000,,Aggregated,150.400000,0.200000,5600,7400,8900,11000,15000,20000,26000,30000,31000,33000,34000,103824,1051,5600,6391.354243164538,31.846500001847744,33537.51289995853,4742.531986823856
1791144998,1000,,Aggregated,158.200000,0.200000,5600,7400,8900,11000,15000,20000,26000,30000,31000,33000,34000,103939,1051,5600,6389.291408705246,31.846500001847744,33537.51289995853,4742.890791714371
1791144999,1000,,Aggregated,156.500000,0.200000,5600,7400,8900,11000,15000,20000,26000,30000,31000,33000,34000,104090,1051,5600,6388.119987031551,31.846500001847744,33537.51289995853,4742.8991353636275
1791145000,1000,,Aggregated,148.900000,0.200000,5600,7400,8900,11000,15000,20000,26000,30000,31000,33000,34000,104283,1051,5600,6384.827549968016,31.846500001847744,33537.51289995853,4743.126799190664
1791145001,1000,,Aggregated,144.500000,0.200000,5600,7400,8900,11000,15000,20000,26000,30000,31000,33000,34000,104439,1051,5600,6382.297509964817,31.846500001847744,33537.51289995853,4743.5470849012345
1791145002,1000,,Aggregated,145.500000,0.200000,5600,7400,8900,11000,15000,20000,26000,30000,31000,33000,34000,104600,1051,5600,6379.172704827109,31.846500001847744,33537.51289995853,4743.539063097514
1791145003,1000,,Aggregated,147.300000,0.200000,5600,7400,8900,11000,15000,20000,26000,30000,31000,33000,34000,104741,1051,5600,6375.897542446747,31.846500001847744,33537.51289995853,4743.55449155536
1791145004,1000,,Aggregated,147.500000,0.100000,5600,7400,8900,11000,15000,20000,26000,30000,31000,33000,34000,104883,1051,5600,6372.733286200005,31.846500001847744,33537.51289995853,4743.58615790929
1791145005,1000,,Aggregated,144.100000,0.100000,5600,7400,8900,11000,15000,20000,26000,30000,31000,33000,34000,105047,1051,5600,6371.088097816351,31.846500001847744,33537.51289995853,4743.911430121755
1791145006,1000,,Aggregated,139.800000,0.100000,5600,7400,8900,11000,15000,20000,26000,30000,31000,33000,34000,105202,1051,5600,6369.355814782178,31.846500001847744,33537.51289995853,4744.265945514344
1791145007,1000,,Aggregated,142.300000,0.100000,5500,7400,8900,11000,15000,20000,26000,30000,31000,33000,34000,105373,1051,5500,6366.741711190854,31.846500001847744,33537.51289995853,4744.311085382404
1791145008,1000,,Aggregated,143.200000,0.100000,5500,7400,8900,11000,15000,20000,26000,30000,31000,33000,34000,105547,1051,5500,6364.841313268132,31.846500001847744,33537.51289995853,4744.301410745924
1791145009,1000,,Aggregated,149.500000,0.000000,5500,7400,8900,11000,15000,20000,26000,30000,31000,33000,34000,105702,1051,5500,6361.404153346334,31.846500001847744,33537.51289995853,4744.096639609468
1791145010,1000,,Aggregated,159.300000,0.000000,5500,7400,8900,11000,15000,20000,26000,30000,31000,33000,34000,105877,1052,5500,6357.503721603506,31.846500001847744,33537.51289995853,4744.332319578379
1791145011,1000,,Aggregated,160.900000,0.000000,5500,7400,8900,11000,15000,20000,26000,30000,31000,33000,34000,106040,1052,5500,6357.134522695354,31.846500001847744,33537.51289995853,4744.47913994719
1791145012,1000,,Aggregated,158.700000,0.100000,5500,7400,8900,11000,15000,19000,26000,30000,31000,33000,34000,106166,1052,5500,6354.164362121723,31.846500001847744,33537.51289995853,4744.348689787691
1791145013,1000,,Aggregated,159.000000,0.100000,5500,7300,8900,10000,15000,19000,26000,30000,31000,33000,34000,106349,1052,5500,6352.417840906024,31.846500001847744,33537.51289995853,4744.862650330516
1791145014,1000,,Aggregated,153.800000,0.100000,5500,7300,8900,10000,15000,19000,26000,30000,31000,33000,34000,106532,1052,5500,6347.837712698655,31.846500001847744,33537.51289995853,4744.900565088424
1791145015,1000,,Aggregated,157.700000,0.100000,5500,7300,8900,10000,15000,19000,26000,30000,31000,33000,34000,106687,1052,5500,6343.173759867765,31.846500001847744,33537.51289995853,4744.959601450973
1791145016,1000,,Aggregated,162.100000,0.100000,5500,7300,8900,10000,15000,19000,26000,30000,31000,33000,34000,106856,1052,5500,6338.904954081314,31.846500001847744,33537.51289995853,4744.598253724639
1791145017,1000,,Aggregated,163.500000,0.100000,5500,7300,8900,10000,15000,19000,26000,30000,31000,33000,34000,107033,1052,5500,6336.006552078452,31.846500001847744,33537.51289995853,4745.092307979782
1791145018,1000,,Aggregated,164.400000,0.100000,5500,7300,8900,10000,15000,19000,26000,30000,31000,33000,34000,107140,1053,5500,6334.3205434824795,31.846500001847744,33537.51289995853,4745.167668471159
1791145019,1000,,Aggregated,165.000000,0.100000,5500,7300,8900,10000,15000,19000,26000,30000,31000,33000,34000,107301,1053,5500,6330.976850445131,31.846500001847744,33537.51289995853,4745.259335886898
1791145020,1000,,Aggregated,160.700000,0.100000,5500,7300,8900,10000,15000,19000,26000,30000,31000,33000,34000,107391,1053,5500,6329.325568237678,31.846500001847744,33537.51289995853,4745.380907152368
1791145021,1000,,Aggregated,158.400000,0.200000,5500,7300,8800,10000,15000,19000,26000,30000,31000,33000,34000,107528,1053,5500,6326.858998157805,31.846500001847744,33537.51289995853,4745.202728591623
1791145022,1000,,Aggregated,156.900000,0.100000,5500,7300,8800,10000,15000,19000,26000,30000,31000,33000,34000,107634,1053,5500,6325.190624645677,31.846500001847744,33537.51289995853,4745.721993050523
1791145023,1000,,Aggregated,148.900000,0.100000,5500,7300,8800,10000,15000,19000,26000,30000,31000,33000,34000,107818,1054,5500,6323.561412656638,31.846500001847744,33537.51289995853,4746.093796954126
1791145024,1000,,Aggregated,151.600000,0.100000,5400,7300,8800,10000,15000,19000,26000,30000,31000,33000,34000,108021,1054,5400,6321.952680113258,31.846500001847744,33537.51289995853,4746.04141787245
1791145025,1000,,Aggregated,146.200000,0.200000,5400,7300,8800,10000,15000,19000,26000,30000,31000,33000,34000,108185,1054,5400,6318.961242156626,31.846500001847744,33537.51289995853,4746.261598188288
1791145026,1000,,Aggregated,147.500000,0.200000,5400,7300,8800,10000,15000,19000,26000,30000,31000,33000,34000,108331,1054,5400,6315.8062075962935,31.846500001847744,33537.51289995853,4746.258540953189
1791145029,1000,,Aggregated,145.000000,0.200000,5400,7300,8800,10000,15000,19000,26000,30000,31000,33000,34000,108578,1054,5400,6315.998824625748,31.846500001847744,33537.51289995853,4746.316178231317
