Timestamp,User Count,Type,Name,Requests/s,Failures/s,50%,66%,75%,80%,90%,95%,98%,99%,99.9%,99.99%,100%,Total Request Count,Total Failure Count,Total Median Response Time,Total Average Response Time,Total Min Response Time,Total Max Response Time,Total Average Content Size
1791153236,0,,Aggregated,0.000000,0.000000,N/A,N/A,N/A,N/A,N/A,N/A,N/A,N/A,N/A,N/A,N/A,0,0,0,0.0,0,0,0
1791153237,25,,Aggregated,0.000000,0.000000,420,670,770,770,820,830,840,840,840,840,840,50,0,190,397.7270340058021,10.324200033210218,844.7992999572307,5180.68
1791153238,50,,Aggregated,0.000000,0.000000,150,210,280,580,770,810,830,830,840,840,840,102,0,140,261.3155617670832,7.188600022345781,844.7992999572307,5250.803921568628
1791153239,100,,Aggregated,0.000000,0.000000,97,170,270,330,610,790,830,830,840,840,840,175,0,97,209.35436857598168,7.188600022345781,844.7992999572307,5129.4685714285715
1791153240,125,,Aggregated,50.000000,0.000000,81,120,180,250,540,770,810,830,840,840,840,262,0,81,166.65193740854338,5.339099909178913,844.7992999572307,5184.492366412213
1791153241,150,,Aggregated,45.666667,0.000000,70,100,150,190,430,610,790,830,840,840,840,360,0,69,144.64124722548553,5.339099909178913,844.7992999572307,5229.983333333334
1791153242,175,,Aggregated,56.250000,0.000000,71,100,150,190,430,570,770,820,840,840,840,457,0,71,140.9965205725682,5.339099909178913,844.7992999572307,5198.354485776806
1791153243,200,,Aggregated,61.800000,0.000000,85,140,220,320,540,730,790,810,840,840,840,581,0,85,176.543027197216,4.546299926005304,844.7992999572307,5133.824440619622
1791153244,225,,Aggregated,66.833333,0.000000,81,130,220,280,510,650,770,800,840,840,840,716,0,80,169.51623338215475,4.546299926005304,844.7992999572307,5065.512569832402
1791153245,250,,Aggregated,68.571429,0.000000,81,140,230,290,540,660,770,790,840,840,840,845,0,81,172.52418757650517,4.546299926005304,844.7992999572307,5064.402366863906
1791153246,275,,Aggregated,77.375000,0.000000,84,140,230,310,540,660,760,790,840,840,840,992,0,84,174.31937681671585,4.546299926005304,844.7992999572307,5055.660282258064
1791153247,300,,Aggregated,83.000000,0.000000,99,190,300,400,580,740,820,880,1000,1000,1000,1137,0,99,206.36258478652812,4.546299926005304,1041.5062999818474,5029.760773966579
1791153248,325,,Aggregated,87.700000,0.000000,110,230,340,420,610,760,860,920,1100,1100,1100,1327,0,110,221.92836578931173,4.546299926005304,1072.4410999100655,5028.525998492841
1791153249,350,,Aggregated,101.100000,0.000000,130,270,380,450,650,790,880,920,1100,1100,1100,1488,0,130,240.04702547190195,4.546299926005304,1072.4410999100655,5020.697580645161
1791153250,375,,Aggregated,106.900000,0.000000,140,280,410,480,690,820,900,990,1100,1100,1100,1639,0,140,253.46540384559395,4.546299926005304,1126.7098999815062,5031.416717510677
1791153251,400,,Aggregated,120.600000,0.000000,150,310,430,510,730,840,930,1000,1100,1100,1100,1856,0,150,269.3751281263319,4.546299926005304,1126.7098999815062,5017.549030172414
1791153252,425,,Aggregated,128.000000,0.000000,160,340,450,540,750,850,950,1000,1100,1100,1100,2036,0,160,281.5512627224147,4.546299926005304,1126.7098999815062,5014.531925343811
1791153253,450,,Aggregated,135.900000,0.000000,170,330,450,550,760,860,990,1100,1200,1200,1200,2205,0,170,285.20515274473985,4.546299926005304,1205.7296000421047,5012.569614512472
1791153254,475,,Aggregated,147.100000,0.000000,190,370,510,590,800,920,1000,1100,1300,1400,1400,2429,0,190,309.35682725507735,4.546299926005304,1356.078299926594,5002.090160559901
1791153255,500,,Aggregated,157.700000,0.000000,200,390,520,600,820,970,1100,1200,1400,1400,1400,2644,0,200,321.4156945546791,4.546299926005304,1374.5205000741407,4992.083207261725
1791153256,525,,Aggregated,161.100000,0.000000,220,400,540,620,840,1000,1100,1200,1400,1400,1400,2844,0,220,332.89530499381965,4.546299926005304,1374.5205000741407,4970.555555555556
1791153257,550,,Aggregated,170.600000,0.000000,240,440,580,670,880,1000,1200,1300,1600,1700,1700,3096,0,240,359.55000856010037,4.546299926005304,1721.8107000226155,4972.019702842377
1791153259,575,,Aggregated,183.600000,0.000000,270,490,640,740,950,1100,1300,1400,1900,2100,2100,3355,0,270,393.7173894489942,4.546299926005304,2107.7128999168053,4971.025037257824
1791153260,600,,Aggregated,192.800000,0.000000,310,530,680,770,990,1100,1300,1400,2000,2100,2100,3566,0,310,416.7225381662869,4.546299926005304,2107.7128999168053,4966.255748738082
1791153261,625,,Aggregated,198.300000,0.000000,330,550,710,800,1000,1200,1400,1700,2500,2800,2800,3669,0,330,439.1659469612534,4.546299926005304,2769.254000042565,4965.258381030253
1791153262,650,,Aggregated,198.800000,0.000000,350,590,770,870,1200,1500,1900,2200,2600,2900,2900,3874,0,350,501.044560506442,4.546299926005304,2890.6840999843553,4975.972121837894
1791153263,675,,Aggregated,194.800000,0.000000,400,680,860,1000,1500,2000,2400,2700,3500,4400,4400,4148,0,400,600.4043835587811,4.546299926005304,4433.4482999984175,4963.789778206365
1791153264,700,,Aggregated,188.000000,0.000000,430,740,940,1100,1800,2100,2500,2800,4000,4500,4500,4420,0,430,658.1486284845283,4.546299926005304,4532.208499964327,4953.76221719457
1791153266,725,,Aggregated,192.400000,0.000000,480,800,1000,1200,1800,2100,2500,2800,4100,5500,5500,4751,0,480,689.0392790572909,4.546299926005304,5537.466299952939,4946.0833508735
1791153267,750,,Aggregated,199.400000,0.000000,480,800,1000,1200,1700,2100,2500,2800,4000,5500,5500,5051,0,480,682.07915670207,4.546299926005304,5537.466299952939,4939.780637497525
1791153268,775,,Aggregated,205.200000,0.000000,480,800,1000,1200,1700,2100,2500,2800,4000,5500,5500,5379,0,480,681.3319813722462,4.546299926005304,5537.466299952939,4953.617958728388
1791153269,800,,Aggregated,218.100000,0.000000,480,800,1000,1100,1700,2100,2400,2800,4000,5500,5500,5749,0,480,681.3132024181933,4.546299926005304,5537.466299952939,4946.520090450513
1791153270,825,,Aggregated,224.900000,0.000000,480,790,1000,1100,1600,2000,2400,2800,4000,5500,5500,5930,0,480,676.165416526638,4.546299926005304,5537.466299952939,4943.228161888702
1791153271,850,,Aggregated,235.300000,0.000000,500,820,1000,1200,1700,2100,2400,2800,4000,5500,5500,6159,0,500,699.0791801596098,4.546299926005304,5537.466299952939,4936.861828218866
1791153272,875,,Aggregated,242.200000,0.000000,530,860,1100,1300,1900,2200,2500,2900,4000,5500,5500,6375,0,530,746.8656220710379,4.546299926005304,5537.466299952939,4931.085490196078
1791153274,900,,Aggregated,245.300000,0.000000,570,920,1200,1400,2100,2400,3100,3400,4500,5500,5500,6671,0,570,823.5926894473353,4.546299926005304,5537.466299952939,4929.4110328286615
1791153275,925,,Aggregated,244.800000,0.000000,610,990,1300,1600,2200,2600,3200,3500,4600,5600,5600,6937,0,610,884.1788195192017,4.546299926005304,5579.437699983828,4921.0826005477875
1791153276,950,,Aggregated,247.500000,0.000000,650,1100,1400,1700,2300,2800,3400,3700,5500,6900,6900,7235,0,650,949.8273687357689,4.546299926005304,6902.17669995036,4917.121354526606
1791153277,975,,Aggregated,239.900000,0.000000,710,1100,1400,1800,2300,2800,3400,3800,6300,8000,8000,7851,0,710,980.2940878108598,4.546299926005304,8047.618399956264,4912.563112979238
1791153278,1000,,Aggregated,0.000000,0.000000,350,520,720,830,1200,2100,2400,3500,3700,3700,3700,368,0,350,586.341315490996,83.59339996241033,3712.52329996787,4874.274456521739
1791153279,1000,,Aggregated,0.000000,0.000000,340,470,570,690,950,1300,2200,2400,3700,3700,3700,758,0,340,493.59844894579055,61.302100075408816,3712.52329996787,4865.327176781003
1791153281,1000,,Aggregated,399.000000,0.000000,380,520,620,780,1100,1200,1900,2300,3600,3700,3700,1125,0,380,528.355008178908,61.302100075408816,3712.52329996787,4936.155555555555
1791153282,1000,,Aggregated,379.000000,0.000000,480,710,990,1100,1400,1700,2300,2400,3600,3700,3700,1407,0,480,671.4499972297498,61.302100075408816,3712.52329996787,4929.8407960199
1791153284,1000,,Aggregated,319.750000,0.000000,530,980,1200,1400,1900,2400,2700,2800,3600,3700,3700,1593,0,530,840.5243433784367,61.302100075408816,3712.52329996787,4887.866917765223
1791153285,1000,,Aggregated,281.400000,0.000000,760,1300,1800,2200,2800,3100,3400,3800,4500,4800,4800,1888,0,760,1156.4471291322523,61.302100075408816,4751.014999928884,4875.572563559322
1791153287,1000,,Aggregated,235.714286,0.000000,1100,1700,2300,2600,3100,3200,3600,4100,5100,6800,6800,2277,0,1100,1374.4744495832786,61.302100075408816,6849.274100037292,4865.846288976723
1791153288,1000,,Aggregated,245.250000,0.000000,1200,2000,2500,2700,3100,3300,3900,4200,5600,6800,6800,2612,0,1200,1491.856945636117,61.302100075408816,6849.274100037292,4873.228943338438
1791153289,1000,,Aggregated,251.888889,0.000000,1100,1800,2300,2600,3000,3200,3800,4200,5300,6800,6800,3049,0,1100,1390.8334214506208,61.302100075408816,6849.274100037292,4865.277468022302
1791153290,1000,,Aggregated,253.900000,0.000000,1000,1600,2200,2500,3000,3200,3700,4100,5300,6800,6800,3422,0,1000,1326.8527728825559,60.28480001259595,6849.274100037292,4861.600526008182
1791153291,1000,,Aggregated,261.200000,0.000000,940,1400,1900,2300,2900,3100,3500,4100,5300,6800,6800,3857,0,940,1243.130704616235,30.246000038459897,6849.274100037292,4869.258491055224
1791153292,1000,,Aggregated,259.600000,0.000000,860,1300,1800,2200,2900,3100,3500,4000,5100,6800,6800,4232,0,860,1180.2346648167315,30.246000038459897,6849.274100037292,4857.275283553875
1791153293,1000,,Aggregated,267.900000,0.000000,880,1300,1800,2200,2800,3100,3400,4000,5100,6800,6800,4404,0,880,1176.7906903506916,30.246000038459897,6849.274100037292,4850.572888283379
1791153294,1000,,Aggregated,286.400000,0.000000,910,1400,1800,2200,2800,3100,3400,4000,5100,6800,6800,4602,0,910,1204.1362852898287,30.246000038459897,6849.274100037292,4843.203824424163
1791153296,1000,,Aggregated,294.400000,0.000000,940,1400,2000,2300,2900,3200,3500,4000,5100,6800,6800,4828,0,940,1243.2903189321266,30.246000038459897,6849.274100037292,4830.6195111847555
1791153297,1000,,Aggregated,295.200000,0.000000,990,1600,2200,2400,3100,3300,3700,4000,5100,6800,6800,5110,0,990,1322.7166098247715,30.246000038459897,6849.274100037292,4822.568688845401
1791153298,1000,,Aggregated,280.600000,0.000000,1000,1700,2300,2600,3200,3500,3900,4100,5100,6800,6800,5352,0,1000,1383.441976663645,30.246000038459897,6849.274100037292,4823.368086696562
1791153299,1000,,Aggregated,277.900000,0.000000,1100,1800,2300,2700,3300,3600,4000,4200,6100,6800,6800,5640,0,1100,1450.1214424297436,30.246000038459897,6849.274100037292,4813.436347517731
1791153300,1000,,Aggregated,271.700000,0.000000,1100,1800,2400,2700,3300,3700,4100,4700,6200,6800,6800,6102,0,1100,1480.1403156185263,30.246000038459897,6849.274100037292,4811.905276958374
1791153301,1000,,Aggregated,246.600000,0.000000,1000,1700,2300,2600,3200,3700,4100,4800,6300,7100,7100,6574,0,1000,1442.1060261037037,30.246000038459897,7122.588200028986,4808.009735320961
1791153302,1000,,Aggregated,254.400000,0.000000,980,1600,2200,2500,3200,3600,4100,4700,6300,7100,7100,6964,0,980,1378.134908587856,30.246000038459897,7122.588200028986,4804.409103963239
1791153303,1000,,Aggregated,254.900000,0.000000,950,1500,2100,2500,3200,3600,4100,4700,6300,7100,7100,7284,0,950,1345.0545640452003,30.246000038459897,7122.588200028986,4798.015925315761
1791153305,1000,,Aggregated,260.000000,0.000000,940,1500,2000,2400,3100,3600,4000,4600,6300,7100,7100,7619,0,940,1324.2547145302044,30.246000038459897,7122.588200028986,4802.849849061557
1791153306,1000,,Aggregated,290.500000,0.000000,940,1500,2000,2300,3100,3500,4000,4600,6200,7100,7100,8003,0,940,1315.9315817198287,30.246000038459897,7122.588200028986,4797.88529301512
1791153307,1000,,Aggregated,301.700000,0.000000,950,1500,1900,2300,3100,3500,4000,4600,6200,7100,7100,8318,0,950,1316.8753520320106,30.246000038459897,7122.588200028986,4800.939168069247
1791153308,1000,,Aggregated,317.200000,0.000000,980,1500,1900,2300,3100,3500,4000,4500,6200,7100,7100,8696,0,980,1322.365382268002,30.246000038459897,7122.588200028986,4794.698367065317
1791153309,1000,,Aggregated,316.300000,0.000000,960,1500,1800,2200,3000,3500,4000,4400,6200,7100,7100,9061,0,960,1300.5964855979066,30.246000038459897,7122.588200028986,4797.560423794283
1791153310,1000,,Aggregated,312.700000,0.000000,970,1500,1800,2200,3000,3500,3900,4400,6200,7100,7100,9354,0,970,1295.308717180036,30.246000038459897,7122.588200028986,4802.769724182168
1791153312,1000,,Aggregated,332.300000,0.000000,980,1500,1800,2200,3000,3500,3900,4400,6200,7100,7100,9679,0,980,1299.0802509869625,30.246000038459897,7122.588200028986,4800.463064366154
1791153313,1000,,Aggregated,306.700000,0.000000,980,1500,1800,2100,3000,3400,3900,4300,6200,6900,7100,10055,0,980,1291.140536787839,30.246000038459897,7122.588200028986,4806.512083540527
1791153314,1000,,Aggregated,293.600000,0.000000,980,1500,1800,2100,3000,3400,3900,4300,6200,6900,7100,10368,0,980,1290.294058835021,30.246000038459897,7122.588200028986,4804.824074074074
1791153315,1000,,Aggregated,293.400000,0.000000,990,1500,1800,2100,2900,3400,3900,4300,6200,6900,7100,10752,0,990,1295.4975904485532,30.246000038459897,7122.588200028986,4798.6293712797615
1791153316,1000,,Aggregated,291.300000,0.000000,990,1500,1800,2100,2900,3400,3900,4200,6200,6900,7100,11135,0,990,1288.2400105614606,30.246000038459897,7122.588200028986,4795.508756174226
1791153318,1000,,Aggregated,287.700000,0.000000,1000,1500,1800,2100,2900,3400,3800,4200,6200,6900,7100,11444,0,1000,1291.1601047187144,30.246000038459897,7122.588200028986,4789.290020971688
1791153319,1000,,Aggregated,295.200000,0.000000,1000,1500,1800,2000,2900,3400,3800,4200,6200,6900,7100,11733,0,1000,1280.46083211477,30.246000038459897,7122.588200028986,4786.809511633854
1791153320,1000,,Aggregated,306.100000,0.000000,1000,1500,1800,2000,2900,3300,3800,4200,6100,6900,7100,12072,0,1000,1278.7961588470532,30.246000038459897,7122.588200028986,4791.014579191517
1791153321,1000,,Aggregated,292.200000,0.000000,1000,1500,1800,2000,2800,3300,3800,4200,6100,6900,7100,12458,0,1000,1280.0103806070244,30.246000038459897,7122.588200028986,4794.681971423985
1791153322,1000,,Aggregated,291.900000,0.000000,1000,1500,1800,2000,2800,3300,3800,4200,6100,6900,7100,12801,0,1000,1278.7572393253267,30.246000038459897,7122.588200028986,4794.7854855089445
1791153323,1000,,Aggregated,298.500000,0.000000,1000,1500,1800,2000,2800,3300,3800,4200,6100,6900,7100,13138,0,1000,1277.763848211636,30.246000038459897,7122.588200028986,4796.406378444208
1791153325,1000,,Aggregated,292.000000,0.000000,1000,1500,1800,2000,2800,3300,3800,4200,6100,6900,7100,13561,0,1000,1277.6796545539485,30.246000038459897,7122.588200028986,4798.954059435145
1791153326,1000,,Aggregated,297.900000,0.000000,1000,1500,1700,2000,2800,3300,3800,4200,6100,6900,7100,13916,0,1000,1278.4218891855162,30.246000038459897,7122.588200028986,4802.55590686979
1791153327,1000,,Aggregated,300.000000,0.000000,1000,1500,1700,1900,2700,3300,3800,4200,6100,6900,7100,14274,0,1000,1274.5271552895974,30.246000038459897,7122.588200028986,4801.501961608519
1791153328,1000,,Aggregated,294.700000,0.000000,1000,1500,1700,1900,2700,3300,3800,4100,6100,6900,7100,14608,0,1000,1272.2384959888152,30.246000038459897,7122.588200028986,4798.362883351589
1791153330,1000,,Aggregated,290.800000,0.000000,1000,1500,1700,1900,2700,3200,3800,4100,6100,6900,7100,14992,0,1000,1276.2802238598317,30.246000038459897,7122.588200028986,4794.18022945571
1791153331,1000,,Aggregated,288.600000,0.000000,1100,1500,1700,1900,2700,3200,3800,4100,6000,6900,7100,15336,0,1100,1279.9240383285082,30.246000038459897,7122.588200028986,4794.729134063641
1791153332,1000,,Aggregated,287.500000,0.000000,1000,1500,1700,1900,2700,3200,3800,4100,6000,6900,7100,15615,0,1000,1274.632583240864,30.246000038459897,7122.588200028986,4794.460390650016
1791153333,1000,,Aggregated,283.200000,0.000000,1000,1500,1700,1900,2600,3200,3700,4100,6000,6900,7100,15875,0,1000,1272.2655420035403,30.246000038459897,7122.588200028986,4796.992503937008
1791153334,1000,,Aggregated,283.600000,0.000000,1000,1500,1800,2000,2600,3200,3700,4100,5900,6900,7100,16177,0,1000,1275.0003273479233,30.246000038459897,7122.588200028986,4794.8840947023555
1791153335,1000,,Aggregated,282.800000,0.000000,1100,1500,1800,2000,2600,3200,3700,4100,5900,6900,7100,16508,0,1100,1283.8103323543733,30.246000038459897,7122.588200028986,4798.02695662709
1791153336,1000,,Aggregated,280.700000,0.000000,1100,1500,1800,2000,2600,3200,3800,4100,6000,7100,7300,16884,0,1100,1286.5175871124022,30.246000038459897,7310.24709995836,4796.714285714285
1791153337,1000,,Aggregated,282.000000,0.000000,1100,1500,1800,2000,2600,3200,3800,4100,5900,7100,7300,17224,0,1100,1287.047458395569,30.246000038459897,7310.24709995836,4800.2933697166745
1791153339,1000,,Aggregated,285.200000,0.000000,1100,1500,1800,2000,2600,3200,3800,4100,6000,7100,7300,17647,0,1100,1282.3959902196705,30.246000038459897,7310.24709995836,4801.016943389811
1791153340,1000,,Aggregated,287.400000,0.000000,1100,1500,1700,1900,2600,3200,3700,4100,6000,7100,7300,17972,0,1100,1279.357352660149,30.246000038459897,7310.24709995836,4799.386490095704
1791153341,1000,,Aggregated,298.000000,0.000000,1100,1500,1700,1900,2600,3200,3700,4100,5900,7100,7300,18257,0,1100,1282.4525533826784,30.246000038459897,7310.24709995836,4801.506326340582
1791153342,1000,,Aggregated,294.500000,0.000000,1100,1500,1700,1900,2500,3200,3700,4100,5900,7100,7300,18551,0,1100,1276.542284356998,30.246000038459897,7310.24709995836,4802.498787127379
1791153343,1000,,Aggregated,283.700000,0.000000,1100,1500,1700,1900,2500,3100,3700,4100,5900,7100,7300,18846,0,1100,1277.0466611115246,30.246000038459897,7310.24709995836,4802.705189430118
1791153344,1000,,Aggregated,285.100000,0.000000,1100,1500,1800,2000,2600,3100,3700,4100,5800,7100,7300,19155,0,1100,1283.8422159022255,30.246000038459897,7310.24709995836,4803.540903158444
1791153345,1000,,Aggregated,288.200000,0.000000,1100,1500,1800,2000,2600,3200,3700,4100,5800,7100,7300,19490,0,1100,1285.76905703477,30.246000038459897,7310.24709995836,4801.083324781939
1791153347,1000,,Aggregated,293.500000,0.000000,1100,1500,1800,2000,2600,3200,3700,4100,5800,7100,7300,19862,0,1100,1288.751608594693,30.246000038459897,7310.24709995836,4798.460980767294
1791153348,1000,,Aggregated,282.100000,0.000000,1100,1500,1800,2000,2600,3200,3700,4100,5800,6900,7300,20233,0,1100,1290.0626987598293,30.246000038459897,7310.24709995836,4799.247961251421
1791153349,1000,,Aggregated,284.000000,0.000000,1100,1500,1800,2000,2600,3100,3700,4100,5800,6900,7300,20527,0,1100,1292.6079655870985,30.246000038459897,7310.24709995836,4800.7922735908805
1791153350,1000,,Aggregated,281.300000,0.000000,1100,1500,1800,2000,2600,3100,3700,4100,5900,6900,7300,20935,0,1100,1293.6430215145524,30.246000038459897,7310.24709995836,4799.572534033914
1791153352,1000,,Aggregated,278.900000,0.000000,1100,1500,1700,1900,2500,3100,3700,4100,5800,6900,7300,21342,0,1100,1290.9287501548952,30.246000038459897,7310.24709995836,4798.134898322556
1791153353,1000,,Aggregated,288.800000,0.000000,1100,1500,1700,1900,2500,3100,3700,4100,5800,6900,7300,21647,0,1100,1289.1513404493087,30.246000038459897,7310.24709995836,4800.169815678847
1791153354,1000,,Aggregated,286.400000,0.000000,1100,1500,1700,1900,2500,3100,3700,4100,5800,6900,7300,22038,0,1100,1288.0948244262472,30.246000038459897,7310.24709995836,4798.945321717034
1791153356,1000,,Aggregated,286.000000,0.000000,1100,1500,1700,1900,2500,3100,3700,4100,5800,6900,7300,22378,0,1100,1285.260176343063,30.246000038459897,7310.24709995836,4800.110420949147
1791153357,1000,,Aggregated,285.500000,0.000000,1100,1500,1700,1900,2500,3100,3700,4100,5800,6900,7300,22707,0,1100,1285.1360391819844,30.246000038459897,7310.24709995836,4799.928127890078
1791153358,1000,,Aggregated,284.900000,0.000000,1100,1500,1700,1900,2500,3100,3700,4100,5800,6900,7300,22989,0,1100,1282.6632427292973,30.246000038459897,7310.24709995836,4799.941493757884
1791153359,1000,,Aggregated,287.100000,0.000000,1100,1500,1700,1900,2500,3100,3700,4100,5800,6900,7300,23373,0,1100,1286.1154234118967,30.246000038459897,7310.24709995836,4800.069738587259
1791153360,1000,,Aggregated,290.400000,0.000000,1100,1500,1700,1900,2500,3100,3700,4100,5800,6900,7300,23707,0,1100,1292.6260328428411,30.246000038459897,7310.24709995836,4804.003079259291
1791153362,1000,,Aggregated,283.700000,0.000000,1100,1500,1700,1900,2500,3100,3700,4100,5800,6900,7300,24116,0,1100,1293.8586546486224,30.246000038459897,7310.24709995836,4802.995438712887
1791153363,1000,,Aggregated,280.100000,0.000000,1100,1500,1700,1900,2500,3100,3700,4100,5800,6900,7300,24530,0,1100,1289.2858011783972,30.246000038459897,7310.24709995836,4803.034162250306
1791153364,1000,,Aggregated,283.100000,0.000000,1100,1500,1700,1900,2500,3100,3700,4100,5800,6900,7300,24803,0,1100,1287.102529932065,30.246000038459897,7310.24709995836,4804.433415312664
1791153365,1000,,Aggregated,286.200000,0.000000,1100,1500,1700,1900,2500,3100,3700,4100,5700,6900,7300,25010,0,1100,1284.3096285128042,30.246000038459897,7310.24709995836,4802.948900439824
1791153366,1000,,Aggregated,289.300000,0.000000,1100,1500,1700,1900,2500,3100,3700,4100,5700,6900,7300,25344,0,1100,1285.48436029851,30.246000038459897,7310.24709995836,4802.394373421717
1791153367,1000,,Aggregated,280.000000,0.000000,1100,1500,1700,1900,2500,3100,3700,4000,5700,6900,7300,25676,0,1100,1291.444739780554,30.246000038459897,7310.24709995836,4800.932427169341
1791153368,1000,,Aggregated,284.300000,0.000000,1100,1500,1700,1900,2500,3100,3700,4100,5700,6900,7300,25981,0,1100,1294.1026350642542,30.246000038459897,7310.24709995836,4800.647396174128
1791153370,1000,,Aggregated,284.000000,0.000000,1100,1500,1700,1900,2500,3100,3700,4100,5700,6900,7300,26362,0,1100,1295.4490802520868,30.246000038459897,7310.24709995836,4800.367460738942
1791153371,1000,,Aggregated,287.300000,0.000000,1100,1500,1800,2000,2500,3100,3700,4100,5700,6900,7300,26709,0,1100,1300.9735668128762,30.246000038459897,7310.24709995836,4799.83028192744
1791153372,1000,,Aggregated,279.300000,0.000000,1100,1500,1700,1900,2500,3100,3700,4100,5700,6900,7300,27104,0,1100,1299.8775625038315,30.246000038459897,7310.24709995836,4799.9899276859505
1791153373,1000,,Aggregated,283.500000,0.000000,1100,1500,1700,1900,2500,3100,3700,4100,5700,7100,8400,27432,0,1100,1296.7048889327668,30.246000038459897,8446.836299961433,4797.991907261592
1791153374,1000,,Aggregated,285.100000,0.000000,1100,1500,1700,1900,2500,3000,3700,4100,5700,7100,8400,27727,0,1100,1296.4541633463239,30.246000038459897,8446.836299961433,4798.774407617124
1791153376,1000,,Aggregated,285.500000,0.000000,1100,1500,1700,1900,2500,3000,3700,4100,5700,7100,8400,28122,0,1100,1294.933611997875,30.246000038459897,8446.836299961433,4799.374617737003
1791153377,1000,,Aggregated,289.300000,0.000000,1100,1500,1700,1900,2500,3000,3700,4100,5700,7100,8400,28472,0,1100,1294.4108085278247,30.246000038459897,8446.836299961433,4799.517982579377
1791153378,1000,,Aggregated,294.000000,0.000000,1100,1500,1700,1900,2500,3000,3700,4100,5700,7100,8400,28789,0,1100,1292.9438798813578,30.246000038459897,8446.836299961433,4801.199034353399
1791153379,1000,,Aggregated,294.300000,0.000000,1100,1500,1700,1900,2500,3000,3700,4100,5700,7100,8400,29053,0,1100,1292.2632745983226,30.246000038459897,8446.836299961433,4801.21705159536
1791153380,1000,,Aggregated,296.000000,0.000000,1100,1500,1700,1900,2500,3000,3700,4100,5700,7100,8400,29320,0,1100,1291.836356770284,30.246000038459897,8446.836299961433,4801.839529331514
1791153381,1000,,Aggregated,293.200000,0.000000,1100,1500,1700,1900,2500,3000,3700,4100,5700,7100,8400,29670,0,1100,1293.882945982669,30.246000038459897,8446.836299961433,4803.512167172228
1791153382,1000,,Aggregated,294.400000,0.000000,1100,1500,1700,1900,2500,3000,3700,4100,5600,6900,8400,30010,0,1100,1296.9086231424765,30.246000038459897,8446.836299961433,4805.481672775742
1791153383,1000,,Aggregated,298.300000,0.000000,1100,1500,1700,1900,2500,3000,3700,4100,5700,7100,8400,30400,0,1100,1299.781744223863,30.246000038459897,8446.836299961433,4805.523947368421
1791153384,1000,,Aggregated,295.000000,0.000000,1100,1500,1700,1900,2500,3000,3700,4100,5700,7100,8400,30773,0,1100,1297.4633976474868,30.246000038459897,8446.836299961433,4805.233808858415
1791153386,1000,,Aggregated,291.200000,0.000000,1100,1500,1700,1900,2500,3000,3700,4100,5700,7100,8400,31164,0,1100,1293.9092734053647,30.246000038459897,8446.836299961433,4806.929566166089
1791153387,1000,,Aggregated,297.400000,0.000000,1100,1500,1700,1900,2500,3000,3700,4100,5700,7100,8400,31491,0,1100,1291.717280175449,30.246000038459897,8446.836299961433,4807.922803340637
1791153388,1000,,Aggregated,296.200000,0.000000,1100,1500,1700,1900,2400,3000,3700,4100,5700,7100,8400,31803,0,1100,1288.9607087288546,30.246000038459897,8446.836299961433,4808.7182026852815
1791153389,1000,,Aggregated,292.700000,0.000000,1100,1500,1700,1900,2400,3000,3700,4100,5700,7100,8400,32174,0,1100,1289.452178293153,30.246000038459897,8446.836299961433,4810.150245539877
1791153391,1000,,Aggregated,297.800000,0.000000,1100,1500,1700,1900,2400,3000,3600,4100,5700,7100,8400,32542,0,1100,1288.3340667385148,30.246000038459897,8446.836299961433,4809.8150082969705
1791153392,1000,,Aggregated,305.100000,0.000000,1100,1500,1700,1900,2400,3000,3600,4100,5700,7100,8400,32845,0,1100,1292.178210184335,30.246000038459897,8446.836299961433,4807.574577561272
1791153393,1000,,Aggregated,292.800000,0.000000,1100,1500,1700,1900,2400,3000,3600,4000,5600,7100,8400,33254,0,1100,1291.4381014526211,30.246000038459897,8446.836299961433,4808.095447164251
1791153394,1000,,Aggregated,285.600000,0.000000,1100,1500,1700,1900,2400,3000,3600,4000,5600,7100,8400,33562,0,1100,1291.0399308534943,30.246000038459897,8446.836299961433,4808.6758238484
1791153395,1000,,Aggregated,288.200000,0.000000,1100,1500,1700,1900,2400,3000,3600,4000,5600,7100,8400,33845,0,1100,1292.7791435693393,30.246000038459897,8446.836299961433,4808.236726252031
1791153396,1000,,Aggregated,294.600000,0.000000,1100,1500,1700,1900,2400,3000,3600,4000,5600,7100,8400,34076,0,1100,1292.329315333477,30.246000038459897,8446.836299961433,4807.866768400047
1791153397,1000,,Aggregated,283.700000,0.000000,1100,1500,1700,1900,2400,3000,3600,4000,5600,7100,8400,34342,0,1100,1293.8223909761634,30.246000038459897,8446.836299961433,4807.2600314483725
1791153399,1000,,Aggregated,280.200000,0.000000,1100,1500,1700,1900,2400,3000,3600,4000,5600,7100,8400,34696,0,1100,1300.7296583295572,30.246000038459897,8446.836299961433,4806.8080758588885
1791153400,1000,,Aggregated,271.000000,0.000000,1200,1500,1700,1900,2400,3000,3600,4100,5600,7100,8400,35036,0,1200,1303.329565327166,30.246000038459897,8446.836299961433,4805.552517410663
1791153401,1000,,Aggregated,272.900000,0.000000,1100,1500,1700,1900,2400,3000,3700,4100,5600,7100,8400,35307,0,1100,1302.0199508427197,30.246000038459897,8446.836299961433,4805.807063755063
1791153402,1000,,Aggregated,274.500000,0.000000,1200,1500,1700,1900,2400,3000,3700,4100,5700,7100,8400,35673,0,1200,1303.2801151179897,30.246000038459897,8446.836299961433,4805.061559162392
1791153403,1000,,Aggregated,280.100000,0.000000,1200,1500,1700,1900,2400,3000,3700,4100,5700,7100,8400,36038,0,1200,1304.590218588807,30.246000038459897,8446.836299961433,4805.182113324824
1791153404,1000,,Aggregated,285.900000,0.000000,1200,1500,1700,1900,2400,3000,3700,4100,5700,7100,8400,36379,0,1200,1302.8120364221859,30.246000038459897,8446.836299961433,4805.457159350174
1791153405,1000,,Aggregated,286.700000,0.000000,1200,1500,1700,1900,2400,3000,3600,4100,5700,7100,8400,36787,0,1200,1301.0068498600908,30.246000038459897,8446.836299961433,4805.476282382363
1791153407,1000,,Aggregated,289.900000,0.000000,1100,1500,1700,1900,2400,3000,3600,4100,5700,7100,8400,37161,0,1100,1298.5894682113556,30.246000038459897,8446.836299961433,4805.0299238448915
1791153408,1000,,Aggregated,293.900000,0.000000,1100,1500,1700,1900,2400,3000,3600,4100,5700,7100,8400,37526,0,1100,1297.4412980067245,30.246000038459897,8446.836299961433,4804.720087406065
1791153409,1000,,Aggregated,299.200000,0.000000,1100,1500,1700,1900,2400,3000,3600,4100,5700,7100,8400,37893,0,1100,1296.225480547867,30.246000038459897,8446.836299961433,4802.255508933048
1791153410,1000,,Aggregated,301.200000,0.000000,1100,1500,1700,1900,2400,3000,3600,4000,5700,7100,8400,38257,0,1100,1294.1085534595334,30.246000038459897,8446.836299961433,4801.636458687299
1791153411,1000,,Aggregated,294.100000,0.000000,1100,1500,1700,1900,2400,3000,3600,4000,5700,7100,8400,38483,0,1100,1292.7111817634,30.246000038459897,8446.836299961433,4802.364238754775
1791153412,1000,,Aggregated,301.300000,0.000000,1100,1500,1700,1900,2400,3000,3600,4000,5700,7100,8400,38723,0,1100,1293.9527255610703,30.246000038459897,8446.836299961433,4803.0868992588385
1791153413,1000,,Aggregated,304.300000,0.000000,1200,1500,1700,1900,2400,3000,3600,4000,5600,7100,8400,39041,0,1200,1298.0322447350497,30.246000038459897,8446.836299961433,4802.174944289337
1791153414,1000,,Aggregated,291.900000,0.000000,1200,1500,1700,1900,2400,3000,3600,4000,5600,7100,8400,39345,0,1200,1299.5889054238658,30.246000038459897,8446.836299961433,4801.036268903292
1791153416,1000,,Aggregated,288.200000,0.000000,1200,1500,1700,1900,2400,3000,3600,4000,5600,7100,8400,39695,0,1200,1300.3668476710327,30.246000038459897,8446.836299961433,4801.8119662426
1791153417,1000,,Aggregated,285.000000,0.000000,1200,1500,1700,1900,2400,3000,3600,4000,5600,6900,8400,40048,0,1200,1303.0604655788475,30.246000038459897,8446.836299961433,4801.8702806632045
1791153418,1000,,Aggregated,284.500000,0.000000,1200,1500,1700,1900,2400,3000,3600,4000,5600,6900,8400,40360,0,1200,1302.1711505699163,30.246000038459897,8446.836299961433,4802.79360753221
1791153419,1000,,Aggregated,286.600000,0.000000,1200,1500,1700,1900,2400,3000,3600,4000,5600,6900,8400,40719,0,1200,1301.215021095863,30.246000038459897,8446.836299961433,4803.917360445984
1791153420,1000,,Aggregated,291.700000,0.000000,1200,1500,1700,1900,2400,2900,3600,4000,5600,6900,8400,41103,0,1200,1300.8051134418954,30.246000038459897,8446.836299961433,4803.382380848113
1791153421,1000,,Aggregated,292.700000,0.000000,1200,1500,1700,1900,2400,2900,3600,4000,5600,6900,8400,41401,0,1200,1299.1472465641953,30.246000038459897,8446.836299961433,4804.383565614357
1791153422,1000,,Aggregated,281.600000,0.000000,1200,1500,1700,1900,2400,2900,3600,4000,5600,6900,8400,41717,0,1200,1296.5320574467305,30.246000038459897,8446.836299961433,4804.726082891867
1791153424,1000,,Aggregated,294.000000,0.000000,1200,1500,1700,1900,2400,2900,3600,4000,5600,6900,8400,42114,0,1200,1296.5715458827192,30.246000038459897,8446.836299961433,4804.648786626775
1791153425,1000,,Aggregated,303.300000,0.000000,1200,1500,1700,1900,2400,2900,3600,4000,5600,6900,8400,42444,0,1200,1296.8646045684704,30.246000038459897,8446.836299961433,4803.80461313731
1791153426,1000,,Aggregated,304.300000,0.000000,1200,1500,1700,1900,2400,2900,3600,4000,5600,6900,8400,42829,0,1200,1294.173517609686,30.246000038459897,8446.836299961433,4804.202339536296
1791153427,1000,,Aggregated,304.900000,0.000000,1200,1500,1700,1900,2400,2900,3600,4000,5600,6900,8400,43213,0,1200,1292.282961284919,30.246000038459897,8446.836299961433,4803.055978524981
1791153428,1000,,Aggregated,305.000000,0.000000,1200,1500,1700,1900,2400,2900,3600,4000,5600,6900,8400,43532,0,1200,1290.5626982427698,30.246000038459897,8446.836299961433,4803.556533125057
1791153429,1000,,Aggregated,304.400000,0.000000,1100,1500,1700,1900,2400,2900,3600,4000,5600,6900,8400,43807,0,1100,1288.2254175246867,30.246000038459897,8446.836299961433,4803.896249457849
1791153430,1000,,Aggregated,298.200000,0.000000,1100,1500,1700,1900,2400,2900,3600,4000,5600,6900,8400,44153,0,1100,1288.2107876543514,30.246000038459897,8446.836299961433,4803.4103911399
1791153432,1000,,Aggregated,302.400000,0.000000,1200,1500,1700,1900,2400,2900,3600,4000,5600,6900,8400,44537,0,1200,1290.229219673593,30.246000038459897,8446.836299961433,4802.938365853111
1791153433,1000,,Aggregated,298.300000,0.000000,1100,1500,1700,1900,2400,2900,3600,4000,5600,6900,8400,44921,0,1100,1289.6902518666445,30.246000038459897,8446.836299961433,4801.868168562588
1791153434,1000,,Aggregated,302.400000,0.000000,1200,1500,1700,1900,2400,2900,3600,4000,5600,6900,8400,45236,0,1200,1290.2040914073148,30.246000038459897,8446.836299961433,4800.620766646034
1791153435,1000,,Aggregated,303.200000,0.000000,1200,1500,1700,1900,2400,2900,3600,4000,5600,6900,8400,45626,0,1200,1289.203638633694,30.246000038459897,8446.836299961433,4801.46013238066
1791153437,1000,,Aggregated,289.600000,0.000000,1200,1500,1700,1900,2400,2900,3600,4000,5600,6900,8400,45944,0,1200,1288.295256057352,30.246000038459897,8446.836299961433,4800.730106216263
1791153438,1000,,Aggregated,290.600000,0.000000,1200,1500,1700,1900,2400,2900,3600,4000,5600,6900,8400,46275,0,1200,1287.9342783857185,30.246000038459897,8446.836299961433,4799.312566180443
1791153439,1000,,Aggregated,288.100000,0.000000,1200,1500,1700,1900,2400,2900,3600,4000,5600,6900,8400,46539,0,1200,1287.4545056189384,30.246000038459897,8446.836299961433,4799.154408130815
1791153440,1000,,Aggregated,291.500000,0.000000,1200,1500,1700,1900,2400,2900,3600,4000,5600,6900,8400,46806,0,1200,1287.8849473977607,30.246000038459897,8446.836299961433,4799.191364354997
1791153441,1000,,Aggregated,286.500000,0.000000,1200,1500,1700,1900,2400,2900,3500,4000,5600,6900,8400,47189,0,1200,1290.1382005976193,30.246000038459897,8446.836299961433,4799.101676238106
1791153442,1000,,Aggregated,282.600000,0.000000,1200,1500,1700,1900,2400,2900,3500,4000,5600,6900,8400,47568,0,1200,1289.4799611419892,30.246000038459897,8446.836299961433,4798.483455264043
1791153443,1000,,Aggregated,287.900000,0.000000,1200,1500,1700,1900,2400,2900,3500,4000,5600,6900,8400,47903,0,1200,1289.1981919901482,30.246000038459897,8446.836299961433,4798.497066989541
1791153444,1000,,Aggregated,290.900000,0.000000,1200,1500,1700,1900,2400,2900,3500,4000,5500,6900,8400,48213,0,1200,1287.3694195446137,30.246000038459897,8446.836299961433,4797.589114968991
1791153446,1000,,Aggregated,288.700000,0.000000,1200,1500,1700,1900,2400,2900,3500,4000,5500,6900,8400,48511,0,1200,1287.4467900910288,30.246000038459897,8446.836299961433,4797.644946506978
1791153447,1000,,Aggregated,294.100000,0.000000,1200,1500,1700,1900,2400,2900,3500,4000,5500,6900,8400,48895,0,1200,1287.9659328194157,30.246000038459897,8446.836299961433,4797.381102362205
1791153448,1000,,Aggregated,288.500000,0.000000,1200,1500,1700,1900,2400,2900,3500,4000,5500,6900,8400,49246,0,1200,1286.1636775881534,30.246000038459897,8446.836299961433,4797.327782967144
1791153449,1000,,Aggregated,287.000000,0.000000,1200,1500,1700,1900,2400,2900,3500,4000,5500,6900,8400,49594,0,1200,1285.2286105518162,30.246000038459897,8446.836299961433,4796.155845465178
1791153450,1000,,Aggregated,297.200000,0.000000,1200,1500,1700,1900,2400,2900,3500,4000,5500,6900,8400,49978,0,1200,1284.3852646685748,30.246000038459897,8446.836299961433,4796.577073912522
1791153451,1000,,Aggregated,299.100000,0.000000,1200,1500,1700,1900,2400,2900,3500,4000,5500,6800,8400,50308,0,1200,1283.7925583169208,30.246000038459897,8446.836299961433,4795.6545678619705
1791153453,1000,,Aggregated,302.000000,0.000000,1200,1500,1700,1900,2400,2900,3500,4000,5500,6800,8400,50678,0,1200,1282.8896769447786,30.246000038459897,8446.836299961433,4795.557125379849
1791153454,1000,,Aggregated,294.500000,0.000000,1200,1500,1700,1900,2400,2900,3500,4000,5500,6800,8400,51064,0,1200,1282.7356625922137,30.246000038459897,8446.836299961433,4795.348092589691
1791153455,1000,,Aggregated,293.200000,0.000000,1100,1500,1700,1800,2400,2900,3500,3900,5500,6800,8400,51445,0,1100,1280.637625996872,30.246000038459897,8446.836299961433,4795.278180581203
1791153456,1000,,Aggregated,297.700000,0.000000,1100,1500,1700,1800,2400,2900,3500,3900,5500,6800,8400,51818,0,1100,1277.9491902004302,30.246000038459897,8446.836299961433,4795.216488478907
1791153457,1000,,Aggregated,299.600000,0.000000,1100,1500,1700,1800,2400,2900,3500,3900,5500,6800,8400,52163,0,1100,1276.6628449227567,30.246000038459897,8446.836299961433,4794.873703582999
1791153459,1000,,Aggregated,310.500000,0.000000,1100,1500,1700,1800,2300,2900,3500,3900,5500,6800,8400,52547,0,1100,1275.3477915619605,30.246000038459897,8446.836299961433,4794.6902392144175
1791153460,1000,,Aggregated,300.000000,0.000000,1100,1500,1700,1800,2300,2800,3500,3900,5500,6800,8400,52847,0,1100,1275.376602537663,30.246000038459897,8446.836299961433,4795.032187257555
1791153461,1000,,Aggregated,301.800000,0.000000,1100,1500,1700,1800,2300,2800,3500,3900,5500,6800,8400,53254,0,1100,1273.9128994743867,30.246000038459897,8446.836299961433,4795.37985878995
1791153462,1000,,Aggregated,299.000000,0.000000,1100,1400,1700,1800,2300,2800,3500,3900,5500,6800,8400,53569,0,1100,1273.0147102336812,30.246000038459897,8446.836299961433,4795.647090668111
1791153463,1000,,Aggregated,300.000000,0.000000,1100,1400,1700,1800,2300,2800,3500,3900,5500,6800,8400,53898,0,1100,1272.1778021671762,30.246000038459897,8446.836299961433,4796.218227021411
1791153464,1000,,Aggregated,306.800000,0.000000,1100,1400,1700,1800,2300,2800,3500,3900,5400,6800,8400,54243,0,1100,1271.6435091036035,30.246000038459897,8446.836299961433,4796.070147300113
1791153466,1000,,Aggregated,302.900000,0.000000,1100,1400,1700,1800,2300,2800,3500,3900,5400,6800,8400,54582,0,1100,1270.9133300063227,30.246000038459897,8446.836299961433,4795.585907442014
1791153467,1000,,Aggregated,300.600000,0.000000,1100,1400,1700,1800,2300,2800,3500,3900,5500,6800,8400,54948,0,1100,1270.5480976615258,30.246000038459897,8446.836299961433,4795.639732110359
1791153468,1000,,Aggregated,296.100000,0.000000,1100,1400,1700,1800,2300,2800,3500,3900,5400,6800,8400,55330,0,1100,1269.6903911766697,30.246000038459897,8446.836299961433,4795.545219591541
1791153469,1000,,Aggregated,296.600000,0.000000,1100,1400,1700,1800,2300,2800,3500,3900,5400,6800,8400,55659,0,1100,1268.9539023519246,30.246000038459897,8446.836299961433,4795.749402612336
1791153470,1000,,Aggregated,298.500000,0.000000,1100,1400,1700,1800,2300,2800,3500,3900,5400,6800,8400,55947,0,1100,1268.8661363595095,30.246000038459897,8446.836299961433,4794.565427994352
1791153472,1000,,Aggregated,298.500000,0.000000,1100,1400,1700,1800,2300,2800,3500,3900,5400,6800,8400,56297,0,1100,1269.3290989751786,30.246000038459897,8446.836299961433,4794.766417393467
1791153473,1000,,Aggregated,289.500000,0.000000,1100,1400,1700,1800,2300,2800,3500,3900,5400,6800,8400,56721,0,1100,1270.674402799798,30.246000038459897,8446.836299961433,4795.012305847922
1791153474,1000,,Aggregated,285.500000,0.000000,1100,1400,1600,1800,2300,2800,3500,3900,5400,6800,8400,57117,0,1100,1268.427685570124,30.246000038459897,8446.836299961433,4795.109371990826
1791153475,1000,,Aggregated,291.600000,0.000000,1100,1400,1600,1800,2300,2800,3500,3900,5400,6800,8400,57376,0,1100,1267.965509751612,30.246000038459897,8446.836299961433,4794.33824247072
1791153476,1000,,Aggregated,292.900000,0.000000,1100,1400,1600,1800,2300,2800,3500,3900,5400,6800,8400,57659,0,1100,1267.0141498310456,30.246000038459897,8446.836299961433,4793.522953918729
1791153477,1000,,Aggregated,296.100000,0.000000,1100,1400,1600,1800,2300,2800,3500,3900,5400,6800,8400,57940,0,1100,1267.5230915293375,30.246000038459897,8446.836299961433,4792.944442526752
1791153478,1000,,Aggregated,290.000000,0.000000,1100,1400,1700,1800,2300,2800,3500,3900,5300,6800,8400,58198,0,1100,1268.9820668873385,30.246000038459897,8446.836299961433,4793.1474621121
1791153479,1000,,Aggregated,286.300000,0.000000,1100,1400,1700,1800,2300,2800,3500,3900,5400,6800,8400,58523,0,1100,1271.3771600090233,30.246000038459897,8446.836299961433,4793.098132358218
1791153481,1000,,Aggregated,283.400000,0.000000,1200,1500,1700,1800,2300,2800,3500,3900,5400,6800,8400,58830,0,1200,1273.119268589308,30.246000038459897,8446.836299961433,4792.526211116777
1791153482,1000,,Aggregated,282.800000,0.000000,1200,1500,1700,1800,2300,2800,3500,3900,5300,6800,8400,59159,0,1200,1274.6328375481219,30.246000038459897,8446.836299961433,4793.500447945367
1791153483,1000,,Aggregated,288.300000,0.000000,1200,1500,1700,1800,2300,2800,3500,3900,5500,6800,8400,59472,0,1200,1276.2878017539194,30.246000038459897,8446.836299961433,4793.105730427765
1791153484,1000,,Aggregated,287.300000,0.000000,1200,1500,1700,1800,2300,2800,3500,3900,5500,6800,8400,59879,0,1200,1276.1162351042885,30.246000038459897,8446.836299961433,4792.049917333289
1791153485,1000,,Aggregated,282.800000,0.000000,1200,1500,1700,1800,2300,2800,3500,3900,5500,6800,8400,60201,0,1200,1275.3738828442763,30.246000038459897,8446.836299961433,4792.81694656235
1791153487,1000,,Aggregated,279.400000,0.000000,1200,1400,1700,1800,2300,2800,3500,3900,5500,6800,8400,60585,0,1200,1275.4906303756648,30.246000038459897,8446.836299961433,4792.624131385656
1791153488,1000,,Aggregated,282.900000,0.000000,1200,1500,1700,1800,2300,2800,3500,3900,5500,6800,8400,60929,0,1200,1276.5355782518939,30.246000038459897,8446.836299961433,4792.949974560554
1791153489,1000,,Aggregated,288.400000,0.000000,1100,1400,1700,1800,2300,2800,3500,3900,5500,6800,8400,61296,0,1100,1273.8066345374878,30.246000038459897,8446.836299961433,4792.500962542417
1791153490,1000,,Aggregated,284.900000,0.000000,1100,1400,1700,1800,2300,2800,3500,3900,5500,6800,8400,61488,0,1100,1273.4022275063423,30.246000038459897,8446.836299961433,4791.855988160291
1791153491,1000,,Aggregated,294.900000,0.000000,1100,1400,1700,1800,2300,2800,3500,3900,5500,6800,8400,61717,0,1100,1274.1378234183326,30.246000038459897,8446.836299961433,4791.846978952314
1791153492,1000,,Aggregated,287.000000,0.000000,1200,1500,1700,1800,2300,2800,3500,3900,5500,6800,8400,62062,0,1200,1276.989151020098,30.246000038459897,8446.836299961433,4792.253987947536
1791153493,1000,,Aggregated,279.500000,0.000000,1200,1500,1700,1800,2300,2800,3500,4000,5500,6800,8400,62378,0,1200,1279.4264548640717,30.246000038459897,8446.836299961433,4791.675446471512
1791153494,1000,,Aggregated,277.500000,0.000000,1200,1500,1700,1800,2300,2800,3500,4000,5600,6800,8400,62690,0,1200,1280.5817677047576,30.246000038459897,8446.836299961433,4791.929223161589
1791153496,1000,,Aggregated,285.100000,0.000000,1200,1500,1700,1800,2300,2800,3500,4000,5600,6800,8400,63094,0,1200,1282.5112006420827,30.246000038459897,8446.836299961433,4792.080213649476
1791153497,1000,,Aggregated,282.500000,0.000000,1200,1500,1700,1800,2300,2800,3500,4000,5600,6800,8400,63478,0,1200,1283.2337410868638,30.246000038459897,8446.836299961433,4792.9191688459
1791153498,1000,,Aggregated,283.100000,0.000000,1200,1500,1700,1800,2300,2800,3500,4000,5600,6800,8400,63808,0,1200,1282.9029575995612,30.246000038459897,8446.836299961433,4793.232666750251
1791153499,1000,,Aggregated,276.400000,0.000000,1200,1500,1700,1800,2300,2800,3500,4000,5600,6800,8400,64216,0,1200,1281.8559159868707,30.246000038459897,8446.836299961433,4792.994113616544
1791153500,1000,,Aggregated,282.700000,0.000000,1200,1500,1700,1800,2300,2800,3500,4000,5600,6800,8400,64455,0,1200,1280.4689534126676,30.246000038459897,8446.836299961433,4792.193592428826
1791153501,1000,,Aggregated,282.200000,0.000000,1200,1500,1700,1800,2300,2800,3500,4000,5600,6800,8400,64782,0,1200,1280.860136098223,30.246000038459897,8446.836299961433,4791.896854064401
1791153503,1000,,Aggregated,286.000000,0.000000,1200,1500,1700,1800,2300,2800,3500,4000,5600,6800,8400,65091,0,1200,1282.3691244398576,30.246000038459897,8446.836299961433,4792.785177674333
1791153504,1000,,Aggregated,290.400000,0.000000,1200,1500,1700,1800,2300,2800,3500,4000,5600,6800,8400,65501,0,1200,1283.0077762555495,30.246000038459897,8446.836299961433,4793.020656173188
1791153505,1000,,Aggregated,285.100000,0.000000,1200,1500,1700,1800,2300,2800,3500,4000,5600,6800,8400,65828,0,1200,1283.5487285838074,30.246000038459897,8446.836299961433,4793.318527070547
1791153506,1000,,Aggregated,291.200000,0.000000,1200,1500,1700,1800,2300,2800,3500,4000,5500,6800,8400,66143,0,1200,1282.8205843507985,30.246000038459897,8446.836299961433,4793.680480171749
1791153507,1000,,Aggregated,292.700000,0.000000,1200,1500,1700,1800,2300,2800,3500,4000,5500,6800,8400,66592,0,1200,1282.0880303687225,30.246000038459897,8446.836299961433,4793.9385361605
1791153509,1000,,Aggregated,292.600000,0.000000,1200,1500,1700,1800,2300,2800,3500,3900,5500,6800,8400,66922,0,1200,1282.1482151178345,30.246000038459897,8446.836299961433,4793.770583664565
1791153510,1000,,Aggregated,293.400000,0.000000,1200,1500,1700,1800,2300,2800,3500,3900,5500,6800,8400,67336,0,1200,1280.6010860478018,30.246000038459897,8446.836299961433,4793.138707377926
1791153511,1000,,Aggregated,284.800000,0.000000,1200,1500,1700,1800,2300,2800,3500,3900,5500,6800,8400,67658,0,1200,1278.838376737658,30.246000038459897,8446.836299961433,4792.511336427326
1791153512,1000,,Aggregated,292.100000,0.000000,1200,1500,1700,1800,2300,2800,3500,3900,5500,6800,8400,67929,0,1200,1278.7097345392497,30.246000038459897,8446.836299961433,4791.904252970013
1791153513,1000,,Aggregated,302.000000,0.000000,1200,1500,1700,1800,2300,2800,3500,3900,5500,6800,8400,68225,0,1200,1278.0281356015712,30.246000038459897,8446.836299961433,4792.21947966288
1791153514,1000,,Aggregated,296.900000,0.000000,1200,1500,1700,1800,2300,2800,3500,3900,5500,6800,8400,68524,0,1200,1280.1161894010468,30.246000038459897,8446.836299961433,4791.890053120074
1791153515,1000,,Aggregated,295.900000,0.000000,1200,1500,1700,1800,2300,2800,3500,3900,5500,6800,8400,68835,0,1200,1280.9914527670148,30.246000038459897,8446.836299961433,4792.103203312268
1791153516,1000,,Aggregated,287.500000,0.000000,1200,1500,1700,1800,2300,2800,3500,3900,5500,6800,8400,69160,0,1200,1280.0005930815091,30.246000038459897,8446.836299961433,4792.346414112204
1791153518,1000,,Aggregated,294.400000,0.000000,1200,1500,1700,1800,2300,2800,3500,3900,5500,6800,8400,69549,0,1200,1281.655210847282,30.246000038459897,8446.836299961433,4791.807560137457
1791153519,1000,,Aggregated,292.600000,0.000000,1200,1500,1700,1800,2300,2800,3500,3900,5500,6800,8400,69857,0,1200,1282.9466149722643,30.246000038459897,8446.836299961433,4792.486551097241
1791153520,1000,,Aggregated,288.400000,0.000000,1200,1500,1700,1800,2300,2800,3500,3900,5500,6800,8400,70230,0,1200,1281.6963781862291,30.246000038459897,8446.836299961433,4791.833290616546
1791153521,1000,,Aggregated,294.900000,0.000000,1200,1500,1700,1800,2300,2800,3500,3900,5500,6800,8400,70568,0,1200,1280.3718975048,30.246000038459897,8446.836299961433,4792.140644484753
1791153522,1000,,Aggregated,292.000000,0.000000,1200,1500,1700,1800,2300,2800,3500,3900,5500,6800,8400,70867,0,1200,1279.2346546321712,30.246000038459897,8446.836299961433,4792.379372627598
1791153523,1000,,Aggregated,288.700000,0.000000,1200,1500,1700,1800,2300,2800,3500,3900,5500,6800,8400,71217,0,1200,1279.0026997559273,30.246000038459897,8446.836299961433,4792.948200570088
1791153524,1000,,Aggregated,293.100000,0.000000,1200,1500,1700,1800,2300,2800,3500,3900,5500,6800,8400,71556,0,1200,1279.2931784283546,30.246000038459897,8446.836299961433,4792.656450891609
1791153525,1000,,Aggregated,294.400000,0.000000,1200,1500,1700,1800,2300,2800,3500,3900,5500,6800,8400,71867,0,1200,1278.6275896547759,30.246000038459897,8446.836299961433,4791.676096122003
1791153527,1000,,Aggregated,300.500000,0.000000,1200,1500,1700,1800,2300,2800,3500,3900,5500,6800,8400,72190,0,1200,1278.4473155425878,30.246000038459897,8446.836299961433,4792.126430253497
1791153528,1000,,Aggregated,300.100000,0.000000,1200,1500,1700,1800,2300,2800,3500,3900,5500,6800,8400,72544,0,1200,1279.1062552122607,30.246000038459897,8446.836299961433,4792.393085575651
1791153529,1000,,Aggregated,298.900000,0.000000,1200,1500,1700,1800,2300,2800,3500,3900,5500,6800,8400,72914,0,1200,1279.8703455936925,30.246000038459897,8446.836299961433,4793.022217955399
1791153530,1000,,Aggregated,299.600000,0.000000,1200,1500,1700,1800,2300,2800,3500,3900,5500,6800,8400,73327,0,1200,1280.1589536571687,30.246000038459897,8446.836299961433,4792.9653060946175
1791153532,1000,,Aggregated,293.800000,0.000000,1200,1500,1700,1800,2300,2800,3500,3900,5500,6800,8400,73727,0,1200,1278.839061957188,30.246000038459897,8446.836299961433,4793.168717023615
1791153533,1000,,Aggregated,292.300000,0.000000,1200,1500,1700,1800,2300,2800,3500,3900,5500,6800,8400,73943,0,1200,1277.2984078116492,30.246000038459897,8446.836299961433,4792.514585559147
1791153534,1000,,Aggregated,297.700000,0.000000,1200,1500,1700,1800,2300,2800,3500,3900,5500,6800,8400,74242,0,1200,1276.7150296519,30.246000038459897,8446.836299961433,4792.328628000323
1791153535,1000,,Aggregated,292.600000,0.000000,1200,1500,1700,1800,2300,2800,3500,3900,5500,6800,8400,74565,0,1200,1279.1082690205271,30.246000038459897,8446.836299961433,4792.410594783075
1791153536,1000,,Aggregated,283.900000,0.000000,1200,1500,1700,1800,2300,2800,3500,3900,5500,6800,8400,74927,0,1200,1283.0455733969675,30.246000038459897,8446.836299961433,4793.011170872983
1791153538,1000,,Aggregated,268.800000,0.000000,1200,1500,1700,1800,2300,2800,3500,3900,5400,6800,8400,75403,0,1200,1282.9655026061946,30.246000038459897,8446.836299961433,4792.062106282244
1791153539,1000,,Aggregated,277.600000,0.000000,1200,1500,1700,1800,2300,2800,3500,3900,5400,6800,8400,75662,0,1200,1282.2271617603974,30.246000038459897,8446.836299961433,4791.761928048426
1791153540,1000,,Aggregated,287.700000,0.000000,1200,1500,1700,1800,2300,2800,3500,3900,5400,6800,8400,75937,0,1200,1281.3376559097076,30.246000038459897,8446.836299961433,4791.464990715988
1791153541,1000,,Aggregated,288.400000,0.000000,1200,1500,1700,1800,2300,2800,3500,3900,5400,6800,8400,76236,0,1200,1281.9110586981692,30.246000038459897,8446.836299961433,4791.508617975759
1791153542,1000,,Aggregated,277.500000,0.000000,1200,1500,1700,1800,2300,2800,3500,3900,5400,6800,8400,76477,0,1200,1282.8783749573486,30.246000038459897,8446.836299961433,4791.134262588752
1791153543,1000,,Aggregated,278.600000,0.000000,1200,1500,1700,1800,2300,2800,3500,3900,5400,6800,8400,76786,0,1200,1283.8122781954212,30.246000038459897,8446.836299961433,4791.375719532206
1791153544,1000,,Aggregated,270.000000,0.000000,1200,1500,1700,1800,2300,2800,3500,3900,5400,6800,8400,77129,0,1200,1285.2283891132295,30.246000038459897,8446.836299961433,4791.183588533496
1791153545,1000,,Aggregated,272.700000,0.000000,1200,1500,1700,1800,2300,2800,3500,3900,5400,6800,8400,77467,0,1200,1286.3236077454085,30.246000038459897,8446.836299961433,4791.2847405992225
1791153546,1000,,Aggregated,280.000000,0.000000,1200,1500,1700,1800,2300,2800,3500,3900,5400,6800,8400,77786,0,1200,1284.5034367972835,30.246000038459897,8446.836299961433,4791.64775152341
1791153547,1000,,Aggregated,286.700000,0.000000,1200,1500,1700,1800,2300,2800,3500,3900,5400,6800,8400,78105,0,1200,1284.0200639064533,30.246000038459897,8446.836299961433,4792.163024134178
1791153548,1000,,Aggregated,297.100000,0.000000,1200,1500,1700,1800,2300,2800,3500,3900,5400,6800,8400,78454,0,1200,1283.4117100965316,30.246000038459897,8446.836299961433,4791.764511688378
1791153549,1000,,Aggregated,292.500000,0.000000,1200,1500,1700,1800,2300,2800,3500,3900,5500,6800,8400,78796,0,1200,1283.1916862354994,30.246000038459897,8446.836299961433,4791.875057109498
1791153551,1000,,Aggregated,289.100000,0.000000,1200,1500,1700,1800,2300,2800,3500,3900,5400,6800,8400,79135,0,1200,1282.6061085248134,30.246000038459897,8446.836299961433,4791.9516016933085
1791153552,1000,,Aggregated,300.100000,0.000000,1200,1500,1700,1800,2300,2800,3500,3900,5500,6800,8400,79456,0,1200,1283.0127926287591,30.246000038459897,8446.836299961433,4791.682188884414
1791153553,1000,,Aggregated,301.600000,0.000000,1200,1500,1700,1800,2300,2800,3500,3900,5500,6800,8400,79800,0,1200,1283.2138223836102,30.246000038459897,8446.836299961433,4791.644949874687
1791153554,1000,,Aggregated,301.800000,0.000000,1200,1500,1700,1800,2300,2800,3500,3900,5400,6800,8400,80122,0,1200,1283.9554890755526,30.246000038459897,8446.836299961433,4791.672686652854
1791153556,1000,,Aggregated,291.300000,0.000000,1200,1500,1700,1800,2300,2800,3500,3900,5400,6800,8400,80518,0,1200,1284.6512533472257,30.246000038459897,8446.836299961433,4791.243411411113
1791153557,1000,,Aggregated,291.000000,0.000000,1200,1500,1700,1800,2300,2800,3500,3900,5400,6800,8400,80865,0,1200,1285.4870417944794,30.246000038459897,8446.836299961433,4791.276225808446
1791153558,1000,,Aggregated,288.800000,0.000000,1200,1500,1700,1800,2300,2800,3500,3900,5400,6800,8400,81109,0,1200,1284.2275863432017,30.246000038459897,8446.836299961433,4791.849523480748
1791153559,1000,,Aggregated,284.300000,0.000000,1200,1500,1700,1800,2300,2800,3500,3900,5400,6800,8400,81384,0,1200,1284.115774095764,30.246000038459897,8446.836299961433,4792.056903076772
1791153560,1000,,Aggregated,287.900000,0.000000,1200,1500,1700,1800,2300,2800,3500,3900,5400,6800,8400,81729,0,1200,1285.0926521982387,30.246000038459897,8446.836299961433,4792.080020555739
1791153561,1000,,Aggregated,280.000000,0.000000,1200,1500,1700,1800,2300,2800,3500,3900,5400,6800,8400,82045,0,1200,1285.6822093535252,30.246000038459897,8446.836299961433,4791.797464805899
1791153562,1000,,Aggregated,275.600000,0.000000,1200,1500,1700,1800,2300,2800,3500,3900,5400,6800,8400,82381,0,1200,1285.823694073984,30.246000038459897,8446.836299961433,4791.453308408492
1791153563,1000,,Aggregated,276.500000,0.000000,1200,1500,1700,1800,2300,2800,3500,3900,5500,6800,8400,82695,0,1200,1286.4809611416622,30.246000038459897,8446.836299961433,4791.664828586976
1791153564,1000,,Aggregated,282.900000,0.000000,1200,1500,1700,1800,2300,2800,3500,3900,5400,6800,8400,83035,0,1200,1286.3015991017126,30.246000038459897,8446.836299961433,4790.519299090744
1791153566,1000,,Aggregated,287.900000,0.000000,1200,1500,1700,1800,2300,2800,3500,3900,5400,6800,8400,83414,0,1200,1286.2390823208348,30.246000038459897,8446.836299961433,4790.320689572493
1791153567,1000,,Aggregated,284.100000,0.000000,1200,1500,1700,1800,2300,2800,3500,3900,5400,6800,8400,83816,0,1200,1284.8006964649805,30.246000038459897,8446.836299961433,4789.6184260761665
1791153568,1000,,Aggregated,288.100000,0.000000,1200,1500,1700,1800,2300,2800,3500,3900,5400,6800,8400,84152,0,1200,1283.2749308621142,30.246000038459897,8446.836299961433,4789.628660043731
1791153569,1000,,Aggregated,297.100000,0.000000,1200,1500,1700,1800,2300,2800,3500,3900,5400,6800,8400,84494,0,1200,1282.4567996627923,30.246000038459897,8446.836299961433,4790.366984637963
1791153570,1000,,Aggregated,295.800000,0.000000,1200,1500,1700,1800,2300,2800,3500,3900,5400,6800,8400,84888,0,1200,1281.8541912568091,30.246000038459897,8446.836299961433,4789.944844972199
1791153572,1000,,Aggregated,301.000000,0.000000,1200,1500,1700,1800,2300,2800,3500,3900,5400,6800,8400,85210,0,1200,1281.329105568699,30.246000038459897,8446.836299961433,4789.463607557798
1791153573,1000,,Aggregated,303.300000,0.000000,1200,1500,1700,1800,2300,2800,3500,3900,5400,6800,8400,85587,0,1200,1281.4422076975322,30.246000038459897,8446.836299961433,4790.550609321509
1791153574,1000,,Aggregated,298.700000,0.000000,1200,1500,1700,1800,2300,2800,3400,3900,5400,6800,8400,85932,0,1200,1281.474516905322,30.246000038459897,8446.836299961433,4789.964786109947
1791153575,1000,,Aggregated,302.000000,0.000000,1200,1500,1700,1800,2300,2800,3400,3900,5400,6800,8400,86342,0,1200,1280.7262980589703,30.246000038459897,8446.836299961433,4789.699369947419
1791153576,1000,,Aggregated,298.100000,0.000000,1200,1500,1700,1800,2300,2800,3400,3900,5400,6800,8400,86642,0,1200,1279.1521860599598,30.246000038459897,8446.836299961433,4789.527042312043
1791153578,1000,,Aggregated,299.200000,0.000000,1200,1500,1700,1800,2300,2800,3400,3900,5400,6800,8400,86930,0,1200,1279.9972035615658,30.246000038459897,8446.836299961433,4789.496951570229
1791153579,1000,,Aggregated,298.000000,0.000000,1200,1500,1700,1800,2300,2800,3400,3900,5400,6800,8400,87245,0,1200,1279.7132044392963,30.246000038459897,8446.836299961433,4789.749211989226
1791153580,1000,,Aggregated,290.600000,0.000000,1200,1500,1700,1800,2300,2800,3400,3900,5400,6800,8400,87485,0,1200,1279.5610702589713,8.438999997451901,8446.836299961433,4789.4713150825855
1791153581,1000,,Aggregated,293.400000,0.000000,1200,1500,1700,1800,2300,2800,3400,3900,5400,6800,8400,87840,0,1200,1281.9263497416366,8.438999997451901,8446.836299961433,4789.4974385245905
1791153582,1000,,Aggregated,285.300000,0.000000,1200,1500,1700,1800,2300,2800,3400,3900,5400,6800,8400,88152,0,1200,1283.3043264305284,8.438999997451901,8446.836299961433,4789.770623468555
1791153583,1000,,Aggregated,278.000000,0.000000,1200,1500,1700,1800,2300,2800,3400,3900,5400,6800,8400,88451,0,1200,1283.4861389459004,8.438999997451901,8446.836299961433,4790.271822817153
1791153584,1000,,Aggregated,279.000000,0.000000,1200,1500,1700,1800,2300,2800,3400,3900,5400,6800,8400,88795,0,1200,1284.9314535469819,8.438999997451901,8446.836299961433,4790.176901852582
1791153586,1000,,Aggregated,280.800000,0.000000,1200,1500,1700,1800,2300,2800,3400,3900,5400,6800,8400,89233,0,1200,1284.8876602983867,8.438999997451901,8446.836299961433,4789.685127699394
1791153587,1000,,Aggregated,279.100000,0.000000,1200,1500,1700,1800,2300,2800,3400,3900,5400,6800,8400,89643,0,1200,1284.2532226744513,8.438999997451901,8446.836299961433,4789.251330276765
1791153588,1000,,Aggregated,277.300000,0.000000,1200,1500,1700,1800,2300,2800,3400,3900,5400,6800,8400,89966,0,1200,1283.0829310617994,8.438999997451901,8446.836299961433,4789.121612609208
1791153589,1000,,Aggregated,283.000000,0.000000,1200,1500,1700,1800,2300,2800,3400,3900,5400,6600,8400,90276,0,1200,1282.9081892840366,8.438999997451901,8446.836299961433,4789.738291461739
1791153590,1000,,Aggregated,290.800000,0.000000,1200,1500,1700,1800,2300,2800,3400,3900,5400,6600,8400,90632,0,1200,1281.9267650852348,8.438999997451901,8446.836299961433,4790.443375408245
1791153591,1000,,Aggregated,281.300000,0.000000,1200,1500,1700,1800,2300,2800,3400,3900,5400,6600,8400,90966,0,1200,1281.3883926632618,8.438999997451901,8446.836299961433,4790.575247894818
1791153593,1000,,Aggregated,297.600000,0.000000,1200,1500,1700,1800,2300,2800,3400,3900,5400,6600,8400,91312,0,1200,1281.723530603942,8.438999997451901,8446.836299961433,4790.500777553882
1791153594,1000,,Aggregated,300.000000,0.000000,1200,1500,1700,1800,2300,2800,3400,3900,5400,6600,8400,91648,0,1200,1281.06452775626,8.438999997451901,8446.836299961433,4790.914706267458
1791153595,1000,,Aggregated,298.600000,0.000000,1200,1500,1700,1800,2300,2800,3400,3900,5400,6600,8400,91885,0,1200,1280.5335315699597,8.438999997451901,8446.836299961433,4790.217173640965
1791153596,1000,,Aggregated,304.100000,0.000000,1200,1500,1700,1800,2300,2800,3400,3900,5300,6600,8400,92181,0,1200,1281.4305200519143,8.438999997451901,8446.836299961433,4790.27793146093
1791153597,1000,,Aggregated,298.900000,0.000000,1200,1500,1700,1800,2300,2800,3400,3900,5300,6600,8400,92641,0,1200,1283.673215862363,8.438999997451901,8446.836299961433,4790.27776038687
1791153599,1000,,Aggregated,285.900000,0.000000,1200,1500,1700,1800,2300,2800,3400,3900,5300,6600,8400,92938,0,1200,1284.232926288546,8.438999997451901,8446.836299961433,4789.898243990618
1791153600,1000,,Aggregated,285.500000,0.000000,1200,1500,1700,1800,2300,2800,3400,3900,5300,6600,8400,93312,0,1200,1282.9409984964866,8.438999997451901,8446.836299961433,4789.910075874485
1791153601,1000,,Aggregated,291.100000,0.000000,1200,1500,1700,1800,2300,2800,3400,3900,5300,6600,8400,93688,0,1200,1282.4628428518768,8.438999997451901,8446.836299961433,4789.908771667663
1791153602,1000,,Aggregated,295.100000,0.000000,1200,1500,1700,1800,2300,2800,3400,3900,5300,6600,8400,94012,0,1200,1282.6449083468628,8.438999997451901,8446.836299961433,4789.786144322002
1791153603,1000,,Aggregated,287.500000,0.000000,1200,1500,1700,1800,2300,2800,3400,3900,5300,6600,8400,94401,0,1200,1282.5163117223906,8.438999997451901,8446.836299961433,4789.363523691486
1791153605,1000,,Aggregated,280.500000,0.000000,1200,1500,1700,1800,2300,2800,3400,3900,5300,6600,8400,94769,0,1200,1281.5795910899694,8.438999997451901,8446.836299961433,4789.121811984932
1791153606,1000,,Aggregated,282.100000,0.000000,1200,1500,1700,1800,2300,2800,3400,3900,5300,6600,8400,95135,0,1200,1280.8573907616292,8.438999997451901,8446.836299961433,4788.997782099123
1791153607,1000,,Aggregated,294.600000,0.000000,1200,1500,1700,1800,2300,2800,3400,3900,5300,6600,8400,95376,0,1200,1279.7673531979356,8.438999997451901,8446.836299961433,4788.722634625063
1791153608,1000,,Aggregated,297.300000,0.000000,1200,1500,1700,1800,2300,2800,3400,3900,5300,6600,8400,95630,0,1200,1279.4220027586032,8.438999997451901,8446.836299961433,4788.951260064833
1791153609,1000,,Aggregated,303.200000,0.000000,1200,1500,1700,1800,2300,2800,3400,3900,5300,6600,8400,95938,0,1200,1279.7568850143361,8.438999997451901,8446.836299961433,4789.179365840439
1791153610,1000,,Aggregated,287.100000,0.000000,1200,1500,1700,1800,2300,2800,3400,3900,5300,6600,8400,96274,0,1200,1280.6125133037583,8.438999997451901,8446.836299961433,4788.914442113135
1791153611,1000,,Aggregated,291.000000,0.000000,1200,1500,1700,1800,2300,2800,3400,3900,5300,6600,8400,96624,0,1200,1281.702111103935,8.438999997451901,8446.836299961433,4789.190584119888
1791153612,1000,,Aggregated,291.200000,0.000000,1200,1500,1700,1800,2300,2800,3400,3900,5300,6800,8400,97028,0,1200,1280.9912434916287,8.438999997451901,8446.836299961433,4789.203096013522
1791153613,1000,,Aggregated,290.300000,0.000000,1200,1500,1700,1800,2300,2800,3400,3900,5400,6800,8400,97288,0,1200,1280.8958201330615,8.438999997451901,8446.836299961433,4788.803562618205
1791153615,1000,,Aggregated,298.600000,0.000000,1200,1500,1700,1800,2300,2800,3400,3900,5400,6800,8400,97583,0,1200,1281.5991493928846,8.438999997451901,8446.836299961433,4789.264451800006
1791153616,1000,,Aggregated,289.300000,0.000000,1200,1500,1700,1800,2300,2800,3400,3900,5400,6800,8400,98025,0,1200,1281.6658808937163,8.438999997451901,8446.836299961433,4789.255506248406
1791153617,1000,,Aggregated,283.000000,0.000000,1200,1500,1700,1800,2300,2800,3400,3900,5400,6800,8400,98422,0,1200,1281.15746334566,8.438999997451901,8446.836299961433,4788.759352583772
1791153618,1000,,Aggregated,292.400000,0.000000,1200,1500,1700,1800,2300,2800,3400,3900,5400,6800,8400,98748,0,1200,1279.459037635251,8.438999997451901,8446.836299961433,4788.6088832178875
1791153619,1000,,Aggregated,290.500000,0.000000,1200,1500,1700,1800,2300,2800,3400,3900,5300,6800,8400,99023,0,1200,1279.0207528100148,8.438999997451901,8446.836299961433,4788.223857083708
1791153620,1000,,Aggregated,303.300000,0.000000,1200,1500,1700,1800,2300,2800,3400,3900,5300,6800,8400,99314,0,1200,1278.8027188181625,8.438999997451901,8446.836299961433,4788.277856092796
1791153621,1000,,Aggregated,296.000000,0.000000,1200,1500,1700,1800,2300,2800,3400,3900,5300,6800,8400,99665,0,1200,1279.2841249315895,8.438999997451901,8446.836299961433,4787.696944764963
1791153622,1000,,Aggregated,289.400000,0.000000,1200,1500,1700,1800,2300,2800,3400,3900,5400,6800,8400,100004,0,1200,1280.0354837277248,8.438999997451901,8446.836299961433,4787.856095756169
1791153624,1000,,Aggregated,290.100000,0.000000,1200,1500,1700,1800,2300,2800,3400,3900,5400,6800,8400,100368,0,1200,1280.1885363652534,8.438999997451901,8446.836299961433,4788.098935915829
1791153625,1000,,Aggregated,290.500000,0.000000,1200,1500,1700,1800,2300,2800,3400,3900,5400,6800,8400,100675,0,1200,1280.578034341266,8.438999997451901,8446.836299961433,4788.063799354358
1791153626,1000,,Aggregated,301.500000,0.000000,1200,1500,1700,1800,2300,2800,3400,3900,5400,6800,8400,101052,0,1200,1280.2482408958667,8.438999997451901,8446.836299961433,4787.938972014408
1791153627,1000,,Aggregated,292.200000,0.000000,1200,1500,1700,1800,2300,2700,3400,3900,5400,6800,8400,101423,0,1200,1279.800758663316,8.438999997451901,8446.836299961433,4788.664671721404
1791153629,1000,,Aggregated,288.300000,0.000000,1200,1500,1700,1800,2300,2800,3400,3900,5400,6800,8400,101772,0,1200,1279.2909418898105,8.438999997451901,8446.836299961433,4788.847757732971
1791153630,1000,,Aggregated,287.700000,0.000000,1200,1500,1700,1800,2300,2700,3400,3900,5300,6800,8400,102111,0,1200,1279.5245396148266,8.438999997451901,8446.836299961433,4788.891000969533
1791153631,1000,,Aggregated,296.400000,0.000000,1200,1500,1700,1800,2300,2700,3400,3900,5300,6800,8400,102469,0,1200,1278.7531770955973,8.438999997451901,8446.836299961433,4788.780636094819
1791153632,1000,,Aggregated,292.800000,0.000000,1200,1500,1700,1800,2300,2700,3400,3900,5300,6800,8400,102862,0,1200,1278.855923321632,8.438999997451901,8446.836299961433,4788.880120938734
1791153634,1000,,Aggregated,288.300000,0.000000,1200,1500,1700,1800,2300,2700,3400,3900,5300,6800,8400,103190,0,1200,1279.3694699022274,8.438999997451901,8446.836299961433,4789.13844364764
1791153635,1000,,Aggregated,290.400000,0.000000,1200,1500,1700,1800,2300,2700,3400,3900,5300,6800,8400,103565,0,1200,1279.1287707093225,8.438999997451901,8446.836299961433,4788.492791966398
1791153636,1000,,Aggregated,284.700000,0.000000,1200,1500,1700,1800,2300,2700,3400,3800,5300,6800,8400,103919,0,1200,1278.6536944505908,8.438999997451901,8446.836299961433,4789.071959891839
1791153637,1000,,Aggregated,293.200000,0.000000,1200,1500,1700,1800,2300,2700,3400,3800,5300,6800,8400,104303,0,1200,1278.1819379568228,8.438999997451901,8446.836299961433,4788.645666951094
1791153639,1000,,Aggregated,295.800000,0.000000,1200,1500,1700,1800,2300,2700,3400,3800,5300,6800,8400,104624,0,1200,1277.4094009262615,8.438999997451901,8446.836299961433,4788.500057348218
1791153640,1000,,Aggregated,289.400000,0.000000,1200,1500,1700,1800,2300,2700,3400,3800,5300,6800,8400,104926,0,1200,1276.9607634848333,8.438999997451901,8446.836299961433,4788.710824771744
1791153641,1000,,Aggregated,285.200000,0.000000,1200,1500,1700,1800,2300,2700,3400,3800,5300,6800,8400,105198,0,1200,1276.7787623102192,8.438999997451901,8446.836299961433,4788.394674803703
1791153642,1000,,Aggregated,292.100000,0.000000,1200,1500,1700,1800,2300,2700,3400,3800,5300,6800,8400,105538,0,1200,1277.366122615651,8.438999997451901,8446.836299961433,4788.2843809812575
1791153643,1000,,Aggregated,283.700000,0.000000,1200,1500,1700,1800,2300,2700,3400,3800,5300,6800,8400,105895,0,1200,1278.1697542613995,8.438999997451901,8446.836299961433,4788.2725435572975
1791153644,1000,,Aggregated,289.000000,0.000000,1200,1500,1700,1800,2300,2700,3400,3900,5300,6800,8400,106244,0,1200,1278.7252004339937,8.438999997451901,8446.836299961433,4787.793324799518
1791153645,1000,,Aggregated,285.900000,0.000000,1200,1500,1700,1800,2300,2700,3400,3900,5300,6800,8400,106564,0,1200,1279.3476461188593,8.438999997451901,8446.836299961433,4788.097988063511
1791153647,1000,,Aggregated,287.100000,0.000000,1200,1500,1700,1800,2300,2700,3400,3900,5300,6800,8400,106953,0,1200,1279.5681417502076,8.438999997451901,8446.836299961433,4788.10027769207
1791153648,1000,,Aggregated,277.300000,0.000000,1200,1500,1700,1800,2300,2700,3400,3900,5300,6800,8400,107395,0,1200,1279.0792846548643,8.438999997451901,8446.836299961433,4788.005009544206
1791153649,1000,,Aggregated,283.300000,0.000000,1200,1500,1700,1800,2300,2700,3400,3900,5300,6800,8400,107674,0,1200,1278.5844448317025,8.438999997451901,8446.836299961433,4787.527183906978
1791153650,1000,,Aggregated,284.100000,0.000000,1200,1500,1700,1800,2300,2700,3400,3900,5300,6800,8400,107917,0,1200,1277.427815315553,8.438999997451901,8446.836299961433,4787.059295569743
1791153651,1000,,Aggregated,290.600000,0.000000,1200,1500,1700,1800,2300,2700,3400,3800,5300,6800,8400,108221,0,1200,1276.8614123461005,8.438999997451901,8446.836299961433,4787.362905535894
1791153652,1000,,Aggregated,287.600000,0.000000,1200,1500,1700,1800,2300,2700,3400,3800,5300,6800,8400,108542,0,1200,1277.695555367578,8.438999997451901,8446.836299961433,4787.717077260415
1791153653,1000,,Aggregated,287.100000,0.000000,1200,1500,1700,1800,2300,2700,3400,3900,5300,6800,8400,108929,0,1200,1278.981074779975,8.438999997451901,8446.836299961433,4787.269147793517
1791153654,1000,,Aggregated,286.600000,0.000000,1200,1500,1700,1800,2300,2700,3400,3900,5300,6800,8400,109259,0,1200,1278.497616394139,8.438999997451901,8446.836299961433,4787.6253031786855
1791153656,1000,,Aggregated,296.000000,0.000000,1200,1500,1700,1800,2300,2700,3400,3900,5300,6800,8400,109612,0,1200,1278.0807040562017,8.438999997451901,8446.836299961433,4788.032706273036
1791153657,1000,,Aggregated,298.200000,0.000000,1200,1500,1700,1800,2300,2700,3400,3900,5300,6800,8400,109996,0,1200,1277.8001112977643,8.438999997451901,8446.836299961433,4787.964625986399
1791153658,1000,,Aggregated,297.800000,0.000000,1200,1500,1700,1800,2300,2700,3400,3900,5300,6800,8400,110317,0,1200,1277.5782155525208,8.438999997451901,8446.836299961433,4787.887805143359
1791153660,1000,,Aggregated,297.900000,0.000000,1200,1500,1700,1800,2300,2700,3400,3900,5300,6800,8400,110721,0,1200,1277.5565233181464,8.438999997451901,8446.836299961433,4787.903694872698
1791153661,1000,,Aggregated,290.100000,0.000000,1200,1500,1700,1800,2300,2700,3400,3800,5300,6800,8400,111104,0,1200,1277.443377804665,8.438999997451901,8446.836299961433,4787.197670650921
1791153662,1000,,Aggregated,293.800000,0.000000,1200,1500,1700,1800,2300,2700,3400,3800,5300,6800,8400,111419,0,1200,1277.2008594181416,8.438999997451901,8446.836299961433,4787.213518340678
1791153663,1000,,Aggregated,299.200000,0.000000,1200,1500,1700,1800,2300,2700,3400,3800,5300,6800,8400,111813,0,1200,1276.3952559086158,8.438999997451901,8446.836299961433,4787.476196864408
1791153664,1000,,Aggregated,297.900000,0.000000,1200,1500,1700,1800,2300,2700,3400,3800,5300,6800,8400,112079,0,1200,1275.8905856066742,8.438999997451901,8446.836299961433,4787.466278250163
1791153665,1000,,Aggregated,296.900000,0.000000,1200,1500,1700,1800,2300,2700,3400,3800,5300,6800,8400,112419,0,1200,1275.869909762684,8.438999997451901,8446.836299961433,4787.199076668535
1791153666,1000,,Aggregated,292.500000,0.000000,1200,1500,1700,1800,2300,2700,3400,3800,5300,6800,8400,112736,0,1200,1275.8949355371055,8.438999997451901,8446.836299961433,4787.382140576214
1791153668,1000,,Aggregated,289.200000,0.000000,1200,1500,1700,1800,2300,2700,3400,3800,5300,6800,8400,113084,0,1200,1276.7584243377657,8.438999997451901,8446.836299961433,4787.670413144211
1791153669,1000,,Aggregated,291.900000,0.000000,1200,1500,1700,1800,2300,2700,3400,3800,5300,6800,8400,113521,0,1200,1276.7811298853246,8.438999997451901,8446.836299961433,4788.343495917055
1791153670,1000,,Aggregated,290.800000,0.000000,1200,1500,1700,1800,2300,2700,3400,3800,5300,6800,8400,113905,0,1200,1275.8427397332116,8.438999997451901,8446.836299961433,4788.243869891577
1791153671,1000,,Aggregated,296.700000,0.000000,1200,1500,1700,1800,2300,2700,3400,3800,5300,6800,8400,114228,0,1200,1275.3239300242649,8.438999997451901,8446.836299961433,4788.20367160416
1791153673,1000,,Aggregated,301.600000,0.000000,1200,1500,1700,1800,2300,2700,3400,3800,5300,6800,8400,114615,0,1200,1274.5957702334833,8.438999997451901,8446.836299961433,4787.834611525542
1791153674,1000,,Aggregated,297.800000,0.000000,1200,1500,1700,1800,2300,2700,3400,3800,5300,6800,8400,114974,0,1200,1273.981407683579,8.438999997451901,8446.836299961433,4788.434593908188
1791153675,1000,,Aggregated,299.400000,0.000000,1200,1500,1700,1800,2300,2700,3400,3800,5300,6800,8400,115276,0,1200,1273.6246426039274,8.438999997451901,8446.836299961433,4788.587858704327
1791153676,1000,,Aggregated,300.600000,0.000000,1200,1500,1700,1800,2300,2700,3400,3800,5300,6800,8400,115560,0,1200,1273.5055562124473,8.438999997451901,8446.836299961433,4788.573710626514
1791153677,1000,,Aggregated,295.800000,0.000000,1200,1500,1700,1800,2300,2700,3400,3800,5300,6800,8400,115972,0,1200,1274.3188450920152,8.438999997451901,8446.836299961433,4788.467052391957
1791153679,1000,,Aggregated,289.600000,0.000000,1200,1500,1700,1800,2300,2700,3400,3800,5300,6800,8400,116346,0,1200,1274.7723547626285,8.438999997451901,8446.836299961433,4788.261392742337
1791153680,1000,,Aggregated,292.300000,0.000000,1200,1500,1700,1800,2300,2700,3400,3800,5300,6800,8400,116662,0,1200,1274.478392552964,8.438999997451901,8446.836299961433,4788.484613670261
1791153681,1000,,Aggregated,294.500000,0.000000,1200,1500,1700,1800,2300,2700,3400,3800,5300,6800,8400,116930,0,1200,1274.9720925606198,8.438999997451901,8446.836299961433,4788.2502950483195
1791153682,1000,,Aggregated,283.200000,0.000000,1200,1500,1700,1800,2300,2700,3400,3800,5300,6800,8400,117285,0,1200,1275.8962782564909,8.438999997451901,8446.836299961433,4788.203342285885
1791153683,1000,,Aggregated,278.000000,0.000000,1200,1500,1700,1800,2300,2700,3400,3800,5300,6800,8400,117692,0,1200,1275.4834520520653,8.438999997451901,8446.836299961433,4787.90967950243
1791153684,1000,,Aggregated,272.900000,0.000000,1200,1500,1700,1800,2300,2700,3400,3800,5300,6800,8400,118009,0,1200,1275.0446150048874,8.438999997451901,8446.836299961433,4787.764153581506
1791153686,1000,,Aggregated,282.000000,0.000000,1200,1500,1700,1800,2300,2700,3400,3800,5300,6800,8400,118322,0,1200,1274.9445144961417,8.438999997451901,8446.836299961433,4787.494151552543
1791153687,1000,,Aggregated,288.900000,0.000000,1200,1500,1700,1800,2300,2700,3400,3800,5300,6800,8400,118654,0,1200,1274.7286267096906,8.438999997451901,8446.836299961433,4787.707949163113
1791153688,1000,,Aggregated,286.200000,0.000000,1200,1500,1700,1800,2300,2700,3400,3800,5300,6800,8400,118981,0,1200,1275.0805011154046,8.438999997451901,8446.836299961433,4787.251880552357
1791153689,1000,,Aggregated,289.800000,0.000000,1200,1500,1700,1800,2300,2700,3400,3800,5300,6800,8400,119267,0,1200,1274.8557783159754,8.438999997451901,8446.836299961433,4787.562703849347
1791153690,1000,,Aggregated,288.500000,0.000000,1200,1500,1700,1800,2300,2700,3400,3800,5300,6800,8400,119644,0,1200,1275.3554772149994,8.438999997451901,8446.836299961433,4787.6230149443345
1791153691,1000,,Aggregated,281.300000,0.000000,1200,1500,1700,1800,2300,2700,3400,3800,5300,6600,8400,120002,0,1200,1275.3685219005606,8.438999997451901,8446.836299961433,4787.082223629606
1791153692,1000,,Aggregated,291.000000,0.000000,1200,1500,1700,1800,2300,2700,3400,3800,5300,6600,8400,120375,0,1200,1274.7751811440185,8.438999997451901,8446.836299961433,4786.916934579439
1791153694,1000,,Aggregated,298.500000,0.000000,1200,1500,1700,1800,2300,2700,3400,3800,5300,6600,8400,120717,0,1200,1273.8589459149146,8.438999997451901,8446.836299961433,4787.4999710065695
1791153695,1000,,Aggregated,303.600000,0.000000,1200,1500,1700,1800,2300,2700,3400,3800,5300,6600,8400,121042,0,1200,1273.3529551280546,8.438999997451901,8446.836299961433,4788.038532079774
1791153696,1000,,Aggregated,298.300000,0.000000,1200,1500,1700,1800,2300,2700,3400,3800,5300,6600,8400,121376,0,1200,1272.8503444619355,8.438999997451901,8446.836299961433,4787.534578499868
1791153697,1000,,Aggregated,298.700000,0.000000,1200,1500,1700,1800,2300,2700,3400,3800,5300,6600,8400,121682,0,1200,1273.336111885167,8.438999997451901,8446.836299961433,4787.858245262241
1791153698,1000,,Aggregated,298.600000,0.000000,1200,1500,1700,1800,2300,2700,3400,3800,5300,6600,8400,122043,0,1200,1273.9915714093602,8.438999997451901,8446.836299961433,4787.950918938407
1791153700,1000,,Aggregated,291.800000,0.000000,1200,1500,1700,1800,2300,2700,3400,3800,5300,6600,8400,122490,0,1200,1273.6358683983478,8.438999997451901,8446.836299961433,4787.930492285084
1791153701,1000,,Aggregated,294.200000,0.000000,1200,1500,1700,1800,2300,2700,3400,3800,5300,6600,8400,122800,0,1200,1274.396513078297,8.438999997451901,8446.836299961433,4788.260350162866
1791153702,1000,,Aggregated,295.700000,0.000000,1200,1500,1700,1800,2300,2700,3400,3800,5300,6600,8400,123087,0,1200,1273.6693258233258,8.438999997451901,8446.836299961433,4787.812758455401
1791153703,1000,,Aggregated,282.000000,0.000000,1200,1500,1700,1800,2300,2700,3400,3800,5300,6600,8400,123390,0,1200,1273.3753351391028,8.438999997451901,8446.836299961433,4787.964980954696
1791153704,1000,,Aggregated,285.100000,0.000000,1200,1500,1700,1800,2300,2700,3400,3800,5300,6600,8400,123717,0,1200,1274.1391384677443,8.438999997451901,8446.836299961433,4787.821067436164
1791153705,1000,,Aggregated,285.000000,0.000000,1200,1500,1700,1800,2300,2700,3400,3800,5300,6600,8400,124075,0,1200,1274.7307330543176,8.438999997451901,8446.836299961433,4787.87904090268
1791153707,1000,,Aggregated,283.300000,0.000000,1200,1500,1700,1800,2300,2700,3400,3800,5300,6600,8400,124448,0,1200,1274.657475471793,8.438999997451901,8446.836299961433,4787.928202944202
1791153708,1000,,Aggregated,284.200000,0.000000,1200,1500,1700,1800,2300,2700,3400,3800,5300,6600,8400,124796,0,1200,1274.7581701513834,8.438999997451901,8446.836299961433,4787.82769479791
1791153709,1000,,Aggregated,289.400000,0.000000,1200,1500,1700,1800,2300,2700,3400,3800,5300,6600,8400,125186,0,1200,1274.4369220217372,8.438999997451901,8446.836299961433,4787.662941542984
1791153710,1000,,Aggregated,290.300000,0.000000,1200,1500,1700,1800,2300,2700,3400,3800,5300,6600,8400,125524,0,1200,1273.795757238564,8.438999997451901,8446.836299961433,4787.721240559575
1791153711,1000,,Aggregated,288.500000,0.000000,1200,1500,1700,1800,2300,2700,3400,3800,5300,6600,8400,125821,0,1200,1273.1240040534926,8.438999997451901,8446.836299961433,4787.904427718743
1791153712,1000,,Aggregated,289.300000,0.000000,1200,1500,1700,1800,2300,2700,3400,3800,5300,6600,8400,126139,0,1200,1272.3953172311083,8.438999997451901,8446.836299961433,4787.488920952283
1791153713,1000,,Aggregated,300.600000,0.000000,1200,1500,1700,1800,2300,2700,3400,3800,5300,6600,8400,126482,0,1200,1272.7090844247896,8.438999997451901,8446.836299961433,4787.766354105723
1791153715,1000,,Aggregated,292.800000,0.000000,1200,1500,1700,1800,2300,2700,3400,3800,5300,6600,8400,126867,0,1200,1273.049487702989,8.438999997451901,8446.836299961433,4787.967895512624
1791153716,1000,,Aggregated,296.500000,0.000000,1200,1500,1700,1800,2300,2700,3400,3800,5200,6600,8400,127192,0,1200,1272.8129471508726,8.438999997451901,8446.836299961433,4788.157619976099
1791153717,1000,,Aggregated,296.500000,0.000000,1200,1500,1700,1800,2300,2700,3400,3800,5200,6600,8400,127628,0,1200,1272.263380719862,8.438999997451901,8446.836299961433,4788.136082991193
1791153719,1000,,Aggregated,293.100000,0.000000,1200,1500,1700,1800,2300,2700,3400,3800,5200,6600,8400,128002,0,1200,1272.4423773739065,8.438999997451901,8446.836299961433,4788.107263949001
1791153720,1000,,Aggregated,297.500000,0.000000,1200,1500,1700,1800,2300,2700,3300,3800,5200,6600,8400,128348,0,1200,1272.1541527005816,8.438999997451901,8446.836299961433,4788.203143017421
1791153721,1000,,Aggregated,300.000000,0.000000,1200,1500,1700,1800,2300,2700,3300,3800,5200,6600,8400,128638,0,1200,1271.9516221926212,8.438999997451901,8446.836299961433,4788.368701316874
1791153722,1000,,Aggregated,296.300000,0.000000,1200,1500,1700,1800,2300,2700,3300,3800,5200,6600,8400,128919,0,1200,1271.9347447181,8.438999997451901,8446.836299961433,4787.81686950721
1791153723,1000,,Aggregated,290.900000,0.000000,1200,1500,1700,1800,2300,2700,3300,3800,5200,6600,8400,129176,0,1200,1271.919443112606,8.438999997451901,8446.836299961433,4788.237335108689
1791153724,1000,,Aggregated,291.500000,0.000000,1200,1500,1700,1800,2300,2700,3300,3800,5200,6600,8400,129511,0,1200,1272.7231263136991,8.438999997451901,8446.836299961433,4788.468076070759
1791153725,1000,,Aggregated,284.500000,0.000000,1200,1500,1700,1800,2300,2700,3300,3800,5200,6600,8400,129881,0,1200,1274.3758316706342,8.438999997451901,8446.836299961433,4788.318283659658
1791153726,1000,,Aggregated,282.500000,0.000000,1200,1500,1700,1800,2300,2700,3300,3800,5200,6500,8400,130206,0,1200,1274.0018241725716,8.438999997451901,8446.836299961433,4788.3866411686095
1791153728,1000,,Aggregated,281.900000,0.000000,1200,1500,1700,1800,2300,2700,3300,3800,5200,6500,8400,130490,0,1200,1274.232846953124,8.438999997451901,8446.836299961433,4788.296444171967
1791153729,1000,,Aggregated,286.700000,0.000000,1200,1500,1700,1800,2300,2700,3300,3800,5200,6500,8400,130874,0,1200,1274.7800639127188,8.438999997451901,8446.836299961433,4788.154904717515
1791153730,1000,,Aggregated,280.200000,0.000000,1200,1500,1700,1800,2300,2700,3300,3800,5200,6500,8400,131258,0,1200,1275.1533439867474,8.438999997451901,8446.836299961433,4787.684598272105
1791153731,1000,,Aggregated,276.300000,0.000000,1200,1500,1700,1800,2300,2700,3300,3800,5200,6500,8400,131647,0,1200,1274.723872424841,8.438999997451901,8446.836299961433,4787.8891581274165
1791153733,1000,,Aggregated,285.700000,0.000000,1200,1500,1700,1800,2300,2700,3300,3800,5200,6500,8400,132031,0,1200,1273.7447758057917,8.438999997451901,8446.836299961433,4787.571593034969
1791153734,1000,,Aggregated,290.200000,0.000000,1200,1500,1700,1800,2300,2700,3300,3800,5200,6500,8400,132300,0,1200,1273.8067150447032,8.438999997451901,8446.836299961433,4787.226409674981
1791153735,1000,,Aggregated,297.200000,0.000000,1200,1500,1700,1800,2300,2700,3300,3800,5200,6500,8400,132709,0,1200,1274.5948044655095,8.438999997451901,8446.836299961433,4787.407847244724
1791153736,1000,,Aggregated,288.300000,0.000000,1200,1500,1700,1800,2300,2700,3300,3800,5200,6500,8400,133126,0,1200,1274.4387036515222,8.438999997451901,8446.836299961433,4787.011921037213
1791153738,1000,,Aggregated,282.700000,0.000000,1200,1500,1700,1800,2300,2700,3300,3800,5200,6500,8400,133432,0,1200,1274.0223850793807,8.438999997451901,8446.836299961433,4787.064669644463
1791153739,1000,,Aggregated,290.400000,0.000000,1200,1500,1700,1800,2300,2700,3300,3800,5200,6500,8400,133705,0,1200,1273.3312995520862,8.438999997451901,8446.836299961433,4786.990486518829
1791153740,1000,,Aggregated,294.200000,0.000000,1200,1500,1700,1800,2300,2700,3300,3800,5200,6500,8400,134084,0,1200,1273.156914401493,8.438999997451901,8446.836299961433,4787.087519763731
1791153741,1000,,Aggregated,291.300000,0.000000,1200,1500,1700,1800,2300,2700,3300,3800,5200,6500,8400,134511,0,1200,1274.2958788233627,8.438999997451901,8446.836299961433,4786.59248685981
1791153743,1000,,Aggregated,285.100000,0.000000,1200,1500,1700,1800,2300,2700,3300,3800,5200,6500,8400,134811,0,1200,1274.428789205694,8.438999997451901,8446.836299961433,4787.006824368931
1791153744,1000,,Aggregated,280.500000,0.000000,1200,1500,1700,1800,2300,2700,3300,3800,5200,6500,8400,135024,0,1200,1273.8883609144232,8.438999997451901,8446.836299961433,4786.848397321957
1791153745,1000,,Aggregated,281.800000,0.000000,1200,1500,1700,1800,2300,2700,3300,3800,5200,6500,8400,135344,0,1200,1274.337801853128,8.438999997451901,8446.836299961433,4786.91992995626
1791153746,1000,,Aggregated,279.900000,0.000000,1200,1500,1700,1800,2300,2700,3300,3800,5200,6500,8400,135673,0,1200,1275.5978658606357,8.438999997451901,8446.836299961433,4786.886307518814
1791153747,1000,,Aggregated,286.600000,0.000000,1200,1500,1700,1800,2300,2700,3300,3800,5200,6500,8400,136022,0,1200,1276.6612934945128,8.438999997451901,8446.836299961433,4787.144542794548
1791153748,1000,,Aggregated,278.300000,0.000000,1200,1500,1700,1800,2300,2700,3300,3800,5200,6500,8400,136321,0,1200,1277.2800481709482,8.438999997451901,8446.836299961433,4787.130757550194
1791153749,1000,,Aggregated,279.000000,0.000000,1200,1500,1700,1800,2300,2700,3300,3800,5200,6500,8400,136694,0,1200,1278.0837937474334,8.438999997451901,8446.836299961433,4787.247618768929
1791153751,1000,,Aggregated,273.400000,0.000000,1200,1500,1700,1800,2300,2700,3300,3800,5200,6500,8400,137164,0,1200,1278.28077225081,8.438999997451901,8446.836299961433,4787.313099647137
1791153752,1000,,Aggregated,271.400000,0.000000,1200,1500,1700,1800,2300,2700,3300,3800,5200,6500,8400,137479,0,1200,1277.272732699616,8.438999997451901,8446.836299961433,4787.41534343427
1791153753,1000,,Aggregated,279.700000,0.000000,1200,1500,1700,1800,2300,2700,3300,3800,5200,6500,8400,137691,0,1200,1276.3580920169843,8.438999997451901,8446.836299961433,4787.5300346427875
1791153754,1000,,Aggregated,291.700000,0.000000,1200,1500,1700,1800,2300,2700,3300,3800,5200,6500,8400,138050,0,1200,1276.4583719638624,8.438999997451901,8446.836299961433,4787.385331401666
1791153755,1000,,Aggregated,281.900000,0.000000,1200,1500,1700,1800,2300,2700,3300,3800,5200,6500,8400,138405,0,1200,1277.504303145191,8.438999997451901,8446.836299961433,4788.057555724143
1791153756,1000,,Aggregated,286.100000,0.000000,1200,1500,1700,1800,2300,2700,3300,3800,5200,6500,8400,138762,0,1200,1277.515711077315,8.438999997451901,8446.836299961433,4788.137660166328
1791153758,1000,,Aggregated,287.900000,0.000000,1200,1500,1700,1800,2300,2700,3300,3800,5200,6500,8400,139123,0,1200,1277.3080255867892,8.438999997451901,8446.836299961433,4788.116177770749
1791153759,1000,,Aggregated,290.900000,0.000000,1200,1500,1700,1800,2300,2700,3300,3800,5200,6500,8400,139452,0,1200,1277.7811904455298,8.438999997451901,8446.836299961433,4788.408513323581
1791153760,1000,,Aggregated,297.300000,0.000000,1200,1500,1700,1800,2300,2700,3300,3800,5200,6500,8400,139786,0,1200,1278.2441180548096,8.438999997451901,8446.836299961433,4788.243951468674
1791153761,1000,,Aggregated,297.500000,0.000000,1200,1500,1700,1800,2300,2700,3300,3800,5200,6500,8400,140267,0,1200,1277.832436418469,8.438999997451901,8446.836299961433,4788.181945860395
1791153762,1000,,Aggregated,288.900000,0.000000,1200,1500,1700,1800,2300,2700,3300,3800,5200,6500,8400,140609,0,1200,1276.336938767157,8.438999997451901,8446.836299961433,4788.295386497308
1791153763,1000,,Aggregated,285.800000,0.000000,1200,1500,1700,1800,2300,2700,3300,3800,5200,6500,8400,140683,0,1200,1276.3016132994817,8.438999997451901,8446.836299961433,4788.315325945566
1791153764,1000,,Aggregated,296.700000,0.000000,1200,1500,1700,1800,2300,2700,3300,3800,5200,6500,8400,140945,0,1200,1276.59092357808,8.438999997451901,8446.836299961433,4788.584369789634
1791153765,1000,,Aggregated,298.200000,0.000000,1200,1500,1700,1800,2300,2700,3300,3800,5200,6500,8400,141315,0,1200,1278.0021452762458,8.438999997451901,8446.836299961433,4788.47057283374
1791153766,1000,,Aggregated,280.600000,0.000000,1200,1500,1700,1800,2300,2700,3300,3800,5200,6500,8400,141618,0,1200,1279.189904291209,8.438999997451901,8446.836299961433,4788.054668191897
1791153768,1000,,Aggregated,279.200000,0.000000,1200,1500,1700,1800,2300,2700,3300,3800,5200,6500,8400,141943,0,1200,1279.6964382809522,8.438999997451901,8446.836299961433,4788.133250671044
1791153769,1000,,Aggregated,277.400000,0.000000,1200,1500,1700,1800,2300,2700,3300,3800,5300,6500,8400,142239,0,1200,1279.9113780145556,8.438999997451901,8446.836299961433,4788.319511526374
1791153770,1000,,Aggregated,280.300000,0.000000,1200,1500,1700,1800,2300,2700,3300,3800,5300,6500,8400,142587,0,1200,1279.7566332022725,8.438999997451901,8446.836299961433,4788.246691493614
1791153771,1000,,Aggregated,284.500000,0.000000,1200,1500,1700,1800,2300,2700,3300,3800,5300,6500,8400,142889,0,1200,1279.940408002802,8.438999997451901,8446.836299961433,4788.860045209918
1791153772,1000,,Aggregated,289.900000,0.000000,1200,1500,1700,1800,2300,2700,3300,3800,5300,6600,8900,143250,0,1200,1280.3142948119598,8.438999997451901,8853.632599930279,4788.818589877836
1791153773,1000,,Aggregated,284.700000,0.000000,1200,1500,1700,1800,2300,2700,3300,3800,5300,6700,9800,143634,0,1200,1280.4700284564353,8.438999997451901,9784.79679999873,4788.546005820349
1791153775,1000,,Aggregated,276.600000,0.000000,1200,1500,1700,1800,2300,2700,3300,3800,5300,6700,9800,144080,0,1200,1280.290490954425,8.438999997451901,9784.79679999873,4788.670009716824
1791153776,1000,,Aggregated,294.500000,0.000000,1200,1500,1700,1800,2300,2700,3300,3800,5300,6700,9800,144436,0,1200,1279.8883918490815,8.438999997451901,9784.79679999873,4788.278351657482
1791153777,1000,,Aggregated,304.600000,0.000000,1200,1500,1700,1800,2300,2700,3300,3800,5300,6800,9800,144816,0,1200,1278.6821644646568,8.438999997451901,9784.79679999873,4788.195475638051
1791153778,1000,,Aggregated,295.800000,0.000000,1200,1500,1700,1800,2300,2700,3300,3800,5300,6800,9800,145107,0,1200,1278.3549902445295,8.438999997451901,9784.79679999873,4788.054904311991
1791153779,1000,,Aggregated,296.500000,0.000000,1200,1500,1700,1800,2300,2700,3300,3800,5300,6800,9800,145410,0,1200,1278.5088648402045,8.438999997451901,9784.79679999873,4787.481816931435
1791153780,1000,,Aggregated,295.900000,0.000000,1200,1500,1700,1800,2300,2700,3300,3800,5300,6800,9800,145721,0,1200,1278.2424278965561,8.438999997451901,9784.79679999873,4787.247850344151
1791153781,1000,,Aggregated,294.900000,0.000000,1200,1500,1700,1800,2300,2700,3300,3800,5300,6800,9800,146058,0,1200,1278.3913714381636,8.438999997451901,9784.79679999873,4787.40394226951
1791153783,1000,,Aggregated,295.100000,0.000000,1200,1500,1700,1800,2300,2700,3300,3800,5300,6800,9800,146396,0,1200,1278.5910702137758,8.438999997451901,9784.79679999873,4787.406677778082
1791153784,1000,,Aggregated,296.100000,0.000000,1200,1500,1700,1800,2300,2700,3300,3800,5300,6800,9800,146706,0,1200,1279.0539538765552,8.438999997451901,9784.79679999873,4787.3826905511705
1791153785,1000,,Aggregated,298.700000,0.000000,1200,1500,1700,1800,2300,2700,3300,3800,5300,6800,9800,147044,0,1200,1279.4708698404197,8.438999997451901,9784.79679999873,4787.194037158945
1791153786,1000,,Aggregated,294.800000,0.000000,1200,1500,1700,1800,2300,2700,3300,3800,5300,6800,9800,147517,0,1200,1279.0813862572627,8.438999997451901,9784.79679999873,4787.288739602894
1791153787,1000,,Aggregated,282.700000,0.000000,1200,1500,1700,1800,2300,2700,3300,3800,5300,6800,9800,147780,0,1200,1278.2441055177567,8.438999997451901,9784.79679999873,4787.250960887806
1791153788,1000,,Aggregated,293.000000,0.000000,1200,1500,1700,1800,2300,2700,3300,3800,5300,6800,9800,148045,0,1200,1277.5250316938395,8.438999997451901,9784.79679999873,4787.441973724205
1791153789,1000,,Aggregated,300.600000,0.000000,1200,1500,1700,1800,2300,2700,3300,3800,5300,6800,9800,148338,0,1200,1277.4490341693515,8.438999997451901,9784.79679999873,4787.730763526541
1791153791,1000,,Aggregated,292.200000,0.000000,1200,1500,1700,1800,2300,2700,3300,3800,5300,6800,9800,148708,0,1200,1278.2166431006608,8.438999997451901,9784.79679999873,4787.848730397826
1791153792,1000,,Aggregated,293.000000,0.000000,1200,1500,1700,1800,2300,2700,3300,3800,5300,6800,9800,149073,0,1200,1278.712838652289,8.438999997451901,9784.79679999873,4787.765530981465
1791153793,1000,,Aggregated,292.700000,0.000000,1200,1500,1700,1800,2300,2700,3300,3800,5300,6800,9800,149422,0,1200,1278.296183423549,8.438999997451901,9784.79679999873,4787.854398950623
1791153794,1000,,Aggregated,291.800000,0.000000,1200,1500,1700,1800,2300,2700,3300,3800,5300,6800,9800,149738,0,1200,1278.068794370925,8.438999997451901,9784.79679999873,4787.930959409101
1791153795,1000,,Aggregated,295.400000,0.000000,1200,1500,1700,1800,2300,2700,3300,3800,5300,6700,9800,150122,0,1200,1278.0705066000514,8.438999997451901,9784.79679999873,4787.893146907182
1791153797,1000,,Aggregated,296.700000,0.000000,1200,1500,1700,1800,2300,2700,3300,3800,5300,6700,9800,150510,0,1200,1278.0617125819765,8.438999997451901,9784.79679999873,4787.932602484885
1791153798,1000,,Aggregated,291.100000,0.000000,1200,1500,1700,1800,2300,2700,3300,3800,5300,6700,9800,150929,0,1200,1277.92985438128,8.438999997451901,9784.79679999873,4787.968322853792
1791153799,1000,,Aggregated,284.700000,0.000000,1200,1500,1700,1800,2300,2700,3300,3800,5300,6700,9800,151322,0,1200,1276.9613801701848,8.438999997451901,9784.79679999873,4787.860853015424
1791153800,1000,,Aggregated,296.200000,0.000000,1200,1500,1700,1800,2300,2700,3300,3800,5300,6700,9800,151651,0,1200,1276.1558904445988,8.438999997451901,9784.79679999873,4788.115073425167
1791153802,1000,,Aggregated,306.000000,0.000000,1200,1500,1700,1800,2300,2700,3300,3800,5300,6700,9800,151960,0,1200,1275.6643065768224,8.438999997451901,9784.79679999873,4788.342221637273
1791153803,1000,,Aggregated,297.700000,0.000000,1200,1500,1700,1800,2300,2700,3300,3800,5300,6700,9800,152407,0,1200,1275.660699234378,8.438999997451901,9784.79679999873,4788.608469427258
1791153804,1000,,Aggregated,291.300000,0.000000,1200,1500,1700,1800,2300,2700,3300,3800,5300,6700,9800,152716,0,1200,1275.4826229525108,8.438999997451901,9784.79679999873,4788.685605961392
1791153805,1000,,Aggregated,291.100000,0.000000,1200,1500,1700,1800,2300,2700,3300,3800,5300,6700,9800,152967,0,1200,1274.8451010676417,8.438999997451901,9784.79679999873,4788.6767015107835
1791153806,1000,,Aggregated,296.100000,0.000000,1200,1500,1700,1800,2300,2700,3300,3800,5300,6700,9800,153252,0,1200,1274.5912384498358,8.438999997451901,9784.79679999873,4788.622393182471
1791153807,1000,,Aggregated,303.900000,0.000000,1200,1500,1700,1800,2300,2700,3300,3800,5300,6700,9800,153632,0,1200,1274.942668608181,8.438999997451901,9784.79679999873,4788.624186367423
1791153808,1000,,Aggregated,297.400000,0.000000,1200,1500,1700,1800,2300,2700,3300,3800,5300,6700,9800,153954,0,1200,1275.1299688323224,8.438999997451901,9784.79679999873,4788.917293477272
1791153809,1000,,Aggregated,298.200000,0.000000,1200,1500,1700,1800,2300,2700,3300,3800,5300,6700,9800,154292,0,1200,1274.9605024907999,8.438999997451901,9784.79679999873,4789.074086796464
1791153811,1000,,Aggregated,298.500000,0.000000,1200,1500,1700,1800,2300,2700,3300,3800,5300,6700,9800,154634,0,1200,1274.7347521406032,8.438999997451901,9784.79679999873,4789.258119171722
1791153812,1000,,Aggregated,292.300000,0.000000,1200,1500,1700,1800,2300,2700,3300,3800,5300,6700,9800,154998,0,1200,1274.30982942883,8.438999997451901,9784.79679999873,4789.425657105253
1791153813,1000,,Aggregated,296.300000,0.000000,1200,1500,1700,1800,2300,2700,3300,3800,5300,6700,9800,155390,0,1200,1274.4526953730008,8.438999997451901,9784.79679999873,4789.203816204389
1791153814,1000,,Aggregated,301.700000,0.000000,1200,1500,1700,1800,2300,2700,3300,3800,5300,6700,9800,155726,0,1200,1274.3062768677732,8.438999997451901,9784.79679999873,4788.9963204602955
1791153815,1000,,Aggregated,302.300000,0.000000,1200,1500,1700,1800,2300,2700,3300,3800,5300,6700,9800,156132,0,1200,1273.4364277515908,8.438999997451901,9784.79679999873,4789.186124561269
1791153817,1000,,Aggregated,301.000000,0.000000,1200,1500,1700,1800,2300,2700,3300,3800,5300,6700,9800,156539,0,1200,1272.430686561892,8.438999997451901,9784.79679999873,4789.258497882317
1791153818,1000,,Aggregated,311.200000,0.000000,1200,1500,1700,1800,2300,2700,3300,3800,5300,6700,9800,156820,0,1200,1272.1700564303846,8.438999997451901,9784.79679999873,4789.166879224589
1791153819,1000,,Aggregated,308.800000,0.000000,1200,1500,1700,1800,2300,2700,3300,3800,5300,6700,9800,157167,0,1200,1271.7037388294843,8.438999997451901,9784.79679999873,4789.216883951465
1791153820,1000,,Aggregated,303.000000,0.000000,1200,1500,1700,1800,2300,2700,3300,3800,5300,6700,9800,157538,0,1200,1272.1178133771741,8.438999997451901,9784.79679999873,4789.5973352461
1791153821,1000,,Aggregated,299.900000,0.000000,1200,1500,1700,1800,2300,2700,3300,3800,5300,6700,9800,157836,0,1200,1271.9032337122937,8.438999997451901,9784.79679999873,4789.953147570896
1791153822,1000,,Aggregated,302.800000,0.000000,1200,1500,1700,1800,2300,2700,3300,3800,5200,6700,9800,158136,0,1200,1271.4785070769174,8.438999997451901,9784.79679999873,4789.979144533819
1791153823,1000,,Aggregated,304.500000,0.000000,1200,1500,1700,1800,2300,2700,3300,3800,5200,6700,9800,158380,0,1200,1271.7023927453895,8.438999997451901,9784.79679999873,4789.722357620912
1791153824,1000,,Aggregated,302.600000,0.000000,1200,1500,1700,1800,2300,2700,3300,3800,5200,6700,9800,158778,0,1200,1273.1414667788601,8.438999997451901,9784.79679999873,4789.814331960347
1791153826,1000,,Aggregated,283.300000,0.000000,1200,1500,1700,1800,2300,2700,3300,3800,5200,6700,9800,159098,0,1200,1272.7442555809162,8.438999997451901,9784.79679999873,4789.403330023005
1791153827,1000,,Aggregated,292.400000,0.000000,1200,1500,1700,1800,2300,2700,3300,3800,5200,6700,9800,159403,0,1200,1272.7451786410059,8.438999997451901,9784.79679999873,4789.665734020063
1791153828,1000,,Aggregated,288.500000,0.000000,1200,1500,1700,1800,2300,2700,3300,3800,5200,6700,9800,159699,0,1200,1272.7845225512478,8.438999997451901,9784.79679999873,4789.724080927244
1791153829,1000,,Aggregated,288.000000,0.000000,1200,1500,1700,1800,2300,2700,3300,3800,5200,6600,9800,160035,0,1200,1272.9217984191685,8.438999997451901,9784.79679999873,4789.569181741494
1791153830,1000,,Aggregated,290.300000,0.000000,1200,1500,1700,1800,2300,2700,3300,3800,5300,6600,9800,160357,0,1200,1273.3276387068338,8.438999997451901,9784.79679999873,4789.489925603497
1791153831,1000,,Aggregated,289.500000,0.000000,1200,1500,1700,1800,2300,2700,3300,3800,5300,6600,9800,160760,0,1200,1273.4923511477516,8.438999997451901,9784.79679999873,4789.29310151779
1791153832,1000,,Aggregated,286.600000,0.000000,1200,1500,1700,1800,2300,2700,3300,3800,5200,6600,9800,161136,0,1200,1272.9105758695243,8.438999997451901,9784.79679999873,4789.548567669546
1791153834,1000,,Aggregated,294.300000,0.000000,1200,1500,1700,1800,2300,2700,3300,3800,5200,6600,9800,161517,0,1200,1272.3888672245726,8.438999997451901,9784.79679999873,4789.21904814973
1791153835,1000,,Aggregated,295.700000,0.000000,1200,1500,1700,1800,2300,2700,3300,3800,5200,6600,9800,161773,0,1200,1272.9032540943913,8.438999997451901,9784.79679999873,4789.467234952681
1791153836,1000,,Aggregated,303.200000,0.000000,1200,1500,1700,1800,2300,2700,3300,3800,5200,6600,9800,162087,0,1200,1273.375714883433,8.438999997451901,9784.79679999873,4789.588461752022
1791153837,1000,,Aggregated,281.000000,0.000000,1200,1500,1700,1800,2300,2700,3300,3800,5200,6600,9800,162335,0,1200,1273.736406932653,8.438999997451901,9784.79679999873,4789.705676533095
1791153839,1000,,Aggregated,275.400000,0.000000,1200,1500,1700,1800,2300,2700,3300,3800,5200,6600,9800,162647,0,1200,1275.273022291297,8.438999997451901,9784.79679999873,4790.098925894729
1791153840,1000,,Aggregated,267.200000,0.000000,1200,1500,1700,1800,2300,2700,3300,3800,5200,6600,9800,163029,0,1200,1276.377953527972,8.438999997451901,9784.79679999873,4790.168865661937
1791153841,1000,,Aggregated,262.000000,0.000000,1200,1500,1700,1800,2300,2700,3300,3800,5200,6600,9800,163395,0,1200,1276.2772382882729,8.438999997451901,9784.79679999873,4789.861311545641
1791153842,1000,,Aggregated,272.700000,0.000000,1200,1500,1700,1800,2300,2700,3300,3800,5200,6600,9800,163728,0,1200,1276.424332649956,8.438999997451901,9784.79679999873,4789.8002907260825
1791153843,1000,,Aggregated,273.100000,0.000000,1200,1500,1700,1800,2300,2700,3300,3800,5200,6600,9800,164085,0,1200,1276.1325467477961,8.438999997451901,9784.79679999873,4790.03340341896
1791153845,1000,,Aggregated,264.200000,0.000000,1200,1500,1700,1800,2300,2700,3300,3800,5200,6600,9800,164396,0,1200,1276.5350018888048,8.438999997451901,9784.79679999873,4790.33004452663
1791153846,1000,,Aggregated,265.400000,0.000000,1200,1500,1700,1800,2300,2700,3300,3800,5200,6600,9800,164763,0,1200,1277.035528771092,8.438999997451901,9784.79679999873,4790.5296638201535
1791153847,1000,,Aggregated,273.700000,0.000000,1200,1500,1700,1800,2300,2700,3300,3800,5200,6600,9800,165153,0,1200,1276.592574231232,8.438999997451901,9784.79679999873,4790.993702808911
1791153848,1000,,Aggregated,278.700000,0.000000,1200,1500,1700,1800,2300,2700,3300,3800,5200,6600,9800,165423,0,1200,1276.264822495121,8.438999997451901,9784.79679999873,4791.256784123127
1791153849,1000,,Aggregated,279.100000,0.000000,1200,1500,1700,1800,2300,2700,3300,3800,5200,6600,9800,165746,0,1200,1276.4800344968135,8.438999997451901,9784.79679999873,4791.193826698684
1791153850,1000,,Aggregated,290.200000,0.000000,1200,1500,1700,1800,2300,2700,3300,3800,5200,6600,9800,166041,0,1200,1276.21316511771,8.438999997451901,9784.79679999873,4791.238344746177
1791153852,1000,,Aggregated,283.800000,0.000000,1200,1500,1700,1800,2300,2700,3300,3800,5200,6600,9800,166421,0,1200,1276.7403979840917,8.438999997451901,9784.79679999873,4791.137476640568
1791153853,1000,,Aggregated,284.600000,0.000000,1200,1500,1700,1800,2300,2700,3300,3800,5200,6600,9800,166776,0,1200,1277.3569895279302,8.438999997451901,9784.79679999873,4791.315614956588
1791153854,1000,,Aggregated,283.700000,0.000000,1200,1500,1700,1800,2300,2700,3300,3800,5200,6600,9800,167107,0,1200,1277.6407373156824,8.438999997451901,9784.79679999873,4791.055192182254
1791153855,1000,,Aggregated,283.700000,0.000000,1200,1500,1700,1800,2300,2700,3300,3800,5200,6600,9800,167452,0,1200,1277.6582368046538,8.438999997451901,9784.79679999873,4791.324421326709
1791153856,1000,,Aggregated,279.000000,0.000000,1200,1500,1700,1800,2300,2700,3300,3800,5200,6600,9800,167746,0,1200,1277.2743143074242,8.438999997451901,9784.79679999873,4791.132086607132
1791153857,1000,,Aggregated,283.500000,0.000000,1200,1500,1700,1800,2300,2700,3300,3800,5200,6600,9800,168095,0,1200,1277.3794322568313,8.438999997451901,9784.79679999873,4791.463928135876
1791153859,1000,,Aggregated,287.500000,0.000000,1200,1500,1700,1800,2300,2700,3300,3800,5200,6600,9800,168423,0,1200,1277.382005903065,8.438999997451901,9784.79679999873,4791.543916210969
1791153860,1000,,Aggregated,283.900000,0.000000,1200,1500,1700,1800,2300,2700,3300,3800,5200,6600,9800,168741,0,1200,1277.1998986808856,8.438999997451901,9784.79679999873,4791.643643216527
1791153861,1000,,Aggregated,289.700000,0.000000,1200,1500,1700,1800,2300,2700,3300,3800,5200,6600,9800,169104,0,1200,1276.9768573405154,8.438999997451901,9784.79679999873,4791.930025309868
1791153862,1000,,Aggregated,289.300000,0.000000,1200,1500,1700,1800,2300,2700,3300,3800,5200,6600,9800,169423,0,1200,1276.964778057351,8.438999997451901,9784.79679999873,4791.451544359385
1791153863,1000,,Aggregated,294.400000,0.000000,1200,1500,1700,1800,2300,2700,3300,3800,5200,6600,9800,169807,0,1200,1277.0183258971153,8.438999997451901,9784.79679999873,4790.867879416043
1791153865,1000,,Aggregated,293.100000,0.000000,1200,1500,1700,1800,2300,2700,3300,3800,5200,6500,9800,170141,0,1200,1276.7967652306695,8.438999997451901,9784.79679999873,4791.001986587595
1791153866,1000,,Aggregated,296.600000,0.000000,1200,1500,1700,1800,2300,2700,3300,3800,5200,6500,9800,170482,0,1200,1277.3834142350022,8.438999997451901,9784.79679999873,4791.217113830199
1791153867,1000,,Aggregated,298.100000,0.000000,1200,1500,1700,1800,2300,2700,3300,3800,5200,6500,9800,170848,0,1200,1277.1624850751068,8.438999997451901,9784.79679999873,4791.1449124367855
1791153868,1000,,Aggregated,277.600000,0.000000,1200,1500,1700,1800,2300,2700,3300,3800,5200,6500,9800,171158,0,1200,1276.8981320786154,8.438999997451901,9784.79679999873,4791.198255413127
1791153869,1000,,Aggregated,289.500000,0.000000,1200,1500,1700,1800,2300,2700,3300,3800,5200,6500,9800,171483,0,1200,1277.0008413674357,8.438999997451901,9784.79679999873,4791.104511817498
1791153870,1000,,Aggregated,291.800000,0.000000,1200,1500,1700,1800,2300,2700,3300,3800,5200,6500,9800,171877,0,1200,1276.6915988480803,8.438999997451901,9784.79679999873,4791.168638037667
1791153872,1000,,Aggregated,290.000000,0.000000,1200,1500,1700,1800,2300,2700,3300,3800,5200,6500,9800,172205,0,1200,1276.604770055528,8.438999997451901,9784.79679999873,4791.064173514125
1791153873,1000,,Aggregated,288.000000,0.000000,1200,1500,1700,1800,2300,2700,3300,3800,5200,6500,9800,172577,0,1200,1276.4003463434358,8.438999997451901,9784.79679999873,4791.1296290931
1791153874,1000,,Aggregated,285.600000,0.000000,1200,1500,1700,1800,2300,2700,3300,3800,5200,6500,9800,172922,0,1200,1276.0366201131721,8.438999997451901,9784.79679999873,4791.191398433976
1791153875,1000,,Aggregated,295.200000,0.000000,1200,1500,1700,1800,2300,2700,3300,3800,5200,6500,9800,173309,0,1200,1276.0454467939298,8.438999997451901,9784.79679999873,4791.572226485641
1791153877,1000,,Aggregated,290.900000,0.000000,1200,1500,1700,1800,2300,2700,3300,3800,5200,6500,9800,173664,0,1200,1275.6396308003298,8.438999997451901,9784.79679999873,4791.553684125668
1791153878,1000,,Aggregated,306.000000,0.000000,1200,1500,1700,1800,2300,2700,3300,3800,5200,6500,9800,174024,0,1200,1275.4151668166942,8.438999997451901,9784.79679999873,4791.712712039719
1791153879,1000,,Aggregated,295.600000,0.000000,1200,1500,1700,1800,2300,2700,3300,3800,5200,6500,9800,174405,0,1200,1275.2678325707952,8.438999997451901,9784.79679999873,4791.546452223273
1791153880,1000,,Aggregated,294.100000,0.000000,1200,1500,1700,1800,2300,2700,3300,3800,5200,6500,9800,174795,0,1200,1274.5350964129925,8.438999997451901,9784.79679999873,4791.217328870963
1791153881,1000,,Aggregated,298.800000,0.000000,1200,1500,1700,1800,2300,2700,3300,3800,5200,6500,9800,175103,0,1200,1274.5147298436277,8.438999997451901,9784.79679999873,4791.564393528381
1791153883,1000,,Aggregated,295.100000,0.000000,1200,1500,1700,1800,2300,2700,3300,3800,5200,6500,9800,175456,0,1200,1274.6451477892463,8.438999997451901,9784.79679999873,4791.539924539486
1791153884,1000,,Aggregated,295.200000,0.000000,1200,1500,1700,1800,2300,2700,3300,3800,5200,6500,9800,175839,0,1200,1274.587735617859,8.438999997451901,9784.79679999873,4791.485159719971
1791153885,1000,,Aggregated,289.200000,0.000000,1200,1500,1700,1800,2300,2700,3300,3700,5200,6500,9800,176222,0,1200,1274.2388811545036,8.438999997451901,9784.79679999873,4791.138949733859
1791153886,1000,,Aggregated,290.800000,0.000000,1200,1500,1700,1800,2300,2700,3300,3700,5200,6500,9800,176482,0,1200,1274.2216634116187,8.438999997451901,9784.79679999873,4791.073032943869
1791153887,1000,,Aggregated,296.100000,0.000000,1200,1500,1700,1800,2300,2700,3300,3700,5200,6500,9800,176755,0,1200,1274.0642684128343,8.438999997451901,9784.79679999873,4791.105111595146
1791153888,1000,,Aggregated,290.600000,0.000000,1200,1500,1700,1800,2200,2700,3300,3700,5200,6500,9800,177068,0,1200,1273.9997572148034,8.438999997451901,9784.79679999873,4790.902568504755
1791153890,1000,,Aggregated,285.800000,0.000000,1200,1500,1700,1800,2300,2700,3300,3700,5200,6500,9800,177459,0,1200,1274.6432463048434,8.438999997451901,9784.79679999873,4790.739799052176
1791153891,1000,,Aggregated,284.700000,0.000000,1200,1500,1700,1800,2300,2700,3300,3800,5200,6500,9800,177843,0,1200,1275.1251249074262,8.438999997451901,9784.79679999873,4790.426561630202
1791153892,1000,,Aggregated,281.200000,0.000000,1200,1500,1700,1800,2300,2700,3300,3800,5200,6500,9800,178163,0,1200,1275.2890447646878,8.438999997451901,9784.79679999873,4790.2967058255645
1791153893,1000,,Aggregated,286.800000,0.000000,1200,1500,1700,1800,2300,2700,3300,3700,5200,6500,9800,178430,0,1200,1275.5964312313577,8.438999997451901,9784.79679999873,4790.361334977302
1791153895,1000,,Aggregated,276.800000,0.000000,1200,1500,1700,1800,2300,2700,3300,3700,5200,6500,9800,178953,0,1200,1275.130768762806,8.438999997451901,9784.79679999873,4790.548412152912
1791153896,1000,,Aggregated,278.300000,0.000000,1200,1500,1700,1800,2300,2700,3300,3700,5200,6500,9800,179209,0,1200,1275.4376519561642,8.438999997451901,9784.79679999873,4790.602687365032
1791153897,1000,,Aggregated,287.100000,0.000000,1200,1500,1700,1800,2300,2700,3300,3800,5200,6500,9800,179477,0,1200,1276.2874205676035,8.438999997451901,9784.79679999873,4790.880814811926
1791153899,1000,,Aggregated,269.700000,0.000000,1200,1500,1700,1800,2300,2700,3300,3800,5200,6500,9800,179878,0,1200,1276.4364624357156,8.438999997451901,9784.79679999873,4791.0477434705745
1791153900,1000,,Aggregated,266.500000,0.000000,1200,1500,1700,1800,2300,2700,3300,3800,5200,6500,9800,180206,0,1200,1276.546789495969,8.438999997451901,9784.79679999873,4790.760030187674
1791153901,1000,,Aggregated,272.100000,0.000000,1200,1500,1700,1800,2300,2700,3300,3800,5200,6500,9800,180487,0,1200,1277.1092186584633,8.438999997451901,9784.79679999873,4790.424955813992
1791153902,1000,,Aggregated,275.200000,0.000000,1200,1500,1700,1800,2300,2700,3300,3800,5200,6500,9800,180756,0,1200,1277.0775124167928,8.438999997451901,9784.79679999873,4790.642628737082
1791153903,1000,,Aggregated,272.000000,0.000000,1200,1500,1700,1800,2300,2700,3300,3800,5200,6500,9800,181078,0,1200,1277.5386087946163,8.438999997451901,9784.79679999873,4790.673571610025
1791153904,1000,,Aggregated,272.400000,0.000000,1200,1500,1700,1800,2300,2700,3300,3800,5200,6500,9800,181418,0,1200,1277.9153574546758,8.438999997451901,9784.79679999873,4790.913812300874
1791153905,1000,,Aggregated,279.200000,0.000000,1200,1500,1700,1800,2300,2700,3300,3800,5200,6500,9800,181799,0,1200,1278.0110220827012,8.438999997451901,9784.79679999873,4791.175892056612
1791153906,1000,,Aggregated,279.300000,0.000000,1200,1500,1700,1800,2300,2700,3300,3800,5200,6500,9800,182183,0,1200,1277.8929263516027,8.438999997451901,9784.79679999873,4790.9400932029885
1791153908,1000,,Aggregated,277.800000,0.000000,1200,1500,1700,1800,2300,2700,3300,3800,5200,6600,9800,182439,0,1200,1278.2099042151829,8.438999997451901,9784.79679999873,4790.881719369214
1791153909,1000,,Aggregated,297.400000,0.000000,1200,1500,1700,1800,2300,2700,3300,3800,5200,6600,9800,182711,0,1200,1278.118321320088,8.438999997451901,9784.79679999873,4790.914936703319
1791153910,1000,,Aggregated,289.400000,0.000000,1200,1500,1700,1800,2300,2700,3300,3800,5200,6600,9800,183042,0,1200,1278.3209370959426,8.438999997451901,9784.79679999873,4790.726598267064
1791153911,1000,,Aggregated,280.000000,0.000000,1200,1500,1700,1800,2300,2700,3300,3800,5200,6600,9800,183391,0,1200,1278.8518642066226,8.438999997451901,9784.79679999873,4790.703273334024
1791153912,1000,,Aggregated,278.100000,0.000000,1200,1500,1700,1800,2300,2700,3300,3800,5200,6600,9800,183775,0,1200,1279.0896521883715,8.438999997451901,9784.79679999873,4790.459904774861
1791153914,1000,,Aggregated,289.200000,0.000000,1200,1500,1700,1800,2300,2700,3300,3800,5200,6600,9800,184099,0,1200,1279.116047471291,8.438999997451901,9784.79679999873,4789.985714208116
1791153915,1000,,Aggregated,288.800000,0.000000,1200,1500,1700,1800,2300,2700,3300,3800,5200,6600,9800,184329,0,1200,1279.7475038372634,8.438999997451901,9784.79679999873,4789.822881912233
1791153916,1000,,Aggregated,275.300000,0.000000,1200,1500,1700,1800,2300,2700,3300,3800,5200,6600,9800,184719,0,1200,1280.538883786276,8.438999997451901,9784.79679999873,4789.830645466898
1791153917,1000,,Aggregated,268.400000,0.000000,1200,1500,1700,1800,2300,2700,3300,3800,5200,6600,9800,185144,0,1200,1280.891873465071,8.438999997451901,9784.79679999873,4789.568762692823
1791153919,1000,,Aggregated,268.600000,0.000000,1200,1500,1700,1800,2300,2700,3300,3800,5200,6600,9800,185450,0,1200,1280.7648072915438,8.438999997451901,9784.79679999873,4789.631215961175
1791153920,1000,,Aggregated,283.400000,0.000000,1200,1500,1700,1800,2300,2700,3300,3800,5200,6600,9800,185626,0,1200,1281.4891263072816,8.438999997451901,9784.79679999873,4789.887241011496
1791153921,1000,,Aggregated,272.700000,0.000000,1200,1500,1700,1800,2300,2700,3300,3800,5200,6600,9800,185838,0,1200,1282.1400486962664,8.438999997451901,9784.79679999873,4789.471372916196
1791153922,1000,,Aggregated,256.900000,0.000000,1200,1500,1700,1800,2300,2700,3300,3800,5200,6600,9800,186078,0,1200,1282.8366009174465,8.438999997451901,9784.79679999873,4789.478632616429
1791153923,1000,,Aggregated,243.100000,0.000000,1200,1500,1700,1800,2300,2700,3300,3800,5200,6600,9800,186287,0,1200,1284.3422780941016,8.438999997451901,9784.79679999873,4789.565632599161
1791153924,1000,,Aggregated,232.000000,0.000000,1200,1500,1700,1800,2300,2700,3300,3800,5200,6600,9800,186605,0,1200,1286.6203538871707,8.438999997451901,9784.79679999873,4789.708919911042
1791153926,1000,,Aggregated,233.000000,0.000000,1200,1500,1700,1800,2300,2700,3300,3800,5300,6800,9800,186913,0,1200,1289.00187824076,8.438999997451901,9784.79679999873,4789.730687539122
1791153927,1000,,Aggregated,231.800000,0.000000,1200,1500,1700,1800,2300,2700,3400,3800,5400,6800,9800,187283,0,1200,1291.0731688611147,8.438999997451901,9784.79679999873,4789.447040041007
1791153928,1000,,Aggregated,227.000000,0.000000,1200,1500,1700,1800,2300,2700,3400,3800,5400,6800,9800,187742,0,1200,1291.3012979158405,8.438999997451901,9784.79679999873,4789.540007030925
1791153930,1000,,Aggregated,225.600000,0.000000,1200,1500,1700,1800,2300,2700,3400,3800,5400,6800,9800,187998,0,1200,1291.089168515707,8.438999997451901,9784.79679999873,4789.545862190023
1791153931,1000,,Aggregated,236.700000,0.000000,1200,1500,1700,1800,2300,2700,3400,3800,5400,6800,9800,188208,0,1200,1291.2906917475163,8.438999997451901,9784.79679999873,4789.368634702032
1791153932,1000,,Aggregated,244.500000,0.000000,1200,1500,1700,1800,2300,2700,3400,3800,5400,6800,9800,188474,0,1200,1291.7336512013171,8.438999997451901,9784.79679999873,4789.233766991733
1791153933,1000,,Aggregated,242.800000,0.000000,1200,1500,1700,1800,2300,2700,3400,3800,5400,6800,9800,188804,0,1200,1292.6701328113593,8.438999997451901,9784.79679999873,4789.05274782314
1791153934,1000,,Aggregated,245.600000,0.000000,1200,1500,1700,1800,2300,2700,3400,3800,5400,6800,9800,189091,0,1200,1293.638062382748,8.438999997451901,9784.79679999873,4789.069881697173
1791153935,1000,,Aggregated,253.500000,0.000000,1200,1500,1700,1800,2300,2700,3400,3800,5400,6800,9800,189410,0,1200,1294.5493474252505,8.438999997451901,9784.79679999873,4789.1326276331765
1791153936,1000,,Aggregated,259.500000,0.000000,1200,1500,1700,1800,2300,2700,3400,3800,5400,6800,9800,189804,0,1200,1294.7929273129953,8.438999997451901,9784.79679999873,4789.360761627784
1791153938,1000,,Aggregated,262.300000,0.000000,1200,1500,1700,1800,2300,2700,3400,3800,5400,6800,9800,190122,0,1200,1294.8955244322885,8.438999997451901,9784.79679999873,4789.457811300113
1791153939,1000,,Aggregated,270.700000,0.000000,1200,1500,1700,1800,2300,2700,3400,3800,5400,6800,9800,190464,0,1200,1294.8238839944286,8.438999997451901,9784.79679999873,4789.5483450940865
1791153940,1000,,Aggregated,259.900000,0.000000,1200,1500,1700,1800,2300,2700,3400,3800,5400,6800,9800,190872,0,1200,1294.3898209884949,8.438999997451901,9784.79679999873,4789.646564189614
1791153941,1000,,Aggregated,262.100000,0.000000,1200,1500,1700,1800,2300,2700,3400,3800,5400,6800,9800,191201,0,1200,1293.8079406301047,8.438999997451901,9784.79679999873,4789.662313481624
1791153942,1000,,Aggregated,269.500000,0.000000,1200,1500,1700,1800,2300,2700,3400,3800,5400,6800,9800,191565,0,1200,1293.4425573226715,8.438999997451901,9784.79679999873,4789.548607522251
1791153944,1000,,Aggregated,292.900000,0.000000,1200,1500,1700,1800,2300,2700,3400,3800,5400,6800,9800,191913,0,1200,1292.9768997249587,8.438999997451901,9784.79679999873,4789.618233261946
1791153945,1000,,Aggregated,294.900000,0.000000,1200,1500,1700,1800,2300,2700,3400,3800,5400,6800,9800,192206,0,1200,1293.0684472426315,8.438999997451901,9784.79679999873,4789.675681300271
1791153946,1000,,Aggregated,293.300000,0.000000,1200,1500,1700,1800,2300,2700,3400,3800,5400,6800,9800,192454,0,1200,1293.3930579723815,8.438999997451901,9784.79679999873,4789.754575119249
1791153947,1000,,Aggregated,298.000000,0.000000,1200,1500,1700,1800,2300,2700,3400,3800,5400,6800,9800,192697,0,1200,1293.8920107838526,8.438999997451901,9784.79679999873,4790.022330394349
1791153948,1000,,Aggregated,288.700000,0.000000,1200,1500,1700,1800,2300,2700,3400,3800,5400,6800,9800,193052,0,1200,1295.269222936909,8.438999997451901,9784.79679999873,4789.859001719744
1791153949,1000,,Aggregated,276.300000,0.000000,1200,1500,1700,1800,2300,2700,3400,3800,5400,6800,9800,193334,0,1200,1296.0235377089184,8.438999997451901,9784.79679999873,4789.948270868032
1791153951,1000,,Aggregated,275.100000,0.000000,1200,1500,1700,1800,2300,2700,3400,3900,5500,6900,9800,193675,0,1200,1297.163440222105,8.438999997451901,9784.79679999873,4789.8911940105845
1791153952,1000,,Aggregated,267.700000,0.000000,1200,1500,1700,1800,2300,2700,3400,3900,5500,6900,9800,193962,0,1200,1297.6414286273384,8.438999997451901,9784.79679999873,4789.7854218867615
1791153953,1000,,Aggregated,260.900000,0.000000,1200,1500,1700,1800,2300,2700,3400,3900,5500,6900,9800,194302,0,1200,1298.519745415979,8.438999997451901,9784.79679999873,4789.7189272369815
1791153954,1000,,Aggregated,256.100000,0.000000,1200,1500,1700,1800,2300,2700,3400,3900,5500,6900,9800,194603,0,1200,1299.0869012271953,8.438999997451901,9784.79679999873,4789.483358427156
1791153956,1000,,Aggregated,250.800000,0.000000,1200,1500,1700,1800,2300,2700,3400,3900,5500,6900,9800,194904,0,1200,1299.6053695532985,8.438999997451901,9784.79679999873,4789.714341419365
1791153957,1000,,Aggregated,250.800000,0.000000,1200,1500,1700,1800,2300,2700,3400,3900,5500,6900,9800,195154,0,1200,1300.4449156179992,8.438999997451901,9784.79679999873,4789.73565491868
1791153958,1000,,Aggregated,255.500000,0.000000,1200,1500,1700,1800,2300,2700,3400,3900,5500,6900,9800,195458,0,1200,1301.561651500651,8.438999997451901,9784.79679999873,4789.661262266062
1791153959,1000,,Aggregated,250.700000,0.000000,1200,1500,1700,1800,2300,2700,3400,3900,5500,6900,9800,195967,0,1200,1301.525874127863,8.438999997451901,9784.79679999873,4789.560226976991
1791153960,1000,,Aggregated,247.500000,0.000000,1200,1500,1700,1800,2300,2700,3400,3900,5500,6900,9800,196233,0,1200,1301.314643715958,8.438999997451901,9784.79679999873,4789.53723889458
1791153961,1000,,Aggregated,253.000000,0.000000,1200,1500,1700,1800,2300,2700,3400,3900,5500,6900,9800,196530,0,1200,1300.906153503352,8.438999997451901,9784.79679999873,4789.265379331399
1791153963,1000,,Aggregated,269.300000,0.000000,1200,1500,1700,1800,2300,2700,3400,3900,5500,6900,9800,196856,0,1200,1301.0193044871069,8.438999997451901,9784.79679999873,4789.301382736619
1791153964,1000,,Aggregated,267.700000,0.000000,1200,1500,1700,1800,2300,2700,3400,3900,5500,6900,9800,197295,0,1200,1301.4060006037378,8.438999997451901,9784.79679999873,4789.773734762665
1791153965,1000,,Aggregated,268.600000,0.000000,1200,1500,1700,1800,2300,2700,3400,3900,5500,6900,9800,197568,0,1200,1301.1862822973114,8.438999997451901,9784.79679999873,4789.854419744088
1791153966,1000,,Aggregated,275.800000,0.000000,1200,1500,1700,1800,2300,2700,3400,3900,5500,6900,9800,197834,0,1200,1301.1265197631126,8.438999997451901,9784.79679999873,4789.983465936088
1791153967,1000,,Aggregated,280.300000,0.000000,1200,1500,1700,1800,2300,2700,3400,3900,5500,6900,9800,198099,0,1200,1301.3851046704758,8.438999997451901,9784.79679999873,4790.209980868151
1791153968,1000,,Aggregated,276.000000,0.000000,1200,1500,1700,1800,2300,2700,3400,3900,5500,6900,9800,198407,0,1200,1302.1597766561506,8.438999997451901,9784.79679999873,4790.151536992143
1791153970,1000,,Aggregated,283.500000,0.000000,1200,1500,1700,1800,2300,2700,3400,3900,5500,6900,9800,198679,0,1200,1302.856954803062,8.438999997451901,9784.79679999873,4790.31192023314
1791153971,1000,,Aggregated,276.300000,0.000000,1200,1500,1700,1800,2300,2700,3400,3900,5500,6900,9800,199016,0,1200,1304.0874113881146,8.438999997451901,9784.79679999873,4790.448938778792
1791153972,1000,,Aggregated,262.400000,0.000000,1200,1500,1700,1800,2300,2700,3400,3900,5500,6900,9800,199386,0,1200,1304.4022570055959,8.438999997451901,9784.79679999873,4790.528968934629
1791153973,1000,,Aggregated,262.200000,0.000000,1200,1500,1700,1800,2300,2700,3400,3900,5500,6900,9800,199659,0,1200,1304.3578490066473,8.438999997451901,9784.79679999873,4790.479878192318
1791153975,1000,,Aggregated,272.500000,0.000000,1200,1500,1700,1800,2300,2700,3400,3900,5500,7000,9800,199907,0,1200,1305.2170982642804,8.438999997451901,9784.79679999873,4790.55874481634
1791153976,1000,,Aggregated,260.400000,0.000000,1200,1500,1700,1900,2300,2700,3400,3900,5500,7000,9800,200202,0,1200,1307.0805119804943,8.438999997451901,9784.79679999873,4790.472837434191
1791153977,1000,,Aggregated,236.000000,0.000000,1200,1500,1700,1900,2300,2700,3400,3900,5500,7000,9800,200685,0,1200,1308.2621133329367,8.438999997451901,9784.79679999873,4790.571024241971
1791153978,1000,,Aggregated,237.100000,0.000000,1200,1500,1700,1900,2300,2700,3400,3900,5500,7000,9800,201046,0,1200,1308.258855128781,8.438999997451901,9784.79679999873,4790.440356933239
1791153980,1000,,Aggregated,248.100000,0.000000,1200,1500,1700,1900,2300,2700,3400,3900,5500,7000,9800,201321,0,1200,1307.577487078948,8.438999997451901,9784.79679999873,4790.751769562043
1791153981,1000,,Aggregated,266.800000,0.000000,1200,1500,1700,1900,2300,2700,3400,3900,5500,7000,9800,201628,0,1200,1307.4116245894456,8.438999997451901,9784.79679999873,4790.594709068185
1791153982,1000,,Aggregated,265.300000,0.000000,1200,1500,1700,1900,2300,2700,3400,3900,5500,7000,9800,201939,0,1200,1307.4359870189548,8.438999997451901,9784.79679999873,4790.935718211936
1791153983,1000,,Aggregated,261.400000,0.000000,1200,1500,1700,1900,2300,2700,3400,3900,5500,7000,9800,202261,0,1200,1307.520096985192,8.438999997451901,9784.79679999873,4790.894413653646
1791153984,1000,,Aggregated,259.000000,0.000000,1200,1500,1700,1900,2300,2700,3400,3900,5500,7000,9800,202608,0,1200,1307.82155507592,8.438999997451901,9784.79679999873,4791.078896193635
1791153985,1000,,Aggregated,263.100000,0.000000,1200,1500,1700,1900,2300,2700,3400,3900,5500,7000,9800,202978,0,1200,1307.775325862018,8.438999997451901,9784.79679999873,4791.1027451250875
1791153986,1000,,Aggregated,271.100000,0.000000,1200,1500,1700,1900,2300,2700,3400,3900,5500,7000,9800,203234,0,1200,1307.7610779821293,8.438999997451901,9784.79679999873,4791.1709753289315
1791153988,1000,,Aggregated,301.200000,0.000000,1200,1500,1700,1900,2300,2700,3400,3900,5500,7000,9800,203569,0,1200,1307.9948625228865,8.438999997451901,9784.79679999873,4791.145469103842
1791153989,1000,,Aggregated,288.800000,0.000000,1200,1500,1700,1900,2300,2700,3400,3900,5500,7000,9800,203892,0,1200,1308.7298043479886,8.438999997451901,9784.79679999873,4790.940282110137
1791153990,1000,,Aggregated,275.700000,0.000000,1200,1500,1700,1900,2300,2700,3400,3900,5500,7000,9800,204266,0,1200,1309.6717408125642,8.438999997451901,9784.79679999873,4790.610884826648
1791153992,1000,,Aggregated,261.500000,0.000000,1200,1500,1700,1900,2300,2700,3400,3900,5500,7000,9800,204590,0,1200,1310.286813863429,8.438999997451901,9784.79679999873,4790.301002004008
1791153993,1000,,Aggregated,272.400000,0.000000,1200,1500,1700,1900,2300,2700,3400,3900,5500,7000,9800,204905,0,1200,1310.8825628662987,8.438999997451901,9784.79679999873,4790.230311607818
1791153994,1000,,Aggregated,265.500000,0.000000,1200,1500,1700,1900,2300,2700,3400,3900,5500,7000,9800,205332,0,1200,1311.0384695425912,8.438999997451901,9784.79679999873,4789.986986928487
1791153995,1000,,Aggregated,259.900000,0.000000,1200,1500,1700,1900,2300,2700,3400,3900,5500,7000,9800,205713,0,1200,1310.5455241512177,8.438999997451901,9784.79679999873,4790.054998954854
1791153997,1000,,Aggregated,262.500000,0.000000,1200,1500,1700,1900,2300,2700,3400,3900,5500,7000,9800,206003,0,1200,1310.133364499161,8.438999997451901,9784.79679999873,4790.169482968695
1791153998,1000,,Aggregated,270.000000,0.000000,1200,1500,1700,1900,2300,2700,3400,3900,5500,7000,9800,206188,0,1200,1310.609783120355,8.438999997451901,9784.79679999873,4790.018526781384
1791153999,1000,,Aggregated,270.200000,0.000000,1200,1500,1700,1900,2300,2700,3400,3900,5500,7000,9800,206386,0,1200,1311.4377745022375,8.438999997451901,9784.79679999873,4789.981103369415
1791154000,1000,,Aggregated,253.500000,0.000000,1200,1500,1700,1900,2300,2700,3400,3900,5500,7000,9800,206661,0,1200,1312.594108274996,8.438999997451901,9784.79679999873,4789.964560318589
1791154001,1000,,Aggregated,250.800000,0.000000,1200,1500,1700,1900,2300,2700,3400,3900,5500,7000,9800,207010,0,1200,1314.5683291320165,8.438999997451901,9784.79679999873,4790.177918941114
1791154003,1000,,Aggregated,240.800000,0.000000,1200,1500,1700,1900,2300,2700,3400,3900,5500,7000,9800,207355,0,1200,1315.9222747694357,8.438999997451901,9784.79679999873,4790.088495575221
1791154004,1000,,Aggregated,251.300000,0.000000,1200,1500,1700,1900,2300,2700,3400,3900,5500,7000,9800,207701,0,1200,1316.6774902779239,8.438999997451901,9784.79679999873,4790.220735576622
1791154005,1000,,Aggregated,253.300000,0.000000,1200,1500,1700,1900,2300,2700,3400,3900,5500,7000,9800,208062,0,1200,1316.5874643592515,8.438999997451901,9784.79679999873,4790.019998846497
1791154006,1000,,Aggregated,251.400000,0.000000,1200,1500,1700,1900,2300,2700,3400,3900,5500,7000,9800,208369,0,1200,1316.7158459474088,8.438999997451901,9784.79679999873,4790.016710739122
1791154008,1000,,Aggregated,239.600000,0.000000,1200,1500,1700,1900,2300,2700,3400,3900,5500,7000,9800,208602,0,1200,1317.1568964751732,8.438999997451901,9784.79679999873,4789.9265395346165
1791154009,1000,,Aggregated,243.300000,0.000000,1200,1500,1700,1900,2300,2700,3400,3900,5500,7100,9800,208930,0,1200,1318.3410493534354,8.438999997451901,9784.79679999873,4790.109448140525
1791154010,1000,,Aggregated,248.200000,0.000000,1200,1500,1700,1900,2300,2700,3400,3900,5500,7100,9800,209338,0,1200,1318.584581315928,8.438999997451901,9784.79679999873,4790.3185040460885
1791154011,1000,,Aggregated,246.500000,0.000000,1200,1500,1700,1900,2300,2700,3400,3900,5500,7100,9800,209709,0,1200,1318.3389984688936,8.438999997451901,9784.79679999873,4790.195165681969
1791154013,1000,,Aggregated,278.600000,0.000000,1200,1500,1700,1900,2300,2700,3400,3900,5500,7100,9800,209965,0,1200,1318.4698661677567,8.438999997451901,9784.79679999873,4790.237206201034
1791154014,1000,,Aggregated,273.500000,0.000000,1200,1500,1700,1900,2300,2700,3400,3900,5500,7000,9800,210230,0,1200,1318.457544770075,8.438999997451901,9784.79679999873,4790.367155020692
1791154015,1000,,Aggregated,263.800000,0.000000,1200,1500,1700,1900,2300,2700,3400,3900,5500,7000,9800,210480,0,1200,1318.5731984160604,8.438999997451901,9784.79679999873,4790.165635689852
1791154016,1000,,Aggregated,252.900000,0.000000,1200,1500,1700,1900,2300,2700,3400,3900,5500,7000,9800,210753,0,1200,1319.5246104838952,8.438999997451901,9784.79679999873,4790.376777554768
1791154017,1000,,Aggregated,254.700000,0.000000,1200,1500,1700,1900,2300,2800,3400,3900,5500,7000,9800,211112,0,1200,1320.7617476742842,8.438999997451901,9784.79679999873,4790.1423320322865
1791154019,1000,,Aggregated,252.000000,0.000000,1200,1500,1700,1900,2300,2800,3400,3900,5500,7000,9800,211437,0,1200,1321.956706486623,8.438999997451901,9784.79679999873,4790.408840458387
1791154020,1000,,Aggregated,262.300000,0.000000,1200,1500,1700,1900,2300,2800,3400,3900,5500,7000,9800,211668,0,1200,1322.3498332148147,8.438999997451901,9784.79679999873,4790.308672071357
1791154021,1000,,Aggregated,269.800000,0.000000,1200,1500,1700,1900,2300,2800,3400,3900,5500,7100,9800,211942,0,1200,1323.3176987053666,8.438999997451901,9784.79679999873,4790.30191278746
1791154022,1000,,Aggregated,253.800000,0.000000,1200,1500,1700,1900,2300,2800,3400,3900,5500,7100,9800,212372,0,1200,1324.3014536050543,8.438999997451901,9784.79679999873,4789.860108677227
1791154023,1000,,Aggregated,234.500000,0.000000,1200,1500,1700,1900,2300,2800,3400,3900,5500,7100,9900,212799,0,1200,1323.8861335462707,8.438999997451901,9875.44390000403,4790.19575279959
1791154024,1000,,Aggregated,232.500000,0.000000,1200,1500,1700,1900,2300,2800,3400,3900,5500,7100,9900,213080,0,1200,1323.1067378055782,8.438999997451901,9875.44390000403,4789.857565233715
1791154026,1000,,Aggregated,279.800000,0.000000,1200,1500,1700,1900,2300,2800,3400,3900,5500,7100,9900,213408,0,1200,1322.6771580901934,8.438999997451901,9875.44390000403,4789.860117708802
1791154027,1000,,Aggregated,276.200000,0.000000,1200,1500,1700,1900,2300,2800,3400,3900,5500,7100,9900,213803,0,1200,1322.7820842266588,8.438999997451901,9875.44390000403,4790.285590005753
1791154028,1000,,Aggregated,271.800000,0.000000,1200,1500,1700,1900,2300,2800,3400,3900,5500,7100,9900,214177,0,1200,1322.8530260780242,8.438999997451901,9875.44390000403,4790.1244718153675
1791154029,1000,,Aggregated,279.900000,0.000000,1200,1500,1700,1900,2300,2800,3400,3900,5500,7100,9900,214490,0,1200,1322.6394673351347,8.438999997451901,9875.44390000403,4790.010103035106
1791154031,1000,,Aggregated,286.300000,0.000000,1200,1500,1700,1900,2300,2800,3400,3900,5500,7100,9900,214746,0,1200,1322.6954615914315,8.438999997451901,9875.44390000403,4790.060769467184
1791154032,1000,,Aggregated,283.300000,0.000000,1200,1500,1700,1900,2300,2800,3400,3900,5500,7100,9900,215188,0,1200,1323.2628905464658,8.438999997451901,9875.44390000403,4790.189439002175
1791154033,1000,,Aggregated,288.900000,0.000000,1200,1500,1700,1900,2300,2800,3400,3900,5500,7100,9900,215529,0,1200,1323.3583565242404,8.438999997451901,9875.44390000403,4790.354824640767
1791154035,1000,,Aggregated,283.900000,0.000000,1200,1500,1700,1900,2300,2800,3400,3900,5500,7100,9900,215738,0,1200,1323.8852532169283,8.438999997451901,9875.44390000403,4790.130904152259
1791154036,1000,,Aggregated,267.400000,0.000000,1200,1500,1700,1900,2300,2800,3400,3900,5500,7100,9900,216014,0,1200,1323.873846870174,8.438999997451901,9875.44390000403,4790.269089040525
1791154037,1000,,Aggregated,256.900000,0.000000,1200,1500,1700,1900,2300,2800,3400,3900,5500,7100,9900,216336,0,1200,1324.5281628550679,8.438999997451901,9875.44390000403,4790.266312587826
1791154038,1000,,Aggregated,262.100000,0.000000,1200,1500,1700,1900,2300,2800,3400,3900,5500,7100,9900,216588,0,1200,1325.6145926012266,8.438999997451901,9875.44390000403,4790.097955565405
1791154039,1000,,Aggregated,256.400000,0.000000,1200,1500,1700,1900,2300,2800,3400,3900,5500,7100,9900,216864,0,1200,1326.333808791753,8.438999997451901,9875.44390000403,4790.240261177512
1791154040,1000,,Aggregated,253.300000,0.000000,1200,1500,1700,1900,2300,2800,3400,3900,5500,7100,9900,217210,0,1200,1326.9117565614633,8.438999997451901,9875.44390000403,4790.1831407393765
1791154041,1000,,Aggregated,242.500000,0.000000,1200,1500,1700,1900,2300,2800,3400,3900,5500,7100,9900,217572,0,1200,1327.403150302499,8.438999997451901,9875.44390000403,4790.350113985255
1791154042,1000,,Aggregated,253.200000,0.000000,1200,1500,1700,1900,2300,2800,3400,3900,5500,7200,9900,217914,0,1200,1327.3074873996893,8.438999997451901,9875.44390000403,4790.123553328377
1791154044,1000,,Aggregated,265.400000,0.000000,1200,1500,1700,1900,2300,2800,3400,3900,5500,7200,9900,218223,0,1200,1327.1174493271324,8.438999997451901,9875.44390000403,4789.865005063628
1791154045,1000,,Aggregated,255.600000,0.000000,1200,1500,1700,1900,2300,2800,3400,3900,5500,7200,9900,218566,0,1200,1327.1717878732936,8.438999997451901,9875.44390000403,4790.166498906508
1791154046,1000,,Aggregated,260.300000,0.000000,1200,1500,1700,1900,2300,2800,3400,3900,5500,7200,9900,218902,0,1200,1327.2975550968692,8.438999997451901,9875.44390000403,4790.2396460516575
1791154047,1000,,Aggregated,280.900000,0.000000,1200,1500,1700,1900,2300,2800,3400,3900,5500,7200,9900,219247,0,1200,1327.4254021766048,8.438999997451901,9875.44390000403,4789.858825890434
1791154049,1000,,Aggregated,280.200000,0.000000,1200,1500,1700,1900,2300,2800,3400,3900,5500,7200,9900,219586,0,1200,1327.928086840745,8.438999997451901,9875.44390000403,4790.125855018079
1791154050,1000,,Aggregated,274.400000,0.000000,1200,1500,1700,1900,2300,2800,3400,3900,5500,7200,9900,219895,0,1200,1328.7472811383282,8.438999997451901,9875.44390000403,4790.083216989927
1791154051,1000,,Aggregated,278.000000,0.000000,1200,1500,1700,1900,2300,2800,3400,3900,5500,7100,9900,220218,0,1200,1329.4652568982303,8.438999997451901,9875.44390000403,4790.142195460861
1791154052,1000,,Aggregated,272.700000,0.000000,1200,1500,1700,1900,2300,2800,3400,3900,5500,7100,9900,220596,0,1200,1329.8578340573622,8.438999997451901,9875.44390000403,4790.363161616711
1791154053,1000,,Aggregated,259.900000,0.000000,1200,1500,1700,1900,2300,2800,3400,3900,5500,7100,9900,220898,0,1200,1329.481138002244,8.438999997451901,9875.44390000403,4790.206362212424
1791154055,1000,,Aggregated,269.100000,0.000000,1200,1500,1700,1900,2300,2800,3400,3900,5500,7100,9900,221229,0,1200,1329.165852417266,8.438999997451901,9875.44390000403,4790.231692047607
1791154056,1000,,Aggregated,272.200000,0.000000,1200,1500,1700,1900,2300,2800,3400,3900,5500,7100,9900,221637,0,1200,1329.2823387386568,8.438999997451901,9875.44390000403,4790.0668615799705
1791154057,1000,,Aggregated,264.400000,0.000000,1200,1500,1700,1900,2300,2800,3400,3900,5500,7100,9900,221971,0,1200,1328.8580868420736,8.438999997451901,9875.44390000403,4789.927305819228
1791154058,1000,,Aggregated,270.200000,0.000000,1200,1500,1700,1900,2300,2800,3400,3900,5500,7100,9900,222310,0,1200,1328.4656393968799,8.438999997451901,9875.44390000403,4790.111515451396
1791154059,1000,,Aggregated,278.900000,0.000000,1200,1500,1700,1900,2300,2800,3400,3900,5500,7100,9900,222611,0,1200,1328.2224046934743,8.438999997451901,9875.44390000403,4790.203776992153
1791154061,1000,,Aggregated,289.300000,0.000000,1200,1500,1700,1900,2300,2800,3400,3900,5500,7100,9900,222901,0,1200,1328.6638614793949,8.438999997451901,9875.44390000403,4790.03936276643
1791154062,1000,,Aggregated,286.200000,0.000000,1200,1500,1700,1900,2300,2800,3400,3900,5500,7100,9900,223310,0,1200,1329.2017751427038,8.438999997451901,9875.44390000403,4790.188966011375
1791154063,1000,,Aggregated,286.700000,0.000000,1200,1500,1700,1900,2300,2800,3400,3900,5500,7100,9900,223644,0,1200,1328.9084797384073,8.438999997451901,9875.44390000403,4790.11127059076
1791154064,1000,,Aggregated,293.200000,0.000000,1200,1500,1700,1900,2300,2800,3400,3900,5500,7100,9900,224024,0,1200,1328.5561240086593,8.438999997451901,9875.44390000403,4790.275457093883
1791154066,1000,,Aggregated,289.600000,0.000000,1200,1500,1700,1900,2300,2800,3400,3900,5500,7100,9900,224280,0,1200,1328.820447385034,8.438999997451901,9875.44390000403,4790.190587658284
1791154067,1000,,Aggregated,286.400000,0.000000,1200,1500,1700,1900,2300,2800,3400,3900,5500,7100,9900,224623,0,1200,1328.5310100529277,8.438999997451901,9875.44390000403,4789.989960956803
1791154068,1000,,Aggregated,279.500000,0.000000,1200,1500,1700,1900,2300,2800,3400,3900,5500,7100,9900,224978,0,1200,1328.5827403675828,8.438999997451901,9875.44390000403,4789.949812870592
1791154069,1000,,Aggregated,276.600000,0.000000,1200,1500,1700,1900,2300,2800,3400,3900,5500,7100,9900,225289,0,1200,1328.9276564848615,8.438999997451901,9875.44390000403,4789.911806612839
1791154070,1000,,Aggregated,282.200000,0.000000,1200,1500,1700,1900,2300,2800,3400,3900,5500,7100,9900,225649,0,1200,1329.3802517051602,8.438999997451901,9875.44390000403,4789.975913919406
1791154072,1000,,Aggregated,280.600000,0.000000,1200,1500,1700,1900,2300,2800,3400,3900,5500,7100,9900,226130,0,1200,1329.3633078605963,8.438999997451901,9875.44390000403,4790.0244593817715
1791154073,1000,,Aggregated,289.200000,0.000000,1200,1500,1700,1900,2300,2800,3400,3900,5500,7100,9900,226556,0,1200,1328.6845331212471,8.438999997451901,9875.44390000403,4789.736886244461
1791154074,1000,,Aggregated,284.000000,0.000000,1200,1500,1700,1900,2300,2800,3400,3900,5500,7100,9900,226815,0,1200,1327.9679788749283,8.438999997451901,9875.44390000403,4789.754103564579
1791154075,1000,,Aggregated,288.400000,0.000000,1200,1500,1700,1900,2300,2800,3400,3900,5500,7100,9900,227043,0,1200,1327.404450091904,8.438999997451901,9875.44390000403,4789.612487502367
1791154076,1000,,Aggregated,288.000000,0.000000,1200,1500,1700,1900,2300,2800,3400,3900,5500,7100,9900,227331,0,1200,1327.5638543248199,8.438999997451901,9875.44390000403,4789.914195600248
1791154078,1000,,Aggregated,290.100000,0.000000,1200,1500,1700,1900,2300,2800,3400,3900,5500,7100,9900,227710,0,1200,1328.7505438145754,8.438999997451901,9875.44390000403,4789.788511703482
1791154079,1000,,Aggregated,284.500000,0.000000,1200,1500,1700,1900,2300,2800,3400,3900,5500,7100,9900,227967,0,1200,1329.6401362412867,8.438999997451901,9875.44390000403,4789.954410068124
1791154080,1000,,Aggregated,277.600000,0.000000,1200,1500,1700,1900,2300,2800,3400,3900,5500,7100,9900,228222,0,1200,1330.715321253068,8.438999997451901,9875.44390000403,4789.855285642927
1791154081,1000,,Aggregated,269.000000,0.000000,1200,1500,1700,1900,2300,2800,3400,3900,5500,7100,9900,228728,0,1200,1331.3350756309608,8.438999997451901,9875.44390000403,4789.851692840404
1791154082,1000,,Aggregated,262.300000,0.000000,1200,1500,1700,1900,2300,2800,3400,3900,5500,7100,9900,229120,0,1200,1330.889302568606,8.438999997451901,9875.44390000403,4789.908846892458
1791154083,1000,,Aggregated,262.300000,0.000000,1200,1500,1700,1900,2300,2800,3400,3900,5500,7100,9900,229345,0,1200,1330.1867022822425,8.438999997451901,9875.44390000403,4789.811755215941
1791154085,1000,,Aggregated,271.800000,0.000000,1200,1500,1700,1900,2300,2800,3400,3900,5500,7100,9900,229569,0,1200,1330.1064742971507,8.438999997451901,9875.44390000403,4789.922337075128
1791154086,1000,,Aggregated,262.800000,0.000000,1200,1500,1700,1900,2400,2800,3400,3900,5500,7100,9900,229953,0,1200,1331.2303981597229,8.438999997451901,9875.44390000403,4789.808004244345
1791154087,1000,,Aggregated,258.000000,0.000000,1200,1500,1700,1900,2400,2800,3400,3900,5500,7100,9900,230415,0,1200,1331.7276660144644,8.438999997451901,9875.44390000403,4790.081722110106
1791154088,1000,,Aggregated,258.200000,0.000000,1200,1500,1700,1900,2400,2800,3400,3900,5500,7100,9900,230665,0,1200,1331.602137235915,8.438999997451901,9875.44390000403,4790.347087767976
1791154089,1000,,Aggregated,265.100000,0.000000,1200,1500,1700,1900,2400,2800,3400,3900,5500,7100,9900,230824,0,1200,1331.282314831307,8.438999997451901,9875.44390000403,4790.482670779468
1791154091,1000,,Aggregated,280.000000,0.000000,1200,1500,1700,1900,2400,2800,3400,3900,5500,7100,9900,231079,0,1200,1331.724627247047,8.438999997451901,9875.44390000403,4790.561223650786
1791154092,1000,,Aggregated,279.900000,0.000000,1200,1500,1700,1900,2400,2800,3400,3900,5500,7100,9900,231388,0,1200,1333.1487749840976,8.438999997451901,9875.44390000403,4790.594421491175
1791154093,1000,,Aggregated,268.900000,0.000000,1200,1500,1700,1900,2400,2800,3400,3900,5500,7100,9900,231647,0,1200,1334.220152923714,8.438999997451901,9875.44390000403,4790.494161374851
1791154094,1000,,Aggregated,249.800000,0.000000,1200,1500,1700,1900,2400,2800,3400,3900,5500,7100,9900,231899,0,1200,1335.2011884579895,8.438999997451901,9875.44390000403,4790.608596846041
1791154095,1000,,Aggregated,242.500000,0.000000,1200,1500,1700,1900,2400,2800,3400,3900,5500,7100,9900,232321,0,1200,1336.2960556007406,8.438999997451901,9875.44390000403,4790.670765879968
1791154096,1000,,Aggregated,241.700000,0.000000,1200,1500,1700,1900,2400,2800,3400,3900,5500,7100,9900,232667,0,1200,1336.418420658796,8.438999997451901,9875.44390000403,4790.841816845535
1791154098,1000,,Aggregated,263.000000,0.000000,1200,1500,1700,1900,2400,2800,3400,3900,5500,7100,9900,233060,0,1200,1336.1401554858026,8.438999997451901,9875.44390000403,4790.9239981120745
1791154099,1000,,Aggregated,260.100000,0.000000,1200,1500,1700,1900,2400,2800,3400,3900,5500,7100,9900,233432,0,1200,1335.8016260517845,8.438999997451901,9875.44390000403,4791.023390109325
1791154100,1000,,Aggregated,254.100000,0.000000,1200,1500,1700,1900,2400,2800,3400,3900,5500,7100,9900,233748,0,1200,1335.6254764174278,8.438999997451901,9875.44390000403,4790.888794770436
1791154101,1000,,Aggregated,259.200000,0.000000,1200,1500,1700,1900,2400,2800,3400,3900,5500,7100,9900,233941,0,1200,1335.4928114461372,8.438999997451901,9875.44390000403,4790.900021800368
1791154102,1000,,Aggregated,272.100000,0.000000,1200,1500,1700,1900,2400,2800,3400,3900,5500,7100,9900,234232,0,1200,1335.9945195593325,8.438999997451901,9875.44390000403,4791.12162300625
1791154103,1000,,Aggregated,276.800000,0.000000,1200,1500,1700,1900,2400,2800,3400,3900,5500,7100,9900,234547,0,1200,1336.8052306736902,8.438999997451901,9875.44390000403,4790.816629502829
1791154104,1000,,Aggregated,271.800000,0.000000,1200,1500,1700,1900,2400,2800,3400,3900,5500,7100,9900,234805,0,1200,1337.2841442947204,8.438999997451901,9875.44390000403,4791.025046315028
1791154106,1000,,Aggregated,269.000000,0.000000,1200,1500,1700,1900,2400,2800,3500,3900,5500,7100,9900,235039,0,1200,1337.6982641290228,8.438999997451901,9875.44390000403,4791.049451367646
1791154107,1000,,Aggregated,278.000000,0.000000,1200,1500,1700,1900,2400,2800,3500,3900,5600,7100,9900,235327,0,1200,1338.1422547711088,8.438999997451901,9875.44390000403,4791.183727324106
1791154108,1000,,Aggregated,264.800000,0.000000,1200,1500,1700,1900,2400,2800,3500,4000,5600,7100,9900,235725,0,1200,1338.872339362062,8.438999997451901,9875.44390000403,4791.369545020681
1791154109,1000,,Aggregated,260.600000,0.000000,1200,1500,1700,1900,2400,2800,3500,4000,5600,7100,9900,236038,0,1200,1339.750900241583,8.438999997451901,9875.44390000403,4791.385340496022
1791154110,1000,,Aggregated,266.400000,0.000000,1200,1500,1700,1900,2400,2800,3500,4000,5600,7100,9900,236325,0,1200,1339.6753058289337,8.438999997451901,9875.44390000403,4791.307961493706
1791154111,1000,,Aggregated,257.800000,0.000000,1200,1500,1700,1900,2400,2800,3500,4000,5600,7100,9900,236578,0,1200,1339.4365656777973,8.438999997451901,9875.44390000403,4791.284329058492
1791154112,1000,,Aggregated,259.300000,0.000000,1200,1500,1700,1900,2400,2800,3500,4000,5600,7100,9900,236880,0,1200,1339.9002342739905,8.438999997451901,9875.44390000403,4791.101317122594
1791154113,1000,,Aggregated,260.900000,0.000000,1200,1500,1800,1900,2400,2800,3500,4000,5600,7100,9900,237199,0,1200,1340.7434840265898,8.438999997451901,9875.44390000403,4790.7576296696025
1791154115,1000,,Aggregated,267.700000,0.000000,1200,1500,1800,1900,2400,2800,3500,4000,5600,7100,9900,237507,0,1200,1341.072844974771,8.438999997451901,9875.44390000403,4790.856063189716
1791154116,1000,,Aggregated,263.600000,0.000000,1200,1500,1800,1900,2400,2800,3500,4000,5600,7100,9900,237966,0,1200,1341.1441228714295,8.438999997451901,9875.44390000403,4790.856210551087
1791154117,1000,,Aggregated,266.600000,0.000000,1200,1500,1800,1900,2400,2800,3500,4000,5600,7100,9900,238350,0,1200,1340.7961740781327,8.438999997451901,9875.44390000403,4791.030673379484
1791154118,1000,,Aggregated,279.900000,0.000000,1200,1500,1700,1900,2400,2800,3500,4000,5600,7100,9900,238606,0,1200,1340.5178992557674,8.438999997451901,9875.44390000403,4791.155012866399
1791154120,1000,,Aggregated,273.800000,0.000000,1200,1500,1700,1900,2400,2800,3500,4000,5600,7100,9900,239027,0,1200,1340.3833029528914,8.438999997451901,9875.44390000403,4791.324360846264
1791154121,1000,,Aggregated,279.200000,0.000000,1200,1500,1700,1900,2400,2800,3500,4000,5600,7100,9900,239292,0,1200,1340.3006097885477,8.438999997451901,9875.44390000403,4791.381755344934
1791154122,1000,,Aggregated,279.900000,0.000000,1200,1500,1700,1900,2400,2800,3500,4000,5600,7100,9900,239502,0,1200,1340.520412105623,8.438999997451901,9875.44390000403,4791.500079331279
1791154123,1000,,Aggregated,278.200000,0.000000,1200,1500,1800,1900,2400,2800,3500,4000,5600,7100,9900,239755,0,1200,1340.957810857421,8.438999997451901,9875.44390000403,4791.572943212863
1791154124,1000,,Aggregated,277.400000,0.000000,1200,1500,1800,1900,2400,2800,3500,4000,5600,7100,9900,240079,0,1200,1341.7747670296897,8.438999997451901,9875.44390000403,4791.653430745713
1791154125,1000,,Aggregated,268.900000,0.000000,1200,1500,1800,1900,2400,2800,3500,4000,5600,7100,9900,240431,0,1200,1342.3650700314022,8.438999997451901,9875.44390000403,4791.650810419622
1791154126,1000,,Aggregated,273.100000,0.000000,1200,1500,1800,1900,2400,2800,3500,4000,5600,7100,9900,240818,0,1200,1342.5016379943438,8.438999997451901,9875.44390000403,4791.5805836773
1791154128,1000,,Aggregated,275.500000,0.000000,1200,1500,1800,1900,2400,2800,3500,4000,5600,7100,9900,241147,0,1200,1342.4301151750685,8.438999997451901,9875.44390000403,4791.683819413055
1791154129,1000,,Aggregated,272.000000,0.000000,1200,1500,1800,1900,2400,2800,3500,4000,5600,7100,9900,241489,0,1200,1342.3378379856701,8.438999997451901,9875.44390000403,4791.512615481451
1791154130,1000,,Aggregated,272.100000,0.000000,1200,1500,1800,1900,2400,2800,3500,4000,5600,7100,9900,241766,0,1200,1342.5952636744648,8.438999997451901,9875.44390000403,4791.751458021393
1791154131,1000,,Aggregated,270.800000,0.000000,1200,1500,1800,1900,2400,2800,3500,4000,5600,7100,9900,242033,0,1200,1342.629958528057,8.438999997451901,9875.44390000403,4791.804369652073
1791154132,1000,,Aggregated,269.200000,0.000000,1200,1500,1800,1900,2400,2800,3500,4000,5600,7100,9900,242220,0,1200,1342.7326951012376,8.438999997451901,9875.44390000403,4791.664478573198
1791154133,1000,,Aggregated,272.800000,0.000000,1200,1500,1800,1900,2400,2800,3500,4000,5600,7100,9900,242479,0,1200,1343.2468660783895,8.438999997451901,9875.44390000403,4791.7354657516735
1791154134,1000,,Aggregated,268.500000,0.000000,1200,1500,1800,1900,2400,2800,3500,4000,5600,7100,9900,242761,0,1200,1344.2364879701527,8.438999997451901,9875.44390000403,4791.80484097528
1791154136,1000,,Aggregated,271.300000,0.000000,1200,1500,1800,1900,2400,2800,3500,4000,5600,7100,9900,243085,0,1200,1345.5320304231911,8.438999997451901,9875.44390000403,4791.9578953863875
1791154137,1000,,Aggregated,257.900000,0.000000,1200,1500,1800,1900,2400,2800,3500,4000,5600,7100,9900,243415,0,1200,1346.7035395847452,8.438999997451901,9875.44390000403,4791.744761004868
1791154138,1000,,Aggregated,249.200000,0.000000,1200,1500,1800,1900,2400,2800,3500,4000,5600,7100,9900,243838,0,1200,1346.9706376779673,8.438999997451901,9875.44390000403,4791.668775990616
1791154139,1000,,Aggregated,244.200000,0.000000,1200,1500,1800,1900,2400,2800,3500,4000,5600,7200,9900,244182,0,1200,1346.6481829406744,8.438999997451901,9875.44390000403,4791.62213840496
1791154140,1000,,Aggregated,258.700000,0.000000,1200,1500,1800,1900,2400,2800,3500,4000,5600,7200,9900,244492,0,1200,1346.4634721615396,8.438999997451901,9875.44390000403,4791.613009832633
1791154142,1000,,Aggregated,266.600000,0.000000,1200,1500,1800,1900,2400,2800,3500,4000,5600,7200,9900,244705,0,1200,1346.661479563639,8.438999997451901,9875.44390000403,4791.441159763797
1791154143,1000,,Aggregated,256.400000,0.000000,1200,1500,1800,1900,2400,2800,3500,4000,5600,7200,9900,245033,0,1200,1347.5222637902689,8.438999997451901,9875.44390000403,4791.6146110931995
1791154144,1000,,Aggregated,255.600000,0.000000,1200,1500,1800,1900,2400,2800,3500,4000,5600,7200,9900,245637,0,1200,1347.6117276335463,8.438999997451901,9875.44390000403,4791.83602226049
1791154145,1000,,Aggregated,255.800000,0.000000,1200,1500,1800,1900,2400,2800,3500,4000,5600,7200,9900,245938,0,1200,1346.7004168250655,8.438999997451901,9875.44390000403,4791.880360090755
1791154146,1000,,Aggregated,272.300000,0.000000,1200,1500,1800,1900,2400,2800,3500,4000,5600,7200,9900,246143,0,1200,1346.1441409762726,8.438999997451901,9875.44390000403,4791.967409188967
1791154148,1000,,Aggregated,285.300000,0.000000,1200,1500,1800,1900,2400,2800,3500,4000,5600,7200,9900,246450,0,1200,1346.0898172518682,8.438999997451901,9875.44390000403,4792.045303306959
1791154149,1000,,Aggregated,284.200000,0.000000,1200,1500,1800,1900,2400,2800,3500,4000,5600,7200,9900,246807,0,1200,1346.6610997132286,8.438999997451901,9875.44390000403,4791.93464123789
1791154150,1000,,Aggregated,272.800000,0.000000,1200,1500,1800,1900,2400,2800,3500,4000,5600,7200,9900,247157,0,1200,1346.8767889993962,8.438999997451901,9875.44390000403,4792.018069486197
1791154151,1000,,Aggregated,274.300000,0.000000,1200,1500,1800,1900,2400,2800,3500,4000,5600,7200,9900,247433,0,1200,1346.6797607664416,8.438999997451901,9875.44390000403,4792.049176948912
1791154152,1000,,Aggregated,278.800000,0.000000,1200,1500,1800,1900,2400,2800,3500,4000,5600,7200,9900,247749,0,1200,1346.8023014132195,8.438999997451901,9875.44390000403,4792.222983745646
1791154154,1000,,Aggregated,284.800000,0.000000,1200,1500,1800,1900,2400,2800,3500,4000,5600,7200,9900,248066,0,1200,1347.357041894596,8.438999997451901,9875.44390000403,4792.155107914829
1791154155,1000,,Aggregated,285.100000,0.000000,1200,1500,1800,1900,2400,2800,3500,4000,5600,7200,9900,248391,0,1200,1348.1850912018676,8.438999997451901,9875.44390000403,4792.088835746867
1791154156,1000,,Aggregated,270.100000,0.000000,1200,1500,1800,1900,2400,2800,3500,4000,5600,7200,9900,248707,0,1200,1348.8428741310922,8.438999997451901,9875.44390000403,4792.101251673656
1791154158,1000,,Aggregated,255.700000,0.000000,1200,1500,1800,1900,2400,2800,3500,4000,5600,7200,9900,248963,0,1200,1349.4731472645399,8.438999997451901,9875.44390000403,4792.062487196893
1791154159,1000,,Aggregated,261.800000,0.000000,1200,1500,1800,1900,2400,2800,3500,4000,5600,7200,9900,249377,0,1200,1350.089520293854,8.438999997451901,9875.44390000403,4791.643319151325
1791154160,1000,,Aggregated,252.400000,0.000000,1200,1500,1800,1900,2400,2800,3500,4000,5600,7200,9900,249795,0,1200,1349.8397414228443,8.438999997451901,9875.44390000403,4791.412758461939
1791154161,1000,,Aggregated,254.200000,0.000000,1200,1500,1800,1900,2400,2800,3500,4000,5600,7300,9900,250079,0,1200,1349.7853068071265,8.438999997451901,9875.44390000403,4791.265184201792
1791154162,1000,,Aggregated,254.700000,0.000000,1200,1500,1800,1900,2400,2800,3500,4000,5600,7300,9900,250369,0,1200,1349.8015827878792,8.438999997451901,9875.44390000403,4791.166118808638
1791154164,1000,,Aggregated,266.800000,0.000000,1200,1500,1800,1900,2400,2800,3500,4000,5600,7300,9900,250714,0,1200,1350.1472431181298,8.438999997451901,9875.44390000403,4791.338449388546
1791154165,1000,,Aggregated,262.000000,0.000000,1200,1500,1800,1900,2400,2800,3500,4000,5600,7300,9900,251129,0,1200,1350.0431866240779,8.438999997451901,9875.44390000403,4791.198280564969
1791154166,1000,,Aggregated,269.100000,0.000000,1200,1500,1800,1900,2400,2800,3500,4000,5600,7300,9900,251415,0,1200,1349.7221853454218,8.438999997451901,9875.44390000403,4791.336368156236
1791154167,1000,,Aggregated,280.100000,0.000000,1200,1500,1800,1900,2400,2800,3500,4000,5600,7300,9900,251750,0,1200,1349.6379381093104,8.438999997451901,9875.44390000403,4791.197124131082
1791154168,1000,,Aggregated,279.400000,0.000000,1200,1500,1800,1900,2400,2800,3500,4000,5600,7300,9900,252096,0,1200,1349.5680705660518,8.438999997451901,9875.44390000403,4791.292130775578
1791154169,1000,,Aggregated,282.400000,0.000000,1200,1500,1800,1900,2400,2800,3500,4000,5600,7300,9900,252451,0,1200,1349.3296722216173,8.438999997451901,9875.44390000403,4791.30580587916
1791154170,1000,,Aggregated,294.900000,0.000000,1200,1500,1800,1900,2400,2800,3500,4000,5600,7300,9900,252783,0,1200,1348.9328718454942,8.438999997451901,9875.44390000403,4791.182140412923
1791154172,1000,,Aggregated,291.100000,0.000000,1200,1500,1800,1900,2400,2800,3500,4000,5600,7300,9900,253086,0,1200,1348.8759024830283,8.438999997451901,9875.44390000403,4791.138174375509
1791154173,1000,,Aggregated,288.800000,0.000000,1200,1500,1800,1900,2400,2800,3500,4000,5600,7300,9900,253352,0,1200,1349.0209136743313,8.438999997451901,9875.44390000403,4791.165710158199
1791154174,1000,,Aggregated,285.300000,0.000000,1200,1500,1800,1900,2400,2800,3500,4000,5600,7300,9900,253677,0,1200,1349.776864860503,8.438999997451901,9875.44390000403,4791.208410695491
1791154175,1000,,Aggregated,288.600000,0.000000,1200,1500,1800,1900,2400,2800,3500,4000,5600,7300,9900,253930,0,1200,1350.6903745529005,8.438999997451901,9875.44390000403,4791.305958334974
1791154177,1000,,Aggregated,276.900000,0.000000,1200,1500,1800,1900,2400,2800,3500,4000,5600,7300,9900,254278,0,1200,1350.93146403825,8.438999997451901,9875.44390000403,4791.264092843266
