Timestamp,User Count,Type,Name,Requests/s,Failures/s,50%,66%,75%,80%,90%,95%,98%,99%,99.9%,99.99%,100%,Total Request Count,Total Failure Count,Total Median Response Time,Total Average Response Time,Total Min Response Time,Total Max Response Time,Total Average Content Size
1791152598,0,,Aggregated,0.000000,0.000000,N/A,N/A,N/A,N/A,N/A,N/A,N/A,N/A,N/A,N/A,N/A,0,0,0,0.0,0,0,0
1791152599,10,,Aggregated,0.000000,0.000000,310,330,330,400,420,430,430,430,430,430,430,20,0,75,195.806475012796,10.354300029575825,431.58660002518445,5116.2
1791152600,20,,Aggregated,0.000000,0.000000,64,85,170,320,330,420,430,430,430,430,430,42,0,61,126.66203334672554,10.354300029575825,431.58660002518445,5115.690476190476
1791152601,40,,Aggregated,0.000000,0.000000,41,56,75,90,320,400,420,430,430,430,430,72,0,40,87.95858194935136,6.21240003965795,431.58660002518445,4941.152777777777
1791152602,50,,Aggregated,20.000000,0.000000,37,50,65,77,250,330,420,420,430,430,430,111,0,37,76.5308495558513,6.21240003965795,431.58660002518445,4832.603603603604
1791152603,60,,Aggregated,22.333333,0.000000,29,43,56,73,170,320,400,420,430,430,430,151,0,29,65.92107881384821,5.895799957215786,431.58660002518445,4826.0331125827815
1791152604,70,,Aggregated,22.750000,0.000000,27,39,46,55,170,310,400,420,430,430,430,198,0,26,55.57378283478414,4.903399967588484,431.58660002518445,4820.929292929293
1791152605,80,,Aggregated,27.200000,0.000000,27,39,46,51,88,250,330,420,430,430,430,250,0,27,50.73103840230033,4.903399967588484,431.58660002518445,4929.116
1791152606,90,,Aggregated,29.166667,0.000000,28,40,46,53,80,170,330,400,430,430,430,303,0,28,48.85368680169579,4.903399967588484,431.58660002518445,4953.353135313531
1791152607,100,,Aggregated,31.714286,0.000000,27,39,46,55,85,170,320,400,430,430,430,367,0,27,46.34703024784078,4.40029997844249,431.58660002518445,4938.711171662126
1791152608,110,,Aggregated,34.125000,0.000000,27,38,45,51,77,130,320,330,430,430,430,431,0,27,43.607949887255415,4.219299997203052,431.58660002518445,4972.192575406032
1791152609,120,,Aggregated,36.666667,0.000000,27,38,45,50,72,100,250,330,430,430,430,507,0,27,42.03090355276907,4.219299997203052,431.58660002518445,4971.067061143985
1791152610,130,,Aggregated,39.100000,0.000000,27,38,46,51,75,110,250,330,430,430,430,585,0,27,41.69235607215132,4.219299997203052,431.58660002518445,5023.704273504273
1791152611,140,,Aggregated,45.900000,0.000000,27,38,45,50,72,100,230,330,430,430,430,656,0,27,40.62109802268934,4.219299997203052,431.58660002518445,5023.842987804878
1791152612,150,,Aggregated,49.300000,0.000000,27,38,44,50,68,98,210,320,430,430,430,741,0,27,39.992138870341975,4.219299997203052,431.58660002518445,5031.666666666667
1791152613,160,,Aggregated,54.100000,0.000000,28,39,45,50,68,91,170,320,430,430,430,841,0,28,39.439607850845135,4.219299997203052,431.58660002518445,5002.214030915577
1791152614,170,,Aggregated,59.200000,0.000000,28,39,46,51,73,110,280,330,550,550,550,932,0,28,43.28686298573661,4.219299997203052,548.1530999531969,4990.74356223176
1791152615,180,,Aggregated,63.500000,0.000000,28,39,46,51,71,100,250,330,540,550,550,1017,0,28,42.330550346496054,4.219299997203052,548.1530999531969,5014.399213372665
1791152616,190,,Aggregated,68.100000,0.000000,27,38,45,51,71,100,250,330,540,550,550,1126,0,27,41.35330586336871,3.929800004698336,548.1530999531969,4984.923623445826
1791152617,200,,Aggregated,72.700000,0.000000,26,38,46,51,77,130,320,440,650,690,690,1239,0,26,45.71054858928644,3.929800004698336,691.3021999644116,4974.907183212268
1791152618,210,,Aggregated,77.000000,0.000000,26,37,45,50,75,120,310,440,650,690,690,1295,0,26,44.53304957699131,3.929800004698336,691.3021999644116,4964.552895752896
1791152619,220,,Aggregated,81.300000,0.000000,27,41,50,58,120,400,1100,1300,1900,2000,2000,1408,0,27,86.751250498227,3.929800004698336,2029.4318000087515,4965.915482954545
1791152620,230,,Aggregated,85.300000,0.000000,29,43,55,72,260,670,1100,1300,2000,2100,2100,1542,0,29,113.95658404817297,3.929800004698336,2122.7497999789193,4949.8501945525295
1791152621,240,,Aggregated,84.400000,0.000000,29,43,55,69,240,640,1100,1300,2000,2100,2100,1612,0,29,110.54361129196063,3.929800004698336,2122.7497999789193,4961.248138957816
1791152622,250,,Aggregated,0.000000,0.000000,670,1000,1300,1600,1600,1700,2000,2000,2000,2000,2000,28,0,650,851.8602428625205,70.39160002022982,1995.4759000102058,4775.642857142857
1791152623,250,,Aggregated,0.000000,0.000000,240,400,520,610,890,1200,1600,2000,2200,2200,2200,169,0,240,364.5162798799078,6.369999959133565,2186.365499976091,5112.627218934911
1791152624,250,,Aggregated,0.000000,0.000000,47,170,320,440,650,1000,1600,1700,2200,2200,2200,275,0,47,233.40610727456144,4.4392000418156385,2186.365499976091,4865.836363636364
1791152625,250,,Aggregated,47.000000,0.000000,34,99,220,290,530,740,1200,1600,2200,2200,2200,423,0,34,177.85043120560354,4.4392000418156385,2186.365499976091,4846.6973995271865
1791152626,250,,Aggregated,89.500000,0.000000,30,50,130,220,470,670,1100,1600,2200,2200,2200,530,0,30,147.52160358497486,4.4392000418156385,2186.365499976091,4841.516981132076
1791152627,250,,Aggregated,93.666667,0.000000,28,43,60,130,410,610,1000,1600,2200,2200,2200,655,0,28,123.83886595356157,4.4392000418156385,2186.365499976091,4824.442748091603
1791152628,250,,Aggregated,106.500000,0.000000,23,37,49,70,320,560,960,1300,2200,2200,2200,782,0,23,106.47870959086424,4.4392000418156385,2186.365499976091,4792.521739130435
1791152629,250,,Aggregated,106.600000,0.000000,20,32,44,54,260,510,850,1100,2200,2200,2200,905,0,20,94.37617104994493,3.9061999414116144,2186.365499976091,4804.559116022099
1791152630,250,,Aggregated,109.500000,0.000000,19,30,42,49,220,470,760,1100,2000,2200,2200,1041,0,19,84.68790585991518,3.602299955673516,2186.365499976091,4794.88088376561
1791152631,250,,Aggregated,112.428571,0.000000,19,29,39,45,170,450,710,1100,2000,2200,2200,1168,0,19,77.71051267059504,3.602299955673516,2186.365499976091,4768.458047945205
1791152633,250,,Aggregated,113.375000,0.000000,17,27,36,43,140,420,690,1000,2000,2200,2200,1285,0,17,71.673966847371,3.602299955673516,2186.365499976091,4764.369649805448
1791152634,250,,Aggregated,116.800000,0.000000,17,27,35,43,110,360,650,1000,2000,2200,2200,1423,0,17,66.93300006962535,3.602299955673516,2186.365499976091,4796.07519325369
1791152635,250,,Aggregated,123.800000,0.000000,17,27,35,42,83,330,620,960,2000,2200,2200,1543,0,17,63.49863784812627,3.602299955673516,2186.365499976091,4808.635774465327
1791152636,250,,Aggregated,124.300000,0.000000,17,27,35,41,66,300,610,890,2000,2200,2200,1657,0,17,60.65639022305803,3.602299955673516,2186.365499976091,4823.457453228727
1791152637,250,,Aggregated,126.000000,0.000000,17,27,35,41,60,270,600,850,2000,2200,2200,1785,0,17,58.09564100837998,3.602299955673516,2186.365499976091,4832.829131652661
1791152638,250,,Aggregated,123.000000,0.000000,18,27,34,40,57,250,560,820,2000,2200,2200,1918,0,18,55.733013972608475,3.602299955673516,2186.365499976091,4831.500521376433
1791152639,250,,Aggregated,123.000000,0.000000,18,27,35,40,56,230,550,760,1700,2200,2200,2022,0,18,54.10384990059117,3.602299955673516,2186.365499976091,4843.357566765579
1791152640,250,,Aggregated,125.700000,0.000000,18,27,34,40,55,210,530,740,1700,2200,2200,2154,0,18,52.27022465164302,3.602299955673516,2186.365499976091,4832.538532961931
1791152641,250,,Aggregated,123.500000,0.000000,18,27,34,40,55,180,510,730,1700,2200,2200,2277,0,18,50.866398594540954,3.586699953302741,2186.365499976091,4805.519982433026
1791152642,250,,Aggregated,124.400000,0.000000,18,27,34,40,54,170,490,710,1700,2200,2200,2404,0,18,49.467292720527105,3.586699953302741,2186.365499976091,4805.114808652246
1791152643,250,,Aggregated,122.400000,0.000000,18,27,35,40,54,160,480,690,1700,2200,2200,2529,0,18,48.71380316330538,3.586699953302741,2186.365499976091,4803.2352708580465
1791152644,250,,Aggregated,122.700000,0.000000,18,28,35,40,54,150,470,670,1700,2200,2200,2651,0,18,47.751417917806144,3.586699953302741,2186.365499976091,4798.966427763108
1791152645,250,,Aggregated,123.400000,0.000000,18,28,35,40,54,130,460,650,1700,2200,2200,2778,0,18,46.668753959867125,3.586699953302741,2186.365499976091,4783.291216702663
1791152646,250,,Aggregated,121.800000,0.000000,19,28,36,41,54,120,450,650,1700,2200,2200,2898,0,19,45.96401387161181,3.586699953302741,2186.365499976091,4782.359903381643
1791152647,250,,Aggregated,122.900000,0.000000,19,28,35,40,54,110,440,620,1600,2200,2200,3029,0,19,44.969847408138996,3.586699953302741,2186.365499976091,4789.1862000660285
1791152648,250,,Aggregated,122.200000,0.000000,19,28,36,40,54,110,430,620,1600,2200,2200,3148,0,19,44.5446411053117,3.4981999779120088,2186.365499976091,4789.628653113087
1791152649,250,,Aggregated,123.600000,0.000000,18,28,35,40,53,96,410,610,1600,2200,2200,3263,0,18,43.54357404218786,3.4981999779120088,2186.365499976091,4788.386147716825
1791152650,250,,Aggregated,121.300000,0.000000,18,27,34,39,52,89,400,610,1600,2200,2200,3381,0,18,42.52616702140984,3.4981999779120088,2186.365499976091,4789.3368825791185
1791152651,250,,Aggregated,122.500000,0.000000,18,27,34,39,52,89,370,600,1600,2200,2200,3501,0,18,42.02949031692672,3.4981999779120088,2186.365499976091,4787.744358754641
1791152652,250,,Aggregated,122.000000,0.000000,18,26,34,39,52,88,360,590,1600,2200,2200,3640,0,18,41.61529986246663,3.4981999779120088,2186.365499976091,4781.7760989010985
1791152653,250,,Aggregated,120.800000,0.000000,18,27,34,39,52,81,330,570,1600,2200,2200,3758,0,18,41.130867588941946,3.4981999779120088,2186.365499976091,4787.839010111761
1791152654,250,,Aggregated,122.000000,0.000000,18,27,34,39,52,79,330,560,1600,2200,2200,3880,0,18,40.57234247381914,3.4981999779120088,2186.365499976091,4799.239948453608
1791152655,250,,Aggregated,122.100000,0.000000,18,27,34,39,52,80,310,560,1600,2200,2200,4000,0,18,40.30644057437894,3.4981999779120088,2186.365499976091,4791.70075
1791152656,250,,Aggregated,122.100000,0.000000,18,27,34,39,52,76,300,530,1600,2200,2200,4111,0,18,39.88081770797281,3.4981999779120088,2186.365499976091,4786.5113111165165
1791152657,250,,Aggregated,121.900000,0.000000,18,27,35,39,52,76,300,530,1600,2200,2200,4256,0,18,39.451270299890126,3.4981999779120088,2186.365499976091,4780.806390977444
1791152658,250,,Aggregated,121.300000,0.000000,18,28,35,40,52,77,290,530,1600,2200,2200,4367,0,18,39.5585181581463,3.4981999779120088,2186.365499976091,4777.867872681475
1791152659,250,,Aggregated,120.600000,0.000000,18,28,35,40,52,76,290,520,1600,2200,2200,4481,0,18,39.27841709369303,3.4981999779120088,2186.365499976091,4785.0339209997765
1791152660,250,,Aggregated,121.800000,0.000000,18,28,35,40,52,72,280,510,1600,2200,2200,4603,0,18,38.934142862493346,3.4981999779120088,2186.365499976091,4790.69780577884
1791152661,250,,Aggregated,121.700000,0.000000,18,28,35,40,52,71,270,510,1600,2200,2200,4740,0,18,38.45653727762146,3.4981999779120088,2186.365499976091,4797.254430379747
1791152662,250,,Aggregated,121.000000,0.000000,19,28,35,40,52,71,260,490,1600,2200,2200,4855,0,19,38.26336949458489,3.4981999779120088,2186.365499976091,4805.595056642636
1791152663,250,,Aggregated,123.100000,0.000000,19,28,35,40,52,70,260,480,1600,2200,2200,4986,0,19,37.87558676216025,3.4981999779120088,2186.365499976091,4800.83052547132
1791152664,250,,Aggregated,120.700000,0.000000,18,28,35,39,51,68,250,480,1600,2200,2200,5102,0,18,37.429389826792224,3.4981999779120088,2186.365499976091,4799.598980791847
1791152665,250,,Aggregated,120.600000,0.000000,18,27,35,39,51,69,250,470,1600,2200,2200,5218,0,18,37.035365062595325,3.4981999779120088,2186.365499976091,4803.412993484094
1791152666,250,,Aggregated,120.700000,0.000000,18,27,34,39,50,67,240,470,1600,2200,2200,5345,0,18,36.537964452124285,3.4981999779120088,2186.365499976091,4799.63966323667
1791152667,250,,Aggregated,119.400000,0.000000,18,27,34,39,50,67,240,460,1600,2200,2200,5470,0,18,36.22633001783699,3.4981999779120088,2186.365499976091,4799.43436928702
1791152668,250,,Aggregated,122.000000,0.000000,18,27,35,39,50,66,240,460,1600,2200,2200,5595,0,18,36.13762287720555,3.4981999779120088,2186.365499976091,4799.152457551385
1791152669,250,,Aggregated,120.900000,0.000000,18,27,34,39,50,66,230,450,1600,2200,2200,5718,0,18,35.84539650198484,3.4981999779120088,2186.365499976091,4799.13623644631
1791152670,250,,Aggregated,121.600000,0.000000,18,27,34,39,50,65,220,450,1600,2200,2200,5844,0,18,35.42915580045683,3.4981999779120088,2186.365499976091,4797.357631759069
1791152671,250,,Aggregated,122.000000,0.000000,18,27,34,39,50,66,220,440,1600,2200,2200,5962,0,18,35.308829704452656,3.4981999779120088,2186.365499976091,4797.679469976518
1791152672,250,,Aggregated,122.300000,0.000000,18,27,34,39,50,65,220,440,1600,2200,2200,6092,0,18,35.105549769993694,3.4981999779120088,2186.365499976091,4803.184996717006
1791152673,250,,Aggregated,121.100000,0.000000,18,27,34,39,50,65,210,430,1600,2200,2200,6220,0,18,34.86964599662865,3.4981999779120088,2186.365499976091,4801.101446945338
1791152674,250,,Aggregated,122.700000,0.000000,18,27,34,39,50,64,200,430,1600,2200,2200,6338,0,18,34.713224281980686,3.4981999779120088,2186.365499976091,4798.906121804986
1791152675,250,,Aggregated,122.100000,0.000000,18,27,34,39,50,64,200,420,1600,2200,2200,6461,0,18,34.538339746060394,3.4981999779120088,2186.365499976091,4795.962699272558
1791152676,250,,Aggregated,121.200000,0.000000,18,27,34,39,49,63,200,410,1600,2200,2200,6583,0,18,34.33940312919931,3.4981999779120088,2186.365499976091,4799.082029469847
1791152677,250,,Aggregated,122.700000,0.000000,18,27,35,39,50,63,190,400,1600,2200,2200,6710,0,18,34.21918031292511,3.4981999779120088,2186.365499976091,4801.245007451565
1791152678,250,,Aggregated,122.200000,0.000000,18,27,34,39,50,63,180,380,1600,2200,2200,6834,0,18,34.07645434581882,3.4981999779120088,2186.365499976091,4796.967661691542
1791152679,250,,Aggregated,121.800000,0.000000,18,27,34,39,50,63,180,370,1600,2200,2200,6948,0,18,33.893847337247166,3.4981999779120088,2186.365499976091,4795.667386298215
1791152680,250,,Aggregated,123.000000,0.000000,18,27,34,39,50,63,170,370,1300,2200,2200,7079,0,18,33.71308057604884,3.4981999779120088,2186.365499976091,4791.306964260489
1791152681,250,,Aggregated,121.200000,0.000000,18,27,34,39,49,62,170,360,1300,2200,2200,7201,0,18,33.54409555576709,3.4981999779120088,2186.365499976091,4791.2130259686155
1791152682,250,,Aggregated,120.900000,0.000000,18,27,34,39,49,62,170,340,1300,2200,2200,7329,0,18,33.420495551643974,3.4981999779120088,2186.365499976091,4792.51248465002
1791152683,250,,Aggregated,122.900000,0.000000,18,27,34,38,49,62,170,340,1300,2200,2200,7457,0,18,33.18494700262066,3.4981999779120088,2186.365499976091,4793.77846318895
1791152684,250,,Aggregated,121.300000,0.000000,18,27,34,39,50,63,170,360,1300,2200,2200,7588,0,18,33.44434240872998,3.4981999779120088,2186.365499976091,4787.251054296257
1791152685,250,,Aggregated,123.100000,0.000000,18,27,34,38,50,63,170,340,1300,2200,2200,7706,0,18,33.274904048394085,3.4981999779120088,2186.365499976091,4782.567609654814
1791152686,250,,Aggregated,124.500000,0.000000,18,27,34,38,50,62,170,340,1300,2200,2200,7832,0,18,33.156680949500824,3.4981999779120088,2186.365499976091,4783.656154239019
1791152687,250,,Aggregated,123.900000,0.000000,18,27,34,38,50,62,160,330,1300,2200,2200,7950,0,18,33.05330197451308,3.4981999779120088,2186.365499976091,4787.088679245283
1791152688,250,,Aggregated,122.900000,0.000000,18,27,34,38,50,63,170,360,1200,2200,2200,8074,0,18,33.48962047287792,3.4981999779120088,2186.365499976091,4783.625836016844
1791152689,250,,Aggregated,124.600000,0.000000,19,27,34,39,50,64,200,400,1200,2200,2200,8194,0,19,34.31587376109987,3.4981999779120088,2186.365499976091,4787.110812789846
1791152690,250,,Aggregated,121.200000,0.000000,19,28,34,39,51,67,240,440,1200,2200,2200,8331,0,19,35.8425624052747,3.4981999779120088,2186.365499976091,4788.4024726923535
1791152691,250,,Aggregated,124.600000,0.000000,19,28,35,39,51,66,240,440,1200,2200,2200,8445,0,19,35.712955950052454,3.4981999779120088,2186.365499976091,4788.9848431024275
1791152692,250,,Aggregated,123.600000,0.000000,19,28,35,39,51,66,240,440,1200,2200,2200,8579,0,19,35.56949232996362,3.4981999779120088,2186.365499976091,4789.618253875743
1791152693,250,,Aggregated,124.400000,0.000000,19,28,35,39,51,66,230,440,1200,2200,2200,8714,0,19,35.448679618946976,3.4981999779120088,2186.365499976091,4788.738237319257
1791152694,250,,Aggregated,124.800000,0.000000,19,28,35,39,51,66,230,440,1200,2200,2200,8835,0,19,35.28672018102631,3.4981999779120088,2186.365499976091,4785.641312959819
1791152695,250,,Aggregated,123.500000,0.000000,19,28,35,39,51,65,220,430,1200,2200,2200,8969,0,19,35.195638331960424,3.4981999779120088,2186.365499976091,4788.03043817594
1791152696,250,,Aggregated,122.800000,0.000000,19,28,35,39,51,65,220,430,1100,2200,2200,9083,0,19,35.06025833968858,3.4981999779120088,2186.365499976091,4787.9887702301
1791152697,250,,Aggregated,123.000000,0.000000,19,28,35,39,51,65,220,420,1100,2200,2200,9202,0,19,34.96510016299403,3.4981999779120088,2186.365499976091,4787.735057596175
1791152698,250,,Aggregated,124.700000,0.000000,19,28,35,39,51,64,210,420,1100,2200,2200,9326,0,19,34.76840744162333,3.4981999779120088,2186.365499976091,4786.426013296161
1791152699,250,,Aggregated,122.900000,0.000000,19,28,35,39,51,64,210,420,1100,2200,2200,9438,0,19,34.65383716899233,3.4981999779120088,2186.365499976091,4785.222080949354
1791152700,250,,Aggregated,123.000000,0.000000,19,28,35,39,50,64,200,410,1100,2200,2200,9566,0,19,34.5256805666772,3.4981999779120088,2186.365499976091,4784.7979301693495
1791152701,250,,Aggregated,122.200000,0.000000,19,28,35,39,50,63,200,400,1100,2200,2200,9697,0,19,34.40074282768444,3.4981999779120088,2186.365499976091,4780.756110137156
1791152702,250,,Aggregated,123.300000,0.000000,19,28,35,39,51,63,190,400,1100,2200,2200,9819,0,19,34.33035756181518,3.4981999779120088,2186.365499976091,4779.732661167125
1791152703,250,,Aggregated,122.400000,0.000000,19,28,35,39,51,63,190,390,1100,2200,2200,9938,0,19,34.24620391428677,3.4981999779120088,2186.365499976091,4775.393036828335
1791152704,250,,Aggregated,121.500000,0.000000,19,28,35,39,51,64,190,390,1100,2000,2200,10072,0,19,34.237541928127754,3.4981999779120088,2186.365499976091,4776.880857823669
1791152705,250,,Aggregated,121.500000,0.000000,19,28,35,39,51,63,190,390,1100,2000,2200,10195,0,19,34.087689396732976,3.4981999779120088,2186.365499976091,4776.870132417852
1791152706,250,,Aggregated,121.600000,0.000000,19,28,35,39,50,63,180,380,1100,2000,2200,10321,0,19,33.9453233116043,3.4981999779120088,2186.365499976091,4777.994864838678
1791152707,250,,Aggregated,121.700000,0.000000,19,28,35,39,50,63,180,380,1100,2000,2200,10453,0,19,33.85150889678017,3.4981999779120088,2186.365499976091,4775.934372907299
1791152708,250,,Aggregated,121.300000,0.000000,19,28,35,39,50,63,170,370,1100,2000,2200,10573,0,19,33.76632634043228,3.4981999779120088,2186.365499976091,4775.712191431004
1791152709,250,,Aggregated,122.400000,0.000000,19,28,35,39,50,63,170,370,1100,2000,2200,10700,0,19,33.59179741091521,3.4981999779120088,2186.365499976091,4778.846822429907
1791152710,250,,Aggregated,125.000000,0.000000,19,28,35,39,50,63,170,370,1100,2000,2200,10828,0,19,33.529610721917194,3.4981999779120088,2186.365499976091,4782.8140930919835
1791152711,250,,Aggregated,123.300000,0.000000,19,28,35,39,50,63,170,370,1100,2000,2200,10952,0,19,33.43785877434656,3.4981999779120088,2186.365499976091,4782.251095690285
1791152712,250,,Aggregated,124.900000,0.000000,19,28,35,39,50,63,170,360,1100,2000,2200,11070,0,19,33.37224938536766,3.4981999779120088,2186.365499976091,4779.890605239386
1791152713,250,,Aggregated,123.500000,0.000000,19,28,35,39,50,62,170,360,1100,2000,2200,11204,0,19,33.218017529118264,3.4981999779120088,2186.365499976091,4781.245001785077
1791152714,250,,Aggregated,124.700000,0.000000,19,28,35,39,50,62,170,360,1100,2000,2200,11324,0,19,33.09162929141335,3.4981999779120088,2186.365499976091,4786.072147651007
1791152715,250,,Aggregated,124.600000,0.000000,19,28,35,39,50,63,170,350,1100,2000,2200,11457,0,19,33.124649576321154,3.4981999779120088,2186.365499976091,4786.536353321114
1791152716,250,,Aggregated,125.400000,0.000000,19,28,35,39,50,62,170,340,1100,2000,2200,11567,0,19,33.053473328963086,3.4981999779120088,2186.365499976091,4786.3553211723
1791152717,250,,Aggregated,124.300000,0.000000,19,28,35,39,50,62,160,340,1100,2000,2200,11692,0,19,32.961628634690996,3.4981999779120088,2186.365499976091,4784.895056448854
1791152718,250,,Aggregated,124.900000,0.000000,19,28,35,39,50,62,160,330,1100,2000,2200,11821,0,19,32.904438558261106,3.4981999779120088,2186.365499976091,4789.692158023856
1791152719,250,,Aggregated,123.600000,0.000000,19,28,35,39,50,62,160,330,1100,2000,2200,11942,0,19,32.86923823447758,3.4981999779120088,2186.365499976091,4793.8570591190755
1791152720,250,,Aggregated,122.500000,0.000000,19,28,35,39,50,62,160,330,1000,2000,2200,12073,0,19,32.79057153944601,3.4981999779120088,2186.365499976091,4794.635964548994
1791152721,250,,Aggregated,123.700000,0.000000,19,28,35,39,50,62,160,330,1000,2000,2200,12194,0,19,32.751174708564456,3.4981999779120088,2186.365499976091,4795.1513859275055
1791152722,250,,Aggregated,122.500000,0.000000,19,28,35,39,50,62,150,320,1000,2000,2200,12324,0,19,32.67744545570836,3.4981999779120088,2186.365499976091,4794.811424862058
1791152723,250,,Aggregated,124.200000,0.000000,19,28,35,39,50,62,150,320,1000,2000,2200,12447,0,19,32.589671286011544,3.4981999779120088,2186.365499976091,4794.807825178758
1791152724,250,,Aggregated,123.500000,0.000000,19,28,35,39,50,62,150,320,1000,2000,2200,12557,0,19,32.470025547285104,3.4981999779120088,2186.365499976091,4793.083140877598
1791152725,250,,Aggregated,124.100000,0.000000,19,28,35,39,50,62,150,310,1000,2000,2200,12697,0,19,32.33105172851324,3.4981999779120088,2186.365499976091,4795.340867921556
1791152726,250,,Aggregated,122.600000,0.000000,19,28,35,39,50,62,140,310,1000,2000,2200,12809,0,19,32.2689168706487,3.4981999779120088,2186.365499976091,4796.150909516746
1791152728,250,,Aggregated,122.600000,0.000000,19,28,35,39,50,62,140,310,1000,2000,2200,12929,0,19,32.18027265031881,3.4981999779120088,2186.365499976091,4796.191894191353
1791152729,250,,Aggregated,122.600000,0.000000,19,28,35,39,50,61,140,300,1000,2000,2200,13060,0,19,32.107920053337985,3.4657999640330672,2186.365499976091,4796.1663859111795
1791152730,250,,Aggregated,122.000000,0.000000,19,28,35,39,50,61,140,300,1000,2000,2200,13181,0,19,32.0727325996456,3.4657999640330672,2186.365499976091,4793.896972915561
1791152731,250,,Aggregated,122.600000,0.000000,19,28,35,39,50,61,130,300,1000,2000,2200,13303,0,19,32.026865721697654,3.4657999640330672,2186.365499976091,4794.616853341352
1791152732,250,,Aggregated,121.900000,0.000000,19,28,35,39,50,61,130,300,1000,2000,2200,13423,0,19,31.968760671663897,3.4657999640330672,2186.365499976091,4794.910154212918
1791152733,250,,Aggregated,121.000000,0.000000,19,28,35,39,50,62,130,300,1000,2000,2200,13549,0,19,31.994094567514857,3.4657999640330672,2186.365499976091,4795.811425197431
1791152734,250,,Aggregated,120.200000,0.000000,19,28,35,39,50,61,130,300,1000,2000,2200,13677,0,19,31.940744687787973,3.4657999640330672,2186.365499976091,4795.931271477663
1791152735,250,,Aggregated,120.800000,0.000000,19,28,35,39,50,62,130,300,1000,2000,2200,13787,0,19,31.957941560541194,3.4657999640330672,2186.365499976091,4796.82759120911
1791152736,250,,Aggregated,121.800000,0.000000,19,28,35,39,50,62,130,290,1000,2000,2200,13929,0,19,31.880076918257224,3.4657999640330672,2186.365499976091,4795.699045157585
1791152737,250,,Aggregated,120.800000,0.000000,19,28,35,39,50,61,130,290,1000,2000,2200,14048,0,19,31.83620493975203,3.4657999640330672,2186.365499976091,4795.985407175399
1791152738,250,,Aggregated,122.500000,0.000000,19,28,35,39,50,61,130,290,1000,2000,2200,14180,0,19,31.76544772167802,3.4657999640330672,2186.365499976091,4798.2082510578275
1791152739,250,,Aggregated,122.800000,0.000000,19,28,35,39,50,61,130,290,1000,2000,2200,14296,0,19,31.730265346535276,3.4657999640330672,2186.365499976091,4798.077154448797
1791152740,250,,Aggregated,124.200000,0.000000,19,28,35,39,50,61,130,290,1000,2000,2200,14421,0,19,31.64789582510232,3.4657999640330672,2186.365499976091,4798.478676929478
1791152741,250,,Aggregated,121.900000,0.000000,19,28,35,39,50,61,130,290,1000,2000,2200,14547,0,19,31.64557223436966,3.4657999640330672,2186.365499976091,4799.6244586512685
1791152742,250,,Aggregated,123.000000,0.000000,19,28,35,39,50,61,120,290,1000,2000,2200,14674,0,19,31.577344077507714,3.4657999640330672,2186.365499976091,4798.7459452092135
1791152743,250,,Aggregated,123.300000,0.000000,19,28,35,39,50,61,120,280,1000,2000,2200,14788,0,19,31.540077440660134,3.4657999640330672,2186.365499976091,4800.096226670274
1791152744,250,,Aggregated,123.900000,0.000000,19,29,35,39,50,61,120,280,1000,2000,2200,14919,0,19,31.528533446767387,3.4657999640330672,2186.365499976091,4801.27662711978
1791152745,250,,Aggregated,122.900000,0.000000,20,29,36,39,50,61,120,280,960,2000,2200,15052,0,20,31.523943136651535,3.4657999640330672,2186.365499976091,4801.553747010364
1791152746,250,,Aggregated,123.100000,0.000000,20,29,35,39,50,61,120,270,960,2000,2200,15172,0,20,31.4519876016821,3.4657999640330672,2186.365499976091,4800.987608752966
1791152747,250,,Aggregated,124.900000,0.000000,20,29,35,39,50,61,120,270,960,2000,2200,15293,0,20,31.38336195592468,3.4657999640330672,2186.365499976091,4801.73386516707
1791152748,250,,Aggregated,122.800000,0.000000,20,29,35,39,50,61,120,270,960,2000,2200,15427,0,20,31.39093880158849,3.4657999640330672,2186.365499976091,4802.746483438128
1791152749,250,,Aggregated,123.200000,0.000000,20,29,35,39,50,61,120,270,960,2000,2200,15549,0,20,31.36732041238113,3.4657999640330672,2186.365499976091,4802.7772847128435
1791152750,250,,Aggregated,122.400000,0.000000,20,29,35,39,50,61,120,260,960,2000,2200,15671,0,20,31.301453761217036,3.4657999640330672,2186.365499976091,4801.920809137898
1791152751,250,,Aggregated,123.800000,0.000000,20,29,36,40,50,61,120,260,960,2000,2200,15784,0,20,31.322576589702116,3.4657999640330672,2186.365499976091,4801.686581348201
1791152752,250,,Aggregated,124.400000,0.000000,20,29,36,40,50,61,120,260,960,2000,2200,15913,0,20,31.252522553386132,3.4657999640330672,2186.365499976091,4800.443850939483
1791152753,250,,Aggregated,122.100000,0.000000,20,29,36,40,50,61,120,260,950,2000,2200,16035,0,20,31.194707065313068,3.4657999640330672,2186.365499976091,4799.851699407546
1791152754,250,,Aggregated,124.000000,0.000000,19,28,35,39,50,60,120,260,950,2000,2200,16152,0,19,31.100588062941984,3.4657999640330672,2186.365499976091,4798.921495789995
1791152755,250,,Aggregated,122.400000,0.000000,19,28,35,39,50,60,110,260,950,2000,2200,16273,0,19,31.026713334436646,3.4657999640330672,2186.365499976091,4800.525963252013
1791152756,250,,Aggregated,122.700000,0.000000,19,28,35,39,50,60,110,250,950,2000,2200,16396,0,19,30.991579256574646,3.4657999640330672,2186.365499976091,4801.428702122469
1791152757,250,,Aggregated,122.200000,0.000000,19,28,35,39,50,60,120,250,950,2000,2200,16528,0,19,30.97430743533006,3.4657999640330672,2186.365499976091,4799.576113262343
1791152758,250,,Aggregated,122.400000,0.000000,19,28,35,39,50,60,110,250,950,2000,2200,16643,0,19,30.93483846613138,3.4657999640330672,2186.365499976091,4800.275731538785
1791152759,250,,Aggregated,121.700000,0.000000,19,28,35,39,50,60,110,250,950,2000,2200,16775,0,19,30.88111769843808,3.4657999640330672,2186.365499976091,4799.457526080477
1791152760,250,,Aggregated,122.500000,0.000000,20,29,35,39,50,60,110,250,950,2000,2200,16894,0,19,30.893198590715958,3.4657999640330672,2186.365499976091,4799.908902568959
1791152761,250,,Aggregated,121.800000,0.000000,20,29,36,40,50,60,110,250,890,2000,2200,17018,0,20,30.86612776417719,3.4657999640330672,2186.365499976091,4797.811846280409
1791152762,250,,Aggregated,121.300000,0.000000,20,29,36,40,50,60,110,240,890,2000,2200,17149,0,20,30.838949874088975,3.4657999640330672,2186.365499976091,4797.421365677299
1791152763,250,,Aggregated,122.300000,0.000000,20,29,36,40,50,60,110,240,890,2000,2200,17270,0,20,30.816524759180073,3.4657999640330672,2186.365499976091,4795.9436016213085
1791152764,250,,Aggregated,121.700000,0.000000,20,29,36,40,50,60,110,240,890,2000,2200,17380,0,20,30.806453722157762,3.4657999640330672,2186.365499976091,4797.163636363636
1791152765,250,,Aggregated,122.700000,0.000000,20,29,36,40,50,60,110,240,890,2000,2200,17512,0,20,30.74775921027441,3.4657999640330672,2186.365499976091,4796.417428049338
1791152766,250,,Aggregated,122.100000,0.000000,20,29,36,40,50,60,110,240,890,2000,2200,17622,0,20,30.732958136982727,3.4657999640330672,2186.365499976091,4794.078765179889
1791152767,250,,Aggregated,121.500000,0.000000,20,29,36,40,50,60,110,240,890,2000,2200,17753,0,20,30.697339913846996,3.4657999640330672,2186.365499976091,4795.755534275897
1791152768,250,,Aggregated,122.000000,0.000000,20,29,36,40,50,60,110,240,890,2000,2200,17879,0,20,30.63843358076327,3.4657999640330672,2186.365499976091,4796.873370993903
1791152769,250,,Aggregated,121.300000,0.000000,20,29,36,40,50,60,110,240,890,2000,2200,17999,0,20,30.623314033608697,3.4657999640330672,2186.365499976091,4794.816323129063
1791152770,250,,Aggregated,120.600000,0.000000,20,29,36,40,50,60,110,230,850,2000,2200,18129,0,20,30.57152072320621,3.4657999640330672,2186.365499976091,4795.325114457499
1791152771,250,,Aggregated,122.500000,0.000000,20,29,36,40,50,60,110,230,850,2000,2200,18246,0,20,30.550799856951244,3.4657999640330672,2186.365499976091,4796.6696262194455
1791152772,250,,Aggregated,121.400000,0.000000,20,29,36,40,50,60,110,230,850,2000,2200,18368,0,20,30.53444109266944,3.4657999640330672,2186.365499976091,4794.966136759582
1791152773,250,,Aggregated,121.600000,0.000000,20,29,36,40,50,60,100,220,850,2000,2200,18494,0,20,30.489117648371998,3.4657999640330672,2186.365499976091,4795.9358170217365
1791152774,250,,Aggregated,121.700000,0.000000,20,29,36,40,50,60,100,220,850,2000,2200,18627,0,20,30.45286553864216,3.4657999640330672,2186.365499976091,4794.953991517689
1791152775,250,,Aggregated,121.200000,0.000000,20,29,36,40,50,60,100,220,850,2000,2200,18758,0,20,30.400380988809427,3.4657999640330672,2186.365499976091,4796.202473611259
1791152776,250,,Aggregated,122.300000,0.000000,20,29,36,40,50,60,100,220,850,2000,2200,18869,0,20,30.40209648038006,3.4657999640330672,2186.365499976091,4795.811966717897
1791152777,250,,Aggregated,123.100000,0.000000,20,29,36,40,50,60,100,220,850,2000,2200,18999,0,20,30.357406820789258,3.4657999640330672,2186.365499976091,4795.089215221854
1791152778,250,,Aggregated,121.000000,0.000000,20,29,36,40,50,60,100,220,850,2000,2200,19114,0,20,30.34504056132543,3.4657999640330672,2186.365499976091,4794.058700429005
1791152779,250,,Aggregated,124.500000,0.000000,20,29,36,40,50,60,100,220,850,2000,2200,19246,0,20,30.298567878476874,3.4657999640330672,2186.365499976091,4796.6508884963105
1791152780,250,,Aggregated,124.100000,0.000000,20,29,36,40,50,60,100,220,850,2000,2200,19371,0,20,30.283084357508848,3.4657999640330672,2186.365499976091,4796.774818026947
1791152781,250,,Aggregated,121.600000,0.000000,20,29,36,40,50,60,100,220,850,2000,2200,19489,0,20,30.314776088513995,3.4657999640330672,2186.365499976091,4797.632100159064
1791152782,250,,Aggregated,122.600000,0.000000,20,29,36,40,50,60,100,220,850,2000,2200,19627,0,20,30.294955637123383,3.4657999640330672,2186.365499976091,4797.995363529832
1791152783,250,,Aggregated,124.200000,0.000000,20,29,36,40,50,60,100,220,850,2000,2200,19748,0,20,30.28372807321965,3.4657999640330672,2186.365499976091,4797.110340287624
1791152784,250,,Aggregated,122.900000,0.000000,20,29,36,40,50,60,99,220,850,2000,2200,19871,0,20,30.229641411569812,3.4657999640330672,2186.365499976091,4797.207337325751
1791152785,250,,Aggregated,123.700000,0.000000,20,29,36,40,50,60,100,220,820,1700,2200,20004,0,20,30.30741649116246,3.4657999640330672,2186.365499976091,4796.15051989602
1791152786,250,,Aggregated,122.600000,0.000000,20,29,36,40,50,60,100,220,820,1700,2200,20127,0,20,30.290200183314365,3.4657999640330672,2186.365499976091,4795.111988870672
1791152787,250,,Aggregated,122.000000,0.000000,20,29,36,40,50,60,100,220,820,1700,2200,20243,0,20,30.283436649135528,3.4657999640330672,2186.365499976091,4795.7219285679
1791152788,250,,Aggregated,123.900000,0.000000,20,29,36,40,50,60,100,210,820,1700,2200,20381,0,20,30.289068793873664,3.4657999640330672,2186.365499976091,4795.883666159659
1791152789,250,,Aggregated,121.000000,0.000000,20,29,36,40,50,60,100,210,820,1700,2200,20489,0,20,30.29794178766534,3.4657999640330672,2186.365499976091,4794.876811947875
1791152790,250,,Aggregated,120.900000,0.000000,20,29,36,40,50,60,100,220,820,1700,2200,20627,0,20,30.336817175914497,3.4657999640330672,2186.365499976091,4796.291414165899
1791152791,250,,Aggregated,123.200000,0.000000,20,29,36,40,50,60,100,210,820,1700,2200,20736,0,20,30.313811038187268,3.4657999640330672,2186.365499976091,4796.104311342592
1791152792,250,,Aggregated,122.600000,0.000000,20,29,36,40,50,60,100,210,820,1700,2200,20881,0,20,30.289348407069042,3.4657999640330672,2186.365499976091,4794.879028782147
1791152793,250,,Aggregated,121.300000,0.000000,20,29,36,40,50,60,100,210,800,1700,2200,21001,0,20,30.26431317496798,3.4657999640330672,2186.365499976091,4794.04947383458
1791152794,250,,Aggregated,121.900000,0.000000,20,29,36,40,50,60,100,210,800,1700,2200,21115,0,20,30.244836764721754,3.4657999640330672,2186.365499976091,4794.593180203647
1791152795,250,,Aggregated,123.200000,0.000000,20,29,36,40,50,60,99,200,800,1700,2200,21245,0,20,30.20317810251134,3.4657999640330672,2186.365499976091,4795.345210637797
1791152796,250,,Aggregated,122.700000,0.000000,20,29,36,40,50,60,98,200,800,1700,2200,21375,0,20,30.170876874288883,3.4657999640330672,2186.365499976091,4794.0978713450295
1791152797,250,,Aggregated,123.000000,0.000000,20,29,36,40,50,60,97,200,800,1700,2200,21507,0,20,30.142631612421003,3.4657999640330672,2186.365499976091,4795.210815083461
1791152798,250,,Aggregated,122.300000,0.000000,20,29,36,40,50,60,97,200,800,1700,2200,21622,0,20,30.135905873100203,3.4657999640330672,2186.365499976091,4794.103736934604
1791152799,250,,Aggregated,124.400000,0.000000,20,29,36,40,50,60,97,200,800,1700,2200,21750,0,20,30.09798738792346,3.4657999640330672,2186.365499976091,4794.716091954023
1791152800,250,,Aggregated,124.300000,0.000000,20,29,36,40,50,60,96,200,800,1700,2200,21878,0,20,30.07389895271089,3.4657999640330672,2186.365499976091,4792.966907395557
1791152801,250,,Aggregated,121.800000,0.000000,20,29,36,40,50,60,96,190,800,1700,2200,21993,0,20,30.052613503665864,3.4657999640330672,2186.365499976091,4793.3641158550445
1791152802,250,,Aggregated,123.300000,0.000000,20,29,36,40,50,60,96,190,780,1700,2200,22118,0,20,30.015359511944855,3.4657999640330672,2186.365499976091,4793.2883172077045
1791152803,250,,Aggregated,123.700000,0.000000,20,29,36,40,50,60,95,190,780,1700,2200,22249,0,20,29.980243430525864,3.4657999640330672,2186.365499976091,4793.49494359297
1791152804,250,,Aggregated,123.100000,0.000000,20,29,36,40,50,60,94,190,780,1700,2200,22371,0,20,29.9648262342191,3.4657999640330672,2186.365499976091,4792.58611595369
1791152805,250,,Aggregated,122.600000,0.000000,20,29,36,40,50,60,94,190,780,1700,2200,22505,0,20,29.950774893865248,3.4657999640330672,2186.365499976091,4792.957076205288
1791152806,250,,Aggregated,123.100000,0.000000,20,29,36,40,50,60,94,190,780,1700,2200,22621,0,20,29.935721718150962,3.4657999640330672,2186.365499976091,4792.992484859202
1791152807,250,,Aggregated,123.600000,0.000000,20,29,36,40,50,60,93,180,780,1700,2200,22750,0,20,29.918718465281508,3.4657999640330672,2186.365499976091,4793.7779340659345
1791152809,250,,Aggregated,122.300000,0.000000,20,29,36,40,50,60,93,180,780,1700,2200,22876,0,20,29.895945645443014,3.4657999640330672,2186.365499976091,4793.674593460395
1791152810,250,,Aggregated,123.200000,0.000000,20,29,36,40,50,60,92,180,780,1700,2200,22992,0,20,29.880557623770237,3.4657999640330672,2186.365499976091,4794.166144745998
1791152811,250,,Aggregated,123.200000,0.000000,20,29,36,40,50,59,92,180,760,1700,2200,23125,0,20,29.845007765887154,3.4657999640330672,2186.365499976091,4793.707891891891
1791152812,250,,Aggregated,122.600000,0.000000,20,29,36,40,50,59,92,180,760,1700,2200,23248,0,20,29.8458808751993,3.4657999640330672,2186.365499976091,4795.042240192704
1791152813,250,,Aggregated,123.900000,0.000000,20,29,36,40,50,59,92,180,760,1700,2200,23370,0,20,29.82766269091983,3.4657999640330672,2186.365499976091,4794.363628583655
1791152814,250,,Aggregated,124.000000,0.000000,20,29,36,40,50,59,92,180,760,1700,2200,23492,0,20,29.817224377974185,3.4657999640330672,2186.365499976091,4796.024689255917
1791152815,250,,Aggregated,123.700000,0.000000,20,29,36,40,50,59,91,180,760,1700,2200,23622,0,20,29.800336905782306,3.4657999640330672,2186.365499976091,4796.731225129117
1791152816,250,,Aggregated,122.900000,0.000000,20,29,36,40,49,59,91,180,760,1700,2200,23737,0,20,29.770771878891622,3.4657999640330672,2186.365499976091,4797.969162067658
1791152817,250,,Aggregated,124.000000,0.000000,20,29,36,40,49,59,91,180,760,1700,2200,23878,0,20,29.748726990946036,3.4657999640330672,2186.365499976091,4798.985384035514
1791152818,250,,Aggregated,122.300000,0.000000,20,29,36,40,49,59,91,180,760,1700,2200,23997,0,20,29.722089806615884,3.4657999640330672,2186.365499976091,4796.647747635121
1791152819,250,,Aggregated,123.900000,0.000000,20,29,36,40,50,59,91,180,750,1700,2200,24125,0,20,29.71602663997117,3.4657999640330672,2186.365499976091,4797.520124352332
1791152820,250,,Aggregated,123.800000,0.000000,20,29,36,40,49,59,91,180,750,1700,2200,24240,0,20,29.707004941787446,3.4657999640330672,2186.365499976091,4796.816171617162
1791152821,250,,Aggregated,123.100000,0.000000,20,29,36,40,50,59,91,180,750,1700,2200,24384,0,20,29.70053250036116,3.4657999640330672,2186.365499976091,4798.58657316273
1791152822,250,,Aggregated,123.500000,0.000000,20,29,36,40,50,59,91,180,750,1700,2200,24490,0,20,29.694342947706296,3.4657999640330672,2186.365499976091,4798.755451204574
1791152823,250,,Aggregated,122.900000,0.000000,20,29,36,40,50,59,91,180,750,1700,2200,24632,0,20,29.70235103072779,3.4657999640330672,2186.365499976091,4797.934028905489
1791152824,250,,Aggregated,123.600000,0.000000,20,29,36,40,50,59,91,180,750,1700,2200,24749,0,20,29.62361037165073,3.4657999640330672,2186.365499976091,4799.042062305548
1791152825,250,,Aggregated,123.800000,0.000000,20,29,36,40,50,59,91,180,750,1700,2200,24862,0,20,29.572707681973068,3.4657999640330672,2186.365499976091,4798.995937575416
1791152826,250,,Aggregated,124.800000,0.000000,20,29,36,40,50,59,91,180,750,1700,2200,24990,0,20,29.579526322119374,3.4657999640330672,2186.365499976091,4797.22480992397
1791152827,250,,Aggregated,122.800000,0.000000,20,29,36,40,50,59,91,170,740,1700,2200,25124,0,20,29.53658441286987,3.4657999640330672,2186.365499976091,4796.848153160325
1791152828,250,,Aggregated,124.800000,0.000000,20,29,36,40,50,59,91,170,740,1700,2200,25236,0,20,29.506412180594577,3.4657999640330672,2186.365499976091,4795.790537327627
1791152829,250,,Aggregated,122.800000,0.000000,20,29,36,40,50,59,90,170,740,1700,2200,25374,0,20,29.488979096316232,3.4657999640330672,2186.365499976091,4797.232087964057
1791152830,250,,Aggregated,122.300000,0.000000,20,29,36,40,50,59,90,170,740,1700,2200,25486,0,20,29.469462006153428,3.4657999640330672,2186.365499976091,4797.601153574511
1791152831,250,,Aggregated,123.200000,0.000000,20,29,36,40,50,59,91,180,740,1700,2200,25618,0,20,29.53705669405391,3.4657999640330672,2186.365499976091,4799.139042860489
1791152832,250,,Aggregated,123.200000,0.000000,20,29,36,40,50,59,91,180,740,1700,2200,25742,0,20,29.51900873625326,3.4657999640330672,2186.365499976091,4800.789526843291
1791152833,250,,Aggregated,122.600000,0.000000,20,29,36,40,50,59,91,180,740,1700,2200,25867,0,20,29.498958858319423,3.4657999640330672,2186.365499976091,4800.377855955465
1791152834,250,,Aggregated,122.300000,0.000000,20,29,36,40,50,59,91,170,740,1700,2200,25991,0,20,29.465852302274193,3.4657999640330672,2186.365499976091,4800.6725404947865
1791152835,250,,Aggregated,121.600000,0.000000,20,29,36,40,49,59,90,170,740,1700,2200,26111,0,20,29.4361546622823,3.4657999640330672,2186.365499976091,4801.954655126192
1791152836,250,,Aggregated,121.900000,0.000000,20,29,36,40,49,59,90,170,740,1700,2200,26240,0,20,29.411814458332472,3.4657999640330672,2186.365499976091,4802.312690548781
1791152837,250,,Aggregated,122.200000,0.000000,20,29,36,40,49,59,90,170,740,1700,2200,26357,0,20,29.365390806478008,3.4657999640330672,2186.365499976091,4803.253481048678
1791152838,250,,Aggregated,121.000000,0.000000,20,29,36,40,49,59,90,170,740,1700,2200,26488,0,20,29.375216131324052,3.4657999640330672,2186.365499976091,4803.688689217759
1791152839,250,,Aggregated,122.100000,0.000000,20,29,36,40,49,59,90,170,740,1700,2200,26610,0,20,29.362821953612833,3.4657999640330672,2186.365499976091,4803.598008267569
1791152840,250,,Aggregated,123.000000,0.000000,20,29,36,40,49,59,89,170,740,1700,2200,26727,0,20,29.33288678058743,3.4657999640330672,2186.365499976091,4803.503199012235
1791152841,250,,Aggregated,122.400000,0.000000,20,29,36,40,49,59,89,170,740,1700,2200,26855,0,20,29.31769173653452,3.4657999640330672,2186.365499976091,4804.320908583131
1791152842,250,,Aggregated,123.100000,0.000000,20,29,36,40,49,59,89,170,740,1700,2200,26973,0,20,29.29341135891862,3.4657999640330672,2186.365499976091,4805.768620472324
1791152843,250,,Aggregated,121.800000,0.000000,20,29,36,40,49,59,89,170,730,1700,2200,27101,0,20,29.28824834450584,3.4657999640330672,2186.365499976091,4805.9125493524225
1791152844,250,,Aggregated,122.900000,0.000000,20,29,36,40,49,59,89,170,730,1700,2200,27225,0,20,29.269406875468025,3.4657999640330672,2186.365499976091,4806.500422405877
1791152845,250,,Aggregated,123.300000,0.000000,20,29,36,40,49,59,89,170,730,1700,2200,27339,0,20,29.23951168242121,3.4657999640330672,2186.365499976091,4806.358315958886
1791152846,250,,Aggregated,122.000000,0.000000,20,29,36,40,49,59,89,170,730,1700,2200,27463,0,20,29.208354480075144,3.4657999640330672,2186.365499976091,4806.463095801624
1791152847,250,,Aggregated,122.100000,0.000000,20,29,36,40,49,59,89,170,730,1700,2200,27578,0,20,29.205342769116314,3.4657999640330672,2186.365499976091,4806.071832620204
1791152848,250,,Aggregated,123.700000,0.000000,20,29,36,40,49,59,88,170,730,1700,2200,27711,0,20,29.172737305970426,3.4657999640330672,2186.365499976091,4805.84677564866
1791152849,250,,Aggregated,122.400000,0.000000,20,29,36,40,49,59,88,170,730,1700,2200,27829,0,20,29.15698636265468,3.4657999640330672,2186.365499976091,4805.9480398145815
1791152850,250,,Aggregated,121.200000,0.000000,20,29,36,40,49,59,87,170,730,1700,2200,27966,0,20,29.137748433301155,3.4657999640330672,2186.365499976091,4804.9804047772295
1791152851,250,,Aggregated,121.600000,0.000000,20,29,36,40,49,59,87,170,730,1700,2200,28094,0,20,29.10011798908113,3.4657999640330672,2186.365499976091,4803.90150921905
1791152852,250,,Aggregated,122.500000,0.000000,20,29,36,40,49,59,87,170,730,1700,2200,28214,0,20,29.081232742097097,3.4657999640330672,2186.365499976091,4804.083717303466
1791152853,250,,Aggregated,122.800000,0.000000,20,29,36,40,49,59,87,160,730,1700,2200,28347,0,20,29.10486029512246,3.4657999640330672,2186.365499976091,4804.09048576569
1791152854,250,,Aggregated,122.500000,0.000000,20,29,36,40,49,59,87,160,730,1700,2200,28469,0,20,29.093281333626386,3.4657999640330672,2186.365499976091,4803.871579612913
1791152855,250,,Aggregated,122.200000,0.000000,20,29,36,40,49,59,87,160,730,1700,2200,28606,0,20,29.0621989543018,3.4657999640330672,2186.365499976091,4804.717297070544
1791152856,250,,Aggregated,122.800000,0.000000,20,29,36,40,49,59,87,160,730,1700,2200,28724,0,20,29.04303753955963,3.4657999640330672,2186.365499976091,4805.123102631946
1791152857,250,,Aggregated,124.700000,0.000000,20,29,36,40,49,59,86,160,730,1700,2200,28856,0,20,29.021426371902365,3.4657999640330672,2186.365499976091,4805.435680621014
1791152858,250,,Aggregated,123.100000,0.000000,20,29,36,40,49,59,87,160,730,1700,2200,28978,0,20,29.034085747361086,3.4657999640330672,2186.365499976091,4805.563185865139
1791152859,250,,Aggregated,124.700000,0.000000,20,29,36,40,49,59,87,160,710,1700,2200,29095,0,20,29.023516370065337,3.4657999640330672,2186.365499976091,4805.910946898092
1791152860,250,,Aggregated,125.500000,0.000000,20,29,36,40,49,59,87,160,710,1700,2200,29217,0,20,29.004162849964423,3.4657999640330672,2186.365499976091,4806.115343806688
1791152861,250,,Aggregated,124.300000,0.000000,20,29,36,40,49,58,87,160,710,1700,2200,29340,0,20,28.979822685329424,3.4657999640330672,2186.365499976091,4805.451295160191
1791152862,250,,Aggregated,123.500000,0.000000,20,29,36,40,49,58,86,160,710,1700,2200,29476,0,20,28.969606394623245,3.4657999640330672,2186.365499976091,4805.421020491247
1791152863,250,,Aggregated,124.600000,0.000000,20,29,36,40,49,58,86,160,710,1700,2200,29596,0,20,28.954002483007805,3.4657999640330672,2186.365499976091,4804.9286727936205
1791152864,250,,Aggregated,123.200000,0.000000,20,29,36,40,49,58,86,160,710,1700,2200,29720,0,20,28.929730087023103,3.4657999640330672,2186.365499976091,4805.892261103634
1791152865,250,,Aggregated,123.900000,0.000000,20,29,36,40,49,58,86,160,710,1700,2200,29853,0,20,28.904812142375025,3.4657999640330672,2186.365499976091,4807.103071718086
1791152866,250,,Aggregated,124.100000,0.000000,20,29,36,40,49,58,86,160,710,1700,2200,29980,0,20,28.90209950590329,3.4657999640330672,2186.365499976091,4806.905036691128
1791152867,250,,Aggregated,123.400000,0.000000,20,29,36,40,49,58,85,160,710,1600,2200,30099,0,20,28.888168101482368,3.4657999640330672,2186.365499976091,4807.653642978172
1791152868,250,,Aggregated,122.700000,0.000000,20,29,36,40,49,58,85,160,710,1600,2200,30213,0,20,28.87459093724563,3.4657999640330672,2186.365499976091,4807.059411511601
1791152869,250,,Aggregated,122.600000,0.000000,20,29,36,40,49,58,87,160,710,1600,2200,30346,0,20,28.954255140293164,3.4657999640330672,2186.365499976091,4807.9421999604565
1791152870,250,,Aggregated,122.000000,0.000000,20,29,36,40,49,58,87,160,710,1600,2200,30474,0,20,28.943149497499,3.4657999640330672,2186.365499976091,4807.3806523593885
1791152871,250,,Aggregated,123.100000,0.000000,20,29,36,40,49,58,86,160,710,1600,2200,30595,0,20,28.937308952014625,3.4657999640330672,2186.365499976091,4807.353293021735
1791152872,250,,Aggregated,124.600000,0.000000,20,29,36,40,49,58,86,160,710,1600,2200,30717,0,20,28.92294257208697,3.4657999640330672,2186.365499976091,4806.840121105577
1791152873,250,,Aggregated,123.800000,0.000000,20,29,36,40,49,58,86,160,710,1600,2200,30843,0,20,28.908820847044282,3.4657999640330672,2186.365499976091,4807.350257757028
1791152874,250,,Aggregated,124.300000,0.000000,20,29,36,40,49,58,86,160,710,1600,2200,30969,0,20,28.906408843843497,3.4657999640330672,2186.365499976091,4806.443475733799
1791152875,250,,Aggregated,122.900000,0.000000,20,29,36,40,49,58,86,160,710,1600,2200,31092,0,20,28.89945961938499,3.4657999640330672,2186.365499976091,4806.845201337965
1791152876,250,,Aggregated,123.300000,0.000000,20,29,36,40,49,58,86,160,710,1600,2200,31209,0,20,28.884182222606462,3.4657999640330672,2186.365499976091,4806.916722740235
1791152877,250,,Aggregated,122.700000,0.000000,20,29,36,40,49,58,86,150,710,1600,2200,31329,0,20,28.858041679780484,3.4657999640330672,2186.365499976091,4805.894155574707
1791152878,250,,Aggregated,123.100000,0.000000,20,29,36,40,49,58,86,160,710,1600,2200,31446,0,20,28.87906614786947,3.4657999640330672,2186.365499976091,4805.193188322839
1791152879,250,,Aggregated,122.800000,0.000000,20,29,36,40,49,58,86,160,710,1600,2200,31581,0,20,28.857206142485257,3.4657999640330672,2186.365499976091,4805.180203286786
1791152880,250,,Aggregated,122.000000,0.000000,20,29,36,40,49,58,86,150,710,1600,2200,31695,0,20,28.82809754492491,3.4657999640330672,2186.365499976091,4804.956302255876
1791152881,250,,Aggregated,122.400000,0.000000,20,29,36,40,49,58,86,150,710,1600,2200,31818,0,20,28.82863407776698,3.4657999640330672,2186.365499976091,4804.831824753284
1791152882,250,,Aggregated,121.300000,0.000000,20,29,36,40,49,58,86,150,710,1600,2200,31941,0,20,28.81561665529272,3.4657999640330672,2186.365499976091,4803.88569550108
1791152883,250,,Aggregated,120.100000,0.000000,20,29,36,40,49,58,85,150,690,1600,2200,32071,0,20,28.807635196487354,3.4657999640330672,2186.365499976091,4804.196688597175
1791152884,250,,Aggregated,121.100000,0.000000,20,29,36,40,49,58,85,150,690,1600,2200,32188,0,20,28.809171877302166,3.4657999640330672,2186.365499976091,4804.875947558096
1791152885,250,,Aggregated,121.300000,0.000000,20,29,36,40,49,58,85,150,690,1600,2200,32325,0,20,28.78012948140087,3.4657999640330672,2186.365499976091,4805.320959010054
1791152886,250,,Aggregated,121.000000,0.000000,20,29,36,40,49,58,85,150,690,1600,2200,32443,0,20,28.783594405156734,3.4657999640330672,2186.365499976091,4805.334925869987
1791152887,250,,Aggregated,121.400000,0.000000,20,29,36,40,49,58,86,160,690,1600,2200,32573,0,20,28.85388571781894,3.4657999640330672,2186.365499976091,4805.965984097258
1791152888,250,,Aggregated,122.100000,0.000000,20,29,36,40,49,58,86,150,690,1600,2200,32689,0,20,28.845309173946017,3.4657999640330672,2186.365499976091,4804.8490317843925
1791152889,250,,Aggregated,121.500000,0.000000,20,29,36,40,49,58,86,150,690,1600,2200,32821,0,20,28.83930600492295,3.4657999640330672,2186.365499976091,4805.623625118064
1791152890,250,,Aggregated,122.500000,0.000000,20,29,36,40,49,58,86,150,690,1600,2200,32939,0,20,28.836071589511835,3.4657999640330672,2186.365499976091,4805.393758159022
1791152892,250,,Aggregated,122.000000,0.000000,20,29,36,40,49,58,86,150,670,1600,2200,33072,0,20,28.81817011629736,3.4657999640330672,2186.365499976091,4804.492591920658
1791152893,250,,Aggregated,123.000000,0.000000,20,29,36,40,49,58,85,150,670,1600,2200,33200,0,20,28.79947734898144,3.4657999640330672,2186.365499976091,4804.175542168675
1791152894,250,,Aggregated,123.200000,0.000000,20,29,36,40,49,58,85,150,670,1600,2200,33320,0,20,28.796161008003843,3.4657999640330672,2186.365499976091,4803.974339735894
1791152895,250,,Aggregated,123.900000,0.000000,20,29,36,40,49,58,85,150,670,1600,2200,33437,0,20,28.78009093482967,3.4657999640330672,2186.365499976091,4804.856745521428
1791152896,250,,Aggregated,122.500000,0.000000,20,29,36,40,49,58,85,150,670,1600,2200,33558,0,20,28.76689153069581,3.4657999640330672,2186.365499976091,4805.047499851004
1791152897,250,,Aggregated,122.600000,0.000000,20,29,36,40,49,58,85,150,670,1600,2200,33687,0,20,28.757853023038273,3.4657999640330672,2186.365499976091,4803.59874729124
1791152898,250,,Aggregated,121.400000,0.000000,20,29,36,40,49,58,85,150,670,1600,2200,33814,0,20,28.739285198076086,3.4657999640330672,2186.365499976091,4803.5642928964335
1791152899,250,,Aggregated,123.200000,0.000000,20,29,36,40,49,58,85,150,670,1600,2200,33932,0,20,28.740270490616414,3.4657999640330672,2186.365499976091,4803.308499351644
1791152900,250,,Aggregated,122.800000,0.000000,20,29,36,40,49,58,85,150,660,1600,2200,34056,0,20,28.736533491518877,3.4657999640330672,2186.365499976091,4802.634719285882
1791152901,250,,Aggregated,122.600000,0.000000,20,29,36,40,49,58,85,150,660,1600,2200,34192,0,20,28.761499215821015,3.4657999640330672,2186.365499976091,4802.854615114647
1791152902,250,,Aggregated,122.000000,0.000000,20,29,36,40,49,58,85,150,660,1600,2200,34319,0,20,28.74195481764684,3.4657999640330672,2186.365499976091,4800.856814009732
1791152903,250,,Aggregated,123.900000,0.000000,20,29,36,40,49,58,85,150,660,1600,2200,34433,0,20,28.72887900809098,3.4657999640330672,2186.365499976091,4801.090407457962
1791152904,250,,Aggregated,123.400000,0.000000,20,29,36,40,49,58,85,150,660,1600,2200,34558,0,20,28.72395656532225,3.4657999640330672,2186.365499976091,4801.9029457723245
1791152905,250,,Aggregated,122.300000,0.000000,20,29,36,40,49,58,85,150,660,1600,2200,34680,0,20,28.7125672428974,3.4657999640330672,2186.365499976091,4802.3985870818915
1791152906,250,,Aggregated,123.400000,0.000000,20,29,36,40,49,58,85,150,660,1600,2200,34805,0,20,28.69213176509902,3.4657999640330672,2186.365499976091,4802.333515299526
1791152907,250,,Aggregated,124.000000,0.000000,20,29,36,40,49,58,85,150,660,1600,2200,34938,0,20,28.71284458139004,3.4657999640330672,2186.365499976091,4802.334678573473
1791152908,250,,Aggregated,124.700000,0.000000,20,29,36,40,49,58,85,150,660,1600,2200,35056,0,20,28.70307647432798,3.4657999640330672,2186.365499976091,4801.615529438613
1791152909,250,,Aggregated,123.400000,0.000000,20,29,36,40,49,58,85,150,660,1600,2200,35175,0,20,28.691412801242034,3.4657999640330672,2186.365499976091,4801.219701492538
1791152910,250,,Aggregated,123.900000,0.000000,20,29,36,40,49,58,85,150,660,1600,2200,35306,0,20,28.67819607104557,3.4657999640330672,2186.365499976091,4800.019826658358
1791152911,250,,Aggregated,123.900000,0.000000,20,29,36,40,49,58,85,150,660,1600,2200,35428,0,20,28.67229150910189,3.4657999640330672,2186.365499976091,4800.493112792142
1791152912,250,,Aggregated,123.300000,0.000000,20,29,36,40,49,58,84,150,660,1600,2200,35550,0,20,28.664810981276627,3.4657999640330672,2186.365499976091,4801.0064697609005
1791152913,250,,Aggregated,122.100000,0.000000,20,29,36,40,49,58,84,150,660,1600,2200,35674,0,20,28.649685938925796,3.4657999640330672,2186.365499976091,4801.483797723832
1791152914,250,,Aggregated,121.900000,0.000000,20,29,36,40,49,58,84,150,660,1600,2200,35786,0,20,28.640885465986322,3.4657999640330672,2186.365499976091,4801.893449952496
1791152915,250,,Aggregated,122.200000,0.000000,20,29,36,40,49,58,84,150,660,1600,2200,35924,0,20,28.62543839455277,3.4657999640330672,2186.365499976091,4801.171083398285
1791152916,250,,Aggregated,122.300000,0.000000,20,29,36,40,49,58,84,150,650,1600,2200,36036,0,20,28.594918203617187,3.4657999640330672,2186.365499976091,4801.7031024531025
1791152917,250,,Aggregated,121.300000,0.000000,20,29,36,40,49,58,84,150,650,1600,2200,36173,0,20,28.6081103139094,3.4657999640330672,2186.365499976091,4801.598374478202
1791152918,250,,Aggregated,120.600000,0.000000,20,29,36,40,49,58,84,150,650,1600,2200,36295,0,20,28.607367287094334,3.4657999640330672,2186.365499976091,4801.114671442348
1791152919,250,,Aggregated,122.700000,0.000000,20,29,36,40,49,58,84,150,650,1600,2200,36408,0,20,28.612769786461346,3.4657999640330672,2186.365499976091,4801.431059107888
1791152920,250,,Aggregated,121.400000,0.000000,20,29,36,40,49,58,84,150,650,1600,2200,36533,0,20,28.58347506323672,3.4657999640330672,2186.365499976091,4800.791722552213
1791152921,250,,Aggregated,122.000000,0.000000,20,29,36,40,49,58,84,150,650,1600,2200,36654,0,20,28.590384680661316,3.4657999640330672,2186.365499976091,4800.494516287445
1791152922,250,,Aggregated,122.600000,0.000000,20,29,36,40,49,58,84,140,650,1600,2200,36780,0,20,28.57534320242708,3.4657999640330672,2186.365499976091,4800.485100598151
1791152923,250,,Aggregated,121.400000,0.000000,20,30,36,40,49,58,84,140,650,1600,2200,36911,0,20,28.583849543103657,3.4657999640330672,2186.365499976091,4799.942564547154
1791152924,250,,Aggregated,121.100000,0.000000,20,30,36,40,49,58,83,140,650,1600,2200,37018,0,20,28.57645565633755,3.4657999640330672,2186.365499976091,4799.221324760927
1791152925,250,,Aggregated,122.600000,0.000000,20,30,36,40,49,58,84,140,650,1600,2200,37171,0,20,28.5795224015222,3.4657999640330672,2186.365499976091,4798.883699658336
1791152926,250,,Aggregated,122.700000,0.000000,20,30,36,40,49,58,83,140,650,1600,2200,37281,0,20,28.57226723496765,3.4657999640330672,2186.365499976091,4798.685925806712
1791152927,250,,Aggregated,123.100000,0.000000,20,30,36,40,49,58,83,140,650,1600,2200,37417,0,20,28.550391888343537,3.4657999640330672,2186.365499976091,4798.455220888901
1791152928,250,,Aggregated,122.700000,0.000000,20,30,36,40,49,58,83,140,650,1600,2200,37526,0,20,28.540001033564774,3.4657999640330672,2186.365499976091,4798.668443212706
1791152929,250,,Aggregated,121.500000,0.000000,20,30,36,40,49,58,82,140,650,1600,2200,37654,0,20,28.545752432315165,3.4657999640330672,2186.365499976091,4797.727226855049
1791152930,250,,Aggregated,124.000000,0.000000,20,30,36,40,49,58,84,150,650,1600,2200,37788,0,20,28.627675661237003,3.4657999640330672,2186.365499976091,4797.613977982428
1791152931,250,,Aggregated,122.600000,0.000000,20,30,36,40,49,58,84,150,650,1600,2200,37910,0,20,28.628680764621212,3.4657999640330672,2186.365499976091,4797.668504352414
1791152932,250,,Aggregated,121.700000,0.000000,20,30,36,40,49,58,84,150,650,1600,2200,38020,0,20,28.639040112756057,3.4657999640330672,2186.365499976091,4797.890005260389
1791152933,250,,Aggregated,123.100000,0.000000,20,30,36,40,49,58,84,150,650,1600,2200,38161,0,20,28.63026353050623,3.4657999640330672,2186.365499976091,4798.37092843479
1791152934,250,,Aggregated,123.500000,0.000000,20,30,36,40,49,58,84,150,650,1600,2200,38276,0,20,28.59746488103858,3.4657999640330672,2186.365499976091,4798.789398056223
1791152935,250,,Aggregated,122.800000,0.000000,20,29,36,40,49,58,84,150,650,1600,2200,38396,0,20,28.56791997828978,3.4657999640330672,2186.365499976091,4798.24242108553
1791152936,250,,Aggregated,122.800000,0.000000,20,29,36,40,49,58,84,150,650,1600,2200,38519,0,20,28.57335261004259,3.4657999640330672,2186.365499976091,4798.863054596433
1791152937,250,,Aggregated,122.400000,0.000000,20,29,36,40,49,58,84,150,650,1600,2200,38652,0,20,28.549083201046848,3.4657999640330672,2186.365499976091,4798.63688812998
1791152938,250,,Aggregated,124.200000,0.000000,20,29,36,40,49,58,84,150,650,1600,2200,38779,0,20,28.528747422223763,3.4657999640330672,2186.365499976091,4798.684623120761
1791152939,250,,Aggregated,123.100000,0.000000,20,29,36,40,49,58,84,150,650,1600,2200,38901,0,20,28.510202374903034,3.4657999640330672,2186.365499976091,4798.976555872599
1791152940,250,,Aggregated,122.600000,0.000000,20,29,36,40,49,58,84,140,650,1600,2200,39021,0,20,28.506516811103836,3.4657999640330672,2186.365499976091,4799.181876425514
1791152941,250,,Aggregated,123.500000,0.000000,20,29,36,40,49,58,84,140,650,1600,2200,39150,0,20,28.50697791535707,3.4657999640330672,2186.365499976091,4799.495223499362
1791152942,250,,Aggregated,124.700000,0.000000,20,29,36,40,49,58,84,150,650,1600,2200,39267,0,20,28.531396604961294,3.4657999640330672,2186.365499976091,4798.745486031527
1791152943,250,,Aggregated,123.300000,0.000000,20,29,36,40,49,58,85,150,650,1600,2200,39396,0,20,28.53583529005252,3.4657999640330672,2186.365499976091,4798.09016143771
1791152944,250,,Aggregated,123.600000,0.000000,20,30,36,40,49,58,84,150,650,1600,2200,39528,0,20,28.536457849794154,3.4657999640330672,2186.365499976091,4799.200693179519
1791152945,250,,Aggregated,123.800000,0.000000,20,30,36,40,49,58,84,150,650,1600,2200,39642,0,20,28.531582873885224,3.4657999640330672,2186.365499976091,4799.786135916453
1791152946,250,,Aggregated,123.700000,0.000000,20,30,36,40,49,58,84,150,650,1600,2200,39782,0,20,28.519162434941332,3.4657999640330672,2186.365499976091,4800.204112412649
1791152947,250,,Aggregated,124.300000,0.000000,20,30,36,40,49,58,84,150,650,1600,2200,39895,0,20,28.51341609692329,3.4657999640330672,2186.365499976091,4800.742624389021
1791152948,250,,Aggregated,124.200000,0.000000,20,30,36,40,49,58,84,150,640,1600,2200,40019,0,20,28.514244041260564,3.4657999640330672,2186.365499976091,4800.423298933007
1791152949,250,,Aggregated,123.700000,0.000000,20,30,36,40,49,58,84,140,640,1600,2200,40138,0,20,28.51211482602216,3.4657999640330672,2186.365499976091,4800.144825352534
1791152950,250,,Aggregated,123.700000,0.000000,20,30,36,40,49,58,83,140,640,1600,2200,40272,0,20,28.499005407914627,3.4657999640330672,2186.365499976091,4800.5588994835125
1791152951,250,,Aggregated,123.000000,0.000000,20,30,36,40,49,58,83,140,640,1600,2200,40400,0,20,28.486170170469656,3.4657999640330672,2186.365499976091,4799.574183168317
1791152952,250,,Aggregated,123.200000,0.000000,20,30,36,40,49,58,84,150,640,1600,2200,40526,0,20,28.52180933691363,3.4657999640330672,2186.365499976091,4800.105463159453
1791152953,250,,Aggregated,124.900000,0.000000,20,30,36,40,49,58,86,150,650,1600,2200,40649,0,20,28.71553979156681,3.4657999640330672,2186.365499976091,4799.107530320549
1791152954,250,,Aggregated,124.600000,0.000000,20,30,36,40,49,59,86,150,650,1600,2200,40765,0,20,28.71961847634082,3.4657999640330672,2186.365499976091,4798.438562492334
1791152955,250,,Aggregated,123.600000,0.000000,20,30,36,40,49,59,86,150,650,1600,2200,40890,0,20,28.71893428435561,3.4657999640330672,2186.365499976091,4798.0991929567135
1791152956,250,,Aggregated,124.100000,0.000000,20,30,36,40,49,59,86,150,650,1600,2200,41021,0,20,28.727596411278984,3.4657999640330672,2186.365499976091,4798.173252724215
1791152957,250,,Aggregated,122.700000,0.000000,20,30,36,40,49,59,86,150,650,1600,2200,41131,0,20,28.725714584791714,3.4657999640330672,2186.365499976091,4798.809097760813
1791152958,250,,Aggregated,122.400000,0.000000,20,30,36,40,49,59,86,150,650,1600,2200,41279,0,20,28.71308741216085,3.4657999640330672,2186.365499976091,4797.970251217326
1791152959,250,,Aggregated,122.300000,0.000000,20,30,36,40,49,59,86,150,650,1600,2200,41396,0,20,28.686463887505408,3.4657999640330672,2186.365499976091,4797.469465648855
1791152960,250,,Aggregated,122.000000,0.000000,20,30,36,40,49,59,86,150,650,1600,2200,41524,0,20,28.630557751835397,3.4657999640330672,2186.365499976091,4796.992871592332
1791152961,250,,Aggregated,124.500000,0.000000,20,30,36,40,49,59,86,150,650,1600,2200,41650,0,20,28.636193385035792,3.4657999640330672,2186.365499976091,4798.502376950781
1791152962,250,,Aggregated,122.100000,0.000000,20,30,36,40,49,59,86,150,650,1600,2200,41770,0,20,28.62580805329188,3.4657999640330672,2186.365499976091,4798.084654057936
1791152963,250,,Aggregated,123.200000,0.000000,20,30,36,40,49,59,85,150,650,1600,2200,41898,0,20,28.604457002386468,3.4657999640330672,2186.365499976091,4798.1026540646335
1791152964,250,,Aggregated,123.500000,0.000000,20,30,36,40,49,59,85,150,640,1600,2200,42016,0,20,28.603688332679386,3.4657999640330672,2186.365499976091,4798.654036557502
1791152965,250,,Aggregated,123.300000,0.000000,20,30,36,40,49,59,85,150,640,1600,2200,42141,0,20,28.60304222459216,3.4657999640330672,2186.365499976091,4798.767945706082
1791152966,250,,Aggregated,122.800000,0.000000,20,30,36,40,49,59,85,150,640,1600,2200,42257,0,20,28.597365200720585,3.4657999640330672,2186.365499976091,4798.0960077620275
1791152967,250,,Aggregated,123.100000,0.000000,20,30,36,40,49,58,85,150,640,1600,2200,42378,0,20,28.580196991034438,3.4657999640330672,2186.365499976091,4798.644792109113
1791152968,250,,Aggregated,123.900000,0.000000,20,30,36,40,49,58,85,150,640,1600,2200,42508,0,20,28.55782711926532,3.4657999640330672,2186.365499976091,4798.404888491578
1791152969,250,,Aggregated,122.700000,0.000000,20,30,36,40,49,58,85,150,640,1600,2200,42630,0,20,28.552972436920243,3.4657999640330672,2186.365499976091,4799.0209242317615
1791152970,250,,Aggregated,122.800000,0.000000,20,30,36,40,49,58,85,150,640,1600,2200,42758,0,20,28.534473763648162,3.4657999640330672,2186.365499976091,4798.66768791805
1791152971,250,,Aggregated,121.200000,0.000000,20,30,36,40,49,58,84,150,640,1600,2200,42872,0,20,28.526765543631946,3.4657999640330672,2186.365499976091,4799.901870684829
1791152972,250,,Aggregated,122.600000,0.000000,20,30,36,40,49,58,84,150,640,1600,2200,42993,0,20,28.516003842159126,3.4657999640330672,2186.365499976091,4799.928546507571
1791152973,250,,Aggregated,121.900000,0.000000,20,30,36,40,49,59,86,150,620,1600,2200,43131,0,20,28.618422310778694,3.4657999640330672,2186.365499976091,4799.496046926804
1791152974,250,,Aggregated,120.300000,0.000000,20,30,36,40,49,59,86,150,620,1600,2200,43247,0,20,28.612941061484655,3.4657999640330672,2186.365499976091,4799.975512752329
1791152975,250,,Aggregated,120.600000,0.000000,20,30,36,40,49,59,86,150,620,1600,2200,43373,0,20,28.60844302413806,3.4657999640330672,2186.365499976091,4800.514167800245
1791152976,250,,Aggregated,121.800000,0.000000,20,30,36,40,49,59,85,150,620,1600,2200,43498,0,20,28.603739957843406,3.4657999640330672,2186.365499976091,4800.987930479562
1791152977,250,,Aggregated,121.500000,0.000000,20,30,36,40,49,59,85,150,620,1600,2200,43621,0,20,28.58564854053266,3.4657999640330672,2186.365499976091,4800.360583205337
1791152978,250,,Aggregated,121.000000,0.000000,20,30,36,40,49,59,85,150,620,1600,2200,43758,0,20,28.58923124653009,3.4657999640330672,2186.365499976091,4800.956396544631
1791152979,250,,Aggregated,124.600000,0.000000,20,30,36,40,49,59,85,150,620,1600,2200,43874,0,20,28.568694586464623,3.4657999640330672,2186.365499976091,4801.228996672289
1791152980,250,,Aggregated,124.000000,0.000000,20,30,36,40,49,59,85,150,620,1600,2200,43999,0,20,28.55839830193665,3.4657999640330672,2186.365499976091,4800.860565012841
1791152981,250,,Aggregated,123.400000,0.000000,20,30,36,40,49,59,85,150,620,1600,2200,44117,0,20,28.562365888138224,3.4657999640330672,2186.365499976091,4801.110954960673
1791152983,250,,Aggregated,122.400000,0.000000,20,30,36,40,49,59,86,150,620,1600,2200,44259,0,20,28.577456620946418,3.4657999640330672,2186.365499976091,4801.324815291805
1791152984,250,,Aggregated,122.600000,0.000000,20,30,36,40,49,59,86,150,620,1600,2200,44381,0,20,28.56615629631716,3.4657999640330672,2186.365499976091,4801.288884883171
1791152985,250,,Aggregated,125.000000,0.000000,20,30,36,40,49,59,85,150,620,1600,2200,44502,0,20,28.559246804339967,3.4657999640330672,2186.365499976091,4801.341243090198
1791152986,250,,Aggregated,123.500000,0.000000,20,30,36,40,49,59,85,150,620,1600,2200,44620,0,20,28.540862798915693,3.4657999640330672,2186.365499976091,4800.9630210667865
1791152987,250,,Aggregated,123.900000,0.000000,20,30,36,40,49,59,85,150,620,1600,2200,44756,0,20,28.532501009634956,3.4657999640330672,2186.365499976091,4800.217825542944
1791152988,250,,Aggregated,123.400000,0.000000,20,30,36,40,49,59,85,150,620,1600,2200,44878,0,20,28.5275498147573,3.4657999640330672,2186.365499976091,4800.979477695085
1791152989,250,,Aggregated,122.100000,0.000000,20,30,36,40,49,59,85,150,620,1600,2200,44999,0,20,28.52087433245815,3.4657999640330672,2186.365499976091,4801.240427565057
1791152990,250,,Aggregated,122.400000,0.000000,20,30,36,40,49,59,85,140,620,1600,2200,45115,0,20,28.509827637958253,3.4657999640330672,2186.365499976091,4800.811969411504
1791152991,250,,Aggregated,121.800000,0.000000,20,30,36,40,49,59,85,140,620,1600,2200,45242,0,20,28.515606427350388,3.4657999640330672,2186.365499976091,4799.538039874453
1791152992,250,,Aggregated,121.500000,0.000000,20,30,36,40,49,59,85,140,620,1600,2200,45370,0,20,28.50466401115366,3.4657999640330672,2186.365499976091,4799.7811769892
1791152993,250,,Aggregated,121.700000,0.000000,20,30,36,40,49,59,85,140,620,1600,2200,45513,0,20,28.501880181186838,3.4657999640330672,2186.365499976091,4799.943093182168
1791152994,250,,Aggregated,123.000000,0.000000,20,30,36,40,49,59,85,140,620,1600,2200,45629,0,20,28.4906783534057,3.4657999640330672,2186.365499976091,4800.122422143812
1791152995,250,,Aggregated,122.800000,0.000000,20,30,36,40,49,59,85,140,620,1600,2200,45743,0,20,28.472090671505534,3.4657999640330672,2186.365499976091,4799.897361344905
1791152996,250,,Aggregated,122.300000,0.000000,20,30,36,40,49,59,85,140,620,1600,2200,45873,0,20,28.468757619636545,3.4657999640330672,2186.365499976091,4800.457916421425
1791152997,250,,Aggregated,122.000000,0.000000,20,30,36,40,49,59,85,140,620,1600,2200,45995,0,20,28.466979353965552,3.4657999640330672,2186.365499976091,4800.170844657028
1791152998,250,,Aggregated,122.500000,0.000000,20,30,36,40,49,59,84,140,620,1600,2200,46118,0,20,28.455618066399637,3.4657999640330672,2186.365499976091,4800.416952166182
1791152999,250,,Aggregated,122.400000,0.000000,20,30,36,40,49,59,84,140,620,1600,2200,46244,0,20,28.45803471987957,3.4657999640330672,2186.365499976091,4800.802071620102
1791153000,250,,Aggregated,121.100000,0.000000,20,30,36,40,49,59,84,140,620,1600,2200,46363,0,20,28.44366737886172,3.4657999640330672,2186.365499976091,4800.284860772599
1791153001,250,,Aggregated,124.200000,0.000000,20,30,36,40,49,59,84,140,620,1600,2200,46502,0,20,28.43844288602697,3.4657999640330672,2186.365499976091,4800.471807664187
1791153002,250,,Aggregated,123.000000,0.000000,20,30,36,40,49,59,84,140,620,1600,2200,46632,0,20,28.4175596240028,3.4657999640330672,2186.365499976091,4799.583890890376
1791153003,250,,Aggregated,124.700000,0.000000,20,30,36,40,49,58,84,140,620,1600,2200,46753,0,20,28.41280249154889,3.4657999640330672,2186.365499976091,4800.302055483071
1791153004,250,,Aggregated,124.700000,0.000000,20,30,36,40,49,58,84,140,620,1600,2200,46868,0,20,28.410809174452226,3.4657999640330672,2186.365499976091,4800.689105573099
1791153005,250,,Aggregated,122.400000,0.000000,20,30,36,40,49,59,84,140,620,1600,2200,46982,0,20,28.41429824801584,3.4657999640330672,2186.365499976091,4800.793772082925
1791153006,250,,Aggregated,123.400000,0.000000,20,30,36,40,49,58,84,140,610,1600,2200,47119,0,20,28.383402153901486,3.4657999640330672,2186.365499976091,4800.657951144974
1791153007,250,,Aggregated,123.400000,0.000000,20,30,36,40,49,58,84,140,610,1600,2200,47235,0,20,28.362137776841102,3.4657999640330672,2186.365499976091,4800.906996930243
1791153008,250,,Aggregated,123.000000,0.000000,20,30,36,40,49,58,83,140,610,1600,2200,47352,0,20,28.350317870177896,3.4657999640330672,2186.365499976091,4800.794412062848
1791153009,250,,Aggregated,122.400000,0.000000,20,30,36,40,49,58,83,140,610,1600,2200,47483,0,20,28.346702541733087,3.4657999640330672,2186.365499976091,4800.986900574942
1791153010,250,,Aggregated,122.700000,0.000000,20,30,36,40,49,58,83,140,610,1600,2200,47614,0,20,28.330413731057185,3.4657999640330672,2186.365499976091,4800.183118410551
1791153011,250,,Aggregated,121.200000,0.000000,20,30,36,40,49,58,83,140,610,1600,2200,47734,0,20,28.32746135019597,3.4657999640330672,2186.365499976091,4799.878556165417
1791153012,250,,Aggregated,122.800000,0.000000,20,30,36,40,49,58,83,140,610,1600,2200,47865,0,20,28.304594221053446,3.4657999640330672,2186.365499976091,4800.116849472474
1791153013,250,,Aggregated,122.100000,0.000000,20,30,36,40,49,58,83,140,610,1600,2200,47985,0,20,28.290181664894185,3.4657999640330672,2186.365499976091,4800.439303949151
1791153014,250,,Aggregated,121.400000,0.000000,20,29,36,40,49,58,83,140,610,1600,2200,48109,0,20,28.275335433905255,3.4657999640330672,2186.365499976091,4800.054729884221
1791153015,250,,Aggregated,122.300000,0.000000,20,30,36,40,49,58,83,140,610,1600,2200,48237,0,20,28.276246188424295,3.4657999640330672,2186.365499976091,4799.763977859319
1791153016,250,,Aggregated,122.800000,0.000000,20,30,36,40,49,58,82,140,610,1600,2200,48366,0,20,28.270561292867306,3.4657999640330672,2186.365499976091,4800.116652193689
1791153017,250,,Aggregated,122.500000,0.000000,20,30,36,40,49,58,82,140,610,1600,2200,48486,0,20,28.260527349971532,3.4657999640330672,2186.365499976091,4800.557872375531
1791153018,250,,Aggregated,122.900000,0.000000,20,30,36,40,49,58,82,140,610,1600,2200,48604,0,20,28.25976083019096,3.4657999640330672,2186.365499976091,4799.583264751872
1791153019,250,,Aggregated,123.600000,0.000000,20,30,36,40,49,58,82,140,610,1600,2200,48739,0,20,28.249580857011907,3.4657999640330672,2186.365499976091,4800.0486468741665
1791153020,250,,Aggregated,125.300000,0.000000,20,30,36,40,49,58,82,140,610,1600,2200,48861,0,20,28.234242927692854,3.3663000212982297,2186.365499976091,4799.67780029062
1791153021,250,,Aggregated,123.700000,0.000000,20,30,36,40,49,58,82,140,610,1600,2200,48978,0,20,28.235003625911652,3.3663000212982297,2186.365499976091,4800.18647147699
1791153022,250,,Aggregated,123.800000,0.000000,20,30,36,40,49,58,82,140,600,1600,2200,49115,0,20,28.225417715374252,3.3663000212982297,2186.365499976091,4800.638786521429
1791153023,250,,Aggregated,122.100000,0.000000,20,30,36,40,49,58,82,140,600,1600,2200,49237,0,20,28.218210532552437,3.3663000212982297,2186.365499976091,4800.16018441416
1791153024,250,,Aggregated,124.200000,0.000000,20,30,36,40,49,58,81,140,600,1600,2200,49358,0,20,28.216000007929427,3.3663000212982297,2186.365499976091,4799.720247984116
1791153025,250,,Aggregated,122.400000,0.000000,20,30,36,40,49,58,81,140,600,1600,2200,49480,0,20,28.203830866838775,3.3663000212982297,2186.365499976091,4800.070634599839
1791153026,250,,Aggregated,122.700000,0.000000,20,30,36,40,49,58,81,140,600,1600,2200,49604,0,20,28.20702938657078,3.3663000212982297,2186.365499976091,4799.5564672203855
1791153027,250,,Aggregated,123.200000,0.000000,20,30,36,40,49,58,81,140,600,1600,2200,49723,0,20,28.200958910177505,3.3663000212982297,2186.365499976091,4799.675381614143
1791153028,250,,Aggregated,123.200000,0.000000,20,30,36,40,49,58,81,140,600,1600,2200,49837,0,20,28.194288973861855,3.3663000212982297,2186.365499976091,4799.943535927123
1791153029,250,,Aggregated,123.300000,0.000000,20,30,36,40,49,58,81,140,600,1600,2200,49965,0,20,28.20267516642568,3.3663000212982297,2186.365499976091,4800.039647753428
1791153030,250,,Aggregated,122.000000,0.000000,20,30,36,40,49,58,81,140,600,1600,2200,50087,0,20,28.19558750155229,3.3663000212982297,2186.365499976091,4800.6218978976585
1791153031,250,,Aggregated,121.800000,0.000000,20,30,36,40,49,58,82,140,600,1600,2200,50209,0,20,28.228555053681138,3.3663000212982297,2186.365499976091,4800.846163038499
1791153032,250,,Aggregated,122.200000,0.000000,20,30,36,40,49,58,82,140,600,1600,2200,50337,0,20,28.232443530413732,3.3663000212982297,2186.365499976091,4800.73089377595
1791153033,250,,Aggregated,121.800000,0.000000,20,30,36,40,49,58,82,140,600,1600,2200,50462,0,20,28.22376699081478,3.3663000212982297,2186.365499976091,4800.9034322856805
1791153034,250,,Aggregated,121.400000,0.000000,20,30,36,40,49,58,82,140,600,1600,2200,50586,0,20,28.224015094893954,3.3663000212982297,2186.365499976091,4800.205649784525
1791153035,250,,Aggregated,121.900000,0.000000,20,30,36,40,49,58,82,140,600,1600,2200,50718,0,20,28.208754022055366,3.3663000212982297,2186.365499976091,4799.8241452738675
1791153036,250,,Aggregated,122.400000,0.000000,20,30,36,40,49,58,81,140,600,1600,2200,50840,0,20,28.21036842822945,3.3663000212982297,2186.365499976091,4800.067073170731
1791153037,250,,Aggregated,121.800000,0.000000,20,30,36,40,49,58,81,140,600,1600,2200,50964,0,20,28.200366411428895,3.3663000212982297,2186.365499976091,4800.105780550977
1791153038,250,,Aggregated,121.800000,0.000000,20,30,36,40,49,58,81,140,600,1600,2200,51079,0,20,28.1924248593722,3.3663000212982297,2186.365499976091,4800.1731631394505
1791153039,250,,Aggregated,121.700000,0.000000,20,30,36,40,49,58,82,140,600,1600,2200,51207,0,20,28.248605997064693,3.3663000212982297,2186.365499976091,4800.6616478215865
1791153040,250,,Aggregated,122.900000,0.000000,20,30,36,40,49,58,82,140,600,1600,2200,51323,0,20,28.256287849344638,3.3663000212982297,2186.365499976091,4799.832161019426
1791153041,250,,Aggregated,123.000000,0.000000,20,30,36,40,49,58,82,140,600,1600,2200,51447,0,20,28.247222687281276,3.3663000212982297,2186.365499976091,4799.698058195813
1791153042,250,,Aggregated,122.500000,0.000000,20,30,36,40,49,58,82,140,600,1600,2200,51570,0,20,28.235410428404613,3.3663000212982297,2186.365499976091,4799.34999030444
1791153043,250,,Aggregated,123.900000,0.000000,20,30,36,40,49,58,82,140,600,1600,2200,51699,0,20,28.231952140140827,3.3663000212982297,2186.365499976091,4799.915936478462
1791153044,250,,Aggregated,122.300000,0.000000,20,30,36,40,49,58,82,140,600,1600,2200,51815,0,20,28.234967406987238,3.3663000212982297,2186.365499976091,4800.012293737334
1791153045,250,,Aggregated,122.600000,0.000000,20,30,36,40,49,58,82,140,600,1600,2200,51938,0,20,28.229248301684752,3.3663000212982297,2186.365499976091,4799.934980168663
1791153046,250,,Aggregated,121.900000,0.000000,20,30,36,40,49,58,82,140,590,1600,2200,52072,0,20,28.225690376647623,3.3663000212982297,2186.365499976091,4799.775791212168
1791153047,250,,Aggregated,122.600000,0.000000,20,30,36,40,49,58,82,140,590,1600,2200,52191,0,20,28.185813919883156,3.3663000212982297,2186.365499976091,4799.582571707766
1791153048,250,,Aggregated,123.400000,0.000000,20,30,36,40,49,58,82,140,590,1600,2200,52322,0,20,28.155506693045883,3.3663000212982297,2186.365499976091,4799.714116432858
1791153049,250,,Aggregated,122.600000,0.000000,20,30,36,40,49,58,82,140,590,1600,2200,52438,0,20,28.14594647572131,3.3663000212982297,2186.365499976091,4799.516438460659
1791153050,250,,Aggregated,121.000000,0.000000,20,30,36,40,49,58,82,140,590,1600,2200,52570,0,20,28.13452826124824,3.3663000212982297,2186.365499976091,4799.989195358569
1791153051,250,,Aggregated,122.100000,0.000000,20,30,36,40,49,58,81,140,590,1600,2200,52691,0,20,28.126888219880723,3.3663000212982297,2186.365499976091,4799.439353969368
1791153052,250,,Aggregated,121.900000,0.000000,20,30,36,40,49,58,81,140,590,1600,2200,52820,0,20,28.116967678802677,3.3663000212982297,2186.365499976091,4799.590590685347
1791153053,250,,Aggregated,122.700000,0.000000,20,30,36,40,49,58,81,140,590,1600,2200,52958,0,20,28.097444212282497,3.3663000212982297,2186.365499976091,4800.030949053968
1791153054,250,,Aggregated,123.000000,0.000000,20,29,36,40,49,58,81,140,570,1600,2200,53072,0,20,28.076615931080266,3.3663000212982297,2186.365499976091,4799.545033162496
1791153055,250,,Aggregated,123.600000,0.000000,20,29,36,40,49,58,81,140,570,1600,2200,53201,0,20,28.0580772052054,3.3663000212982297,2186.365499976091,4800.003233021936
1791153056,250,,Aggregated,124.200000,0.000000,20,29,36,40,49,58,81,140,570,1600,2200,53322,0,20,28.061381881644362,3.3663000212982297,2186.365499976091,4799.666441618844
1791153057,250,,Aggregated,123.400000,0.000000,20,29,36,40,49,58,82,140,570,1600,2200,53457,0,20,28.143244738655746,3.3663000212982297,2186.365499976091,4800.175617786258
1791153058,250,,Aggregated,122.800000,0.000000,20,29,36,40,49,58,82,140,570,1600,2200,53572,0,20,28.141478869464795,3.3663000212982297,2186.365499976091,4800.61716941686
1791153060,250,,Aggregated,121.900000,0.000000,20,29,36,40,49,58,82,140,570,1600,2200,53703,0,20,28.139859091575328,3.3663000212982297,2186.365499976091,4800.752676759213
1791153061,250,,Aggregated,123.900000,0.000000,20,29,36,40,49,58,82,140,570,1600,2200,53819,0,20,28.128262004036866,3.3663000212982297,2186.365499976091,4801.1011352867945
1791153062,250,,Aggregated,123.200000,0.000000,20,29,36,40,49,58,82,140,570,1600,2200,53946,0,20,28.123276387420564,3.3663000212982297,2186.365499976091,4801.38796203611
1791153063,250,,Aggregated,122.600000,0.000000,20,29,36,40,49,58,82,140,570,1600,2200,54061,0,20,28.135801128283138,3.3663000212982297,2186.365499976091,4801.306006178206
1791153064,250,,Aggregated,122.900000,0.000000,20,29,36,40,49,58,83,140,570,1600,2200,54205,0,20,28.224776693953196,3.3663000212982297,2186.365499976091,4801.239627340651
1791153065,250,,Aggregated,121.900000,0.000000,20,29,36,40,49,58,83,140,570,1600,2200,54323,0,20,28.21886130544062,3.3663000212982297,2186.365499976091,4800.92964306095
1791153066,250,,Aggregated,122.400000,0.000000,20,30,36,40,49,58,83,140,570,1600,2200,54437,0,20,28.217543413394537,3.3663000212982297,2186.365499976091,4800.5345077796355
1791153067,250,,Aggregated,123.000000,0.000000,20,29,36,40,49,58,83,140,570,1600,2200,54559,0,20,28.198685377216194,3.3663000212982297,2186.365499976091,4800.663263622867
1791153068,250,,Aggregated,120.800000,0.000000,20,29,36,40,49,58,83,140,570,1600,2200,54688,0,20,28.19502103010196,3.3663000212982297,2186.365499976091,4800.498683440608
1791153069,250,,Aggregated,122.000000,0.000000,20,30,36,40,49,58,83,140,570,1600,2200,54800,0,20,28.19422221703482,3.3663000212982297,2186.365499976091,4800.985200729927
1791153070,250,,Aggregated,121.900000,0.000000,20,29,36,40,49,58,83,140,570,1600,2200,54946,0,20,28.182140767174346,3.3663000212982297,2186.365499976091,4800.638936410293
1791153071,250,,Aggregated,121.200000,0.000000,20,29,36,40,49,58,82,140,570,1600,2200,55066,0,20,28.168560843223013,3.3663000212982297,2186.365499976091,4800.104347510261
1791153072,250,,Aggregated,121.800000,0.000000,20,29,36,40,49,58,82,140,570,1600,2200,55190,0,20,28.158888907287295,3.3663000212982297,2186.365499976091,4799.825982967929
1791153073,250,,Aggregated,123.100000,0.000000,20,29,36,40,49,58,82,140,570,1600,2200,55321,0,20,28.15843201846507,3.3663000212982297,2186.365499976091,4800.763615986696
1791153074,250,,Aggregated,122.800000,0.000000,20,29,36,40,49,58,82,140,570,1600,2200,55443,0,20,28.13231842782678,3.3663000212982297,2186.365499976091,4800.820698735638
1791153075,250,,Aggregated,125.100000,0.000000,20,29,36,40,49,58,82,140,570,1600,2200,55576,0,20,28.097156252580398,3.3663000212982297,2186.365499976091,4800.436429393983
1791153076,250,,Aggregated,121.900000,0.000000,20,29,36,40,49,58,82,140,570,1600,2200,55701,0,20,28.088716586664145,3.3663000212982297,2186.365499976091,4800.785802768352
1791153077,250,,Aggregated,123.900000,0.000000,20,29,36,40,49,58,82,140,570,1600,2200,55824,0,20,28.092173208536384,3.3663000212982297,2186.365499976091,4801.316100601892
1791153078,250,,Aggregated,126.100000,0.000000,20,29,36,40,49,58,82,140,570,1600,2200,55934,0,20,28.089207773321206,3.3663000212982297,2186.365499976091,4801.321378767833
1791153079,250,,Aggregated,125.500000,0.000000,20,29,36,40,49,58,82,140,560,1600,2200,56085,0,20,28.099207554473423,3.3663000212982297,2186.365499976091,4801.025907105287
1791153080,250,,Aggregated,124.100000,0.000000,20,29,36,40,49,58,82,140,560,1600,2200,56198,0,20,28.092589229026306,3.3663000212982297,2186.365499976091,4800.935994163493
1791153081,250,,Aggregated,126.000000,0.000000,20,29,36,40,49,58,82,140,560,1600,2200,56321,0,20,28.075161525758617,3.3663000212982297,2186.365499976091,4801.080928960779
1791153082,250,,Aggregated,124.100000,0.000000,20,29,36,40,49,58,82,140,560,1600,2200,56457,0,20,28.055886936819967,3.3663000212982297,2186.365499976091,4800.842393325894
1791153083,250,,Aggregated,123.500000,0.000000,20,29,36,40,49,58,82,140,560,1600,2200,56560,0,20,28.053149957430225,3.3663000212982297,2186.365499976091,4800.867220650636
1791153084,250,,Aggregated,123.300000,0.000000,20,29,36,40,49,58,82,140,560,1600,2200,56695,0,20,28.039590870331658,3.3663000212982297,2186.365499976091,4800.580456830408
1791153085,250,,Aggregated,122.600000,0.000000,20,29,36,40,49,58,82,140,560,1600,2200,56808,0,20,28.028374329207146,3.3663000212982297,2186.365499976091,4800.553777636953
1791153086,250,,Aggregated,123.100000,0.000000,20,29,36,40,49,58,82,140,560,1600,2200,56933,0,20,28.040761069910406,3.3663000212982297,2186.365499976091,4800.331143624962
1791153087,250,,Aggregated,121.400000,0.000000,20,29,36,40,49,58,82,140,560,1600,2200,57070,0,20,28.0365911283068,3.3663000212982297,2186.365499976091,4800.438198703347
1791153088,250,,Aggregated,121.100000,0.000000,20,29,36,40,49,58,82,140,560,1600,2200,57195,0,20,28.02937604322766,3.3663000212982297,2186.365499976091,4800.181134714573
1791153089,250,,Aggregated,123.500000,0.000000,20,29,36,40,49,58,82,140,560,1600,2200,57321,0,20,28.023506409393537,3.3663000212982297,2186.365499976091,4800.097206957311
1791153090,250,,Aggregated,122.800000,0.000000,20,29,36,40,49,58,82,140,560,1600,2200,57465,0,20,28.017816103597863,3.3663000212982297,2186.365499976091,4800.107421908988
1791153091,250,,Aggregated,122.600000,0.000000,20,29,36,40,49,58,82,140,560,1600,2200,57567,0,20,28.014509253441474,3.3663000212982297,2186.365499976091,4799.808362429864
1791153092,250,,Aggregated,123.600000,0.000000,20,29,36,40,49,58,82,140,560,1600,2200,57695,0,20,28.036509815280088,3.3663000212982297,2186.365499976091,4799.523927550048
1791153093,250,,Aggregated,124.200000,0.000000,20,29,36,40,49,58,82,140,560,1600,2200,57823,0,20,28.03902222977244,3.3663000212982297,2186.365499976091,4799.1067741210245
1791153094,250,,Aggregated,123.700000,0.000000,20,29,36,40,49,58,82,140,560,1600,2200,57958,0,20,28.02575417186432,3.3663000212982297,2186.365499976091,4799.117326339763
1791153095,250,,Aggregated,123.200000,0.000000,20,29,36,40,49,58,82,140,560,1600,2200,58067,0,20,28.007951595446205,3.3663000212982297,2186.365499976091,4799.679835362598
1791153096,250,,Aggregated,125.000000,0.000000,20,29,36,40,49,58,82,140,560,1600,2200,58207,0,20,27.970196670382403,3.3663000212982297,2186.365499976091,4799.974779665676
1791153097,250,,Aggregated,124.600000,0.000000,20,29,36,40,49,58,82,140,560,1600,2200,58321,0,20,27.944875945075243,3.3663000212982297,2186.365499976091,4800.042197493184
1791153098,250,,Aggregated,124.000000,0.000000,20,29,36,40,49,58,82,140,560,1600,2200,58447,0,20,27.945774872846734,3.3663000212982297,2186.365499976091,4800.164336920629
1791153099,250,,Aggregated,122.800000,0.000000,20,29,36,40,49,58,82,140,560,1600,2200,58573,0,20,27.94346712297866,3.3663000212982297,2186.365499976091,4800.442251549349
1791153100,250,,Aggregated,123.300000,0.000000,20,29,36,40,49,58,82,140,560,1600,2200,58703,0,20,27.93918529197446,3.3663000212982297,2186.365499976091,4800.32129533414
1791153101,250,,Aggregated,123.900000,0.000000,20,29,36,40,49,58,82,140,560,1600,2200,58813,0,20,27.941614710951736,3.3663000212982297,2186.365499976091,4800.378198697567
1791153102,250,,Aggregated,123.900000,0.000000,20,29,36,40,49,58,82,140,560,1600,2200,58955,0,20,27.94434014070111,3.3663000212982297,2186.365499976091,4800.285828174031
1791153103,250,,Aggregated,123.000000,0.000000,20,29,36,40,49,58,82,140,550,1600,2200,59068,0,20,27.935321095939404,3.3663000212982297,2186.365499976091,4800.802363377802
1791153104,250,,Aggregated,124.600000,0.000000,20,29,36,40,49,58,82,140,550,1600,2200,59211,0,20,27.925178015833346,3.3663000212982297,2186.365499976091,4800.884075594062
1791153105,250,,Aggregated,123.400000,0.000000,20,29,36,40,49,58,82,140,550,1600,2200,59326,0,20,27.89532299996526,3.3663000212982297,2186.365499976091,4800.618565215926
1791153106,250,,Aggregated,122.300000,0.000000,20,29,36,40,49,58,81,140,550,1600,2200,59467,0,20,27.855883294872367,3.3663000212982297,2186.365499976091,4801.500916474683
1791153107,250,,Aggregated,125.100000,0.000000,20,29,36,40,49,58,81,140,550,1600,2200,59589,0,20,27.82363881078566,3.3663000212982297,2186.365499976091,4801.122891808891
1791153108,250,,Aggregated,124.500000,0.000000,20,29,36,40,49,58,81,140,550,1600,2200,59697,0,20,27.799540635140694,3.3663000212982297,2186.365499976091,4800.844364038394
1791153109,250,,Aggregated,125.800000,0.000000,20,29,36,40,49,58,81,140,550,1600,2200,59823,0,20,27.790224659334942,3.3663000212982297,2186.365499976091,4800.611236480952
1791153110,250,,Aggregated,124.400000,0.000000,20,29,36,40,49,58,81,140,550,1600,2200,59952,0,20,27.80573339330788,3.3663000212982297,2186.365499976091,4800.574559647718
1791153111,250,,Aggregated,124.300000,0.000000,20,29,36,40,49,58,82,140,550,1600,2200,60082,0,20,27.816813749452155,3.3663000212982297,2186.365499976091,4800.934606038414
1791153112,250,,Aggregated,122.600000,0.000000,20,29,36,40,49,58,82,140,550,1600,2200,60207,0,20,27.81394951408006,3.3663000212982297,2186.365499976091,4800.654957064793
1791153113,250,,Aggregated,123.600000,0.000000,20,29,36,40,49,58,82,140,550,1600,2200,60334,0,20,27.81517743717613,3.3663000212982297,2186.365499976091,4801.031126727881
1791153114,250,,Aggregated,123.300000,0.000000,20,29,36,40,49,58,82,140,550,1600,2200,60455,0,20,27.829328055486062,3.3663000212982297,2186.365499976091,4801.180299396246
1791153115,250,,Aggregated,124.700000,0.000000,20,29,36,40,49,58,82,140,550,1600,2200,60591,0,20,27.824574477966266,3.3663000212982297,2186.365499976091,4801.201350035484
1791153116,250,,Aggregated,124.400000,0.000000,20,29,36,40,49,58,82,140,550,1600,2200,60713,0,20,27.81524887576303,3.3663000212982297,2186.365499976091,4800.805115873042
1791153117,250,,Aggregated,122.600000,0.000000,20,29,36,40,49,58,82,140,550,1600,2200,60824,0,20,27.798582023457005,3.3663000212982297,2186.365499976091,4800.947553597264
1791153118,250,,Aggregated,124.100000,0.000000,20,29,36,40,49,58,82,140,550,1600,2200,60956,0,20,27.791702262198115,3.3663000212982297,2186.365499976091,4800.939956690071
1791153119,250,,Aggregated,123.000000,0.000000,20,29,36,40,49,58,81,140,550,1600,2200,61083,0,20,27.780403514785995,3.3663000212982297,2186.365499976091,4801.007039601854
1791153120,250,,Aggregated,123.800000,0.000000,20,29,36,40,49,58,82,140,550,1600,2200,61222,0,20,27.80257986824389,3.3663000212982297,2186.365499976091,4800.987978177779
1791153121,250,,Aggregated,122.900000,0.000000,20,29,36,40,49,58,82,140,550,1600,2200,61338,0,20,27.798989909890416,3.3663000212982297,2186.365499976091,4801.474991033291
1791153122,250,,Aggregated,125.800000,0.000000,20,29,36,40,49,58,82,140,550,1600,2200,61465,0,20,27.795006273368372,3.3663000212982297,2186.365499976091,4801.681851460181
1791153123,250,,Aggregated,125.900000,0.000000,20,29,36,40,49,58,82,140,550,1600,2200,61590,0,20,27.790709215665895,3.3663000212982297,2186.365499976091,4801.417308004547
1791153124,250,,Aggregated,124.500000,0.000000,20,29,36,40,49,58,82,140,550,1600,2200,61720,0,20,27.786377593862483,3.3663000212982297,2186.365499976091,4801.316558651976
1791153125,250,,Aggregated,124.100000,0.000000,20,29,36,40,49,58,82,140,550,1600,2200,61840,0,20,27.786987852411723,3.3663000212982297,2186.365499976091,4801.348851875809
1791153126,250,,Aggregated,125.200000,0.000000,20,29,36,40,49,58,82,140,550,1600,2200,61961,0,20,27.783538485392082,3.3663000212982297,2186.365499976091,4800.770549216442
1791153127,250,,Aggregated,125.400000,0.000000,20,29,36,40,49,58,82,140,540,1600,2200,62087,0,20,27.787972014963312,3.3663000212982297,2186.365499976091,4801.0711582134745
1791153128,250,,Aggregated,123.800000,0.000000,20,29,36,40,49,58,82,140,540,1600,2200,62204,0,20,27.78505517639724,3.3663000212982297,2186.365499976091,4801.54332518809
1791153129,250,,Aggregated,123.900000,0.000000,20,29,36,40,49,58,81,140,540,1600,2200,62342,0,20,27.776895065804737,3.3663000212982297,2186.365499976091,4801.300583876038
1791153130,250,,Aggregated,125.100000,0.000000,20,29,36,40,49,58,81,140,540,1600,2200,62448,0,20,27.77718754951172,3.3663000212982297,2186.365499976091,4800.929621445042
1791153131,250,,Aggregated,123.500000,0.000000,20,29,36,40,49,58,81,140,540,1600,2200,62581,0,20,27.772301719251555,3.3663000212982297,2186.365499976091,4801.359981464023
1791153132,250,,Aggregated,123.700000,0.000000,20,29,36,40,49,58,81,140,540,1600,2200,62707,0,20,27.779382716322978,3.3663000212982297,2186.365499976091,4801.29650597222
1791153133,250,,Aggregated,123.100000,0.000000,20,29,36,40,49,58,81,140,540,1600,2200,62835,0,20,27.767663378580995,3.3663000212982297,2186.365499976091,4801.30538712501
1791153134,250,,Aggregated,123.000000,0.000000,20,29,36,40,49,58,81,140,540,1600,2200,62957,0,20,27.77337933816475,3.3663000212982297,2186.365499976091,4800.546976507775
1791153135,250,,Aggregated,122.700000,0.000000,20,29,36,40,49,58,81,140,540,1600,2200,63075,0,20,27.769045006611883,3.3663000212982297,2186.365499976091,4800.365009908839
1791153136,250,,Aggregated,123.400000,0.000000,20,29,36,40,49,58,81,140,540,1600,2200,63205,0,20,27.768012052719808,3.3663000212982297,2186.365499976091,4800.251514911795
1791153137,250,,Aggregated,122.800000,0.000000,20,29,36,40,49,58,81,140,540,1600,2200,63332,0,20,27.763462922250433,3.3663000212982297,2186.365499976091,4800.835991284027
1791153138,250,,Aggregated,123.200000,0.000000,20,29,36,40,49,58,81,140,540,1600,2200,63444,0,20,27.757342695791056,3.3663000212982297,2186.365499976091,4800.601049744657
1791153139,250,,Aggregated,123.100000,0.000000,20,29,36,40,49,58,81,140,540,1600,2200,63574,0,20,27.753038833352722,3.3663000212982297,2186.365499976091,4801.36474030264
1791153140,250,,Aggregated,122.900000,0.000000,20,29,36,40,49,58,81,130,540,1600,2200,63706,0,20,27.74730055712962,3.3663000212982297,2186.365499976091,4801.223966345399
1791153141,250,,Aggregated,124.200000,0.000000,20,29,36,40,49,58,81,130,540,1600,2200,63828,0,20,27.751471780306066,3.3663000212982297,2186.365499976091,4800.703249357649
1791153142,250,,Aggregated,122.200000,0.000000,20,29,36,40,49,58,82,140,540,1600,2200,63959,0,20,27.760044012473127,3.3663000212982297,2186.365499976091,4801.109194953016
1791153144,250,,Aggregated,123.500000,0.000000,20,29,36,40,49,58,82,140,530,1600,2200,64076,0,20,27.75400279189436,3.3663000212982297,2186.365499976091,4800.992899057369
1791153145,250,,Aggregated,124.400000,0.000000,20,29,36,40,49,58,81,130,530,1600,2200,64201,0,20,27.75020516491618,3.3663000212982297,2186.365499976091,4801.250369931932
1791153146,250,,Aggregated,124.400000,0.000000,20,29,36,40,49,58,82,140,530,1600,2200,64313,0,20,27.772277052742012,3.3663000212982297,2186.365499976091,4801.457590222816
1791153147,250,,Aggregated,122.400000,0.000000,20,29,36,40,49,58,83,140,530,1600,2200,64457,0,20,27.850298380211207,3.3663000212982297,2186.365499976091,4801.544626650325
1791153148,250,,Aggregated,122.200000,0.000000,20,29,36,40,49,58,83,140,530,1600,2200,64573,0,20,27.843835949921562,3.3663000212982297,2186.365499976091,4801.566583556595
1791153149,250,,Aggregated,123.800000,0.000000,20,29,36,40,49,58,83,140,530,1600,2200,64686,0,20,27.84351831763252,3.3663000212982297,2186.365499976091,4801.9424759607955
1791153150,250,,Aggregated,122.400000,0.000000,20,29,36,40,49,58,83,140,530,1600,2200,64813,0,20,27.838609613717335,3.3663000212982297,2186.365499976091,4802.125268078935
1791153151,250,,Aggregated,122.500000,0.000000,20,29,36,40,49,58,82,140,530,1600,2200,64944,0,20,27.835528867858827,3.3663000212982297,2186.365499976091,4801.251093249569
1791153152,250,,Aggregated,122.700000,0.000000,20,29,36,40,49,58,82,140,530,1600,2200,65073,0,20,27.830241525563547,3.3663000212982297,2186.365499976091,4800.795045564212
1791153153,250,,Aggregated,121.900000,0.000000,20,29,36,40,49,58,82,140,530,1600,2200,65192,0,20,27.821975920256158,3.3663000212982297,2186.365499976091,4800.84582464106
1791153154,250,,Aggregated,122.100000,0.000000,20,29,36,40,49,58,82,140,530,1600,2200,65319,0,20,27.815400289251514,3.3663000212982297,2186.365499976091,4800.843154365499
1791153155,250,,Aggregated,122.700000,0.000000,20,29,36,40,49,58,82,140,530,1600,2200,65451,0,20,27.810883605964566,3.3663000212982297,2186.365499976091,4800.619593283525
1791153156,250,,Aggregated,123.400000,0.000000,20,29,36,40,49,58,82,140,530,1600,2200,65589,0,20,27.809440470108,3.3663000212982297,2186.365499976091,4800.248425803107
1791153157,250,,Aggregated,124.100000,0.000000,20,29,36,40,49,58,82,140,530,1600,2200,65706,0,20,27.8074852554509,3.3663000212982297,2186.365499976091,4800.358703923538
1791153158,250,,Aggregated,125.700000,0.000000,20,29,36,40,49,58,82,140,530,1600,2200,65826,0,20,27.808893174353162,3.3663000212982297,2186.365499976091,4800.370659010117
1791153159,250,,Aggregated,123.300000,0.000000,20,29,36,40,49,58,82,140,530,1600,2200,65950,0,20,27.79836429106326,3.3663000212982297,2186.365499976091,4800.433616376043
1791153160,250,,Aggregated,123.900000,0.000000,20,29,36,40,49,58,82,140,530,1600,2200,66081,0,20,27.78708908455057,3.3663000212982297,2186.365499976091,4800.384785339205
1791153161,250,,Aggregated,125.200000,0.000000,20,29,36,40,49,58,82,140,530,1600,2200,66197,0,20,27.783485562730803,3.3663000212982297,2186.365499976091,4800.05658866716
1791153162,250,,Aggregated,125.500000,0.000000,20,29,36,40,49,58,82,140,530,1600,2200,66316,0,20,27.777596459325533,3.3663000212982297,2186.365499976091,4800.062503769829
1791153163,250,,Aggregated,124.800000,0.000000,20,29,36,40,49,58,82,140,530,1600,2200,66443,0,20,27.77957648657309,3.3663000212982297,2186.365499976091,4799.512439233629
1791153164,250,,Aggregated,124.700000,0.000000,20,29,36,40,49,58,82,140,530,1600,2200,66570,0,20,27.773653561621792,3.3663000212982297,2186.365499976091,4798.748219918883
1791153165,250,,Aggregated,124.100000,0.000000,20,29,36,40,49,58,81,140,530,1600,2200,66690,0,20,27.772548320545543,3.3663000212982297,2186.365499976091,4798.669890538312
1791153166,250,,Aggregated,123.300000,0.000000,20,29,36,40,49,58,81,140,530,1600,2200,66819,0,20,27.764280638687268,3.3663000212982297,2186.365499976091,4798.864379891947
1791153167,250,,Aggregated,121.700000,0.000000,20,29,36,40,49,58,81,140,530,1600,2200,66938,0,20,27.761812154470995,3.3663000212982297,2186.365499976091,4798.904926947324
1791153168,250,,Aggregated,122.100000,0.000000,20,29,36,40,49,58,81,140,520,1600,2200,67059,0,20,27.760951104180176,3.3663000212982297,2186.365499976091,4798.935176486378
1791153169,250,,Aggregated,122.000000,0.000000,20,29,36,40,49,58,81,140,520,1600,2200,67185,0,20,27.75311266644459,3.3663000212982297,2186.365499976091,4798.715918731859
1791153170,250,,Aggregated,123.000000,0.000000,20,29,36,40,49,58,82,140,520,1600,2200,67320,0,20,27.77752319066164,3.3663000212982297,2186.365499976091,4798.364661319073
1791153171,250,,Aggregated,122.600000,0.000000,20,29,36,40,49,58,82,140,520,1600,2200,67438,0,20,27.7756379577471,3.3663000212982297,2186.365499976091,4798.843975206857
1791153172,250,,Aggregated,121.700000,0.000000,20,29,36,40,49,58,82,140,520,1600,2200,67566,0,20,27.772991677686257,3.3663000212982297,2186.365499976091,4798.684678684545
1791153173,250,,Aggregated,123.500000,0.000000,20,29,36,40,49,58,81,140,520,1600,2200,67680,0,20,27.77317550968059,3.3663000212982297,2186.365499976091,4798.703309692672
1791153174,250,,Aggregated,122.700000,0.000000,20,29,36,40,49,58,82,140,520,1600,2200,67801,0,20,27.7675302915195,3.3663000212982297,2186.365499976091,4798.127284258344
1791153175,250,,Aggregated,121.200000,0.000000,20,29,36,40,49,58,81,140,520,1600,2200,67927,0,20,27.764266237210787,3.3663000212982297,2186.365499976091,4797.898479249783
1791153176,250,,Aggregated,123.000000,0.000000,20,29,36,40,49,58,81,140,520,1600,2200,68057,0,20,27.75996290308918,3.3663000212982297,2186.365499976091,4797.411287597161
1791153177,250,,Aggregated,122.200000,0.000000,20,29,36,40,49,58,81,140,520,1600,2200,68189,0,20,27.760203572346235,3.3663000212982297,2186.365499976091,4797.843933772309
1791153178,250,,Aggregated,123.400000,0.000000,20,29,36,40,49,58,81,140,520,1600,2200,68307,0,20,27.75398641272701,3.3663000212982297,2186.365499976091,4797.675816534176
1791153179,250,,Aggregated,123.800000,0.000000,20,29,36,40,49,58,81,140,520,1600,2200,68437,0,20,27.76073327140298,3.3663000212982297,2186.365499976091,4797.393383695954
1791153180,250,,Aggregated,122.500000,0.000000,20,29,36,40,49,58,81,140,520,1600,2200,68559,0,20,27.754774045630157,3.3663000212982297,2186.365499976091,4797.5172625038285
1791153181,250,,Aggregated,122.600000,0.000000,20,29,36,40,49,58,81,140,520,1600,2200,68693,0,20,27.76052707691816,3.3663000212982297,2186.365499976091,4797.629845835821
1791153182,250,,Aggregated,123.900000,0.000000,20,29,36,40,49,58,81,140,520,1600,2200,68813,0,20,27.759094663720994,3.3663000212982297,2186.365499976091,4797.378213418976
1791153183,250,,Aggregated,122.900000,0.000000,20,29,36,40,49,58,81,140,520,1600,2200,68936,0,20,27.761708423674772,3.3663000212982297,2186.365499976091,4797.368602761982
1791153184,250,,Aggregated,123.200000,0.000000,20,29,36,40,49,58,81,130,520,1600,2200,69062,0,20,27.76106502119834,3.3663000212982297,2186.365499976091,4797.479496684139
1791153185,250,,Aggregated,124.900000,0.000000,20,29,36,40,49,58,81,130,520,1600,2200,69190,0,20,27.759057096325986,3.3663000212982297,2186.365499976091,4797.225625090331
1791153186,250,,Aggregated,124.000000,0.000000,20,29,36,40,49,58,81,130,520,1600,2200,69322,0,20,27.748497768309218,3.3663000212982297,2186.365499976091,4797.340613369493
1791153187,250,,Aggregated,125.300000,0.000000,20,29,36,40,49,58,81,130,520,1600,2200,69441,0,20,27.748591440121682,3.3663000212982297,2186.365499976091,4797.568468196023
1791153188,250,,Aggregated,123.600000,0.000000,20,29,36,40,49,58,81,130,520,1600,2200,69566,0,20,27.742779566071206,3.3663000212982297,2186.365499976091,4797.4958025472215
1791153189,250,,Aggregated,124.100000,0.000000,20,29,36,40,49,58,81,130,520,1600,2200,69706,0,20,27.741905576183452,3.3663000212982297,2186.365499976091,4797.726379364761
1791153190,250,,Aggregated,124.600000,0.000000,20,29,36,40,49,58,81,130,520,1600,2200,69823,0,20,27.73079109740188,3.3663000212982297,2186.365499976091,4796.985405955058
1791153191,250,,Aggregated,125.500000,0.000000,20,29,36,40,49,58,81,140,520,1600,2200,69964,0,20,27.757885781171346,3.3663000212982297,2186.365499976091,4796.773812246298
1791153192,250,,Aggregated,124.200000,0.000000,20,29,36,40,49,58,81,140,510,1300,2200,70080,0,20,27.764348875479463,3.3663000212982297,2186.365499976091,4796.829409246576
1791153193,250,,Aggregated,124.000000,0.000000,20,29,36,40,49,58,81,140,510,1300,2200,70198,0,20,27.7563086739494,3.3663000212982297,2186.365499976091,4796.703453089832
1791153194,250,,Aggregated,127.100000,0.000000,20,29,36,40,49,58,81,130,510,1300,2200,70330,0,20,27.753832772560603,3.3663000212982297,2186.365499976091,4796.75929190957
1791153195,250,,Aggregated,124.200000,0.000000,20,29,36,40,49,58,81,140,510,1300,2200,70447,0,20,27.750974318190355,3.3663000212982297,2186.365499976091,4796.871179752154
1791153196,250,,Aggregated,125.600000,0.000000,20,29,36,40,49,58,81,130,510,1300,2200,70583,0,20,27.736050361899053,3.3663000212982297,2186.365499976091,4796.633821175071
1791153197,250,,Aggregated,124.700000,0.000000,20,29,36,40,49,58,81,130,510,1300,2200,70706,0,20,27.724368258610788,3.3663000212982297,2186.365499976091,4796.835558509886
1791153198,250,,Aggregated,124.600000,0.000000,20,29,36,40,49,58,81,130,510,1300,2200,70820,0,20,27.722786872257984,3.3663000212982297,2186.365499976091,4796.530104490257
1791153199,250,,Aggregated,124.700000,0.000000,20,29,36,40,49,58,81,130,510,1300,2200,70954,0,20,27.7245378695039,3.3663000212982297,2186.365499976091,4797.286876004172
1791153200,250,,Aggregated,125.800000,0.000000,20,29,36,40,49,58,81,130,510,1300,2200,71079,0,20,27.721598725267455,3.3663000212982297,2186.365499976091,4796.864756116433
1791153201,250,,Aggregated,124.100000,0.000000,20,29,36,40,49,58,81,130,510,1300,2200,71205,0,20,27.733091817898735,3.3663000212982297,2186.365499976091,4797.094572010393
1791153202,250,,Aggregated,124.700000,0.000000,20,29,36,40,49,58,81,130,510,1300,2200,71328,0,20,27.729342640949344,3.3663000212982297,2186.365499976091,4796.931583669807
1791153203,250,,Aggregated,125.100000,0.000000,20,29,36,40,49,58,81,130,510,1300,2200,71451,0,20,27.727355058620464,3.3663000212982297,2186.365499976091,4796.688051951687
1791153204,250,,Aggregated,122.200000,0.000000,20,29,36,40,49,58,81,130,510,1300,2200,71564,0,20,27.720709450197187,3.3663000212982297,2186.365499976091,4796.142012743838
1791153205,250,,Aggregated,124.000000,0.000000,20,29,36,40,49,58,81,130,510,1300,2200,71684,0,20,27.719009890551046,3.3663000212982297,2186.365499976091,4796.579250599855
1791153206,250,,Aggregated,122.900000,0.000000,20,29,36,40,49,58,81,130,510,1300,2200,71817,0,20,27.72533420768826,3.3663000212982297,2186.365499976091,4796.628681231463
1791153207,250,,Aggregated,124.100000,0.000000,20,29,36,40,49,58,81,130,510,1300,2200,71946,0,20,27.73068351810806,3.3663000212982297,2186.365499976091,4796.529953020321
1791153208,250,,Aggregated,122.600000,0.000000,20,29,36,40,49,58,81,140,510,1300,2200,72073,0,20,27.736755909884245,3.3663000212982297,2186.365499976091,4796.38934136223
1791153209,250,,Aggregated,123.800000,0.000000,20,29,36,40,49,58,81,130,510,1300,2200,72188,0,20,27.728565133999346,3.3663000212982297,2186.365499976091,4796.409583310246
1791153210,250,,Aggregated,122.600000,0.000000,20,29,36,40,49,58,81,130,510,1300,2200,72307,0,20,27.719380278448398,3.3663000212982297,2186.365499976091,4796.419655081804
1791153211,250,,Aggregated,123.400000,0.000000,20,29,36,40,49,58,81,140,510,1300,2200,72442,0,20,27.726859446080013,3.3663000212982297,2186.365499976091,4796.067654123299
1791153212,250,,Aggregated,122.300000,0.000000,20,29,36,40,49,58,81,140,510,1300,2200,72558,0,20,27.720349496857306,3.3663000212982297,2186.365499976091,4796.113426500179
1791153213,250,,Aggregated,121.500000,0.000000,20,29,36,40,49,58,81,140,510,1300,2200,72675,0,20,27.72317949216973,3.3663000212982297,2186.365499976091,4795.609508083935
1791153214,250,,Aggregated,123.000000,0.000000,20,29,36,40,49,58,81,130,510,1300,2200,72794,0,20,27.718798742931217,3.3663000212982297,2186.365499976091,4796.179891199824
1791153215,250,,Aggregated,122.600000,0.000000,20,29,36,40,49,58,81,130,510,1300,2200,72918,0,20,27.714919276341142,3.3663000212982297,2186.365499976091,4795.911571902685
1791153216,250,,Aggregated,122.400000,0.000000,20,29,36,40,49,58,82,140,500,1300,2200,73054,0,20,27.756946802255268,3.3663000212982297,2186.365499976091,4796.284241793742
1791153217,250,,Aggregated,120.800000,0.000000,20,29,36,40,49,58,82,140,500,1300,2200,73172,0,20,27.75143643732407,3.3663000212982297,2186.365499976091,4796.188487399551
1791153218,250,,Aggregated,122.900000,0.000000,20,29,36,40,49,58,82,140,500,1300,2200,73302,0,20,27.743666665204515,3.3663000212982297,2186.365499976091,4796.342801014979
1791153219,250,,Aggregated,121.200000,0.000000,20,29,36,40,49,58,82,140,500,1300,2200,73438,0,20,27.75159947156408,3.3663000212982297,2186.365499976091,4796.266238187314
1791153220,250,,Aggregated,122.200000,0.000000,20,29,36,40,49,58,82,140,500,1300,2200,73538,0,20,27.749506431946926,3.3663000212982297,2186.365499976091,4796.348105741249
1791153221,250,,Aggregated,121.300000,0.000000,20,29,36,40,49,58,82,140,500,1300,2200,73671,0,20,27.749312460711113,3.3663000212982297,2186.365499976091,4796.344653934384
1791153222,250,,Aggregated,123.600000,0.000000,20,29,36,40,49,58,82,140,500,1300,2200,73794,0,20,27.75668028422137,3.3663000212982297,2186.365499976091,4796.336057132016
1791153224,250,,Aggregated,120.800000,0.000000,20,29,36,40,49,58,82,140,500,1300,2200,73909,0,20,27.768710050113885,3.3663000212982297,2186.365499976091,4796.455790228524
