Timestamp,User Count,Type,Name,Requests/s,Failures/s,50%,66%,75%,80%,90%,95%,98%,99%,99.9%,99.99%,100%,Total Request Count,Total Failure Count,Total Median Response Time,Total Average Response Time,Total Min Response Time,Total Max Response Time,Total Average Content Size
1791076895,0,,Aggregated,0.000000,0.000000,N/A,N/A,N/A,N/A,N/A,N/A,N/A,N/A,N/A,N/A,N/A,0,0,0,0.0,0,0,0
1791076896,25,,Aggregated,0.000000,0.000000,690,690,690,690,690,690,690,690,690,690,690,1,0,692.8669999470003,692.8669999470003,692.8669999470003,692.8669999470003,5700.0
1791076897,75,,Aggregated,0.000000,0.000000,830,830,830,830,830,830,830,830,830,830,830,2,0,692.8669999470003,762.3705999867525,692.8669999470003,831.8742000265047,3221.5
1791076899,100,,Aggregated,0.500000,0.000000,1500,1900,2500,2500,2600,2600,2600,2600,2600,2600,2600,86,0,1500,1390.6284558172554,100.28020001482219,2608.7255000020377,5195.837209302325
1791076900,125,,Aggregated,0.666667,0.000000,1100,1500,1800,1900,2500,2600,2600,2600,3000,3000,3000,162,0,1100,1165.9826925947807,61.16400001337752,2965.4566000099294,5275.814814814815
1791076901,150,,Aggregated,14.250000,0.000000,860,1300,1500,1700,2500,2600,2600,2600,3000,3000,3000,255,0,860,1001.3608749026853,55.45450001955032,2965.4566000099294,5205.564705882353
1791076902,175,,Aggregated,26.000000,0.000000,820,1100,1400,1500,2000,2500,2600,2600,3000,3000,3000,317,0,820,928.8706946376218,55.45450001955032,2965.4566000099294,5138.4069400630915
1791076903,200,,Aggregated,38.333333,0.000000,730,1100,1400,1500,1900,2500,2600,2600,3000,3000,3000,374,0,730,884.4679398401479,55.45450001955032,2965.4566000099294,5059.986631016042
1791076904,225,,Aggregated,40.857143,0.000000,710,1100,1500,1500,2100,2500,2600,2700,3500,3500,3500,429,0,710,907.4790305367102,55.45450001955032,3480.707100010477,5057.468531468531
1791076905,250,,Aggregated,43.250000,0.000000,670,1100,1400,1600,2200,2500,2900,3100,5200,5200,5200,490,0,660,917.1452179599829,55.45450001955032,5170.5880999797955,5038.877551020408
1791076906,275,,Aggregated,44.111111,0.000000,630,1100,1500,1800,2500,3000,3500,4300,5200,5200,5200,578,0,610,988.8173358127793,55.45450001955032,5170.5880999797955,5013.273356401384
1791076907,300,,Aggregated,44.700000,0.000000,590,1200,1500,1900,2600,3200,4100,4900,6100,6100,6100,664,0,590,1043.2971575298643,55.45450001955032,6080.024200025946,4997.856927710844
1791076908,325,,Aggregated,52.900000,0.000000,550,1100,1500,1900,2600,3300,4100,4700,6100,6100,6100,726,0,550,1031.148960467841,55.45450001955032,6080.024200025946,5022.046831955923
1791076909,350,,Aggregated,61.400000,0.000000,530,1100,1500,1900,2800,3300,4300,5100,7400,7400,7400,802,0,530,1054.1619867822499,55.45450001955032,7374.999799998477,5039.664588528678
1791076910,375,,Aggregated,68.100000,0.000000,510,1100,1500,2100,3100,3800,5400,5900,8200,8200,8200,878,0,510,1120.7813002265393,55.45450001955032,8233.511300000828,5023.129840546697
1791076911,400,,Aggregated,69.700000,0.000000,480,1000,1500,2100,3100,4000,5800,6100,8200,8200,8200,946,0,480,1128.5533267432054,55.45450001955032,8233.511300000828,5035.6511627906975
1791076912,425,,Aggregated,69.700000,0.000000,480,1000,1500,2100,3300,4200,5900,7000,8800,9100,9100,1007,0,480,1163.807546076214,55.45450001955032,9092.330799961928,5047.537239324727
1791076913,450,,Aggregated,66.700000,0.000000,470,930,1500,2000,3200,4300,5900,7400,9100,9900,9900,1065,0,470,1154.7157724871095,55.45450001955032,9929.830399982166,5053.101408450704
1791076914,475,,Aggregated,68.200000,0.000000,470,900,1500,2000,3300,4600,6600,7600,9100,9900,9900,1126,0,470,1177.4669931604953,55.45450001955032,9929.830399982166,5070.540852575488
1791076915,500,,Aggregated,67.800000,0.000000,450,870,1500,2000,3400,5100,6800,8100,11000,12000,12000,1185,0,450,1215.4103368764866,55.45450001955032,11592.664900003001,5050.620253164557
1791076916,525,,Aggregated,68.600000,0.000000,460,880,1500,2100,3800,5900,7700,9600,12000,12000,12000,1259,0,460,1316.6350587763075,55.45450001955032,12128.80430003861,5077.466243050039
1791076917,550,,Aggregated,69.700000,0.000000,440,880,1500,2300,4200,6500,9100,11000,13000,14000,14000,1351,0,440,1429.048315025661,55.45450001955032,14177.681799978018,5060.877128053294
1791076918,575,,Aggregated,67.400000,0.000000,420,880,1600,2400,5000,6900,10000,11000,14000,15000,15000,1430,0,420,1526.339649020774,55.45450001955032,14967.613300017547,5047.772727272727
1791076919,600,,Aggregated,66.700000,0.000000,440,870,1600,2500,5700,7100,10000,12000,15000,18000,18000,1517,0,440,1566.4792887933415,55.45450001955032,17837.615599972196,5057.25840474621
1791076920,625,,Aggregated,69.600000,0.000000,430,860,1600,2500,5900,7400,11000,12000,18000,19000,19000,1606,0,430,1641.0363906601433,55.45450001955032,19254.87330002943,5073.122042341221
1791076921,650,,Aggregated,70.100000,0.000000,410,870,1600,2500,6500,7800,12000,13000,19000,19000,19000,1693,0,410,1727.5787251034317,55.45450001955032,19254.87330002943,5073.667454223272
1791076922,675,,Aggregated,71.000000,0.000000,400,830,1600,2500,6600,8100,12000,13000,19000,19000,19000,1765,0,400,1762.6803630595584,55.45450001955032,19254.87330002943,5082.618130311615
1791076923,700,,Aggregated,72.400000,0.000000,390,800,1500,2500,6600,8300,12000,13000,19000,19000,19000,1856,0,390,1766.8573565735078,55.45450001955032,19254.87330002943,5079.542025862069
1791076924,725,,Aggregated,73.800000,0.000000,390,810,1500,2500,6900,8800,13000,14000,19000,20000,20000,1942,0,390,1832.8313111743255,55.45450001955032,20298.953699995764,5076.030895983522
1791076925,750,,Aggregated,75.800000,0.000000,380,800,1600,2600,7100,9200,13000,15000,19000,24000,24000,2028,0,380,1892.7784753947049,55.45450001955032,23911.699299991596,5087.0197238658775
1791076926,775,,Aggregated,78.400000,0.000000,360,770,1500,2600,7200,9400,13000,15000,22000,24000,24000,2121,0,360,1930.982286468905,55.45450001955032,23911.699299991596,5080.529938708157
1791076927,800,,Aggregated,81.000000,0.000000,360,750,1500,2600,7600,9600,14000,16000,23000,24000,24000,2218,0,360,2021.9926312895664,55.45450001955032,23911.699299991596,5067.651036970244
1791076928,825,,Aggregated,83.500000,0.000000,360,750,1600,2700,7800,9900,15000,17000,23000,24000,24000,2293,0,360,2083.143551024932,55.45450001955032,23911.699299991596,5066.634539904056
1791076929,850,,Aggregated,84.600000,0.000000,360,710,1500,2700,7800,9900,15000,18000,23000,24000,24000,2364,0,360,2088.798340693714,55.45450001955032,24349.19209999498,5071.6641285956
1791076930,875,,Aggregated,84.300000,0.000000,360,700,1500,2600,7900,10000,15000,18000,23000,24000,24000,2428,0,360,2083.3863173392533,55.45450001955032,24349.19209999498,5075.972817133443
1791076931,900,,Aggregated,83.900000,0.000000,360,700,1500,2700,8300,11000,16000,19000,24000,26000,26000,2507,0,360,2173.0648165535995,55.45450001955032,25512.290499988012,5085.6892700438775
1791076933,925,,Aggregated,82.800000,0.000000,350,690,1500,2900,8800,11000,16000,19000,26000,30000,30000,2606,1,350,2262.4009051803737,55.45450001955032,30236.088100005873,5093.364927091327
1791076934,950,,Aggregated,80.100000,0.000000,360,700,1600,3000,9100,12000,18000,19000,26000,31000,31000,2666,3,360,2337.747359339881,55.45450001955032,31228.086999966763,5087.252438109527
1791076935,975,,Aggregated,82.400000,0.100000,360,690,1500,3000,9200,12000,18000,20000,30000,31000,31000,2743,4,360,2367.375276959629,55.45450001955032,31228.086999966763,5092.112285818447
1791076936,1000,,Aggregated,0.000000,0.000000,540,1700,13000,13000,22000,26000,31000,31000,31000,31000,31000,37,2,540,5790.387032429272,121.80419999640435,30942.22520000767,4732.864864864865
1791076937,1000,,Aggregated,0.000000,0.000000,550,1000,1700,2300,22000,31000,31000,31000,31000,31000,31000,82,9,550,4801.770818290562,120.29430002439767,31414.337900001556,4663.926829268293
1791076938,1000,,Aggregated,35.000000,2.000000,600,1000,1400,2000,26000,31000,31000,31000,31000,31000,31000,137,19,600,4893.366325545944,120.29430002439767,31415.79090000596,4507.423357664234
1791076939,1000,,Aggregated,41.000000,4.500000,610,1100,1700,3100,30000,31000,31000,31000,31000,31000,31000,180,26,600,5162.137298331881,120.29430002439767,31415.79090000596,4492.572222222222
1791076940,1000,,Aggregated,43.000000,5.333333,610,1200,1800,13000,31000,31000,31000,31000,32000,32000,32000,215,34,610,5807.898057672076,119.50609995983541,31636.400400020648,4497.176744186047
1791076941,1000,,Aggregated,42.500000,5.750000,710,1200,2100,14000,31000,31000,31000,32000,32000,32000,32000,260,45,710,6273.6702630750815,119.50609995983541,31923.190200002864,4420.488461538462
1791076942,1000,,Aggregated,42.000000,6.400000,830,1400,13000,22000,31000,31000,32000,32000,32000,32000,32000,300,70,810,7536.5396756643895,119.50609995983541,31923.190200002864,4073.576666666667
1791076943,1000,,Aggregated,42.000000,7.333333,840,1600,16000,22000,31000,31000,32000,32000,32000,32000,32000,338,78,840,7811.6187863888845,74.7257000184618,31923.190200002864,4105.127218934911
1791076944,1000,,Aggregated,41.571429,9.142857,870,1700,17000,26000,31000,31000,32000,32000,32000,32000,32000,382,98,860,8137.441093454238,74.7257000184618,32196.631099970546,3952.9607329842934
1791076945,1000,,Aggregated,42.125000,9.625000,870,1700,17000,26000,31000,31000,32000,32000,32000,32000,32000,412,107,870,8130.45259053269,74.7257000184618,32196.631099970546,3939.150485436893
1791076946,1000,,Aggregated,41.222222,10.222222,900,1900,18000,31000,31000,31000,32000,32000,32000,32000,32000,446,122,890,8566.508565020915,74.7257000184618,32232.41339996457,3877.5560538116592
1791076947,1000,,Aggregated,40.700000,10.500000,980,2200,21000,31000,31000,32000,32000,32000,33000,33000,33000,478,139,980,9060.993031797969,74.7257000184618,32543.814299977385,3800.6401673640166
1791076948,1000,,Aggregated,40.100000,11.500000,1100,2600,24000,31000,31000,32000,32000,32000,33000,33000,33000,520,164,1100,9602.716103844929,74.7257000184618,32728.195199975744,3650.451923076923
1791076949,1000,,Aggregated,39.200000,12.800000,1300,3800,31000,31000,32000,32000,32000,32000,33000,33000,33000,575,197,1300,10348.071442260098,74.7257000184618,32728.195199975744,3525.622608695652
1791076950,1000,,Aggregated,38.300000,14.100000,1300,13000,31000,31000,32000,32000,32000,32000,33000,33000,33000,610,220,1300,10708.760140326964,74.7257000184618,32728.195199975744,3440.216393442623
1791076951,1000,,Aggregated,37.400000,15.500000,1400,18000,31000,31000,32000,32000,32000,32000,33000,33000,33000,651,248,1400,11367.513511058964,74.7257000184618,32728.195199975744,3333.6021505376343
1791076952,1000,,Aggregated,38.500000,18.400000,1400,23000,31000,31000,32000,32000,32000,32000,33000,33000,33000,714,294,1400,11959.245346077725,74.7257000184618,32728.195199975744,3168.063025210084
1791076953,1000,,Aggregated,37.300000,18.400000,1500,26000,31000,31000,32000,32000,32000,32000,33000,33000,33000,766,327,1500,12286.220956918522,74.7257000184618,32728.195199975744,3078.0522193211486
1791076954,1000,,Aggregated,40.000000,21.400000,1600,28000,31000,31000,32000,32000,32000,32000,33000,33000,33000,793,344,1600,12698.277377174594,74.7257000184618,32728.195199975744,3041.829760403531
1791076955,1000,,Aggregated,42.200000,24.500000,1700,31000,31000,31000,32000,32000,32000,32000,33000,33000,33000,834,375,1700,13091.052116905876,74.7257000184618,32728.195199975744,2953.603117505995
1791076956,1000,,Aggregated,42.200000,24.500000,1800,31000,31000,31000,32000,32000,32000,33000,33000,33000,33000,866,394,1700,13230.090149306518,74.7257000184618,32728.195199975744,2932.889145496536
1791076957,1000,,Aggregated,40.200000,25.300000,2000,31000,31000,32000,32000,32000,33000,33000,33000,33000,33000,943,453,2000,13732.942613043006,74.7257000184618,32749.458500009496,2801.064687168611
1791076958,1000,,Aggregated,43.000000,27.700000,2000,31000,31000,32000,32000,32000,33000,33000,33000,33000,33000,956,460,2000,13599.356302405466,43.294600036460906,32749.458500009496,2794.031380753138
1791076959,1000,,Aggregated,44.100000,29.500000,2500,31000,32000,32000,32000,32000,33000,33000,33000,34000,34000,1036,533,2500,14514.48721756704,43.294600036460906,33509.77099995362,2615.6602316602316
1791076960,1000,,Aggregated,43.600000,29.900000,2700,31000,32000,32000,32000,33000,33000,33000,33000,34000,34000,1069,553,2700,14610.89658924188,43.294600036460906,33509.77099995362,2606.4396632366697
1791076961,1000,,Aggregated,46.500000,33.100000,2700,31000,32000,32000,32000,33000,33000,33000,34000,34000,34000,1159,638,2700,14802.715939171121,43.294600036460906,33711.66229998926,2425.6074201898186
1791076962,1000,,Aggregated,46.700000,33.700000,3000,31000,32000,32000,33000,33000,33000,34000,34000,34000,34000,1241,711,3000,15076.334296051376,43.294600036460906,34136.0387999448,2309.22159548751
1791076963,1000,,Aggregated,49.700000,37.500000,3200,31000,32000,32000,33000,33000,34000,34000,34000,34000,34000,1351,810,3200,15490.546693930197,43.294600036460906,34136.0387999448,2169.108068097705
1791076964,1000,,Aggregated,52.100000,40.500000,2800,31000,32000,32000,33000,33000,34000,34000,34000,34000,34000,1489,938,2800,15179.263931161608,43.294600036460906,34136.0387999448,2004.1242444593688
1791076965,1000,,Aggregated,54.600000,44.800000,2700,31000,32000,32000,33000,33000,34000,34000,34000,34000,34000,1616,1056,2700,15103.658340841455,43.294600036460906,34136.0387999448,1876.7704207920792
1791076966,1000,,Aggregated,62.600000,52.700000,2500,31000,32000,32000,33000,33000,34000,34000,34000,34000,34000,1735,1174,2500,15041.053873314166,43.294600036460906,34136.0387999448,1752.0455331412104
1791076967,1000,,Aggregated,74.600000,63.900000,2200,31000,32000,32000,33000,33000,34000,34000,34000,34000,34000,1857,1285,2200,14618.842305061984,43.294600036460906,34136.0387999448,1662.0630048465266
1791076968,1000,,Aggregated,79.700000,70.900000,2100,31000,32000,32000,33000,33000,34000,34000,34000,34000,34000,1973,1398,2100,14214.350571109899,43.294600036460906,34136.0387999448,1573.3208312214902
1791076969,1000,,Aggregated,88.000000,79.600000,2100,31000,32000,32000,33000,33000,34000,34000,35000,35000,35000,2129,1546,2100,13924.399589572442,43.294600036460906,34911.49369999766,1480.3273837482386
1791076970,1000,,Aggregated,95.800000,87.500000,2100,31000,32000,32000,33000,33000,34000,34000,35000,35000,35000,2276,1686,2100,13514.899816827708,43.294600036460906,35128.21110000368,1402.567662565905
1791076971,1000,,Aggregated,103.000000,95.100000,2100,31000,32000,32000,33000,33000,34000,34000,36000,36000,36000,2481,1872,2100,13304.458183958015,43.294600036460906,35776.70449996367,1326.4260378879485
1791076972,1000,,Aggregated,112.500000,104.900000,2100,31000,32000,32000,33000,33000,34000,34000,36000,36000,36000,2622,1974,2100,13060.564707513338,43.294600036460906,35776.70449996367,1324.3924485125858
1791076973,1000,,Aggregated,120.800000,113.500000,2100,28000,32000,32000,33000,33000,34000,34000,36000,36000,36000,2804,2096,2100,12843.479342011384,43.294600036460906,35776.70449996367,1327.506062767475
1791076974,1000,,Aggregated,132.900000,123.400000,2100,22000,32000,32000,33000,33000,34000,34000,36000,36000,36000,2932,2196,2100,12527.422418076336,43.294600036460906,35776.70449996367,1318.825034106412
1791076975,1000,,Aggregated,136.000000,123.000000,2100,21000,31000,32000,33000,33000,34000,34000,36000,36000,36000,3045,2253,2100,12318.662723284146,43.294600036460906,35776.70449996367,1366.791133004926
1791076977,1000,,Aggregated,137.800000,119.900000,2100,18000,31000,32000,33000,33000,34000,34000,36000,36000,36000,3265,2415,2100,11883.15249678446,43.294600036460906,35776.70449996367,1361.7932618683
1791076978,1000,,Aggregated,138.200000,115.000000,2100,6100,31000,32000,33000,33000,34000,34000,36000,36000,36000,3417,2532,2100,11546.955293591216,43.294600036460906,35776.70449996367,1352.7325139010827
1791076979,1000,,Aggregated,141.000000,112.800000,2100,3900,31000,32000,33000,33000,34000,34000,36000,36000,36000,3564,2621,2100,11279.978775926247,43.294600036460906,35776.70449996367,1378.7351290684624
1791076980,1000,,Aggregated,149.500000,119.000000,2100,3400,31000,32000,33000,33000,34000,34000,36000,36000,36000,3696,2691,2100,11061.535594074894,43.294600036460906,35776.70449996367,1416.9431818181818
1791076981,1000,,Aggregated,150.500000,115.500000,2100,3200,30000,31000,33000,33000,34000,34000,36000,36000,36000,3849,2796,2100,10849.712522135807,43.294600036460906,35776.70449996367,1422.5128604832423
1791076982,1000,,Aggregated,147.000000,107.500000,2100,3000,29000,31000,33000,33000,34000,34000,36000,36000,36000,4025,2927,2100,10538.333426857327,43.294600036460906,35776.70449996367,1411.7493167701864
1791076983,1000,,Aggregated,147.100000,102.600000,2100,2900,28000,31000,33000,33000,34000,34000,36000,37000,37000,4126,2991,2100,10389.915198570263,43.294600036460906,36647.02830003807,1424.6694134755212
1791076984,1000,,Aggregated,138.300000,91.000000,2100,2800,26000,31000,33000,33000,34000,34000,36000,37000,37000,4254,3070,2100,10195.529889892085,43.294600036460906,36974.45690003224,1444.3589562764457
1791076985,1000,,Aggregated,144.000000,97.700000,2100,2700,23000,31000,33000,33000,34000,34000,37000,37000,37000,4414,3171,2100,9990.629952628164,43.294600036460906,36974.45690003224,1464.9152695967377
1791076986,1000,,Aggregated,140.800000,94.500000,2100,2600,22000,31000,33000,33000,34000,34000,37000,38000,38000,4557,3257,2100,9878.437003050365,43.294600036460906,37621.545500005595,1476.3726135615536
1791076987,1000,,Aggregated,142.900000,94.600000,2100,2500,21000,31000,33000,33000,34000,34000,37000,38000,38000,4721,3322,2100,9738.649202203138,43.294600036460906,37621.545500005595,1531.8640118618937
1791076988,1000,,Aggregated,145.200000,96.900000,2100,2500,21000,30000,32000,33000,34000,34000,37000,38000,38000,4852,3376,2100,9613.267216776763,43.294600036460906,37621.545500005595,1573.2087798845837
1791076989,1000,,Aggregated,143.900000,93.700000,2100,2400,20000,30000,32000,33000,34000,34000,37000,38000,38000,5001,3444,2100,9473.933221275938,43.294600036460906,37621.545500005595,1612.5184963007398
1791076990,1000,,Aggregated,138.000000,82.900000,2100,2400,17000,30000,32000,33000,34000,34000,37000,38000,38000,5137,3488,2100,9313.100075374936,43.294600036460906,37621.545500005595,1661.0607358380378
1791076991,1000,,Aggregated,138.000000,79.000000,2100,2400,14000,29000,32000,33000,34000,34000,37000,38000,38000,5244,3527,2100,9187.168944393778,43.294600036460906,37621.545500005595,1695.9473684210527
1791076992,1000,,Aggregated,141.300000,79.900000,2100,2300,13000,29000,32000,33000,34000,34000,38000,43000,43000,5366,3583,2100,9034.93015096931,43.294600036460906,42659.20599998208,1723.7281028699217
1791076993,1000,,Aggregated,138.800000,74.200000,2100,2300,12000,28000,32000,33000,34000,34000,38000,43000,43000,5478,3625,2100,8902.355530248518,43.294600036460906,42659.20599998208,1754.0127783862724
1791076994,1000,,Aggregated,137.700000,72.700000,2100,2300,11000,27000,32000,33000,34000,34000,38000,43000,43000,5601,3653,2100,8807.093139636001,43.294600036460906,42659.20599998208,1801.035350830209
1791076995,1000,,Aggregated,131.700000,63.100000,2100,2300,10000,26000,32000,33000,34000,34000,38000,46000,46000,5690,3678,2100,8745.938538436094,43.294600036460906,45818.71169997612,1830.8927943760984
1791076996,1000,,Aggregated,132.600000,59.700000,2100,2300,9800,23000,32000,33000,34000,34000,39000,46000,46000,5803,3705,2100,8627.825169739921,43.294600036460906,45818.71169997612,1879.1151128726522
1791076997,1000,,Aggregated,127.900000,51.800000,2100,2300,9800,22000,32000,33000,34000,34000,40000,46000,46000,5944,3727,2100,8586.195376716061,43.294600036460906,45818.71169997612,1939.6460296096905
1791076998,1000,,Aggregated,122.600000,46.600000,2100,2300,9800,22000,32000,33000,34000,35000,47000,47000,47000,6058,3738,2100,8563.89747192151,43.294600036460906,47167.33059997205,1996.767084846484
1791076999,1000,,Aggregated,120.700000,42.800000,2100,2300,9900,22000,32000,33000,34000,35000,47000,47000,47000,6165,3740,2100,8543.871811419367,43.294600036460906,47167.33059997205,2051.432765612328
1791077000,1000,,Aggregated,121.200000,38.600000,2100,2300,9800,22000,32000,33000,34000,35000,47000,47000,47000,6214,3741,2100,8492.842734889044,43.294600036460906,47167.33059997205,2076.7481493401997
1791077001,1000,,Aggregated,117.600000,33.400000,2100,2300,9600,21000,32000,33000,34000,35000,47000,47000,47000,6327,3741,2100,8398.422691955184,43.294600036460906,47167.33059997205,2136.280701754386
1791077002,1000,,Aggregated,110.200000,26.400000,2100,2300,9600,21000,32000,33000,34000,35000,47000,47000,47000,6406,3742,2100,8363.943935654093,43.294600036460906,47167.33059997205,2173.475960037465
1791077003,1000,,Aggregated,106.000000,23.500000,2100,2300,9500,21000,32000,33000,34000,35000,47000,49000,49000,6496,3742,2100,8332.64103666871,43.294600036460906,48869.14560000878,2215.4013238916255
1791077004,1000,,Aggregated,105.300000,18.700000,2100,2300,9500,21000,32000,33000,34000,35000,47000,51000,51000,6603,3743,2100,8267.569539936401,43.294600036460906,50728.203399979975,2261.203998182644
1791077005,1000,,Aggregated,100.300000,13.400000,2100,2300,9500,21000,32000,33000,34000,35000,47000,51000,51000,6668,3752,2100,8256.318877609445,17.604900000151247,50728.203399979975,2284.2021595680862
1791077006,1000,,Aggregated,99.000000,10.400000,2100,2300,9500,21000,32000,33000,34000,35000,47000,52000,52000,6752,3763,2100,8253.106916409908,17.604900000151247,52144.00879997993,2314.547541469194
1791077007,1000,,Aggregated,97.600000,8.300000,2100,2300,9400,21000,32000,33000,34000,35000,51000,52000,52000,6810,3766,2100,8224.089528002904,17.604900000151247,52329.58589994814,2339.5672540381793
1791077008,1000,,Aggregated,96.300000,6.400000,2100,2300,9400,20000,32000,33000,34000,35000,52000,52000,52000,6878,3773,2100,8193.0699755161,17.604900000151247,52329.58589994814,2364.8772899098576
1791077009,1000,,Aggregated,90.400000,4.200000,2100,2300,9400,20000,32000,33000,34000,35000,52000,53000,53000,6933,3776,2100,8182.110314409331,17.604900000151247,52590.362400049344,2387.344439636521
1791077010,1000,,Aggregated,82.800000,3.400000,2100,2300,9400,20000,32000,33000,34000,35000,52000,53000,53000,6993,3778,2100,8160.482051737439,17.604900000151247,52763.87760002399,2409.994565994566
1791077011,1000,,Aggregated,78.400000,3.400000,2100,2300,9400,20000,32000,33000,34000,35000,52000,53000,53000,7043,3785,2100,8168.185602853897,17.604900000151247,52941.28010002896,2423.950163282692
1791077012,1000,,Aggregated,77.700000,3.600000,2100,2300,9500,20000,32000,33000,34000,36000,52000,53000,53000,7076,3793,2100,8181.919091110804,17.604900000151247,52941.28010002896,2432.56995477671
1791077013,1000,,Aggregated,75.100000,3.800000,2100,2200,9500,20000,32000,33000,34000,36000,52000,53000,53000,7137,3805,2100,8194.19055495303,17.604900000151247,52941.28010002896,2450.53607958526
1791077014,1000,,Aggregated,68.900000,4.400000,2100,2200,9500,20000,32000,33000,34000,36000,52000,53000,53000,7161,3814,2100,8213.409685686329,17.604900000151247,52941.28010002896,2453.737606479542
1791077016,1000,,Aggregated,65.100000,5.100000,2100,2300,9700,21000,32000,33000,34000,37000,52000,53000,53000,7199,3830,2100,8257.447168481742,17.604900000151247,52941.28010002896,2458.831504375608
1791077017,1000,,Aggregated,60.900000,6.300000,2100,2300,9700,21000,32000,33000,34000,37000,52000,53000,53000,7243,3839,2100,8267.98850347924,17.604900000151247,52941.28010002896,2471.4572690873947
1791077018,1000,,Aggregated,51.300000,7.800000,2100,2300,9900,21000,32000,33000,34000,38000,52000,53000,53000,7276,3857,2100,8333.88339527214,17.604900000151247,52941.28010002896,2471.3262781748213
1791077019,1000,,Aggregated,51.300000,7.800000,2100,2300,10000,21000,32000,33000,34000,39000,52000,53000,53000,7325,3872,2100,8378.447843563168,17.604900000151247,52941.28010002896,2481.4096928327644
1791077020,1000,,Aggregated,48.800000,7.600000,2100,2300,10000,21000,32000,33000,34000,40000,52000,53000,53000,7366,3882,2100,8408.351506692952,17.604900000151247,52941.28010002896,2490.063535161553
1791077021,1000,,Aggregated,44.100000,9.900000,2100,2300,10000,21000,32000,33000,34000,40000,52000,53000,53000,7412,3903,2100,8476.175399662718,17.604900000151247,52941.28010002896,2493.6558283864006
1791077022,1000,,Aggregated,44.100000,9.900000,2100,2300,10000,21000,32000,33000,34000,41000,52000,53000,53000,7436,3914,2100,8518.942643908034,17.604900000151247,52941.28010002896,2494.5884884346424
1791077023,1000,,Aggregated,39.900000,12.100000,2100,2300,11000,21000,32000,33000,34000,41000,52000,53000,53000,7481,3928,2100,8547.811565151738,17.604900000151247,52941.28010002896,2502.3431359443925
1791077024,1000,,Aggregated,39.300000,12.900000,2100,2300,11000,22000,32000,33000,35000,41000,52000,53000,53000,7545,3956,2100,8622.0808041087,17.604900000151247,52941.28010002896,2507.0873426110006
1791077025,1000,,Aggregated,39.600000,13.000000,2100,2300,11000,22000,32000,33000,36000,41000,52000,53000,53000,7574,3964,2100,8659.302377039901,17.604900000151247,52941.28010002896,2513.3600475310272
1791077026,1000,,Aggregated,40.400000,15.000000,2100,2300,11000,22000,32000,33000,36000,41000,52000,53000,53000,7603,3971,2100,8678.932074812603,17.604900000151247,52941.28010002896,2519.499539655399
1791077027,1000,,Aggregated,40.300000,14.800000,2100,2300,11000,22000,32000,33000,37000,41000,52000,53000,53000,7646,3989,2100,8732.11390881514,17.604900000151247,52941.28010002896,2523.915903740518
1791077028,1000,,Aggregated,39.500000,14.000000,2100,2400,12000,23000,32000,33000,37000,41000,52000,53000,53000,7731,4031,2100,8868.971120670134,7.752700010314584,52941.28010002896,2527.006726167378
1791077029,1000,,Aggregated,39.600000,15.000000,2100,2400,13000,24000,32000,33000,39000,41000,52000,53000,53000,7830,4058,2100,9018.965609872355,7.752700010314584,52941.28010002896,2539.3031928480204
1791077030,1000,,Aggregated,44.700000,17.400000,2100,2600,13000,26000,32000,33000,39000,41000,52000,53000,53000,7936,4066,2100,9135.961979725353,7.752700010314584,52941.28010002896,2561.225050403226
1791077031,1000,,Aggregated,48.200000,17.900000,2100,2700,13000,27000,32000,33000,39000,41000,52000,53000,53000,8010,4079,2100,9193.331836716707,7.752700010314584,52941.28010002896,2578.816229712859
1791077032,1000,,Aggregated,53.900000,18.400000,2100,2800,13000,28000,32000,33000,39000,41000,52000,53000,53000,8100,4113,2100,9247.371222345779,7.752700010314584,52941.28010002896,2588.7427160493826
1791077033,1000,,Aggregated,59.300000,17.600000,2100,2800,14000,29000,32000,33000,39000,41000,52000,53000,53000,8190,4152,2100,9333.823603675333,7.752700010314584,52941.28010002896,2595.716971916972
1791077034,1000,,Aggregated,63.300000,18.900000,2100,2800,14000,29000,32000,33000,39000,41000,52000,53000,53000,8276,4192,2100,9406.68046707362,7.752700010314584,52941.28010002896,2599.9288303528274
1791077035,1000,,Aggregated,69.300000,21.700000,2100,2900,15000,30000,32000,33000,39000,41000,52000,53000,53000,8345,4221,2100,9455.140141462105,7.752700010314584,52941.28010002896,2605.408388256441
1791077036,1000,,Aggregated,70.900000,22.200000,2100,3000,16000,30000,32000,33000,39000,41000,52000,53000,53000,8444,4261,2100,9517.905171755225,7.752700010314584,52941.28010002896,2613.910942681194
1791077037,1000,,Aggregated,74.600000,24.700000,2100,3000,17000,30000,32000,33000,39000,41000,52000,53000,53000,8573,4322,2100,9577.17932533552,7.752700010314584,52941.28010002896,2615.627668260819
1791077038,1000,,Aggregated,82.200000,27.600000,2100,3000,17000,30000,32000,33000,39000,41000,52000,53000,53000,8666,4352,2100,9594.440311747247,7.752700010314584,52941.28010002896,2627.1678975305795
1791077039,1000,,Aggregated,89.100000,31.900000,2100,3100,17000,30000,32000,33000,39000,41000,52000,53000,53000,8761,4386,2100,9602.468347449078,7.752700010314584,52941.28010002896,2634.577103070426
1791077040,1000,,Aggregated,90.400000,31.400000,2100,3000,17000,30000,32000,33000,39000,41000,52000,53000,53000,8858,4441,2100,9591.8440075414,7.752700010314584,52941.28010002896,2629.9345224655676
1791077041,1000,,Aggregated,91.500000,31.900000,2100,3000,17000,30000,32000,33000,39000,41000,52000,53000,53000,8950,4483,2100,9595.86456497221,7.752700010314584,52941.28010002896,2634.388491620112
1791077042,1000,,Aggregated,90.500000,34.300000,2100,3100,17000,30000,32000,33000,40000,41000,52000,53000,53000,9102,4530,2100,9626.399081410791,7.752700010314584,52941.28010002896,2651.885190068117
1791077043,1000,,Aggregated,91.400000,38.500000,2100,3100,18000,30000,32000,33000,40000,42000,52000,53000,53000,9227,4559,2100,9649.42234524777,7.752700010314584,52941.28010002896,2667.0170152812398
1791077044,1000,,Aggregated,96.600000,41.200000,2100,3100,17000,30000,32000,33000,40000,42000,52000,53000,53000,9318,4592,2100,9619.809161300856,7.752700010314584,52941.28010002896,2676.1052801030264
1791077045,1000,,Aggregated,98.700000,40.500000,2100,3000,16000,30000,32000,33000,40000,42000,52000,53000,53000,9446,4617,2100,9575.260754848707,7.752700010314584,52941.28010002896,2700.2246453525304
1791077046,1000,,Aggregated,101.100000,39.600000,2100,3000,15000,30000,32000,33000,40000,42000,52000,53000,53000,9564,4648,2100,9552.125214010952,7.752700010314584,52941.28010002896,2712.6441865328316
1791077047,1000,,Aggregated,103.300000,39.500000,2100,3100,15000,30000,32000,33000,40000,42000,52000,53000,53000,9673,4661,2100,9543.406399638228,7.752700010314584,52941.28010002896,2734.1897032978395
1791077048,1000,,Aggregated,107.400000,38.400000,2100,3000,14000,29000,32000,33000,40000,42000,52000,53000,53000,9789,4679,2100,9496.61328423747,7.752700010314584,52941.28010002896,2754.1509858003883
1791077049,1000,,Aggregated,108.600000,35.100000,2100,3000,14000,29000,32000,33000,40000,41000,52000,53000,53000,9908,4698,2100,9454.184619792184,7.752700010314584,52941.28010002896,2776.178845377473
1791077050,1000,,Aggregated,109.100000,32.400000,2100,3000,14000,29000,32000,33000,40000,41000,52000,53000,53000,9994,4701,2100,9432.735696648093,7.752700010314584,52941.28010002896,2794.425855513308
1791077051,1000,,Aggregated,110.000000,31.700000,2100,3000,14000,29000,32000,33000,40000,42000,52000,53000,53000,10079,4708,2100,9403.617169778843,7.752700010314584,52941.28010002896,2812.5295168171447
1791077052,1000,,Aggregated,112.800000,29.200000,2100,3000,14000,28000,32000,33000,39000,41000,52000,53000,53000,10214,4714,2100,9371.386694488048,7.752700010314584,52941.28010002896,2841.812022713922
1791077053,1000,,Aggregated,112.600000,24.300000,2100,3100,14000,28000,32000,33000,39000,41000,52000,53000,53000,10307,4716,2100,9370.918206636366,7.752700010314584,52941.28010002896,2861.6961288444745
1791077054,1000,,Aggregated,108.700000,19.600000,2100,3000,14000,28000,32000,33000,40000,42000,52000,53000,53000,10423,4726,2100,9329.788059378385,7.752700010314584,52941.28010002896,2885.1451597428763
1791077055,1000,,Aggregated,110.400000,16.900000,2100,3000,14000,27000,32000,33000,39000,42000,52000,53000,53000,10561,4728,2100,9265.16818638395,7.752700010314584,52941.28010002896,2914.4180475333774
1791077056,1000,,Aggregated,106.400000,14.400000,2100,3000,13000,27000,32000,33000,39000,42000,52000,53000,53000,10664,4729,2100,9232.541876275394,7.752700010314584,52941.28010002896,2935.683983495874
1791077057,1000,,Aggregated,112.600000,12.200000,2100,3000,13000,26000,32000,33000,39000,42000,52000,53000,53000,10771,4734,2100,9186.692811048208,7.752700010314584,52941.28010002896,2955.1416767245382
1791077058,1000,,Aggregated,108.100000,9.800000,2100,3000,13000,26000,32000,33000,39000,42000,52000,53000,53000,10942,4745,2100,9119.654966441249,7.752700010314584,52941.28010002896,2989.473953573387
1791077059,1000,,Aggregated,107.600000,7.000000,2100,3000,13000,25000,32000,33000,39000,42000,51000,53000,53000,11033,4752,2100,9093.15381722109,7.752700010314584,52941.28010002896,3007.053657210188
1791077060,1000,,Aggregated,109.700000,7.300000,2100,2900,13000,25000,32000,33000,40000,42000,51000,53000,53000,11182,4772,2100,9055.172293507463,7.752700010314584,52941.28010002896,3031.6659810409587
1791077061,1000,,Aggregated,114.200000,5.900000,2100,2900,13000,24000,32000,33000,40000,42000,51000,53000,53000,11285,4778,2100,9018.99846688525,7.752700010314584,52941.28010002896,3048.9615418697385
1791077062,1000,,Aggregated,110.400000,5.100000,2100,2900,13000,24000,32000,33000,40000,42000,51000,53000,53000,11420,4795,2100,8985.732697478099,7.752700010314584,52941.28010002896,3069.2140980735553
1791077063,1000,,Aggregated,117.400000,6.800000,2100,2800,13000,24000,32000,33000,40000,42000,51000,53000,53000,11540,4812,2100,8959.532989428095,7.752700010314584,52941.28010002896,3084.8611785095322
1791077064,1000,,Aggregated,117.600000,6.800000,2100,2800,13000,24000,32000,33000,40000,42000,51000,53000,53000,11655,4824,2100,8931.738921776068,7.752700010314584,52941.28010002896,3100.1937365937365
1791077065,1000,,Aggregated,117.700000,8.400000,2100,2800,12000,23000,32000,33000,40000,42000,51000,53000,53000,11761,4829,2100,8879.544260955727,7.752700010314584,52941.28010002896,3120.797551228637
1791077066,1000,,Aggregated,122.500000,9.700000,2100,2700,12000,23000,32000,33000,40000,41000,51000,53000,53000,11850,4836,2100,8845.531439274284,7.752700010314584,52941.28010002896,3133.8072573839663
1791077067,1000,,Aggregated,119.400000,9.800000,2100,2600,12000,22000,32000,33000,40000,41000,51000,53000,53000,11948,4838,2100,8794.83310203384,7.752700010314584,52941.28010002896,3148.6709909608303
1791077068,1000,,Aggregated,119.700000,10.200000,2100,2500,12000,22000,32000,33000,40000,41000,49000,53000,53000,12053,4842,2100,8767.32407842032,7.752700010314584,52941.28010002896,3164.6745208661746
1791077070,1000,,Aggregated,116.700000,10.700000,2100,2500,12000,22000,32000,33000,40000,41000,49000,53000,53000,12123,4852,2100,8747.378628573777,7.752700010314584,52941.28010002896,3173.8735461519427
1791077071,1000,,Aggregated,113.700000,9.900000,2100,2400,12000,22000,31000,33000,40000,41000,49000,53000,53000,12270,4872,2100,8709.67173022002,7.752700010314584,52941.28010002896,3193.9309698451507
1791077072,1000,,Aggregated,108.900000,9.600000,2000,2400,12000,22000,31000,33000,40000,42000,49000,53000,53000,12398,4875,2000,8690.863717325328,7.752700010314584,52941.28010002896,3211.315696080013
1791077073,1000,,Aggregated,106.400000,10.000000,2000,2400,12000,22000,31000,33000,40000,41000,49000,53000,53000,12548,4877,2000,8685.918497935934,7.752700010314584,52941.28010002896,3232.8767134204654
1791077074,1000,,Aggregated,110.000000,9.600000,2000,2400,12000,22000,31000,33000,40000,42000,49000,53000,53000,12681,4882,2000,8646.1923788976,7.752700010314584,52941.28010002896,3251.390032331835
1791077075,1000,,Aggregated,111.100000,7.900000,2000,2400,12000,22000,31000,33000,40000,41000,49000,53000,53000,12821,4885,2000,8662.103237789597,7.752700010314584,52941.28010002896,3267.5978472818033
1791077076,1000,,Aggregated,111.800000,6.800000,2000,2400,12000,22000,31000,33000,40000,41000,49000,53000,53000,12913,4895,2000,8645.547606590326,7.752700010314584,52941.28010002896,3279.2999303027955
1791077077,1000,,Aggregated,115.200000,6.100000,2000,2300,12000,22000,31000,33000,40000,42000,47000,53000,53000,13057,4898,2000,8590.07540778132,7.752700010314584,52941.28010002896,3301.669296162978
1791077078,1000,,Aggregated,113.000000,6.500000,2000,2300,12000,22000,31000,33000,40000,42000,47000,53000,53000,13201,4906,2000,8544.519881910523,7.752700010314584,52941.28010002896,3320.2974017119914
1791077079,1000,,Aggregated,118.500000,6.200000,2000,2300,12000,22000,31000,33000,40000,42000,47000,53000,53000,13295,4914,2000,8535.33104801811,7.752700010314584,52941.28010002896,3330.8192553591575
1791077080,1000,,Aggregated,122.200000,6.700000,2000,2300,12000,21000,31000,33000,40000,42000,47000,53000,53000,13393,4928,2000,8519.548645635808,7.752700010314584,52941.28010002896,3340.7877995968042
1791077081,1000,,Aggregated,122.300000,7.200000,2000,2300,12000,22000,31000,33000,40000,42000,47000,53000,53000,13503,4953,2000,8521.139495386218,7.752700010314584,52941.28010002896,3349.9163889506035
1791077082,1000,,Aggregated,125.400000,7.200000,2000,2300,12000,22000,31000,33000,40000,42000,47000,53000,53000,13594,4971,2000,8512.728859239363,7.752700010314584,52941.28010002896,3358.620862145064
1791077083,1000,,Aggregated,121.300000,7.700000,2000,2300,12000,22000,31000,33000,40000,41000,47000,53000,53000,13678,4999,2000,8535.598862531055,7.752700010314584,52941.28010002896,3360.999268898962
1791077084,1000,,Aggregated,116.700000,9.100000,2000,2300,12000,22000,31000,33000,40000,41000,47000,53000,53000,13802,5032,2000,8557.938473844357,7.752700010314584,52941.28010002896,3368.9218229242138
1791077085,1000,,Aggregated,111.200000,11.600000,2000,2300,12000,22000,31000,33000,40000,41000,47000,53000,53000,13903,5056,2000,8570.714683075586,7.752700010314584,52941.28010002896,3374.788031360138
1791077086,1000,,Aggregated,110.300000,14.200000,2000,2300,12000,22000,31000,33000,40000,41000,47000,53000,53000,14004,5066,2000,8551.283413746069,7.752700010314584,52941.28010002896,3387.150314195944
1791077087,1000,,Aggregated,105.400000,16.600000,2000,2300,12000,22000,31000,33000,40000,41000,47000,53000,53000,14102,5074,2000,8535.990124797887,7.752700010314584,52941.28010002896,3397.74145511275
1791077088,1000,,Aggregated,106.600000,16.900000,2000,2300,12000,22000,31000,33000,40000,41000,47000,53000,53000,14178,5079,2000,8525.327973028625,7.752700010314584,52941.28010002896,3406.9688954718576
1791077089,1000,,Aggregated,102.000000,17.300000,2000,2300,12000,22000,31000,33000,40000,41000,47000,53000,53000,14317,5092,2000,8507.30752741495,7.752700010314584,52941.28010002896,3422.954250192079
1791077090,1000,,Aggregated,98.900000,17.300000,2000,2300,12000,22000,31000,33000,40000,41000,47000,53000,53000,14424,5105,2000,8506.316045978956,7.752700010314584,52941.28010002896,3432.491541874653
1791077091,1000,,Aggregated,101.300000,17.800000,2000,2300,12000,22000,31000,33000,40000,41000,47000,53000,53000,14483,5121,2000,8524.227048159943,7.752700010314584,52941.28010002896,3434.0205758475454
1791077092,1000,,Aggregated,100.000000,17.300000,2000,2300,12000,22000,31000,33000,40000,41000,47000,53000,53000,14646,5138,2000,8486.87855032775,7.752700010314584,52941.28010002896,3451.3020619964495
1791077093,1000,,Aggregated,99.300000,16.700000,2000,2300,12000,22000,31000,33000,40000,41000,47000,53000,53000,14750,5159,2000,8489.809365125446,7.752700010314584,52941.28010002896,3456.834372881356
1791077094,1000,,Aggregated,104.300000,16.700000,2000,2300,12000,22000,31000,33000,40000,41000,47000,53000,53000,14865,5187,2000,8497.60272162127,7.752700010314584,52941.28010002896,3463.0900100908175
1791077095,1000,,Aggregated,105.500000,15.700000,2000,2300,12000,22000,31000,33000,40000,41000,47000,53000,53000,14990,5195,2000,8465.89433869243,7.752700010314584,52941.28010002896,3475.8803202134754
1791077096,1000,,Aggregated,103.300000,15.100000,2000,2300,12000,22000,31000,33000,40000,41000,47000,53000,53000,15051,5208,2000,8469.888047259286,7.752700010314584,52941.28010002896,3478.530861736762
1791077097,1000,,Aggregated,109.000000,14.200000,2000,2300,12000,22000,31000,33000,40000,41000,47000,53000,53000,15196,5233,2000,8448.722872650676,7.752700010314584,52941.28010002896,3488.811660963411
1791077098,1000,,Aggregated,105.800000,13.700000,2000,2300,12000,22000,31000,33000,40000,41000,47000,53000,53000,15327,5241,2000,8422.12824610817,7.752700010314584,52941.28010002896,3503.8886279115286
1791077099,1000,,Aggregated,107.700000,15.200000,2000,2300,12000,22000,31000,33000,40000,41000,47000,53000,53000,15439,5248,2000,8408.836411172995,7.752700010314584,52941.28010002896,3514.282855107196
1791077100,1000,,Aggregated,107.600000,16.300000,2000,2300,12000,22000,31000,33000,40000,41000,47000,53000,53000,15576,5262,2000,8396.531675205422,7.752700010314584,52941.28010002896,3524.842385721623
1791077101,1000,,Aggregated,108.600000,15.100000,2000,2300,12000,22000,31000,33000,40000,41000,47000,53000,53000,15688,5276,2000,8387.687211894436,7.752700010314584,52941.28010002896,3533.0687149413566
1791077102,1000,,Aggregated,113.900000,15.900000,2000,2300,12000,22000,31000,33000,40000,41000,47000,53000,53000,15804,5285,2000,8360.401938857256,7.752700010314584,52941.28010002896,3542.7842318400403
1791077103,1000,,Aggregated,115.900000,15.600000,2000,2300,12000,22000,31000,33000,40000,41000,47000,53000,53000,15854,5291,2000,8345.866028812925,7.752700010314584,52941.28010002896,3546.760439005929
1791077104,1000,,Aggregated,114.600000,14.700000,2000,2300,12000,22000,31000,33000,39000,41000,47000,53000,53000,15993,5320,2000,8338.86671787036,7.752700010314584,52941.28010002896,3554.9386606640405
1791077105,1000,,Aggregated,112.200000,13.800000,2000,2300,12000,22000,31000,33000,39000,41000,47000,53000,53000,16155,5338,2000,8323.671827452848,7.752700010314584,52941.28010002896,3566.729309811204
1791077106,1000,,Aggregated,109.400000,12.400000,2000,2300,12000,22000,31000,33000,39000,41000,47000,53000,53000,16235,5351,2000,8341.163407656342,7.752700010314584,52941.28010002896,3569.4997844163845
1791077107,1000,,Aggregated,109.200000,13.400000,2000,2300,12000,22000,31000,33000,39000,41000,47000,53000,53000,16334,5363,2000,8328.441075952054,7.752700010314584,52941.28010002896,3578.3869229827355
1791077108,1000,,Aggregated,117.200000,13.700000,2000,2300,12000,22000,31000,33000,39000,41000,47000,53000,53000,16435,5376,2000,8312.05284397325,7.752700010314584,52941.28010002896,3586.0974140553694
1791077109,1000,,Aggregated,111.700000,13.200000,1800,2300,12000,22000,31000,33000,39000,41000,47000,53000,53000,16538,5386,1800,8290.091490391844,7.752700010314584,52941.28010002896,3594.5137259644457
1791077110,1000,,Aggregated,112.500000,12.400000,1700,2200,12000,22000,31000,33000,39000,41000,47000,53000,53000,16666,5406,1700,8280.300609354379,7.752700010314584,52941.28010002896,3602.9384975399016
1791077111,1000,,Aggregated,108.900000,13.700000,1700,2200,12000,22000,31000,33000,39000,41000,47000,53000,53000,16772,5429,1700,8286.99805510373,7.752700010314584,52941.28010002896,3607.4573694252326
1791077112,1000,,Aggregated,105.800000,13.500000,1600,2200,12000,22000,31000,33000,39000,41000,47000,53000,53000,16930,5442,1600,8258.239311659756,7.752700010314584,52941.28010002896,3621.063910218547
1791077113,1000,,Aggregated,106.000000,13.600000,1600,2200,12000,22000,31000,33000,39000,41000,47000,53000,53000,17058,5451,1600,8255.482052591142,7.752700010314584,52941.28010002896,3628.8792355493024
1791077114,1000,,Aggregated,104.000000,15.200000,1600,2200,12000,22000,31000,33000,39000,41000,47000,53000,53000,17213,5459,1600,8243.21782353451,7.752700010314584,52941.28010002896,3642.669261604601
1791077115,1000,,Aggregated,111.700000,15.400000,1500,2200,12000,22000,31000,33000,39000,41000,47000,53000,53000,17340,5476,1500,8233.881489031126,7.752700010314584,52941.28010002896,3649.9318915801614
1791077116,1000,,Aggregated,119.400000,15.500000,1400,2200,11000,22000,31000,33000,39000,41000,47000,53000,53000,17482,5487,1400,8207.18875815693,7.752700010314584,52941.28010002896,3659.963047706212
1791077117,1000,,Aggregated,118.400000,13.400000,1400,2200,11000,22000,31000,33000,39000,41000,47000,53000,53000,17612,5499,1400,8187.867222268883,7.752700010314584,52941.28010002896,3669.170792641381
1791077118,1000,,Aggregated,117.900000,14.000000,1300,2200,11000,22000,31000,33000,39000,41000,47000,53000,53000,17701,5513,1300,8181.641666945349,7.752700010314584,52941.28010002896,3675.1540590927066
1791077119,1000,,Aggregated,125.000000,13.300000,1300,2200,11000,22000,31000,33000,39000,41000,47000,53000,53000,17785,5528,1300,8172.242226432368,7.752700010314584,52941.28010002896,3679.418330053416
1791077120,1000,,Aggregated,126.700000,13.500000,1200,2200,11000,21000,31000,33000,39000,41000,47000,53000,53000,17944,5542,1200,8138.221763714887,7.752700010314584,52941.28010002896,3691.806732055283
1791077121,1000,,Aggregated,124.600000,13.300000,1200,2200,11000,21000,31000,33000,39000,41000,47000,53000,53000,18056,5551,1200,8133.735895419814,7.752700010314584,52941.28010002896,3698.3783783783783
1791077122,1000,,Aggregated,122.100000,13.800000,1200,2200,11000,21000,31000,33000,39000,41000,47000,53000,53000,18168,5562,1200,8121.4901565499895,7.752700010314584,52941.28010002896,3705.489156759137
1791077123,1000,,Aggregated,126.700000,13.400000,1200,2200,11000,21000,31000,33000,39000,41000,47000,53000,53000,18296,5569,1200,8096.233178170098,7.752700010314584,52941.28010002896,3714.401235242676
1791077124,1000,,Aggregated,126.900000,12.200000,1200,2200,11000,21000,31000,33000,39000,41000,47000,53000,53000,18451,5591,1200,8099.089758544251,7.752700010314584,52941.28010002896,3721.080754430654
1791077125,1000,,Aggregated,121.800000,12.000000,1200,2200,11000,21000,31000,33000,39000,41000,47000,53000,53000,18598,5596,1200,8070.558810995825,7.752700010314584,52941.28010002896,3730.9263899344014
1791077127,1000,,Aggregated,121.300000,11.500000,1100,2200,11000,21000,31000,33000,39000,41000,47000,53000,53000,18744,5608,1100,8051.508731711481,7.752700010314584,52941.28010002896,3740.139991463935
1791077128,1000,,Aggregated,121.600000,13.000000,1100,2200,11000,21000,31000,33000,39000,41000,47000,53000,53000,18857,5614,1100,8034.469686641547,7.752700010314584,52941.28010002896,3748.7430662353504
1791077129,1000,,Aggregated,123.600000,12.000000,1100,2200,11000,21000,31000,33000,39000,41000,47000,53000,53000,18955,5626,1100,8017.626783882861,7.752700010314584,52941.28010002896,3753.8912160379846
1791077130,1000,,Aggregated,122.900000,11.400000,1100,2200,11000,21000,31000,33000,39000,41000,47000,53000,53000,19136,5650,1100,7994.300432357814,7.752700010314584,52941.28010002896,3764.569502508361
1791077131,1000,,Aggregated,121.800000,11.300000,1100,2200,11000,21000,31000,33000,39000,41000,47000,53000,53000,19272,5656,1100,7986.118567382682,7.752700010314584,52941.28010002896,3771.873391448734
1791077132,1000,,Aggregated,132.600000,12.000000,1100,2200,11000,21000,31000,33000,39000,41000,47000,53000,53000,19376,5665,1100,7972.378572197514,7.752700010314584,52941.28010002896,3778.5837634186623
1791077133,1000,,Aggregated,132.600000,12.000000,1100,2200,10000,21000,31000,33000,39000,41000,47000,53000,53000,19511,5677,1100,7943.02781219308,7.752700010314584,52941.28010002896,3786.925375429245
1791077134,1000,,Aggregated,128.600000,10.900000,1100,2200,10000,21000,31000,33000,39000,41000,47000,53000,53000,19619,5693,1100,7931.0418418267445,7.752700010314584,52941.28010002896,3791.8322544472194
1791077135,1000,,Aggregated,134.300000,11.500000,1000,2200,10000,21000,31000,33000,39000,41000,47000,53000,53000,19797,5707,1000,7905.947164752171,7.752700010314584,52941.28010002896,3803.869374147598
1791077136,1000,,Aggregated,128.400000,12.300000,1000,2200,10000,21000,31000,33000,39000,41000,47000,53000,53000,19934,5718,1000,7906.57221685555,7.752700010314584,52941.28010002896,3808.72890538778
1791077137,1000,,Aggregated,132.200000,11.600000,1000,2200,10000,20000,31000,33000,39000,41000,46000,53000,53000,20059,5726,1000,7887.916475841179,7.752700010314584,52941.28010002896,3815.9018395732587
1791077138,1000,,Aggregated,130.800000,12.000000,1000,2200,10000,20000,31000,33000,38000,41000,46000,53000,53000,20155,5734,1000,7869.707681116287,7.752700010314584,52941.28010002896,3821.8458447035473
1791077139,1000,,Aggregated,129.100000,11.800000,1000,2200,10000,20000,31000,33000,38000,41000,46000,53000,53000,20282,5746,990,7846.3807293511045,7.752700010314584,52941.28010002896,3830.22068829504
1791077140,1000,,Aggregated,128.500000,12.000000,980,2200,9900,19000,31000,33000,38000,41000,46000,53000,53000,20429,5753,980,7820.5545394879555,7.752700010314584,52941.28010002896,3837.752312888541
1791077141,1000,,Aggregated,130.100000,11.700000,970,2200,9800,19000,31000,33000,38000,41000,46000,53000,53000,20540,5762,970,7806.179639698128,7.752700010314584,52941.28010002896,3843.4803797468353
1791077142,1000,,Aggregated,128.700000,10.400000,950,2100,9700,19000,31000,33000,38000,41000,46000,53000,53000,20695,5775,950,7785.939041106506,7.752700010314584,52941.28010002896,3852.8879439478133
1791077143,1000,,Aggregated,123.500000,10.200000,940,2100,9500,19000,31000,33000,38000,40000,46000,53000,53000,20832,5789,940,7769.918000993631,7.752700010314584,52941.28010002896,3860.832997311828
1791077144,1000,,Aggregated,130.600000,10.600000,930,2100,9400,19000,31000,33000,38000,40000,46000,53000,53000,20954,5798,930,7750.192488508157,7.752700010314584,52941.28010002896,3867.432375680061
1791077145,1000,,Aggregated,128.800000,11.000000,910,2100,9400,19000,31000,33000,38000,40000,46000,53000,53000,21120,5812,910,7728.979313233913,7.752700010314584,52941.28010002896,3876.1562026515153
1791077146,1000,,Aggregated,131.800000,10.400000,910,2100,9400,19000,31000,33000,38000,40000,46000,53000,53000,21226,5831,910,7731.2060296994405,7.752700010314584,52941.28010002896,3878.867379628757
1791077147,1000,,Aggregated,129.400000,10.000000,900,2100,9400,19000,31000,33000,38000,40000,46000,53000,53000,21354,5851,900,7723.274831947188,7.752700010314584,52941.28010002896,3883.664746651681
1791077148,1000,,Aggregated,126.900000,10.300000,890,2100,9300,18000,31000,33000,38000,40000,46000,53000,53000,21498,5862,890,7698.846709414833,7.752700010314584,52941.28010002896,3892.713647781189
1791077149,1000,,Aggregated,125.000000,11.800000,890,2100,9200,18000,31000,33000,38000,40000,46000,53000,53000,21624,5871,890,7683.844746573259,7.752700010314584,52941.28010002896,3898.3084073251944
1791077150,1000,,Aggregated,128.300000,12.300000,880,2100,9200,18000,31000,33000,38000,40000,46000,53000,53000,21781,5885,880,7672.325387167743,7.752700010314584,52941.28010002896,3905.137459253478
1791077151,1000,,Aggregated,130.200000,12.400000,880,2100,9200,18000,31000,33000,38000,40000,46000,53000,53000,21906,5902,870,7666.6250840591765,7.752700010314584,52941.28010002896,3909.5782434036337
1791077152,1000,,Aggregated,128.600000,12.500000,870,2100,9100,18000,31000,33000,38000,40000,46000,53000,53000,22018,5916,870,7657.867382296302,7.752700010314584,52941.28010002896,3915.2110545916976
1791077153,1000,,Aggregated,131.500000,13.300000,860,2100,9000,18000,31000,33000,38000,40000,46000,53000,53000,22202,5938,860,7634.2046345239105,7.752700010314584,52941.28010002896,3922.415683271777
1791077154,1000,,Aggregated,130.400000,13.900000,850,2100,9000,18000,31000,33000,38000,40000,46000,53000,53000,22327,5945,850,7621.0203846418935,7.752700010314584,52941.28010002896,3928.1564025619205
1791077155,1000,,Aggregated,131.600000,14.000000,840,2100,9000,18000,31000,33000,38000,40000,46000,53000,53000,22501,5960,840,7598.270281894113,7.752700010314584,52941.28010002896,3935.934625127772
1791077156,1000,,Aggregated,134.900000,14.300000,830,2100,8900,17000,31000,33000,38000,40000,46000,53000,53000,22662,5970,830,7575.446904862727,7.752700010314584,52941.28010002896,3942.7967963992587
1791077157,1000,,Aggregated,133.300000,14.500000,820,2100,8900,17000,31000,33000,38000,40000,46000,53000,53000,22788,5983,820,7561.363494742792,7.752700010314584,52941.28010002896,3947.3095488853783
1791077158,1000,,Aggregated,139.800000,14.500000,810,2100,8800,17000,31000,33000,38000,40000,46000,53000,53000,22931,5995,810,7540.333364554488,7.752700010314584,52941.28010002896,3954.5213030395535
1791077159,1000,,Aggregated,142.200000,13.300000,800,2100,8700,17000,31000,33000,38000,40000,46000,53000,53000,23070,6014,800,7526.351412587724,7.752700010314584,52941.28010002896,3959.3904638058084
1791077160,1000,,Aggregated,142.200000,13.300000,800,2100,8600,17000,31000,33000,38000,40000,46000,53000,53000,23178,6025,800,7511.516846720971,7.752700010314584,52941.28010002896,3964.267797048926
1791077161,1000,,Aggregated,143.900000,13.500000,790,2100,8500,17000,31000,32000,38000,40000,46000,53000,53000,23312,6037,790,7490.692835089162,7.752700010314584,52941.28010002896,3971.3863246396704
1791077162,1000,,Aggregated,141.600000,13.700000,790,2100,8500,17000,31000,32000,38000,40000,46000,53000,53000,23482,6057,790,7490.346339157595,7.752700010314584,52941.28010002896,3975.517843454561
1791077163,1000,,Aggregated,138.000000,13.500000,780,2100,8500,17000,31000,32000,38000,40000,46000,53000,53000,23626,6066,780,7476.364878836817,7.752700010314584,52941.28010002896,3981.968297638195
1791077164,1000,,Aggregated,142.000000,13.700000,780,2100,8500,17000,31000,32000,38000,40000,46000,53000,53000,23736,6076,780,7464.562089825528,7.752700010314584,52941.28010002896,3985.678420963937
1791077165,1000,,Aggregated,141.200000,13.400000,770,2100,8400,17000,31000,32000,38000,40000,46000,53000,53000,23851,6087,770,7449.963324154047,7.752700010314584,52941.28010002896,3990.981719844032
1791077166,1000,,Aggregated,139.100000,12.700000,770,2100,8300,17000,31000,32000,38000,40000,45000,53000,53000,24030,6113,770,7435.190621052764,7.752700010314584,52941.28010002896,3997.240657511444
1791077167,1000,,Aggregated,136.500000,12.400000,760,2100,8300,17000,31000,32000,38000,40000,45000,53000,53000,24169,6126,760,7419.635179866679,7.752700010314584,52941.28010002896,4002.880259836981
1791077168,1000,,Aggregated,130.800000,12.600000,760,2100,8300,17000,31000,32000,38000,40000,45000,53000,53000,24324,6135,760,7403.066559459699,7.752700010314584,52941.28010002896,4009.9465548429534
1791077169,1000,,Aggregated,134.700000,13.800000,760,2100,8200,17000,31000,32000,38000,40000,45000,53000,53000,24442,6152,760,7397.413513975844,7.752700010314584,52941.28010002896,4012.922633172408
1791077170,1000,,Aggregated,135.900000,13.900000,750,2100,8200,17000,31000,32000,38000,40000,45000,53000,53000,24554,6160,750,7378.78216031594,7.752700010314584,52941.28010002896,4017.775107925389
1791077171,1000,,Aggregated,137.800000,13.900000,750,2100,8100,17000,31000,32000,38000,40000,45000,53000,53000,24722,6181,750,7363.062972773141,7.752700010314584,52941.28010002896,4024.0335733354905
1791077172,1000,,Aggregated,135.100000,13.800000,740,2100,8100,17000,31000,32000,38000,40000,45000,53000,53000,24889,6200,740,7356.114982385699,7.752700010314584,52941.28010002896,4028.3083691590664
1791077173,1000,,Aggregated,137.400000,13.600000,740,2100,8100,17000,31000,32000,37000,40000,44000,53000,53000,25030,6223,740,7356.430285561235,7.752700010314584,52941.28010002896,4031.189772273272
1791077174,1000,,Aggregated,136.900000,14.000000,730,2100,8100,17000,31000,32000,37000,40000,44000,53000,53000,25139,6236,730,7348.068180814575,7.752700010314584,52941.28010002896,4034.5477942638927
1791077176,1000,,Aggregated,137.000000,14.100000,740,2100,8000,17000,31000,32000,37000,40000,44000,53000,53000,25258,6252,740,7338.505374590125,7.752700010314584,52941.28010002896,4038.517538997545
1791077177,1000,,Aggregated,137.400000,16.000000,740,2100,8000,16000,31000,32000,37000,40000,44000,53000,53000,25470,6256,740,7311.448067012046,7.752700010314584,52941.28010002896,4048.3609736945427
1791077178,1000,,Aggregated,137.700000,16.200000,740,2100,8000,16000,31000,32000,37000,40000,44000,53000,53000,25587,6259,740,7304.300690252758,7.752700010314584,52941.28010002896,4052.130495954977
1791077179,1000,,Aggregated,141.300000,14.100000,730,2100,7900,16000,31000,32000,37000,40000,44000,53000,53000,25752,6263,730,7275.142075376549,7.752700010314584,52941.28010002896,4060.8016853059958
1791077180,1000,,Aggregated,137.300000,12.900000,720,2100,7800,16000,31000,32000,37000,40000,44000,53000,53000,25869,6271,720,7265.881389210883,7.752700010314584,52941.28010002896,4064.979589470022
1791077181,1000,,Aggregated,138.900000,12.200000,720,2100,7800,16000,31000,32000,37000,40000,44000,53000,53000,26021,6282,720,7246.590386468479,7.752700010314584,52941.28010002896,4070.1703623996004
1791077182,1000,,Aggregated,139.600000,11.800000,710,2100,7700,16000,31000,32000,37000,40000,44000,53000,53000,26195,6293,710,7223.729814136117,7.752700010314584,52941.28010002896,4076.723229623974
1791077183,1000,,Aggregated,142.300000,12.000000,710,2100,7800,16000,31000,32000,37000,40000,44000,53000,53000,26349,6297,710,7226.413084113073,7.752700010314584,52941.28010002896,4080.9221222816805
1791077184,1000,,Aggregated,142.600000,10.800000,700,2100,7700,16000,31000,32000,37000,40000,44000,53000,53000,26524,6299,700,7190.673684101003,7.752700010314584,52941.28010002896,4090.272130900317
1791077185,1000,,Aggregated,144.000000,9.500000,700,2100,7700,16000,31000,32000,37000,40000,44000,53000,53000,26691,6306,700,7167.1328482857425,7.752700010314584,52941.28010002896,4097.429695402945
1791077186,1000,,Aggregated,146.100000,7.400000,690,2100,7700,16000,31000,32000,37000,40000,44000,53000,53000,26785,6315,690,7160.128417826937,7.752700010314584,52941.28010002896,4100.028262086989
1791077187,1000,,Aggregated,152.500000,6.800000,700,2100,7700,16000,31000,32000,37000,40000,44000,53000,53000,26871,6321,700,7146.51674515257,7.752700010314584,52941.28010002896,4103.915708384504
1791077188,1000,,Aggregated,151.600000,6.000000,710,2100,7600,16000,31000,32000,37000,40000,44000,53000,53000,27034,6340,710,7130.1598026779275,7.752700010314584,52941.28010002896,4109.707405489384
1791077189,1000,,Aggregated,139.800000,6.500000,710,2100,7700,16000,31000,32000,37000,40000,44000,53000,53000,27207,6365,710,7125.29399399402,7.752700010314584,52941.28010002896,4113.029992281398
1791077190,1000,,Aggregated,141.900000,8.100000,700,2100,7700,16000,31000,32000,37000,40000,44000,53000,53000,27325,6370,700,7118.487121653973,7.752700010314584,52941.28010002896,4116.588984446477
1791077191,1000,,Aggregated,143.500000,9.800000,700,2100,7700,16000,31000,32000,37000,40000,44000,53000,53000,27449,6383,700,7109.689470836635,7.752700010314584,52941.28010002896,4120.739298335094
1791077192,1000,,Aggregated,144.200000,9.700000,690,2100,7600,16000,31000,32000,37000,40000,44000,53000,53000,27627,6395,690,7086.803698106738,7.752700010314584,52941.28010002896,4127.224997285264
1791077193,1000,,Aggregated,142.400000,9.500000,690,2100,7600,16000,31000,32000,37000,40000,44000,53000,53000,27800,6403,690,7073.532194316362,7.752700010314584,52941.28010002896,4132.159028776979
1791077194,1000,,Aggregated,140.600000,10.000000,690,2100,7600,16000,31000,32000,37000,40000,44000,53000,53000,27928,6406,690,7077.555660168839,7.752700010314584,52941.28010002896,4134.210469779433
1791077195,1000,,Aggregated,140.200000,10.600000,680,2100,7600,16000,31000,32000,37000,40000,44000,53000,53000,28132,6410,680,7045.25231968205,7.752700010314584,52941.28010002896,4143.964204464666
1791077196,1000,,Aggregated,137.000000,10.400000,680,2100,7500,15000,31000,32000,37000,40000,44000,53000,53000,28227,6417,680,7036.257960307339,7.752700010314584,52941.28010002896,4146.900166507245
1791077197,1000,,Aggregated,134.700000,10.200000,690,2100,7500,15000,31000,32000,37000,40000,44000,53000,53000,28356,6433,690,7025.541430536584,7.752700010314584,52941.28010002896,4150.251763295246
1791077198,1000,,Aggregated,140.900000,10.100000,680,2100,7400,15000,31000,32000,37000,40000,44000,53000,53000,28564,6445,680,6999.143556056413,7.752700010314584,52941.28010002896,4157.624142276992
1791077199,1000,,Aggregated,139.500000,9.900000,680,2100,7400,15000,31000,32000,37000,40000,44000,53000,53000,28654,6456,680,7006.598610766212,7.752700010314584,52941.28010002896,4158.524917987018
1791077200,1000,,Aggregated,145.700000,10.100000,680,2100,7400,15000,31000,32000,37000,40000,44000,53000,53000,28797,6468,680,6988.520099430336,7.752700010314584,52941.28010002896,4163.552731187277
1791077201,1000,,Aggregated,144.200000,9.100000,680,2100,7300,15000,31000,32000,37000,40000,44000,53000,53000,28936,6482,680,6974.197845977171,7.752700010314584,52941.28010002896,4167.930467238042
1791077202,1000,,Aggregated,140.000000,9.200000,680,2100,7300,15000,31000,32000,37000,40000,44000,53000,53000,29082,6498,680,6967.789146121137,7.752700010314584,52941.28010002896,4171.867650092841
1791077203,1000,,Aggregated,145.600000,9.600000,670,2100,7300,15000,31000,32000,37000,40000,44000,53000,53000,29267,6508,670,6954.251337413976,7.752700010314584,52941.28010002896,4177.096559264701
1791077204,1000,,Aggregated,139.700000,9.700000,670,2100,7300,15000,31000,32000,37000,40000,44000,53000,53000,29433,6517,670,6947.258786144645,7.752700010314584,52941.28010002896,4181.893249074168
1791077205,1000,,Aggregated,140.400000,10.000000,670,2100,7300,15000,31000,32000,37000,40000,44000,53000,53000,29575,6523,670,6931.260233227229,7.752700010314584,52941.28010002896,4187.689095519865
1791077206,1000,,Aggregated,145.500000,11.100000,670,2100,7200,15000,31000,32000,37000,40000,44000,53000,53000,29688,6546,670,6931.9671134800365,7.752700010314584,52941.28010002896,4188.606473996228
1791077207,1000,,Aggregated,146.900000,11.300000,670,2100,7200,15000,31000,32000,37000,40000,44000,53000,53000,29826,6558,670,6915.0701543986825,7.752700010314584,52941.28010002896,4193.024408234426
1791077208,1000,,Aggregated,142.800000,11.700000,670,2100,7200,15000,31000,32000,36000,40000,44000,53000,53000,30019,6574,670,6899.339571461254,7.752700010314584,52941.28010002896,4198.740830807155
1791077209,1000,,Aggregated,145.400000,12.800000,670,2100,7100,15000,31000,32000,36000,40000,44000,53000,53000,30213,6584,670,6887.246343706199,7.752700010314584,52941.28010002896,4203.067255817033
1791077210,1000,,Aggregated,144.700000,12.400000,660,2100,7100,15000,31000,32000,36000,40000,44000,53000,53000,30355,6587,660,6871.252056504556,7.752700010314584,52941.28010002896,4207.826354801516
1791077211,1000,,Aggregated,144.700000,12.600000,660,2100,7100,15000,31000,32000,36000,40000,44000,53000,53000,30491,6601,660,6865.343615719283,7.752700010314584,52941.28010002896,4211.489685480961
1791077212,1000,,Aggregated,152.700000,12.400000,660,2100,7000,15000,31000,32000,36000,40000,44000,53000,53000,30684,6612,660,6841.201277603855,7.752700010314584,52941.28010002896,4217.718550384565
1791077213,1000,,Aggregated,151.800000,11.400000,660,2100,6900,14000,31000,32000,36000,40000,44000,53000,53000,30854,6617,660,6824.421496726397,7.752700010314584,52941.28010002896,4222.186491216698
1791077214,1000,,Aggregated,155.800000,11.400000,660,2100,6900,14000,31000,32000,36000,40000,44000,53000,53000,30996,6635,660,6821.1034607367565,7.752700010314584,52941.28010002896,4224.997225448445
1791077215,1000,,Aggregated,157.900000,11.000000,650,2100,6800,14000,31000,32000,36000,40000,44000,53000,53000,31175,6650,650,6804.998431855534,7.752700010314584,52941.28010002896,4230.2807377706495
1791077216,1000,,Aggregated,154.200000,10.500000,650,2100,6700,14000,31000,32000,36000,40000,44000,53000,53000,31319,6662,650,6793.409444793766,7.752700010314584,52941.28010002896,4233.084932469108
1791077217,1000,,Aggregated,156.000000,12.000000,650,2100,6700,14000,31000,32000,36000,40000,44000,53000,53000,31423,6672,650,6786.055995923231,7.752700010314584,52941.28010002896,4235.54129141075
1791077218,1000,,Aggregated,159.300000,12.100000,650,2100,6500,14000,31000,32000,36000,40000,44000,53000,53000,31617,6681,650,6759.669028443417,7.752700010314584,52941.28010002896,4242.282000189772
1791077219,1000,,Aggregated,162.300000,11.500000,650,2100,6500,14000,31000,32000,36000,40000,44000,53000,53000,31772,6689,650,6753.54111646406,7.752700010314584,52941.28010002896,4246.319526627219
1791077221,1000,,Aggregated,152.900000,10.800000,650,2100,6500,14000,31000,32000,36000,40000,44000,53000,53000,31923,6695,650,6736.867710418702,7.752700010314584,52941.28010002896,4250.971462581838
1791077222,1000,,Aggregated,156.700000,10.400000,640,2100,6400,13000,31000,32000,36000,39000,44000,53000,53000,32043,6707,640,6725.21532082814,7.752700010314584,52941.28010002896,4253.771869050963
1791077223,1000,,Aggregated,153.000000,10.800000,650,2100,6300,13000,31000,32000,36000,39000,44000,53000,53000,32229,6726,650,6713.504048220421,7.752700010314584,52941.28010002896,4257.790964659158
1791077224,1000,,Aggregated,150.800000,10.300000,650,2100,6300,13000,31000,32000,36000,39000,44000,53000,53000,32373,6730,650,6703.8859230839325,7.752700010314584,52941.28010002896,4260.458190467365
1791077225,1000,,Aggregated,150.200000,11.300000,640,2100,6300,13000,31000,32000,36000,39000,44000,53000,53000,32474,6731,640,6694.655879444972,7.752700010314584,52941.28010002896,4263.78545913654
1791077226,1000,,Aggregated,150.400000,11.100000,640,2100,6200,13000,31000,32000,36000,39000,44000,53000,53000,32671,6743,640,6676.513237458164,7.752700010314584,52941.28010002896,4269.253956107863
1791077227,1000,,Aggregated,140.000000,9.100000,640,2100,6200,13000,31000,31000,36000,39000,44000,53000,53000,32776,6750,640,6670.96146993519,7.752700010314584,52941.28010002896,4271.3741152062485
1791077228,1000,,Aggregated,142.500000,9.000000,640,2100,6200,13000,31000,31000,36000,39000,44000,53000,53000,32924,6767,640,6663.362262173361,7.752700010314584,52941.28010002896,4273.610982869639
1791077229,1000,,Aggregated,143.300000,8.700000,640,2100,6200,13000,31000,31000,36000,39000,44000,53000,53000,33083,6787,640,6655.977905334931,7.752700010314584,52941.28010002896,4276.257443399933
1791077230,1000,,Aggregated,146.400000,9.100000,640,2100,6200,13000,31000,31000,36000,39000,44000,53000,53000,33221,6789,640,6642.735856894601,7.752700010314584,52941.28010002896,4280.230185725896
1791077231,1000,,Aggregated,142.500000,10.400000,640,2100,6200,13000,31000,31000,36000,39000,44000,53000,53000,33354,6793,640,6632.124752080581,7.752700010314584,52941.28010002896,4283.72611980572
1791077232,1000,,Aggregated,142.500000,10.400000,640,2100,6200,13000,31000,31000,36000,39000,44000,53000,53000,33466,6809,640,6629.869741812468,7.752700010314584,52941.28010002896,4285.54013028148
1791077233,1000,,Aggregated,140.400000,9.400000,640,2100,6100,13000,31000,31000,36000,39000,44000,53000,53000,33634,6822,640,6612.682684262838,7.752700010314584,52941.28010002896,4290.610245584825
1791077234,1000,,Aggregated,142.300000,10.200000,640,2100,6100,13000,31000,31000,36000,39000,44000,53000,53000,33832,6840,640,6603.570001737893,7.752700010314584,52941.28010002896,4294.5418538661625
1791077235,1000,,Aggregated,137.400000,9.100000,630,2100,6200,13000,31000,31000,36000,39000,44000,53000,53000,33976,6844,630,6596.4270237254805,7.752700010314584,52941.28010002896,4297.639569107605
1791077236,1000,,Aggregated,140.800000,10.900000,630,2100,6200,13000,31000,31000,36000,39000,44000,53000,53000,34121,6856,630,6588.561001195652,7.752700010314584,52941.28010002896,4300.313238181765
1791077237,1000,,Aggregated,148.000000,11.200000,630,2100,6100,12000,31000,31000,36000,39000,44000,53000,53000,34281,6868,630,6575.497849170003,7.752700010314584,52941.28010002896,4304.739505848721
1791077238,1000,,Aggregated,139.300000,10.500000,630,2100,6100,12000,31000,31000,36000,39000,44000,53000,53000,34408,6892,630,6573.254997715553,7.752700010314584,52941.28010002896,4305.862706347361
1791077239,1000,,Aggregated,147.600000,11.600000,630,2100,6100,12000,31000,31000,36000,39000,44000,53000,53000,34627,6904,630,6551.688747636135,2.439200005028397,52941.28010002896,4311.729344153407
1791077240,1000,,Aggregated,146.700000,12.100000,630,2100,6100,12000,31000,31000,36000,39000,44000,53000,53000,34801,6911,630,6548.4258997412835,2.439200005028397,52941.28010002896,4314.290968650326
1791077241,1000,,Aggregated,149.900000,11.600000,630,2100,6100,12000,31000,31000,36000,39000,44000,53000,53000,34956,6923,630,6542.918391841097,2.439200005028397,52941.28010002896,4317.258839684175
1791077242,1000,,Aggregated,153.000000,12.100000,630,2100,6100,12000,31000,31000,36000,39000,44000,53000,53000,35123,6932,630,6526.069436958613,2.439200005028397,52941.28010002896,4321.9053611593545
1791077243,1000,,Aggregated,153.600000,13.100000,630,2100,6100,12000,31000,31000,36000,39000,44000,53000,53000,35237,6951,630,6526.805317339655,2.439200005028397,52941.28010002896,4322.898459006158
1791077244,1000,,Aggregated,161.700000,11.700000,630,2100,6100,12000,31000,31000,36000,39000,44000,53000,53000,35420,6965,630,6507.255540767866,2.439200005028397,52941.28010002896,4327.55321852061
1791077245,1000,,Aggregated,160.100000,12.700000,620,2100,6100,12000,31000,31000,36000,39000,44000,53000,53000,35615,6983,620,6501.7661965800235,2.439200005028397,52941.28010002896,4329.867022322055
1791077246,1000,,Aggregated,156.900000,12.000000,620,2100,6100,12000,31000,31000,36000,39000,44000,53000,53000,35736,6996,620,6499.948779457628,2.439200005028397,52941.28010002896,4331.5126483098275
1791077247,1000,,Aggregated,162.700000,13.300000,630,2100,6100,12000,31000,31000,35000,39000,44000,53000,53000,35914,7006,630,6483.457270668752,2.439200005028397,52941.28010002896,4336.806259397449
1791077248,1000,,Aggregated,167.600000,14.200000,620,2100,6000,12000,31000,31000,35000,39000,43000,53000,53000,36078,7022,620,6472.243817827976,2.439200005028397,52941.28010002896,4340.175868950607
1791077249,1000,,Aggregated,156.200000,13.600000,620,2100,6000,12000,31000,31000,35000,39000,43000,53000,53000,36260,7031,620,6462.343645683882,2.439200005028397,52941.28010002896,4344.036045228902
1791077250,1000,,Aggregated,163.600000,12.900000,620,2100,6000,12000,31000,31000,35000,39000,43000,53000,53000,36470,7032,620,6445.746743528847,2.439200005028397,52941.28010002896,4349.706992048259
1791077251,1000,,Aggregated,161.400000,12.300000,620,2000,6000,12000,31000,31000,35000,39000,43000,53000,53000,36649,7037,620,6433.323461720581,2.439200005028397,52941.28010002896,4354.20775464542
1791077252,1000,,Aggregated,163.300000,12.200000,610,2000,6000,11000,31000,31000,35000,39000,43000,53000,53000,36824,7038,610,6420.207933589454,2.439200005028397,52941.28010002896,4358.992885074951
1791077253,1000,,Aggregated,164.500000,11.200000,610,2000,5900,11000,31000,31000,35000,39000,43000,53000,53000,36994,7046,610,6403.313645282972,2.439200005028397,52941.28010002896,4363.320403308645
1791077254,1000,,Aggregated,163.500000,11.100000,610,2000,5900,11000,31000,31000,35000,39000,43000,53000,53000,37176,7049,610,6380.74767438128,2.439200005028397,52941.28010002896,4369.266489132774
1791077255,1000,,Aggregated,165.400000,9.700000,610,2000,5800,11000,31000,31000,35000,39000,43000,53000,53000,37341,7055,610,6367.682718357783,2.439200005028397,52941.28010002896,4372.921426849844
1791077256,1000,,Aggregated,167.000000,8.700000,610,2000,5800,11000,31000,31000,35000,39000,43000,53000,53000,37489,7060,610,6356.466779212509,2.439200005028397,52941.28010002896,4375.666435487743
1791077257,1000,,Aggregated,167.800000,7.800000,610,2000,5800,11000,31000,31000,35000,39000,43000,53000,53000,37577,7065,610,6349.939452319171,2.439200005028397,52941.28010002896,4377.500518934455
1791077258,1000,,Aggregated,170.300000,6.900000,610,2000,5700,11000,31000,31000,35000,39000,43000,53000,53000,37734,7073,610,6336.691537607911,2.439200005028397,52941.28010002896,4381.594291620289
1791077260,1000,,Aggregated,168.300000,5.800000,620,2000,5700,11000,31000,31000,35000,39000,43000,53000,53000,37895,7099,620,6334.868805275005,2.439200005028397,52941.28010002896,4383.16421691516
1791077261,1000,,Aggregated,158.300000,4.800000,610,2000,5700,11000,31000,31000,35000,39000,43000,53000,53000,38063,7105,610,6321.5045196489145,2.439200005028397,52941.28010002896,4387.42461182776
1791077262,1000,,Aggregated,153.200000,6.700000,610,2000,5700,11000,31000,31000,35000,39000,43000,53000,53000,38254,7109,610,6315.427560728197,2.439200005028397,52941.28010002896,4390.970173053798
1791077263,1000,,Aggregated,155.200000,7.300000,610,2000,5700,11000,31000,31000,35000,39000,43000,53000,53000,38352,7113,610,6313.841449963401,2.439200005028397,52941.28010002896,4392.309501460159
1791077264,1000,,Aggregated,155.200000,7.300000,610,2000,5700,11000,31000,31000,35000,39000,43000,53000,53000,38480,7124,610,6304.124584282645,2.439200005028397,52941.28010002896,4394.77344074844
1791077265,1000,,Aggregated,149.300000,7.200000,620,2000,5600,11000,30000,31000,35000,39000,43000,53000,53000,38656,7136,620,6290.765532191542,2.439200005028397,52941.28010002896,4399.474104925496
1791077266,1000,,Aggregated,146.600000,7.800000,620,2000,5700,11000,30000,31000,35000,39000,43000,53000,53000,38852,7140,620,6289.782433426759,2.439200005028397,52941.28010002896,4402.43081437249
1791077267,1000,,Aggregated,141.900000,8.300000,610,2000,5600,10000,30000,31000,35000,39000,43000,53000,53000,38985,7142,610,6281.801028995687,2.439200005028397,52941.28010002896,4405.654841605746
1791077268,1000,,Aggregated,144.200000,8.200000,610,2000,5600,10000,30000,31000,35000,39000,43000,53000,53000,39177,7142,610,6257.096080904519,2.439200005028397,52941.28010002896,4410.75194629502
1791077269,1000,,Aggregated,145.900000,8.100000,610,2000,5600,10000,30000,31000,35000,39000,43000,53000,53000,39240,7144,610,6253.545635331197,2.439200005028397,52941.28010002896,4412.376146788991
1791077270,1000,,Aggregated,157.800000,7.700000,620,2000,5600,10000,30000,31000,35000,39000,43000,53000,53000,39399,7168,620,6245.2469243101605,2.439200005028397,52941.28010002896,4414.041117794868
1791077271,1000,,Aggregated,145.900000,6.900000,620,2000,5500,10000,30000,31000,35000,39000,43000,53000,53000,39612,7183,620,6231.19076691397,2.439200005028397,52941.28010002896,4418.64124507725
1791077272,1000,,Aggregated,143.900000,5.100000,620,2000,5600,10000,30000,31000,35000,39000,43000,53000,53000,39754,7193,620,6231.478317703784,2.439200005028397,52941.28010002896,4419.8404688836345
1791077273,1000,,Aggregated,149.300000,7.500000,610,2000,5500,10000,30000,31000,35000,39000,43000,53000,53000,39927,7202,610,6220.9632971872725,2.439200005028397,52941.28010002896,4423.270869336539
1791077274,1000,,Aggregated,147.200000,8.300000,610,2000,5500,10000,30000,31000,35000,39000,43000,52000,53000,40070,7225,610,6223.469833057062,2.439200005028397,52941.28010002896,4423.6049413526325
1791077275,1000,,Aggregated,153.200000,8.700000,610,2000,5500,10000,30000,31000,35000,39000,43000,52000,53000,40156,7233,610,6219.805529462501,2.439200005028397,52941.28010002896,4425.023383803167
1791077276,1000,,Aggregated,156.300000,9.400000,610,2000,5500,10000,30000,31000,35000,39000,43000,52000,53000,40366,7252,610,6209.082284960028,2.439200005028397,52941.28010002896,4428.259748303028
1791077277,1000,,Aggregated,146.500000,9.100000,610,2000,5500,10000,30000,31000,35000,39000,43000,52000,53000,40508,7260,610,6203.31600311782,2.439200005028397,52941.28010002896,4430.298632368915
1791077278,1000,,Aggregated,148.200000,11.100000,610,2000,5500,10000,30000,31000,35000,39000,43000,52000,53000,40654,7273,610,6200.7125007501545,2.439200005028397,52941.28010002896,4432.719215821321
1791077279,1000,,Aggregated,151.900000,11.600000,610,2000,5500,10000,30000,31000,35000,39000,43000,52000,53000,40851,7283,610,6192.209343151865,2.439200005028397,52941.28010002896,4435.633472864802
1791077280,1000,,Aggregated,145.400000,12.500000,610,2000,5500,10000,30000,31000,35000,39000,43000,52000,53000,41033,7284,610,6188.254206706718,2.439200005028397,52941.28010002896,4437.689786269588
1791077281,1000,,Aggregated,155.300000,14.000000,610,2000,5500,10000,30000,31000,35000,39000,43000,52000,53000,41224,7289,610,6178.262802151587,2.439200005028397,52941.28010002896,4440.783257325829
1791077282,1000,,Aggregated,161.500000,13.400000,600,2000,5500,9900,30000,31000,35000,39000,43000,52000,53000,41420,7297,600,6162.29790324232,2.439200005028397,52941.28010002896,4445.228464509899
1791077283,1000,,Aggregated,160.200000,10.500000,600,2000,5500,9900,30000,31000,35000,39000,43000,52000,53000,41590,7305,600,6153.271005895574,2.439200005028397,52941.28010002896,4447.000817504208
1791077284,1000,,Aggregated,158.700000,10.200000,600,2000,5500,9800,30000,31000,35000,39000,43000,52000,53000,41778,7315,600,6140.794023289703,2.439200005028397,52941.28010002896,4450.579347982191
1791077285,1000,,Aggregated,165.900000,10.100000,600,2000,5400,9700,30000,31000,35000,39000,43000,52000,53000,41929,7328,600,6132.124614371848,2.439200005028397,52941.28010002896,4452.925087648167
1791077286,1000,,Aggregated,162.800000,9.200000,600,2000,5400,9600,30000,31000,35000,39000,43000,52000,53000,42140,7342,600,6118.023471003729,2.439200005028397,52941.28010002896,4456.628595158993
1791077287,1000,,Aggregated,174.300000,9.400000,600,2000,5400,9600,30000,31000,35000,39000,43000,52000,53000,42318,7350,600,6105.917294326222,2.439200005028397,52941.28010002896,4459.390661184366
1791077288,1000,,Aggregated,170.100000,8.500000,600,2000,5400,9600,30000,31000,35000,39000,43000,52000,53000,42433,7368,600,6106.134304213636,2.439200005028397,52941.28010002896,4459.5115122663965
1791077289,1000,,Aggregated,175.100000,9.200000,600,1900,5300,9600,30000,31000,35000,39000,43000,52000,53000,42630,7383,600,6094.550307485269,2.439200005028397,52941.28010002896,4462.91724137931
1791077290,1000,,Aggregated,173.800000,9.300000,600,1800,5300,9600,30000,31000,35000,39000,43000,52000,53000,42773,7394,600,6089.480838666864,2.439200005028397,52941.28010002896,4464.224487410283
1791077291,1000,,Aggregated,170.300000,9.300000,600,1700,5300,9500,30000,31000,35000,38000,43000,52000,53000,42917,7401,600,6079.257382894835,2.439200005028397,52941.28010002896,4466.553137451359
1791077292,1000,,Aggregated,175.000000,10.300000,590,1700,5300,9500,30000,31000,35000,38000,43000,52000,53000,43078,7404,590,6064.0206850038885,2.439200005028397,52941.28010002896,4470.098681461535
1791077293,1000,,Aggregated,165.700000,11.200000,590,1700,5300,9500,30000,31000,35000,38000,43000,52000,53000,43290,7408,590,6055.774628034136,2.439200005028397,52941.28010002896,4473.310533610534
1791077294,1000,,Aggregated,164.700000,10.800000,590,1700,5300,9500,30000,31000,35000,38000,43000,52000,53000,43435,7410,590,6049.7886736410255,2.439200005028397,52941.28010002896,4475.906388856913
1791077295,1000,,Aggregated,160.200000,10.400000,590,1600,5300,9400,30000,31000,34000,38000,43000,52000,53000,43615,7412,590,6036.0795582253295,2.439200005028397,52941.28010002896,4479.4405135847755
1791077296,1000,,Aggregated,164.200000,9.800000,590,1600,5300,9400,30000,31000,34000,38000,43000,52000,53000,43743,7413,590,6025.471134540323,2.439200005028397,52941.28010002896,4481.97542463937
1791077297,1000,,Aggregated,163.400000,8.900000,590,1600,5200,9400,30000,31000,34000,38000,43000,52000,53000,43970,7416,590,6006.9303958584815,2.439200005028397,52941.28010002896,4486.275733454629
1791077298,1000,,Aggregated,161.100000,7.800000,590,1500,5200,9400,30000,31000,34000,38000,43000,52000,53000,44073,7424,590,6005.887136110484,2.439200005028397,52941.28010002896,4487.159076985909
1791077299,1000,,Aggregated,159.000000,6.600000,590,1500,5200,9300,30000,31000,34000,38000,43000,52000,53000,44284,7429,590,5986.290625160282,2.439200005028397,52941.28010002896,4492.088406647999
1791077300,1000,,Aggregated,164.200000,5.700000,580,1400,5200,9300,30000,31000,34000,38000,43000,52000,53000,44451,7437,580,5977.092060853487,2.439200005028397,52941.28010002896,4494.278463926571
1791077302,1000,,Aggregated,164.000000,4.900000,590,1400,5100,9300,30000,31000,34000,38000,43000,52000,53000,44612,7445,590,5967.097102129441,2.439200005028397,52941.28010002896,4496.921568187931
1791077303,1000,,Aggregated,163.900000,4.000000,580,1400,5100,9300,30000,31000,34000,38000,43000,52000,53000,44817,7457,580,5957.303784990045,2.439200005028397,52941.28010002896,4500.084766941116
1791077304,1000,,Aggregated,165.700000,4.300000,580,1400,5100,9300,30000,31000,34000,38000,43000,52000,53000,44974,7466,580,5957.202099590857,2.439200005028397,52941.28010002896,4501.782852314671
1791077305,1000,,Aggregated,167.100000,5.200000,580,1400,5100,9300,30000,31000,34000,38000,43000,52000,53000,45082,7467,580,5950.046005230449,2.439200005028397,52941.28010002896,4503.761612173373
1791077306,1000,,Aggregated,165.300000,5.500000,580,1400,5100,9300,30000,31000,34000,38000,43000,52000,53000,45289,7478,580,5939.051117037243,2.439200005028397,52941.28010002896,4507.11373622734
1791077307,1000,,Aggregated,159.500000,5.700000,580,1300,5100,9300,30000,31000,34000,38000,43000,52000,53000,45440,7492,580,5934.702605776836,2.439200005028397,52941.28010002896,4508.579071302817
1791077308,1000,,Aggregated,164.100000,6.400000,580,1300,5000,9200,30000,31000,34000,38000,43000,52000,53000,45612,7494,580,5923.776016565805,2.439200005028397,52941.28010002896,4511.1506182583535
1791077309,1000,,Aggregated,160.900000,7.700000,580,1300,5000,9200,30000,31000,34000,38000,43000,52000,53000,45765,7506,580,5918.980680240348,2.439200005028397,52941.28010002896,4513.203299464656
1791077310,1000,,Aggregated,159.900000,7.600000,580,1300,5000,9200,30000,31000,34000,38000,43000,52000,53000,45966,7522,580,5909.116865935691,2.439200005028397,52941.28010002896,4516.007309750686
1791077311,1000,,Aggregated,164.600000,8.200000,570,1300,5000,9200,30000,31000,34000,38000,43000,52000,53000,46147,7525,570,5902.077770236431,2.439200005028397,52941.28010002896,4517.963334561293
1791077312,1000,,Aggregated,161.900000,9.200000,570,1300,5000,9200,30000,31000,34000,38000,43000,52000,53000,46326,7528,570,5897.793618779958,2.439200005028397,52941.28010002896,4520.296291499374
1791077313,1000,,Aggregated,164.300000,8.800000,570,1300,5000,9100,30000,31000,34000,38000,43000,52000,53000,46446,7533,570,5893.315344651851,2.439200005028397,52941.28010002896,4521.823364767687
1791077314,1000,,Aggregated,168.300000,8.300000,570,1300,4900,9100,30000,31000,34000,38000,43000,52000,53000,46644,7538,570,5882.336415309577,2.439200005028397,52941.28010002896,4524.488615899151
1791077315,1000,,Aggregated,159.600000,7.400000,570,1200,4900,9000,30000,31000,34000,38000,43000,52000,53000,46862,7542,570,5865.925761860349,2.439200005028397,52941.28010002896,4527.671183474884
1791077316,1000,,Aggregated,163.600000,7.300000,570,1200,4900,9000,30000,31000,34000,38000,43000,52000,53000,47012,7553,570,5865.429499721338,2.439200005028397,52941.28010002896,4527.855058282991
1791077317,1000,,Aggregated,169.400000,7.300000,570,1200,4900,9000,30000,31000,34000,38000,43000,52000,53000,47097,7556,570,5858.912646801265,2.439200005028397,52941.28010002896,4529.063146272586
1791077318,1000,,Aggregated,167.100000,7.400000,570,1200,4900,9000,30000,31000,34000,38000,43000,52000,53000,47235,7569,570,5854.883893091968,2.439200005028397,52941.28010002896,4530.910278395258
1791077319,1000,,Aggregated,164.200000,6.400000,580,1300,4900,8900,30000,31000,34000,38000,43000,52000,53000,47393,7590,580,5848.588738132205,2.439200005028397,52941.28010002896,4532.1804063891295
1791077320,1000,,Aggregated,157.400000,7.300000,580,1300,4800,8900,30000,31000,34000,38000,43000,52000,53000,47572,7626,580,5843.697145358615,2.439200005028397,52941.28010002896,4532.005276212898
1791077321,1000,,Aggregated,156.200000,7.100000,580,1300,4800,8900,30000,31000,34000,38000,43000,52000,53000,47766,7637,580,5836.938646126954,2.439200005028397,52941.28010002896,4534.807561864088
1791077322,1000,,Aggregated,156.200000,8.700000,580,1300,4800,8900,30000,31000,34000,38000,43000,52000,53000,47895,7642,580,5833.242558592762,2.439200005028397,52941.28010002896,4536.664933709156
1791077323,1000,,Aggregated,157.400000,10.600000,580,1200,4800,8900,30000,31000,34000,38000,43000,52000,53000,48103,7652,580,5825.812106704364,2.439200005028397,52941.28010002896,4539.107914267302
1791077324,1000,,Aggregated,151.200000,11.100000,570,1200,4800,8900,30000,31000,34000,38000,43000,52000,53000,48283,7658,570,5819.107614046345,2.439200005028397,52941.28010002896,4541.245241596421
1791077325,1000,,Aggregated,157.300000,11.800000,570,1200,4800,8900,30000,31000,34000,38000,43000,52000,53000,48404,7664,570,5813.840932228733,2.439200005028397,52941.28010002896,4542.660771837038
1791077326,1000,,Aggregated,159.000000,11.900000,570,1200,4800,8800,30000,31000,34000,38000,43000,52000,53000,48615,7672,570,5798.751499886857,2.439200005028397,52941.28010002896,4546.40419623573
1791077327,1000,,Aggregated,153.300000,11.800000,570,1200,4800,8800,30000,31000,34000,38000,43000,52000,53000,48708,7682,570,5798.103850541993,2.439200005028397,52941.28010002896,4546.933871232652
1791077328,1000,,Aggregated,152.200000,11.800000,570,1200,4700,8800,30000,31000,34000,38000,43000,52000,53000,48902,7700,570,5792.014247531776,2.439200005028397,52941.28010002896,4548.834321704634
1791077329,1000,,Aggregated,157.900000,11.700000,570,1200,4700,8700,30000,31000,34000,38000,43000,52000,53000,49086,7709,570,5785.952336529737,2.439200005028397,52941.28010002896,4550.622356680113
1791077330,1000,,Aggregated,160.600000,12.400000,570,1200,4700,8700,30000,31000,34000,38000,43000,52000,53000,49223,7716,570,5779.91688373522,2.439200005028397,52941.28010002896,4552.185177660849
1791077331,1000,,Aggregated,165.900000,12.600000,570,1200,4700,8700,30000,31000,34000,38000,43000,52000,53000,49405,7730,570,5774.335948940364,2.439200005028397,52941.28010002896,4554.045319299666
1791077332,1000,,Aggregated,166.200000,10.200000,570,1200,4700,8700,30000,31000,34000,38000,43000,52000,53000,49564,7746,570,5771.712498815658,2.439200005028397,52941.28010002896,4555.128581228311
1791077333,1000,,Aggregated,158.600000,8.800000,570,1200,4600,8700,30000,31000,34000,38000,43000,52000,53000,49749,7758,570,5765.783897547685,2.439200005028397,52941.28010002896,4557.07167983276
1791077334,1000,,Aggregated,162.900000,9.200000,570,1200,4600,8700,30000,31000,34000,38000,43000,52000,53000,49945,7770,570,5759.0583471758955,2.439200005028397,52941.28010002896,4559.031935128642
1791077335,1000,,Aggregated,160.300000,10.100000,570,1200,4600,8700,30000,31000,34000,38000,43000,52000,53000,50138,7778,570,5752.066995406677,2.439200005028397,52941.28010002896,4561.297159838845
1791077336,1000,,Aggregated,158.300000,10.500000,560,1200,4600,8700,30000,31000,34000,38000,43000,52000,53000,50316,7782,560,5746.228546190065,2.439200005028397,52941.28010002896,4563.528082518483
1791077337,1000,,Aggregated,166.400000,11.300000,560,1200,4600,8700,30000,31000,34000,38000,43000,52000,53000,50480,7786,560,5738.216388817327,2.439200005028397,52941.28010002896,4565.570265451664
1791077338,1000,,Aggregated,169.200000,10.900000,560,1200,4500,8700,30000,31000,33000,38000,43000,52000,53000,50584,7790,560,5730.469219247168,2.439200005028397,52941.28010002896,4566.7937490115455
1791077339,1000,,Aggregated,169.200000,11.000000,560,1100,4400,8600,30000,31000,33000,38000,43000,52000,53000,50826,7793,560,5715.182574920289,2.439200005028397,52941.28010002896,4570.805749026089
1791077340,1000,,Aggregated,171.200000,9.600000,560,1100,4400,8600,30000,31000,33000,38000,43000,52000,53000,51008,7807,560,5710.531687997934,2.439200005028397,52941.28010002896,4572.40134880803
1791077342,1000,,Aggregated,169.900000,8.300000,560,1100,4400,8600,30000,31000,33000,38000,43000,52000,53000,51214,7815,560,5701.846135261812,2.439200005028397,52941.28010002896,4574.512691842075
1791077343,1000,,Aggregated,169.900000,8.300000,560,1100,4400,8600,30000,31000,33000,38000,43000,52000,53000,51370,7819,560,5696.691618479625,2.439200005028397,52941.28010002896,4575.933326844462
1791077344,1000,,Aggregated,177.100000,8.300000,560,1100,4300,8600,30000,31000,33000,38000,43000,52000,53000,51598,7827,560,5684.783100193778,2.439200005028397,52941.28010002896,4578.879995348657
1791077345,1000,,Aggregated,178.800000,6.900000,560,1100,4400,8700,29000,31000,33000,38000,43000,52000,53000,51801,7832,560,5685.994695673799,2.439200005028397,52941.28010002896,4580.44248180537
1791077346,1000,,Aggregated,180.300000,6.700000,550,1100,4300,8700,29000,31000,33000,38000,43000,52000,53000,52018,7837,550,5675.577756288193,2.439200005028397,52941.28010002896,4583.076185166673
1791077347,1000,,Aggregated,173.000000,5.900000,550,1100,4200,8700,29000,31000,33000,38000,43000,52000,53000,52206,7839,550,5666.967183607244,2.439200005028397,52941.28010002896,4585.408937669999
1791077348,1000,,Aggregated,177.500000,5.900000,550,1100,4200,8600,29000,31000,33000,38000,43000,52000,53000,52351,7839,550,5657.266075062556,2.439200005028397,52941.28010002896,4587.567228897251
1791077349,1000,,Aggregated,179.000000,5.600000,550,1100,4000,8600,29000,31000,33000,38000,43000,52000,53000,52543,7846,550,5645.052812669623,2.439200005028397,52941.28010002896,4590.060921530937
1791077350,1000,,Aggregated,180.400000,5.300000,550,1100,3900,8600,29000,31000,33000,38000,43000,52000,53000,52772,7851,550,5633.929889141964,2.439200005028397,52941.28010002896,4592.145588569696
1791077351,1000,,Aggregated,188.600000,5.300000,550,1100,3800,8600,29000,31000,33000,38000,43000,52000,53000,52937,7853,550,5627.008635432674,2.439200005028397,52941.28010002896,4594.289362827512
1791077352,1000,,Aggregated,185.100000,5.600000,550,1100,3800,8600,29000,31000,33000,38000,43000,52000,53000,53135,7857,550,5618.794586363023,2.439200005028397,52941.28010002896,4596.717681377623
1791077353,1000,,Aggregated,181.400000,4.600000,550,1100,3400,8500,29000,31000,33000,38000,43000,52000,53000,53362,7865,550,5607.264639479404,2.439200005028397,52941.28010002896,4599.661219594468
1791077355,1000,,Aggregated,173.100000,4.000000,550,1100,3400,8500,29000,31000,33000,38000,43000,52000,53000,53498,7869,550,5600.715046226016,2.439200005028397,52941.28010002896,4601.064806160978
1791077356,1000,,Aggregated,179.400000,4.000000,550,1100,3400,8500,29000,31000,33000,38000,43000,52000,53000,53551,7872,550,5598.562191762983,2.439200005028397,52941.28010002896,4601.650688129073
1791077357,1000,,Aggregated,179.300000,3.900000,550,1100,3200,8500,29000,31000,33000,38000,43000,52000,53000,53690,7878,550,5590.721527345863,2.439200005028397,52941.28010002896,4603.964052896256
1791077358,1000,,Aggregated,161.300000,3.500000,560,1100,3100,8400,29000,31000,33000,38000,43000,52000,53000,53886,7902,560,5583.470741665737,2.439200005028397,52941.28010002896,4605.1784322458525
1791077359,1000,,Aggregated,161.300000,3.500000,560,1100,3100,8400,28000,31000,33000,38000,43000,52000,53000,54068,7908,560,5577.030677384036,2.439200005028397,52941.28010002896,4606.999741066805
1791077360,1000,,Aggregated,160.100000,6.300000,550,1100,3000,8400,28000,31000,33000,38000,43000,52000,53000,54241,7916,550,5572.87192364448,2.439200005028397,52941.28010002896,4608.389742077026
1791077361,1000,,Aggregated,159.800000,6.500000,550,1100,3000,8400,28000,31000,33000,38000,43000,52000,53000,54428,7919,550,5565.943657060711,2.439200005028397,52941.28010002896,4609.84373851694
1791077362,1000,,Aggregated,154.200000,6.700000,550,1100,3000,8400,28000,31000,33000,38000,43000,52000,53000,54604,7922,550,5555.150129494168,2.439200005028397,52941.28010002896,4611.932623983591
1791077363,1000,,Aggregated,159.400000,6.600000,550,1100,3000,8400,28000,31000,33000,38000,43000,52000,53000,54811,7927,550,5549.25048031417,2.439200005028397,52941.28010002896,4613.452810567222
1791077364,1000,,Aggregated,164.700000,6.800000,550,1100,3000,8400,28000,31000,33000,38000,43000,52000,53000,54975,7932,550,5543.369429311517,2.439200005028397,52941.28010002896,4615.294897680764
1791077365,1000,,Aggregated,162.300000,6.700000,550,1100,2900,8300,28000,31000,33000,38000,43000,52000,53000,55220,7938,550,5528.2666492502785,2.439200005028397,52941.28010002896,4618.301267656646
1791077366,1000,,Aggregated,157.500000,6.600000,550,1100,2900,8300,28000,31000,33000,38000,43000,52000,53000,55364,7940,550,5521.156374878989,2.439200005028397,52941.28010002896,4619.735911422585
1791077367,1000,,Aggregated,168.300000,6.900000,550,1100,2800,8200,28000,31000,33000,38000,43000,52000,53000,55552,7943,550,5507.877996613982,2.439200005028397,52941.28010002896,4622.427851382488
1791077368,1000,,Aggregated,179.800000,6.800000,550,1000,2700,8200,27000,31000,33000,38000,43000,52000,53000,55719,7955,550,5502.1004386744335,2.439200005028397,52941.28010002896,4624.219045567939
1791077369,1000,,Aggregated,184.700000,6.500000,550,1000,2700,8200,27000,31000,33000,38000,43000,52000,53000,55881,7963,550,5495.476806848501,2.439200005028397,52941.28010002896,4626.268320180383
1791077370,1000,,Aggregated,181.400000,5.300000,550,1000,2600,8200,27000,31000,33000,38000,43000,52000,53000,56125,7975,550,5484.55899436973,2.439200005028397,52941.28010002896,4629.209211581292
1791077371,1000,,Aggregated,176.800000,5.500000,550,1000,2600,8100,27000,31000,33000,38000,43000,52000,53000,56273,7980,550,5483.169800883215,2.439200005028397,52941.28010002896,4630.04604339559
1791077372,1000,,Aggregated,183.800000,5.800000,550,1000,2500,8100,27000,31000,33000,38000,43000,52000,53000,56439,7985,550,5475.085294994622,2.439200005028397,52941.28010002896,4631.970818051347
1791077373,1000,,Aggregated,179.900000,5.900000,550,1000,2500,8100,27000,31000,33000,38000,43000,52000,53000,56628,8004,550,5471.833438143691,2.439200005028397,52941.28010002896,4633.026824185915
1791077374,1000,,Aggregated,178.300000,6.100000,550,1000,2400,8100,27000,31000,33000,38000,43000,52000,53000,56797,8011,550,5464.417332487646,2.439200005028397,52941.28010002896,4634.853759881684
1791077375,1000,,Aggregated,175.700000,6.500000,550,1000,2400,8000,27000,31000,33000,38000,43000,52000,53000,57044,8019,550,5454.796607785234,2.439200005028397,52941.28010002896,4637.185839001472
1791077376,1000,,Aggregated,179.400000,7.700000,540,1000,2400,8000,27000,31000,33000,38000,43000,52000,53000,57196,8031,540,5453.628426940707,2.439200005028397,52941.28010002896,4637.549041891041
1791077377,1000,,Aggregated,176.300000,7.900000,550,1000,2400,8000,27000,31000,33000,38000,43000,52000,53000,57304,8034,550,5448.0033261919,2.439200005028397,52941.28010002896,4639.110114477175
1791077378,1000,,Aggregated,178.900000,8.400000,550,1000,2400,8000,27000,31000,33000,38000,43000,52000,53000,57538,8048,550,5438.778234029689,2.439200005028397,52941.28010002896,4641.727658243248
1791077379,1000,,Aggregated,169.800000,8.800000,550,1000,2400,8000,27000,31000,33000,38000,43000,52000,53000,57722,8063,550,5438.031099132055,2.439200005028397,52941.28010002896,4642.395724333876
1791077380,1000,,Aggregated,170.500000,8.300000,550,1000,2400,8000,26000,31000,33000,38000,43000,52000,53000,57919,8069,550,5431.737394556196,2.439200005028397,52941.28010002896,4644.03884735579
1791077381,1000,,Aggregated,177.100000,9.200000,540,990,2300,8000,26000,31000,33000,38000,43000,52000,53000,58081,8071,540,5422.642732093121,2.439200005028397,52941.28010002896,4646.294795199808
1791077382,1000,,Aggregated,176.600000,9.300000,540,990,2300,8000,26000,31000,33000,38000,43000,52000,53000,58284,8081,540,5414.2180575441,2.439200005028397,52941.28010002896,4648.436003019697
1791077383,1000,,Aggregated,174.700000,9.200000,540,980,2300,8000,26000,31000,33000,38000,43000,52000,53000,58390,8091,540,5411.688271676661,2.439200005028397,52941.28010002896,4648.916595307415
1791077384,1000,,Aggregated,177.400000,9.100000,550,980,2300,8000,26000,31000,33000,38000,43000,52000,53000,58550,8104,550,5407.16015581896,2.439200005028397,52941.28010002896,4649.898497011101
1791077385,1000,,Aggregated,177.800000,9.400000,550,980,2300,8000,26000,31000,33000,38000,43000,52000,53000,58763,8119,550,5400.1214267174955,2.439200005028397,52941.28010002896,4651.450453516669
1791077386,1000,,Aggregated,167.400000,8.800000,550,980,2300,8000,26000,31000,33000,38000,43000,52000,53000,58909,8132,550,5398.986664232981,2.439200005028397,52941.28010002896,4652.06673004125
1791077387,1000,,Aggregated,167.700000,8.800000,550,980,2300,8000,26000,31000,33000,38000,43000,52000,53000,59060,8143,550,5395.429335877079,2.439200005028397,52941.28010002896,4653.210260751778
1791077388,1000,,Aggregated,166.300000,9.900000,550,970,2300,7900,26000,31000,33000,38000,43000,52000,53000,59284,8152,550,5384.425949487222,2.439200005028397,52941.28010002896,4655.68522704271
1791077389,1000,,Aggregated,169.000000,10.400000,550,970,2300,7900,26000,31000,33000,38000,43000,52000,53000,59436,8157,550,5382.808619930702,2.439200005028397,52941.28010002896,4656.367605491621
1791077390,1000,,Aggregated,167.100000,10.700000,550,970,2300,7900,26000,31000,33000,38000,43000,52000,53000,59557,8167,550,5380.36166875432,2.439200005028397,52941.28010002896,4657.092533203486
1791077391,1000,,Aggregated,172.000000,9.700000,550,960,2200,7900,26000,31000,33000,38000,43000,52000,53000,59712,8173,550,5372.174347189866,2.439200005028397,52941.28010002896,4658.990253215434
1791077392,1000,,Aggregated,162.100000,9.000000,550,960,2200,7900,26000,31000,33000,38000,43000,52000,53000,59900,8190,550,5367.557949025073,2.439200005028397,52941.28010002896,4660.292721202003
1791077393,1000,,Aggregated,160.300000,9.800000,550,960,2200,7900,25000,31000,33000,38000,43000,52000,53000,60117,8193,550,5366.4246327594765,2.439200005028397,52941.28010002896,4661.4807625131
1791077395,1000,,Aggregated,159.900000,10.100000,550,960,2200,7900,25000,31000,33000,38000,43000,52000,53000,60264,8194,550,5361.119943145182,2.439200005028397,52941.28010002896,4662.905266825966
1791077396,1000,,Aggregated,158.600000,10.500000,550,950,2200,7900,25000,31000,33000,38000,43000,52000,53000,60393,8199,550,5356.452470526405,2.439200005028397,52941.28010002896,4664.13847631348
1791077397,1000,,Aggregated,164.300000,8.900000,550,950,2200,7900,25000,31000,33000,38000,43000,52000,53000,60587,8210,550,5348.44185755032,2.439200005028397,52941.28010002896,4665.754947430967
1791077398,1000,,Aggregated,159.200000,7.600000,550,940,2200,7900,25000,31000,33000,38000,43000,52000,53000,60780,8215,550,5341.660932420221,2.439200005028397,52941.28010002896,4667.583168805528
1791077399,1000,,Aggregated,164.600000,7.300000,550,940,2200,7900,25000,31000,33000,38000,43000,52000,53000,60964,8219,550,5341.267765507533,2.439200005028397,52941.28010002896,4668.804212322026
1791077400,1000,,Aggregated,168.000000,7.000000,550,940,2200,7900,25000,31000,33000,38000,43000,52000,53000,61143,8226,550,5336.653774749371,2.439200005028397,52941.28010002896,4670.583141160885
1791077401,1000,,Aggregated,162.500000,6.700000,550,940,2200,7900,25000,31000,33000,38000,43000,52000,53000,61322,8226,550,5327.83764213334,2.439200005028397,52941.28010002896,4672.567675548743
1791077402,1000,,Aggregated,166.200000,6.900000,540,940,2200,7900,24000,31000,33000,38000,43000,52000,53000,61503,8228,540,5323.606819226718,2.439200005028397,52941.28010002896,4673.602507194771
1791077403,1000,,Aggregated,171.000000,5.800000,540,930,2200,7900,24000,31000,33000,38000,43000,52000,53000,61713,8239,540,5318.301764396505,2.439200005028397,52941.28010002896,4675.154149044772
1791077404,1000,,Aggregated,173.500000,5.200000,540,930,2200,7900,24000,31000,33000,38000,43000,52000,53000,61857,8246,540,5316.085647541936,2.439200005028397,52941.28010002896,4676.019351083952
1791077405,1000,,Aggregated,174.100000,4.600000,540,920,2200,7900,24000,31000,33000,38000,43000,52000,53000,62089,8249,540,5303.530003952415,2.439200005028397,52941.28010002896,4678.335888804781
1791077406,1000,,Aggregated,170.400000,5.100000,540,920,2200,7900,24000,31000,33000,38000,43000,52000,53000,62285,8255,540,5299.836757076372,2.439200005028397,52941.28010002896,4679.356634823794
1791077407,1000,,Aggregated,176.200000,5.200000,540,920,2200,7900,24000,31000,33000,38000,43000,52000,53000,62471,8256,540,5293.2155533255545,2.439200005028397,52941.28010002896,4681.293336107954
1791077408,1000,,Aggregated,181.300000,5.500000,540,910,2200,7900,24000,31000,33000,38000,43000,52000,53000,62624,8265,540,5287.7869662398025,2.439200005028397,52941.28010002896,4682.77721001533
1791077409,1000,,Aggregated,185.000000,4.800000,540,910,2100,7900,24000,31000,33000,38000,43000,52000,53000,62848,8267,540,5274.2333234104735,2.439200005028397,52941.28010002896,4685.826342922607
1791077410,1000,,Aggregated,180.400000,4.500000,540,910,2100,7900,24000,31000,33000,38000,43000,52000,53000,63025,8270,540,5268.543532747347,2.439200005028397,52941.28010002896,4687.458310194367
1791077411,1000,,Aggregated,177.500000,4.800000,540,900,2100,7800,24000,31000,33000,38000,43000,52000,53000,63137,8273,540,5263.050006717166,2.439200005028397,52941.28010002896,4688.366187813802
1791077412,1000,,Aggregated,183.600000,4.300000,540,900,2100,7800,24000,31000,33000,38000,43000,52000,53000,63343,8284,540,5255.438289321656,2.439200005028397,52941.28010002896,4690.1981118671365
1791077413,1000,,Aggregated,181.900000,4.500000,540,910,2100,7800,24000,31000,33000,37000,43000,52000,53000,63427,8288,540,5252.393371884239,2.439200005028397,52941.28010002896,4690.917511469879
1791077414,1000,,Aggregated,173.500000,5.200000,540,910,2100,7800,24000,31000,33000,37000,43000,52000,53000,63640,8301,540,5245.209509402912,2.439200005028397,52941.28010002896,4693.219264613451
1791077415,1000,,Aggregated,169.400000,4.800000,540,900,2100,7800,24000,31000,33000,37000,43000,52000,53000,63846,8308,540,5245.466855701249,2.439200005028397,52941.28010002896,4693.839974313191
1791077416,1000,,Aggregated,170.700000,4.800000,540,900,2100,7800,24000,31000,33000,37000,43000,52000,53000,63957,8309,540,5244.444726320843,2.439200005028397,52941.28010002896,4694.599621620777
1791077417,1000,,Aggregated,170.800000,6.100000,540,900,2100,7800,24000,31000,33000,37000,43000,52000,53000,64146,8312,540,5234.6638318149635,2.439200005028397,52941.28010002896,4697.063589311882
1791077418,1000,,Aggregated,170.900000,5.400000,540,900,2100,7800,24000,31000,33000,37000,43000,52000,53000,64241,8324,540,5234.457915493264,2.439200005028397,52941.28010002896,4697.133606263912
1791077419,1000,,Aggregated,165.800000,5.500000,540,910,2100,7800,23000,31000,33000,37000,43000,52000,53000,64492,8335,540,5226.207308824393,2.439200005028397,52941.28010002896,4699.465127457669
1791077420,1000,,Aggregated,161.700000,6.000000,540,910,2100,7800,23000,31000,33000,37000,43000,52000,53000,64627,8338,540,5226.598041069561,2.439200005028397,52941.28010002896,4699.763550837885
1791077421,1000,,Aggregated,156.000000,6.000000,540,900,2100,7800,23000,31000,33000,37000,43000,52000,53000,64758,8349,540,5227.079299581559,2.439200005028397,52941.28010002896,4700.140693041786
1791077422,1000,,Aggregated,161.500000,6.600000,540,900,2100,7800,23000,31000,33000,37000,43000,52000,53000,64966,8364,540,5221.429903968259,2.439200005028397,52941.28010002896,4701.893713634824
1791077423,1000,,Aggregated,158.900000,7.000000,540,900,2100,7800,23000,31000,33000,37000,43000,52000,53000,65196,8375,540,5219.816874664125,2.439200005028397,52941.28010002896,4703.2047058101725
1791077424,1000,,Aggregated,155.600000,7.000000,540,900,2100,7800,23000,31000,33000,37000,43000,52000,53000,65304,8379,540,5216.6235697782995,2.439200005028397,52941.28010002896,4703.912838417248
1791077425,1000,,Aggregated,171.900000,8.200000,540,900,2100,7800,23000,31000,33000,37000,43000,52000,53000,65543,8387,540,5206.273799263104,2.439200005028397,52941.28010002896,4706.571701020704
1791077426,1000,,Aggregated,170.000000,8.400000,540,890,2100,7800,23000,31000,33000,37000,43000,52000,53000,65716,8397,540,5205.691998651789,2.439200005028397,52941.28010002896,4707.097860490596
1791077427,1000,,Aggregated,161.000000,7.300000,540,890,2100,7800,23000,31000,33000,37000,43000,52000,53000,65877,8403,540,5200.92928151253,2.439200005028397,52941.28010002896,4707.938536970414
1791077428,1000,,Aggregated,165.900000,8.100000,540,890,2100,7800,23000,31000,33000,37000,43000,52000,53000,66059,8418,540,5196.979906691005,2.439200005028397,52941.28010002896,4708.925369745228
1791077430,1000,,Aggregated,164.900000,8.600000,540,890,2100,7700,23000,31000,33000,37000,43000,52000,53000,66272,8427,540,5188.644194074441,2.439200005028397,52941.28010002896,4710.333821221632
1791077431,1000,,Aggregated,177.200000,9.100000,540,890,2100,7800,23000,31000,33000,37000,43000,52000,53000,66482,8432,540,5186.117658542191,2.439200005028397,52941.28010002896,4711.308384224301
1791077432,1000,,Aggregated,177.200000,9.100000,540,880,2100,7800,23000,31000,33000,37000,43000,52000,53000,66658,8439,540,5181.526249865018,2.439200005028397,52941.28010002896,4712.348375288788
1791077433,1000,,Aggregated,179.200000,9.100000,540,880,2100,7700,23000,31000,33000,37000,43000,52000,53000,66829,8448,540,5176.650359540062,2.439200005028397,52941.28010002896,4713.512113004833
1791077434,1000,,Aggregated,179.200000,9.100000,540,880,2100,7700,23000,31000,33000,37000,43000,52000,53000,67006,8457,540,5170.343631989709,2.439200005028397,52941.28010002896,4714.982553801152
1791077435,1000,,Aggregated,174.800000,8.200000,540,880,2100,7700,23000,31000,33000,37000,43000,52000,53000,67206,8467,540,5163.276481614769,2.439200005028397,52941.28010002896,4716.7353063714545
1791077436,1000,,Aggregated,177.400000,8.100000,540,870,2100,7700,23000,31000,33000,37000,43000,52000,53000,67416,8476,540,5157.341832391448,2.439200005028397,52941.28010002896,4718.126053162454
1791077437,1000,,Aggregated,184.800000,8.400000,540,870,2100,7700,23000,31000,33000,37000,43000,52000,53000,67576,8480,540,5153.048646014886,2.439200005028397,52941.28010002896,4719.252944832485
1791077438,1000,,Aggregated,181.700000,8.600000,540,870,2100,7700,23000,31000,33000,37000,43000,52000,53000,67775,8481,540,5143.810463074916,2.439200005028397,52941.28010002896,4721.115912947252
1791077439,1000,,Aggregated,184.100000,8.300000,540,860,2100,7700,23000,31000,33000,37000,43000,52000,53000,67978,8490,540,5137.310550581106,2.439200005028397,52941.28010002896,4722.756538880226
1791077440,1000,,Aggregated,187.000000,7.800000,530,860,2100,7700,23000,31000,33000,37000,43000,52000,53000,68192,8499,530,5130.564790025242,2.439200005028397,52941.28010002896,4724.2364353589865
1791077441,1000,,Aggregated,185.000000,6.500000,530,860,2100,7700,22000,31000,33000,37000,43000,52000,53000,68400,8506,530,5127.051552105283,2.439200005028397,52941.28010002896,4725.41903508772
1791077442,1000,,Aggregated,186.400000,7.000000,530,860,2100,7700,22000,31000,33000,37000,43000,52000,53000,68530,8510,530,5122.516986635079,2.439200005028397,52941.28010002896,4726.236071793375
1791077443,1000,,Aggregated,183.300000,7.400000,530,860,2100,7700,22000,31000,33000,37000,43000,52000,53000,68684,8523,530,5119.513207438448,2.439200005028397,52941.28010002896,4727.228772348728
1791077444,1000,,Aggregated,182.700000,7.100000,540,860,2100,7600,22000,31000,33000,37000,43000,52000,53000,68871,8540,540,5115.901409854692,2.439200005028397,52941.28010002896,4728.473450363724
1791077445,1000,,Aggregated,179.000000,6.600000,540,850,2100,7600,22000,31000,33000,37000,43000,52000,53000,69084,8546,540,5108.777457754366,2.439200005028397,52941.28010002896,4729.952029413467
1791077446,1000,,Aggregated,180.400000,7.000000,530,850,2100,7600,22000,31000,33000,37000,43000,52000,53000,69316,8547,530,5103.482293039162,2.439200005028397,52941.28010002896,4731.509276357551
1791077447,1000,,Aggregated,181.900000,8.000000,530,850,2100,7700,22000,31000,33000,37000,43000,52000,53000,69435,8550,530,5103.0803204868225,2.439200005028397,52941.28010002896,4732.336458558364
1791077448,1000,,Aggregated,181.500000,7.200000,530,850,2100,7600,22000,31000,33000,37000,43000,52000,53000,69691,8554,530,5091.856557327388,2.439200005028397,52941.28010002896,4735.204933205148
1791077449,1000,,Aggregated,182.200000,6.900000,530,850,2100,7600,22000,31000,33000,37000,43000,52000,53000,69839,8568,530,5091.663827879878,2.439200005028397,52941.28010002896,4735.5908446569965
1791077450,1000,,Aggregated,178.900000,7.300000,530,840,2100,7600,22000,31000,33000,37000,43000,52000,53000,70089,8572,530,5083.049327793271,2.439200005028397,52941.28010002896,4737.703120318452
1791077451,1000,,Aggregated,185.700000,7.600000,530,840,2100,7600,22000,31000,33000,37000,43000,52000,53000,70211,8575,530,5082.582003241695,2.439200005028397,52941.28010002896,4738.218911566563
1791077452,1000,,Aggregated,181.800000,7.400000,530,840,2100,7600,22000,31000,33000,37000,43000,52000,53000,70421,8578,530,5072.300753540875,2.439200005028397,52941.28010002896,4740.3148066627855
1791077453,1000,,Aggregated,182.800000,6.600000,530,840,2100,7600,22000,31000,33000,37000,43000,52000,53000,70600,8581,530,5064.52128892779,2.439200005028397,52941.28010002896,4742.229178470255
1791077454,1000,,Aggregated,183.200000,6.500000,530,840,2100,7600,22000,31000,33000,37000,43000,52000,53000,70839,8590,530,5059.657071240449,2.439200005028397,52941.28010002896,4743.587952963763
1791077455,1000,,Aggregated,187.300000,6.600000,530,840,2100,7600,22000,31000,33000,37000,43000,52000,53000,71011,8597,530,5058.618014355552,2.439200005028397,52941.28010002896,4744.206249735957
1791077456,1000,,Aggregated,186.800000,5.600000,530,830,2100,7600,22000,31000,33000,37000,43000,52000,53000,71224,8602,530,5051.914217057471,2.439200005028397,52941.28010002896,4746.104445130854
1791077457,1000,,Aggregated,189.200000,4.600000,530,830,2100,7600,22000,31000,33000,37000,43000,52000,53000,71425,8602,530,5051.943919676601,2.439200005028397,52941.28010002896,4746.510185509275
1791077458,1000,,Aggregated,187.800000,5.200000,530,830,2100,7600,22000,31000,33000,37000,43000,52000,53000,71628,8603,530,5044.443925820925,2.439200005028397,52941.28010002896,4748.148000781817
1791077459,1000,,Aggregated,192.100000,5.300000,530,830,2100,7600,22000,31000,33000,37000,43000,52000,53000,71810,8609,530,5036.493539087893,2.439200005028397,52941.28010002896,4749.831945411503
1791077460,1000,,Aggregated,196.100000,4.800000,530,820,2100,7500,22000,31000,33000,37000,43000,52000,53000,71963,8611,530,5028.727194045577,2.439200005028397,52941.28010002896,4751.721857065437
1791077461,1000,,Aggregated,189.600000,4.400000,530,830,2100,7500,22000,31000,33000,37000,43000,52000,53000,72075,8612,530,5023.951429984062,2.439200005028397,52941.28010002896,4753.047741935484
1791077462,1000,,Aggregated,188.000000,3.900000,530,840,2100,7500,22000,31000,33000,37000,43000,52000,53000,72240,8650,530,5017.559970581404,2.439200005028397,52941.28010002896,4752.178972868217
1791077463,1000,,Aggregated,182.700000,3.900000,530,840,2100,7400,22000,31000,33000,37000,43000,52000,53000,72423,8661,530,5011.417474487389,2.439200005028397,52941.28010002896,4753.523438686605
1791077464,1000,,Aggregated,175.800000,3.700000,530,850,2100,7400,22000,31000,33000,37000,43000,52000,53000,72595,8680,530,5010.875190912592,2.439200005028397,52941.28010002896,4754.055637440595
1791077465,1000,,Aggregated,177.700000,7.000000,530,840,2100,7400,22000,31000,33000,37000,43000,52000,53000,72788,8693,530,5008.251035547076,2.439200005028397,52941.28010002896,4754.848587679287
1791077466,1000,,Aggregated,176.700000,7.800000,530,840,2100,7400,22000,31000,33000,37000,43000,52000,53000,72989,8696,530,5003.265895940485,2.439200005028397,52941.28010002896,4755.7812273082245
1791077468,1000,,Aggregated,170.300000,9.000000,530,840,2100,7400,22000,31000,33000,37000,43000,52000,53000,73156,8704,530,5004.106305511514,2.439200005028397,52941.28010002896,4756.065968615015
1791077469,1000,,Aggregated,167.700000,9.400000,530,840,2100,7400,21000,31000,33000,37000,43000,52000,53000,73328,8710,530,4999.258823071678,2.439200005028397,52941.28010002896,4757.496236089897
1791077470,1000,,Aggregated,165.900000,10.200000,530,840,2100,7400,21000,31000,33000,37000,43000,52000,53000,73564,8716,530,4992.684183925567,2.439200005028397,52941.28010002896,4759.010018487304
1791077471,1000,,Aggregated,164.700000,10.700000,530,840,2100,7400,21000,31000,33000,37000,43000,52000,53000,73756,8718,530,4991.337090690935,2.439200005028397,52941.28010002896,4759.890937686426
1791077472,1000,,Aggregated,171.900000,10.600000,530,840,2100,7400,21000,31000,33000,37000,43000,52000,53000,73941,8718,530,4986.873994879703,2.439200005028397,52941.28010002896,4760.944306947431
1791077473,1000,,Aggregated,176.800000,10.700000,530,830,2100,7400,21000,31000,33000,37000,42000,52000,53000,74129,8722,530,4979.304527863588,2.439200005028397,52941.28010002896,4762.549960204508
1791077474,1000,,Aggregated,186.100000,10.600000,530,830,2100,7400,21000,31000,33000,37000,42000,52000,53000,74291,8727,530,4973.5887122666345,2.439200005028397,52941.28010002896,4763.7104898305315
1791077475,1000,,Aggregated,186.600000,7.200000,530,830,2100,7300,21000,31000,33000,37000,42000,52000,53000,74536,8730,530,4964.276938103748,2.439200005028397,52941.28010002896,4765.352393474294
1791077476,1000,,Aggregated,182.000000,6.300000,530,830,2100,7300,21000,31000,33000,37000,42000,52000,53000,74678,8735,530,4961.435824143672,2.439200005028397,52941.28010002896,4766.0008971852485
1791077477,1000,,Aggregated,190.300000,4.800000,530,820,2100,7300,21000,31000,32000,37000,42000,52000,53000,74892,8745,530,4954.692453424957,2.439200005028397,52941.28010002896,4767.332305186134
1791077478,1000,,Aggregated,186.700000,4.200000,530,820,2100,7300,21000,31000,32000,37000,42000,52000,53000,75062,8755,530,4950.921372845131,2.439200005028397,52941.28010002896,4768.385068343503
1791077479,1000,,Aggregated,186.500000,4.700000,530,820,2100,7300,21000,31000,32000,37000,42000,52000,53000,75205,8764,530,4948.059021531823,2.439200005028397,52941.28010002896,4769.017871152184
1791077480,1000,,Aggregated,185.200000,4.800000,530,820,2100,7300,21000,31000,32000,37000,42000,52000,53000,75407,8776,530,4942.666147808571,2.439200005028397,52941.28010002896,4770.355882079913
1791077481,1000,,Aggregated,185.200000,4.800000,530,820,2100,7200,21000,31000,32000,37000,42000,52000,53000,75546,8782,530,4938.6588561062235,2.439200005028397,52941.28010002896,4771.3321552431635
1791077482,1000,,Aggregated,180.300000,5.400000,530,820,2100,7200,21000,31000,32000,37000,42000,52000,53000,75760,8791,530,4932.877938548057,2.439200005028397,52941.28010002896,4772.914981520591
1791077483,1000,,Aggregated,181.500000,6.400000,530,820,2100,7200,21000,31000,32000,37000,42000,52000,53000,75975,8799,530,4929.3347760184415,2.439200005028397,52941.28010002896,4773.725541296479
1791077484,1000,,Aggregated,176.300000,7.100000,530,820,2100,7200,21000,31000,32000,37000,42000,52000,53000,76109,8808,530,4928.414473373727,2.439200005028397,52941.28010002896,4773.958152123928
1791077485,1000,,Aggregated,179.300000,7.600000,530,810,2100,7200,21000,31000,32000,37000,42000,52000,53000,76319,8812,530,4921.389730283444,2.439200005028397,52941.28010002896,4775.531702459414
1791077486,1000,,Aggregated,179.100000,8.100000,530,810,2100,7200,21000,31000,32000,37000,42000,52000,53000,76538,8820,530,4917.198359727226,2.439200005028397,52941.28010002896,4776.793161566803
1791077487,1000,,Aggregated,171.400000,8.300000,530,810,2100,7200,21000,31000,32000,37000,42000,52000,53000,76655,8823,530,4915.2069165325465,2.439200005028397,52941.28010002896,4777.394442632574
1791077488,1000,,Aggregated,177.700000,8.100000,530,810,2100,7200,21000,31000,32000,37000,42000,52000,53000,76890,8830,530,4907.9663944440435,2.439200005028397,52941.28010002896,4779.1741448822995
1791077489,1000,,Aggregated,174.500000,7.800000,530,810,2100,7200,21000,31000,32000,37000,42000,52000,53000,77003,8834,530,4905.9187968170345,2.439200005028397,52941.28010002896,4779.788397854629
1791077490,1000,,Aggregated,176.000000,7.400000,530,810,2100,7200,21000,31000,32000,37000,42000,52000,53000,77212,8848,530,4901.617505933044,2.439200005028397,52941.28010002896,4780.844182251463
1791077491,1000,,Aggregated,177.000000,7.000000,530,810,2100,7100,21000,31000,32000,37000,42000,52000,53000,77449,8856,530,4896.729255501075,2.439200005028397,52941.28010002896,4782.061511446242
1791077492,1000,,Aggregated,174.600000,6.900000,530,810,2100,7200,21000,31000,32000,37000,42000,52000,53000,77543,8866,530,4898.812599337178,2.439200005028397,52941.28010002896,4781.7367138232985
1791077493,1000,,Aggregated,174.400000,7.300000,530,810,2100,7100,21000,31000,32000,37000,42000,52000,53000,77649,8870,530,4895.55115401876,2.439200005028397,52941.28010002896,4782.67050444951
1791077494,1000,,Aggregated,179.800000,7.600000,530,810,2100,7100,21000,31000,32000,37000,42000,52000,53000,77839,8890,530,4895.6227298051435,2.439200005028397,52941.28010002896,4783.250812574674
1791077495,1000,,Aggregated,165.400000,6.900000,530,820,2100,7100,21000,31000,32000,37000,42000,52000,53000,77997,8902,530,4893.122395751151,2.439200005028397,52941.28010002896,4784.1325179173555
1791077496,1000,,Aggregated,167.300000,7.700000,530,820,2100,7100,21000,31000,32000,37000,42000,52000,53000,78209,8917,530,4891.6541837538125,2.439200005028397,52941.28010002896,4784.625350023654
1791077497,1000,,Aggregated,167.100000,8.000000,530,820,2100,7100,21000,31000,32000,37000,42000,52000,53000,78372,8923,530,4891.519465184018,2.439200005028397,52941.28010002896,4785.000574184658
1791077498,1000,,Aggregated,162.300000,9.500000,530,810,2100,7100,21000,31000,32000,37000,42000,52000,53000,78490,8930,530,4889.836450761903,2.439200005028397,52941.28010002896,4785.292636004587
1791077499,1000,,Aggregated,166.300000,9.800000,530,810,2100,7100,20000,31000,32000,37000,42000,52000,53000,78727,8937,530,4882.368342171062,2.439200005028397,52941.28010002896,4786.648100397577
1791077500,1000,,Aggregated,164.200000,9.900000,530,810,2100,7100,20000,31000,32000,37000,42000,52000,53000,78907,8944,530,4880.093447430531,2.439200005028397,52941.28010002896,4787.450492351756
1791077501,1000,,Aggregated,157.500000,10.100000,530,810,2100,7100,20000,31000,32000,37000,42000,52000,53000,79097,8950,530,4877.857742844878,2.439200005028397,52941.28010002896,4787.824443404933
1791077502,1000,,Aggregated,166.500000,10.100000,530,810,2100,7100,20000,31000,32000,37000,42000,52000,53000,79302,8951,530,4870.467404471535,2.439200005028397,52941.28010002896,4789.295213235479
1791077503,1000,,Aggregated,165.600000,9.400000,530,810,2100,7100,20000,31000,32000,37000,42000,52000,53000,79474,8958,530,4868.593399130548,2.439200005028397,52941.28010002896,4789.7806578252
1791077504,1000,,Aggregated,161.000000,8.500000,530,810,2100,7100,20000,31000,32000,37000,42000,52000,53000,79637,8969,530,4867.778609567173,2.439200005028397,52941.28010002896,4790.438263621181
1791077506,1000,,Aggregated,175.500000,7.600000,530,800,2100,7000,20000,31000,32000,37000,42000,52000,53000,79833,8975,530,4862.162872451258,2.439200005028397,52941.28010002896,4791.970187766963
1791077507,1000,,Aggregated,174.300000,7.800000,530,800,2100,7000,20000,31000,32000,37000,42000,52000,53000,80044,8981,530,4859.673801480448,2.439200005028397,52941.28010002896,4792.573921842986
1791077508,1000,,Aggregated,173.900000,6.400000,530,800,2100,7000,19000,31000,32000,37000,42000,52000,53000,80245,8983,530,4855.471865638992,2.439200005028397,52941.28010002896,4793.5633497414165
1791077509,1000,,Aggregated,176.200000,6.100000,530,800,2100,7000,19000,31000,32000,37000,42000,52000,53000,80358,8986,530,4854.71161418528,2.439200005028397,52941.28010002896,4793.932116279649
1791077510,1000,,Aggregated,181.600000,5.800000,530,800,2000,7000,19000,31000,32000,37000,42000,52000,53000,80630,8996,530,4848.3310529021655,2.439200005028397,52941.28010002896,4795.521964529332
1791077511,1000,,Aggregated,178.300000,5.200000,530,800,2000,7000,19000,31000,32000,36000,42000,52000,53000,80871,8997,530,4845.326507251074,2.439200005028397,52941.28010002896,4796.543000581172
1791077512,1000,,Aggregated,183.500000,5.100000,530,800,2000,7000,19000,31000,32000,36000,42000,52000,53000,81041,9001,530,4844.435488826656,2.439200005028397,52941.28010002896,4796.919115015856
1791077513,1000,,Aggregated,185.200000,4.800000,530,790,2000,7000,19000,31000,32000,36000,42000,52000,53000,81241,9007,530,4837.552399910161,2.439200005028397,52941.28010002896,4798.238844918206
1791077514,1000,,Aggregated,189.100000,4.900000,520,790,2000,7000,19000,31000,32000,36000,42000,52000,53000,81506,9009,520,4827.73711538539,2.439200005028397,52941.28010002896,4799.688292886413
1791077515,1000,,Aggregated,184.000000,5.300000,520,790,2000,7000,19000,31000,32000,36000,42000,52000,53000,81657,9012,520,4825.944916317055,2.439200005028397,52941.28010002896,4800.430740781562
1791077516,1000,,Aggregated,193.900000,5.100000,520,790,2000,6900,19000,31000,32000,36000,42000,52000,53000,81872,9018,520,4817.997774488244,2.439200005028397,52941.28010002896,4801.78268516709
1791077517,1000,,Aggregated,195.800000,4.200000,520,790,2000,6900,19000,31000,32000,36000,42000,52000,53000,82043,9028,520,4815.067296418964,2.439200005028397,52941.28010002896,4802.4649391172925
1791077518,1000,,Aggregated,197.300000,4.100000,520,780,2000,6900,19000,31000,32000,36000,42000,52000,53000,82228,9031,520,4809.63500246269,2.439200005028397,52941.28010002896,4803.567908741548
1791077519,1000,,Aggregated,196.300000,4.400000,520,780,2000,6800,18000,31000,32000,36000,42000,52000,53000,82487,9035,520,4799.947704868672,2.439200005028397,52941.28010002896,4805.235758361924
1791077520,1000,,Aggregated,192.200000,4.600000,520,780,2000,6800,18000,31000,32000,36000,42000,52000,53000,82612,9041,520,4799.3377921597485,2.439200005028397,52941.28010002896,4805.751791507287
1791077521,1000,,Aggregated,199.700000,4.800000,520,780,2000,6800,18000,31000,32000,36000,42000,52000,53000,82782,9043,520,4795.145156761138,2.439200005028397,52941.28010002896,4807.103379961827
1791077522,1000,,Aggregated,193.000000,4.600000,520,780,2000,6800,18000,31000,32000,36000,42000,52000,53000,83043,9050,520,4787.403728590014,2.439200005028397,52941.28010002896,4808.810050214949
1791077523,1000,,Aggregated,188.400000,4.400000,520,780,2000,6800,18000,31000,32000,36000,42000,52000,53000,83193,9056,520,4786.851682190822,2.439200005028397,52941.28010002896,4808.911398795572
1791077524,1000,,Aggregated,184.900000,4.600000,520,780,2000,6800,18000,31000,32000,36000,42000,52000,53000,83413,9063,520,4783.511656751355,2.439200005028397,52941.28010002896,4809.952045844173
1791077525,1000,,Aggregated,192.000000,5.000000,520,770,2000,6700,18000,31000,32000,36000,42000,52000,53000,83632,9065,520,4776.845096850508,2.439200005028397,52941.28010002896,4811.977962980677
1791077526,1000,,Aggregated,180.200000,4.800000,520,770,2000,6700,18000,31000,32000,36000,42000,52000,53000,83765,9069,520,4774.442656041324,2.439200005028397,52941.28010002896,4812.6985495135195
1791077528,1000,,Aggregated,183.100000,5.200000,520,770,2000,6700,18000,31000,32000,36000,42000,52000,53000,83946,9072,520,4769.507873680718,2.439200005028397,52941.28010002896,4814.25004169347
1791077529,1000,,Aggregated,177.800000,4.500000,520,770,2000,6700,18000,31000,32000,36000,42000,52000,53000,84151,9078,520,4763.049623646799,2.439200005028397,52941.28010002896,4815.55762854868
1791077530,1000,,Aggregated,179.800000,4.300000,520,770,2000,6700,18000,31000,32000,36000,42000,52000,53000,84373,9078,520,4761.32824253495,2.439200005028397,52941.28010002896,4815.928164223152
1791077531,1000,,Aggregated,182.100000,4.400000,520,770,2000,6700,18000,31000,32000,36000,42000,52000,53000,84545,9080,520,4760.482784996166,2.439200005028397,52941.28010002896,4816.437908805961
1791077532,1000,,Aggregated,182.100000,4.400000,520,770,2000,6700,18000,31000,32000,36000,42000,52000,53000,84699,9086,520,4756.34787923117,2.439200005028397,52941.28010002896,4817.559758674837
1791077533,1000,,Aggregated,184.300000,3.800000,530,770,2000,6600,18000,31000,32000,36000,42000,52000,53000,84931,9098,530,4750.421297946577,2.439200005028397,52941.28010002896,4818.862723858191
1791077534,1000,,Aggregated,185.200000,4.100000,520,770,2000,6600,18000,31000,32000,36000,42000,52000,53000,85168,9107,520,4747.628139343424,2.439200005028397,52941.28010002896,4819.723041517941
1791077535,1000,,Aggregated,181.000000,4.100000,520,770,2000,6600,18000,31000,32000,36000,42000,52000,53000,85335,9113,520,4746.667397331706,2.439200005028397,52941.28010002896,4820.294310657995
1791077536,1000,,Aggregated,191.000000,4.900000,520,770,2000,6600,18000,31000,32000,36000,42000,52000,53000,85493,9122,520,4743.8093256956845,2.439200005028397,52941.28010002896,4821.091118571111
1791077537,1000,,Aggregated,189.000000,5.000000,530,770,2000,6500,18000,31000,32000,36000,42000,52000,53000,85760,9125,530,4732.926394301561,2.439200005028397,52941.28010002896,4823.163747667911
1791077538,1000,,Aggregated,178.000000,5.300000,520,770,2000,6500,18000,31000,32000,36000,42000,52000,53000,85895,9129,520,4732.933335295443,2.439200005028397,52941.28010002896,4823.32875021829
1791077539,1000,,Aggregated,194.900000,5.500000,520,760,2000,6500,18000,31000,32000,36000,42000,52000,53000,86113,9134,520,4728.398968153506,2.439200005028397,52941.28010002896,4824.583674938744
1791077540,1000,,Aggregated,192.500000,5.600000,520,760,2000,6500,18000,31000,32000,36000,42000,52000,53000,86324,9139,520,4721.258234572108,2.439200005028397,52941.28010002896,4826.182162550392
1791077541,1000,,Aggregated,188.700000,5.400000,520,760,2000,6500,18000,31000,32000,36000,42000,52000,53000,86506,9146,520,4719.382557322069,2.439200005028397,52941.28010002896,4826.519501537466
1791077542,1000,,Aggregated,183.900000,6.000000,520,760,2000,6500,18000,31000,32000,36000,42000,52000,53000,86690,9150,520,4714.815415194406,2.439200005028397,52941.28010002896,4827.3178913369475
1791077543,1000,,Aggregated,192.000000,6.400000,520,760,2000,6400,18000,31000,32000,36000,42000,52000,53000,86901,9152,520,4707.857371878388,2.439200005028397,52941.28010002896,4828.56096017307
1791077544,1000,,Aggregated,192.100000,6.300000,520,760,2000,6400,18000,31000,32000,36000,42000,52000,53000,87051,9165,520,4705.977451771998,2.439200005028397,52941.28010002896,4828.907812661543
1791077545,1000,,Aggregated,191.400000,5.600000,520,760,2000,6400,18000,31000,32000,36000,42000,52000,53000,87225,9171,520,4702.165129801133,2.439200005028397,52941.28010002896,4829.738354829464
1791077546,1000,,Aggregated,185.700000,5.100000,520,760,2000,6300,18000,31000,32000,36000,42000,52000,53000,87426,9178,520,4696.360340491424,2.439200005028397,52941.28010002896,4831.109887218905
1791077547,1000,,Aggregated,182.400000,5.400000,530,760,2000,6300,18000,31000,32000,36000,42000,52000,53000,87538,9186,530,4695.1838239999,2.439200005028397,52941.28010002896,4831.551074961731
1791077548,1000,,Aggregated,189.400000,5.700000,530,760,2000,6300,18000,31000,32000,36000,42000,52000,53000,87700,9200,530,4694.246814584988,2.439200005028397,52941.28010002896,4832.224526795895
1791077549,1000,,Aggregated,176.700000,5.900000,530,760,2000,6300,17000,31000,32000,36000,42000,52000,53000,87877,9206,530,4689.886939830715,2.439200005028397,52941.28010002896,4833.143086359343
1791077550,1000,,Aggregated,172.300000,6.200000,530,760,2000,6300,17000,31000,32000,36000,42000,52000,53000,87996,9218,530,4689.386134383426,2.439200005028397,52941.28010002896,4833.24699986363
1791077551,1000,,Aggregated,174.100000,6.800000,530,770,2000,6300,17000,31000,32000,36000,42000,52000,53000,88136,9230,530,4688.347728695465,2.439200005028397,52941.28010002896,4833.7907778887175
1791077552,1000,,Aggregated,171.000000,7.100000,530,770,2000,6300,17000,31000,32000,36000,42000,52000,53000,88305,9241,530,4686.373234078515,2.439200005028397,52941.28010002896,4834.675171281355
1791077553,1000,,Aggregated,158.400000,7.900000,530,770,1900,6200,17000,31000,32000,36000,42000,52000,53000,88456,9251,530,4684.207252544798,2.439200005028397,52941.28010002896,4835.359059871575
1791077554,1000,,Aggregated,156.700000,8.100000,530,770,1900,6200,17000,31000,32000,36000,42000,52000,53000,88596,9256,530,4682.016108883054,2.439200005028397,52941.28010002896,4836.036784956432
1791077555,1000,,Aggregated,151.400000,9.100000,530,770,1900,6200,17000,31000,32000,36000,42000,52000,53000,88754,9268,530,4680.862248376444,2.439200005028397,52941.28010002896,4836.477161592717
1791077556,1000,,Aggregated,148.200000,9.400000,530,770,1800,6200,17000,31000,32000,36000,42000,52000,53000,88923,9275,530,4678.372748792806,2.439200005028397,52941.28010002896,4837.2183237182735
1791077557,1000,,Aggregated,147.300000,9.000000,530,770,1800,6200,17000,31000,32000,36000,42000,52000,53000,89057,9281,530,4678.293592623853,2.439200005028397,52941.28010002896,4837.539227685639
1791077559,1000,,Aggregated,146.700000,9.200000,530,770,1800,6200,18000,31000,32000,36000,42000,52000,53000,89192,9301,530,4681.569088855527,2.439200005028397,52941.28010002896,4837.2673446048975
1791077560,1000,,Aggregated,146.700000,9.200000,530,770,1800,6200,18000,31000,32000,36000,42000,52000,53000,89350,9312,530,4680.927032632368,2.439200005028397,52941.28010002896,4837.773575825406
1791077561,1000,,Aggregated,142.100000,9.700000,530,770,1800,6200,18000,31000,32000,36000,42000,52000,53000,89547,9334,530,4680.949576715049,2.439200005028397,52941.28010002896,4837.605581426514
1791077562,1000,,Aggregated,143.900000,10.300000,530,770,1800,6200,18000,31000,32000,36000,42000,52000,53000,89724,9356,530,4680.933003208757,2.439200005028397,52941.28010002896,4836.811666889573
1791077563,1000,,Aggregated,149.300000,10.600000,530,770,1800,6200,18000,31000,32000,36000,42000,52000,53000,89876,9373,530,4679.882715111962,2.439200005028397,52941.28010002896,4836.747808091148
1791077564,1000,,Aggregated,152.400000,12.300000,530,770,1800,6200,18000,31000,32000,36000,42000,52000,53000,90048,9397,530,4681.175046312007,2.439200005028397,52941.28010002896,4836.687044687278
1791077565,1000,,Aggregated,152.000000,12.700000,540,770,1800,6200,18000,31000,32000,36000,42000,52000,53000,90209,9418,540,4680.661616574889,2.439200005028397,52941.28010002896,4836.460852021417
1791077566,1000,,Aggregated,152.500000,14.000000,530,770,1800,6200,18000,31000,32000,36000,42000,52000,53000,90439,9444,530,4677.870615083141,2.439200005028397,52941.28010002896,4836.205552914119
1791077567,1000,,Aggregated,156.400000,15.500000,540,770,1800,6200,18000,31000,32000,36000,42000,52000,53000,90544,9465,540,4680.471582178879,2.439200005028397,52941.28010002896,4835.31477513695
1791077568,1000,,Aggregated,161.500000,16.900000,540,770,1800,6200,18000,31000,32000,36000,42000,52000,53000,90724,9488,540,4678.215975317496,2.439200005028397,52941.28010002896,4835.143986155813
1791077569,1000,,Aggregated,157.300000,19.000000,540,770,1800,6100,18000,31000,32000,36000,42000,52000,53000,90860,9514,540,4675.277550027564,2.439200005028397,52941.28010002896,4834.64849218578
1791077570,1000,,Aggregated,161.400000,20.400000,540,770,1800,6100,18000,31000,32000,36000,42000,52000,53000,91019,9549,540,4672.804534202801,2.439200005028397,52941.28010002896,4833.670255660906
1791077571,1000,,Aggregated,161.700000,20.700000,540,770,1800,6100,18000,31000,32000,36000,42000,52000,53000,91138,9583,540,4670.865295166729,2.439200005028397,52941.28010002896,4832.388421953521
1791077572,1000,,Aggregated,163.700000,22.800000,540,780,1800,6000,18000,31000,32000,36000,42000,52000,53000,91365,9628,540,4667.795801577254,2.439200005028397,52941.28010002896,4831.683336069611
1791077573,1000,,Aggregated,157.400000,24.400000,540,780,1800,6000,18000,31000,32000,36000,42000,52000,53000,91505,9655,540,4667.005605898105,2.439200005028397,52941.28010002896,4831.120867712147
1791077574,1000,,Aggregated,154.300000,25.300000,540,780,1800,6000,18000,31000,32000,36000,42000,52000,53000,91681,9679,540,4666.932051949759,2.439200005028397,52941.28010002896,4830.420926909611
1791077575,1000,,Aggregated,160.500000,27.000000,540,780,1800,6000,18000,31000,32000,36000,42000,52000,53000,91834,9710,540,4665.812902189878,2.439200005028397,52941.28010002896,4829.691192804408
1791077576,1000,,Aggregated,161.300000,27.400000,540,780,1900,6000,18000,31000,32000,36000,42000,52000,53000,92066,9764,540,4662.790573018333,2.439200005028397,52941.28010002896,4828.071752872939
1791077577,1000,,Aggregated,155.400000,28.100000,540,780,1900,6000,18000,31000,32000,36000,42000,52000,53000,92222,9787,540,4663.391453214047,2.439200005028397,52941.28010002896,4827.513185573941
1791077578,1000,,Aggregated,153.600000,30.000000,540,780,1900,6000,18000,31000,32000,36000,42000,52000,53000,92383,9809,540,4662.778161930289,2.439200005028397,52941.28010002896,4826.987757487849
1791077579,1000,,Aggregated,161.000000,30.600000,540,780,1900,5900,18000,31000,32000,36000,42000,52000,53000,92598,9859,540,4660.702078247977,2.439200005028397,52941.28010002896,4825.573295319553
1791077580,1000,,Aggregated,160.000000,30.900000,540,780,2000,5900,18000,31000,32000,36000,42000,52000,53000,92766,9907,540,4659.071244564887,2.439200005028397,52941.28010002896,4823.728575124507
1791077581,1000,,Aggregated,160.600000,31.200000,540,780,2000,5900,18000,31000,32000,36000,42000,52000,53000,92914,9930,540,4660.085699385528,2.439200005028397,52941.28010002896,4823.240232903545
1791077582,1000,,Aggregated,165.200000,33.100000,540,780,2000,5900,18000,31000,32000,36000,42000,52000,53000,93045,9947,540,4656.96585800964,2.439200005028397,52941.28010002896,4823.188854855178
1791077583,1000,,Aggregated,170.400000,34.400000,540,780,2000,5900,18000,31000,32000,36000,42000,52000,53000,93232,9984,540,4653.885303759512,2.439200005028397,52941.28010002896,4822.437457096276
1791077584,1000,,Aggregated,167.900000,32.700000,540,780,2000,5900,18000,31000,32000,36000,42000,52000,53000,93452,10037,540,4655.596542755714,2.439200005028397,52941.28010002896,4820.160488807088
1791077585,1000,,Aggregated,160.600000,31.400000,540,780,2000,5900,18000,31000,32000,36000,42000,52000,53000,93557,10054,540,4655.77409046364,2.439200005028397,52941.28010002896,4819.706531846896
1791077587,1000,,Aggregated,164.400000,32.700000,540,780,2000,5800,18000,31000,32000,36000,42000,52000,53000,93692,10071,540,4653.815603147623,2.439200005028397,52941.28010002896,4819.701095077488
1791077588,1000,,Aggregated,163.700000,31.700000,550,780,2000,5800,18000,31000,32000,36000,42000,52000,53000,93895,10124,550,4649.860855712307,2.439200005028397,52941.28010002896,4818.156227701155
1791077589,1000,,Aggregated,156.100000,30.000000,550,790,2000,5800,18000,31000,32000,36000,42000,52000,53000,94073,10170,550,4647.733611686747,2.439200005028397,52941.28010002896,4816.647837317828
1791077590,1000,,Aggregated,161.500000,32.400000,550,780,2000,5700,18000,31000,32000,35000,42000,52000,53000,94331,10204,550,4645.398122029946,2.439200005028397,52941.28010002896,4816.263540087564
1791077591,1000,,Aggregated,165.300000,35.000000,550,780,2000,5800,18000,31000,32000,35000,42000,52000,53000,94549,10218,550,4647.455443659979,2.439200005028397,52941.28010002896,4815.880633322404
1791077592,1000,,Aggregated,159.000000,32.800000,550,780,2000,5700,18000,31000,32000,35000,42000,52000,53000,94726,10230,550,4644.608880635807,2.439200005028397,52941.28010002896,4815.816037835441
1791077593,1000,,Aggregated,157.800000,29.100000,550,780,2000,5700,18000,31000,32000,35000,42000,52000,53000,94982,10268,550,4641.77022320131,2.439200005028397,52941.28010002896,4814.610010317744
1791077594,1000,,Aggregated,165.700000,28.600000,540,780,2000,5700,18000,31000,32000,35000,42000,52000,53000,95173,10281,540,4639.683161859001,2.439200005028397,52941.28010002896,4814.68528889496
1791077595,1000,,Aggregated,174.700000,28.600000,550,780,2000,5700,18000,31000,32000,35000,42000,52000,53000,95297,10289,550,4638.089477128416,2.439200005028397,52941.28010002896,4814.912358206449
1791077596,1000,,Aggregated,177.600000,27.900000,540,780,2000,5700,18000,31000,32000,35000,42000,52000,53000,95572,10297,540,4630.879447165552,2.439200005028397,52941.28010002896,4816.268917674633
1791077597,1000,,Aggregated,173.600000,24.300000,540,780,2000,5700,18000,31000,32000,35000,42000,52000,53000,95735,10325,540,4629.277094357407,2.439200005028397,52941.28010002896,4815.431399174806
1791077598,1000,,Aggregated,183.200000,23.800000,550,780,2000,5700,17000,31000,32000,35000,42000,52000,53000,95928,10340,550,4625.397033586719,2.439200005028397,52941.28010002896,4815.897714952881
1791077599,1000,,Aggregated,193.300000,23.300000,540,780,2000,5600,17000,31000,32000,35000,42000,52000,53000,96160,10340,540,4618.761146150234,2.439200005028397,52941.28010002896,4817.484390599002
1791077600,1000,,Aggregated,187.300000,21.000000,540,780,2000,5600,17000,31000,32000,35000,42000,52000,53000,96358,10349,540,4616.461744752969,2.439200005028397,52941.28010002896,4817.858787023392
1791077601,1000,,Aggregated,188.700000,17.400000,540,780,2000,5600,17000,31000,32000,35000,42000,52000,53000,96455,10353,540,4615.4031784501285,2.439200005028397,52941.28010002896,4818.208532476284
1791077602,1000,,Aggregated,194.700000,14.300000,540,780,1900,5600,17000,31000,32000,35000,42000,52000,53000,96574,10354,540,4612.832152437586,2.439200005028397,52941.28010002896,4819.136392817943
1791077604,1000,,Aggregated,199.100000,14.200000,550,780,1900,5500,17000,31000,32000,35000,42000,52000,53000,96856,10375,550,4605.559315619144,2.439200005028397,52941.28010002896,4819.83705707442
1791077605,1000,,Aggregated,177.600000,11.500000,550,780,1900,5600,17000,31000,32000,35000,42000,52000,53000,96981,10386,550,4608.466986131389,2.439200005028397,52941.28010002896,4819.42514513152
1791077606,1000,,Aggregated,182.400000,10.400000,540,780,1900,5600,17000,31000,32000,35000,42000,52000,53000,97177,10393,540,4606.247643518613,2.439200005028397,52941.28010002896,4820.053047531824
1791077607,1000,,Aggregated,176.200000,10.500000,540,780,1900,5600,17000,31000,32000,35000,42000,52000,53000,97408,10396,540,4605.003963179698,2.439200005028397,52941.28010002896,4820.80773653088
1791077608,1000,,Aggregated,176.600000,10.100000,540,780,1900,5600,17000,31000,32000,35000,42000,52000,53000,97626,10396,540,4605.894168379413,2.439200005028397,52941.28010002896,4820.856585335873
1791077609,1000,,Aggregated,176.100000,9.200000,540,780,1900,5600,17000,31000,32000,35000,42000,52000,53000,97741,10398,540,4603.419686844912,2.439200005028397,52941.28010002896,4821.485262070165
1791077610,1000,,Aggregated,184.600000,6.800000,540,780,1800,5600,17000,31000,32000,35000,42000,52000,53000,97911,10406,540,4600.176111830208,2.439200005028397,52941.28010002896,4822.403897417042
1791077611,1000,,Aggregated,177.700000,5.800000,550,790,1800,5600,17000,31000,32000,35000,42000,52000,53000,98073,10414,550,4597.748209762184,2.439200005028397,52941.28010002896,4823.228442078859
1791077612,1000,,Aggregated,171.800000,6.000000,550,790,1800,5500,17000,31000,32000,35000,42000,52000,53000,98334,10417,550,4593.618891483174,2.439200005028397,52941.28010002896,4824.3262350763725
1791077613,1000,,Aggregated,166.500000,6.300000,550,790,1800,5500,17000,31000,32000,35000,42000,52000,53000,98442,10420,550,4592.9952021810495,2.439200005028397,52941.28010002896,4824.539698502672
1791077614,1000,,Aggregated,166.500000,6.300000,550,780,1700,5500,17000,31000,32000,35000,42000,52000,53000,98592,10422,550,4589.211987601502,2.439200005028397,52941.28010002896,4825.4933463161315
1791077615,1000,,Aggregated,182.200000,6.600000,550,790,1700,5500,17000,31000,32000,35000,42000,52000,53000,98769,10434,550,4584.798552402138,2.439200005028397,52941.28010002896,4826.1776873310455
1791077616,1000,,Aggregated,173.600000,4.700000,550,790,1700,5400,17000,31000,32000,35000,42000,52000,53000,98957,10465,550,4579.3054058127,2.439200005028397,52941.28010002896,4826.087543074264
1791077617,1000,,Aggregated,165.200000,3.600000,550,790,1700,5500,17000,31000,32000,35000,42000,52000,53000,99180,10472,550,4580.068019602815,2.439200005028397,52941.28010002896,4826.2915507158705
1791077618,1000,,Aggregated,166.700000,5.500000,550,790,1700,5500,17000,31000,32000,35000,42000,52000,53000,99323,10476,550,4579.711152213553,2.439200005028397,52941.28010002896,4826.668042648732
1791077619,1000,,Aggregated,163.000000,7.300000,550,790,1700,5500,17000,31000,32000,35000,42000,52000,53000,99572,10478,550,4577.375632923987,2.439200005028397,52941.28010002896,4827.658970393283
1791077620,1000,,Aggregated,158.800000,7.600000,550,790,1700,5500,17000,31000,32000,35000,42000,52000,53000,99692,10480,550,4576.638498635881,2.439200005028397,52941.28010002896,4827.977259960679
1791077622,1000,,Aggregated,167.800000,7.600000,550,790,1600,5400,17000,31000,32000,35000,42000,52000,53000,99870,10484,550,4572.660454076382,2.439200005028397,52941.28010002896,4829.032972864724
1791077623,1000,,Aggregated,165.800000,6.800000,550,790,1600,5400,17000,31000,32000,35000,42000,52000,53000,100112,10490,550,4569.321563239249,2.439200005028397,52941.28010002896,4830.089220073518
1791077624,1000,,Aggregated,156.700000,6.600000,550,790,1600,5400,17000,31000,32000,35000,42000,52000,53000,100296,10492,550,4570.961594026761,2.439200005028397,52941.28010002896,4829.924184414134
1791077625,1000,,Aggregated,170.600000,7.000000,550,790,1600,5400,17000,31000,32000,35000,42000,52000,53000,100458,10497,550,4568.428905889102,2.439200005028397,52941.28010002896,4830.453702044636
1791077626,1000,,Aggregated,169.600000,7.000000,550,790,1600,5400,17000,31000,32000,35000,42000,52000,53000,100616,10501,550,4564.886759318681,2.439200005028397,52941.28010002896,4831.285044128171
1791077627,1000,,Aggregated,182.500000,7.500000,550,790,1600,5400,17000,31000,32000,35000,42000,52000,53000,100829,10507,550,4559.941823451669,2.439200005028397,52941.28010002896,4832.463130646937
1791077628,1000,,Aggregated,176.700000,5.300000,550,790,1600,5400,17000,31000,32000,35000,42000,52000,53000,101040,10508,550,4556.915256135276,2.439200005028397,52941.28010002896,4833.137351543943
1791077629,1000,,Aggregated,177.300000,3.700000,550,790,1600,5400,17000,31000,32000,35000,42000,52000,53000,101189,10516,550,4556.443536602868,2.439200005028397,52941.28010002896,4833.372481198549
1791077630,1000,,Aggregated,180.700000,3.600000,550,780,1600,5300,17000,31000,31000,35000,42000,52000,53000,101372,10521,550,4552.661246351139,2.439200005028397,52941.28010002896,4834.3585506846075
1791077631,1000,,Aggregated,179.400000,3.600000,550,780,1600,5300,17000,31000,31000,35000,42000,52000,53000,101539,10528,550,4550.317310557601,2.439200005028397,52941.28010002896,4835.040733117325
1791077632,1000,,Aggregated,175.500000,3.900000,550,780,1600,5300,17000,31000,31000,35000,42000,52000,53000,101745,10536,550,4546.517813445457,2.439200005028397,52941.28010002896,4835.926876013564
1791077633,1000,,Aggregated,180.400000,4.500000,550,780,1600,5300,17000,31000,31000,35000,42000,52000,53000,101900,10547,550,4546.91437139753,2.439200005028397,52941.28010002896,4836.261050049067
1791077634,1000,,Aggregated,182.500000,4.800000,550,780,1600,5300,17000,31000,31000,35000,42000,52000,53000,102020,10556,550,4545.778368860109,2.439200005028397,52941.28010002896,4836.55475396981
1791077635,1000,,Aggregated,169.700000,5.200000,550,780,1500,5200,17000,31000,31000,35000,42000,52000,53000,102225,10560,550,4541.891877620039,2.439200005028397,52941.28010002896,4837.783546099291
1791077636,1000,,Aggregated,166.000000,5.800000,550,790,1500,5200,17000,31000,31000,35000,42000,52000,53000,102273,10562,550,4541.324878308138,2.439200005028397,52941.28010002896,4838.015018626617
1791077637,1000,,Aggregated,165.000000,5.900000,550,790,1500,5200,17000,31000,31000,35000,42000,52000,53000,102445,10568,550,4537.75932554843,2.439200005028397,52941.28010002896,4839.072253404266
1791077638,1000,,Aggregated,163.600000,5.900000,550,790,1500,5200,17000,31000,31000,35000,42000,52000,53000,102582,10574,550,4536.082032263056,2.439200005028397,52941.28010002896,4839.709256984656
1791077639,1000,,Aggregated,157.600000,5.900000,550,790,1500,5200,17000,31000,31000,35000,42000,52000,53000,102735,10582,550,4534.933796646803,2.439200005028397,52941.28010002896,4840.135932252883
1791077640,1000,,Aggregated,150.100000,6.200000,550,790,1500,5200,17000,31000,31000,35000,42000,52000,53000,102863,10590,550,4533.570010643378,2.439200005028397,52941.28010002896,4840.548836802349
1791077641,1000,,Aggregated,149.000000,6.400000,550,790,1500,5200,17000,31000,31000,35000,42000,52000,53000,102989,10600,550,4533.8003199177565,2.439200005028397,52941.28010002896,4840.820922622805
1791077642,1000,,Aggregated,144.300000,6.500000,550,790,1500,5100,17000,31000,31000,35000,42000,52000,53000,103171,10610,550,4532.549774170163,2.439200005028397,52941.28010002896,4841.406073412102
1791077643,1000,,Aggregated,137.500000,6.600000,550,790,1500,5200,17000,31000,31000,35000,42000,52000,53000,103295,10623,550,4534.273256480078,2.439200005028397,52941.28010002896,4841.306355583523
1791077644,1000,,Aggregated,132.700000,7.300000,550,790,1500,5100,17000,31000,31000,35000,42000,52000,53000,103507,10646,550,4533.385398989538,2.439200005028397,52941.28010002896,4841.226380824485
1791077645,1000,,Aggregated,139.200000,6.800000,550,790,1500,5200,17000,31000,31000,35000,42000,52000,53000,103601,10650,550,4535.74616240876,2.439200005028397,52941.28010002896,4841.08037567205
1791077646,1000,,Aggregated,137.300000,7.600000,550,790,1500,5200,17000,31000,31000,35000,42000,52000,53000,103692,10660,550,4537.422906895513,2.439200005028397,52941.28010002896,4841.095918682251
1791077648,1000,,Aggregated,143.400000,9.100000,560,790,1500,5100,17000,31000,31000,35000,42000,52000,53000,103877,10679,560,4536.483609735642,2.439200005028397,52941.28010002896,4841.533380825399
1791077649,1000,,Aggregated,132.700000,9.500000,560,800,1500,5100,17000,31000,31000,35000,42000,52000,53000,104053,10708,560,4535.353608151708,2.439200005028397,52941.28010002896,4840.837582770319
1791077650,1000,,Aggregated,137.300000,10.900000,560,800,1500,5100,17000,31000,31000,35000,42000,52000,53000,104173,10736,560,4534.959546440147,2.439200005028397,52941.28010002896,4840.242097280486
1791077651,1000,,Aggregated,141.200000,13.200000,560,800,1500,5100,17000,31000,31000,35000,42000,52000,53000,104318,10765,560,4538.056001101533,2.439200005028397,52941.28010002896,4839.472123698691
1791077652,1000,,Aggregated,136.600000,15.200000,560,800,1500,5100,17000,31000,31000,35000,42000,52000,53000,104491,10805,560,4536.112578312096,2.439200005028397,52941.28010002896,4838.590826004153
1791077653,1000,,Aggregated,141.400000,17.100000,560,800,1500,5100,17000,31000,31000,35000,42000,52000,53000,104629,10840,560,4538.674213354891,2.439200005028397,52941.28010002896,4837.7154899693205
1791077654,1000,,Aggregated,146.700000,20.100000,560,800,1500,5100,17000,31000,31000,35000,42000,52000,53000,104831,10865,560,4538.169839789843,2.439200005028397,52941.28010002896,4837.672234358158
1791077655,1000,,Aggregated,140.200000,22.200000,560,800,1500,5100,17000,31000,31000,35000,42000,52000,53000,105023,10902,560,4542.982050141482,2.439200005028397,52941.28010002896,4836.253449244451
1791077656,1000,,Aggregated,146.000000,23.400000,560,800,1500,5100,17000,31000,31000,35000,42000,52000,53000,105167,10930,560,4542.6469618017945,2.439200005028397,52941.28010002896,4835.607224699763
1791077657,1000,,Aggregated,146.500000,24.200000,560,800,1500,5100,17000,31000,31000,35000,42000,52000,53000,105371,10954,560,4540.321567095399,2.439200005028397,52941.28010002896,4835.420286416566
1791077658,1000,,Aggregated,150.100000,26.400000,560,800,1500,5100,17000,31000,31000,35000,42000,52000,53000,105560,10986,560,4540.826206900429,2.439200005028397,52941.28010002896,4834.880229253505
1791077659,1000,,Aggregated,165.300000,28.600000,560,800,1500,5000,17000,31000,31000,35000,42000,52000,53000,105716,11026,560,4540.658586149774,2.439200005028397,52941.28010002896,4833.642911196034
1791077660,1000,,Aggregated,158.500000,29.200000,560,800,1500,5000,17000,31000,31000,35000,42000,52000,53000,105872,11054,560,4539.982945817682,2.439200005028397,52941.28010002896,4833.183929650899
1791077661,1000,,Aggregated,161.300000,30.500000,560,800,1500,5000,17000,31000,31000,35000,42000,52000,53000,106032,11085,560,4539.823528728206,2.439200005028397,52941.28010002896,4832.563603440471
1791077662,1000,,Aggregated,172.100000,31.800000,560,800,1500,5000,17000,31000,31000,35000,42000,52000,53000,106205,11125,560,4537.433282098867,2.439200005028397,52941.28010002896,4831.6808530671815
1791077663,1000,,Aggregated,170.900000,31.500000,560,810,1600,5000,17000,31000,31000,35000,42000,52000,53000,106304,11174,560,4538.013687856624,2.439200005028397,52941.28010002896,4829.714620334136
1791077664,1000,,Aggregated,169.200000,29.700000,560,810,1500,4900,17000,31000,31000,35000,42000,52000,53000,106565,11213,560,4534.030572260224,2.439200005028397,52941.28010002896,4829.6707455543565
1791077665,1000,,Aggregated,166.000000,31.400000,560,810,1600,4900,17000,31000,31000,35000,42000,52000,53000,106756,11258,560,4533.306778962415,2.439200005028397,52941.28010002896,4828.208943759601
1791077666,1000,,Aggregated,166.600000,33.700000,560,810,1600,4900,17000,31000,31000,35000,42000,52000,53000,106974,11290,560,4534.624819822681,2.439200005028397,52941.28010002896,4827.005842541178
1791077667,1000,,Aggregated,163.600000,34.200000,560,810,1600,4900,17000,31000,31000,35000,42000,52000,53000,107101,11330,560,4536.137401324092,2.439200005028397,52941.28010002896,4825.581385794717
1791077668,1000,,Aggregated,169.400000,36.000000,560,810,1600,4900,17000,31000,31000,35000,42000,52000,53000,107318,11382,560,4532.13382987953,2.439200005028397,52941.28010002896,4824.201503941556
1791077669,1000,,Aggregated,165.400000,35.500000,560,810,1600,4900,17000,31000,31000,35000,42000,52000,53000,107546,11411,560,4530.703528612976,2.439200005028397,52941.28010002896,4823.527811355141
1791077670,1000,,Aggregated,168.800000,37.900000,560,810,1600,4900,17000,31000,31000,34000,42000,52000,53000,107718,11431,560,4531.265629750936,2.439200005028397,52941.28010002896,4822.960155220112
1791077671,1000,,Aggregated,170.700000,37.500000,560,810,1600,4900,17000,31000,31000,34000,42000,52000,53000,107930,11466,560,4527.51513106283,2.439200005028397,52941.28010002896,4822.316242008709
1791077673,1000,,Aggregated,174.600000,35.500000,560,810,1600,4800,17000,31000,31000,34000,42000,52000,53000,108136,11496,560,4524.674809472434,2.439200005028397,52941.28010002896,4821.85100244137
1791077674,1000,,Aggregated,175.900000,36.400000,560,810,1600,4800,17000,31000,31000,34000,42000,52000,53000,108361,11546,560,4522.04719944824,2.439200005028397,52941.28010002896,4820.380164450309
1791077675,1000,,Aggregated,187.800000,35.000000,560,810,1600,4800,17000,31000,31000,34000,42000,52000,53000,108548,11567,560,4520.553407322212,2.439200005028397,52941.28010002896,4820.024394737812
1791077676,1000,,Aggregated,188.900000,34.700000,560,810,1600,4800,17000,31000,31000,34000,42000,52000,53000,108716,11575,560,4518.439707836118,2.439200005028397,52941.28010002896,4820.501968431509
1791077677,1000,,Aggregated,190.000000,33.400000,560,810,1600,4800,17000,31000,31000,34000,42000,52000,53000,108911,11620,560,4515.602084627911,2.439200005028397,52941.28010002896,4819.321023588067
1791077678,1000,,Aggregated,189.600000,30.100000,560,810,1600,4700,17000,31000,31000,34000,42000,52000,53000,109096,11645,560,4513.588888713707,2.439200005028397,52941.28010002896,4818.924378529002
1791077679,1000,,Aggregated,185.800000,31.100000,560,810,1600,4700,17000,31000,31000,34000,42000,52000,53000,109318,11657,560,4510.827681216365,2.439200005028397,52941.28010002896,4819.106542380944
1791077680,1000,,Aggregated,192.700000,29.200000,560,810,1600,4700,17000,31000,31000,34000,42000,52000,53000,109505,11673,560,4508.561384088497,2.439200005028397,52941.28010002896,4818.9725674626725
1791077681,1000,,Aggregated,191.700000,26.600000,560,800,1600,4700,17000,31000,31000,34000,42000,52000,53000,109741,11695,560,4505.361954726225,2.439200005028397,52941.28010002896,4818.67839731732
1791077682,1000,,Aggregated,183.400000,25.300000,560,800,1600,4700,17000,31000,31000,34000,42000,52000,53000,109903,11715,560,4502.731099444152,2.439200005028397,52941.28010002896,4818.310446484627
1791077683,1000,,Aggregated,193.400000,26.100000,560,800,1600,4600,17000,31000,31000,34000,42000,52000,53000,110085,11725,560,4498.031286605901,2.439200005028397,52941.28010002896,4819.007621383476
1791077684,1000,,Aggregated,189.400000,24.800000,560,800,1600,4600,17000,31000,31000,34000,42000,52000,53000,110306,11732,560,4494.248861066581,2.439200005028397,52941.28010002896,4819.746106286149
1791077685,1000,,Aggregated,185.600000,22.500000,560,800,1600,4600,17000,31000,31000,34000,42000,52000,53000,110545,11733,560,4493.107551412643,2.439200005028397,52941.28010002896,4820.083332579493
1791077686,1000,,Aggregated,185.300000,18.600000,560,800,1600,4600,17000,31000,31000,34000,42000,52000,53000,110727,11738,560,4490.730430339582,2.439200005028397,52941.28010002896,4820.414858164675
1791077687,1000,,Aggregated,190.000000,16.700000,560,800,1600,4600,17000,31000,31000,34000,42000,52000,53000,110971,11742,560,4486.674547827909,2.439200005028397,52941.28010002896,4821.217399140316
1791077688,1000,,Aggregated,190.300000,16.100000,560,800,1600,4600,17000,31000,31000,34000,42000,52000,53000,111122,11753,560,4484.6741032676755,2.439200005028397,52941.28010002896,4821.286234948975
1791077689,1000,,Aggregated,190.600000,12.600000,560,800,1500,4500,17000,31000,31000,34000,42000,52000,53000,111326,11756,560,4479.295134979351,2.439200005028397,52941.28010002896,4822.261457341501
1791077690,1000,,Aggregated,192.700000,10.700000,560,800,1500,4500,17000,31000,31000,34000,42000,52000,53000,111535,11762,560,4475.729133245266,2.439200005028397,52941.28010002896,4822.95363787152
1791077691,1000,,Aggregated,188.500000,10.000000,560,800,1500,4500,17000,31000,31000,34000,42000,52000,53000,111724,11763,560,4473.887457039764,2.439200005028397,52941.28010002896,4823.6407307292975
1791077692,1000,,Aggregated,192.100000,8.500000,550,800,1500,4500,17000,31000,31000,34000,42000,52000,53000,111940,11764,550,4471.291464766935,2.439200005028397,52941.28010002896,4824.151608004288
1791077693,1000,,Aggregated,187.700000,6.900000,550,800,1500,4500,17000,31000,31000,34000,42000,52000,53000,112089,11768,550,4469.875045710207,2.439200005028397,52941.28010002896,4824.715716974903
1791077694,1000,,Aggregated,192.200000,5.000000,550,800,1500,4400,17000,31000,31000,34000,42000,52000,53000,112217,11771,550,4467.225342505248,2.439200005028397,52941.28010002896,4825.342051560815
1791077695,1000,,Aggregated,197.500000,4.300000,550,800,1500,4300,17000,31000,31000,34000,42000,52000,53000,112516,11775,550,4459.825827078915,2.439200005028397,52941.28010002896,4826.803005794732
1791077697,1000,,Aggregated,191.600000,3.800000,550,800,1500,4400,17000,31000,31000,34000,42000,52000,53000,112668,11775,550,4461.766989344901,2.439200005028397,52941.28010002896,4826.512727660028
1791077698,1000,,Aggregated,190.900000,3.900000,550,790,1500,4400,17000,31000,31000,34000,42000,52000,53000,112828,11777,550,4457.978734007621,2.439200005028397,52941.28010002896,4827.395309674904
1791077699,1000,,Aggregated,190.500000,3.700000,550,790,1500,4300,17000,31000,31000,34000,42000,52000,53000,112993,11778,550,4453.706997322064,2.439200005028397,52941.28010002896,4828.359685998248
1791077700,1000,,Aggregated,180.000000,2.800000,560,790,1500,4200,17000,31000,31000,34000,42000,52000,53000,113146,11783,560,4450.5766668429405,2.439200005028397,52941.28010002896,4829.220723666766
1791077701,1000,,Aggregated,180.700000,2.400000,560,790,1500,4100,17000,31000,31000,34000,42000,52000,53000,113327,11789,560,4447.2019049433175,2.439200005028397,52941.28010002896,4829.906447713254
1791077702,1000,,Aggregated,177.300000,2.700000,560,790,1500,4000,17000,31000,31000,34000,42000,52000,53000,113498,11798,560,4445.556813469937,2.439200005028397,52941.28010002896,4830.400685474634
1791077703,1000,,Aggregated,176.400000,2.700000,560,790,1500,4000,17000,31000,31000,34000,42000,52000,53000,113667,11802,560,4443.1874845646635,2.439200005028397,52941.28010002896,4831.037574669869
1791077704,1000,,Aggregated,171.000000,3.200000,560,790,1500,3900,17000,31000,31000,34000,42000,52000,53000,113833,11809,560,4440.740397983991,2.439200005028397,52941.28010002896,4831.770251157397
1791077705,1000,,Aggregated,167.500000,3.600000,560,790,1400,3600,17000,31000,31000,34000,42000,52000,53000,114026,11814,560,4436.933729785414,2.439200005028397,52941.28010002896,4832.579210004736
1791077706,1000,,Aggregated,164.600000,4.000000,560,790,1400,3600,17000,31000,31000,34000,42000,52000,53000,114216,11824,560,4436.1090904401435,2.439200005028397,52941.28010002896,4832.807408769349
1791077707,1000,,Aggregated,173.300000,4.000000,560,790,1400,3500,17000,31000,31000,34000,42000,52000,53000,114369,11828,560,4434.815772055464,2.439200005028397,52941.28010002896,4833.28441273422
1791077708,1000,,Aggregated,164.900000,4.700000,560,790,1400,3400,17000,31000,31000,34000,42000,52000,53000,114532,11835,560,4432.6492006497,2.439200005028397,52941.28010002896,4833.879518387874
1791077709,1000,,Aggregated,163.100000,5.200000,560,790,1400,3300,17000,31000,31000,34000,42000,52000,53000,114714,11839,560,4428.569384233059,2.439200005028397,52941.28010002896,4834.739116411249
1791077710,1000,,Aggregated,165.800000,5.600000,560,790,1400,3300,17000,31000,31000,34000,42000,52000,53000,114887,11848,560,4428.290227089328,2.439200005028397,52941.28010002896,4834.937695300599
1791077711,1000,,Aggregated,165.000000,5.700000,560,790,1400,3300,17000,31000,31000,34000,42000,52000,53000,115015,11859,560,4428.568475214637,2.439200005028397,52941.28010002896,4835.126113985132
1791077712,1000,,Aggregated,168.300000,6.000000,560,790,1400,3200,17000,31000,31000,34000,42000,52000,53000,115222,11866,560,4426.062391436626,2.439200005028397,52941.28010002896,4836.00792383399
1791077713,1000,,Aggregated,162.000000,6.200000,560,790,1400,3300,17000,31000,31000,34000,42000,52000,53000,115374,11870,560,4428.644580154211,2.439200005028397,52941.28010002896,4836.053417581084
1791077714,1000,,Aggregated,162.800000,6.600000,560,780,1400,3200,17000,31000,31000,34000,42000,52000,53000,115552,11876,560,4426.416728992251,2.439200005028397,52941.28010002896,4836.624584602603
1791077715,1000,,Aggregated,167.400000,6.600000,560,780,1400,3200,17000,31000,31000,34000,42000,52000,53000,115720,11884,560,4424.205868507711,2.439200005028397,52941.28010002896,4837.293622537159
1791077716,1000,,Aggregated,170.400000,6.500000,560,790,1400,3100,17000,31000,31000,34000,42000,52000,53000,115856,11885,560,4422.286242464025,2.439200005028397,52941.28010002896,4838.0917431984535
1791077717,1000,,Aggregated,168.700000,6.700000,560,790,1400,3000,17000,31000,31000,34000,42000,52000,53000,116057,11891,560,4418.570957533046,2.439200005028397,52941.28010002896,4839.107300722921
1791077718,1000,,Aggregated,158.000000,6.200000,560,790,1400,3000,17000,31000,31000,34000,42000,52000,53000,116226,11903,560,4418.673015667001,2.439200005028397,52941.28010002896,4839.342109338702
1791077719,1000,,Aggregated,157.100000,5.900000,560,790,1400,3000,17000,31000,31000,34000,42000,52000,53000,116311,11911,560,4419.884591515961,2.439200005028397,52941.28010002896,4839.350749284246
1791077720,1000,,Aggregated,162.300000,6.400000,560,790,1400,3000,17000,31000,31000,34000,43000,52000,53000,116497,11923,560,4418.772563234359,2.439200005028397,52941.28010002896,4839.980943715289
1791077721,1000,,Aggregated,161.400000,6.800000,560,790,1400,3000,17000,31000,31000,34000,43000,52000,53000,116576,11940,560,4421.267698806896,2.439200005028397,52941.28010002896,4839.60840138622
1791077722,1000,,Aggregated,155.000000,7.100000,560,790,1400,3000,17000,31000,31000,34000,43000,52000,53000,116663,11945,560,4420.850047496746,2.439200005028397,52941.28010002896,4839.941558163257
1791077723,1000,,Aggregated,156.400000,7.400000,560,790,1400,2900,17000,31000,31000,34000,43000,52000,53000,116821,11975,560,4421.529592767675,2.439200005028397,52941.28010002896,4839.582001523699
1791077724,1000,,Aggregated,149.200000,7.800000,560,790,1500,2900,17000,31000,31000,34000,43000,52000,53000,116939,12008,560,4423.625474290123,2.439200005028397,52941.28010002896,4838.767049487339
1791077725,1000,,Aggregated,135.200000,7.900000,560,800,1500,2900,17000,31000,31000,34000,43000,52000,53000,117116,12041,560,4424.689096016018,2.439200005028397,52941.28010002896,4838.286946275488
1791077726,1000,,Aggregated,137.000000,10.200000,560,800,1500,2900,17000,31000,31000,34000,43000,52000,53000,117302,12073,560,4426.029606028134,2.439200005028397,52941.28010002896,4837.506231777805
1791077728,1000,,Aggregated,131.400000,13.000000,560,800,1500,2900,17000,31000,31000,34000,43000,52000,53000,117447,12095,560,4427.9559891143435,2.439200005028397,52941.28010002896,4836.701695232743
1791077729,1000,,Aggregated,143.200000,18.700000,560,800,1500,2900,17000,31000,31000,34000,43000,52000,53000,117554,12122,560,4429.404419548562,2.439200005028397,52941.28010002896,4835.896779352468
1791077730,1000,,Aggregated,136.200000,19.800000,560,800,1500,2900,17000,31000,31000,34000,43000,52000,53000,117720,12158,560,4428.457111156233,2.439200005028397,52941.28010002896,4835.288829425756
1791077731,1000,,Aggregated,132.000000,21.800000,560,800,1500,2800,17000,31000,31000,34000,43000,52000,53000,117871,12205,560,4428.4888573941935,2.439200005028397,52941.28010002896,4834.0676247762385
1791077732,1000,,Aggregated,134.700000,24.400000,560,810,1500,2800,17000,31000,31000,34000,43000,52000,53000,118041,12249,560,4428.271007951565,2.439200005028397,52941.28010002896,4833.018569818962
1791077733,1000,,Aggregated,135.000000,27.200000,560,810,1500,2800,17000,31000,31000,34000,43000,52000,53000,118194,12298,560,4429.148129780787,2.439200005028397,52941.28010002896,4831.624194121529
1791077734,1000,,Aggregated,144.500000,30.200000,560,810,1500,2800,17000,31000,31000,34000,43000,52000,53000,118439,12335,560,4430.25597260624,2.439200005028397,52941.28010002896,4830.675799356631
1791077735,1000,,Aggregated,152.000000,34.200000,560,810,1500,2800,17000,31000,31000,34000,43000,52000,53000,118609,12368,560,4430.433382058787,2.439200005028397,52941.28010002896,4829.805866333921
1791077736,1000,,Aggregated,159.400000,35.400000,560,810,1500,2800,17000,31000,31000,34000,43000,52000,53000,118815,12398,560,4429.773079746749,2.439200005028397,52941.28010002896,4829.344249463452
1791077737,1000,,Aggregated,162.200000,35.300000,560,810,1500,2700,17000,31000,31000,34000,43000,52000,53000,119024,12445,560,4429.490367541084,2.439200005028397,52941.28010002896,4827.956328135502
1791077738,1000,,Aggregated,164.500000,35.100000,560,810,1500,2800,17000,31000,31000,34000,43000,52000,53000,119220,12466,560,4430.09412446914,2.439200005028397,52941.28010002896,4827.546930045294
1791077739,1000,,Aggregated,165.700000,36.000000,560,810,1500,2700,17000,31000,31000,34000,43000,52000,53000,119408,12496,560,4428.75996579803,2.439200005028397,52941.28010002896,4827.006808589039
1791077740,1000,,Aggregated,172.300000,36.400000,560,810,1500,2700,17000,31000,31000,34000,43000,52000,53000,119639,12563,560,4427.033270199603,2.439200005028397,52941.28010002896,4825.255627345598
1791077741,1000,,Aggregated,179.200000,35.900000,560,810,1500,2700,17000,31000,31000,34000,43000,52000,53000,119793,12579,560,4425.379227220376,2.439200005028397,52941.28010002896,4825.260415884067
1791077742,1000,,Aggregated,181.400000,37.200000,560,810,1500,2600,17000,31000,31000,34000,43000,52000,53000,119958,12615,560,4425.068650867892,2.439200005028397,52941.28010002896,4824.4997749212225
1791077743,1000,,Aggregated,189.300000,37.600000,560,810,1500,2500,17000,31000,31000,34000,43000,52000,53000,120156,12650,560,4421.636167497341,2.439200005028397,52941.28010002896,4824.097864442891
1791077744,1000,,Aggregated,185.700000,35.700000,560,810,1500,2500,17000,31000,31000,34000,43000,52000,53000,120373,12703,560,4418.122332191691,2.439200005028397,52941.28010002896,4822.92244938649
1791077745,1000,,Aggregated,180.500000,33.900000,560,810,1500,2500,17000,31000,31000,34000,43000,52000,53000,120590,12730,560,4421.206485154742,2.439200005028397,52941.28010002896,4822.085056804047
1791077746,1000,,Aggregated,181.500000,33.900000,560,810,1500,2500,17000,31000,31000,34000,43000,52000,53000,120775,12744,560,4419.8466835289555,2.439200005028397,52941.28010002896,4822.044214448354
1791077747,1000,,Aggregated,189.400000,36.600000,560,810,1500,2500,17000,31000,31000,34000,43000,52000,53000,120966,12765,560,4418.053912310143,2.439200005028397,52941.28010002896,4821.708686738422
1791077748,1000,,Aggregated,185.700000,33.600000,560,810,1500,2400,17000,31000,31000,34000,43000,52000,53000,121157,12796,560,4415.44004483446,2.439200005028397,52941.28010002896,4821.006751570277
1791077750,1000,,Aggregated,187.500000,30.600000,560,810,1500,2400,17000,31000,31000,34000,43000,52000,53000,121386,12816,560,4411.395338660213,2.439200005028397,52941.28010002896,4821.335829502578
1791077751,1000,,Aggregated,181.200000,31.600000,560,810,1500,2400,17000,31000,31000,34000,43000,52000,53000,121577,12830,560,4407.975462919871,2.439200005028397,52941.28010002896,4821.575725671796
1791077752,1000,,Aggregated,184.200000,28.600000,560,810,1500,2400,17000,31000,31000,33000,43000,52000,53000,121841,12857,560,4406.561535368304,2.439200005028397,52941.28010002896,4820.929670636321
1791077753,1000,,Aggregated,180.600000,25.700000,560,810,1500,2400,17000,31000,31000,33000,42000,52000,53000,122041,12867,560,4405.566172674011,2.439200005028397,52941.28010002896,4820.96106226596
1791077754,1000,,Aggregated,184.700000,25.300000,560,810,1500,2400,17000,31000,31000,33000,42000,52000,53000,122284,12872,560,4403.080922299798,2.439200005028397,52941.28010002896,4821.357430244349
1791077755,1000,,Aggregated,193.700000,23.400000,560,810,1500,2400,17000,31000,31000,33000,42000,52000,53000,122440,12877,560,4400.579599848976,2.439200005028397,52941.28010002896,4821.795834694544
1791077756,1000,,Aggregated,194.300000,20.200000,560,800,1500,2400,17000,31000,31000,33000,42000,52000,53000,122686,12882,560,4394.366497627358,2.439200005028397,52941.28010002896,4822.89286471154
1791077757,1000,,Aggregated,185.500000,14.600000,560,800,1500,2400,17000,31000,31000,33000,43000,52000,53000,122841,12897,560,4392.7524330314,2.439200005028397,52941.28010002896,4822.938245374102
1791077758,1000,,Aggregated,194.000000,14.900000,560,800,1500,2300,17000,31000,31000,33000,43000,52000,53000,123002,12902,560,4390.502509809681,2.439200005028397,52941.28010002896,4823.470756573064
1791077759,1000,,Aggregated,189.600000,14.200000,560,800,1500,2300,17000,31000,31000,33000,43000,52000,53000,123181,12911,560,4386.852313019137,2.439200005028397,52941.28010002896,4824.297594596569
1791077760,1000,,Aggregated,188.200000,13.300000,560,800,1500,2300,17000,31000,31000,33000,43000,52000,53000,123369,12917,560,4383.587140324639,2.439200005028397,52941.28010002896,4825.097309696926
1791077761,1000,,Aggregated,189.000000,11.100000,560,800,1500,2300,17000,31000,31000,33000,43000,52000,53000,123595,12931,560,4380.488721547884,2.439200005028397,52941.28010002896,4825.2569602330195
1791077762,1000,,Aggregated,185.900000,9.700000,560,800,1500,2300,17000,31000,31000,33000,43000,52000,53000,123826,12935,560,4379.492362159899,2.439200005028397,52941.28010002896,4825.264774764589
1791077764,1000,,Aggregated,191.100000,8.200000,560,800,1500,2300,17000,31000,31000,33000,42000,52000,53000,124024,12935,560,4375.010555163616,2.439200005028397,52941.28010002896,4826.215135780171
1791077765,1000,,Aggregated,191.100000,8.200000,560,800,1500,2300,17000,31000,31000,33000,43000,52000,53000,124269,12936,560,4371.9617381624785,2.439200005028397,52941.28010002896,4826.843114533794
1791077766,1000,,Aggregated,181.900000,6.500000,560,800,1500,2300,17000,31000,31000,33000,43000,52000,53000,124473,12941,560,4368.411347885191,2.439200005028397,52941.28010002896,4827.447735653515
1791077767,1000,,Aggregated,194.700000,6.300000,560,800,1500,2300,17000,31000,31000,33000,43000,52000,53000,124675,12943,560,4364.647815396931,2.439200005028397,52941.28010002896,4828.254116703429
1791077768,1000,,Aggregated,178.600000,6.200000,560,800,1500,2300,17000,31000,31000,33000,43000,52000,53000,124863,12943,560,4363.120551577426,2.439200005028397,52941.28010002896,4828.394664552349
1791077769,1000,,Aggregated,184.600000,5.100000,560,800,1500,2300,17000,31000,31000,33000,43000,52000,53000,124971,12949,560,4363.9237060943115,2.439200005028397,52941.28010002896,4828.41606452697
1791077770,1000,,Aggregated,185.800000,4.500000,560,800,1400,2300,17000,31000,31000,33000,43000,52000,53000,125181,12954,560,4360.594554386947,2.439200005028397,52941.28010002896,4829.570933288598
1791077771,1000,,Aggregated,187.300000,3.900000,560,800,1400,2300,17000,31000,31000,33000,43000,52000,53000,125324,12964,560,4360.123523205548,2.439200005028397,52941.28010002896,4829.9088522549555
1791077772,1000,,Aggregated,183.800000,3.900000,560,800,1400,2300,17000,31000,31000,33000,43000,52000,53000,125532,12972,560,4358.639526691296,2.439200005028397,52941.28010002896,4830.5337125195165
1791077773,1000,,Aggregated,183.900000,3.900000,560,800,1400,2300,17000,31000,31000,33000,43000,52000,53000,125649,12975,560,4357.619154934075,2.439200005028397,52941.28010002896,4830.942999944289
1791077774,1000,,Aggregated,179.000000,3.600000,560,800,1400,2200,17000,31000,31000,33000,43000,52000,53000,125915,12975,560,4354.572265190105,2.439200005028397,52941.28010002896,4832.1230036135485
1791077775,1000,,Aggregated,174.600000,3.700000,560,800,1400,2200,17000,31000,31000,33000,43000,52000,53000,126026,12980,560,4354.522685418184,2.439200005028397,52941.28010002896,4832.358227667307
1791077776,1000,,Aggregated,176.900000,4.000000,560,800,1400,2200,17000,31000,31000,33000,43000,52000,53000,126199,12986,560,4352.026227345794,2.439200005028397,52941.28010002896,4833.05220326627
1791077777,1000,,Aggregated,166.600000,4.000000,560,800,1400,2200,17000,31000,31000,33000,43000,52000,53000,126351,12992,560,4349.725416252442,2.439200005028397,52941.28010002896,4833.582955417844
1791077778,1000,,Aggregated,169.700000,4.100000,560,800,1400,2200,17000,31000,31000,33000,43000,52000,53000,126512,13001,560,4348.413061236181,2.439200005028397,52941.28010002896,4834.070349057797
1791077779,1000,,Aggregated,162.700000,4.400000,560,800,1400,2200,17000,31000,31000,33000,43000,52000,53000,126716,13010,560,4346.535584996458,2.439200005028397,52941.28010002896,4834.735795006155
1791077781,1000,,Aggregated,159.500000,5.000000,560,800,1400,2200,17000,31000,31000,33000,43000,52000,53000,126818,13018,560,4347.200253740881,2.439200005028397,52941.28010002896,4834.949021432289
1791077782,1000,,Aggregated,165.900000,5.800000,560,800,1400,2200,17000,31000,31000,33000,43000,52000,53000,126975,13022,560,4345.869167436192,2.439200005028397,52941.28010002896,4835.691608584367
1791077783,1000,,Aggregated,156.400000,6.100000,560,800,1400,2200,17000,31000,31000,33000,43000,52000,53000,127171,13026,560,4343.055533072875,2.439200005028397,52941.28010002896,4836.433345652704
1791077784,1000,,Aggregated,152.700000,5.200000,560,800,1400,2200,17000,31000,31000,33000,43000,52000,53000,127307,13031,560,4344.285831225396,2.439200005028397,52941.28010002896,4836.594617735082
1791077785,1000,,Aggregated,158.800000,5.400000,560,800,1400,2200,17000,31000,31000,33000,43000,52000,53000,127495,13037,560,4342.889541593887,2.439200005028397,52941.28010002896,4837.273179340366
1791077786,1000,,Aggregated,152.400000,5.400000,560,800,1400,2200,17000,31000,31000,33000,43000,52000,53000,127657,13043,560,4343.54942067895,2.439200005028397,52941.28010002896,4837.599254251628
1791077787,1000,,Aggregated,149.000000,5.900000,560,800,1400,2200,17000,31000,31000,33000,43000,52000,53000,127837,13050,560,4342.672926813935,2.439200005028397,52941.28010002896,4838.14078866056
1791077788,1000,,Aggregated,157.400000,5.800000,560,800,1400,2200,17000,31000,31000,33000,43000,52000,53000,128008,13053,560,4341.014430030253,2.439200005028397,52941.28010002896,4838.781771451784
1791077789,1000,,Aggregated,156.800000,6.200000,560,800,1400,2200,17000,31000,31000,33000,43000,52000,53000,128180,13056,560,4340.54190495329,2.439200005028397,52941.28010002896,4839.204914963333
1791077790,1000,,Aggregated,151.800000,5.800000,560,800,1400,2200,17000,31000,31000,33000,43000,52000,53000,128291,13062,560,4340.379214905276,2.439200005028397,52941.28010002896,4839.438066583003
1791077791,1000,,Aggregated,157.900000,5.300000,570,800,1400,2200,17000,31000,31000,33000,43000,52000,53000,128479,13071,570,4337.880769702547,2.439200005028397,52941.28010002896,4840.078020532538
1791077792,1000,,Aggregated,150.400000,5.000000,570,800,1400,2200,17000,31000,31000,33000,43000,52000,53000,128590,13078,570,4337.250033339399,2.439200005028397,52941.28010002896,4840.337086865231
1791077793,1000,,Aggregated,154.800000,4.700000,570,800,1400,2200,17000,31000,31000,33000,43000,52000,53000,128770,13086,570,4335.296339732961,2.439200005028397,52941.28010002896,4840.981167973907
1791077794,1000,,Aggregated,155.400000,5.100000,570,800,1400,2200,17000,31000,31000,33000,43000,52000,53000,128908,13097,570,4334.643048936564,2.439200005028397,52941.28010002896,4841.167382939771
1791077795,1000,,Aggregated,153.800000,5.400000,570,800,1400,2200,17000,31000,31000,33000,43000,52000,53000,129033,13111,570,4335.761616286645,2.439200005028397,52941.28010002896,4841.28176512985
1791077796,1000,,Aggregated,151.300000,5.900000,570,800,1400,2200,17000,31000,31000,33000,43000,52000,53000,129189,13126,570,4335.822923272995,2.439200005028397,52941.28010002896,4841.471332698605
1791077797,1000,,Aggregated,149.700000,6.300000,570,800,1400,2200,17000,31000,31000,33000,43000,52000,53000,129311,13135,570,4336.182210573843,2.439200005028397,52941.28010002896,4841.674389649759
1791077798,1000,,Aggregated,147.600000,7.300000,570,810,1400,2200,17000,31000,31000,33000,43000,52000,53000,129412,13151,570,4335.977567805259,2.439200005028397,52941.28010002896,4841.633032485395
1791077799,1000,,Aggregated,143.700000,8.100000,570,810,1400,2200,17000,31000,31000,33000,43000,52000,53000,129642,13189,570,4336.36335622495,2.439200005028397,52941.28010002896,4841.323899662147
1791077800,1000,,Aggregated,141.300000,8.400000,570,810,1400,2200,17000,31000,31000,33000,43000,52000,53000,129778,13213,570,4338.423920495885,2.439200005028397,52941.28010002896,4840.801222086949
1791077801,1000,,Aggregated,129.600000,10.500000,570,810,1400,2200,17000,31000,31000,33000,43000,52000,53000,129942,13249,570,4341.194047669843,2.439200005028397,52941.28010002896,4839.897515814748
1791077802,1000,,Aggregated,143.200000,13.000000,570,810,1400,2200,17000,31000,31000,33000,43000,52000,53000,130071,13269,570,4341.779968388149,2.439200005028397,52941.28010002896,4839.728171537084
1791077804,1000,,Aggregated,143.700000,15.100000,570,810,1400,2200,17000,31000,31000,33000,43000,52000,53000,130243,13290,570,4341.0187711931985,2.439200005028397,52941.28010002896,4839.727240619458
1791077805,1000,,Aggregated,137.300000,18.900000,570,810,1400,2200,17000,31000,31000,33000,43000,52000,53000,130353,13338,570,4342.787438658226,2.439200005028397,52941.28010002896,4838.216611815608
1791077806,1000,,Aggregated,144.100000,20.200000,570,810,1400,2200,17000,31000,31000,33000,43000,52000,53000,130464,13370,570,4342.637153786611,2.439200005028397,52941.28010002896,4837.453412435614
1791077807,1000,,Aggregated,143.000000,23.900000,570,810,1400,2200,17000,31000,31000,33000,43000,52000,53000,130677,13432,570,4341.539101333945,2.439200005028397,52941.28010002896,4836.235779823534
1791077808,1000,,Aggregated,136.800000,25.400000,570,820,1400,2200,17000,31000,31000,33000,43000,52000,53000,130841,13482,570,4343.798968574953,2.439200005028397,52941.28010002896,4834.89423804465
1791077809,1000,,Aggregated,143.400000,30.100000,570,820,1400,2200,17000,31000,31000,33000,43000,52000,53000,131024,13523,570,4344.5643421176,2.439200005028397,52941.28010002896,4833.915420075711
1791077810,1000,,Aggregated,149.800000,33.300000,570,820,1400,2200,17000,31000,31000,33000,43000,52000,53000,131236,13556,570,4347.049082978882,2.439200005028397,52941.28010002896,4833.137355603645
1791077811,1000,,Aggregated,154.200000,35.800000,570,820,1400,2200,17000,31000,31000,33000,43000,52000,53000,131398,13597,570,4349.660481033322,2.439200005028397,52941.28010002896,4831.964017717165
1791077812,1000,,Aggregated,155.700000,35.700000,570,820,1400,2200,17000,31000,31000,33000,43000,52000,53000,131599,13645,570,4350.199566341813,2.439200005028397,52941.28010002896,4830.804686965706
1791077813,1000,,Aggregated,152.300000,35.700000,570,820,1400,2200,17000,31000,31000,33000,43000,52000,53000,131745,13671,570,4349.9004804995775,2.439200005028397,52941.28010002896,4830.33646817716
1791077814,1000,,Aggregated,160.500000,37.700000,570,820,1400,2200,17000,31000,31000,33000,43000,52000,53000,132026,13712,570,4348.237611202461,2.439200005028397,52941.28010002896,4829.529471467741
1791077815,1000,,Aggregated,162.000000,38.300000,570,820,1400,2200,17000,31000,31000,33000,43000,52000,53000,132200,13744,570,4349.132392235376,2.439200005028397,52941.28010002896,4828.646580937972
1791077816,1000,,Aggregated,169.900000,41.000000,570,820,1400,2200,17000,31000,31000,33000,43000,52000,53000,132402,13776,570,4347.645784804737,2.439200005028397,52941.28010002896,4827.970189272065
1791077817,1000,,Aggregated,175.300000,38.700000,570,820,1400,2200,17000,31000,31000,33000,43000,52000,53000,132642,13822,570,4346.535789489126,2.439200005028397,52941.28010002896,4827.119585048476
1791077818,1000,,Aggregated,186.400000,39.600000,570,820,1400,2200,17000,31000,31000,33000,43000,52000,53000,132815,13854,570,4346.161987230478,2.439200005028397,52941.28010002896,4826.304182509506
1791077819,1000,,Aggregated,187.700000,37.300000,570,820,1400,2200,17000,31000,31000,33000,43000,52000,53000,133041,13875,570,4345.508169444126,2.439200005028397,52941.28010002896,4826.123841522538
1791077820,1000,,Aggregated,191.700000,36.600000,570,820,1400,2200,17000,31000,31000,33000,43000,52000,53000,133307,13899,570,4342.777824115134,2.439200005028397,52941.28010002896,4825.603276647138
1791077821,1000,,Aggregated,193.100000,34.100000,570,810,1400,2200,17000,31000,31000,33000,43000,52000,53000,133482,13921,570,4341.313269519605,2.439200005028397,52941.28010002896,4825.221752745689
1791077822,1000,,Aggregated,193.200000,33.700000,570,810,1400,2200,17000,31000,31000,33000,43000,52000,53000,133689,13953,570,4337.552442993931,2.439200005028397,52941.28010002896,4824.897007233206
1791077823,1000,,Aggregated,205.200000,32.700000,570,810,1400,2200,17000,31000,31000,33000,43000,52000,53000,133873,13978,570,4334.750205683116,2.439200005028397,52941.28010002896,4824.632435218453
1791077824,1000,,Aggregated,197.300000,29.900000,570,810,1400,2200,17000,31000,31000,33000,43000,52000,53000,134107,13999,570,4330.939451300202,2.439200005028397,52941.28010002896,4824.739610907708
1791077825,1000,,Aggregated,205.700000,31.100000,570,810,1400,2200,17000,31000,31000,33000,43000,52000,53000,134305,14015,570,4328.210001045503,2.439200005028397,52941.28010002896,4824.830832805927
1791077826,1000,,Aggregated,196.400000,28.300000,570,810,1400,2200,17000,31000,31000,33000,43000,52000,53000,134540,14035,570,4325.275531415306,2.439200005028397,52941.28010002896,4824.589289430653
1791077828,1000,,Aggregated,202.300000,27.700000,570,810,1400,2200,17000,31000,31000,33000,43000,52000,53000,134715,14053,570,4323.98251485592,2.439200005028397,52941.28010002896,4824.584545150874
1791077829,1000,,Aggregated,202.800000,23.300000,570,810,1400,2200,17000,31000,31000,33000,43000,52000,53000,134985,14068,570,4318.8407736668105,2.439200005028397,52941.28010002896,4824.957950883431
1791077830,1000,,Aggregated,198.900000,21.900000,570,810,1400,2200,17000,31000,31000,33000,43000,52000,53000,135163,14083,570,4318.10342261724,2.439200005028397,52941.28010002896,4824.536322810237
1791077831,1000,,Aggregated,207.800000,20.900000,570,810,1400,2200,17000,31000,31000,33000,43000,52000,53000,135425,14097,570,4315.381364284381,2.439200005028397,52941.28010002896,4824.494856931881
1791077832,1000,,Aggregated,201.500000,19.900000,570,810,1400,2200,17000,31000,31000,33000,43000,52000,53000,135650,14100,570,4311.638278757916,2.439200005028397,52941.28010002896,4825.202218945817
1791077833,1000,,Aggregated,203.200000,19.700000,570,810,1400,2200,17000,31000,31000,33000,43000,52000,53000,135845,14101,570,4308.8445744842375,2.439200005028397,52941.28010002896,4825.659221907321
1791077834,1000,,Aggregated,210.600000,17.500000,570,810,1400,2200,17000,31000,31000,33000,43000,52000,53000,136062,14108,570,4305.758396340717,2.439200005028397,52941.28010002896,4826.39838455998
1791077835,1000,,Aggregated,208.200000,13.800000,570,810,1400,2200,17000,31000,31000,33000,43000,52000,53000,136300,14118,570,4300.858039550336,2.439200005028397,52941.28010002896,4826.943404255319
1791077837,1000,,Aggregated,211.600000,11.700000,570,810,1400,2200,17000,31000,31000,33000,43000,52000,53000,136576,14122,570,4302.739678235644,2.439200005028397,52941.28010002896,4826.768216963449
1791077838,1000,,Aggregated,213.000000,10.400000,570,810,1400,2200,17000,31000,31000,33000,43000,52000,53000,136658,14123,570,4307.516120087452,2.439200005028397,52941.28010002896,4825.797567650631
