Timestamp,User Count,Type,Name,Requests/s,Failures/s,50%,66%,75%,80%,90%,95%,98%,99%,99.9%,99.99%,100%,Total Request Count,Total Failure Count,Total Median Response Time,Total Average Response Time,Total Min Response Time,Total Max Response Time,Total Average Content Size
1791154844,0,,Aggregated,0.000000,0.000000,N/A,N/A,N/A,N/A,N/A,N/A,N/A,N/A,N/A,N/A,N/A,0,0,0,0.0,0,0,0
1791154845,25,,Aggregated,0.000000,0.000000,850,870,880,890,970,980,980,980,980,980,980,38,0,840,544.8956736700462,53.67199995089322,982.0361000020057,5655.315789473684
1791154846,75,,Aggregated,0.000000,0.000000,160,440,500,860,890,980,1000,1000,1000,1000,1000,101,0,160,352.0752950513846,34.94200005661696,1024.2743999697268,5461.920792079208
1791154847,100,,Aggregated,1.000000,0.000000,140,420,480,500,870,920,980,1000,1000,1000,1000,171,0,140,305.2983421128385,5.465000052936375,1024.2743999697268,5243.508771929824
1791154848,125,,Aggregated,50.000000,0.000000,140,410,480,510,740,880,980,1000,1000,1000,1000,257,0,140,289.15533969443334,5.465000052936375,1024.2743999697268,5339.801556420233
1791154849,150,,Aggregated,46.333333,0.000000,140,430,490,520,680,870,970,980,1000,1000,1000,335,0,140,290.75986119543217,5.465000052936375,1024.2743999697268,5317.379104477612
1791154850,175,,Aggregated,48.000000,0.000000,230,440,500,540,710,870,970,980,1000,1000,1000,435,0,230,311.38364643784473,5.465000052936375,1024.2743999697268,5304.416091954023
1791154851,200,,Aggregated,53.200000,0.000000,150,360,470,500,640,850,940,980,1000,1000,1000,548,0,140,273.73757755556346,5.407599965110421,1024.2743999697268,5216.846715328467
1791154852,225,,Aggregated,58.166667,0.000000,180,370,470,510,650,830,940,980,1000,1000,1000,666,0,180,283.66011636668685,5.407599965110421,1024.2743999697268,5186.555555555556
1791154853,250,,Aggregated,74.142857,0.000000,220,420,510,550,680,860,970,1000,1000,1000,1000,758,0,210,307.07569894538136,5.407599965110421,1039.0255999518558,5144.9221635883905
1791154854,275,,Aggregated,70.000000,0.000000,230,410,510,550,690,870,980,1000,1400,1400,1400,936,0,230,314.0241631417899,5.407599965110421,1392.015999997966,5123.917735042735
1791154855,300,,Aggregated,74.444444,0.000000,250,430,540,580,690,870,980,1000,1400,1400,1400,1004,0,240,321.6310470128215,5.407599965110421,1392.015999997966,5125.817729083666
1791154856,325,,Aggregated,83.700000,0.000000,260,480,570,630,740,960,1200,1300,1900,1900,1900,1168,0,260,355.95761635330786,5.407599965110421,1916.6954000247642,5090.4554794520545
1791154857,350,,Aggregated,94.000000,0.000000,280,500,590,650,870,1100,1600,1800,2400,2800,2800,1336,0,280,393.82477223057185,5.407599965110421,2841.70989994891,5053.297904191617
1791154858,375,,Aggregated,97.200000,0.000000,280,510,600,660,900,1200,1700,1900,3300,3800,3800,1496,0,280,404.2926877002446,5.407599965110421,3776.979799964465,5041.89705882353
1791154859,400,,Aggregated,110.500000,0.000000,270,510,590,660,920,1200,1700,1900,3300,3800,3800,1679,0,270,406.9085879085786,5.407599965110421,3776.979799964465,5024.605717689101
1791154860,425,,Aggregated,120.300000,0.000000,280,530,620,670,960,1200,1800,2200,3800,4100,4100,1843,0,280,425.9606237644916,5.407599965110421,4111.81100003887,5037.5968529571355
1791154861,450,,Aggregated,130.200000,0.000000,300,550,640,690,980,1300,1900,2200,4100,4200,4200,2000,0,300,442.7695479989052,5.407599965110421,4245.364000089467,5045.66
1791154862,475,,Aggregated,138.200000,0.000000,320,560,660,730,1000,1500,2000,2400,4200,4600,4600,2191,0,320,470.33255919580324,5.407599965110421,4563.785000005737,5043.123687813783
1791154863,500,,Aggregated,137.400000,0.000000,340,590,710,820,1100,1600,2200,2700,4200,4600,4600,2367,0,340,501.06524528856266,5.407599965110421,4563.785000005737,5043.699619771863
1791154864,525,,Aggregated,151.500000,0.000000,340,610,750,840,1200,1700,2400,3000,4200,4600,4600,2548,0,340,519.4837678563956,5.407599965110421,4563.785000005737,5034.498822605966
1791154865,550,,Aggregated,159.200000,0.000000,350,640,810,880,1200,1800,2400,3000,4200,4600,4600,2738,0,350,544.5741775006935,5.407599965110421,4563.785000005737,5039.557341124909
1791154866,575,,Aggregated,159.600000,0.000000,360,660,840,930,1400,1900,2600,3200,4500,4800,4800,2912,0,360,572.8834691268115,5.407599965110421,4846.168000018224,5027.964629120879
1791154867,600,,Aggregated,167.300000,0.000000,360,670,860,970,1500,2000,2900,3400,5000,7100,7100,3062,0,360,604.0691861515995,5.407599965110421,7068.767099990509,5022.362508164599
1791154868,625,,Aggregated,172.400000,0.000000,370,670,870,980,1600,2100,3000,3400,5000,7100,7100,3168,0,360,618.33326729667,5.407599965110421,7068.767099990509,5022.655618686868
1791154869,650,,Aggregated,172.300000,0.000000,380,700,910,1100,1800,2200,3200,3600,6900,7900,7900,3346,0,380,666.8610735191701,5.407599965110421,7864.352700067684,5007.055887627017
1791154870,675,,Aggregated,169.600000,0.000000,390,730,960,1100,1900,2500,3600,4300,6900,7900,7900,3535,0,390,719.943434256129,5.407599965110421,7864.352700067684,5006.776237623762
1791154871,700,,Aggregated,164.600000,0.000000,400,760,990,1200,2000,2700,3900,4900,7500,8000,8000,3696,0,400,772.3537815464621,5.407599965110421,8042.597699910402,5003.622835497836
1791154872,725,,Aggregated,167.800000,0.000000,390,770,1000,1300,2100,2900,4200,4900,7600,8000,8000,3818,0,390,794.6605142993236,5.407599965110421,8042.597699910402,4993.007595599791
1791154873,750,,Aggregated,167.100000,0.000000,400,810,1000,1400,2200,3200,4500,5400,7900,8800,8800,3950,0,400,841.3819844543616,5.407599965110421,8833.275799988769,4988.789367088608
1791154874,775,,Aggregated,165.000000,0.000000,420,820,1100,1600,2400,3400,5000,6200,8400,10000,10000,4097,0,420,900.9264519636255,5.407599965110421,10044.805999961682,4993.296314376373
1791154875,800,,Aggregated,158.600000,0.000000,440,850,1200,1800,2900,3900,5500,7100,9200,10000,10000,4292,0,440,992.1095338525279,5.407599965110421,10044.805999961682,4997.0698974836905
1791154876,825,,Aggregated,154.400000,0.000000,450,870,1400,1900,2900,4000,5600,7100,9600,10000,10000,4475,0,450,1042.8848712615586,5.407599965110421,10044.805999961682,5003.931396648045
1791154877,850,,Aggregated,152.600000,0.000000,450,890,1500,2000,3000,4300,6100,7300,9800,11000,11000,4651,0,450,1090.4300164903052,5.407599965110421,11059.257599990815,5005.568479896797
1791154878,875,,Aggregated,152.700000,0.000000,440,900,1500,2000,3000,4700,6500,7600,10000,13000,13000,4778,0,440,1118.307610317375,5.407599965110421,12801.819400046952,4999.293846797824
1791154879,900,,Aggregated,154.300000,0.000000,440,910,1700,2100,3100,4900,6700,7900,11000,13000,13000,4956,0,440,1152.0523017548735,5.407599965110421,12801.819400046952,4993.172518159807
1791154880,925,,Aggregated,158.100000,0.000000,450,960,1800,2300,3200,5300,7000,8500,12000,13000,13000,5126,0,450,1225.4813148647727,5.407599965110421,12870.016300003044,4997.091299258681
1791154881,950,,Aggregated,158.700000,0.000000,450,960,1900,2400,3200,5500,7100,8800,12000,13000,13000,5289,0,450,1258.2950554921058,5.407599965110421,12870.016300003044,4989.349404424277
1791154882,975,,Aggregated,158.000000,0.000000,450,980,1900,2500,3500,5800,7300,9300,13000,14000,14000,5468,0,450,1309.7223606617924,5.407599965110421,13751.647599972785,4992.685991221653
1791154883,1000,,Aggregated,0.000000,0.000000,280,3500,3500,3600,9500,10000,12000,16000,16000,16000,16000,54,0,260,2850.4356240694137,52.90999996941537,16306.235200027004,4845.092592592592
1791154884,1000,,Aggregated,0.000000,0.000000,3500,3500,3600,3900,7000,10000,13000,16000,17000,17000,17000,234,0,3500,2911.9154547000876,43.955600005574524,17008.525300072506,4859.653846153846
1791154885,1000,,Aggregated,0.000000,0.000000,3500,3600,3700,6600,7100,10000,13000,15000,17000,17000,17000,423,0,3500,3221.133457447224,43.955600005574524,17008.525300072506,4836.605200945626
1791154886,1000,,Aggregated,80.000000,0.000000,3600,3800,6900,7100,9900,12000,13000,15000,20000,20000,20000,603,0,3600,3807.4538792697035,43.955600005574524,19749.30189992301,4877.334991708126
1791154887,1000,,Aggregated,129.500000,0.000000,3600,3800,7000,7100,10000,12000,13000,16000,20000,20000,20000,778,0,3600,3864.0432304627584,38.902999949641526,19895.9655999206,4903.30205655527
1791154888,1000,,Aggregated,150.333333,0.000000,3700,3800,6600,7100,10000,11000,14000,16000,21000,21000,21000,888,0,3600,3790.0878519150438,38.902999949641526,20724.844800075516,4882.384009009009
1791154889,1000,,Aggregated,156.000000,0.000000,3600,3800,4400,7100,9900,11000,14000,17000,20000,21000,21000,1026,0,3600,3708.0570268037377,38.902999949641526,20724.844800075516,4888.770955165692
1791154890,1000,,Aggregated,157.600000,0.000000,3600,3900,4500,7100,9900,11000,14000,17000,20000,21000,21000,1156,0,3600,3676.902023789688,38.902999949641526,20724.844800075516,4870.006055363322
1791154891,1000,,Aggregated,150.333333,0.000000,3700,4300,4800,7000,9800,11000,14000,16000,21000,21000,21000,1323,0,3700,3707.755178609882,38.902999949641526,20724.844800075516,4852.6984126984125
1791154892,1000,,Aggregated,148.857143,0.000000,3700,4500,4800,7100,10000,12000,15000,17000,21000,24000,24000,1527,0,3700,3905.8947202356317,38.902999949641526,24472.368300077505,4826.301899148658
1791154893,1000,,Aggregated,147.250000,0.000000,3700,4500,4800,7100,10000,12000,15000,17000,22000,24000,24000,1716,0,3700,3955.159892250202,38.902999949641526,24472.368300077505,4816.188811188811
1791154894,1000,,Aggregated,149.888889,0.000000,3800,4500,4800,7200,10000,12000,16000,19000,24000,24000,24000,1878,0,3800,4113.491384132619,38.902999949641526,24472.368300077505,4837.878594249201
1791154895,1000,,Aggregated,155.000000,0.000000,3800,4500,4800,7200,10000,12000,16000,18000,24000,24000,24000,1999,0,3800,4134.164837119077,29.712800052948296,24472.368300077505,4828.35967983992
1791154896,1000,,Aggregated,164.400000,0.000000,3900,4500,4800,7300,10000,12000,16000,18000,24000,29000,29000,2178,0,3900,4139.024242837796,29.712800052948296,28917.91680001188,4835.406795224977
1791154897,1000,,Aggregated,163.800000,0.000000,3900,4500,4800,7300,10000,12000,16000,19000,28000,29000,29000,2381,0,3900,4174.949959218726,29.712800052948296,29462.934599956498,4840.879042419152
1791154898,1000,,Aggregated,156.300000,0.000000,3900,4400,4800,7300,10000,13000,16000,19000,28000,29000,29000,2515,0,3900,4158.982473280033,29.712800052948296,29462.934599956498,4821.480318091451
1791154899,1000,,Aggregated,157.300000,0.000000,3900,4400,4800,7200,9900,13000,16000,19000,28000,29000,29000,2656,0,3900,4082.5560963853354,29.712800052948296,29462.934599956498,4803.381777108434
1791154900,1000,,Aggregated,160.300000,0.000000,3900,4400,4800,7300,10000,13000,16000,19000,28000,29000,29000,2809,0,3900,4138.054846635608,29.712800052948296,29462.934599956498,4799.9166963332145
1791154901,1000,,Aggregated,162.400000,0.000000,4000,4400,4800,7300,10000,13000,16000,20000,28000,29000,29000,3002,0,4000,4173.6642911385825,29.712800052948296,29462.934599956498,4791.726515656229
1791154902,1000,,Aggregated,162.100000,0.000000,4000,4400,4800,7400,9900,13000,16000,20000,28000,29000,29000,3162,0,4000,4187.098833458905,29.712800052948296,29462.934599956498,4803.2166350411135
1791154903,1000,,Aggregated,164.400000,0.000000,4000,4400,4800,7800,9200,13000,16000,19000,28000,29000,29000,3324,0,4000,4161.3737825501,29.712800052948296,29462.934599956498,4809.119133574007
1791154904,1000,,Aggregated,166.500000,0.000000,4100,4400,4800,7900,9200,13000,16000,19000,28000,29000,29000,3523,0,4100,4190.703163127071,29.712800052948296,29462.934599956498,4805.116094237866
1791154905,1000,,Aggregated,162.300000,0.000000,4000,4400,4800,7900,9200,13000,16000,20000,28000,29000,29000,3692,0,4000,4206.614130714027,29.712800052948296,29462.934599956498,4805.821235102925
1791154906,1000,,Aggregated,161.600000,0.000000,4000,4400,4800,7800,9200,13000,16000,19000,28000,29000,29000,3837,0,4000,4149.4353700277525,29.712800052948296,29462.934599956498,4805.586656241856
1791154907,1000,,Aggregated,164.000000,0.000000,4000,4400,4800,7800,9200,13000,16000,20000,28000,29000,29000,3978,0,4000,4136.844287505578,29.712800052948296,29462.934599956498,4812.584464555052
1791154908,1000,,Aggregated,168.700000,0.000000,4000,4400,4800,7800,9100,13000,16000,20000,27000,29000,29000,4085,0,4000,4113.183530868138,29.712800052948296,29462.934599956498,4820.25605875153
1791154909,1000,,Aggregated,165.000000,0.000000,4000,4400,4800,7800,9100,13000,16000,20000,27000,29000,29000,4226,0,4000,4121.52607884441,29.712800052948296,29462.934599956498,4821.613582584004
1791154910,1000,,Aggregated,159.000000,0.000000,4000,4400,4800,7900,9100,13000,16000,20000,27000,29000,29000,4375,0,4000,4151.489021690589,29.712800052948296,29462.934599956498,4821.518171428572
1791154911,1000,,Aggregated,156.200000,0.000000,4000,4400,4900,7900,9100,13000,16000,20000,27000,29000,29000,4557,0,4000,4221.004731204099,29.712800052948296,29462.934599956498,4824.316655694536
1791154912,1000,,Aggregated,156.600000,0.000000,4100,4500,5100,8000,9100,13000,17000,20000,27000,29000,29000,4693,0,4100,4260.6367250155445,29.712800052948296,29462.934599956498,4814.438525463456
1791154913,1000,,Aggregated,155.900000,0.000000,4100,4600,5100,8000,9300,13000,17000,19000,27000,29000,29000,4869,0,4100,4292.181127458938,29.712800052948296,29462.934599956498,4811.555555555556
1791154914,1000,,Aggregated,154.800000,0.000000,4100,4600,5100,8000,9400,13000,17000,19000,26000,29000,29000,5055,0,4100,4308.814328466304,29.712800052948296,29462.934599956498,4806.578239366963
1791154915,1000,,Aggregated,152.300000,0.000000,4100,4600,5100,8000,9400,13000,17000,19000,26000,29000,29000,5244,0,4100,4306.955516017912,29.712800052948296,29462.934599956498,4812.204996186118
1791154916,1000,,Aggregated,152.900000,0.000000,4100,4600,5100,8000,9400,13000,17000,19000,27000,30000,30000,5394,1,4100,4311.515298460937,29.712800052948296,30147.73139997851,4817.535595105673
1791154917,1000,,Aggregated,152.100000,0.000000,4100,4500,5100,8000,9400,13000,17000,19000,27000,30000,30000,5567,1,4100,4290.059968187268,29.712800052948296,30147.73139997851,4815.483024968565
1791154919,1000,,Aggregated,154.600000,0.000000,4000,4500,5100,8000,9400,13000,17000,19000,27000,30000,30000,5721,1,4000,4306.881078132849,29.712800052948296,30147.73139997851,4814.920468449572
1791154920,1000,,Aggregated,158.600000,0.100000,4000,4500,5100,8000,9400,13000,17000,18000,27000,30000,30000,5847,1,4000,4302.297096271346,29.712800052948296,30147.73139997851,4814.84470668719
1791154921,1000,,Aggregated,163.300000,0.100000,4000,4500,5100,8000,9200,13000,17000,18000,27000,30000,30000,5975,1,4000,4265.517868485096,29.712800052948296,30147.73139997851,4818.087196652719
1791154922,1000,,Aggregated,161.700000,0.100000,4000,4500,5100,8000,9200,13000,16000,18000,26000,30000,30000,6105,1,4000,4267.406506813798,29.712800052948296,30147.73139997851,4812.998689598689
1791154923,1000,,Aggregated,159.300000,0.100000,4000,4600,5100,8000,9200,13000,16000,18000,26000,30000,30000,6252,1,4000,4285.3106868200475,29.712800052948296,30147.73139997851,4810.408189379398
1791154924,1000,,Aggregated,153.900000,0.100000,4100,4700,5100,8000,9200,13000,17000,18000,27000,30000,30000,6443,2,4100,4289.845873164441,29.712800052948296,30147.73139997851,4812.350457861245
1791154925,1000,,Aggregated,155.400000,0.100000,4100,4700,5100,8000,9200,13000,16000,18000,27000,30000,30000,6646,2,4100,4301.850411299842,29.712800052948296,30147.73139997851,4811.026482094493
1791154926,1000,,Aggregated,156.500000,0.200000,4100,4700,5100,8000,9100,13000,16000,18000,27000,30000,30000,6840,2,4100,4277.683838172166,29.712800052948296,30147.73139997851,4803.979239766082
1791154927,1000,,Aggregated,158.200000,0.200000,4100,4700,5100,8000,9100,13000,16000,18000,26000,30000,30000,7026,2,4100,4280.723847024907,29.712800052948296,30147.73139997851,4798.084685454028
1791154928,1000,,Aggregated,158.700000,0.200000,4100,4700,5100,8000,9100,13000,16000,18000,26000,30000,30000,7173,2,4100,4282.4198221103425,29.712800052948296,30147.73139997851,4797.86003067057
1791154929,1000,,Aggregated,161.900000,0.100000,4000,4700,5100,8000,9100,13000,16000,18000,26000,30000,30000,7347,2,4000,4276.1632352114175,29.712800052948296,30147.73139997851,4794.625969783585
1791154930,1000,,Aggregated,161.900000,0.100000,4000,4700,5100,8000,9000,13000,16000,18000,26000,30000,30000,7450,2,4000,4269.254840496438,29.712800052948296,30147.73139997851,4791.735838926174
1791154931,1000,,Aggregated,161.300000,0.100000,4000,4600,5100,8000,9000,13000,16000,18000,27000,30000,30000,7588,3,4000,4284.75031900351,29.712800052948296,30147.73139997851,4790.640089615182
1791154932,1000,,Aggregated,160.400000,0.100000,4100,4600,5100,8000,9000,13000,16000,18000,27000,30000,30000,7800,3,4100,4280.718171884656,29.712800052948296,30147.73139997851,4793.510769230769
1791154933,1000,,Aggregated,159.500000,0.200000,4100,4600,5100,7900,9000,13000,16000,18000,27000,30000,30000,7905,3,4100,4275.387386072229,29.712800052948296,30147.73139997851,4791.467552182163
1791154934,1000,,Aggregated,167.700000,0.200000,4100,4600,5100,7900,9000,13000,16000,18000,27000,30000,30000,7976,3,4100,4273.726337086361,29.712800052948296,30147.73139997851,4792.440195586761
1791154935,1000,,Aggregated,164.400000,0.200000,4100,4700,5100,8000,9000,13000,16000,18000,26000,30000,30000,8130,3,4100,4286.237420639713,29.712800052948296,30147.73139997851,4793.29471094711
1791154936,1000,,Aggregated,153.000000,0.100000,4100,4700,5200,7900,9100,13000,16000,18000,26000,30000,30000,8334,3,4100,4299.108613966994,29.712800052948296,30147.73139997851,4798.196064314855
1791154937,1000,,Aggregated,146.500000,0.100000,4200,4700,5300,8000,9100,13000,16000,18000,26000,30000,30000,8533,3,4200,4317.415408672223,29.712800052948296,30147.73139997851,4797.78858549162
1791154938,1000,,Aggregated,147.300000,0.100000,4200,4700,5200,8000,9100,13000,16000,18000,26000,30000,30000,8695,3,4200,4302.487260034474,29.712800052948296,30147.73139997851,4799.826336975273
1791154939,1000,,Aggregated,149.000000,0.100000,4200,4700,5200,7900,9100,13000,16000,18000,26000,30000,30000,8852,3,4200,4280.207146972393,29.712800052948296,30147.73139997851,4800.38239945775
1791154940,1000,,Aggregated,150.000000,0.100000,4200,4700,5200,8000,9100,13000,16000,18000,26000,30000,30000,8974,3,4200,4284.302807666639,29.712800052948296,30147.73139997851,4802.345553822153
1791154941,1000,,Aggregated,149.600000,0.100000,4200,4700,5200,8000,9200,13000,16000,18000,26000,30000,30000,9077,3,4200,4284.631892321237,29.712800052948296,30147.73139997851,4801.65219786273
1791154942,1000,,Aggregated,150.800000,0.100000,4200,4700,5200,8000,9100,13000,16000,18000,26000,30000,30000,9186,3,4200,4279.267040942749,29.712800052948296,30147.73139997851,4802.49531896364
1791154943,1000,,Aggregated,149.900000,0.000000,4200,4700,5200,8000,9200,13000,16000,18000,26000,30000,30000,9306,3,4200,4287.216717150213,29.712800052948296,30147.73139997851,4805.6905222437135
1791154944,1000,,Aggregated,138.500000,0.000000,4200,4700,5300,8000,9300,13000,16000,18000,26000,30000,30000,9458,3,4200,4314.18986444282,29.712800052948296,30147.73139997851,4803.736413618101
1791154945,1000,,Aggregated,139.200000,0.000000,4200,4800,5400,8000,9400,13000,16000,18000,26000,30000,30000,9587,3,4200,4315.364373495423,29.712800052948296,30147.73139997851,4804.666110357776
1791154946,1000,,Aggregated,147.400000,0.000000,4200,4800,5400,8000,9400,13000,16000,18000,26000,30000,30000,9743,3,4200,4337.5064004106935,29.712800052948296,30147.73139997851,4804.623114030586
1791154947,1000,,Aggregated,146.300000,0.000000,4200,4800,5500,8000,9400,13000,16000,18000,26000,30000,30000,9913,3,4200,4352.691229264727,29.712800052948296,30147.73139997851,4802.128820740442
1791154948,1000,,Aggregated,140.100000,0.000000,4200,4800,5500,8000,9400,13000,16000,18000,26000,30000,30000,10055,3,4200,4370.469307240298,29.712800052948296,30147.73139997851,4798.312282446544
1791154949,1000,,Aggregated,138.600000,0.000000,4200,4800,5500,8000,9500,13000,16000,18000,27000,30000,30000,10190,4,4200,4377.608880765592,29.712800052948296,30147.73139997851,4800.681844946025
1791154950,1000,,Aggregated,136.000000,0.000000,4200,4800,5500,8000,9500,13000,16000,18000,27000,30000,30000,10328,4,4200,4374.1685866093985,29.712800052948296,30147.73139997851,4801.681448489543
1791154951,1000,,Aggregated,133.900000,0.100000,4200,4900,5500,8000,9700,13000,16000,18000,27000,30000,30000,10468,4,4200,4398.512290036503,29.712800052948296,30147.73139997851,4800.630397401605
1791154952,1000,,Aggregated,133.900000,0.100000,4200,4900,5500,8000,9700,13000,16000,18000,27000,30000,30000,10648,4,4200,4393.77807364765,29.712800052948296,30147.73139997851,4804.1644440270475
1791154953,1000,,Aggregated,136.800000,0.100000,4200,4900,5500,8000,9700,13000,16000,19000,27000,30000,30000,10843,4,4200,4414.720206547975,29.712800052948296,30147.73139997851,4805.8523471364015
1791154954,1000,,Aggregated,143.900000,0.100000,4200,4800,5500,8000,9700,13000,16000,19000,27000,30000,30000,11025,4,4200,4411.866301596389,29.712800052948296,30147.73139997851,4804.841451247165
1791154955,1000,,Aggregated,151.400000,0.100000,4200,4800,5500,8000,9700,13000,16000,19000,28000,30000,30000,11205,4,4200,4402.761325693816,29.712800052948296,30147.73139997851,4804.0941543953595
1791154956,1000,,Aggregated,154.300000,0.100000,4200,4800,5500,8000,9700,13000,16000,19000,28000,30000,30000,11351,4,4200,4406.679569447483,29.712800052948296,30147.73139997851,4806.69967403753
1791154957,1000,,Aggregated,160.200000,0.100000,4200,4800,5500,8000,9700,13000,16000,19000,28000,30000,30000,11508,4,4200,4407.087423427094,29.712800052948296,30147.73139997851,4807.286930830726
1791154958,1000,,Aggregated,159.200000,0.100000,4200,4800,5500,8000,9700,13000,16000,19000,28000,30000,30000,11689,5,4200,4408.50727109249,29.712800052948296,30147.73139997851,4806.964753186757
1791154959,1000,,Aggregated,157.600000,0.100000,4200,4800,5500,8000,9700,13000,16000,19000,28000,30000,30000,11855,5,4200,4408.069556280052,29.712800052948296,30147.73139997851,4809.985491353859
1791154960,1000,,Aggregated,161.000000,0.100000,4200,4800,5500,8000,9700,13000,16000,19000,28000,30000,30000,11977,5,4200,4403.685521349328,29.712800052948296,30147.73139997851,4810.387409200968
1791154961,1000,,Aggregated,164.000000,0.100000,4200,4800,5500,8000,9700,13000,16000,19000,28000,30000,30000,12120,6,4200,4393.925908976961,29.712800052948296,30401.71859995462,4807.252475247525
1791154962,1000,,Aggregated,165.100000,0.100000,4200,4800,5500,8000,9700,13000,17000,19000,28000,30000,30000,12277,6,4200,4401.18267036744,29.712800052948296,30401.71859995462,4805.243707746192
1791154963,1000,,Aggregated,164.200000,0.200000,4200,4800,5500,8000,9700,13000,17000,19000,28000,30000,30000,12422,6,4200,4413.525069143533,29.712800052948296,30401.71859995462,4807.734100788923
1791154964,1000,,Aggregated,163.300000,0.200000,4200,4800,5500,8000,9700,13000,17000,19000,28000,30000,30000,12560,6,4200,4414.783280509607,29.712800052948296,30401.71859995462,4811.245780254777
1791154965,1000,,Aggregated,158.400000,0.200000,4200,4800,5500,8000,9700,13000,17000,19000,28000,30000,30000,12741,7,4200,4409.540496405329,29.712800052948296,30401.71859995462,4810.033984773566
1791154966,1000,,Aggregated,151.800000,0.200000,4200,4800,5500,8100,9700,13000,17000,19000,28000,30000,30000,12930,7,4200,4423.757065034845,29.712800052948296,30401.71859995462,4814.734802784223
1791154967,1000,,Aggregated,151.400000,0.300000,4200,4800,5500,8000,9700,13000,17000,19000,28000,30000,30000,13101,7,4200,4414.706601129767,29.712800052948296,30401.71859995462,4813.243645523243
1791154968,1000,,Aggregated,157.800000,0.300000,4200,4800,5400,8000,9600,13000,17000,19000,28000,30000,30000,13265,7,4200,4397.052774677841,29.712800052948296,30401.71859995462,4813.085035808519
1791154969,1000,,Aggregated,157.300000,0.300000,4200,4800,5400,8000,9600,13000,17000,19000,28000,30000,30000,13423,7,4200,4387.177224309025,29.712800052948296,30401.71859995462,4815.817477464054
1791154970,1000,,Aggregated,158.700000,0.300000,4200,4800,5400,8000,9600,13000,17000,19000,28000,30000,30000,13562,7,4200,4377.239377783506,29.712800052948296,30401.71859995462,4814.365727768765
1791154971,1000,,Aggregated,156.500000,0.200000,4200,4800,5400,8000,9500,13000,17000,19000,28000,30000,30000,13711,7,4200,4382.424655765472,29.712800052948296,30401.71859995462,4814.048136532711
1791154972,1000,,Aggregated,156.500000,0.200000,4200,4800,5400,8100,9500,13000,17000,19000,28000,30000,30000,13883,7,4200,4385.913500518635,29.712800052948296,30401.71859995462,4813.409565655838
1791154973,1000,,Aggregated,157.200000,0.100000,4200,4800,5500,8100,9500,13000,17000,19000,28000,30000,30000,14070,7,4200,4398.534692281448,29.712800052948296,30401.71859995462,4816.199431414357
1791154974,1000,,Aggregated,161.100000,0.100000,4200,4800,5500,8100,9600,13000,17000,19000,28000,30000,30000,14247,7,4200,4404.865967207119,29.712800052948296,30401.71859995462,4817.112304344774
1791154975,1000,,Aggregated,162.500000,0.100000,4200,4800,5400,8100,9500,13000,17000,19000,28000,30000,30000,14411,7,4200,4400.302236527674,29.712800052948296,30401.71859995462,4816.532718062591
1791154976,1000,,Aggregated,168.700000,0.100000,4200,4700,5400,8100,9500,13000,17000,19000,28000,30000,30000,14556,8,4200,4394.187756897558,29.712800052948296,30401.71859995462,4813.841714756802
1791154977,1000,,Aggregated,166.400000,0.000000,4200,4700,5400,8100,9500,13000,17000,19000,28000,30000,30000,14717,8,4200,4386.465616430056,29.712800052948296,30401.71859995462,4812.7191683087585
1791154978,1000,,Aggregated,162.300000,0.100000,4200,4700,5400,8100,9500,13000,17000,19000,28000,30000,30000,14916,8,4200,4382.455467833242,29.712800052948296,30401.71859995462,4813.682220434433
1791154979,1000,,Aggregated,160.500000,0.100000,4200,4700,5400,8100,9400,13000,17000,19000,28000,30000,30000,15062,8,4200,4369.662917925937,29.712800052948296,30401.71859995462,4814.235891647855
1791154980,1000,,Aggregated,161.500000,0.100000,4200,4700,5400,8100,9500,13000,17000,19000,28000,30000,30000,15127,8,4200,4369.68493746948,29.712800052948296,30401.71859995462,4813.453956501619
1791154981,1000,,Aggregated,163.800000,0.100000,4200,4700,5400,8100,9400,13000,17000,19000,28000,30000,30000,15267,8,4200,4362.503737420608,29.712800052948296,30401.71859995462,4812.320102181175
1791154982,1000,,Aggregated,161.100000,0.100000,4200,4800,5400,8100,9400,13000,17000,19000,28000,30000,30000,15425,9,4200,4381.877780389028,29.712800052948296,30401.71859995462,4812.1928038897895
1791154983,1000,,Aggregated,155.500000,0.100000,4200,4800,5400,8100,9400,13000,17000,19000,28000,30000,30000,15612,9,4200,4402.878779163541,29.712800052948296,30401.71859995462,4812.583717653088
1791154984,1000,,Aggregated,150.900000,0.100000,4200,4800,5400,8100,9400,13000,17000,19000,28000,30000,30000,15779,9,4200,4397.894842068624,29.712800052948296,30401.71859995462,4814.288801571709
1791154985,1000,,Aggregated,153.100000,0.200000,4200,4800,5400,8100,9400,13000,17000,19000,28000,30000,30000,15935,9,4200,4390.735334697304,29.712800052948296,30401.71859995462,4812.600439284593
1791154986,1000,,Aggregated,152.200000,0.200000,4200,4800,5400,8100,9500,13000,17000,19000,28000,30000,30000,16126,9,4200,4395.69804849316,29.712800052948296,30401.71859995462,4815.0409276944065
1791154987,1000,,Aggregated,150.300000,0.200000,4200,4800,5400,8100,9500,13000,17000,19000,28000,30000,30000,16283,10,4200,4397.65213875826,29.712800052948296,30401.71859995462,4815.441503408463
1791154988,1000,,Aggregated,153.200000,0.100000,4200,4800,5400,8100,9500,13000,17000,19000,28000,30000,30000,16461,10,4200,4385.865106810063,29.712800052948296,30401.71859995462,4816.830447724926
1791154989,1000,,Aggregated,156.800000,0.200000,4200,4800,5400,8100,9500,13000,17000,19000,28000,30000,30000,16609,10,4200,4383.776361960418,29.712800052948296,30401.71859995462,4817.961466674695
1791154990,1000,,Aggregated,153.300000,0.200000,4200,4800,5400,8100,9500,13000,17000,19000,28000,30000,30000,16773,10,4200,4385.373756298812,29.712800052948296,30401.71859995462,4817.23633220056
1791154991,1000,,Aggregated,155.200000,0.200000,4200,4800,5400,8100,9400,13000,17000,19000,28000,30000,30000,16981,10,4200,4385.800368341115,29.712800052948296,30401.71859995462,4819.034273599906
1791154992,1000,,Aggregated,157.000000,0.200000,4200,4800,5400,8100,9400,13000,17000,19000,28000,30000,30000,17164,10,4200,4381.656865480094,29.712800052948296,30401.71859995462,4818.446807271032
1791154993,1000,,Aggregated,167.900000,0.200000,4200,4700,5400,8100,9400,13000,17000,19000,28000,30000,30000,17283,10,4200,4364.973547289273,29.712800052948296,30401.71859995462,4819.435630388243
1791154994,1000,,Aggregated,173.600000,0.200000,4200,4700,5400,8100,9400,13000,17000,19000,28000,30000,30000,17410,10,4200,4361.37292873059,29.712800052948296,30401.71859995462,4820.126421596783
1791154995,1000,,Aggregated,169.100000,0.100000,4200,4700,5400,8100,9400,13000,17000,19000,28000,30000,30000,17584,10,4200,4358.76886132276,29.712800052948296,30401.71859995462,4820.874203821656
1791154996,1000,,Aggregated,162.900000,0.100000,4200,4700,5400,8100,9400,13000,17000,19000,28000,30000,30000,17785,10,4200,4364.204212763585,29.712800052948296,30401.71859995462,4821.545909474276
1791154997,1000,,Aggregated,165.200000,0.100000,4200,4700,5400,8100,9400,13000,17000,19000,28000,30000,30000,17885,10,4200,4362.418387017067,29.712800052948296,30401.71859995462,4820.65048923679
1791154998,1000,,Aggregated,165.600000,0.100000,4200,4700,5400,8000,9400,13000,17000,19000,28000,30000,30000,18084,10,4200,4360.078473169656,29.712800052948296,30401.71859995462,4819.270238885202
1791154999,1000,,Aggregated,158.600000,0.000000,4200,4700,5400,8100,9400,13000,17000,19000,28000,30000,30000,18274,10,4200,4368.494633714548,29.712800052948296,30401.71859995462,4817.629309401335
1791155000,1000,,Aggregated,161.700000,0.000000,4200,4700,5400,8100,9400,13000,17000,19000,28000,30000,30000,18399,10,4200,4368.059637925958,29.712800052948296,30401.71859995462,4816.989890754932
1791155001,1000,,Aggregated,162.700000,0.000000,4200,4700,5400,8100,9400,13000,17000,19000,28000,30000,30000,18580,10,4200,4358.0228190366415,29.712800052948296,30401.71859995462,4813.712540365985
1791155002,1000,,Aggregated,164.600000,0.000000,4200,4700,5400,8100,9400,13000,17000,19000,28000,30000,30000,18698,10,4200,4358.662026730219,29.712800052948296,30401.71859995462,4812.869290833244
1791155003,1000,,Aggregated,159.200000,0.000000,4200,4700,5400,8100,9400,13000,17000,19000,28000,30000,30000,18876,10,4200,4362.241976605356,29.712800052948296,30401.71859995462,4815.021667726213
1791155004,1000,,Aggregated,154.000000,0.000000,4200,4700,5400,8100,9300,13000,17000,19000,28000,30000,30000,19064,10,4200,4363.634142499084,29.712800052948296,30401.71859995462,4814.575902224087
1791155005,1000,,Aggregated,154.600000,0.000000,4200,4700,5300,8100,9300,13000,17000,19000,28000,30000,30000,19241,10,4200,4357.7428326855115,29.712800052948296,30401.71859995462,4812.021516553194
1791155006,1000,,Aggregated,163.200000,0.000000,4200,4700,5300,8100,9300,13000,17000,19000,28000,30000,30000,19413,10,4200,4360.023040478135,29.712800052948296,30401.71859995462,4810.754906505949
1791155007,1000,,Aggregated,164.500000,0.000000,4200,4700,5400,8100,9300,13000,17000,19000,28000,30000,30000,19607,10,4200,4367.609163253003,29.712800052948296,30401.71859995462,4811.677513133065
1791155008,1000,,Aggregated,161.900000,0.000000,4200,4700,5300,8100,9300,13000,17000,19000,28000,30000,30000,19789,10,4200,4357.8573559049,29.712800052948296,30401.71859995462,4810.757441002577
1791155009,1000,,Aggregated,169.200000,0.000000,4200,4700,5300,8000,9300,13000,17000,19000,28000,30000,30000,19983,10,4200,4349.027311354799,29.712800052948296,30401.71859995462,4809.8971625881995
1791155010,1000,,Aggregated,170.300000,0.000000,4200,4700,5300,8000,9300,13000,17000,19000,28000,30000,30000,20115,10,4200,4335.889027139129,29.712800052948296,30401.71859995462,4807.947999005717
1791155011,1000,,Aggregated,169.300000,0.000000,4100,4700,5300,8000,9200,13000,17000,19000,28000,30000,30000,20242,10,4100,4326.630446458005,29.712800052948296,30401.71859995462,4806.478559430886
1791155012,1000,,Aggregated,169.900000,0.000000,4100,4700,5300,8000,9200,13000,17000,19000,28000,30000,30000,20350,10,4100,4328.66682720898,29.712800052948296,30401.71859995462,4807.316019656019
1791155013,1000,,Aggregated,169.300000,0.000000,4200,4700,5300,8000,9200,13000,17000,19000,28000,30000,30000,20560,10,4200,4336.322486571178,29.712800052948296,30401.71859995462,4808.220428015564
1791155014,1000,,Aggregated,162.000000,0.000000,4200,4700,5300,8000,9200,13000,17000,19000,28000,30000,30000,20735,10,4200,4339.426754314146,29.712800052948296,30401.71859995462,4809.715649867374
1791155015,1000,,Aggregated,166.200000,0.000000,4200,4700,5300,8000,9200,13000,16000,19000,28000,30000,30000,20917,10,4200,4344.184843615409,29.712800052948296,30401.71859995462,4810.056030979586
1791155016,1000,,Aggregated,165.000000,0.000000,4200,4700,5300,8000,9200,13000,16000,19000,28000,30000,30000,21086,10,4200,4335.663651944559,29.712800052948296,30401.71859995462,4809.703452527743
1791155017,1000,,Aggregated,165.500000,0.000000,4200,4600,5300,8000,9200,13000,16000,19000,28000,30000,30000,21274,10,4200,4334.373017302951,29.712800052948296,30401.71859995462,4810.985146187835
1791155018,1000,,Aggregated,166.100000,0.000000,4200,4600,5300,8000,9200,13000,16000,19000,28000,30000,30000,21427,10,4200,4332.028751449183,29.712800052948296,30401.71859995462,4810.747748168199
1791155019,1000,,Aggregated,166.400000,0.000000,4200,4600,5200,8000,9200,13000,16000,19000,28000,30000,30000,21556,10,4200,4328.370724805242,29.712800052948296,30401.71859995462,4810.77546854704
1791155020,1000,,Aggregated,162.900000,0.000000,4200,4600,5200,8000,9200,13000,16000,19000,28000,30000,30000,21682,10,4200,4318.473479886679,29.712800052948296,30401.71859995462,4810.281892814316
1791155021,1000,,Aggregated,160.200000,0.000000,4200,4600,5200,8000,9200,13000,16000,19000,28000,30000,30000,21895,10,4200,4323.238976031241,29.712800052948296,30401.71859995462,4810.250605160995
1791155022,1000,,Aggregated,155.400000,0.000000,4100,4600,5200,8000,9100,13000,16000,19000,28000,30000,30000,22084,10,4100,4318.5835601749395,29.712800052948296,30401.71859995462,4811.982204310813
1791155023,1000,,Aggregated,158.600000,0.000000,4100,4600,5200,7900,9100,13000,16000,19000,28000,30000,30000,22240,10,4100,4311.387695849974,29.712800052948296,30401.71859995462,4813.052742805756
1791155024,1000,,Aggregated,171.900000,0.000000,4100,4600,5200,8000,9100,13000,16000,19000,28000,30000,30000,22412,10,4100,4315.449067580072,29.712800052948296,30401.71859995462,4812.314786721399
1791155025,1000,,Aggregated,170.100000,0.000000,4100,4600,5200,8000,9100,13000,16000,19000,28000,30000,30000,22582,10,4100,4310.387404858079,29.712800052948296,30401.71859995462,4812.802276149146
1791155026,1000,,Aggregated,167.800000,0.000000,4100,4600,5200,7900,9100,13000,16000,19000,28000,30000,30000,22765,10,4100,4311.113089918963,29.712800052948296,30401.71859995462,4810.668306611025
1791155027,1000,,Aggregated,167.700000,0.000000,4100,4600,5200,7900,9100,13000,16000,19000,28000,30000,30000,22978,10,4100,4300.722602341588,29.712800052948296,30401.71859995462,4810.0222821829575
1791155028,1000,,Aggregated,166.900000,0.000000,4100,4600,5200,7900,9100,13000,16000,19000,28000,30000,30000,23163,10,4100,4295.149603669846,29.712800052948296,30401.71859995462,4809.18611578811
1791155029,1000,,Aggregated,168.300000,0.000000,4100,4600,5200,7900,9100,13000,16000,19000,28000,30000,30000,23313,10,4100,4291.832277115989,29.712800052948296,30401.71859995462,4807.69278943079
1791155030,1000,,Aggregated,171.600000,0.000000,4100,4600,5200,7900,9100,13000,16000,19000,28000,30000,30000,23421,10,4100,4284.958626480716,29.712800052948296,30401.71859995462,4807.262499466291
1791155031,1000,,Aggregated,172.900000,0.000000,4100,4600,5200,7900,9100,13000,16000,19000,28000,30000,30000,23559,10,4100,4280.607981302506,29.712800052948296,30401.71859995462,4807.726261725879
1791155032,1000,,Aggregated,173.200000,0.000000,4100,4600,5200,7900,9100,13000,16000,19000,28000,30000,30000,23714,10,4100,4285.681607253348,29.712800052948296,30401.71859995462,4808.373534620899
1791155033,1000,,Aggregated,170.100000,0.000000,4100,4600,5200,7900,9100,13000,16000,19000,28000,30000,30000,23855,10,4100,4284.001226338577,29.712800052948296,30401.71859995462,4808.177614755817
1791155034,1000,,Aggregated,163.500000,0.000000,4100,4600,5200,7900,9100,13000,16000,19000,28000,30000,30000,23996,10,4100,4281.367336923075,29.712800052948296,30401.71859995462,4808.06721953659
1791155035,1000,,Aggregated,161.900000,0.000000,4100,4600,5200,7900,9100,13000,16000,19000,28000,30000,30000,24148,10,4100,4283.287839456972,29.712800052948296,30401.71859995462,4806.531886698692
1791155036,1000,,Aggregated,159.600000,0.000000,4100,4600,5200,7900,9100,13000,16000,19000,28000,30000,30000,24351,10,4100,4293.76517946723,29.712800052948296,30401.71859995462,4806.258757340561
1791155037,1000,,Aggregated,155.700000,0.000000,4100,4600,5200,7900,9100,13000,16000,19000,28000,30000,30000,24537,10,4100,4294.345895313462,29.712800052948296,30401.71859995462,4806.3383054163105
1791155038,1000,,Aggregated,156.100000,0.000000,4100,4600,5200,7900,9100,13000,16000,19000,28000,30000,30000,24702,10,4100,4289.3265815848,29.712800052948296,30401.71859995462,4807.02785199579
1791155039,1000,,Aggregated,154.900000,0.000000,4100,4600,5200,7900,9100,13000,16000,19000,28000,30000,30000,24876,10,4100,4288.413816658946,29.712800052948296,30401.71859995462,4806.663249718605
1791155040,1000,,Aggregated,154.600000,0.000000,4100,4600,5200,7900,9100,13000,16000,19000,28000,30000,30000,24992,10,4100,4281.082719826646,29.712800052948296,30401.71859995462,4806.607154289372
1791155041,1000,,Aggregated,153.100000,0.000000,4100,4600,5200,7900,9100,13000,16000,19000,27000,30000,30000,25116,10,4100,4280.891641846143,29.712800052948296,30401.71859995462,4808.346551998726
1791155042,1000,,Aggregated,158.200000,0.000000,4100,4600,5200,7900,9100,13000,16000,19000,27000,30000,30000,25341,10,4100,4282.997922967064,29.712800052948296,30401.71859995462,4808.535022295884
1791155043,1000,,Aggregated,156.500000,0.000000,4100,4600,5200,7900,9100,13000,16000,19000,28000,30000,30000,25528,11,4100,4288.025506099481,29.712800052948296,30401.71859995462,4806.618223127546
1791155044,1000,,Aggregated,156.400000,0.000000,4100,4600,5200,7900,9100,13000,16000,19000,28000,30000,30000,25722,11,4100,4290.979364155485,29.712800052948296,30401.71859995462,4804.68762149133
1791155045,1000,,Aggregated,162.600000,0.000000,4100,4600,5200,7900,9100,13000,16000,19000,28000,30000,30000,25829,11,4100,4286.874755716716,29.712800052948296,30401.71859995462,4804.1626466375
1791155046,1000,,Aggregated,168.300000,0.100000,4100,4600,5200,7900,9100,13000,16000,19000,27000,30000,30000,26006,11,4100,4290.194166911769,29.712800052948296,30401.71859995462,4805.058755671768
1791155047,1000,,Aggregated,170.800000,0.100000,4100,4600,5200,7900,9100,13000,16000,19000,27000,30000,30000,26193,11,4100,4289.903509201218,29.712800052948296,30401.71859995462,4804.972320849081
1791155048,1000,,Aggregated,166.900000,0.100000,4100,4500,5200,7900,9100,13000,16000,19000,28000,30000,30000,26389,11,4100,4290.019820069238,29.712800052948296,30401.71859995462,4805.46705066505
1791155049,1000,,Aggregated,165.800000,0.100000,4100,4500,5200,7900,9100,13000,16000,19000,28000,30000,30000,26556,11,4100,4281.271695319607,29.712800052948296,30401.71859995462,4803.587249585781
1791155050,1000,,Aggregated,164.700000,0.100000,4100,4500,5200,7900,9100,13000,16000,19000,28000,30000,30000,26689,11,4100,4278.554263464618,29.712800052948296,30401.71859995462,4804.339615571958
1791155051,1000,,Aggregated,168.000000,0.100000,4100,4500,5200,7900,9100,13000,16000,19000,28000,30000,30000,26827,11,4100,4277.08532058402,29.712800052948296,30401.71859995462,4803.166772281656
1791155052,1000,,Aggregated,167.800000,0.100000,4100,4500,5200,7900,9100,13000,16000,19000,28000,30000,30000,26977,11,4100,4280.569516684833,29.712800052948296,30401.71859995462,4804.288134336657
1791155053,1000,,Aggregated,166.900000,0.100000,4100,4500,5200,7900,9100,13000,16000,19000,28000,30000,30000,27115,11,4100,4276.237436234802,29.712800052948296,30401.71859995462,4803.337857274571
1791155054,1000,,Aggregated,168.800000,0.100000,4100,4500,5200,7900,9000,13000,16000,19000,28000,30000,30000,27302,11,4100,4276.831525807876,29.712800052948296,30401.71859995462,4803.512123653944
1791155055,1000,,Aggregated,161.700000,0.100000,4100,4500,5200,7900,9000,13000,16000,19000,28000,30000,30000,27468,11,4100,4274.768709312921,29.712800052948296,30401.71859995462,4805.08617300131
1791155056,1000,,Aggregated,155.900000,0.000000,4100,4500,5200,7900,9000,13000,16000,19000,28000,30000,30000,27625,11,4100,4278.269558056343,29.712800052948296,30401.71859995462,4806.08771040724
1791155057,1000,,Aggregated,157.700000,0.000000,4100,4500,5200,7900,9000,13000,16000,19000,28000,30000,30000,27816,11,4100,4280.961416925744,29.712800052948296,30401.71859995462,4806.07632297958
1791155058,1000,,Aggregated,161.600000,0.000000,4100,4500,5200,7900,9000,13000,16000,19000,28000,30000,30000,28000,12,4100,4282.581666918119,29.712800052948296,30401.71859995462,4804.765642857143
1791155059,1000,,Aggregated,160.700000,0.000000,4100,4500,5200,7900,9000,13000,16000,19000,28000,30000,30000,28178,12,4100,4276.787689836291,29.712800052948296,30401.71859995462,4804.268471857477
1791155060,1000,,Aggregated,160.400000,0.000000,4100,4500,5100,7900,9000,13000,16000,19000,28000,30000,30000,28305,12,4100,4272.603265289054,29.712800052948296,30401.71859995462,4804.005723370429
1791155061,1000,,Aggregated,159.100000,0.100000,4100,4500,5100,7900,9000,13000,16000,19000,28000,30000,30000,28432,12,4100,4273.146929572558,29.712800052948296,30401.71859995462,4804.2578432751825
1791155062,1000,,Aggregated,159.600000,0.100000,4100,4500,5100,7900,9000,13000,16000,19000,28000,30000,30000,28647,12,4100,4274.625073976577,29.712800052948296,30401.71859995462,4804.769120675813
1791155063,1000,,Aggregated,161.900000,0.100000,4100,4500,5100,7900,9000,13000,16000,19000,28000,30000,30000,28842,12,4100,4273.512195524097,29.712800052948296,30401.71859995462,4804.190971499896
1791155064,1000,,Aggregated,159.200000,0.100000,4100,4500,5100,7900,9000,13000,16000,19000,28000,30000,30000,28958,12,4100,4269.946843670361,29.712800052948296,30401.71859995462,4802.736445887147
1791155065,1000,,Aggregated,166.300000,0.100000,4100,4500,5100,7900,9000,13000,16000,19000,28000,30000,30000,29104,12,4100,4266.862518492532,29.712800052948296,30401.71859995462,4803.1355140186915
1791155066,1000,,Aggregated,171.700000,0.100000,4100,4500,5100,7900,9000,13000,16000,19000,28000,30000,30000,29295,12,4100,4274.461385680376,29.712800052948296,30401.71859995462,4802.725277351084
1791155067,1000,,Aggregated,164.500000,0.100000,4100,4500,5100,7900,9000,13000,16000,19000,28000,30000,30000,29481,12,4100,4275.822269689188,29.712800052948296,30401.71859995462,4802.889420304603
1791155068,1000,,Aggregated,163.400000,0.100000,4100,4500,5100,7800,9000,13000,16000,19000,28000,30000,30000,29657,13,4100,4271.422991061335,29.712800052948296,30401.71859995462,4803.232794955659
1791155069,1000,,Aggregated,165.200000,0.100000,4100,4500,5100,7800,9000,13000,16000,19000,28000,30000,30000,29800,13,4100,4264.887428141163,29.712800052948296,30401.71859995462,4803.55533557047
1791155070,1000,,Aggregated,165.600000,0.100000,4100,4500,5100,7800,9000,13000,16000,19000,28000,30000,30000,29898,13,4100,4261.305469038293,29.712800052948296,30401.71859995462,4804.375242491136
1791155071,1000,,Aggregated,164.200000,0.100000,4100,4500,5100,7800,9000,13000,16000,19000,28000,30000,30000,30012,14,4100,4260.429128168984,29.712800052948296,30401.71859995462,4805.067739570838
1791155072,1000,,Aggregated,162.500000,0.100000,4100,4500,5100,7800,9000,13000,16000,19000,28000,30000,30000,30135,14,4100,4260.147278941727,29.712800052948296,30401.71859995462,4805.873834411814
1791155073,1000,,Aggregated,159.000000,0.100000,4100,4500,5100,7900,9000,13000,16000,19000,28000,30000,30000,30334,14,4100,4268.420490937859,29.712800052948296,30401.71859995462,4804.9940990307905
1791155074,1000,,Aggregated,157.100000,0.200000,4100,4500,5100,7900,9000,13000,16000,19000,28000,30000,30000,30504,14,4100,4272.0240317600865,29.712800052948296,30401.71859995462,4803.572154471544
1791155075,1000,,Aggregated,147.500000,0.200000,4100,4500,5100,7900,9000,13000,16000,19000,28000,30000,30000,30700,15,4100,4270.163727821155,29.712800052948296,30401.71859995462,4803.175798045602
1791155077,1000,,Aggregated,153.700000,0.200000,4100,4500,5100,7900,9000,13000,16000,19000,28000,30000,30000,30865,17,4100,4272.536742838473,29.712800052948296,30401.71859995462,4803.4040822938605
1791155078,1000,,Aggregated,158.200000,0.300000,4100,4500,5100,7900,9000,13000,16000,19000,28000,30000,30000,31004,17,4100,4276.56806525639,29.712800052948296,30401.71859995462,4803.481099213005
1791155079,1000,,Aggregated,155.600000,0.500000,4100,4500,5100,7900,9000,13000,16000,19000,28000,30000,30000,31200,17,4100,4278.244657381707,29.712800052948296,30401.71859995462,4804.264487179487
1791155080,1000,,Aggregated,151.000000,0.500000,4100,4500,5100,7900,9000,13000,16000,19000,28000,30000,30000,31388,17,4100,4281.930036173368,29.712800052948296,30401.71859995462,4804.605581750988
1791155081,1000,,Aggregated,153.900000,0.400000,4100,4500,5100,7900,9000,13000,16000,19000,28000,30000,30000,31522,17,4100,4278.573927752347,29.712800052948296,30401.71859995462,4803.831133811306
1791155082,1000,,Aggregated,157.300000,0.400000,4100,4500,5100,7900,9000,13000,16000,19000,28000,30000,30000,31662,17,4100,4274.840236504642,29.712800052948296,30401.71859995462,4804.202040300675
1791155083,1000,,Aggregated,162.000000,0.400000,4100,4500,5100,7900,9000,13000,16000,19000,28000,30000,30000,31842,17,4100,4272.973589718273,29.712800052948296,30401.71859995462,4803.124081401922
1791155084,1000,,Aggregated,163.600000,0.300000,4100,4500,5100,7900,9000,13000,16000,19000,28000,30000,30000,32035,17,4100,4268.615046209107,29.712800052948296,30401.71859995462,4803.441985328547
1791155085,1000,,Aggregated,169.500000,0.300000,4100,4500,5100,7900,9000,13000,16000,19000,28000,30000,30000,32207,17,4100,4266.591304176364,29.712800052948296,30401.71859995462,4803.911603067656
1791155086,1000,,Aggregated,168.900000,0.300000,4100,4500,5100,7900,9000,13000,16000,19000,28000,30000,30000,32373,17,4100,4262.411661032587,29.712800052948296,30401.71859995462,4802.52173107219
1791155087,1000,,Aggregated,169.400000,0.300000,4100,4500,5100,7900,9000,13000,16000,19000,28000,30000,30000,32512,17,4100,4263.396171161683,29.712800052948296,30401.71859995462,4802.957369586614
1791155088,1000,,Aggregated,166.000000,0.200000,4100,4500,5100,7900,9000,13000,16000,19000,28000,30000,30000,32696,17,4100,4267.0021896901835,29.712800052948296,30401.71859995462,4803.02263273795
1791155089,1000,,Aggregated,163.600000,0.000000,4100,4500,5100,7900,9000,13000,16000,19000,28000,30000,30000,32888,17,4100,4264.472901076674,29.712800052948296,30401.71859995462,4802.561420578934
1791155090,1000,,Aggregated,168.000000,0.000000,4100,4500,5100,7900,9000,13000,16000,19000,28000,30000,30000,33043,17,4100,4263.736950135006,29.712800052948296,30401.71859995462,4803.110220016342
1791155091,1000,,Aggregated,167.500000,0.000000,4100,4500,5100,7900,9000,13000,16000,19000,28000,30000,30000,33183,17,4100,4259.674644935972,29.712800052948296,30401.71859995462,4801.475906337582
1791155092,1000,,Aggregated,165.000000,0.000000,4100,4500,5100,7900,9000,13000,16000,19000,28000,30000,30000,33302,17,4100,4258.349231959339,29.712800052948296,30401.71859995462,4802.35250135127
1791155093,1000,,Aggregated,165.400000,0.000000,4100,4500,5100,7900,9000,13000,16000,19000,28000,30000,30000,33458,17,4100,4260.61865800436,29.712800052948296,30401.71859995462,4802.385528124813
1791155094,1000,,Aggregated,163.700000,0.000000,4100,4500,5100,7900,9000,13000,16000,19000,28000,30000,30000,33612,17,4100,4264.614707432165,29.712800052948296,30401.71859995462,4802.515530167797
1791155095,1000,,Aggregated,160.000000,0.000000,4100,4500,5100,7900,9000,13000,16000,19000,28000,30000,30000,33805,17,4100,4264.345947534687,29.712800052948296,30401.71859995462,4802.064753734655
1791155096,1000,,Aggregated,156.300000,0.000000,4100,4500,5100,7900,9000,13000,16000,19000,28000,30000,30000,33981,17,4100,4265.6768699923705,29.712800052948296,30401.71859995462,4804.0101821606195
1791155097,1000,,Aggregated,159.300000,0.000000,4100,4500,5100,7900,9000,13000,16000,19000,28000,30000,30000,34182,17,4100,4264.280093166292,29.712800052948296,30401.71859995462,4802.387133579076
1791155098,1000,,Aggregated,159.000000,0.000000,4100,4500,5100,7900,9000,13000,16000,19000,28000,30000,30000,34336,17,4100,4265.008479552346,29.712800052948296,30401.71859995462,4802.472011882573
1791155099,1000,,Aggregated,166.100000,0.000000,4100,4500,5100,7900,9000,13000,16000,19000,28000,30000,30000,34490,17,4100,4264.822004836454,29.712800052948296,30401.71859995462,4802.946129312844
1791155100,1000,,Aggregated,162.400000,0.000000,4100,4500,5100,7900,9000,13000,16000,19000,28000,30000,30000,34678,17,4100,4263.3722510441285,29.712800052948296,30401.71859995462,4803.413460983909
1791155101,1000,,Aggregated,159.000000,0.000000,4100,4500,5100,7900,9000,13000,16000,19000,28000,30000,30000,34818,17,4100,4265.107172847598,29.712800052948296,30401.71859995462,4803.603969211327
1791155102,1000,,Aggregated,162.000000,0.000000,4100,4500,5100,7900,9000,13000,16000,19000,28000,30000,30000,34930,17,4100,4259.505701348627,29.712800052948296,30401.71859995462,4803.203378184941
1791155103,1000,,Aggregated,162.700000,0.000000,4100,4500,5100,7900,9000,13000,16000,19000,28000,30000,30000,35112,17,4100,4259.82023734929,29.712800052948296,30401.71859995462,4804.441045796309
1791155104,1000,,Aggregated,161.800000,0.000000,4100,4500,5100,7900,9000,13000,16000,19000,28000,30000,30000,35287,18,4100,4260.632238286303,29.712800052948296,30401.71859995462,4803.38342732451
1791155105,1000,,Aggregated,163.900000,0.000000,4100,4500,5100,7900,9000,13000,16000,19000,28000,30000,30000,35442,18,4100,4262.126547757158,29.712800052948296,30401.71859995462,4803.560436769934
1791155106,1000,,Aggregated,166.000000,0.100000,4100,4500,5100,7900,9000,13000,16000,19000,28000,30000,30000,35611,18,4100,4259.490545168876,29.712800052948296,30401.71859995462,4802.883041756761
1791155107,1000,,Aggregated,160.800000,0.100000,4100,4500,5100,7900,9000,13000,16000,19000,28000,30000,30000,35793,18,4100,4258.3262489846375,29.712800052948296,30401.71859995462,4801.929874556477
1791155108,1000,,Aggregated,164.600000,0.100000,4100,4500,5100,7900,9000,13000,16000,19000,28000,30000,30000,35960,19,4100,4257.424259927874,29.712800052948296,30401.71859995462,4801.441351501669
1791155109,1000,,Aggregated,160.500000,0.100000,4100,4500,5100,7900,8900,13000,16000,19000,28000,30000,30000,36149,19,4100,4255.842497391521,29.712800052948296,30401.71859995462,4802.323411436001
1791155110,1000,,Aggregated,162.200000,0.100000,4100,4500,5100,7900,8900,13000,16000,19000,28000,30000,30000,36328,19,4100,4251.697754927519,29.712800052948296,30401.71859995462,4802.084149966968
1791155111,1000,,Aggregated,165.000000,0.200000,4100,4500,5100,7900,8900,13000,16000,19000,28000,30000,30000,36466,19,4100,4250.587572906454,29.712800052948296,30401.71859995462,4801.539653375748
1791155112,1000,,Aggregated,163.800000,0.200000,4100,4500,5100,7900,8900,13000,16000,19000,28000,30000,30000,36626,19,4100,4251.32785918766,29.712800052948296,30401.71859995462,4801.305384153334
1791155113,1000,,Aggregated,161.400000,0.200000,4100,4500,5100,7900,8900,13000,16000,19000,28000,30000,30000,36724,19,4100,4249.9061939088,29.712800052948296,30401.71859995462,4801.919698289947
1791155114,1000,,Aggregated,168.300000,0.200000,4100,4500,5100,7900,8900,13000,16000,19000,28000,30000,30000,36878,19,4100,4250.410427558613,29.712800052948296,30401.71859995462,4801.762405770378
1791155115,1000,,Aggregated,162.900000,0.200000,4100,4500,5100,7900,8900,13000,16000,19000,28000,30000,30000,37093,19,4100,4252.641525797527,29.712800052948296,30401.71859995462,4803.584773407381
1791155116,1000,,Aggregated,158.300000,0.100000,4100,4500,5100,7900,8900,13000,16000,19000,28000,30000,30000,37265,19,4100,4256.974619568169,29.712800052948296,30401.71859995462,4803.992996108949
1791155117,1000,,Aggregated,163.900000,0.100000,4100,4500,5000,7900,8900,13000,16000,19000,28000,30000,30000,37434,19,4100,4254.977614714117,29.712800052948296,30401.71859995462,4801.7229791099
1791155118,1000,,Aggregated,162.400000,0.100000,4100,4500,5000,7900,8900,13000,16000,19000,28000,30000,30000,37542,19,4100,4253.367823429982,29.712800052948296,30401.71859995462,4801.9115390762345
1791155119,1000,,Aggregated,164.300000,0.100000,4100,4500,5000,7900,8900,13000,16000,19000,28000,30000,30000,37734,19,4100,4255.083148476405,29.712800052948296,30401.71859995462,4803.165977632904
1791155120,1000,,Aggregated,158.500000,0.100000,4100,4500,5000,7900,8900,13000,16000,19000,28000,30000,30000,37933,19,4100,4253.671372673121,29.712800052948296,30401.71859995462,4802.831940526718
1791155121,1000,,Aggregated,156.200000,0.000000,4100,4500,5000,7900,8900,13000,16000,19000,28000,30000,30000,38127,19,4100,4249.187484032564,29.712800052948296,30401.71859995462,4802.723371888688
1791155122,1000,,Aggregated,159.000000,0.000000,4100,4500,5000,7900,8900,13000,16000,19000,28000,30000,30000,38259,19,4100,4244.577928916316,29.712800052948296,30401.71859995462,4803.005279803445
1791155123,1000,,Aggregated,165.900000,0.000000,4100,4500,5000,7900,8900,13000,16000,19000,28000,30000,30000,38373,19,4100,4238.620281953704,29.712800052948296,30401.71859995462,4802.467620462304
1791155124,1000,,Aggregated,163.300000,0.000000,4100,4500,5000,7900,8900,13000,16000,19000,28000,30000,30000,38512,19,4100,4237.83812384734,29.712800052948296,30401.71859995462,4801.38655484005
1791155125,1000,,Aggregated,162.800000,0.000000,4100,4500,5000,7900,8900,13000,16000,19000,28000,30000,30000,38691,19,4100,4242.225492685889,29.712800052948296,30401.71859995462,4801.75637745212
1791155126,1000,,Aggregated,163.500000,0.000000,4100,4500,5000,7900,8900,13000,16000,19000,28000,30000,30000,38889,19,4100,4243.838048278699,29.712800052948296,30401.71859995462,4802.170613798246
1791155127,1000,,Aggregated,158.500000,0.000000,4100,4500,5000,7900,8900,13000,16000,19000,28000,30000,30000,39021,19,4100,4242.982899251959,29.712800052948296,30401.71859995462,4801.622024038338
1791155128,1000,,Aggregated,160.700000,0.000000,4100,4500,5000,7900,8900,13000,16000,19000,28000,30000,30000,39201,19,4100,4247.619512198952,29.712800052948296,30401.71859995462,4802.006224331012
1791155129,1000,,Aggregated,153.800000,0.000000,4100,4500,5000,7900,8900,13000,16000,19000,28000,30000,30000,39385,19,4100,4251.546693271867,29.712800052948296,30401.71859995462,4802.1631331725275
1791155130,1000,,Aggregated,163.000000,0.000000,4100,4500,5000,7900,8900,13000,16000,19000,28000,30000,30000,39566,19,4100,4251.679101918614,29.712800052948296,30401.71859995462,4801.132487489259
1791155131,1000,,Aggregated,163.900000,0.000000,4100,4500,5000,7900,8900,13000,16000,19000,28000,30000,30000,39729,19,4100,4250.628644167036,29.712800052948296,30401.71859995462,4801.001787107654
1791155132,1000,,Aggregated,163.300000,0.000000,4100,4500,5000,7900,8900,13000,16000,19000,28000,30000,30000,39869,19,4100,4250.464384173484,29.712800052948296,30401.71859995462,4800.389224710928
1791155133,1000,,Aggregated,159.100000,0.000000,4100,4500,5000,7900,8900,13000,16000,19000,28000,30000,30000,39989,19,4100,4248.055181992872,29.712800052948296,30401.71859995462,4801.174222911301
1791155134,1000,,Aggregated,158.900000,0.000000,4100,4500,5000,7900,8900,13000,16000,19000,28000,30000,30000,40136,19,4100,4251.036210938133,29.712800052948296,30401.71859995462,4801.145380705601
1791155135,1000,,Aggregated,161.600000,0.000000,4100,4500,5000,7900,8900,13000,16000,19000,28000,30000,30000,40334,19,4100,4254.296134331146,29.712800052948296,30401.71859995462,4800.887067982348
1791155136,1000,,Aggregated,161.500000,0.000000,4100,4500,5000,7900,8900,13000,16000,19000,28000,30000,30000,40528,19,4100,4253.065977460329,29.712800052948296,30401.71859995462,4800.741610738255
1791155137,1000,,Aggregated,163.000000,0.000000,4100,4500,5000,7900,8900,13000,16000,19000,28000,30000,30000,40703,19,4100,4250.845402481715,29.712800052948296,30401.71859995462,4801.055622435692
1791155138,1000,,Aggregated,163.300000,0.000000,4100,4500,5000,7900,8900,13000,16000,19000,28000,30000,30000,40848,19,4100,4247.948064772169,29.712800052948296,30401.71859995462,4800.977918135527
1791155139,1000,,Aggregated,168.200000,0.000000,4100,4500,5000,7900,8900,13000,16000,19000,28000,30000,30000,41018,19,4100,4247.366544829452,29.712800052948296,30401.71859995462,4800.798673752986
1791155140,1000,,Aggregated,164.600000,0.000000,4100,4500,5000,7900,8900,13000,16000,19000,28000,30000,30000,41195,19,4100,4245.3012961819295,29.712800052948296,30401.71859995462,4801.567374681394
1791155141,1000,,Aggregated,165.000000,0.000000,4100,4500,5000,7900,8900,13000,16000,19000,28000,30000,30000,41389,19,4100,4241.328434753551,29.712800052948296,30401.71859995462,4800.716881296963
1791155142,1000,,Aggregated,161.300000,0.000000,4100,4500,5000,7900,8900,13000,16000,18000,28000,30000,30000,41546,19,4100,4239.513185024179,29.712800052948296,30401.71859995462,4800.014056708227
1791155143,1000,,Aggregated,164.000000,0.000000,4100,4500,5000,7900,8900,13000,16000,18000,28000,30000,30000,41616,19,4100,4240.114629878283,29.712800052948296,30401.71859995462,4799.621515763168
1791155144,1000,,Aggregated,166.800000,0.000000,4100,4500,5000,7900,8900,13000,16000,18000,28000,30000,30000,41824,19,4100,4239.66889084054,29.712800052948296,30401.71859995462,4798.729174636573
1791155145,1000,,Aggregated,163.300000,0.000000,4100,4500,5000,7900,8900,13000,16000,19000,27000,30000,30000,42024,19,4100,4246.509266326745,29.712800052948296,30401.71859995462,4798.184727774605
1791155146,1000,,Aggregated,165.000000,0.000000,4100,4500,5000,7900,8900,13000,16000,19000,27000,30000,30000,42216,19,4100,4243.439624772954,29.712800052948296,30401.71859995462,4798.2029799128295
1791155147,1000,,Aggregated,168.700000,0.000000,4100,4500,5000,7900,8900,13000,16000,18000,27000,30000,30000,42405,19,4100,4235.7141020661265,29.712800052948296,30401.71859995462,4798.594080886688
1791155148,1000,,Aggregated,167.600000,0.000000,4100,4500,5000,7900,8900,13000,16000,18000,27000,30000,30000,42583,19,4100,4235.372515161319,29.712800052948296,30401.71859995462,4799.582016297583
1791155149,1000,,Aggregated,169.500000,0.000000,4100,4400,5000,7900,8900,13000,16000,18000,27000,30000,30000,42762,19,4100,4231.29834681294,29.712800052948296,30401.71859995462,4800.393667274683
1791155150,1000,,Aggregated,171.200000,0.000000,4100,4400,5000,7900,8900,13000,16000,18000,27000,30000,30000,42952,19,4100,4227.8514064214705,29.712800052948296,30401.71859995462,4799.818285528031
1791155151,1000,,Aggregated,171.300000,0.000000,4100,4400,5000,7900,8900,12000,16000,18000,27000,30000,30000,43129,19,4100,4225.396233787325,29.712800052948296,30401.71859995462,4799.650328085511
1791155152,1000,,Aggregated,174.500000,0.000000,4100,4400,5000,7900,8900,12000,16000,18000,27000,30000,30000,43253,19,4100,4223.524334046497,29.712800052948296,30401.71859995462,4798.997849860125
1791155153,1000,,Aggregated,173.900000,0.000000,4100,4400,5000,7900,8900,12000,16000,18000,27000,30000,30000,43389,19,4100,4222.948692249488,29.712800052948296,30401.71859995462,4798.528521053723
1791155154,1000,,Aggregated,170.700000,0.000000,4100,4400,5000,7900,8900,12000,16000,18000,27000,30000,30000,43548,19,4100,4221.894959105199,29.712800052948296,30401.71859995462,4798.166942224671
1791155155,1000,,Aggregated,174.500000,0.000000,4100,4400,5000,7900,8900,12000,16000,18000,27000,30000,30000,43704,19,4100,4222.509219909243,29.712800052948296,30401.71859995462,4798.369371224602
1791155156,1000,,Aggregated,171.900000,0.000000,4100,4400,5000,7900,8900,12000,16000,18000,27000,30000,30000,43883,19,4100,4220.567312337664,29.712800052948296,30401.71859995462,4798.476722193104
1791155157,1000,,Aggregated,169.500000,0.000000,4100,4400,5000,7900,8900,12000,16000,18000,27000,30000,30000,44056,19,4100,4219.753209261239,29.712800052948296,30401.71859995462,4798.518499182858
1791155158,1000,,Aggregated,165.500000,0.000000,4100,4400,5000,7900,8900,12000,16000,18000,27000,30000,30000,44241,19,4100,4220.863616344847,29.712800052948296,30401.71859995462,4799.378314233403
1791155159,1000,,Aggregated,165.400000,0.000000,4100,4400,5000,7900,8900,12000,16000,18000,27000,30000,30000,44382,19,4100,4222.108924963119,29.712800052948296,30401.71859995462,4798.719841377135
1791155160,1000,,Aggregated,164.900000,0.000000,4100,4400,5000,7900,8900,12000,16000,18000,27000,30000,30000,44560,19,4100,4222.42659727363,29.712800052948296,30401.71859995462,4799.148653500898
1791155161,1000,,Aggregated,159.100000,0.000000,4100,4400,5000,7900,8900,12000,16000,18000,27000,30000,30000,44755,19,4100,4222.993230352209,29.712800052948296,30401.71859995462,4798.589029158753
1791155162,1000,,Aggregated,159.000000,0.000000,4100,4400,5000,7900,8900,12000,16000,18000,27000,30000,30000,44902,19,4100,4221.704341038552,29.712800052948296,30401.71859995462,4798.347690526034
1791155163,1000,,Aggregated,160.700000,0.000000,4100,4400,5000,7900,8900,12000,16000,18000,27000,30000,30000,45026,19,4100,4218.775022325181,29.712800052948296,30401.71859995462,4797.698396482033
1791155164,1000,,Aggregated,162.600000,0.000000,4100,4400,5000,7900,8900,12000,16000,18000,27000,30000,30000,45197,19,4100,4220.585500484843,29.712800052948296,30401.71859995462,4797.388366484502
1791155165,1000,,Aggregated,163.300000,0.000000,4100,4400,5000,7900,8900,12000,16000,18000,27000,30000,30000,45400,19,4100,4219.859248687539,29.712800052948296,30401.71859995462,4797.742026431718
1791155166,1000,,Aggregated,163.700000,0.000000,4100,4400,5000,7900,8900,12000,16000,18000,27000,30000,30000,45567,19,4100,4215.4139339173935,29.712800052948296,30401.71859995462,4798.1261219742355
1791155167,1000,,Aggregated,164.100000,0.000000,4100,4400,5000,7900,8900,12000,16000,18000,27000,30000,30000,45714,19,4100,4213.9787805707965,29.712800052948296,30401.71859995462,4798.5993349958435
1791155168,1000,,Aggregated,168.400000,0.000000,4100,4400,5000,7900,8900,12000,16000,18000,27000,30000,30000,45891,19,4100,4213.922484594213,29.712800052948296,30401.71859995462,4798.931511625373
1791155169,1000,,Aggregated,165.100000,0.000000,4100,4400,5000,7900,8900,12000,16000,19000,27000,30000,30000,46076,19,4100,4219.127726109296,29.712800052948296,30401.71859995462,4799.7177055299935
1791155170,1000,,Aggregated,164.400000,0.000000,4100,4400,5000,7900,8900,12000,16000,18000,27000,30000,30000,46234,19,4100,4219.177540033583,29.712800052948296,30401.71859995462,4799.9972531037765
1791155171,1000,,Aggregated,169.600000,0.000000,4100,4400,5000,7800,8900,12000,16000,18000,27000,30000,30000,46411,19,4100,4216.581228168187,29.712800052948296,30401.71859995462,4800.244963478485
1791155172,1000,,Aggregated,168.500000,0.000000,4100,4400,5000,7900,8900,12000,16000,18000,27000,30000,30000,46534,19,4100,4214.06183765879,29.712800052948296,30401.71859995462,4800.421541238664
1791155173,1000,,Aggregated,165.600000,0.000000,4100,4400,5000,7900,8900,12000,16000,18000,27000,30000,30000,46589,19,4100,4213.897805413595,29.712800052948296,30401.71859995462,4800.561441541995
1791155174,1000,,Aggregated,165.000000,0.000000,4100,4400,5000,7800,8900,12000,16000,18000,27000,30000,30000,46710,19,4100,4213.969022012689,29.712800052948296,30401.71859995462,4800.687304645686
1791155175,1000,,Aggregated,161.000000,0.000000,4100,4400,5000,7800,8900,12000,16000,18000,27000,30000,30000,46933,19,4100,4220.257801506683,29.712800052948296,30401.71859995462,4800.3583619201845
1791155176,1000,,Aggregated,154.900000,0.000000,4100,4400,5000,7900,8900,12000,16000,18000,27000,30000,30000,47127,19,4100,4224.402566832468,29.712800052948296,30401.71859995462,4800.806989623782
1791155177,1000,,Aggregated,151.000000,0.000000,4100,4400,5000,7900,8900,12000,16000,18000,27000,30000,30000,47326,19,4100,4224.744684556343,29.712800052948296,30401.71859995462,4800.251553057516
1791155178,1000,,Aggregated,153.600000,0.000000,4100,4400,5000,7800,8900,12000,16000,18000,27000,30000,30000,47482,19,4100,4220.736186464607,29.712800052948296,30401.71859995462,4799.981929994524
1791155179,1000,,Aggregated,157.200000,0.000000,4100,4400,5000,7900,8900,12000,16000,18000,27000,30000,30000,47638,19,4100,4221.303498547653,29.712800052948296,30401.71859995462,4799.390402619757
1791155180,1000,,Aggregated,157.700000,0.000000,4100,4400,5000,7900,8900,12000,16000,18000,27000,30000,30000,47852,19,4100,4222.739087599537,29.712800052948296,30401.71859995462,4798.9858522109835
1791155181,1000,,Aggregated,157.900000,0.000000,4100,4400,5000,7900,8900,12000,16000,18000,27000,30000,30000,48009,19,4100,4220.067900127309,29.712800052948296,30401.71859995462,4798.910537607532
1791155182,1000,,Aggregated,155.900000,0.000000,4100,4400,5000,7900,8900,12000,16000,18000,27000,30000,30000,48158,19,4100,4215.5036147828405,29.712800052948296,30401.71859995462,4797.246376510652
1791155183,1000,,Aggregated,159.600000,0.000000,4100,4400,5000,7900,8900,12000,16000,18000,27000,30000,30000,48271,20,4100,4212.167446939399,29.712800052948296,30401.71859995462,4797.422821155559
1791155184,1000,,Aggregated,159.600000,0.000000,4100,4400,5000,7900,8900,12000,16000,18000,27000,30000,30000,48371,20,4100,4211.86341004965,29.712800052948296,30401.71859995462,4797.76004217403
1791155185,1000,,Aggregated,163.100000,0.100000,4100,4400,5000,7900,8900,12000,16000,18000,27000,30000,30000,48543,20,4100,4213.439798010236,29.712800052948296,30401.71859995462,4797.0147498094475
1791155186,1000,,Aggregated,165.200000,0.100000,4100,4500,5000,7900,8900,12000,16000,18000,27000,30000,30000,48773,20,4100,4220.038913243214,29.712800052948296,30401.71859995462,4796.997211571977
1791155187,1000,,Aggregated,161.800000,0.100000,4100,4500,5000,7900,8900,12000,16000,18000,27000,30000,30000,48933,20,4100,4222.617357950903,29.712800052948296,30401.71859995462,4797.6477837042485
1791155188,1000,,Aggregated,158.700000,0.100000,4100,4500,5000,7900,8900,12000,16000,18000,27000,30000,30000,49102,20,4100,4223.7400906584535,29.712800052948296,30401.71859995462,4796.844303694351
1791155189,1000,,Aggregated,162.900000,0.100000,4100,4500,5000,7900,8900,12000,16000,18000,27000,30000,30000,49300,20,4100,4226.068977919104,29.712800052948296,30401.71859995462,4797.638580121704
1791155190,1000,,Aggregated,160.000000,0.100000,4100,4500,5000,7900,8900,12000,16000,18000,27000,30000,30000,49421,20,4100,4225.508330944571,29.712800052948296,30401.71859995462,4796.8313469982395
1791155191,1000,,Aggregated,160.900000,0.100000,4100,4500,5000,7900,8900,12000,16000,18000,27000,30000,30000,49609,20,4100,4222.1598967911395,29.712800052948296,30401.71859995462,4797.148017496826
1791155192,1000,,Aggregated,160.600000,0.100000,4100,4500,5000,7900,8900,12000,16000,18000,27000,30000,30000,49761,20,4100,4221.187871964226,29.712800052948296,30401.71859995462,4795.723819858926
1791155193,1000,,Aggregated,156.200000,0.100000,4100,4500,5000,7900,8900,12000,16000,18000,27000,30000,30000,49884,20,4100,4217.9317896482235,29.712800052948296,30401.71859995462,4796.15700424986
1791155194,1000,,Aggregated,158.900000,0.100000,4100,4500,5000,7900,8900,12000,16000,18000,27000,30000,30000,50011,20,4100,4215.367526916316,29.712800052948296,30401.71859995462,4796.00393913339
1791155195,1000,,Aggregated,158.500000,0.000000,4100,4500,5000,7900,8900,12000,16000,18000,27000,30000,30000,50126,21,4100,4216.113771005303,29.712800052948296,30401.71859995462,4796.288014204205
1791155196,1000,,Aggregated,161.500000,0.000000,4100,4500,5000,7900,8900,12000,16000,18000,27000,30000,30000,50245,21,4100,4216.586111856132,29.712800052948296,30401.71859995462,4795.987899293462
1791155197,1000,,Aggregated,162.800000,0.000000,4100,4500,5000,7900,8900,12000,16000,18000,27000,30000,30000,50432,22,4100,4219.994633443263,29.712800052948296,30401.71859995462,4795.800404505077
1791155198,1000,,Aggregated,154.300000,0.100000,4100,4500,5000,7900,8900,13000,16000,18000,27000,30000,30000,50617,22,4100,4223.012545494817,29.712800052948296,30401.71859995462,4796.406069107217
1791155199,1000,,Aggregated,144.400000,0.100000,4100,4500,5000,7900,8900,13000,16000,18000,27000,30000,30000,50805,22,4100,4226.396723793169,29.712800052948296,30401.71859995462,4796.2289341600235
1791155200,1000,,Aggregated,150.100000,0.200000,4100,4500,5000,7900,8900,13000,16000,18000,27000,30000,30000,50982,22,4100,4224.7532262643945,29.712800052948296,30401.71859995462,4796.160370326782
1791155201,1000,,Aggregated,149.600000,0.200000,4100,4500,5000,7900,8900,13000,16000,18000,27000,30000,30000,51171,23,4100,4226.556986711425,29.712800052948296,30401.71859995462,4795.3282523304215
1791155202,1000,,Aggregated,152.300000,0.200000,4100,4500,5000,7900,8900,13000,16000,18000,27000,30000,30000,51301,23,4100,4226.124686255822,29.712800052948296,30401.71859995462,4795.692910469582
1791155203,1000,,Aggregated,154.500000,0.200000,4100,4500,5000,7900,8900,13000,16000,18000,27000,30000,30000,51418,23,4100,4225.746150142159,29.712800052948296,30401.71859995462,4796.319693492551
1791155204,1000,,Aggregated,155.300000,0.300000,4100,4500,5000,7900,8900,13000,16000,18000,27000,30000,30000,51567,23,4100,4228.771523934082,29.712800052948296,30401.71859995462,4796.157581398957
1791155205,1000,,Aggregated,153.100000,0.300000,4100,4500,5000,7900,8900,13000,16000,18000,27000,30000,30000,51747,23,4100,4231.213771432328,29.712800052948296,30401.71859995462,4795.910816085957
1791155206,1000,,Aggregated,152.900000,0.300000,4100,4500,5000,7900,8900,13000,16000,18000,27000,30000,30000,51849,23,4100,4231.065329989172,29.712800052948296,30401.71859995462,4796.273949352929
1791155207,1000,,Aggregated,155.200000,0.300000,4100,4500,5000,7900,8900,13000,16000,18000,27000,30000,30000,52019,23,4100,4231.273945570047,29.712800052948296,30401.71859995462,4796.310559603222
1791155208,1000,,Aggregated,161.700000,0.200000,4100,4500,5000,7900,8900,13000,16000,18000,27000,30000,30000,52225,23,4100,4230.112880063338,29.712800052948296,30401.71859995462,4795.808137865007
1791155209,1000,,Aggregated,160.700000,0.200000,4100,4500,5000,7900,8900,13000,16000,18000,27000,30000,30000,52392,25,4100,4231.108833593068,29.712800052948296,30401.71859995462,4795.775251946862
1791155210,1000,,Aggregated,157.700000,0.100000,4100,4500,5000,7900,8900,13000,16000,18000,27000,30000,30000,52572,26,4100,4230.953966459473,29.712800052948296,30401.71859995462,4796.7266415582435
1791155211,1000,,Aggregated,160.100000,0.100000,4100,4500,5000,7900,8900,13000,16000,18000,27000,30000,30000,52726,26,4100,4230.98398889934,29.712800052948296,30401.71859995462,4796.833383909267
1791155212,1000,,Aggregated,158.500000,0.300000,4100,4500,5000,7900,8900,13000,16000,18000,27000,30000,30000,52840,26,4100,4231.143733883523,29.712800052948296,30401.71859995462,4796.763285389856
1791155213,1000,,Aggregated,157.800000,0.400000,4100,4500,5000,7900,8900,13000,16000,18000,28000,30000,30000,52980,27,4100,4230.221253176779,29.712800052948296,30401.71859995462,4797.0637410343525
1791155214,1000,,Aggregated,153.700000,0.300000,4100,4500,5000,7900,8900,13000,16000,18000,27000,30000,30000,53164,27,4100,4232.764241202804,29.712800052948296,30401.71859995462,4797.719208486946
1791155215,1000,,Aggregated,153.300000,0.300000,4100,4500,5000,7900,8900,13000,16000,18000,28000,30000,30000,53318,27,4100,4232.058634316857,29.712800052948296,30401.71859995462,4798.365917701339
1791155216,1000,,Aggregated,156.900000,0.400000,4100,4500,5000,7900,8900,13000,16000,18000,28000,30000,30000,53511,27,4100,4232.034221806853,29.712800052948296,30401.71859995462,4798.59653155426
1791155217,1000,,Aggregated,159.000000,0.400000,4100,4500,5000,7900,8900,13000,16000,18000,28000,30000,30000,53698,27,4100,4234.980658486463,29.712800052948296,30401.71859995462,4798.332153897724
1791155218,1000,,Aggregated,157.400000,0.400000,4100,4500,5000,7900,8900,13000,16000,19000,28000,30000,30000,53864,27,4100,4237.739193000989,29.712800052948296,30401.71859995462,4797.862022872419
1791155219,1000,,Aggregated,164.500000,0.400000,4100,4500,5000,7900,8900,13000,16000,18000,27000,30000,30000,54038,27,4100,4237.229593991351,29.712800052948296,30401.71859995462,4797.582701062215
1791155220,1000,,Aggregated,166.200000,0.400000,4100,4500,5000,7900,8900,13000,16000,19000,27000,30000,30000,54214,27,4100,4236.4114368503515,29.712800052948296,30401.71859995462,4797.877135057365
1791155221,1000,,Aggregated,162.800000,0.400000,4100,4500,5000,7900,8900,13000,16000,19000,28000,30000,30000,54351,27,4100,4234.80104116586,29.712800052948296,30401.71859995462,4798.2230685727955
1791155222,1000,,Aggregated,163.400000,0.200000,4100,4500,5000,7900,8900,13000,16000,19000,28000,30000,30000,54456,27,4100,4232.967206961688,29.712800052948296,30401.71859995462,4798.228496400764
1791155223,1000,,Aggregated,163.400000,0.100000,4100,4500,5000,7900,8900,13000,16000,19000,28000,30000,30000,54602,27,4100,4233.637724618255,29.712800052948296,30401.71859995462,4797.5635324713385
1791155224,1000,,Aggregated,160.900000,0.100000,4100,4500,5000,7900,8900,13000,16000,19000,28000,30000,30000,54774,27,4100,4235.941575375292,29.712800052948296,30401.71859995462,4797.332566546172
1791155225,1000,,Aggregated,161.300000,0.100000,4100,4500,5000,7900,8900,13000,16000,19000,28000,30000,30000,54968,27,4100,4238.754611159338,29.712800052948296,30401.71859995462,4797.483590452627
1791155226,1000,,Aggregated,160.400000,0.000000,4100,4500,5000,7900,8900,13000,16000,19000,27000,30000,30000,55131,27,4100,4236.157791090421,29.712800052948296,30401.71859995462,4797.506575248046
1791155227,1000,,Aggregated,160.000000,0.000000,4100,4500,5000,7900,8900,13000,16000,19000,27000,30000,30000,55313,27,4100,4234.405188019186,29.712800052948296,30401.71859995462,4796.932258239473
1791155229,1000,,Aggregated,164.100000,0.000000,4100,4500,5000,7900,8900,13000,16000,19000,27000,30000,30000,55495,27,4100,4234.655947303455,29.712800052948296,30401.71859995462,4797.525236507793
1791155230,1000,,Aggregated,160.500000,0.000000,4100,4500,5000,7900,8900,13000,16000,19000,28000,30000,30000,55650,28,4100,4235.111381768279,29.712800052948296,30401.71859995462,4796.212452830188
1791155231,1000,,Aggregated,161.800000,0.000000,4100,4500,5000,7900,8900,13000,16000,18000,28000,30000,30000,55807,28,4100,4234.266652715696,29.712800052948296,30401.71859995462,4795.765352016772
1791155232,1000,,Aggregated,159.800000,0.100000,4100,4500,5000,7900,8900,13000,16000,18000,28000,30000,30000,55987,28,4100,4232.99069704049,29.712800052948296,30401.71859995462,4795.881240287924
1791155233,1000,,Aggregated,159.800000,0.100000,4100,4500,5000,7900,8900,13000,16000,18000,27000,30000,30000,56134,28,4100,4231.040268545007,29.712800052948296,30401.71859995462,4795.346136031639
1791155234,1000,,Aggregated,158.500000,0.100000,4100,4500,5000,7900,8900,13000,16000,18000,27000,30000,30000,56231,28,4100,4230.401732256324,29.712800052948296,30401.71859995462,4795.398267859366
1791155235,1000,,Aggregated,167.300000,0.100000,4100,4500,5000,7900,8900,13000,16000,18000,27000,30000,30000,56432,28,4100,4229.576855080553,29.712800052948296,30401.71859995462,4795.660724411681
1791155236,1000,,Aggregated,162.600000,0.100000,4100,4500,5000,7900,8900,13000,16000,18000,27000,30000,30000,56618,28,4100,4230.65237618082,29.712800052948296,30401.71859995462,4795.623547281783
1791155237,1000,,Aggregated,164.900000,0.100000,4100,4500,5000,7900,8900,13000,16000,18000,27000,30000,30000,56808,28,4100,4233.503925941875,29.712800052948296,30401.71859995462,4795.9154168426985
1791155238,1000,,Aggregated,160.900000,0.100000,4100,4500,5000,7900,8900,13000,16000,18000,27000,30000,30000,56922,28,4100,4232.640827920776,29.712800052948296,30401.71859995462,4796.602508696111
1791155239,1000,,Aggregated,163.100000,0.100000,4100,4500,5000,7900,8900,13000,16000,18000,27000,30000,30000,57111,28,4100,4233.033410176787,29.712800052948296,30401.71859995462,4797.018035054543
1791155240,1000,,Aggregated,157.100000,0.100000,4100,4500,5000,7900,8900,13000,16000,18000,27000,30000,30000,57301,28,4100,4234.533580607775,29.712800052948296,30401.71859995462,4797.962443936406
1791155241,1000,,Aggregated,157.000000,0.100000,4100,4500,5000,7900,8900,13000,16000,18000,27000,30000,30000,57491,28,4100,4235.444456868144,29.712800052948296,30401.71859995462,4798.592579708128
1791155242,1000,,Aggregated,160.000000,0.000000,4100,4500,5000,7900,8800,13000,16000,18000,27000,30000,30000,57664,28,4100,4230.302230858169,29.712800052948296,30401.71859995462,4798.3747572142065
1791155243,1000,,Aggregated,165.000000,0.000000,4100,4500,5000,7900,8800,13000,16000,18000,27000,30000,30000,57806,28,4100,4228.59708753774,29.712800052948296,30401.71859995462,4798.222969933917
1791155244,1000,,Aggregated,163.400000,0.000000,4100,4500,5000,7900,8800,13000,16000,18000,27000,30000,30000,57951,28,4100,4227.732349614444,29.712800052948296,30401.71859995462,4798.54109506307
1791155245,1000,,Aggregated,163.600000,0.000000,4100,4500,5000,7900,8800,13000,16000,18000,27000,30000,30000,58133,28,4100,4224.764573930602,29.712800052948296,30401.71859995462,4797.889374365679
1791155246,1000,,Aggregated,168.700000,0.000000,4100,4500,5000,7900,8800,13000,16000,18000,27000,30000,30000,58320,28,4100,4223.216476917146,29.712800052948296,30401.71859995462,4797.233144718793
1791155247,1000,,Aggregated,165.300000,0.000000,4100,4500,5000,7900,8800,13000,16000,18000,27000,30000,30000,58504,28,4100,4225.621957249205,29.712800052948296,30401.71859995462,4798.030254341584
1791155248,1000,,Aggregated,169.200000,0.000000,4100,4500,5000,7900,8800,13000,16000,18000,27000,30000,30000,58689,28,4100,4225.288153050956,29.712800052948296,30401.71859995462,4797.053894256163
1791155249,1000,,Aggregated,170.100000,0.000000,4100,4500,5000,7900,8800,13000,16000,18000,27000,30000,30000,58881,28,4100,4223.126319520853,29.712800052948296,30401.71859995462,4797.096041167779
1791155250,1000,,Aggregated,174.900000,0.000000,4100,4500,5000,7900,8800,12000,16000,18000,27000,30000,30000,59054,28,4100,4221.9543158618935,29.712800052948296,30401.71859995462,4797.321451552816
1791155251,1000,,Aggregated,175.600000,0.000000,4100,4500,5000,7900,8800,12000,16000,18000,27000,30000,30000,59226,28,4100,4218.974102796203,29.712800052948296,30401.71859995462,4797.974926552528
1791155252,1000,,Aggregated,175.600000,0.000000,4100,4500,5000,7900,8800,12000,16000,18000,27000,30000,30000,59402,28,4100,4218.3125273224305,29.712800052948296,30401.71859995462,4797.896569139086
1791155253,1000,,Aggregated,171.800000,0.000000,4100,4500,5000,7800,8800,12000,16000,18000,27000,30000,30000,59495,28,4100,4217.56231415929,29.712800052948296,30401.71859995462,4797.864778552819
1791155254,1000,,Aggregated,172.500000,0.000000,4100,4500,5000,7800,8800,12000,16000,18000,27000,30000,30000,59640,28,4100,4214.538219785493,29.712800052948296,30401.71859995462,4798.421696847753
1791155255,1000,,Aggregated,171.900000,0.000000,4100,4500,5000,7800,8800,12000,16000,18000,27000,30000,30000,59782,28,4100,4214.066092857512,29.712800052948296,30401.71859995462,4798.752082566659
1791155256,1000,,Aggregated,166.900000,0.000000,4100,4500,5000,7800,8800,12000,16000,18000,27000,30000,30000,59979,28,4100,4214.8541572634995,29.712800052948296,30401.71859995462,4798.288534320345
1791155257,1000,,Aggregated,164.500000,0.000000,4100,4500,5000,7800,8800,12000,16000,18000,27000,30000,30000,60060,28,4100,4215.219105374754,29.712800052948296,30401.71859995462,4798.306043956044
1791155258,1000,,Aggregated,164.000000,0.000000,4100,4500,5000,7800,8800,12000,16000,18000,27000,30000,30000,60202,29,4100,4216.229778721754,29.712800052948296,30401.71859995462,4798.128201720873
1791155259,1000,,Aggregated,154.900000,0.000000,4100,4500,5000,7800,8800,12000,16000,18000,27000,30000,30000,60388,29,4100,4220.309923658787,29.712800052948296,30401.71859995462,4798.136914618798
1791155260,1000,,Aggregated,150.100000,0.000000,4100,4500,5000,7800,8900,12000,16000,18000,27000,30000,30000,60575,29,4100,4224.397625774778,29.712800052948296,30401.71859995462,4798.144927775485
1791155261,1000,,Aggregated,149.300000,0.100000,4100,4500,5000,7800,8900,12000,16000,18000,27000,30000,30000,60751,29,4100,4224.195796905517,29.712800052948296,30401.71859995462,4798.004806505242
1791155262,1000,,Aggregated,151.100000,0.100000,4100,4500,5000,7800,8900,12000,16000,18000,27000,30000,30000,60917,29,4100,4220.661126562502,29.712800052948296,30401.71859995462,4797.815979119129
1791155263,1000,,Aggregated,149.500000,0.100000,4100,4500,5000,7800,8900,12000,16000,18000,27000,30000,30000,60999,29,4100,4219.986004801839,29.712800052948296,30401.71859995462,4797.452351677896
1791155264,1000,,Aggregated,151.400000,0.100000,4100,4500,5000,7800,8900,12000,16000,18000,27000,30000,30000,61141,29,4100,4218.94910598627,29.712800052948296,30401.71859995462,4797.122683632914
1791155265,1000,,Aggregated,148.000000,0.100000,4100,4500,5000,7800,8900,12000,16000,18000,27000,30000,30000,61273,29,4100,4220.682536846677,29.712800052948296,30401.71859995462,4796.67439165701
1791155266,1000,,Aggregated,148.900000,0.100000,4100,4500,5000,7900,8900,12000,16000,18000,27000,30000,30000,61423,29,4100,4222.4622140616175,29.712800052948296,30401.71859995462,4796.862575908048
1791155267,1000,,Aggregated,150.400000,0.100000,4100,4500,5000,7900,8900,12000,16000,18000,27000,30000,30000,61580,29,4100,4225.075092738011,29.712800052948296,30401.71859995462,4796.355569990256
1791155268,1000,,Aggregated,145.000000,0.100000,4100,4500,5000,7900,8900,12000,16000,18000,27000,30000,30000,61726,29,4100,4225.813780076585,29.712800052948296,30401.71859995462,4795.944334640184
1791155269,1000,,Aggregated,149.400000,0.100000,4100,4500,5000,7900,8900,13000,16000,18000,27000,30000,30000,61872,29,4100,4229.325674466752,29.712800052948296,30401.71859995462,4795.763495603827
1791155270,1000,,Aggregated,153.400000,0.100000,4100,4500,5000,7900,8900,13000,16000,18000,27000,30000,30000,61972,29,4100,4230.67953165794,29.712800052948296,30401.71859995462,4795.1171658168205
1791155271,1000,,Aggregated,148.700000,0.000000,4100,4500,5000,7900,8900,13000,16000,18000,27000,30000,30000,62111,29,4100,4234.081639403736,29.712800052948296,30401.71859995462,4795.425866593679
1791155272,1000,,Aggregated,141.000000,0.000000,4100,4500,5000,7900,8900,13000,16000,18000,27000,30000,30000,62244,29,4100,4236.977358126174,29.712800052948296,30401.71859995462,4795.922482488272
1791155273,1000,,Aggregated,138.800000,0.000000,4100,4500,5100,7900,8900,13000,16000,18000,27000,30000,30000,62419,29,4100,4241.230360524929,29.712800052948296,30401.71859995462,4796.370928723626
1791155274,1000,,Aggregated,133.000000,0.000000,4100,4500,5100,7900,8900,13000,16000,18000,27000,30000,30000,62580,29,4100,4243.9646612241295,29.712800052948296,30401.71859995462,4796.170102269096
1791155275,1000,,Aggregated,135.800000,0.000000,4100,4500,5100,7900,8900,13000,16000,18000,27000,30000,30000,62711,29,4100,4243.798190644487,29.712800052948296,30401.71859995462,4796.046786050294
1791155276,1000,,Aggregated,143.300000,0.000000,4100,4500,5100,7900,8900,13000,16000,18000,27000,30000,30000,62853,29,4100,4243.908532329509,29.712800052948296,30401.71859995462,4796.430894308943
1791155277,1000,,Aggregated,142.500000,0.000000,4100,4500,5100,7900,8900,13000,16000,19000,27000,30000,30000,62983,29,4100,4244.789502073678,29.712800052948296,30401.71859995462,4796.50781957036
1791155278,1000,,Aggregated,141.500000,0.000000,4100,4500,5100,7900,8900,13000,16000,19000,27000,30000,30000,63121,29,4100,4245.992416525507,29.712800052948296,30401.71859995462,4796.277752253608
1791155279,1000,,Aggregated,141.700000,0.000000,4100,4500,5100,7900,8900,13000,16000,19000,27000,30000,30000,63302,29,4100,4246.420003739309,29.712800052948296,30401.71859995462,4796.117405453224
1791155280,1000,,Aggregated,137.300000,0.000000,4100,4500,5100,7900,9000,13000,16000,19000,27000,30000,30000,63453,29,4100,4250.323078213876,29.712800052948296,30401.71859995462,4795.695648747892
1791155281,1000,,Aggregated,139.900000,0.000000,4100,4500,5100,7900,9000,13000,16000,19000,27000,30000,30000,63625,29,4100,4250.457644811078,29.712800052948296,30401.71859995462,4795.843992141454
1791155282,1000,,Aggregated,148.300000,0.000000,4100,4500,5100,7900,9000,13000,16000,19000,27000,30000,30000,63788,29,4100,4252.546652412744,29.712800052948296,30401.71859995462,4795.655279989966
1791155283,1000,,Aggregated,146.700000,0.000000,4100,4500,5100,7900,9000,13000,16000,19000,27000,30000,30000,63938,29,4100,4254.946068694744,29.712800052948296,30401.71859995462,4795.669742563108
1791155284,1000,,Aggregated,153.400000,0.000000,4100,4500,5100,7900,9000,13000,16000,19000,27000,30000,30000,64090,29,4100,4254.743057842163,29.712800052948296,30401.71859995462,4795.593665158371
1791155285,1000,,Aggregated,151.700000,0.000000,4100,4500,5100,7900,9000,13000,16000,19000,27000,30000,30000,64298,29,4100,4255.5855197829715,29.712800052948296,30401.71859995462,4795.840197206756
1791155286,1000,,Aggregated,146.100000,0.000000,4100,4500,5100,7900,9000,13000,16000,19000,27000,30000,30000,64484,29,4100,4255.980684242688,29.712800052948296,30401.71859995462,4796.125814155449
1791155287,1000,,Aggregated,150.300000,0.000000,4100,4500,5100,7900,9000,13000,16000,19000,27000,30000,30000,64647,29,4100,4255.227583337275,29.712800052948296,30401.71859995462,4796.567327176822
1791155288,1000,,Aggregated,156.500000,0.000000,4100,4500,5100,7900,9000,13000,16000,19000,27000,30000,30000,64812,29,4100,4255.5783454947195,29.712800052948296,30401.71859995462,4796.2057180769
1791155289,1000,,Aggregated,160.900000,0.000000,4100,4500,5100,7900,9000,13000,16000,19000,27000,30000,30000,64965,29,4100,4257.937911232247,29.712800052948296,30401.71859995462,4796.078673131687
1791155290,1000,,Aggregated,165.200000,0.000000,4100,4500,5100,7900,9000,13000,16000,19000,27000,30000,30000,65168,29,4100,4256.365370276875,29.712800052948296,30401.71859995462,4795.319205745151
1791155291,1000,,Aggregated,162.500000,0.000000,4100,4500,5100,7900,9000,13000,16000,19000,27000,30000,30000,65355,29,4100,4255.589176375264,29.712800052948296,30401.71859995462,4794.554020350394
1791155292,1000,,Aggregated,161.400000,0.000000,4100,4500,5100,7900,9000,13000,16000,19000,27000,30000,30000,65530,29,4100,4254.334481329224,29.712800052948296,30401.71859995462,4794.698748664734
1791155293,1000,,Aggregated,169.100000,0.000000,4100,4500,5100,7900,9000,13000,16000,19000,27000,30000,30000,65655,29,4100,4251.1622244719165,29.712800052948296,30401.71859995462,4794.340979361816
1791155294,1000,,Aggregated,168.400000,0.000000,4100,4500,5100,7900,9000,13000,16000,19000,27000,30000,30000,65828,29,4100,4249.811211007549,29.712800052948296,30401.71859995462,4794.750941848453
1791155295,1000,,Aggregated,170.800000,0.000000,4100,4500,5100,7900,9000,13000,16000,19000,27000,30000,30000,66013,29,4100,4248.890048337525,29.712800052948296,30401.71859995462,4794.610228288368
1791155296,1000,,Aggregated,171.600000,0.000000,4100,4500,5100,7800,9000,13000,16000,19000,27000,30000,30000,66187,29,4100,4247.747533887401,29.712800052948296,30401.71859995462,4794.762581775877
1791155297,1000,,Aggregated,170.400000,0.000000,4100,4500,5100,7800,9000,13000,16000,19000,27000,30000,30000,66381,29,4100,4245.172774358713,29.712800052948296,30401.71859995462,4794.084723038219
1791155298,1000,,Aggregated,170.100000,0.000000,4100,4500,5100,7800,9000,13000,16000,19000,27000,30000,30000,66564,29,4100,4244.488420332407,29.712800052948296,30401.71859995462,4794.801364100716
1791155299,1000,,Aggregated,169.700000,0.000000,4100,4500,5100,7800,9000,13000,16000,19000,27000,30000,30000,66735,29,4100,4244.539926946982,29.712800052948296,30401.71859995462,4795.125346519817
1791155300,1000,,Aggregated,171.800000,0.000000,4100,4500,5100,7800,9000,13000,16000,19000,27000,30000,30000,66931,29,4100,4244.028679199561,29.712800052948296,30401.71859995462,4794.838669674739
1791155301,1000,,Aggregated,177.300000,0.000000,4100,4500,5100,7800,9000,13000,16000,19000,27000,30000,30000,67095,29,4100,4241.316743229844,29.712800052948296,30401.71859995462,4795.144571130487
1791155302,1000,,Aggregated,174.700000,0.000000,4100,4500,5100,7800,9000,13000,16000,19000,27000,30000,30000,67272,29,4100,4238.9705820803,29.712800052948296,30401.71859995462,4795.263898798906
1791155303,1000,,Aggregated,173.000000,0.000000,4100,4500,5100,7800,9000,13000,16000,19000,27000,30000,30000,67378,29,4100,4237.75276641198,29.712800052948296,30401.71859995462,4794.911395410965
1791155304,1000,,Aggregated,172.500000,0.000000,4100,4500,5100,7800,9000,13000,16000,19000,27000,30000,30000,67507,29,4100,4236.978807206756,29.712800052948296,30401.71859995462,4795.245070881539
1791155305,1000,,Aggregated,173.100000,0.000000,4100,4500,5100,7800,9000,13000,16000,19000,27000,30000,30000,67704,29,4100,4239.358063934274,29.712800052948296,30401.71859995462,4795.750827129859
1791155306,1000,,Aggregated,169.200000,0.000000,4100,4500,5100,7800,9000,13000,16000,19000,27000,30000,30000,67893,29,4100,4242.421792436722,29.712800052948296,30401.71859995462,4795.848909313184
1791155307,1000,,Aggregated,167.200000,0.000000,4100,4500,5100,7800,9000,13000,16000,19000,27000,30000,30000,68043,29,4100,4240.781930980512,29.712800052948296,30401.71859995462,4795.972047087871
1791155308,1000,,Aggregated,169.000000,0.000000,4100,4500,5100,7800,9000,12000,16000,19000,27000,30000,30000,68220,29,4100,4240.082683311446,29.712800052948296,30401.71859995462,4796.488361184403
1791155309,1000,,Aggregated,169.600000,0.000000,4100,4500,5100,7800,9000,12000,16000,19000,27000,30000,30000,68428,29,4100,4243.05116187682,29.712800052948296,30401.71859995462,4796.493350675162
1791155310,1000,,Aggregated,165.400000,0.000000,4100,4500,5100,7800,9000,12000,16000,19000,27000,30000,30000,68562,29,4100,4239.647343728404,29.712800052948296,30401.71859995462,4796.366062833639
1791155311,1000,,Aggregated,165.400000,0.000000,4100,4500,5100,7800,9000,12000,16000,19000,27000,30000,30000,68731,29,4100,4237.8909609813245,29.712800052948296,30401.71859995462,4797.181504706756
1791155312,1000,,Aggregated,167.500000,0.000000,4100,4500,5100,7800,9000,12000,16000,19000,27000,30000,30000,68918,29,4100,4238.3105810384595,29.712800052948296,30401.71859995462,4796.460315157144
1791155313,1000,,Aggregated,163.700000,0.000000,4100,4500,5100,7800,9000,12000,16000,19000,27000,30000,30000,69038,29,4100,4236.365062937918,29.712800052948296,30401.71859995462,4796.540325617776
1791155314,1000,,Aggregated,163.100000,0.000000,4100,4500,5100,7800,9000,12000,16000,19000,27000,30000,30000,69184,29,4100,4235.85034051961,29.712800052948296,30401.71859995462,4796.638225601295
1791155315,1000,,Aggregated,165.200000,0.000000,4100,4500,5100,7800,9000,12000,16000,19000,27000,30000,30000,69340,29,4100,4236.205780455852,29.712800052948296,30401.71859995462,4796.839154888953
1791155316,1000,,Aggregated,167.800000,0.000000,4100,4500,5100,7800,9000,12000,16000,19000,27000,30000,30000,69470,29,4100,4234.9248838147305,29.712800052948296,30401.71859995462,4796.72884698431
1791155317,1000,,Aggregated,167.100000,0.000000,4100,4500,5100,7800,9000,12000,16000,19000,27000,30000,30000,69634,29,4100,4236.079927053022,29.712800052948296,30401.71859995462,4796.738647787
1791155318,1000,,Aggregated,161.700000,0.000000,4100,4500,5100,7800,9000,12000,16000,19000,27000,30000,30000,69809,29,4100,4236.722147816336,29.712800052948296,30401.71859995462,4796.617470526723
1791155319,1000,,Aggregated,155.900000,0.000000,4100,4500,5100,7800,9000,12000,16000,19000,27000,30000,30000,69998,29,4100,4235.732603344533,29.712800052948296,30401.71859995462,4796.788293951256
1791155320,1000,,Aggregated,158.300000,0.000000,4100,4500,5100,7800,9000,12000,16000,19000,27000,30000,30000,70172,29,4100,4236.298899803487,29.712800052948296,30401.71859995462,4796.581998517928
1791155321,1000,,Aggregated,157.200000,0.000000,4100,4500,5100,7800,9000,12000,16000,19000,27000,30000,30000,70287,29,4100,4234.351401643406,29.712800052948296,30401.71859995462,4796.374265511403
1791155322,1000,,Aggregated,156.800000,0.000000,4100,4500,5100,7800,9000,12000,16000,19000,27000,30000,30000,70487,29,4100,4233.637829774444,29.712800052948296,30401.71859995462,4795.785492360294
1791155323,1000,,Aggregated,160.000000,0.000000,4100,4500,5100,7800,9000,12000,16000,19000,27000,30000,30000,70633,30,4100,4232.676212110647,29.712800052948296,30401.71859995462,4795.810570130109
1791155324,1000,,Aggregated,154.300000,0.000000,4100,4500,5100,7800,8900,12000,16000,19000,27000,30000,30000,70772,30,4100,4230.941803070579,29.712800052948296,30401.71859995462,4796.086050980613
1791155325,1000,,Aggregated,156.300000,0.000000,4100,4500,5100,7800,8900,12000,16000,19000,27000,30000,30000,70884,30,4100,4230.556818979041,29.712800052948296,30401.71859995462,4796.239419332995
1791155326,1000,,Aggregated,157.700000,0.100000,4100,4500,5100,7800,9000,12000,16000,19000,27000,30000,30000,71055,30,4100,4233.025530803057,29.712800052948296,30401.71859995462,4796.237365421152
1791155327,1000,,Aggregated,157.300000,0.100000,4100,4500,5100,7800,9000,13000,16000,19000,27000,30000,30000,71245,30,4100,4237.381087437885,29.712800052948296,30401.71859995462,4796.597403326549
1791155329,1000,,Aggregated,157.400000,0.100000,4100,4500,5100,7800,9000,13000,16000,19000,27000,30000,30000,71431,30,4100,4239.482067031296,29.712800052948296,30401.71859995462,4796.769931822318
1791155330,1000,,Aggregated,159.400000,0.100000,4100,4500,5100,7800,9000,13000,16000,19000,27000,30000,30000,71596,30,4100,4241.698421399408,29.712800052948296,30401.71859995462,4796.23737359629
1791155331,1000,,Aggregated,160.600000,0.100000,4100,4500,5100,7800,9000,13000,16000,19000,27000,30000,30000,71770,30,4100,4239.282661743256,29.712800052948296,30401.71859995462,4796.065542705866
1791155332,1000,,Aggregated,158.100000,0.100000,4100,4500,5100,7800,9000,13000,16000,19000,27000,30000,30000,71905,30,4100,4237.355930490415,29.712800052948296,30401.71859995462,4796.594520547946
1791155333,1000,,Aggregated,158.700000,0.100000,4100,4500,5100,7800,8900,13000,16000,19000,27000,30000,30000,72082,30,4100,4235.607752251794,29.712800052948296,30401.71859995462,4796.714103382259
1791155334,1000,,Aggregated,159.900000,0.100000,4100,4500,5100,7800,8900,13000,16000,19000,27000,30000,30000,72208,30,4100,4233.895226854571,29.712800052948296,30401.71859995462,4796.666768225127
1791155335,1000,,Aggregated,158.100000,0.100000,4100,4500,5100,7800,8900,13000,16000,19000,27000,30000,30000,72344,31,4100,4234.174434902888,29.712800052948296,30401.71859995462,4796.397821519407
1791155336,1000,,Aggregated,157.100000,0.000000,4100,4500,5100,7800,8900,13000,16000,19000,27000,30000,30000,72551,31,4100,4236.5208538685165,29.712800052948296,30401.71859995462,4796.084947140632
1791155337,1000,,Aggregated,156.700000,0.100000,4100,4500,5100,7800,8900,13000,16000,19000,27000,30000,30000,72737,31,4100,4237.701759663094,29.712800052948296,30401.71859995462,4796.368162008332
1791155338,1000,,Aggregated,165.700000,0.100000,4100,4500,5100,7800,8900,13000,16000,19000,27000,30000,30000,72844,31,4100,4237.854097104983,29.712800052948296,30401.71859995462,4796.397108890231
1791155339,1000,,Aggregated,166.900000,0.100000,4100,4500,5100,7800,8900,13000,16000,19000,27000,30000,30000,73015,31,4100,4237.710216581726,29.712800052948296,30401.71859995462,4796.126343901938
1791155340,1000,,Aggregated,159.800000,0.100000,4100,4500,5100,7800,8900,13000,16000,19000,27000,30000,30000,73211,31,4100,4238.412877731708,29.712800052948296,30401.71859995462,4796.321782245837
1791155341,1000,,Aggregated,157.500000,0.100000,4100,4500,5100,7800,8900,13000,16000,19000,27000,30000,30000,73361,32,4100,4238.188246733498,29.712800052948296,30401.71859995462,4796.374504164338
1791155342,1000,,Aggregated,160.800000,0.100000,4100,4500,5000,7800,8900,13000,16000,19000,27000,30000,30000,73537,32,4100,4236.640170873398,29.712800052948296,30401.71859995462,4795.955872553953
1791155343,1000,,Aggregated,157.600000,0.200000,4100,4500,5000,7800,8900,13000,16000,19000,27000,30000,30000,73703,32,4100,4236.912787232759,29.712800052948296,30401.71859995462,4796.570709469085
1791155344,1000,,Aggregated,161.600000,0.200000,4100,4500,5000,7800,8900,13000,16000,19000,27000,30000,30000,73796,32,4100,4238.202786418178,29.712800052948296,30401.71859995462,4796.582321535043
1791155345,1000,,Aggregated,161.900000,0.200000,4100,4500,5000,7800,8900,13000,16000,19000,27000,30000,30000,73926,33,4100,4238.204974053982,29.712800052948296,30401.71859995462,4796.760841923004
1791155346,1000,,Aggregated,158.400000,0.200000,4100,4500,5000,7800,8900,13000,16000,19000,27000,30000,30000,74039,33,4100,4240.005066296335,29.712800052948296,30401.71859995462,4797.198300895474
1791155347,1000,,Aggregated,157.500000,0.200000,4100,4500,5100,7800,8900,13000,16000,19000,27000,30000,30000,74173,33,4100,4241.4873013524375,29.712800052948296,30401.71859995462,4797.187925525461
1791155348,1000,,Aggregated,148.300000,0.200000,4100,4500,5100,7800,9000,13000,16000,19000,27000,30000,30000,74362,33,4100,4243.326981555278,29.712800052948296,30401.71859995462,4796.837067319329
1791155349,1000,,Aggregated,143.500000,0.200000,4100,4500,5100,7800,9000,13000,16000,19000,27000,30000,30000,74541,33,4100,4244.131219401596,29.712800052948296,30401.71859995462,4796.576716169625
1791155350,1000,,Aggregated,150.000000,0.200000,4100,4500,5100,7800,9000,13000,16000,19000,27000,30000,30000,74645,33,4100,4245.136672436391,29.712800052948296,30401.71859995462,4796.786147766093
1791155351,1000,,Aggregated,151.600000,0.200000,4100,4500,5100,7800,9000,13000,16000,19000,27000,30000,30000,74831,33,4100,4246.60993342618,29.712800052948296,30401.71859995462,4797.193462602398
1791155352,1000,,Aggregated,143.600000,0.200000,4100,4500,5100,7800,9000,13000,16000,19000,27000,30000,30000,75029,33,4100,4248.097605993883,29.712800052948296,30401.71859995462,4797.508283463727
1791155353,1000,,Aggregated,145.500000,0.100000,4100,4500,5100,7800,9000,13000,16000,19000,27000,30000,30000,75163,35,4100,4250.1048936885745,29.712800052948296,30401.71859995462,4797.514827774304
1791155354,1000,,Aggregated,149.000000,0.100000,4100,4500,5100,7800,9000,13000,16000,19000,27000,30000,30000,75222,35,4100,4250.173997915704,29.712800052948296,30401.71859995462,4797.23680572173
1791155355,1000,,Aggregated,144.800000,0.300000,4100,4500,5100,7800,9000,13000,16000,19000,27000,30000,30000,75378,36,4100,4251.437111149322,29.712800052948296,30401.71859995462,4797.389530101621
1791155356,1000,,Aggregated,142.400000,0.300000,4100,4500,5100,7800,9000,13000,16000,19000,27000,30000,30000,75584,36,4100,4255.723224580775,29.712800052948296,30401.71859995462,4797.972864627434
1791155357,1000,,Aggregated,143.000000,0.200000,4100,4500,5100,7800,9000,13000,16000,19000,27000,30000,30000,75763,36,4100,4257.384550870654,29.712800052948296,30401.71859995462,4798.201615564326
1791155358,1000,,Aggregated,154.000000,0.300000,4100,4500,5100,7800,9000,13000,16000,19000,27000,30000,30000,75957,36,4100,4255.34293091241,29.712800052948296,30401.71859995462,4798.757204734257
1791155359,1000,,Aggregated,156.100000,0.300000,4100,4500,5100,7800,9000,13000,16000,19000,27000,30000,30000,76099,36,4100,4253.176113983289,29.712800052948296,30401.71859995462,4798.680008935728
1791155360,1000,,Aggregated,158.400000,0.300000,4100,4500,5100,7800,9000,13000,16000,19000,27000,30000,30000,76272,37,4100,4253.784536450018,29.712800052948296,30401.71859995462,4798.673995699602
1791155361,1000,,Aggregated,154.700000,0.300000,4100,4500,5100,7800,9000,13000,16000,19000,27000,30000,30000,76476,37,4100,4252.602611099112,29.712800052948296,30401.71859995462,4798.153093781056
1791155362,1000,,Aggregated,159.700000,0.400000,4100,4500,5100,7800,9000,13000,16000,19000,27000,30000,30000,76602,37,4100,4250.5359220949285,29.712800052948296,30401.71859995462,4798.350682749798
1791155363,1000,,Aggregated,163.300000,0.400000,4100,4500,5100,7800,9000,13000,16000,19000,27000,30000,30000,76781,37,4100,4250.370271422832,29.712800052948296,30401.71859995462,4798.678227686537
1791155364,1000,,Aggregated,156.200000,0.400000,4100,4500,5100,7800,9000,13000,16000,19000,27000,30000,30000,76978,37,4100,4251.361938581362,29.712800052948296,30401.71859995462,4798.613447998129
1791155365,1000,,Aggregated,159.300000,0.200000,4100,4500,5100,7800,9000,13000,16000,19000,27000,30000,30000,77099,37,4100,4249.489483258094,29.712800052948296,30401.71859995462,4798.682525065176
1791155366,1000,,Aggregated,172.700000,0.200000,4100,4500,5100,7800,9000,13000,16000,19000,27000,30000,30000,77237,37,4100,4249.727172821507,29.712800052948296,30401.71859995462,4799.050636353043
1791155367,1000,,Aggregated,172.400000,0.200000,4100,4500,5100,7800,9000,13000,16000,19000,27000,30000,30000,77365,37,4100,4248.219360000188,29.712800052948296,30401.71859995462,4798.9393007173785
1791155368,1000,,Aggregated,163.700000,0.100000,4100,4500,5100,7800,9000,13000,16000,19000,27000,30000,30000,77505,37,4100,4249.881013647054,29.712800052948296,30401.71859995462,4798.967718211728
1791155369,1000,,Aggregated,160.800000,0.100000,4100,4500,5100,7800,9000,13000,16000,19000,27000,30000,30000,77688,37,4100,4251.826532096522,29.712800052948296,30401.71859995462,4798.682048707651
1791155370,1000,,Aggregated,155.200000,0.100000,4100,4500,5100,7800,9000,13000,16000,19000,27000,30000,30000,77849,37,4100,4249.876289162538,29.712800052948296,30401.71859995462,4798.9621832008115
1791155371,1000,,Aggregated,157.200000,0.100000,4100,4500,5100,7800,9000,13000,16000,19000,27000,30000,30000,78013,37,4100,4249.871067253075,29.712800052948296,30401.71859995462,4798.868009177958
1791155372,1000,,Aggregated,157.500000,0.000000,4100,4500,5100,7800,9000,13000,16000,19000,27000,30000,30000,78136,37,4100,4249.652513351258,29.712800052948296,30401.71859995462,4798.843017303164
1791155373,1000,,Aggregated,157.000000,0.000000,4100,4500,5100,7800,9000,13000,16000,19000,27000,30000,30000,78329,37,4100,4252.905921828624,29.712800052948296,30401.71859995462,4799.181107891075
1791155374,1000,,Aggregated,152.600000,0.000000,4100,4500,5100,7800,9000,13000,16000,19000,27000,30000,30000,78486,37,4100,4255.155686325126,29.712800052948296,30401.71859995462,4799.107840888821
1791155375,1000,,Aggregated,154.600000,0.000000,4100,4500,5100,7800,9000,13000,16000,19000,27000,30000,30000,78606,38,4100,4252.91912918624,29.712800052948296,30401.71859995462,4799.414510342722
1791155376,1000,,Aggregated,151.300000,0.000000,4100,4500,5100,7800,9000,13000,16000,19000,27000,30000,30000,78794,38,4100,4252.359843437478,29.712800052948296,30401.71859995462,4799.2525065360305
1791155377,1000,,Aggregated,150.200000,0.100000,4100,4500,5100,7800,9000,13000,16000,19000,27000,30000,30000,78983,38,4100,4254.0989092401105,29.712800052948296,30401.71859995462,4798.707645949128
1791155378,1000,,Aggregated,150.800000,0.100000,4100,4500,5100,7800,9000,13000,16000,19000,27000,30000,30000,79150,38,4100,4255.173085689355,29.712800052948296,30401.71859995462,4798.556512950095
1791155379,1000,,Aggregated,157.800000,0.100000,4100,4500,5100,7800,9000,13000,16000,19000,27000,30000,30000,79323,38,4100,4256.649592689533,29.712800052948296,30401.71859995462,4798.339561035261
1791155380,1000,,Aggregated,160.100000,0.100000,4100,4500,5100,7800,9000,13000,16000,19000,27000,30000,30000,79467,38,4100,4256.367230064192,29.712800052948296,30401.71859995462,4797.827173543735
1791155381,1000,,Aggregated,159.500000,0.100000,4100,4500,5100,7800,9000,13000,16000,19000,27000,30000,30000,79652,38,4100,4257.309789016118,29.712800052948296,30401.71859995462,4797.911628082157
1791155382,1000,,Aggregated,158.500000,0.100000,4100,4500,5100,7800,9000,13000,16000,19000,27000,30000,30000,79812,38,4100,4257.040013050818,29.712800052948296,30401.71859995462,4798.047674535158
1791155383,1000,,Aggregated,156.800000,0.100000,4100,4500,5100,7800,9000,13000,16000,19000,27000,30000,30000,79984,38,4100,4257.022385309728,29.712800052948296,30401.71859995462,4797.228595719143
1791155384,1000,,Aggregated,165.200000,0.100000,4100,4500,5100,7800,9000,13000,16000,18000,27000,30000,30000,80162,38,4100,4256.863509558312,29.712800052948296,30401.71859995462,4797.677864823732
1791155385,1000,,Aggregated,161.800000,0.100000,4100,4500,5100,7800,9000,13000,16000,18000,27000,30000,30000,80294,38,4100,4256.407396395907,29.712800052948296,30401.71859995462,4797.752260442872
1791155386,1000,,Aggregated,162.200000,0.100000,4100,4500,5100,7800,9000,13000,16000,18000,27000,30000,30000,80400,38,4100,4255.975356464087,29.712800052948296,30401.71859995462,4797.731554726368
1791155387,1000,,Aggregated,166.600000,0.000000,4100,4500,5100,7800,9000,13000,16000,18000,27000,30000,30000,80571,38,4100,4255.8350726640265,29.712800052948296,30401.71859995462,4797.435603380869
1791155388,1000,,Aggregated,164.000000,0.000000,4100,4500,5100,7800,9000,13000,16000,18000,27000,30000,30000,80777,38,4100,4257.597361037342,29.712800052948296,30401.71859995462,4797.864206395385
1791155389,1000,,Aggregated,156.600000,0.000000,4100,4500,5100,7800,9000,13000,16000,18000,27000,30000,30000,80953,38,4100,4256.63815584614,29.712800052948296,30401.71859995462,4797.964287920151
1791155390,1000,,Aggregated,160.400000,0.000000,4100,4500,5100,7800,9000,13000,16000,18000,27000,30000,30000,81117,38,4100,4254.465962338507,29.712800052948296,30401.71859995462,4797.75580950972
1791155391,1000,,Aggregated,161.700000,0.000000,4100,4500,5000,7800,9000,13000,16000,18000,27000,30000,30000,81280,38,4100,4252.952792319293,29.712800052948296,30401.71859995462,4797.865698818898
1791155392,1000,,Aggregated,163.300000,0.000000,4100,4500,5000,7800,9000,13000,16000,18000,27000,30000,30000,81413,38,4100,4252.829022705373,29.712800052948296,30401.71859995462,4797.590016336458
1791155393,1000,,Aggregated,162.800000,0.000000,4100,4500,5000,7800,9000,13000,16000,18000,27000,30000,30000,81617,38,4100,4252.287015628026,29.712800052948296,30401.71859995462,4797.283727654778
1791155394,1000,,Aggregated,159.400000,0.000000,4100,4500,5000,7800,9000,13000,16000,18000,27000,30000,30000,81780,38,4100,4251.383006082313,29.712800052948296,30401.71859995462,4797.340743458059
1791155395,1000,,Aggregated,160.400000,0.000000,4100,4500,5000,7800,9000,13000,16000,18000,27000,30000,30000,81909,38,4100,4250.09512345422,29.712800052948296,30401.71859995462,4796.810240632897
1791155396,1000,,Aggregated,162.100000,0.000000,4100,4500,5000,7800,9000,13000,16000,18000,27000,30000,30000,82058,38,4100,4248.723477819494,29.712800052948296,30401.71859995462,4796.90065563382
1791155397,1000,,Aggregated,160.000000,0.000000,4100,4500,5000,7800,9000,13000,16000,18000,27000,30000,30000,82237,38,4100,4251.087759737245,29.712800052948296,30401.71859995462,4795.97675012464
1791155398,1000,,Aggregated,161.300000,0.000000,4100,4500,5000,7800,9000,13000,16000,18000,27000,30000,30000,82420,38,4100,4251.045296401514,29.712800052948296,30401.71859995462,4795.616537248241
1791155399,1000,,Aggregated,166.700000,0.000000,4100,4500,5000,7900,9000,13000,16000,18000,27000,30000,30000,82615,39,4100,4252.552318539159,29.712800052948296,30401.71859995462,4795.374120922351
1791155400,1000,,Aggregated,161.900000,0.000000,4100,4500,5000,7900,9000,13000,16000,18000,27000,30000,30000,82800,39,4100,4252.042812188561,29.712800052948296,30401.71859995462,4795.762451690821
1791155401,1000,,Aggregated,164.600000,0.000000,4100,4500,5000,7800,9000,13000,16000,18000,27000,30000,30000,82948,39,4100,4250.318642726922,29.712800052948296,30401.71859995462,4795.718811785697
1791155402,1000,,Aggregated,166.500000,0.100000,4100,4500,5000,7900,9000,13000,16000,18000,27000,30000,30000,83129,39,4100,4251.654471475816,29.712800052948296,30401.71859995462,4795.844987910356
1791155403,1000,,Aggregated,165.900000,0.100000,4100,4500,5000,7800,9000,13000,16000,18000,27000,30000,30000,83286,39,4100,4250.275767447265,29.712800052948296,30401.71859995462,4795.970199073074
1791155404,1000,,Aggregated,167.700000,0.100000,4100,4500,5000,7800,9000,13000,16000,18000,27000,30000,30000,83416,39,4100,4250.59538210071,29.712800052948296,30401.71859995462,4795.836697995588
1791155405,1000,,Aggregated,169.600000,0.100000,4100,4500,5000,7800,9000,13000,16000,18000,27000,30000,30000,83571,39,4100,4249.53300004921,29.712800052948296,30401.71859995462,4796.0211915616665
1791155406,1000,,Aggregated,162.700000,0.100000,4100,4500,5000,7800,9000,13000,16000,18000,27000,30000,30000,83709,39,4100,4249.2658331566745,29.712800052948296,30401.71859995462,4796.146459759405
1791155407,1000,,Aggregated,163.400000,0.100000,4100,4500,5000,7800,9000,13000,16000,18000,27000,30000,30000,83869,39,4100,4250.239469588444,29.712800052948296,30401.71859995462,4795.454244118804
1791155408,1000,,Aggregated,165.000000,0.100000,4100,4500,5000,7800,9000,13000,16000,18000,27000,30000,30000,84061,39,4100,4249.999544519025,29.712800052948296,30401.71859995462,4795.3789747921155
1791155409,1000,,Aggregated,162.500000,0.100000,4100,4500,5000,7800,9000,13000,16000,18000,27000,30000,30000,84245,39,4100,4249.85628608954,29.712800052948296,30401.71859995462,4795.118547094783
1791155410,1000,,Aggregated,163.300000,0.100000,4100,4500,5000,7800,9000,13000,16000,18000,27000,30000,30000,84411,39,4100,4248.270861630757,29.712800052948296,30401.71859995462,4795.072182535451
1791155411,1000,,Aggregated,162.600000,0.100000,4100,4500,5000,7800,9000,13000,16000,18000,27000,30000,30000,84595,39,4100,4248.529637703343,29.712800052948296,30401.71859995462,4794.9199598085
1791155412,1000,,Aggregated,160.800000,0.000000,4100,4500,5000,7800,9000,13000,16000,18000,27000,30000,30000,84738,39,4100,4247.256329495792,29.712800052948296,30401.71859995462,4794.623663527579
1791155413,1000,,Aggregated,161.800000,0.000000,4100,4500,5000,7800,9000,13000,16000,18000,27000,30000,30000,84855,39,4100,4248.140576452948,29.712800052948296,30401.71859995462,4794.6609981733545
1791155414,1000,,Aggregated,161.200000,0.000000,4100,4500,5000,7800,9000,13000,16000,18000,27000,30000,30000,84996,39,4100,4247.657500043707,29.712800052948296,30401.71859995462,4794.058108616876
1791155415,1000,,Aggregated,156.900000,0.000000,4100,4500,5000,7800,9000,13000,16000,18000,27000,30000,30000,85096,39,4100,4247.503333665681,29.712800052948296,30401.71859995462,4794.40768073705
1791155416,1000,,Aggregated,155.800000,0.000000,4100,4500,5000,7800,9000,13000,16000,18000,27000,30000,30000,85238,39,4100,4248.257823218686,29.712800052948296,30401.71859995462,4794.367688120322
1791155417,1000,,Aggregated,157.200000,0.000000,4100,4500,5100,7800,9000,13000,16000,18000,27000,30000,30000,85412,39,4100,4250.312867236624,29.712800052948296,30401.71859995462,4794.157998876036
1791155418,1000,,Aggregated,151.600000,0.000000,4100,4500,5100,7800,9000,13000,16000,18000,27000,30000,30000,85597,39,4100,4251.706725177448,29.712800052948296,30401.71859995462,4794.2276832131965
1791155419,1000,,Aggregated,151.400000,0.000000,4100,4500,5100,7800,9000,13000,16000,18000,27000,30000,30000,85755,39,4100,4252.9195830378885,29.712800052948296,30401.71859995462,4793.970287446796
1791155420,1000,,Aggregated,152.500000,0.000000,4100,4500,5100,7800,9000,13000,16000,18000,27000,30000,30000,85942,39,4100,4253.014187935058,29.712800052948296,30401.71859995462,4793.837355425752
1791155421,1000,,Aggregated,150.500000,0.000000,4100,4500,5100,7800,9000,13000,16000,18000,27000,30000,30000,86077,39,4100,4252.41104678618,29.712800052948296,30401.71859995462,4793.487296258001
1791155422,1000,,Aggregated,148.800000,0.000000,4100,4500,5100,7800,9000,13000,16000,18000,27000,30000,30000,86264,40,4100,4254.695698252031,29.712800052948296,30401.71859995462,4794.130645460447
1791155423,1000,,Aggregated,151.400000,0.000000,4100,4500,5100,7800,9000,13000,16000,18000,27000,30000,30000,86469,40,4100,4254.090937344165,29.712800052948296,30401.71859995462,4794.219338722548
1791155424,1000,,Aggregated,145.800000,0.000000,4100,4500,5100,7800,9000,13000,16000,18000,27000,30000,30000,86643,40,4100,4254.6266236708425,29.712800052948296,30401.71859995462,4794.031612478792
1791155425,1000,,Aggregated,151.200000,0.100000,4100,4500,5100,7800,9000,13000,16000,18000,27000,30000,30000,86783,40,4100,4253.851836620225,29.712800052948296,30401.71859995462,4794.343684823064
1791155426,1000,,Aggregated,161.100000,0.100000,4100,4500,5100,7800,9000,13000,16000,18000,27000,30000,30000,86925,40,4100,4254.473240338376,29.712800052948296,30401.71859995462,4794.217796951395
1791155427,1000,,Aggregated,162.000000,0.100000,4100,4500,5100,7800,9000,13000,16000,18000,27000,30000,30000,87071,40,4100,4254.9072929449885,29.712800052948296,30401.71859995462,4794.5577746896215
1791155428,1000,,Aggregated,167.500000,0.100000,4100,4500,5100,7800,9000,13000,16000,18000,27000,30000,30000,87293,40,4100,4254.609284610588,29.712800052948296,30401.71859995462,4793.637634174562
1791155429,1000,,Aggregated,165.700000,0.100000,4100,4500,5100,7800,9000,13000,16000,18000,27000,30000,30000,87504,40,4100,4252.658955102742,29.712800052948296,30401.71859995462,4793.201956481989
1791155430,1000,,Aggregated,163.300000,0.100000,4100,4500,5100,7800,9000,13000,16000,18000,27000,30000,30000,87682,40,4100,4250.075903346297,29.712800052948296,30401.71859995462,4793.135215893798
1791155431,1000,,Aggregated,168.100000,0.100000,4100,4500,5100,7800,9000,13000,16000,18000,27000,30000,30000,87838,40,4100,4249.2183324507705,29.712800052948296,30401.71859995462,4793.501946765637
1791155432,1000,,Aggregated,173.300000,0.100000,4100,4500,5100,7800,9000,13000,16000,18000,27000,30000,30000,88011,40,4100,4249.2760859336995,29.712800052948296,30401.71859995462,4793.391530604129
1791155433,1000,,Aggregated,170.200000,0.100000,4100,4500,5100,7800,9000,13000,16000,18000,27000,30000,30000,88203,40,4100,4247.91453147978,29.712800052948296,30401.71859995462,4793.171683502828
1791155434,1000,,Aggregated,176.100000,0.100000,4100,4500,5100,7800,9000,13000,16000,18000,27000,30000,30000,88355,40,4100,4246.236667922711,29.712800052948296,30401.71859995462,4793.002376775508
1791155435,1000,,Aggregated,173.900000,0.000000,4100,4500,5100,7800,9000,13000,16000,18000,27000,30000,30000,88502,40,4100,4245.328785296497,29.712800052948296,30401.71859995462,4793.083286253418
1791155436,1000,,Aggregated,172.100000,0.000000,4100,4500,5100,7800,9000,13000,16000,18000,27000,30000,30000,88600,41,4100,4245.426146346607,29.712800052948296,30401.71859995462,4793.182753950338
1791155437,1000,,Aggregated,169.200000,0.000000,4100,4500,5100,7800,9000,13000,16000,18000,27000,30000,30000,88802,41,4100,4244.995044225447,29.712800052948296,30401.71859995462,4792.880430620932
1791155438,1000,,Aggregated,170.400000,0.000000,4100,4500,5100,7800,9000,13000,16000,18000,27000,30000,30000,89002,41,4100,4245.365860379644,29.712800052948296,30401.71859995462,4793.13564863711
1791155439,1000,,Aggregated,166.300000,0.100000,4100,4500,5100,7800,9000,13000,16000,18000,27000,30000,30000,89189,41,4100,4244.684796434639,29.712800052948296,30401.71859995462,4792.775207704986
1791155441,1000,,Aggregated,171.100000,0.100000,4100,4500,5000,7800,9000,12000,16000,18000,27000,30000,30000,89368,41,4100,4243.85281060233,29.712800052948296,30401.71859995462,4792.829961507475
1791155442,1000,,Aggregated,169.200000,0.100000,4100,4500,5100,7800,9000,13000,16000,18000,27000,30000,30000,89532,41,4100,4245.724143695084,29.712800052948296,30401.71859995462,4793.20637314033
1791155443,1000,,Aggregated,167.600000,0.100000,4100,4500,5100,7800,9000,12000,16000,18000,27000,30000,30000,89722,41,4100,4246.4713410870145,29.712800052948296,30401.71859995462,4792.81648870957
1791155444,1000,,Aggregated,168.200000,0.100000,4100,4500,5100,7800,9000,12000,16000,18000,27000,30000,30000,89868,41,4100,4244.4741339098455,29.712800052948296,30401.71859995462,4792.589230871946
1791155445,1000,,Aggregated,169.300000,0.100000,4100,4500,5000,7800,9000,12000,16000,18000,27000,30000,30000,90051,41,4100,4243.50842637406,29.712800052948296,30401.71859995462,4792.759502948329
1791155446,1000,,Aggregated,165.500000,0.100000,4100,4500,5000,7800,9000,12000,16000,18000,27000,30000,30000,90200,41,4100,4241.566522196345,29.712800052948296,30401.71859995462,4792.0900554323725
1791155447,1000,,Aggregated,165.500000,0.100000,4100,4500,5000,7800,9000,12000,16000,18000,27000,30000,30000,90325,41,4100,4240.2401880942225,29.712800052948296,30401.71859995462,4792.250052587877
1791155448,1000,,Aggregated,168.900000,0.100000,4100,4500,5000,7800,9000,12000,16000,18000,27000,30000,30000,90492,41,4100,4239.798789140605,29.712800052948296,30401.71859995462,4792.423053971622
1791155449,1000,,Aggregated,172.300000,0.000000,4100,4500,5000,7800,9000,12000,16000,18000,27000,30000,30000,90673,41,4100,4240.952860793308,29.712800052948296,30401.71859995462,4792.495362456299
1791155450,1000,,Aggregated,167.500000,0.000000,4100,4500,5000,7800,8900,12000,16000,18000,27000,30000,30000,90850,41,4100,4240.695491807509,29.712800052948296,30401.71859995462,4792.228156301596
1791155451,1000,,Aggregated,166.100000,0.000000,4100,4500,5000,7800,8900,12000,16000,18000,27000,30000,30000,91044,41,4100,4240.079673197697,29.712800052948296,30401.71859995462,4792.414557796231
1791155452,1000,,Aggregated,164.800000,0.000000,4100,4500,5000,7800,8900,12000,16000,18000,27000,30000,30000,91218,41,4100,4238.8136805313825,29.712800052948296,30401.71859995462,4792.056765112149
1791155453,1000,,Aggregated,165.900000,0.000000,4100,4500,5000,7800,8900,12000,16000,18000,27000,30000,30000,91334,41,4100,4238.770327363431,29.712800052948296,30401.71859995462,4792.015788205926
1791155454,1000,,Aggregated,167.200000,0.000000,4100,4500,5000,7800,8900,12000,16000,18000,27000,30000,30000,91525,41,4100,4238.829880341011,29.712800052948296,30401.71859995462,4792.011068014203
1791155455,1000,,Aggregated,160.200000,0.000000,4100,4500,5000,7800,8900,12000,16000,18000,27000,30000,30000,91663,41,4100,4237.604609560137,29.712800052948296,30401.71859995462,4792.171814145293
1791155456,1000,,Aggregated,164.100000,0.000000,4100,4500,5000,7800,8900,12000,16000,18000,27000,30000,30000,91806,41,4100,4237.154702459657,29.712800052948296,30401.71859995462,4792.427314118903
1791155457,1000,,Aggregated,160.100000,0.000000,4100,4500,5000,7800,8900,12000,16000,18000,27000,30000,30000,91978,41,4100,4237.190236103321,29.712800052948296,30401.71859995462,4792.421024592837
1791155458,1000,,Aggregated,159.200000,0.000000,4100,4500,5000,7800,8900,12000,16000,18000,27000,30000,30000,92150,41,4100,4238.077433496592,29.712800052948296,30401.71859995462,4792.506771568095
1791155459,1000,,Aggregated,162.900000,0.000000,4100,4500,5000,7800,8900,12000,16000,18000,27000,30000,30000,92338,41,4100,4238.556267942888,29.712800052948296,30401.71859995462,4793.044575364422
1791155460,1000,,Aggregated,165.900000,0.000000,4100,4500,5000,7800,8900,12000,16000,18000,27000,30000,30000,92536,41,4100,4239.549077161432,29.712800052948296,30401.71859995462,4792.911320999395
1791155461,1000,,Aggregated,165.600000,0.000000,4100,4500,5000,7800,8900,12000,16000,18000,27000,30000,30000,92698,41,4100,4237.402585034315,29.712800052948296,30401.71859995462,4792.897656907377
1791155462,1000,,Aggregated,168.000000,0.000000,4100,4500,5000,7800,8900,12000,16000,18000,27000,30000,30000,92870,41,4100,4236.241327226354,29.712800052948296,30401.71859995462,4792.767815225584
1791155463,1000,,Aggregated,164.300000,0.000000,4100,4500,5000,7800,8900,12000,16000,18000,26000,30000,30000,93035,41,4100,4235.763026981357,29.712800052948296,30401.71859995462,4792.662309883377
1791155464,1000,,Aggregated,163.400000,0.000000,4100,4500,5000,7800,8900,12000,16000,18000,26000,30000,30000,93193,41,4100,4233.658933093803,29.712800052948296,30401.71859995462,4792.768695073664
1791155465,1000,,Aggregated,170.600000,0.000000,4100,4500,5000,7800,8900,12000,16000,18000,26000,30000,30000,93340,41,4100,4234.0999716532115,29.712800052948296,30401.71859995462,4792.666691664881
1791155466,1000,,Aggregated,165.800000,0.000000,4100,4500,5000,7800,8900,12000,16000,18000,26000,30000,30000,93476,41,4100,4233.010038671005,29.712800052948296,30401.71859995462,4792.937919893877
1791155467,1000,,Aggregated,167.400000,0.000000,4100,4500,5000,7800,8900,12000,16000,18000,26000,30000,30000,93651,41,4100,4232.954596921657,29.712800052948296,30401.71859995462,4792.541361010561
1791155468,1000,,Aggregated,166.200000,0.000000,4100,4500,5000,7800,8900,12000,16000,18000,26000,30000,30000,93824,41,4100,4234.189487745242,29.712800052948296,30401.71859995462,4792.708741899727
1791155469,1000,,Aggregated,165.800000,0.000000,4100,4500,5000,7800,8900,12000,16000,18000,26000,30000,30000,94012,41,4100,4234.261212951631,29.712800052948296,30401.71859995462,4792.639992766881
1791155470,1000,,Aggregated,165.600000,0.000000,4100,4500,5000,7800,8900,12000,16000,18000,26000,30000,30000,94138,41,4100,4233.069953715908,29.712800052948296,30401.71859995462,4792.729450381355
1791155471,1000,,Aggregated,166.200000,0.000000,4100,4500,5000,7800,8900,12000,16000,18000,26000,30000,30000,94320,42,4100,4233.0741550160055,29.712800052948296,30401.71859995462,4791.996437659033
1791155472,1000,,Aggregated,158.800000,0.000000,4100,4500,5000,7800,8900,12000,16000,18000,26000,30000,30000,94515,42,4100,4233.810891589789,29.712800052948296,30401.71859995462,4791.8357826799975
1791155473,1000,,Aggregated,162.400000,0.100000,4100,4500,5000,7800,8900,12000,16000,18000,26000,30000,30000,94629,42,4100,4231.696646869458,29.712800052948296,30401.71859995462,4791.4098320810745
1791155474,1000,,Aggregated,165.100000,0.100000,4100,4500,5000,7800,8900,12000,16000,18000,27000,30000,30000,94777,42,4100,4229.754717477971,29.712800052948296,30401.71859995462,4791.394462791605
1791155475,1000,,Aggregated,157.600000,0.100000,4100,4500,5000,7800,8900,12000,16000,18000,27000,30000,30000,94931,43,4100,4230.573322419543,29.712800052948296,30401.71859995462,4791.1027483119315
1791155476,1000,,Aggregated,156.300000,0.100000,4100,4500,5000,7800,8900,12000,16000,18000,27000,30000,30000,95062,43,4100,4230.912194698285,29.712800052948296,30401.71859995462,4791.412678041699
1791155477,1000,,Aggregated,157.100000,0.200000,4100,4500,5000,7800,8900,12000,16000,18000,27000,30000,30000,95263,43,4100,4231.563845506744,29.712800052948296,30401.71859995462,4791.826049987928
1791155478,1000,,Aggregated,157.100000,0.200000,4100,4500,5000,7800,8900,12000,16000,18000,27000,30000,30000,95451,43,4100,4232.664074553522,29.712800052948296,30401.71859995462,4791.584446469917
1791155479,1000,,Aggregated,160.500000,0.200000,4100,4500,5000,7800,8900,12000,16000,18000,27000,30000,30000,95615,43,4100,4231.593617318499,29.712800052948296,30401.71859995462,4791.038968781049
1791155480,1000,,Aggregated,160.000000,0.200000,4100,4500,5000,7800,8900,12000,16000,18000,27000,30000,30000,95788,44,4100,4231.330398519726,29.712800052948296,30401.71859995462,4791.008289138515
1791155481,1000,,Aggregated,158.200000,0.200000,4100,4500,5000,7800,8900,12000,16000,18000,27000,30000,30000,95985,44,4100,4231.27102813052,29.712800052948296,30401.71859995462,4790.285492524874
1791155482,1000,,Aggregated,163.600000,0.300000,4100,4500,5000,7800,8900,12000,16000,18000,27000,30000,30000,96138,44,4100,4230.585253807106,29.712800052948296,30401.71859995462,4790.229056148453
1791155483,1000,,Aggregated,164.400000,0.200000,4100,4500,5000,7800,8900,12000,16000,18000,27000,30000,30000,96330,44,4100,4230.689303148639,29.712800052948296,30401.71859995462,4789.936738295442
1791155484,1000,,Aggregated,161.900000,0.200000,4100,4500,5000,7800,8900,12000,16000,18000,27000,30000,30000,96493,45,4100,4230.999439398798,29.712800052948296,30401.71859995462,4789.81365487652
1791155485,1000,,Aggregated,166.900000,0.200000,4100,4500,5000,7800,8900,12000,16000,18000,27000,30000,30000,96606,45,4100,4231.5269599818685,29.712800052948296,30401.71859995462,4790.09421775045
1791155486,1000,,Aggregated,174.000000,0.300000,4100,4500,5000,7800,8900,12000,16000,18000,27000,30000,30000,96737,45,4100,4230.530003133333,29.712800052948296,30401.71859995462,4789.918190557904
1791155487,1000,,Aggregated,170.900000,0.200000,4100,4500,5000,7800,8900,12000,16000,18000,27000,30000,30000,96930,45,4100,4231.987680848133,29.712800052948296,30401.71859995462,4790.086495409058
1791155488,1000,,Aggregated,166.600000,0.200000,4100,4500,5000,7800,8900,12000,16000,18000,27000,30000,30000,97080,45,4100,4232.081701995353,29.712800052948296,30401.71859995462,4790.196394725999
1791155489,1000,,Aggregated,164.600000,0.200000,4100,4500,5000,7800,8900,12000,16000,18000,27000,30000,30000,97262,45,4100,4229.920160279542,29.712800052948296,30401.71859995462,4789.975067343876
1791155490,1000,,Aggregated,166.300000,0.200000,4100,4500,5000,7800,8900,12000,16000,18000,27000,30000,30000,97445,45,4100,4229.46716349129,29.712800052948296,30401.71859995462,4790.560685514906
1791155491,1000,,Aggregated,164.400000,0.200000,4100,4500,5000,7800,8900,12000,16000,18000,27000,30000,30000,97613,45,4100,4229.750119544615,29.712800052948296,30401.71859995462,4790.536250294531
1791155492,1000,,Aggregated,164.700000,0.100000,4100,4500,5000,7800,8900,12000,16000,18000,27000,30000,30000,97791,45,4100,4228.876707216494,29.712800052948296,30401.71859995462,4790.518708265587
1791155493,1000,,Aggregated,161.900000,0.100000,4100,4500,5000,7800,8900,12000,16000,18000,27000,30000,30000,97953,45,4100,4227.881577880283,29.712800052948296,30401.71859995462,4790.496319663512
1791155494,1000,,Aggregated,161.100000,0.100000,4100,4500,5000,7800,8900,12000,16000,18000,27000,30000,30000,98124,45,4100,4228.636478291832,29.712800052948296,30401.71859995462,4790.573152337858
1791155495,1000,,Aggregated,162.900000,0.100000,4100,4500,5000,7800,8900,12000,16000,18000,27000,30000,30000,98316,45,4100,4226.758294343814,29.712800052948296,30401.71859995462,4790.566601570446
1791155496,1000,,Aggregated,159.500000,0.000000,4100,4500,5000,7800,8900,12000,16000,18000,27000,30000,30000,98450,45,4100,4225.018833509454,29.712800052948296,30401.71859995462,4790.409720670391
1791155497,1000,,Aggregated,164.500000,0.000000,4100,4500,5000,7800,8900,12000,16000,18000,27000,30000,30000,98610,45,4100,4224.227154701406,29.712800052948296,30401.71859995462,4790.406033870804
1791155498,1000,,Aggregated,170.300000,0.000000,4100,4500,5000,7800,8900,12000,16000,18000,27000,30000,30000,98801,45,4100,4223.252201278394,29.712800052948296,30401.71859995462,4790.241009706379
1791155499,1000,,Aggregated,167.500000,0.000000,4100,4500,5000,7800,8900,12000,16000,18000,27000,30000,30000,98987,45,4100,4224.163750308695,29.712800052948296,30401.71859995462,4790.319385373837
1791155500,1000,,Aggregated,166.900000,0.000000,4100,4500,5000,7800,8900,12000,16000,18000,27000,30000,30000,99156,45,4100,4222.790193702928,29.712800052948296,30401.71859995462,4790.471953285732
1791155501,1000,,Aggregated,172.300000,0.000000,4100,4500,5000,7800,8900,12000,16000,18000,27000,30000,30000,99353,45,4100,4223.042909674666,29.712800052948296,30401.71859995462,4790.638108562399
1791155502,1000,,Aggregated,171.100000,0.000000,4100,4500,5000,7800,8900,12000,16000,18000,27000,30000,30000,99482,45,4100,4222.583695640486,29.712800052948296,30401.71859995462,4790.768400313625
1791155503,1000,,Aggregated,170.500000,0.000000,4100,4500,5000,7800,8900,12000,16000,18000,27000,30000,30000,99678,45,4100,4223.425859102387,29.712800052948296,30401.71859995462,4790.762124039406
1791155504,1000,,Aggregated,172.000000,0.000000,4100,4500,5000,7800,8900,12000,16000,18000,27000,30000,30000,99862,45,4100,4224.496020357164,29.712800052948296,30401.71859995462,4791.17707436262
1791155505,1000,,Aggregated,169.600000,0.000000,4100,4500,5000,7800,8900,12000,16000,18000,27000,30000,30000,100023,45,4100,4224.857864139303,29.712800052948296,30401.71859995462,4791.364576147486
1791155506,1000,,Aggregated,172.000000,0.000000,4100,4500,5000,7800,8900,12000,16000,18000,27000,30000,30000,100146,45,4100,4224.017241696175,29.712800052948296,30401.71859995462,4791.312753380065
1791155507,1000,,Aggregated,171.000000,0.000000,4100,4500,5000,7800,8900,12000,16000,18000,27000,30000,30000,100326,45,4100,4225.392748290623,29.712800052948296,30401.71859995462,4791.378506070211
1791155508,1000,,Aggregated,169.200000,0.000000,4100,4500,5000,7800,8900,12000,16000,18000,27000,30000,30000,100529,45,4100,4224.891235920044,29.712800052948296,30401.71859995462,4791.669060669061
1791155509,1000,,Aggregated,169.300000,0.000000,4100,4500,5000,7800,8900,12000,16000,18000,27000,30000,30000,100700,45,4100,4224.54259565945,29.712800052948296,30401.71859995462,4792.209990069513
1791155510,1000,,Aggregated,171.100000,0.000000,4100,4500,5000,7800,8900,12000,16000,18000,27000,30000,30000,100899,45,4100,4223.590915462055,29.712800052948296,30401.71859995462,4792.428824864469
1791155511,1000,,Aggregated,169.800000,0.000000,4100,4500,5000,7800,8900,12000,16000,18000,27000,30000,30000,101070,45,4100,4221.887966163114,29.712800052948296,30401.71859995462,4792.518037004056
1791155512,1000,,Aggregated,170.000000,0.000000,4100,4500,5000,7800,8900,12000,16000,18000,27000,30000,30000,101271,45,4100,4220.881496626931,29.712800052948296,30401.71859995462,4792.665205241382
1791155513,1000,,Aggregated,171.900000,0.000000,4100,4500,5000,7800,8900,12000,16000,18000,27000,30000,30000,101442,45,4100,4218.469302818406,29.712800052948296,30401.71859995462,4793.04621359989
1791155514,1000,,Aggregated,172.800000,0.000000,4100,4500,5000,7800,8900,12000,16000,18000,27000,30000,30000,101570,45,4100,4216.56078062917,29.712800052948296,30401.71859995462,4792.940001969086
1791155515,1000,,Aggregated,174.800000,0.000000,4100,4500,5000,7800,8900,12000,16000,18000,27000,30000,30000,101744,45,4100,4215.754761266552,29.712800052948296,30401.71859995462,4792.678339754679
1791155516,1000,,Aggregated,170.000000,0.000000,4100,4500,5000,7800,8900,12000,16000,18000,27000,30000,30000,101901,45,4100,4214.570540521721,29.712800052948296,30401.71859995462,4792.566069027782
1791155517,1000,,Aggregated,169.600000,0.000000,4100,4500,5000,7800,8900,12000,16000,18000,26000,30000,30000,102012,45,4100,4213.903933087318,29.712800052948296,30401.71859995462,4792.740412892601
1791155518,1000,,Aggregated,173.000000,0.000000,4100,4500,5000,7700,8900,12000,16000,18000,26000,30000,30000,102201,45,4100,4212.856778073632,29.712800052948296,30401.71859995462,4792.536472245868
1791155519,1000,,Aggregated,173.600000,0.000000,4100,4500,5000,7800,8900,12000,16000,18000,26000,30000,30000,102374,45,4100,4213.529619638802,29.712800052948296,30401.71859995462,4792.753189286343
1791155520,1000,,Aggregated,164.600000,0.000000,4100,4500,5000,7800,8900,12000,16000,18000,26000,30000,30000,102546,45,4100,4215.353765428221,29.712800052948296,30401.71859995462,4792.990687106274
1791155521,1000,,Aggregated,164.700000,0.000000,4100,4500,5000,7800,8900,12000,16000,18000,26000,30000,30000,102736,45,4100,4214.196003679366,29.712800052948296,30401.71859995462,4792.576341301978
1791155522,1000,,Aggregated,163.300000,0.000000,4100,4500,5000,7800,8900,12000,16000,18000,26000,30000,30000,102937,45,4100,4215.004636198865,29.712800052948296,30401.71859995462,4792.522057180606
1791155523,1000,,Aggregated,163.700000,0.000000,4100,4500,5000,7800,8900,12000,16000,18000,26000,30000,30000,103115,45,4100,4213.6752862997855,29.712800052948296,30401.71859995462,4792.431741259758
1791155524,1000,,Aggregated,165.100000,0.000000,4100,4500,5000,7800,8900,12000,16000,18000,26000,30000,30000,103258,45,4100,4212.690424525962,29.712800052948296,30401.71859995462,4792.406380135195
1791155525,1000,,Aggregated,166.300000,0.000000,4000,4500,5000,7800,8900,12000,16000,18000,26000,30000,30000,103445,45,4000,4211.804139768004,29.712800052948296,30401.71859995462,4792.551636135145
1791155526,1000,,Aggregated,169.100000,0.000000,4000,4500,5000,7700,8900,12000,16000,18000,26000,30000,30000,103595,45,4000,4210.003508403886,29.712800052948296,30401.71859995462,4792.525228051547
1791155527,1000,,Aggregated,168.000000,0.000000,4000,4500,5000,7700,8900,12000,16000,18000,26000,30000,30000,103746,45,4000,4208.470258245149,29.712800052948296,30401.71859995462,4792.294170377653
1791155528,1000,,Aggregated,168.800000,0.000000,4000,4500,5000,7700,8900,12000,16000,18000,26000,30000,30000,103884,45,4000,4207.981176964696,29.712800052948296,30401.71859995462,4792.561597551115
1791155529,1000,,Aggregated,168.400000,0.000000,4000,4500,5000,7700,8900,12000,16000,18000,26000,30000,30000,104048,45,4000,4208.209141956595,29.712800052948296,30401.71859995462,4792.739283792096
1791155530,1000,,Aggregated,171.400000,0.000000,4000,4500,5000,7700,8900,12000,16000,18000,26000,30000,30000,104224,45,4000,4209.280548247036,29.712800052948296,30401.71859995462,4792.562039453484
1791155531,1000,,Aggregated,166.200000,0.000000,4000,4500,5000,7700,8900,12000,16000,18000,26000,30000,30000,104391,45,4000,4209.242905958363,29.712800052948296,30401.71859995462,4792.537728348229
1791155532,1000,,Aggregated,165.700000,0.000000,4100,4500,5000,7700,8900,12000,16000,18000,26000,30000,30000,104576,45,4100,4209.134717505931,29.712800052948296,30401.71859995462,4792.481181150551
1791155533,1000,,Aggregated,165.600000,0.000000,4000,4500,5000,7700,8900,12000,16000,18000,26000,30000,30000,104641,45,4000,4208.094327965143,29.712800052948296,30401.71859995462,4792.616116053937
1791155534,1000,,Aggregated,163.800000,0.000000,4100,4500,5000,7800,8900,12000,16000,18000,26000,30000,30000,104792,45,4100,4210.229123971296,29.712800052948296,30401.71859995462,4792.431025269105
1791155535,1000,,Aggregated,159.100000,0.000000,4100,4500,5000,7800,8900,12000,16000,18000,26000,30000,30000,104987,45,4100,4213.268004820604,29.712800052948296,30401.71859995462,4792.236695971882
1791155536,1000,,Aggregated,149.600000,0.000000,4100,4500,5000,7800,8900,12000,16000,18000,26000,30000,30000,105148,45,4100,4214.053026522617,29.712800052948296,30401.71859995462,4791.818931410963
1791155537,1000,,Aggregated,150.900000,0.000000,4100,4500,5000,7800,8900,12000,16000,18000,26000,30000,30000,105331,45,4100,4213.685108119164,29.712800052948296,30401.71859995462,4791.814404116547
1791155538,1000,,Aggregated,152.400000,0.000000,4100,4500,5000,7800,8900,12000,16000,18000,26000,30000,30000,105476,45,4100,4212.981122640216,29.712800052948296,30401.71859995462,4791.448917289241
1791155539,1000,,Aggregated,154.600000,0.000000,4100,4500,5000,7800,8900,12000,16000,18000,26000,30000,30000,105617,45,4100,4213.259115559045,29.712800052948296,30401.71859995462,4791.179194637227
1791155540,1000,,Aggregated,157.300000,0.000000,4100,4500,5000,7800,8900,12000,16000,18000,26000,30000,30000,105813,45,4100,4214.511042554307,29.712800052948296,30401.71859995462,4791.453082324478
1791155541,1000,,Aggregated,157.600000,0.000000,4100,4500,5000,7800,8900,12000,16000,18000,26000,30000,30000,105993,45,4100,4214.261182605451,29.712800052948296,30401.71859995462,4791.624899757531
1791155542,1000,,Aggregated,157.100000,0.000000,4100,4500,5000,7800,8900,12000,16000,18000,26000,30000,30000,106179,45,4100,4212.679294187176,29.712800052948296,30401.71859995462,4791.617325459837
1791155543,1000,,Aggregated,158.200000,0.000000,4100,4500,5000,7800,8900,12000,16000,18000,26000,30000,30000,106365,45,4100,4211.628887379314,29.712800052948296,30401.71859995462,4791.367132045316
1791155544,1000,,Aggregated,157.700000,0.000000,4100,4500,5000,7800,8900,12000,16000,18000,26000,30000,30000,106513,45,4100,4210.977927026748,29.712800052948296,30401.71859995462,4791.371259846216
1791155545,1000,,Aggregated,162.600000,0.000000,4000,4500,5000,7800,8900,12000,16000,18000,26000,30000,30000,106670,45,4000,4210.274939975631,29.712800052948296,30401.71859995462,4791.670263429268
1791155546,1000,,Aggregated,170.900000,0.000000,4000,4500,5000,7700,8900,12000,16000,18000,26000,30000,30000,106830,45,4000,4209.8184142432,29.712800052948296,30401.71859995462,4791.616549658335
1791155547,1000,,Aggregated,170.500000,0.000000,4000,4500,5000,7700,8900,12000,16000,18000,26000,30000,30000,106966,45,4000,4209.39090286541,29.712800052948296,30401.71859995462,4791.688732868388
1791155548,1000,,Aggregated,166.700000,0.000000,4000,4500,5000,7700,8900,12000,16000,18000,26000,30000,30000,107169,45,4000,4209.800582914834,29.712800052948296,30401.71859995462,4791.91014192537
1791155549,1000,,Aggregated,166.200000,0.000000,4000,4500,5000,7700,8900,12000,16000,18000,26000,30000,30000,107322,45,4000,4209.28333153779,29.712800052948296,30401.71859995462,4792.077868470584
1791155550,1000,,Aggregated,163.100000,0.000000,4100,4500,5000,7700,8900,12000,16000,18000,26000,30000,30000,107501,45,4100,4209.421773875577,29.712800052948296,30401.71859995462,4792.170565855201
1791155551,1000,,Aggregated,167.100000,0.000000,4000,4500,5000,7700,8900,12000,16000,18000,26000,30000,30000,107692,46,4000,4208.7079202215455,29.712800052948296,30401.71859995462,4792.014374326784
1791155552,1000,,Aggregated,168.600000,0.000000,4000,4500,5000,7700,8900,12000,16000,18000,26000,30000,30000,107833,46,4000,4207.644388511855,29.712800052948296,30401.71859995462,4791.928927137333
1791155553,1000,,Aggregated,167.600000,0.100000,4000,4500,5000,7800,8900,12000,16000,18000,26000,30000,30000,108034,46,4000,4207.7570362589395,29.712800052948296,30401.71859995462,4791.559666401318
1791155554,1000,,Aggregated,168.600000,0.100000,4000,4500,5000,7700,8900,12000,16000,18000,26000,30000,30000,108223,46,4000,4208.071036020975,29.712800052948296,30401.71859995462,4791.605037746135
1791155555,1000,,Aggregated,163.800000,0.100000,4000,4500,5000,7700,8900,12000,16000,18000,26000,30000,30000,108369,46,4000,4208.664899884639,29.712800052948296,30401.71859995462,4791.604056510626
1791155556,1000,,Aggregated,168.200000,0.100000,4000,4500,5000,7700,8900,12000,16000,18000,26000,30000,30000,108506,46,4000,4208.153321632894,29.712800052948296,30401.71859995462,4791.97021362874
1791155557,1000,,Aggregated,170.100000,0.100000,4000,4500,5000,7700,8900,12000,16000,18000,26000,30000,30000,108655,46,4000,4207.718112345487,29.712800052948296,30401.71859995462,4791.922847544982
1791155558,1000,,Aggregated,170.200000,0.100000,4000,4500,5000,7700,8900,12000,16000,18000,26000,30000,30000,108808,46,4000,4207.377724852023,29.712800052948296,30401.71859995462,4791.982391000662
1791155559,1000,,Aggregated,166.300000,0.100000,4000,4500,5000,7700,8900,12000,16000,18000,26000,30000,30000,108983,46,4000,4206.9742985621515,29.712800052948296,30401.71859995462,4791.988447739555
1791155560,1000,,Aggregated,167.700000,0.100000,4000,4500,5000,7700,8900,12000,16000,18000,26000,30000,30000,109137,46,4000,4205.665666587864,29.712800052948296,30401.71859995462,4791.894655341452
1791155561,1000,,Aggregated,164.400000,0.100000,4000,4500,5000,7700,8900,12000,16000,18000,26000,30000,30000,109323,46,4000,4204.725649582432,29.712800052948296,30401.71859995462,4791.608307492476
1791155562,1000,,Aggregated,163.900000,0.100000,4000,4500,5000,7700,8900,12000,16000,18000,26000,30000,30000,109488,46,4000,4204.278342707884,29.712800052948296,30401.71859995462,4791.870341955283
1791155563,1000,,Aggregated,162.500000,0.000000,4000,4500,5000,7700,8900,12000,16000,18000,26000,30000,30000,109662,47,4000,4204.257240030289,29.712800052948296,30401.71859995462,4791.804636063541
1791155564,1000,,Aggregated,161.900000,0.000000,4000,4500,5000,7700,8900,12000,16000,18000,26000,30000,30000,109859,47,4000,4204.357805423329,29.712800052948296,30401.71859995462,4791.993273195641
1791155565,1000,,Aggregated,163.800000,0.000000,4000,4500,5000,7700,8900,12000,16000,18000,26000,30000,30000,110016,47,4000,4204.80455576281,29.712800052948296,30401.71859995462,4792.040466841187
1791155566,1000,,Aggregated,161.500000,0.100000,4000,4500,5000,7800,8900,12000,16000,18000,26000,30000,30000,110113,47,4000,4204.763349599064,29.712800052948296,30401.71859995462,4791.786809913453
1791155567,1000,,Aggregated,162.000000,0.100000,4000,4500,5000,7800,8900,12000,16000,18000,26000,30000,30000,110260,47,4000,4204.570826006727,29.712800052948296,30401.71859995462,4792.016542717214
1791155568,1000,,Aggregated,163.400000,0.100000,4000,4500,5000,7800,8900,12000,16000,18000,26000,30000,30000,110396,47,4000,4206.181230530112,29.712800052948296,30401.71859995462,4792.231838110077
1791155569,1000,,Aggregated,160.000000,0.100000,4000,4500,5000,7800,8900,12000,16000,18000,26000,30000,30000,110584,47,4000,4206.797325775002,29.712800052948296,30401.71859995462,4792.0295431527165
1791155570,1000,,Aggregated,159.100000,0.100000,4000,4500,5000,7800,8900,12000,16000,18000,26000,30000,30000,110755,47,4000,4207.05074703357,29.712800052948296,30401.71859995462,4791.98161708275
1791155571,1000,,Aggregated,157.000000,0.100000,4100,4500,5000,7800,8900,12000,16000,18000,26000,30000,30000,110952,48,4100,4207.452800978828,29.712800052948296,30401.71859995462,4792.031238733867
1791155572,1000,,Aggregated,160.700000,0.100000,4100,4500,5000,7800,8900,12000,16000,18000,26000,30000,30000,111129,48,4100,4208.911510133297,29.712800052948296,30401.71859995462,4792.079664174068
1791155573,1000,,Aggregated,160.500000,0.100000,4000,4500,5000,7800,8900,12000,16000,18000,26000,30000,30000,111308,48,4000,4207.314405026621,29.712800052948296,30401.71859995462,4791.975725015273
1791155575,1000,,Aggregated,161.800000,0.200000,4000,4500,5000,7800,8900,12000,16000,18000,26000,30000,30000,111446,48,4000,4207.012145527907,29.712800052948296,30401.71859995462,4791.908861690864
1791155576,1000,,Aggregated,163.200000,0.100000,4000,4500,5000,7800,8900,12000,16000,18000,26000,30000,30000,111607,48,4000,4207.66511926226,29.712800052948296,30401.71859995462,4791.527762595536
1791155577,1000,,Aggregated,157.800000,0.100000,4000,4500,5000,7800,8800,12000,16000,18000,26000,30000,30000,111744,48,4000,4206.964025174532,29.712800052948296,30401.71859995462,4791.427969286941
1791155578,1000,,Aggregated,157.800000,0.100000,4000,4500,5000,7800,8800,12000,16000,18000,26000,30000,30000,111892,48,4000,4206.618240064539,29.712800052948296,30401.71859995462,4791.220131912916
1791155579,1000,,Aggregated,162.000000,0.100000,4000,4500,5000,7800,8800,12000,16000,18000,26000,30000,30000,112038,48,4000,4207.595597422319,29.712800052948296,30401.71859995462,4791.48927149717
1791155580,1000,,Aggregated,161.800000,0.100000,4000,4500,5000,7800,8800,12000,16000,18000,26000,30000,30000,112203,48,4000,4207.75430088412,29.712800052948296,30401.71859995462,4791.3736709357145
1791155581,1000,,Aggregated,162.900000,0.100000,4100,4500,5000,7800,8800,12000,16000,18000,26000,30000,30000,112381,48,4100,4207.65921667365,29.712800052948296,30401.71859995462,4791.318692661571
1791155582,1000,,Aggregated,160.600000,0.100000,4100,4500,5000,7800,8800,12000,16000,18000,26000,30000,30000,112571,48,4100,4207.541164605465,29.712800052948296,30401.71859995462,4791.293663554557
1791155583,1000,,Aggregated,161.100000,0.100000,4100,4500,5000,7800,8800,12000,16000,18000,26000,30000,30000,112772,48,4100,4208.402956098162,29.712800052948296,30401.71859995462,4790.978239279254
1791155584,1000,,Aggregated,161.100000,0.100000,4100,4500,5000,7800,8800,12000,16000,18000,26000,30000,30000,112893,48,4100,4207.298549616917,29.712800052948296,30401.71859995462,4791.059427953904
1791155585,1000,,Aggregated,162.600000,0.000000,4000,4500,5000,7800,8800,12000,16000,18000,26000,30000,30000,113079,48,4000,4207.526474195952,29.712800052948296,30401.71859995462,4791.351886734054
1791155586,1000,,Aggregated,158.400000,0.000000,4000,4500,5000,7800,8800,12000,16000,18000,26000,30000,30000,113258,48,4000,4206.597116902157,29.712800052948296,30401.71859995462,4791.144245881085
1791155587,1000,,Aggregated,161.700000,0.000000,4000,4500,5000,7800,8800,12000,16000,18000,26000,30000,30000,113419,48,4000,4206.211574616286,29.712800052948296,30401.71859995462,4790.721448787241
1791155588,1000,,Aggregated,164.300000,0.000000,4000,4500,5000,7800,8800,12000,16000,18000,26000,30000,30000,113572,48,4000,4205.329512506647,29.712800052948296,30401.71859995462,4790.533987250378
1791155589,1000,,Aggregated,166.500000,0.000000,4000,4500,5000,7800,8800,12000,16000,18000,26000,30000,30000,113722,48,4000,4204.215882521438,29.712800052948296,30401.71859995462,4790.45446791298
1791155590,1000,,Aggregated,167.000000,0.000000,4000,4500,5000,7800,8800,12000,16000,18000,26000,30000,30000,113869,48,4000,4204.1712602315265,29.712800052948296,30401.71859995462,4790.266955887906
1791155591,1000,,Aggregated,168.000000,0.000000,4000,4500,5000,7800,8800,12000,16000,18000,26000,30000,30000,114023,48,4000,4204.789131855003,29.712800052948296,30401.71859995462,4790.564456293906
1791155592,1000,,Aggregated,165.300000,0.000000,4000,4500,5000,7800,8800,12000,16000,18000,26000,30000,30000,114222,48,4000,4204.268473613695,29.712800052948296,30401.71859995462,4790.340004552538
1791155593,1000,,Aggregated,162.800000,0.000000,4000,4500,5000,7800,8800,12000,16000,18000,26000,30000,30000,114368,48,4000,4204.048282457542,29.712800052948296,30401.71859995462,4790.505036373811
1791155594,1000,,Aggregated,164.300000,0.000000,4000,4500,5000,7800,8800,12000,16000,18000,26000,30000,30000,114510,48,4000,4205.157193212855,29.712800052948296,30401.71859995462,4790.6226181119555
1791155595,1000,,Aggregated,159.300000,0.000000,4100,4500,5000,7800,8800,12000,16000,18000,26000,30000,30000,114698,48,4100,4205.449644360874,29.712800052948296,30401.71859995462,4790.408341906572
1791155596,1000,,Aggregated,159.800000,0.000000,4100,4500,5000,7800,8800,12000,16000,18000,26000,30000,30000,114880,48,4100,4206.264972567929,29.712800052948296,30401.71859995462,4790.157721100279
1791155597,1000,,Aggregated,161.200000,0.000000,4000,4500,5000,7800,8800,12000,16000,18000,26000,30000,30000,115060,48,4000,4204.849524685424,29.712800052948296,30401.71859995462,4790.0535981227185
1791155598,1000,,Aggregated,161.500000,0.000000,4000,4500,5000,7800,8800,12000,16000,18000,26000,30000,30000,115210,48,4000,4204.405119027041,29.712800052948296,30401.71859995462,4789.817281485982
1791155599,1000,,Aggregated,162.400000,0.000000,4000,4500,5000,7800,8800,12000,16000,18000,26000,30000,30000,115393,48,4000,4204.197945962111,29.712800052948296,30401.71859995462,4789.4491693603595
1791155600,1000,,Aggregated,162.400000,0.000000,4000,4500,5000,7800,8800,12000,16000,18000,26000,30000,30000,115503,48,4000,4204.216533387068,29.712800052948296,30401.71859995462,4789.636840601543
1791155601,1000,,Aggregated,165.900000,0.000000,4000,4400,5000,7800,8800,12000,16000,18000,26000,30000,30000,115692,48,4000,4203.181176932768,29.712800052948296,30401.71859995462,4789.393700515161
1791155602,1000,,Aggregated,165.200000,0.000000,4000,4400,5000,7800,8800,12000,16000,18000,26000,30000,30000,115877,48,4000,4202.684946570126,29.712800052948296,30401.71859995462,4789.408916350958
1791155603,1000,,Aggregated,166.800000,0.000000,4000,4400,5000,7800,8800,12000,16000,18000,26000,30000,30000,116001,48,4000,4203.374548366011,29.712800052948296,30401.71859995462,4789.574943319454
1791155604,1000,,Aggregated,163.700000,0.000000,4000,4400,5000,7800,8800,12000,16000,18000,26000,30000,30000,116149,49,4000,4204.023732613318,29.712800052948296,30401.71859995462,4789.807721116841
1791155605,1000,,Aggregated,162.500000,0.000000,4000,4400,5000,7800,8800,12000,16000,18000,26000,30000,30000,116326,49,4000,4205.219232941941,29.712800052948296,30401.71859995462,4790.186888571772
1791155606,1000,,Aggregated,162.500000,0.100000,4100,4400,5000,7800,8800,12000,16000,18000,26000,30000,30000,116503,49,4100,4205.3928816425605,29.712800052948296,30401.71859995462,4790.146511248638
1791155607,1000,,Aggregated,162.000000,0.100000,4100,4400,5000,7800,8800,12000,16000,18000,26000,30000,30000,116670,49,4100,4204.254576549272,29.712800052948296,30401.71859995462,4790.127522070798
1791155608,1000,,Aggregated,160.500000,0.100000,4100,4400,5000,7800,8800,12000,16000,18000,26000,30000,30000,116820,49,4100,4202.757986978291,29.712800052948296,30401.71859995462,4789.904836500599
1791155609,1000,,Aggregated,160.800000,0.100000,4100,4400,5000,7800,8800,12000,16000,18000,26000,30000,30000,116991,49,4100,4202.414450405612,29.712800052948296,30401.71859995462,4789.799266610252
1791155610,1000,,Aggregated,160.800000,0.100000,4100,4400,5000,7800,8800,12000,16000,18000,26000,30000,30000,117184,49,4100,4203.574131542714,29.712800052948296,30401.71859995462,4789.885726720371
1791155611,1000,,Aggregated,157.800000,0.100000,4100,4400,5000,7800,8800,12000,16000,18000,26000,30000,30000,117361,49,4100,4202.366620156627,29.712800052948296,30401.71859995462,4790.093583047179
1791155612,1000,,Aggregated,165.100000,0.100000,4000,4400,5000,7800,8800,12000,16000,18000,26000,30000,30000,117535,49,4000,4201.852953308389,29.712800052948296,30401.71859995462,4790.327230186753
1791155613,1000,,Aggregated,165.000000,0.100000,4000,4400,5000,7800,8800,12000,16000,18000,26000,30000,30000,117714,49,4000,4202.403145508617,29.712800052948296,30401.71859995462,4790.108780603837
1791155614,1000,,Aggregated,166.300000,0.100000,4000,4400,5000,7800,8800,12000,16000,18000,26000,30000,30000,117875,49,4000,4201.635320461516,29.712800052948296,30401.71859995462,4790.216653234358
1791155615,1000,,Aggregated,169.000000,0.100000,4000,4400,5000,7800,8800,12000,16000,18000,26000,30000,30000,118054,49,4000,4201.699566463665,29.712800052948296,30401.71859995462,4790.524844562658
1791155616,1000,,Aggregated,171.100000,0.000000,4000,4400,5000,7800,8800,12000,16000,18000,26000,30000,30000,118250,49,4000,4201.024010002538,29.712800052948296,30401.71859995462,4790.268541226215
1791155617,1000,,Aggregated,170.300000,0.000000,4000,4400,5000,7800,8800,12000,16000,18000,26000,30000,30000,118355,49,4000,4200.725712043423,29.712800052948296,30401.71859995462,4790.3573148578425
1791155618,1000,,Aggregated,173.400000,0.000000,4000,4400,5000,7800,8800,12000,16000,18000,26000,30000,30000,118515,49,4000,4201.588451509081,29.712800052948296,30401.71859995462,4790.312449900856
1791155619,1000,,Aggregated,167.200000,0.000000,4000,4400,5000,7800,8800,12000,16000,18000,26000,30000,30000,118616,49,4000,4201.542003318263,29.712800052948296,30401.71859995462,4790.48843326364
1791155620,1000,,Aggregated,169.100000,0.000000,4000,4400,5000,7800,8800,12000,16000,18000,26000,30000,30000,118820,49,4000,4202.88471746086,29.712800052948296,30401.71859995462,4790.074036357516
1791155621,1000,,Aggregated,166.300000,0.000000,4000,4400,5000,7800,8800,12000,16000,18000,26000,30000,30000,119012,49,4000,4202.373230507847,29.712800052948296,30401.71859995462,4790.456769065304
1791155622,1000,,Aggregated,160.600000,0.000000,4000,4400,5000,7800,8800,12000,16000,18000,26000,30000,30000,119199,49,4000,4201.719266268172,29.712800052948296,30401.71859995462,4790.4982927709125
1791155623,1000,,Aggregated,163.900000,0.000000,4000,4400,5000,7800,8800,12000,16000,18000,26000,30000,30000,119380,49,4000,4200.212155402908,29.712800052948296,30401.71859995462,4790.235818395041
1791155624,1000,,Aggregated,163.700000,0.000000,4000,4400,5000,7800,8800,12000,16000,18000,26000,30000,30000,119563,49,4000,4199.721684616465,29.712800052948296,30401.71859995462,4790.305546030127
1791155625,1000,,Aggregated,165.400000,0.000000,4000,4400,5000,7800,8800,12000,16000,18000,26000,30000,30000,119731,49,4000,4198.339497900279,29.712800052948296,30401.71859995462,4790.000567939798
1791155626,1000,,Aggregated,166.900000,0.000000,4000,4400,5000,7800,8800,12000,16000,18000,26000,30000,30000,119897,49,4000,4197.711212619159,29.712800052948296,30401.71859995462,4789.937246136267
1791155627,1000,,Aggregated,166.600000,0.000000,4000,4400,5000,7800,8800,12000,16000,18000,26000,30000,30000,120071,49,4000,4197.285818560683,29.712800052948296,30401.71859995462,4789.9751313806
1791155628,1000,,Aggregated,163.400000,0.000000,4000,4400,5000,7800,8800,12000,16000,18000,26000,30000,30000,120213,50,4000,4197.515436550956,29.712800052948296,30401.71859995462,4789.786154575629
1791155629,1000,,Aggregated,169.500000,0.000000,4000,4400,5000,7700,8800,12000,16000,18000,26000,30000,30000,120380,50,4000,4196.693212382455,29.712800052948296,30401.71859995462,4789.720701113141
1791155630,1000,,Aggregated,168.000000,0.100000,4000,4400,5000,7700,8800,12000,16000,18000,26000,30000,30000,120588,50,4000,4196.519676562346,29.712800052948296,30401.71859995462,4789.605690450127
1791155631,1000,,Aggregated,170.100000,0.100000,4000,4400,5000,7700,8800,12000,16000,18000,26000,30000,30000,120762,50,4000,4196.801340620393,29.712800052948296,30401.71859995462,4789.487794173664
1791155632,1000,,Aggregated,174.700000,0.100000,4000,4400,5000,7700,8800,12000,16000,18000,26000,30000,30000,120884,50,4000,4195.597285136984,29.712800052948296,30401.71859995462,4789.571506568281
1791155633,1000,,Aggregated,175.300000,0.100000,4000,4400,4900,7700,8800,12000,16000,18000,26000,30000,30000,121065,50,4000,4195.009516047579,29.712800052948296,30401.71859995462,4789.927551315409
1791155634,1000,,Aggregated,172.500000,0.100000,4000,4400,4900,7700,8800,12000,16000,18000,26000,30000,30000,121247,50,4000,4194.614106120558,29.712800052948296,30401.71859995462,4790.13866734847
1791155635,1000,,Aggregated,166.900000,0.100000,4000,4400,4900,7700,8800,12000,16000,18000,26000,30000,30000,121459,50,4000,4194.635572945584,29.712800052948296,30401.71859995462,4789.911887962193
1791155636,1000,,Aggregated,166.500000,0.100000,4000,4400,4900,7700,8800,12000,16000,18000,26000,30000,30000,121629,50,4000,4193.615012439448,29.712800052948296,30401.71859995462,4789.760032558025
1791155637,1000,,Aggregated,170.400000,0.100000,4000,4400,4900,7700,8800,12000,16000,18000,26000,30000,30000,121782,50,4000,4193.381048832314,29.712800052948296,30401.71859995462,4789.782874316402
1791155638,1000,,Aggregated,172.000000,0.100000,4000,4400,4900,7700,8800,12000,16000,18000,26000,30000,30000,121919,50,4000,4193.643813607368,29.712800052948296,30401.71859995462,4789.581156341505
1791155639,1000,,Aggregated,171.100000,0.100000,4000,4400,4900,7700,8800,12000,16000,18000,26000,30000,30000,122082,50,4000,4193.26820636209,29.712800052948296,30401.71859995462,4789.6826231549285
1791155640,1000,,Aggregated,170.900000,0.000000,4000,4400,4900,7700,8800,12000,16000,18000,26000,30000,30000,122268,50,4000,4192.453123828783,29.712800052948296,30401.71859995462,4789.694139104263
1791155641,1000,,Aggregated,169.300000,0.000000,4000,4400,4900,7700,8800,12000,16000,18000,26000,30000,30000,122430,50,4000,4192.065645055929,29.712800052948296,30401.71859995462,4789.762157967818
1791155642,1000,,Aggregated,167.500000,0.000000,4000,4400,4900,7700,8800,12000,16000,18000,26000,30000,30000,122601,50,4000,4191.442910879171,29.712800052948296,30401.71859995462,4789.687580036052
1791155643,1000,,Aggregated,164.000000,0.000000,4000,4400,4900,7700,8800,12000,16000,18000,26000,30000,30000,122781,50,4000,4191.069617162251,29.712800052948296,30401.71859995462,4789.671390524592
1791155644,1000,,Aggregated,165.900000,0.000000,4000,4400,4900,7700,8800,12000,16000,18000,26000,30000,30000,122969,50,4000,4191.870791075788,29.712800052948296,30401.71859995462,4789.832860314388
1791155645,1000,,Aggregated,171.600000,0.000000,4000,4400,4900,7700,8800,12000,16000,18000,26000,30000,30000,123145,51,4000,4191.407857721374,29.712800052948296,30401.71859995462,4789.8481140119375
1791155646,1000,,Aggregated,171.900000,0.000000,4000,4400,4900,7700,8800,12000,16000,18000,26000,30000,30000,123283,51,4000,4190.4498502072265,29.712800052948296,30401.71859995462,4789.861018956385
1791155647,1000,,Aggregated,169.100000,0.000000,4000,4400,4900,7700,8800,12000,16000,18000,26000,30000,30000,123423,51,4000,4190.404467247574,29.712800052948296,30401.71859995462,4789.603736742746
1791155648,1000,,Aggregated,166.400000,0.100000,4000,4400,4900,7700,8800,12000,16000,18000,26000,30000,30000,123561,51,4000,4190.729299283736,29.712800052948296,30401.71859995462,4789.568609836437
1791155649,1000,,Aggregated,162.500000,0.100000,4000,4400,4900,7700,8800,12000,16000,18000,26000,30000,30000,123773,51,4000,4190.943824402718,29.712800052948296,30401.71859995462,4789.687411632585
1791155650,1000,,Aggregated,159.900000,0.100000,4000,4400,4900,7700,8800,12000,16000,18000,26000,30000,30000,123922,51,4000,4190.637610256427,29.712800052948296,30401.71859995462,4789.791344555446
1791155651,1000,,Aggregated,166.900000,0.100000,4000,4400,4900,7700,8800,12000,16000,18000,26000,30000,30000,124080,51,4000,4190.181885877635,29.712800052948296,30401.71859995462,4789.568262411348
1791155652,1000,,Aggregated,166.800000,0.100000,4000,4400,4900,7700,8800,12000,16000,18000,26000,30000,30000,124240,51,4000,4189.67129300465,29.712800052948296,30401.71859995462,4789.803219575016
1791155653,1000,,Aggregated,162.400000,0.100000,4000,4400,4900,7700,8800,12000,16000,18000,26000,30000,30000,124352,51,4000,4188.936755209386,29.712800052948296,30401.71859995462,4789.655027663407
1791155654,1000,,Aggregated,164.300000,0.100000,4000,4400,4900,7700,8800,12000,16000,18000,26000,30000,30000,124495,51,4000,4189.607511692819,29.712800052948296,30401.71859995462,4789.584585726335
1791155655,1000,,Aggregated,157.700000,0.100000,4000,4400,4900,7700,8800,12000,16000,18000,26000,30000,30000,124620,51,4000,4188.850214318713,29.712800052948296,30401.71859995462,4789.6273631840795
1791155656,1000,,Aggregated,153.300000,0.100000,4000,4400,4900,7700,8800,12000,16000,18000,26000,30000,30000,124789,51,4000,4188.624608931065,29.712800052948296,30401.71859995462,4789.77475578777
1791155657,1000,,Aggregated,150.100000,0.100000,4000,4400,4900,7700,8800,12000,16000,18000,26000,30000,30000,124980,51,4000,4189.963921726671,29.712800052948296,30401.71859995462,4789.285517682829
1791155658,1000,,Aggregated,146.200000,0.000000,4000,4400,4900,7700,8800,12000,16000,18000,26000,30000,30000,125096,51,4000,4190.854042140428,29.712800052948296,30401.71859995462,4789.1885032295195
1791155659,1000,,Aggregated,153.000000,0.000000,4000,4400,4900,7700,8800,12000,16000,18000,26000,30000,30000,125272,51,4000,4191.899289922722,29.712800052948296,30401.71859995462,4789.241953509164
1791155660,1000,,Aggregated,156.200000,0.000000,4000,4400,4900,7700,8800,12000,16000,18000,26000,30000,30000,125427,51,4000,4192.1647984508845,29.712800052948296,30401.71859995462,4789.335804890494
1791155661,1000,,Aggregated,151.400000,0.000000,4000,4400,4900,7700,8800,12000,16000,18000,26000,30000,30000,125582,51,4000,4194.057537859714,29.712800052948296,30401.71859995462,4789.552419932793
1791155662,1000,,Aggregated,146.500000,0.000000,4000,4400,4900,7700,8800,12000,16000,18000,26000,30000,30000,125746,51,4000,4194.2091825330335,29.712800052948296,30401.71859995462,4789.611963800041
1791155663,1000,,Aggregated,152.400000,0.000000,4000,4400,4900,7700,8800,12000,16000,18000,26000,30000,30000,125938,51,4000,4194.027612067828,29.712800052948296,30401.71859995462,4789.784473312265
1791155664,1000,,Aggregated,148.200000,0.000000,4000,4400,4900,7700,8800,12000,16000,18000,26000,30000,30000,126114,51,4000,4195.01315218214,29.712800052948296,30401.71859995462,4789.801497058217
1791155665,1000,,Aggregated,153.000000,0.000000,4000,4400,4900,7700,8800,12000,16000,18000,26000,30000,30000,126300,51,4000,4195.385224301651,29.712800052948296,30401.71859995462,4790.016413301662
1791155666,1000,,Aggregated,158.500000,0.000000,4000,4400,4900,7700,8800,12000,16000,18000,26000,30000,30000,126406,51,4000,4195.009722818528,29.712800052948296,30401.71859995462,4789.997191589006
1791155667,1000,,Aggregated,163.300000,0.000000,4000,4400,4900,7700,8800,12000,16000,18000,26000,30000,30000,126556,51,4000,4196.015759024456,29.712800052948296,30401.71859995462,4789.969965864913
1791155668,1000,,Aggregated,165.600000,0.000000,4000,4400,4900,7700,8800,12000,16000,18000,26000,30000,30000,126686,51,4000,4195.442578891896,29.712800052948296,30401.71859995462,4790.046619200228
1791155669,1000,,Aggregated,160.100000,0.000000,4000,4400,4900,7700,8800,12000,16000,18000,26000,30000,30000,126886,51,4000,4196.13143232745,29.712800052948296,30401.71859995462,4790.152514855855
1791155670,1000,,Aggregated,156.700000,0.000000,4000,4400,4900,7700,8800,12000,16000,18000,26000,30000,30000,127065,51,4000,4195.252157694891,29.712800052948296,30401.71859995462,4790.436036674143
1791155671,1000,,Aggregated,157.100000,0.000000,4000,4400,4900,7700,8800,12000,16000,18000,26000,30000,30000,127255,51,4000,4195.470269280589,29.712800052948296,30401.71859995462,4790.507154925151
1791155672,1000,,Aggregated,163.000000,0.000000,4000,4400,4900,7700,8800,12000,16000,18000,26000,30000,30000,127411,51,4000,4194.526251271093,29.712800052948296,30401.71859995462,4790.746246399447
1791155673,1000,,Aggregated,163.500000,0.000000,4000,4400,4900,7700,8800,12000,16000,18000,26000,30000,30000,127576,51,4000,4194.020475522835,29.712800052948296,30401.71859995462,4790.864817834075
1791155674,1000,,Aggregated,165.800000,0.000000,4000,4400,4900,7700,8800,12000,16000,18000,26000,30000,30000,127768,51,4000,4193.264637151729,29.712800052948296,30401.71859995462,4790.8351386888735
1791155675,1000,,Aggregated,165.600000,0.000000,4000,4400,4900,7700,8800,12000,16000,18000,26000,30000,30000,127946,51,4000,4192.563377182597,29.712800052948296,30401.71859995462,4790.806512122302
1791155676,1000,,Aggregated,164.000000,0.000000,4000,4400,4900,7700,8800,12000,16000,18000,26000,30000,30000,128072,51,4000,4192.945049548721,29.712800052948296,30401.71859995462,4790.642786869886
1791155677,1000,,Aggregated,161.900000,0.000000,4000,4400,4900,7700,8800,12000,16000,18000,26000,30000,30000,128180,51,4000,4192.8831649407375,29.712800052948296,30401.71859995462,4790.747987205492
1791155678,1000,,Aggregated,164.800000,0.000000,4000,4400,4900,7700,8800,12000,16000,18000,26000,30000,30000,128336,51,4000,4193.560011158248,29.712800052948296,30401.71859995462,4790.881592070814
1791155679,1000,,Aggregated,162.300000,0.000000,4000,4400,4900,7700,8800,12000,16000,18000,26000,30000,30000,128510,51,4000,4194.941861758654,29.712800052948296,30401.71859995462,4790.984304723368
1791155680,1000,,Aggregated,163.000000,0.000000,4000,4400,4900,7800,8800,12000,16000,18000,26000,30000,30000,128706,51,4000,4196.439589549101,29.712800052948296,30401.71859995462,4791.107531894395
1791155681,1000,,Aggregated,162.200000,0.000000,4000,4400,4900,7700,8800,12000,16000,18000,26000,30000,30000,128900,51,4000,4196.638968619134,29.712800052948296,30401.71859995462,4791.100961986036
1791155682,1000,,Aggregated,161.700000,0.000000,4000,4400,4900,7700,8800,12000,16000,18000,26000,30000,30000,129008,51,4000,4195.9882515348345,29.712800052948296,30401.71859995462,4790.8836738806895
1791155683,1000,,Aggregated,162.900000,0.000000,4000,4400,4900,7700,8800,12000,16000,18000,26000,30000,30000,129170,51,4000,4195.32125256488,29.712800052948296,30401.71859995462,4791.199682588836
1791155684,1000,,Aggregated,162.900000,0.000000,4000,4400,4900,7700,8800,12000,16000,18000,26000,30000,30000,129381,51,4000,4195.184212142461,29.712800052948296,30401.71859995462,4791.493635077793
1791155685,1000,,Aggregated,157.200000,0.000000,4000,4400,4900,7700,8800,12000,16000,18000,26000,30000,30000,129537,51,4000,4194.2052869674535,29.712800052948296,30401.71859995462,4791.813119031628
1791155686,1000,,Aggregated,159.000000,0.000000,4000,4400,4900,7700,8800,12000,16000,18000,26000,30000,30000,129726,51,4000,4194.166801738301,29.712800052948296,30401.71859995462,4791.778209456856
1791155687,1000,,Aggregated,161.000000,0.000000,4000,4400,4900,7700,8800,12000,16000,18000,26000,30000,30000,129888,51,4000,4194.106218783122,29.712800052948296,30401.71859995462,4791.719466001478
1791155688,1000,,Aggregated,159.600000,0.000000,4000,4400,4900,7700,8800,12000,16000,18000,26000,30000,30000,129994,51,4000,4192.813643686657,29.712800052948296,30401.71859995462,4791.7116174592675
1791155689,1000,,Aggregated,167.200000,0.000000,4000,4400,4900,7700,8800,12000,16000,18000,26000,30000,30000,130142,51,4000,4193.275325012703,29.712800052948296,30401.71859995462,4791.76892163944
1791155690,1000,,Aggregated,168.500000,0.000000,4000,4400,4900,7700,8800,12000,16000,18000,26000,30000,30000,130286,51,4000,4194.337423660275,29.712800052948296,30401.71859995462,4791.88137635663
1791155691,1000,,Aggregated,165.200000,0.000000,4000,4400,4900,7800,8800,12000,16000,18000,26000,30000,30000,130427,51,4000,4194.2216919319135,29.712800052948296,30401.71859995462,4792.072584664218
1791155692,1000,,Aggregated,161.200000,0.000000,4000,4400,4900,7700,8800,12000,16000,18000,26000,30000,30000,130556,51,4000,4193.95273706382,29.712800052948296,30401.71859995462,4792.188287018597
1791155693,1000,,Aggregated,155.700000,0.000000,4000,4400,4900,7700,8800,12000,16000,18000,26000,30000,30000,130745,51,4000,4194.553869913972,29.712800052948296,30401.71859995462,4792.446785727943
1791155694,1000,,Aggregated,152.000000,0.000000,4000,4400,4900,7700,8800,12000,16000,18000,26000,30000,30000,130924,51,4000,4194.40928178869,29.712800052948296,30401.71859995462,4792.552893281599
1791155695,1000,,Aggregated,154.400000,0.000000,4000,4400,4900,7700,8800,12000,16000,18000,26000,30000,30000,131122,51,4000,4195.432219480356,29.712800052948296,30401.71859995462,4792.477379844725
1791155696,1000,,Aggregated,153.500000,0.000000,4000,4400,4900,7800,8800,12000,16000,18000,26000,30000,30000,131276,51,4000,4195.844232685359,29.712800052948296,30401.71859995462,4792.656235717115
1791155697,1000,,Aggregated,154.000000,0.000000,4000,4400,4900,7800,8800,12000,16000,18000,26000,30000,30000,131411,51,4000,4197.445416022275,29.712800052948296,30401.71859995462,4792.838734961305
1791155698,1000,,Aggregated,156.200000,0.000000,4000,4400,4900,7800,8800,12000,16000,18000,26000,30000,30000,131487,51,4000,4197.377908835118,29.712800052948296,30401.71859995462,4792.8030071413905
1791155699,1000,,Aggregated,153.700000,0.000000,4000,4400,4900,7800,8800,12000,16000,18000,26000,30000,30000,131637,51,4000,4198.1415280947085,29.712800052948296,30401.71859995462,4792.679641742064
1791155700,1000,,Aggregated,150.800000,0.000000,4000,4400,4900,7800,8800,12000,16000,18000,26000,30000,30000,131806,51,4000,4199.36603479207,29.712800052948296,30401.71859995462,4792.522388965601
1791155701,1000,,Aggregated,147.300000,0.000000,4000,4400,4900,7800,8800,12000,16000,18000,26000,30000,30000,131987,51,4000,4200.024863515371,29.712800052948296,30401.71859995462,4792.473016281907
1791155702,1000,,Aggregated,148.200000,0.000000,4000,4400,4900,7800,8800,12000,16000,18000,26000,30000,30000,132105,51,4000,4199.1029973082295,29.712800052948296,30401.71859995462,4792.438446690133
1791155703,1000,,Aggregated,151.500000,0.000000,4000,4400,4900,7800,8800,12000,16000,18000,26000,30000,30000,132238,51,4000,4198.216408012099,29.712800052948296,30401.71859995462,4792.543641010904
1791155704,1000,,Aggregated,154.300000,0.000000,4000,4400,5000,7800,8800,12000,16000,18000,26000,30000,30000,132403,51,4000,4199.69075330699,29.712800052948296,30401.71859995462,4792.69486340944
1791155705,1000,,Aggregated,153.500000,0.000000,4000,4400,5000,7800,8800,12000,16000,18000,26000,30000,30000,132628,51,4000,4200.764519158881,29.712800052948296,30401.71859995462,4792.3767530234945
1791155706,1000,,Aggregated,148.600000,0.000000,4000,4400,5000,7800,8800,12000,16000,18000,26000,30000,30000,132822,51,4000,4200.27856351812,29.712800052948296,30401.71859995462,4792.221921067293
1791155707,1000,,Aggregated,145.600000,0.000000,4000,4400,5000,7800,8800,12000,16000,18000,26000,30000,30000,132961,51,4000,4200.298213464877,29.712800052948296,30401.71859995462,4792.668165853145
1791155708,1000,,Aggregated,150.100000,0.000000,4000,4400,5000,7800,8900,12000,16000,18000,26000,30000,30000,133086,51,4000,4201.361871176555,29.712800052948296,30401.71859995462,4792.6565303638245
1791155709,1000,,Aggregated,152.800000,0.000000,4000,4400,5000,7800,8900,12000,16000,18000,26000,30000,30000,133213,51,4000,4201.529834664053,29.712800052948296,30401.71859995462,4792.690037759077
1791155710,1000,,Aggregated,155.000000,0.000000,4100,4400,5000,7800,8900,12000,16000,18000,26000,30000,30000,133415,52,4100,4203.092888911315,29.712800052948296,30401.71859995462,4792.746677659933
1791155711,1000,,Aggregated,158.700000,0.000000,4100,4400,5000,7800,8900,12000,16000,18000,26000,30000,30000,133601,52,4100,4203.318091662501,29.712800052948296,30401.71859995462,4793.165739777397
1791155712,1000,,Aggregated,156.600000,0.000000,4100,4400,5000,7800,8900,12000,16000,18000,26000,30000,30000,133701,52,4100,4201.609507053068,29.712800052948296,30401.71859995462,4793.462023470281
1791155713,1000,,Aggregated,158.900000,0.100000,4100,4400,5000,7800,8900,12000,16000,18000,26000,30000,30000,133789,52,4100,4200.647573390949,29.712800052948296,30401.71859995462,4793.4306856318535
1791155714,1000,,Aggregated,160.500000,0.100000,4100,4400,5000,7800,8900,12000,16000,18000,26000,30000,30000,133995,52,4100,4203.453142818791,29.712800052948296,30401.71859995462,4793.318683532968
1791155715,1000,,Aggregated,158.400000,0.100000,4100,4400,5000,7800,8900,12000,16000,18000,26000,30000,30000,134162,52,4100,4205.2189851284575,29.712800052948296,30401.71859995462,4793.523941205408
1791155717,1000,,Aggregated,157.700000,0.100000,4100,4400,5000,7800,8900,12000,16000,18000,26000,30000,30000,134347,52,4100,4204.891247135436,29.712800052948296,30401.71859995462,4793.388985239715
1791155718,1000,,Aggregated,157.700000,0.100000,4100,4400,5000,7800,8900,12000,16000,18000,26000,30000,30000,134511,52,4100,4204.861119445285,29.712800052948296,30401.71859995462,4793.598984469671
1791155719,1000,,Aggregated,151.300000,0.100000,4100,4400,5000,7800,8900,12000,16000,18000,26000,30000,30000,134655,52,4100,4203.128287591276,29.712800052948296,30401.71859995462,4793.51856225168
1791155720,1000,,Aggregated,154.400000,0.100000,4100,4400,5000,7800,8900,12000,16000,18000,26000,30000,30000,134836,52,4100,4203.375290886734,29.712800052948296,30401.71859995462,4793.605543030051
1791155721,1000,,Aggregated,156.200000,0.100000,4100,4400,5000,7800,8900,12000,16000,18000,26000,30000,30000,135029,52,4100,4202.775599897829,29.712800052948296,30401.71859995462,4793.731250324005
1791155722,1000,,Aggregated,161.000000,0.100000,4100,4400,5000,7800,8900,12000,16000,18000,26000,30000,30000,135211,52,4100,4203.119007898059,29.712800052948296,30401.71859995462,4794.148323731058
1791155723,1000,,Aggregated,159.800000,0.000000,4100,4400,5000,7800,8900,12000,16000,18000,26000,30000,30000,135381,52,4100,4203.411359054836,29.712800052948296,30401.71859995462,4794.085573307923
1791155724,1000,,Aggregated,160.300000,0.000000,4000,4400,5000,7800,8900,12000,16000,18000,26000,30000,30000,135558,52,4000,4202.947069164515,29.712800052948296,30401.71859995462,4793.858960740053
1791155725,1000,,Aggregated,166.700000,0.000000,4000,4400,5000,7800,8900,12000,16000,18000,26000,30000,30000,135731,52,4000,4202.808290867985,29.712800052948296,30401.71859995462,4793.795691477997
1791155726,1000,,Aggregated,175.700000,0.000000,4000,4400,5000,7800,8900,12000,16000,18000,26000,30000,30000,135917,52,4000,4202.28420889957,29.712800052948296,30401.71859995462,4793.501092578559
1791155727,1000,,Aggregated,172.000000,0.000000,4000,4400,5000,7800,8900,12000,16000,18000,26000,30000,30000,136109,52,4000,4200.913609609961,29.712800052948296,30401.71859995462,4793.154493824803
1791155728,1000,,Aggregated,173.300000,0.000000,4000,4400,5000,7800,8900,12000,16000,18000,26000,30000,30000,136267,52,4000,4199.9363180843575,29.712800052948296,30401.71859995462,4793.385441816434
1791155729,1000,,Aggregated,174.300000,0.000000,4000,4400,5000,7800,8900,12000,16000,18000,26000,30000,30000,136403,52,4000,4199.12816013432,29.712800052948296,30401.71859995462,4793.350923366788
1791155730,1000,,Aggregated,174.600000,0.000000,4000,4400,5000,7800,8900,12000,16000,18000,26000,30000,30000,136507,52,4000,4198.5352315002265,29.712800052948296,30401.71859995462,4793.547026892394
1791155731,1000,,Aggregated,173.500000,0.000000,4000,4400,5000,7800,8900,12000,16000,18000,26000,30000,30000,136673,52,4000,4199.740949100423,29.712800052948296,30401.71859995462,4793.6859950392545
1791155732,1000,,Aggregated,164.700000,0.000000,4000,4400,5000,7800,8900,12000,16000,18000,26000,30000,30000,136886,52,4000,4200.388526077186,29.712800052948296,30401.71859995462,4793.953026606081
1791155733,1000,,Aggregated,163.700000,0.000000,4000,4400,5000,7800,8900,12000,16000,18000,26000,30000,30000,137077,52,4000,4200.365818350281,29.712800052948296,30401.71859995462,4793.966485989627
1791155734,1000,,Aggregated,165.800000,0.000000,4000,4400,5000,7800,8900,12000,16000,18000,26000,30000,30000,137258,52,4000,4199.667571335752,29.712800052948296,30401.71859995462,4793.8557461131595
1791155735,1000,,Aggregated,169.100000,0.000000,4000,4400,5000,7800,8900,12000,16000,18000,26000,30000,30000,137405,52,4000,4199.111209079744,29.712800052948296,30401.71859995462,4793.872770277646
1791155736,1000,,Aggregated,168.400000,0.000000,4000,4400,5000,7800,8900,12000,16000,18000,26000,30000,30000,137591,52,4000,4199.134285159658,29.712800052948296,30401.71859995462,4793.857904950179
1791155737,1000,,Aggregated,166.300000,0.000000,4000,4400,5000,7800,8800,12000,16000,18000,26000,30000,30000,137787,52,4000,4198.146439060308,29.712800052948296,30401.71859995462,4793.939805642041
1791155738,1000,,Aggregated,166.900000,0.000000,4000,4400,5000,7800,8800,12000,16000,18000,26000,30000,30000,137947,52,4000,4198.0451638078675,29.712800052948296,30401.71859995462,4794.13102133428
1791155739,1000,,Aggregated,167.000000,0.000000,4000,4400,5000,7800,8800,12000,16000,18000,26000,30000,30000,138082,53,4000,4197.260592033019,29.712800052948296,30401.71859995462,4793.9757680219
1791155740,1000,,Aggregated,168.300000,0.000000,4000,4400,5000,7700,8800,12000,16000,18000,26000,30000,30000,138194,53,4000,4196.7781286242725,29.712800052948296,30401.71859995462,4793.869321388773
1791155741,1000,,Aggregated,167.700000,0.100000,4000,4400,5000,7800,8800,12000,16000,18000,26000,30000,30000,138374,53,4000,4197.397439362903,29.712800052948296,30401.71859995462,4793.6474337664595
1791155742,1000,,Aggregated,168.900000,0.100000,4000,4400,5000,7800,8800,12000,16000,18000,26000,30000,30000,138555,53,4000,4197.730420000747,29.712800052948296,30401.71859995462,4793.577467431705
1791155743,1000,,Aggregated,167.900000,0.100000,4000,4400,4900,7700,8800,12000,16000,18000,26000,30000,30000,138732,54,4000,4197.4952922015345,29.712800052948296,30401.71859995462,4793.342725542773
1791155744,1000,,Aggregated,165.700000,0.100000,4000,4400,4900,7700,8800,12000,16000,18000,26000,30000,30000,138883,54,4000,4196.905404462063,29.712800052948296,30401.71859995462,4793.753648754707
1791155745,1000,,Aggregated,164.300000,0.200000,4000,4400,4900,7700,8800,12000,16000,18000,26000,30000,30000,139060,54,4000,4196.350699823858,29.712800052948296,30401.71859995462,4794.045980152452
1791155746,1000,,Aggregated,162.100000,0.200000,4000,4400,4900,7700,8800,12000,16000,18000,26000,30000,30000,139164,54,4000,4196.602859792802,29.712800052948296,30401.71859995462,4794.0159308441835
1791155747,1000,,Aggregated,165.100000,0.200000,4000,4400,4900,7800,8800,12000,16000,18000,26000,30000,30000,139365,54,4000,4197.420438047609,29.712800052948296,30401.71859995462,4794.193578014566
1791155748,1000,,Aggregated,158.700000,0.200000,4000,4400,4900,7800,8800,12000,16000,18000,26000,30000,30000,139550,54,4000,4197.92766856686,29.712800052948296,30401.71859995462,4794.19979218918
1791155749,1000,,Aggregated,156.200000,0.200000,4000,4400,4900,7800,8800,12000,16000,18000,26000,30000,30000,139663,54,4000,4198.246732150284,29.712800052948296,30401.71859995462,4794.436686881994
1791155750,1000,,Aggregated,158.500000,0.200000,4000,4400,4900,7800,8800,12000,16000,18000,26000,30000,30000,139799,54,4000,4198.339358441798,29.712800052948296,30401.71859995462,4794.665491169465
1791155751,1000,,Aggregated,158.200000,0.100000,4000,4400,4900,7800,8800,12000,16000,18000,26000,30000,30000,139995,54,4000,4198.254003378014,29.712800052948296,30401.71859995462,4794.5291260402155
1791155752,1000,,Aggregated,158.800000,0.100000,4000,4400,4900,7800,8800,12000,16000,18000,26000,30000,30000,140160,54,4000,4198.408413247763,29.712800052948296,30401.71859995462,4794.19044663242
1791155753,1000,,Aggregated,161.000000,0.100000,4000,4400,4900,7800,8800,12000,16000,18000,26000,30000,30000,140306,54,4000,4198.250638694757,29.712800052948296,30401.71859995462,4794.1239148717805
1791155754,1000,,Aggregated,159.100000,0.100000,4000,4400,4900,7800,8800,12000,16000,18000,26000,30000,30000,140476,54,4000,4199.032326462217,29.712800052948296,30401.71859995462,4794.421701927731
1791155755,1000,,Aggregated,157.000000,0.000000,4100,4400,4900,7800,8800,12000,16000,18000,26000,30000,30000,140659,54,4100,4199.065881526289,29.712800052948296,30401.71859995462,4794.305248864274
1791155756,1000,,Aggregated,158.400000,0.000000,4100,4400,4900,7700,8800,12000,16000,18000,26000,30000,30000,140806,55,4100,4198.04988815396,29.712800052948296,30401.71859995462,4794.269818047526
1791155757,1000,,Aggregated,158.500000,0.000000,4000,4400,4900,7700,8800,12000,16000,18000,26000,30000,30000,140983,55,4000,4197.306240604222,29.712800052948296,30401.71859995462,4794.160175340289
1791155758,1000,,Aggregated,161.800000,0.100000,4100,4400,4900,7700,8800,12000,16000,18000,26000,30000,30000,141144,56,4100,4197.293102419553,29.712800052948296,30401.71859995462,4793.942073343535
1791155759,1000,,Aggregated,160.900000,0.100000,4100,4400,4900,7700,8800,12000,16000,18000,26000,30000,30000,141284,56,4100,4196.231764773114,29.712800052948296,30401.71859995462,4794.036416013137
1791155760,1000,,Aggregated,158.900000,0.100000,4100,4400,4900,7800,8800,12000,16000,18000,26000,30000,30000,141438,56,4100,4196.857883124799,29.712800052948296,30401.71859995462,4794.031568602497
1791155761,1000,,Aggregated,160.300000,0.200000,4100,4400,4900,7800,8800,12000,16000,18000,26000,30000,30000,141595,56,4100,4197.072579441398,29.712800052948296,30401.71859995462,4794.334729333663
1791155762,1000,,Aggregated,163.200000,0.200000,4100,4400,4900,7800,8800,12000,16000,18000,26000,30000,30000,141789,56,4100,4196.978252602847,29.712800052948296,30401.71859995462,4794.361741743012
1791155763,1000,,Aggregated,158.200000,0.200000,4100,4400,4900,7800,8800,12000,16000,18000,26000,30000,30000,141893,56,4100,4196.68077769661,29.712800052948296,30401.71859995462,4794.355056274799
1791155764,1000,,Aggregated,161.200000,0.200000,4100,4400,4900,7800,8800,12000,16000,18000,26000,30000,30000,142065,56,4100,4197.254212915953,29.712800052948296,30401.71859995462,4794.421201562665
1791155765,1000,,Aggregated,156.400000,0.200000,4100,4400,4900,7800,8800,12000,16000,18000,26000,30000,30000,142261,56,4100,4198.238442993541,29.712800052948296,30401.71859995462,4794.686927548661
1791155766,1000,,Aggregated,158.200000,0.200000,4100,4400,4900,7800,8800,12000,16000,18000,26000,30000,30000,142429,56,4100,4199.122309131597,29.712800052948296,30401.71859995462,4794.407747017813
1791155767,1000,,Aggregated,157.800000,0.200000,4100,4400,4900,7800,8800,12000,16000,18000,26000,30000,30000,142635,56,4100,4198.849931189423,29.712800052948296,30401.71859995462,4794.079552704456
1791155768,1000,,Aggregated,160.100000,0.100000,4100,4400,4900,7800,8800,12000,16000,18000,26000,30000,30000,142801,56,4100,4198.635613032152,29.712800052948296,30401.71859995462,4793.943949972339
1791155769,1000,,Aggregated,163.600000,0.100000,4100,4400,4900,7800,8800,12000,16000,18000,26000,30000,30000,142930,56,4100,4197.729874156613,29.712800052948296,30401.71859995462,4793.779311551109
1791155770,1000,,Aggregated,164.000000,0.100000,4100,4400,4900,7800,8800,12000,16000,18000,26000,30000,30000,143057,56,4100,4196.837081004809,29.712800052948296,30401.71859995462,4793.7979057298835
1791155771,1000,,Aggregated,163.600000,0.000000,4100,4400,4900,7800,8800,12000,16000,18000,26000,30000,30000,143249,56,4100,4197.15378505962,29.712800052948296,30401.71859995462,4793.768780235813
1791155772,1000,,Aggregated,161.100000,0.000000,4100,4400,4900,7800,8800,12000,16000,18000,26000,30000,30000,143410,56,4100,4196.805437403987,29.712800052948296,30401.71859995462,4794.003584129419
1791155773,1000,,Aggregated,163.400000,0.000000,4100,4400,4900,7800,8800,12000,16000,18000,26000,30000,30000,143515,56,4100,4196.265869620634,29.712800052948296,30401.71859995462,4794.176559941469
1791155774,1000,,Aggregated,162.000000,0.000000,4100,4400,4900,7800,8800,12000,16000,18000,26000,30000,30000,143632,56,4100,4196.8589834403565,29.712800052948296,30401.71859995462,4794.2450220006685
1791155775,1000,,Aggregated,163.500000,0.000000,4100,4400,4900,7800,8800,12000,16000,18000,26000,30000,30000,143775,56,4100,4197.0905028072,29.712800052948296,30401.71859995462,4794.266910102591
1791155776,1000,,Aggregated,155.200000,0.000000,4100,4400,4900,7800,8800,12000,16000,18000,26000,30000,30000,143970,56,4100,4198.915576507652,29.712800052948296,30401.71859995462,4794.191109258873
1791155777,1000,,Aggregated,151.700000,0.000000,4100,4400,4900,7800,8800,12000,16000,18000,26000,30000,30000,144155,56,4100,4199.4534268302,29.712800052948296,30401.71859995462,4794.135881516423
1791155778,1000,,Aggregated,151.000000,0.000000,4100,4400,4900,7800,8800,12000,16000,18000,26000,30000,30000,144331,56,4100,4198.702599665413,29.712800052948296,30401.71859995462,4794.428882222114
1791155779,1000,,Aggregated,151.200000,0.000000,4100,4400,4900,7800,8800,12000,16000,18000,26000,30000,30000,144499,56,4100,4200.454884451855,29.712800052948296,30401.71859995462,4794.473968677984
1791155780,1000,,Aggregated,150.900000,0.000000,4100,4400,4900,7800,8800,12000,16000,18000,26000,30000,30000,144581,56,4100,4200.636417088754,29.712800052948296,30401.71859995462,4794.573567757866
1791155781,1000,,Aggregated,155.000000,0.000000,4100,4400,4900,7800,8800,12000,16000,18000,26000,30000,30000,144727,56,4100,4201.716119308137,29.712800052948296,30401.71859995462,4794.829368397051
1791155782,1000,,Aggregated,150.800000,0.000000,4100,4400,4900,7800,8800,12000,16000,18000,26000,30000,30000,144932,56,4100,4203.441292798756,29.712800052948296,30401.71859995462,4794.860493196809
1791155783,1000,,Aggregated,152.400000,0.000000,4100,4400,4900,7800,8800,12000,16000,18000,26000,30000,30000,145132,56,4100,4203.731152109183,29.712800052948296,30401.71859995462,4794.735998952678
1791155785,1000,,Aggregated,157.000000,0.000000,4100,4400,4900,7800,8900,12000,16000,18000,26000,30000,30000,145434,56,4100,4205.857289002638,29.712800052948296,30401.71859995462,4794.797763934156
