Timestamp,User Count,Type,Name,Requests/s,Failures/s,50%,66%,75%,80%,90%,95%,98%,99%,99.9%,99.99%,100%,Total Request Count,Total Failure Count,Total Median Response Time,Total Average Response Time,Total Min Response Time,Total Max Response Time,Total Average Content Size
1791154212,0,,Aggregated,0.000000,0.000000,N/A,N/A,N/A,N/A,N/A,N/A,N/A,N/A,N/A,N/A,N/A,0,0,0,0.0,0,0,0
1791154213,10,,Aggregated,0.000000,0.000000,670,740,750,750,750,760,760,760,760,760,760,20,0,78,403.48595500108786,42.411600006744266,761.8690000381321,5566.6
1791154214,20,,Aggregated,0.000000,0.000000,220,510,530,740,750,750,760,760,760,760,760,42,0,220,320.08875714659337,13.136599911376834,761.8690000381321,5356.833333333333
1791154215,30,,Aggregated,20.000000,0.000000,130,360,410,520,740,750,750,760,760,760,760,67,0,130,266.8966597029522,9.875599993392825,761.8690000381321,5328.761194029851
1791154216,40,,Aggregated,20.500000,0.000000,130,310,410,530,610,750,750,750,760,760,760,103,0,130,257.39676893453645,9.875599993392825,761.8690000381321,5271.446601941748
1791154217,50,,Aggregated,21.666667,0.000000,150,330,460,530,610,740,750,750,760,760,760,136,0,130,258.48129853222736,9.875599993392825,761.8690000381321,5223.514705882353
1791154218,60,,Aggregated,25.250000,0.000000,130,350,420,530,610,740,750,750,760,760,760,176,0,120,253.6269681844384,9.875599993392825,761.8690000381321,5166.357954545455
1791154219,70,,Aggregated,26.600000,0.000000,200,360,460,530,620,670,750,750,760,760,760,221,0,200,269.75396923284677,9.875599993392825,761.8690000381321,5154.10407239819
1791154220,80,,Aggregated,28.000000,0.000000,170,350,450,520,610,660,750,750,760,760,760,266,0,160,260.1156650396428,9.572500013746321,761.8690000381321,5150.563909774436
1791154221,90,,Aggregated,30.428571,0.000000,130,310,410,480,600,660,740,750,760,760,760,328,0,130,238.0719887204156,8.245600038208067,761.8690000381321,5084.7286585365855
1791154222,100,,Aggregated,32.625000,0.000000,120,290,400,460,590,650,740,750,760,760,760,390,0,120,226.34552051402773,8.245600038208067,761.8690000381321,5094.261538461538
1791154223,110,,Aggregated,35.111111,0.000000,110,280,370,450,550,620,680,750,760,760,760,453,0,110,218.1322035332422,8.245600038208067,761.8690000381321,5128.019867549669
1791154224,130,,Aggregated,37.900000,0.000000,110,280,360,420,530,610,670,750,760,760,760,522,0,110,215.1425913802769,8.245600038208067,761.8690000381321,5071.517241379311
1791154225,140,,Aggregated,42.000000,0.000000,120,270,360,420,520,610,670,750,760,760,760,594,0,120,213.6067498319701,7.247400004416704,761.8690000381321,5042.777777777777
1791154226,150,,Aggregated,47.300000,0.000000,130,260,350,410,520,600,660,740,760,760,760,677,0,130,212.0699769563827,6.8032999988645315,761.8690000381321,4955.4460856720825
1791154227,160,,Aggregated,51.700000,0.000000,130,270,350,410,520,590,660,740,760,760,760,738,0,130,214.08473888757894,6.8032999988645315,761.8690000381321,4960.073170731707
1791154228,170,,Aggregated,55.800000,0.000000,140,280,380,420,520,590,660,740,760,760,760,836,0,140,219.6015720087177,6.8032999988645315,761.8690000381321,4965.44019138756
1791154229,180,,Aggregated,59.600000,0.000000,160,290,390,460,530,600,660,740,780,780,780,928,0,150,229.63885571090063,6.8032999988645315,781.7053999751806,4932.5
1791154230,190,,Aggregated,64.900000,0.000000,170,300,390,460,530,600,660,740,760,780,780,1017,0,170,232.87362615543995,6.8032999988645315,781.7053999751806,4957.025565388397
1791154231,200,,Aggregated,66.200000,0.000000,190,320,410,480,550,620,670,750,780,870,870,1066,0,180,243.69958592849605,6.8032999988645315,870.5963999964297,4938.9296435272045
1791154232,210,,Aggregated,71.100000,0.000000,210,360,480,510,620,680,840,1200,1800,1800,1800,1171,0,210,280.31393048664864,6.8032999988645315,1809.163400088437,4915.081981212639
1791154233,220,,Aggregated,72.700000,0.000000,210,360,480,520,640,750,1200,1500,2100,2500,2500,1305,0,210,294.8972235251775,6.8032999988645315,2454.5375999296084,4924.454406130269
1791154234,230,,Aggregated,72.500000,0.000000,220,370,480,520,640,740,1200,1500,2100,2500,2500,1394,0,220,300.0251713059034,6.8032999988645315,2454.5375999296084,4915.494978479196
1791154235,240,,Aggregated,82.100000,0.000000,220,360,470,510,630,730,1000,1400,2100,2500,2500,1512,0,220,294.7968834003732,6.8032999988645315,2454.5375999296084,4914.544312169312
1791154236,250,,Aggregated,0.000000,0.000000,340,1000,1300,1300,1300,1300,1300,1300,1300,1300,1300,9,0,340,712.857966673457,299.9109999509528,1284.3222999945283,5652.666666666667
1791154237,250,,Aggregated,0.000000,0.000000,300,1100,1100,1200,1300,2000,2000,2100,2100,2100,2100,82,0,290,613.242559753949,87.04609994310886,2139.092400087975,5112.231707317073
1791154238,250,,Aggregated,0.000000,0.000000,1100,1500,1600,1800,2300,2500,2700,2700,2800,2800,2800,149,0,1100,1018.3790442940073,87.04609994310886,2751.3720000861213,5037.214765100671
1791154239,250,,Aggregated,54.000000,0.000000,1400,1800,2000,2100,2800,3000,3500,3800,3900,3900,3900,255,0,1400,1284.5233541182881,81.93479990586638,3868.86690009851,4994.752941176471
1791154240,250,,Aggregated,58.500000,0.000000,1500,1700,1900,2100,3000,3200,3900,4200,5200,5200,5200,326,0,1500,1348.2813693263763,81.93479990586638,5173.863900010474,4965.89263803681
1791154241,250,,Aggregated,63.666667,0.000000,1200,1600,1900,2100,3000,3700,4200,5000,5300,5300,5300,471,0,1200,1309.2541806792817,62.64090002514422,5294.84039999079,4933.2335456475585
1791154242,250,,Aggregated,70.000000,0.000000,680,1500,1700,1900,2900,3400,4200,5000,5300,5300,5300,567,0,680,1129.4354880070543,62.64090002514422,5294.84039999079,4850.504409171076
1791154243,250,,Aggregated,77.800000,0.000000,440,1300,1600,1900,2800,3200,4100,4900,5300,5300,5300,639,0,440,1037.740374961212,62.64090002514422,5294.84039999079,4851.259780907668
1791154244,250,,Aggregated,83.333333,0.000000,380,870,1500,1600,2400,3000,3900,4200,5300,5300,5300,807,0,380,893.6933807917909,26.121800066903234,5294.84039999079,4779.426270136308
1791154245,250,,Aggregated,86.857143,0.000000,350,790,1400,1600,2300,3000,3900,4200,5300,5300,5300,849,0,350,855.155071258727,9.300199919380248,5294.84039999079,4772.7891637220255
1791154246,250,,Aggregated,88.750000,0.000000,390,710,1200,1500,2000,3000,3800,4200,5300,5300,5300,980,0,390,806.959995815806,9.300199919380248,5294.84039999079,4781.313265306122
1791154247,250,,Aggregated,93.444444,0.000000,340,620,1000,1300,2000,2900,3700,4200,5200,5300,5300,1125,0,340,737.5662769779769,7.098600035533309,5294.84039999079,4763.141333333333
1791154248,250,,Aggregated,89.800000,0.000000,340,620,940,1200,1900,2800,3700,4200,5200,5300,5300,1168,0,340,723.5233565930585,7.098600035533309,5294.84039999079,4766.8381849315065
1791154249,250,,Aggregated,100.100000,0.000000,360,610,870,1100,1800,2800,3500,4100,5200,5300,5300,1324,0,360,694.5588302121884,7.098600035533309,5294.84039999079,4741.9856495468275
1791154250,250,,Aggregated,102.800000,0.000000,340,590,800,1000,1700,2600,3400,4000,5200,5300,5300,1410,0,340,664.1811104973527,7.098600035533309,5294.84039999079,4729.0297872340425
1791154251,250,,Aggregated,104.200000,0.000000,350,580,770,970,1700,2500,3300,3900,5200,5300,5300,1514,0,350,648.5464917451249,7.098600035533309,5294.84039999079,4723.782034346103
1791154252,250,,Aggregated,111.200000,0.000000,320,550,710,890,1600,2300,3200,3900,5200,5300,5300,1661,0,320,615.2049202297034,7.098600035533309,5294.84039999079,4754.202889825407
1791154253,250,,Aggregated,103.400000,0.000000,320,550,690,870,1600,2300,3200,3900,5200,5300,5300,1713,0,320,605.2449934041971,7.098600035533309,5294.84039999079,4758.911850554583
1791154254,250,,Aggregated,107.500000,0.000000,320,530,680,820,1500,2100,3100,3800,5200,5300,5300,1863,0,320,587.0136799252908,7.098600035533309,5294.84039999079,4773.652173913043
1791154255,250,,Aggregated,107.600000,0.000000,300,500,660,800,1500,2100,3100,3800,5200,5300,5300,1939,0,300,567.7706823107181,7.098600035533309,5294.84039999079,4782.662197008767
1791154256,250,,Aggregated,106.100000,0.000000,320,540,670,790,1500,2000,3000,3700,5100,5300,5300,2048,0,320,565.6739462401674,7.098600035533309,5294.84039999079,4784.32080078125
1791154257,250,,Aggregated,107.800000,0.000000,320,530,660,790,1400,2000,3000,3700,5100,5300,5300,2184,0,320,554.3018376371876,6.545200012624264,5294.84039999079,4767.800824175824
1791154258,250,,Aggregated,105.100000,0.000000,300,510,650,770,1300,2000,3000,3700,5100,5300,5300,2237,0,300,542.6330781401983,6.545200012624264,5294.84039999079,4770.733571747876
1791154259,250,,Aggregated,105.700000,0.000000,320,540,660,760,1300,1900,3000,3700,5100,5300,5300,2363,0,320,540.4910365638543,6.545200012624264,5294.84039999079,4772.588235294118
1791154260,250,,Aggregated,107.000000,0.000000,320,540,660,770,1200,1900,3000,3600,5100,5300,5300,2493,0,320,538.0970940632765,6.545200012624264,5294.84039999079,4798.878860810269
1791154261,250,,Aggregated,102.900000,0.000000,300,520,640,740,1200,1900,3000,3500,5100,5300,5300,2582,0,300,522.260608752884,6.197800044901669,5294.84039999079,4800.992254066615
1791154262,250,,Aggregated,101.500000,0.000000,310,540,670,770,1200,1800,2900,3500,5100,5300,5300,2662,0,310,525.1955168293215,6.197800044901669,5294.84039999079,4800.003005259204
1791154263,250,,Aggregated,111.300000,0.000000,330,550,690,770,1200,1800,2900,3400,5100,5300,5300,2812,0,330,531.589163122389,6.197800044901669,5294.84039999079,4803.9164295874825
1791154264,250,,Aggregated,100.800000,0.000000,320,540,680,770,1200,1700,2800,3400,5100,5300,5300,2870,0,320,522.0684997909394,6.197800044901669,5294.84039999079,4808.502439024391
1791154265,250,,Aggregated,102.500000,0.000000,330,540,670,750,1200,1700,2800,3300,5100,5300,5300,2993,0,330,517.9946732040569,6.197800044901669,5294.84039999079,4802.064483795523
1791154266,250,,Aggregated,107.400000,0.000000,320,530,660,740,1100,1700,2800,3200,5000,5300,5300,3131,0,320,509.345446630763,6.197800044901669,5294.84039999079,4799.3002235707445
1791154267,250,,Aggregated,96.800000,0.000000,320,530,660,740,1100,1700,2800,3200,5000,5300,5300,3174,0,320,503.95273667325637,6.163300015032291,5294.84039999079,4796.823566477631
1791154268,250,,Aggregated,108.400000,0.000000,330,530,660,740,1100,1600,2800,3200,5000,5300,5300,3323,0,330,504.0875771590569,6.163300015032291,5294.84039999079,4805.271441468552
1791154269,250,,Aggregated,105.000000,0.000000,320,520,650,730,1100,1600,2700,3200,5000,5300,5300,3428,0,320,495.59566443963297,6.163300015032291,5294.84039999079,4812.794049008168
1791154270,250,,Aggregated,99.600000,0.000000,320,520,650,730,1100,1600,2700,3200,5000,5300,5300,3486,0,320,495.04184859406206,6.163300015032291,5294.84039999079,4811.957257601836
1791154271,250,,Aggregated,111.100000,0.000000,330,530,650,730,1100,1600,2600,3100,5000,5300,5300,3635,0,330,496.2329299584994,6.163300015032291,5294.84039999079,4814.281705639615
1791154272,250,,Aggregated,102.800000,0.000000,320,520,650,730,1100,1600,2600,3100,5000,5300,5300,3748,0,320,489.05381128582565,6.036100094206631,5294.84039999079,4810.340715048025
1791154273,250,,Aggregated,98.400000,0.000000,320,520,640,730,1100,1500,2500,3100,5000,5300,5300,3791,0,320,484.2896147453185,6.036100094206631,5294.84039999079,4811.25085729359
1791154274,250,,Aggregated,109.700000,0.000000,320,530,660,730,1100,1500,2500,3100,5000,5300,5300,3934,0,320,486.1219725720125,6.036100094206631,5294.84039999079,4809.131926792069
1791154275,250,,Aggregated,106.600000,0.000000,320,530,660,730,1100,1500,2400,3000,5000,5300,5300,4060,0,320,484.3412806644974,6.036100094206631,5294.84039999079,4814.482019704434
1791154276,250,,Aggregated,97.200000,0.000000,320,530,650,730,1100,1500,2400,3000,5000,5300,5300,4091,0,320,482.39626687798517,6.036100094206631,5294.84039999079,4813.280615986311
1791154277,250,,Aggregated,108.900000,0.000000,330,550,670,730,1100,1500,2300,3000,5000,5300,5300,4247,0,330,486.390758205189,6.036100094206631,5294.84039999079,4813.572168589592
1791154278,250,,Aggregated,104.500000,0.000000,330,550,670,730,1100,1500,2300,3000,5000,5300,5300,4365,0,330,485.0351401369748,6.036100094206631,5294.84039999079,4809.5340206185565
1791154279,250,,Aggregated,96.100000,0.000000,330,550,660,730,1100,1500,2300,3000,5000,5300,5300,4395,0,330,481.93470716674574,5.499099963344634,5294.84039999079,4808.032081911263
1791154280,250,,Aggregated,107.000000,0.000000,340,560,660,730,1100,1500,2200,3000,5000,5300,5300,4578,0,340,482.7605333768839,5.499099963344634,5294.84039999079,4805.928571428572
1791154281,250,,Aggregated,100.600000,0.000000,330,550,660,720,1100,1500,2200,3000,5000,5300,5300,4639,0,330,479.0998979735472,5.499099963344634,5294.84039999079,4803.77689157146
1791154282,250,,Aggregated,99.600000,0.000000,320,540,650,710,1000,1500,2100,3000,5000,5300,5300,4798,0,320,471.8063095036986,5.499099963344634,5294.84039999079,4805.048145060442
1791154283,250,,Aggregated,109.600000,0.000000,320,540,650,710,1000,1500,2100,3000,5000,5300,5300,4837,0,320,468.9315547650622,5.499099963344634,5294.84039999079,4806.848459789126
1791154284,250,,Aggregated,99.200000,0.000000,330,550,650,710,1000,1400,2000,3000,5000,5300,5300,5002,0,330,470.8772031185147,5.499099963344634,5294.84039999079,4797.452019192323
1791154285,250,,Aggregated,104.800000,0.000000,320,550,650,710,1000,1400,2000,3000,5000,5300,5300,5070,0,320,467.46615226792915,5.499099963344634,5294.84039999079,4797.583629191321
1791154286,250,,Aggregated,105.000000,0.000000,320,550,650,710,1000,1400,2000,2900,5000,5300,5300,5221,0,320,465.770458053808,5.499099963344634,5294.84039999079,4799.406435548745
1791154287,250,,Aggregated,105.700000,0.000000,320,540,640,700,1000,1400,2000,2900,5000,5300,5300,5331,0,320,460.8407286998993,5.499099963344634,5294.84039999079,4793.70793472144
1791154288,250,,Aggregated,99.900000,0.000000,320,530,640,700,1000,1400,2000,2900,5000,5300,5300,5382,0,320,459.0786360832586,5.499099963344634,5294.84039999079,4795.593831289483
1791154289,250,,Aggregated,111.000000,0.000000,320,530,640,700,1000,1300,2000,2900,5000,5300,5300,5549,0,320,458.87517185078553,5.499099963344634,5294.84039999079,4789.927734726978
1791154290,250,,Aggregated,105.800000,0.000000,320,530,640,700,1000,1300,2000,2900,5000,5300,5300,5598,0,320,455.81426579134126,5.499099963344634,5294.84039999079,4790.733833511968
1791154291,250,,Aggregated,100.900000,0.000000,320,540,640,700,1000,1300,1900,2800,5000,5300,5300,5707,0,320,457.2209398108723,5.499099963344634,5294.84039999079,4795.05712283161
1791154292,250,,Aggregated,112.500000,0.000000,320,530,640,700,1000,1300,1900,2800,5000,5300,5300,5868,0,320,453.90978708248883,5.499099963344634,5294.84039999079,4794.016019086571
1791154294,250,,Aggregated,98.500000,0.000000,320,530,640,700,1000,1300,1900,2800,5000,5300,5300,5904,0,320,451.6456849423652,5.499099963344634,5294.84039999079,4790.17090108401
1791154295,250,,Aggregated,104.700000,0.000000,320,540,650,710,990,1300,1900,2800,4900,5300,5300,6003,0,320,453.14745472274956,5.499099963344634,5294.84039999079,4795.464267866067
1791154296,250,,Aggregated,103.700000,0.000000,320,550,650,710,1000,1300,1900,2800,4900,5300,5300,6170,0,320,457.5518979903988,5.499099963344634,5294.84039999079,4798.397893030794
1791154297,250,,Aggregated,96.800000,0.000000,320,540,650,710,1000,1300,1900,2800,4900,5300,5300,6231,0,320,455.7699792008347,5.499099963344634,5294.84039999079,4798.6974803402345
1791154298,250,,Aggregated,109.100000,0.000000,310,530,640,700,1000,1300,1900,2800,4900,5300,5300,6376,0,310,451.3441844887842,5.499099963344634,5294.84039999079,4798.815401505646
1791154299,250,,Aggregated,99.000000,0.000000,310,530,630,690,990,1300,1900,2800,4900,5300,5300,6471,0,310,447.8572022253735,5.499099963344634,5294.84039999079,4795.836192242312
1791154300,250,,Aggregated,103.100000,0.000000,310,530,630,690,980,1300,1900,2800,4900,5300,5300,6562,0,310,445.9215572233508,5.499099963344634,5294.84039999079,4796.12877171594
1791154301,250,,Aggregated,107.700000,0.000000,300,520,620,690,970,1300,1800,2800,4900,5300,5300,6710,0,300,440.90894718323773,5.499099963344634,5294.84039999079,4793.525782414307
1791154302,250,,Aggregated,107.700000,0.000000,290,520,620,690,970,1300,1800,2800,4900,5300,5300,6762,0,290,437.80691091390133,5.499099963344634,5294.84039999079,4793.28512274475
1791154303,250,,Aggregated,110.100000,0.000000,300,520,620,680,950,1300,1800,2700,4900,5300,5300,6932,0,300,436.4494594058098,5.499099963344634,5294.84039999079,4791.907097518753
1791154304,250,,Aggregated,105.000000,0.000000,290,510,620,680,940,1300,1800,2600,4400,5300,5300,7020,0,290,433.51886858994493,5.499099963344634,5294.84039999079,4790.850284900285
1791154305,250,,Aggregated,104.600000,0.000000,290,510,610,680,930,1200,1800,2600,4400,5300,5300,7144,0,290,428.8349431553675,5.499099963344634,5294.84039999079,4791.803051511758
1791154306,250,,Aggregated,109.800000,0.000000,280,500,610,670,920,1200,1800,2600,4400,5300,5300,7240,0,280,425.86404795599884,5.499099963344634,5294.84039999079,4786.680110497237
1791154307,250,,Aggregated,109.800000,0.000000,280,500,600,670,910,1200,1800,2600,4400,5300,5300,7337,0,280,422.4169185772006,5.499099963344634,5294.84039999079,4787.54586343192
1791154308,250,,Aggregated,105.200000,0.000000,280,490,600,670,900,1200,1800,2600,4400,5300,5300,7482,0,280,419.5140599574157,5.499099963344634,5294.84039999079,4785.074578989575
1791154309,250,,Aggregated,111.400000,0.000000,280,490,600,660,890,1200,1800,2500,4400,5300,5300,7594,0,280,417.07610953393487,5.499099963344634,5294.84039999079,4785.989597050303
1791154310,250,,Aggregated,111.400000,0.000000,270,480,590,660,880,1200,1800,2500,4400,5300,5300,7682,0,270,413.90200508980587,5.499099963344634,5294.84039999079,4783.195001301744
1791154311,250,,Aggregated,111.900000,0.000000,270,480,590,650,880,1200,1800,2500,4400,5300,5300,7798,0,270,410.59132777630975,5.499099963344634,5294.84039999079,4787.4688381636315
1791154312,250,,Aggregated,112.800000,0.000000,260,470,580,650,860,1200,1700,2500,4400,5300,5300,7940,0,260,406.20686556677384,5.499099963344634,5294.84039999079,4788.295214105793
1791154313,250,,Aggregated,108.400000,0.000000,250,460,580,640,850,1200,1700,2400,4200,5300,5300,8050,0,250,402.3688378011206,5.499099963344634,5294.84039999079,4785.2465838509315
1791154314,250,,Aggregated,115.800000,0.000000,250,460,580,640,840,1200,1700,2400,4200,5300,5300,8179,0,250,399.6429809266723,5.499099963344634,5294.84039999079,4785.497738109793
1791154315,250,,Aggregated,112.600000,0.000000,250,460,570,640,840,1200,1700,2300,4200,5300,5300,8246,0,250,398.8375758185736,5.362399970181286,5294.84039999079,4785.874484598593
1791154316,250,,Aggregated,115.300000,0.000000,250,450,570,630,830,1200,1700,2300,4200,5300,5300,8369,0,250,396.173804014856,5.362399970181286,5294.84039999079,4789.146612498506
1791154317,250,,Aggregated,110.700000,0.000000,240,450,570,630,830,1200,1700,2300,4200,5300,5300,8503,0,240,393.2225097964879,5.362399970181286,5294.84039999079,4790.429142655534
1791154318,250,,Aggregated,114.400000,0.000000,250,450,570,620,820,1200,1700,2300,4200,5300,5300,8611,0,250,392.5484427591718,5.362399970181286,5294.84039999079,4791.862036929509
1791154319,250,,Aggregated,116.100000,0.000000,240,440,560,620,820,1200,1700,2300,4200,5300,5300,8696,0,240,390.61908133611985,5.362399970181286,5294.84039999079,4791.577966881325
1791154320,250,,Aggregated,110.300000,0.000000,250,440,560,620,820,1200,1700,2200,4200,5300,5300,8828,0,250,389.4539868824809,5.362399970181286,5294.84039999079,4793.66062528319
1791154321,250,,Aggregated,109.300000,0.000000,240,440,560,620,820,1200,1700,2200,4200,5300,5300,8935,0,240,387.23770411845106,5.362399970181286,5294.84039999079,4792.441410184667
1791154322,250,,Aggregated,109.300000,0.000000,240,440,560,620,810,1200,1700,2200,4200,5300,5300,9019,0,240,384.69184860835725,5.362399970181286,5294.84039999079,4792.648630668588
1791154323,250,,Aggregated,112.400000,0.000000,240,440,550,610,810,1100,1600,2200,4200,5300,5300,9193,0,240,384.03435471536767,5.362399970181286,5294.84039999079,4791.531708908952
1791154324,250,,Aggregated,109.900000,0.000000,240,440,550,610,800,1100,1600,2200,4200,5300,5300,9271,0,240,382.6387247544619,5.362399970181286,5294.84039999079,4791.723007226837
1791154325,250,,Aggregated,111.100000,0.000000,240,430,550,610,800,1100,1600,2100,4200,5300,5300,9366,0,240,380.3907479391594,5.362399970181286,5294.84039999079,4792.672111894085
1791154326,250,,Aggregated,107.700000,0.000000,230,430,550,600,790,1100,1600,2100,4200,5300,5300,9518,0,230,377.09695606194117,5.362399970181286,5294.84039999079,4794.622819920151
1791154327,250,,Aggregated,112.800000,0.000000,230,420,540,600,790,1100,1600,2100,4200,5300,5300,9624,0,230,374.9205667807569,5.362399970181286,5294.84039999079,4795.282730673317
1791154328,250,,Aggregated,114.300000,0.000000,230,420,540,600,790,1100,1600,2000,4200,5300,5300,9755,0,230,374.3192219371115,5.362399970181286,5294.84039999079,4796.491132752435
1791154329,250,,Aggregated,111.900000,0.000000,230,420,540,600,790,1100,1600,2000,4200,5300,5300,9854,0,230,373.4533363504631,5.362399970181286,5294.84039999079,4795.766998173331
1791154330,250,,Aggregated,112.200000,0.000000,230,420,540,600,780,1100,1600,2000,4200,5300,5300,9944,0,230,371.8444081252795,5.362399970181286,5294.84039999079,4795.70082461786
1791154331,250,,Aggregated,111.800000,0.000000,230,420,530,590,780,1100,1600,2000,4200,5200,5300,10089,0,230,370.20122015047315,5.296099931001663,5294.84039999079,4801.319258598473
1791154332,250,,Aggregated,111.800000,0.000000,230,420,530,590,780,1100,1600,2000,4200,5200,5300,10181,0,230,369.3110845985338,5.296099931001663,5294.84039999079,4800.304586975739
1791154333,250,,Aggregated,113.700000,0.000000,230,410,530,590,780,1100,1600,2000,4200,5200,5300,10259,0,230,367.56102312087523,5.296099931001663,5294.84039999079,4803.5760795399165
1791154334,250,,Aggregated,110.800000,0.000000,230,420,530,590,770,1100,1600,2000,4200,5200,5300,10416,0,230,367.2146046655983,5.296099931001663,5294.84039999079,4803.0336981566825
1791154335,250,,Aggregated,110.100000,0.000000,230,420,530,590,770,1100,1600,2000,4200,5200,5300,10518,0,230,366.57671383317086,5.296099931001663,5294.84039999079,4804.2569880205365
1791154336,250,,Aggregated,114.500000,0.000000,230,410,520,590,770,1100,1500,2000,4200,5200,5300,10621,0,230,363.74172556230303,5.296099931001663,5294.84039999079,4803.134450616702
1791154337,250,,Aggregated,110.500000,0.000000,230,410,520,580,760,1100,1500,2000,4200,5200,5300,10774,0,230,362.77982918113395,5.296099931001663,5294.84039999079,4800.430944867273
1791154338,250,,Aggregated,110.000000,0.000000,230,410,520,580,760,1100,1500,2000,4200,5200,5300,10868,0,230,361.94454088130254,5.296099931001663,5294.84039999079,4797.269506808981
1791154339,250,,Aggregated,109.500000,0.000000,230,410,520,580,760,1100,1500,2000,4200,5200,5300,10972,0,230,360.09442676786495,5.296099931001663,5294.84039999079,4796.250091141086
1791154340,250,,Aggregated,109.500000,0.000000,230,410,520,580,760,1100,1500,2000,4200,5200,5300,11099,0,230,360.010329768187,5.296099931001663,5294.84039999079,4793.3504820254075
1791154341,250,,Aggregated,112.700000,0.000000,230,410,510,580,750,1100,1500,2000,4200,5200,5300,11185,0,230,359.0995566649146,5.296099931001663,5294.84039999079,4793.849441215914
1791154342,250,,Aggregated,111.200000,0.000000,230,400,510,570,750,1100,1500,2000,4200,5200,5300,11300,0,230,356.7633890351116,5.296099931001663,5294.84039999079,4790.999203539823
1791154343,250,,Aggregated,109.300000,0.000000,230,400,510,570,740,1000,1500,1900,4200,5200,5300,11433,0,230,356.1433330530979,5.296099931001663,5294.84039999079,4792.608764103909
1791154344,250,,Aggregated,115.500000,0.000000,230,400,510,570,740,1000,1500,1900,4200,5200,5300,11520,0,230,355.41145908828184,5.296099931001663,5294.84039999079,4792.641753472222
1791154345,250,,Aggregated,111.300000,0.000000,230,400,500,570,740,1000,1500,1900,4200,5200,5300,11621,0,230,353.58518543980165,5.296099931001663,5294.84039999079,4794.533516909044
1791154346,250,,Aggregated,109.300000,0.000000,230,390,500,570,740,1000,1500,1900,4200,5200,5300,11786,0,230,351.8365564818699,5.296099931001663,5294.84039999079,4796.698880027151
1791154347,250,,Aggregated,114.900000,0.000000,230,390,500,570,740,1000,1500,1900,4200,5200,5300,11852,0,230,350.51052316868396,4.42110002040863,5294.84039999079,4795.454775565306
1791154348,250,,Aggregated,112.300000,0.000000,220,390,490,560,730,1000,1500,1900,4200,5200,5300,11982,0,220,348.88573802333985,4.42110002040863,5294.84039999079,4795.562426973794
1791154349,250,,Aggregated,112.200000,0.000000,220,390,490,560,730,1000,1500,1900,4100,5200,5300,12111,0,220,347.1509034675571,4.42110002040863,5294.84039999079,4794.430352572042
1791154350,250,,Aggregated,116.500000,0.000000,220,390,490,560,730,1000,1500,1900,4100,5200,5300,12235,0,220,346.36924952964335,4.42110002040863,5294.84039999079,4795.542705353494
1791154351,250,,Aggregated,115.600000,0.000000,220,390,490,560,730,1000,1500,1900,4100,5200,5300,12347,0,220,345.20185162351413,4.42110002040863,5294.84039999079,4794.606544099781
1791154352,250,,Aggregated,113.100000,0.000000,220,380,490,560,720,1000,1500,1900,4100,5200,5300,12464,0,220,342.48276661543264,4.110499983653426,5294.84039999079,4793.08993902439
1791154353,250,,Aggregated,114.400000,0.000000,220,380,490,550,720,1000,1500,1900,4100,5200,5300,12555,0,220,342.40370214211504,4.110499983653426,5294.84039999079,4794.446754281163
1791154354,250,,Aggregated,113.700000,0.000000,220,380,490,550,720,1000,1500,1900,4100,5200,5300,12697,0,220,341.58195268919377,4.110499983653426,5294.84039999079,4794.272899110026
1791154355,250,,Aggregated,111.100000,0.000000,220,380,480,550,720,1000,1500,1900,4100,5200,5300,12802,0,220,340.445760935362,4.110499983653426,5294.84039999079,4793.993282299641
1791154356,250,,Aggregated,119.500000,0.000000,220,380,480,550,720,1000,1500,1900,4100,5200,5300,12886,0,220,339.49984944083195,4.110499983653426,5294.84039999079,4791.777743287288
1791154357,250,,Aggregated,112.300000,0.000000,220,380,480,550,720,990,1400,1900,4100,5200,5300,13025,0,220,338.78223280568074,4.110499983653426,5294.84039999079,4788.309251439539
1791154358,250,,Aggregated,114.500000,0.000000,220,380,480,550,720,990,1400,1900,4100,5200,5300,13146,0,220,338.6964981206709,4.110499983653426,5294.84039999079,4789.54640194736
1791154359,250,,Aggregated,115.600000,0.000000,220,380,480,550,710,990,1400,1900,4100,5200,5300,13211,0,220,338.61338964459503,4.110499983653426,5294.84039999079,4791.062296571039
1791154360,250,,Aggregated,110.400000,0.000000,220,380,480,550,710,980,1400,1900,4100,5200,5300,13378,0,220,338.5236245697547,4.110499983653426,5294.84039999079,4790.41941994319
1791154361,250,,Aggregated,111.800000,0.000000,220,380,480,550,710,980,1400,1800,4100,5200,5300,13457,0,220,337.6401356538752,4.110499983653426,5294.84039999079,4792.419781526343
1791154362,250,,Aggregated,112.500000,0.000000,220,380,480,550,710,980,1400,1800,4100,5200,5300,13539,0,220,336.66140276940257,4.110499983653426,5294.84039999079,4792.181328015363
1791154363,250,,Aggregated,112.500000,0.000000,220,380,470,540,710,970,1400,1800,4100,5200,5300,13717,0,220,335.2061200768759,4.110499983653426,5294.84039999079,4795.4030764744475
1791154364,250,,Aggregated,110.800000,0.000000,220,380,470,540,710,970,1400,1800,4100,5200,5300,13807,0,220,334.8337969214778,4.110499983653426,5294.84039999079,4794.598609401029
1791154365,250,,Aggregated,114.700000,0.000000,220,380,470,540,710,960,1400,1800,4100,5200,5300,13898,0,220,334.1000858321029,4.110499983653426,5294.84039999079,4794.375161893798
1791154366,250,,Aggregated,106.300000,0.000000,220,370,470,540,700,960,1400,1800,4000,5200,5300,14018,0,220,332.93662883399213,4.110499983653426,5294.84039999079,4795.302396918248
1791154367,250,,Aggregated,112.400000,0.000000,220,380,470,540,700,950,1400,1800,4000,5200,5300,14119,0,220,332.8354895739381,4.110499983653426,5294.84039999079,4797.016502585169
1791154368,250,,Aggregated,111.400000,0.000000,220,380,470,540,700,950,1400,1800,4000,5200,5300,14264,0,220,331.7528514018028,4.110499983653426,5294.84039999079,4794.9448261357265
1791154369,250,,Aggregated,108.400000,0.000000,220,380,470,530,700,940,1400,1800,4000,5200,5300,14368,0,220,331.36625178832077,4.110499983653426,5294.84039999079,4796.450932628062
1791154370,250,,Aggregated,113.600000,0.000000,220,370,470,530,690,940,1400,1800,4000,5200,5300,14473,0,220,330.05729114179996,4.110499983653426,5294.84039999079,4795.5580045602155
1791154371,250,,Aggregated,107.800000,0.000000,220,370,470,530,690,930,1400,1800,4000,5200,5300,14608,0,220,328.6999376024397,4.110499983653426,5294.84039999079,4794.813732201534
1791154372,250,,Aggregated,117.200000,0.000000,220,370,460,530,690,930,1400,1800,4000,5200,5300,14721,0,220,328.44077089846064,4.110499983653426,5294.84039999079,4796.089396100809
1791154373,250,,Aggregated,112.300000,0.000000,220,370,460,530,690,920,1400,1800,4000,5200,5300,14805,0,220,326.99564544388716,4.110499983653426,5294.84039999079,4797.9483958122255
1791154374,250,,Aggregated,108.800000,0.000000,220,370,460,530,690,920,1400,1800,4000,5200,5300,14948,0,220,326.39616927323004,4.110499983653426,5294.84039999079,4800.270604763179
1791154375,250,,Aggregated,114.400000,0.000000,220,370,460,530,690,910,1400,1800,3900,5200,5300,15060,0,220,325.78567705819216,4.110499983653426,5294.84039999079,4798.060889774237
1791154376,250,,Aggregated,111.500000,0.000000,220,370,460,530,690,910,1300,1800,3900,5200,5300,15177,0,220,325.3887504840532,4.110499983653426,5294.84039999079,4796.527179284443
1791154377,250,,Aggregated,109.600000,0.000000,220,370,460,520,680,910,1300,1800,3900,5200,5300,15241,0,220,324.6512761036977,4.110499983653426,5294.84039999079,4796.476018633948
1791154378,250,,Aggregated,107.600000,0.000000,220,370,460,520,680,900,1300,1800,3900,5200,5300,15413,0,220,324.50285050906666,4.110499983653426,5294.84039999079,4799.3505482385
1791154379,250,,Aggregated,114.100000,0.000000,220,370,460,520,680,900,1300,1800,3900,5200,5300,15506,0,220,323.76637948510813,4.110499983653426,5294.84039999079,4799.056171804463
1791154380,250,,Aggregated,109.200000,0.000000,210,360,460,520,680,890,1300,1800,3900,5200,5300,15591,0,210,322.6288858313229,4.110499983653426,5294.84039999079,4798.300878712077
1791154381,250,,Aggregated,116.400000,0.000000,210,360,460,520,680,890,1300,1700,3900,5200,5300,15741,0,210,321.8203116254745,4.110499983653426,5294.84039999079,4797.421891874722
1791154382,250,,Aggregated,111.700000,0.000000,210,360,450,520,680,880,1300,1700,3900,5200,5300,15847,0,210,320.99282259711936,4.110499983653426,5294.84039999079,4797.91468416735
1791154383,250,,Aggregated,112.000000,0.000000,210,360,450,520,680,880,1300,1700,3900,5200,5300,15944,0,210,320.49760738814786,4.110499983653426,5294.84039999079,4798.740215755143
1791154384,250,,Aggregated,113.500000,0.000000,210,360,450,520,680,880,1300,1700,3900,5200,5300,16072,0,210,320.43255587964774,4.110499983653426,5294.84039999079,4796.863427078149
1791154385,250,,Aggregated,111.100000,0.000000,220,360,460,520,680,880,1300,1700,3900,5200,5300,16198,0,220,320.8276187552682,4.110499983653426,5294.84039999079,4796.568650450673
1791154386,250,,Aggregated,112.100000,0.000000,220,360,450,520,670,870,1300,1700,3900,5200,5300,16272,0,220,320.2389001228122,4.110499983653426,5294.84039999079,4797.722406588004
1791154387,250,,Aggregated,111.500000,0.000000,210,360,450,510,670,870,1300,1700,3900,5200,5300,16387,0,210,319.1115299016458,4.110499983653426,5294.84039999079,4797.9883444193565
1791154388,250,,Aggregated,117.300000,0.000000,210,360,450,510,670,870,1300,1700,3900,5200,5300,16533,0,210,318.6299974413805,4.110499983653426,5294.84039999079,4797.750680457268
1791154389,250,,Aggregated,109.800000,0.000000,210,360,450,510,670,860,1300,1700,3900,5200,5300,16643,0,210,318.24986573926293,4.110499983653426,5294.84039999079,4798.97350237337
1791154390,250,,Aggregated,109.800000,0.000000,210,360,450,510,670,860,1300,1700,3900,5200,5300,16737,0,210,317.69769577579615,4.110499983653426,5294.84039999079,4799.046244846747
1791154391,250,,Aggregated,109.900000,0.000000,210,360,450,510,670,850,1300,1700,3900,5200,5300,16851,0,210,316.8617341760043,4.110499983653426,5294.84039999079,4797.570707969853
1791154392,250,,Aggregated,110.100000,0.000000,210,360,450,510,670,850,1300,1700,3900,5200,5300,16930,0,210,316.7294131954915,4.110499983653426,5294.84039999079,4797.082516243355
1791154393,250,,Aggregated,113.100000,0.000000,210,360,450,510,670,850,1300,1700,3900,5200,5300,17099,0,210,316.00013000753654,4.110499983653426,5294.84039999079,4797.252295455874
1791154394,250,,Aggregated,114.000000,0.000000,210,360,450,510,660,840,1300,1700,3900,5200,5300,17196,0,210,315.3600811002037,4.110499983653426,5294.84039999079,4794.297220283787
1791154395,250,,Aggregated,108.500000,0.000000,210,360,450,510,660,840,1300,1700,3900,5200,5300,17276,0,210,315.3326456818125,4.110499983653426,5294.84039999079,4794.377981014124
1791154396,250,,Aggregated,114.100000,0.000000,210,360,450,510,660,840,1300,1700,3900,5200,5300,17423,0,210,315.19416456400575,4.110499983653426,5294.84039999079,4795.941858462951
1791154397,250,,Aggregated,113.000000,0.000000,210,360,450,510,660,840,1300,1700,3900,5200,5300,17512,0,210,314.4859181646346,4.110499983653426,5294.84039999079,4795.152523983554
1791154398,250,,Aggregated,106.700000,0.000000,210,360,450,510,660,840,1300,1700,3900,5200,5300,17642,0,210,314.4558900067697,4.110499983653426,5294.84039999079,4796.680194989231
1791154399,250,,Aggregated,111.300000,0.000000,210,360,450,510,660,840,1300,1700,3900,5200,5300,17715,0,210,313.5775735421919,4.110499983653426,5294.84039999079,4795.924414338131
1791154400,250,,Aggregated,111.900000,0.000000,210,360,450,500,660,840,1300,1700,3900,5200,5300,17840,0,210,313.0074139125593,4.110499983653426,5294.84039999079,4796.418778026906
1791154401,250,,Aggregated,113.000000,0.000000,210,360,450,500,660,830,1200,1700,3900,5200,5300,17947,0,210,312.74506598321426,4.110499983653426,5294.84039999079,4794.888505042625
1791154402,250,,Aggregated,107.300000,0.000000,210,360,450,500,660,840,1200,1700,3800,5200,5300,18077,0,210,312.7282463130715,4.110499983653426,5294.84039999079,4794.127842009183
1791154403,250,,Aggregated,108.100000,0.000000,210,360,450,500,650,830,1200,1600,3800,5200,5300,18218,0,210,312.16681181262715,4.110499983653426,5294.84039999079,4794.434954440663
1791154404,250,,Aggregated,108.300000,0.000000,210,360,450,500,650,830,1200,1600,3800,5200,5300,18298,0,210,312.20093844149005,4.110499983653426,5294.84039999079,4793.238332058148
1791154405,250,,Aggregated,111.500000,0.000000,210,360,450,500,650,830,1200,1600,3800,5200,5300,18381,0,210,311.7418309940901,4.110499983653426,5294.84039999079,4793.05092214787
1791154406,250,,Aggregated,112.100000,0.000000,210,360,450,500,650,830,1200,1600,3800,5200,5300,18536,0,210,310.98332439049744,4.110499983653426,5294.84039999079,4795.84667673716
1791154407,250,,Aggregated,111.200000,0.000000,210,350,450,500,650,830,1200,1600,3800,5200,5300,18658,0,210,309.93620008052886,4.110499983653426,5294.84039999079,4795.215510772859
1791154408,250,,Aggregated,109.200000,0.000000,210,360,450,500,650,820,1200,1600,3800,5200,5300,18762,0,210,309.99171334621514,4.110499983653426,5294.84039999079,4796.294904594393
1791154409,250,,Aggregated,111.200000,0.000000,210,360,450,500,650,820,1200,1600,3800,5200,5300,18846,0,210,309.68706353613277,4.110499983653426,5294.84039999079,4795.369574445505
1791154410,250,,Aggregated,114.700000,0.000000,210,350,440,500,650,820,1200,1600,3800,5200,5300,18978,0,210,308.6333064391201,4.110499983653426,5294.84039999079,4794.579196964907
1791154411,250,,Aggregated,110.700000,0.000000,210,350,440,500,640,820,1200,1600,3800,5200,5300,19104,0,210,307.95026491838047,4.110499983653426,5294.84039999079,4794.543498743718
1791154412,250,,Aggregated,110.800000,0.000000,210,350,440,490,640,820,1200,1600,3800,5200,5300,19193,0,210,307.20338125360206,4.110499983653426,5294.84039999079,4794.666388787578
1791154413,250,,Aggregated,111.400000,0.000000,210,350,440,490,640,820,1200,1600,3800,5200,5300,19334,0,210,307.02197869040634,4.110499983653426,5294.84039999079,4795.794662253025
1791154415,250,,Aggregated,111.300000,0.000000,210,350,440,490,640,820,1200,1600,3800,5200,5300,19424,0,210,307.1759623198467,4.110499983653426,5294.84039999079,4793.7390856672155
1791154416,250,,Aggregated,110.800000,0.000000,210,350,440,490,640,820,1200,1600,3800,5200,5300,19529,0,210,306.40462565422877,4.110499983653426,5294.84039999079,4796.360079881202
1791154417,250,,Aggregated,110.800000,0.000000,210,350,440,490,640,810,1200,1600,3800,5200,5300,19671,0,210,306.9739941793411,4.110499983653426,5294.84039999079,4796.108789588735
1791154418,250,,Aggregated,112.900000,0.000000,210,350,440,490,640,810,1200,1600,3800,5200,5300,19759,0,210,306.7389053647292,4.110499983653426,5294.84039999079,4795.238119338023
1791154419,250,,Aggregated,112.700000,0.000000,210,350,440,490,640,810,1200,1600,3800,5200,5300,19865,0,210,306.2973995923573,4.110499983653426,5294.84039999079,4794.345028945381
1791154420,250,,Aggregated,109.100000,0.000000,210,350,440,490,640,810,1200,1600,3800,5200,5300,19996,0,210,305.48672522516944,4.110499983653426,5294.84039999079,4793.5281556311265
1791154421,250,,Aggregated,109.100000,0.000000,210,350,440,490,640,810,1200,1600,3700,5100,5300,20069,0,210,305.5030311028627,4.110499983653426,5294.84039999079,4793.080223229857
1791154422,250,,Aggregated,108.400000,0.000000,210,350,440,490,640,810,1200,1600,3700,5100,5300,20201,0,210,305.16448294652656,4.110499983653426,5294.84039999079,4793.249146081877
1791154423,250,,Aggregated,109.100000,0.000000,210,350,440,490,640,810,1200,1600,3700,5100,5300,20324,0,210,304.5187773618898,4.110499983653426,5294.84039999079,4793.965951584334
1791154424,250,,Aggregated,109.700000,0.000000,210,350,440,490,630,810,1200,1600,3700,5100,5300,20420,0,210,304.53592607263823,4.110499983653426,5294.84039999079,4795.290646425074
1791154425,250,,Aggregated,109.700000,0.000000,210,350,440,490,630,810,1200,1600,3700,5100,5300,20519,0,210,304.32085527575504,4.110499983653426,5294.84039999079,4794.043715580681
1791154426,250,,Aggregated,107.000000,0.000000,210,350,440,490,630,800,1200,1600,3700,5100,5300,20668,0,210,303.3591604608003,4.110499983653426,5294.84039999079,4795.421182504355
1791154427,250,,Aggregated,109.700000,0.000000,210,350,440,490,630,800,1200,1600,3700,5100,5300,20795,0,210,302.8894389085783,4.110499983653426,5294.84039999079,4797.106083193075
1791154428,250,,Aggregated,113.700000,0.000000,210,340,430,490,630,800,1200,1600,3700,5100,5300,20899,0,210,301.46159670817394,4.110499983653426,5294.84039999079,4797.76912770946
1791154429,250,,Aggregated,113.700000,0.000000,210,340,430,490,630,800,1200,1600,3700,5100,5300,20978,0,210,300.456464095957,4.110499983653426,5294.84039999079,4798.887072170845
1791154430,250,,Aggregated,113.300000,0.000000,210,340,430,490,630,800,1200,1600,3700,5100,5300,21146,0,210,300.42294590013364,4.110499983653426,5294.84039999079,4796.263690532488
1791154431,250,,Aggregated,112.000000,0.000000,210,340,430,490,630,800,1200,1500,3700,5100,5300,21232,0,210,300.2863414753206,4.110499983653426,5294.84039999079,4796.689336850038
1791154432,250,,Aggregated,113.100000,0.000000,210,340,430,480,630,790,1200,1500,3700,5100,5300,21320,0,210,299.82865838671745,4.110499983653426,5294.84039999079,4796.55722326454
1791154433,250,,Aggregated,112.900000,0.000000,210,340,430,480,630,790,1200,1500,3700,5100,5300,21471,0,210,299.66494501904975,4.110499983653426,5294.84039999079,4795.985235899586
1791154434,250,,Aggregated,109.900000,0.000000,210,340,430,480,620,790,1200,1500,3700,5100,5300,21580,0,210,299.22787984262374,4.110499983653426,5294.84039999079,4795.94828544949
1791154435,250,,Aggregated,114.700000,0.000000,210,340,430,480,620,790,1200,1500,3700,5100,5300,21676,0,210,299.0864150214118,4.110499983653426,5294.84039999079,4796.355139324599
1791154436,250,,Aggregated,116.400000,0.000000,210,340,430,480,620,790,1200,1500,3700,5100,5300,21786,0,210,298.57168592234035,4.110499983653426,5294.84039999079,4796.358854310108
1791154437,250,,Aggregated,112.900000,0.000000,210,340,430,480,620,790,1200,1500,3700,5100,5300,21937,0,210,298.23307584470416,4.110499983653426,5294.84039999079,4796.50389752473
1791154438,250,,Aggregated,111.800000,0.000000,210,340,430,480,620,790,1200,1500,3700,5100,5300,21991,0,210,297.59292189554185,4.110499983653426,5294.84039999079,4795.41753444591
1791154439,250,,Aggregated,113.300000,0.000000,210,340,430,480,620,790,1200,1500,3700,5100,5300,22156,0,210,297.4665208523705,4.110499983653426,5294.84039999079,4795.998736233977
1791154440,250,,Aggregated,110.700000,0.000000,210,340,430,480,620,790,1200,1500,3700,5100,5300,22270,0,210,296.8217222274189,4.110499983653426,5294.84039999079,4795.073776380781
1791154441,250,,Aggregated,116.500000,0.000000,210,340,430,480,620,790,1200,1500,3700,5100,5300,22350,0,210,296.6695224476553,4.110499983653426,5294.84039999079,4795.055749440716
1791154442,250,,Aggregated,111.400000,0.000000,200,340,430,480,620,780,1200,1500,3700,5100,5300,22493,0,200,295.74802005088503,4.110499983653426,5294.84039999079,4793.217756635398
1791154443,250,,Aggregated,110.700000,0.000000,200,340,430,480,620,780,1200,1500,3700,5100,5300,22573,0,200,295.6426927924448,4.110499983653426,5294.84039999079,4794.298808310814
1791154444,250,,Aggregated,116.700000,0.000000,200,340,420,480,620,780,1200,1500,3700,5100,5300,22709,0,200,295.1374692854606,4.110499983653426,5294.84039999079,4794.1417940023775
1791154445,250,,Aggregated,106.100000,0.000000,200,340,420,480,620,780,1200,1500,3700,5100,5300,22806,0,200,294.746851043739,4.110499983653426,5294.84039999079,4793.556388669648
1791154446,250,,Aggregated,113.600000,0.000000,210,340,430,480,620,780,1200,1500,3700,5100,5300,22904,0,210,295.279038631013,4.110499983653426,5294.84039999079,4796.391460006986
1791154447,250,,Aggregated,115.300000,0.000000,210,340,430,480,620,780,1100,1500,3700,5100,5300,23046,0,210,295.08698403649083,4.110499983653426,5294.84039999079,4797.036579015881
1791154448,250,,Aggregated,109.100000,0.000000,210,340,420,480,620,780,1100,1500,3700,5100,5300,23168,0,210,294.90631925093305,4.110499983653426,5294.84039999079,4797.054989640884
1791154449,250,,Aggregated,113.200000,0.000000,210,340,420,480,610,780,1100,1500,3700,5100,5300,23267,0,210,294.78401740255185,4.110499983653426,5294.84039999079,4795.922637211501
1791154450,250,,Aggregated,111.600000,0.000000,200,340,420,480,610,780,1100,1500,3700,5100,5300,23390,0,200,293.89017413446663,4.110499983653426,5294.84039999079,4797.208550662676
1791154451,250,,Aggregated,105.800000,0.000000,210,340,420,480,610,780,1100,1500,3700,5100,5300,23484,0,210,294.1292019419424,4.110499983653426,5294.84039999079,4797.454437063532
1791154452,250,,Aggregated,110.500000,0.000000,200,340,420,480,610,780,1100,1500,3700,5100,5300,23577,0,200,293.9505474659596,4.110499983653426,5294.84039999079,4797.684310981041
1791154453,250,,Aggregated,111.300000,0.000000,210,340,420,480,610,770,1100,1500,3700,5100,5300,23729,0,210,293.66216213518663,4.110499983653426,5294.84039999079,4797.625352943655
1791154454,250,,Aggregated,110.400000,0.000000,200,340,420,480,610,770,1100,1500,3700,5100,5300,23807,0,200,292.85071550410714,4.110499983653426,5294.84039999079,4798.768345444617
1791154455,250,,Aggregated,115.300000,0.000000,200,340,420,480,610,770,1100,1500,3700,5100,5300,23955,0,200,292.69094461306116,4.110499983653426,5294.84039999079,4799.652765602171
1791154456,250,,Aggregated,109.400000,0.000000,200,340,420,480,610,770,1100,1500,3600,5100,5300,24029,0,200,292.52320677120883,4.110499983653426,5294.84039999079,4800.402971409547
1791154457,250,,Aggregated,110.000000,0.000000,200,340,420,470,610,770,1100,1500,3600,5100,5300,24162,0,200,292.08870232200655,4.110499983653426,5294.84039999079,4799.5829815412635
1791154458,250,,Aggregated,112.900000,0.000000,200,340,420,470,610,770,1100,1500,3600,5100,5300,24294,0,200,291.4994135220014,4.110499983653426,5294.84039999079,4800.030871820202
1791154459,250,,Aggregated,112.100000,0.000000,200,340,420,470,610,770,1100,1500,3600,5100,5300,24393,0,200,291.12271686154037,4.110499983653426,5294.84039999079,4800.606444471775
1791154460,250,,Aggregated,115.100000,0.000000,200,340,420,470,610,770,1100,1500,3600,5100,5300,24481,0,200,291.55698288481364,4.110499983653426,5294.84039999079,4801.546750541236
1791154461,250,,Aggregated,115.800000,0.000000,200,340,420,470,610,770,1100,1500,3600,5100,5300,24630,0,200,291.72763003669644,4.110499983653426,5294.84039999079,4802.101664636622
1791154462,250,,Aggregated,108.300000,0.000000,200,340,420,470,610,770,1100,1500,3600,5100,5300,24712,0,200,291.8044849467572,4.110499983653426,5294.84039999079,4802.505503399158
1791154463,250,,Aggregated,116.600000,0.000000,200,340,420,470,610,770,1100,1500,3600,5100,5300,24842,0,200,291.44400791413904,4.110499983653426,5294.84039999079,4802.744223492472
1791154464,250,,Aggregated,107.400000,0.000000,200,340,420,470,610,770,1100,1500,3600,5100,5300,24928,0,200,290.841641880757,4.110499983653426,5294.84039999079,4802.1974486521185
1791154465,250,,Aggregated,111.500000,0.000000,200,330,420,470,610,760,1100,1500,3500,5100,5300,25091,0,200,290.2929066279787,4.110499983653426,5294.84039999079,4803.766091427205
1791154466,250,,Aggregated,111.600000,0.000000,200,340,420,470,610,760,1100,1500,3500,5100,5300,25184,0,200,290.1843362135935,4.110499983653426,5294.84039999079,4803.053526048285
1791154467,250,,Aggregated,112.000000,0.000000,200,330,420,470,600,760,1100,1500,3500,5100,5300,25274,0,200,289.7534652490092,4.110499983653426,5294.84039999079,4802.6372556777715
1791154468,250,,Aggregated,110.300000,0.000000,200,330,420,470,600,760,1100,1500,3500,5100,5300,25395,0,200,289.3239280883462,4.110499983653426,5294.84039999079,4802.35802323292
1791154469,250,,Aggregated,109.900000,0.000000,200,330,420,470,600,760,1100,1500,3500,5100,5300,25517,0,200,289.119307834117,4.110499983653426,5294.84039999079,4802.494846572873
1791154470,250,,Aggregated,111.900000,0.000000,200,330,420,470,600,760,1100,1500,3500,5100,5300,25594,0,200,288.8311660038863,4.110499983653426,5294.84039999079,4803.250800968977
1791154471,250,,Aggregated,110.800000,0.000000,200,330,420,470,600,760,1100,1500,3500,5100,5300,25745,0,200,288.54156675874054,4.110499983653426,5294.84039999079,4803.516527481064
1791154472,250,,Aggregated,115.500000,0.000000,200,330,420,470,600,760,1100,1500,3500,5100,5300,25883,0,200,288.4508804815613,4.110499983653426,5294.84039999079,4803.98195726925
1791154473,250,,Aggregated,111.400000,0.000000,200,330,420,470,600,760,1100,1500,3500,5100,5300,25964,0,200,288.29611802125976,4.110499983653426,5294.84039999079,4804.422084424588
1791154474,250,,Aggregated,113.700000,0.000000,200,330,410,470,600,750,1100,1500,3500,5100,5300,26076,0,200,287.6266457395295,4.110499983653426,5294.84039999079,4804.747929130234
1791154475,250,,Aggregated,110.400000,0.000000,200,330,410,470,600,750,1100,1400,3500,5100,5300,26222,0,200,287.09180228830166,4.110499983653426,5294.84039999079,4804.995385554115
1791154476,250,,Aggregated,113.400000,0.000000,200,330,410,470,600,750,1100,1400,3500,5100,5300,26269,0,200,287.31711936137134,4.110499983653426,5294.84039999079,4805.900567208497
1791154477,250,,Aggregated,110.000000,0.000000,200,330,420,470,600,760,1100,1400,3500,5100,5300,26436,0,200,287.5644260176993,4.110499983653426,5294.84039999079,4805.402935391134
1791154478,250,,Aggregated,113.100000,0.000000,200,330,410,470,600,750,1100,1400,3500,5100,5300,26544,0,200,287.4743834992541,4.110499983653426,5294.84039999079,4804.903066606389
1791154479,250,,Aggregated,111.100000,0.000000,200,330,410,470,600,750,1100,1400,3500,5100,5300,26633,0,200,287.2151503812729,4.110499983653426,5294.84039999079,4805.968084706942
1791154480,250,,Aggregated,107.300000,0.000000,200,330,410,470,600,750,1100,1400,3500,5100,5300,26748,0,200,286.5556825820439,4.110499983653426,5294.84039999079,4805.864101988934
1791154481,250,,Aggregated,110.600000,0.000000,200,330,410,470,600,750,1100,1400,3500,5100,5300,26870,0,200,286.0657556346924,4.110499983653426,5294.84039999079,4806.295868998884
1791154482,250,,Aggregated,114.000000,0.000000,200,330,410,470,600,750,1100,1400,3500,5100,5300,26967,0,200,285.6503547670795,4.110499983653426,5294.84039999079,4806.618311269329
1791154483,250,,Aggregated,110.600000,0.000000,200,330,410,470,600,750,1100,1400,3400,5100,5300,27089,0,200,285.5172761638989,4.110499983653426,5294.84039999079,4806.657277861863
1791154484,250,,Aggregated,115.800000,0.000000,200,330,410,470,600,750,1100,1400,3400,5100,5300,27226,0,200,285.8871177809347,4.110499983653426,5294.84039999079,4808.326158818776
1791154485,250,,Aggregated,113.400000,0.000000,200,330,410,470,600,750,1100,1400,3400,5100,5300,27280,0,200,285.68233188061294,4.110499983653426,5294.84039999079,4807.780095307918
1791154486,250,,Aggregated,106.000000,0.000000,200,330,410,470,600,750,1100,1400,3400,5100,5300,27415,0,200,285.1797965202729,4.110499983653426,5294.84039999079,4806.611672442094
1791154487,250,,Aggregated,114.100000,0.000000,200,330,410,460,600,740,1100,1400,3400,5100,5300,27565,0,200,284.92258633060374,4.110499983653426,5294.84039999079,4804.76564483947
1791154488,250,,Aggregated,113.700000,0.000000,200,330,410,460,600,740,1100,1400,3400,5100,5300,27655,0,200,284.63867527402516,4.110499983653426,5294.84039999079,4803.597758090761
1791154489,250,,Aggregated,108.100000,0.000000,200,330,410,460,590,740,1100,1400,3400,5100,5300,27742,0,200,284.2195512689329,4.110499983653426,5294.84039999079,4803.754704058828
1791154490,250,,Aggregated,113.100000,0.000000,200,330,410,460,590,740,1100,1400,3400,5100,5300,27855,0,200,283.85032169820346,4.110499983653426,5294.84039999079,4803.54169807934
1791154491,250,,Aggregated,114.700000,0.000000,200,330,410,460,590,740,1100,1400,3400,5100,5300,28011,0,200,283.2995938810879,4.110499983653426,5294.84039999079,4804.013458998251
1791154492,250,,Aggregated,110.500000,0.000000,200,330,410,460,590,740,1100,1400,3400,5100,5300,28128,0,200,283.0641779508905,4.110499983653426,5294.84039999079,4803.446601251422
1791154493,250,,Aggregated,112.200000,0.000000,200,330,410,460,590,740,1100,1400,3400,5100,5300,28214,0,200,282.8716954066194,4.110499983653426,5294.84039999079,4803.725774438222
1791154494,250,,Aggregated,107.700000,0.000000,200,330,410,460,590,740,1100,1400,3400,5100,5300,28338,0,200,282.3825603289967,4.110499983653426,5294.84039999079,4803.994671465876
1791154495,250,,Aggregated,113.500000,0.000000,200,330,410,460,590,740,1100,1400,3400,5100,5300,28471,0,200,282.1917956623601,4.110499983653426,5294.84039999079,4803.6716307822
1791154496,250,,Aggregated,117.800000,0.000000,200,330,410,460,590,740,1100,1400,3400,5100,5300,28585,0,200,281.9496943712671,4.110499983653426,5294.84039999079,4804.850271121218
1791154497,250,,Aggregated,110.200000,0.000000,200,330,410,460,590,740,1100,1400,3400,5100,5300,28662,0,200,282.12299402352664,4.110499983653426,5294.84039999079,4804.415428092945
1791154498,250,,Aggregated,110.700000,0.000000,200,330,410,460,590,740,1100,1400,3400,5100,5300,28803,0,200,281.97351276613006,4.110499983653426,5294.84039999079,4804.715689337916
1791154499,250,,Aggregated,115.800000,0.000000,200,330,410,460,590,740,1100,1400,3400,5100,5300,28929,0,200,281.63479720360147,4.110499983653426,5294.84039999079,4804.981368177261
1791154500,250,,Aggregated,113.900000,0.000000,200,330,410,460,590,740,1100,1400,3300,5100,5300,29017,0,200,281.6542139539911,4.110499983653426,5294.84039999079,4805.049763931488
1791154501,250,,Aggregated,108.900000,0.000000,200,330,410,460,590,740,1100,1400,3300,5100,5300,29136,0,200,281.29196879471857,4.110499983653426,5294.84039999079,4804.585667215815
1791154502,250,,Aggregated,111.700000,0.000000,200,330,410,460,590,730,1100,1400,3300,5100,5300,29263,0,200,281.3155336842968,4.110499983653426,5294.84039999079,4805.272460103202
1791154503,250,,Aggregated,115.600000,0.000000,200,330,410,460,590,730,1100,1400,3300,5100,5300,29362,0,200,281.5619035999937,4.110499983653426,5294.84039999079,4805.657550575574
1791154504,250,,Aggregated,112.600000,0.000000,200,330,410,460,590,730,1100,1400,3300,5100,5300,29447,0,200,281.60981790345556,4.110499983653426,5294.84039999079,4805.028288110843
1791154505,250,,Aggregated,109.800000,0.000000,200,330,410,460,590,730,1100,1400,3300,5100,5300,29585,0,200,281.1619981579526,4.110499983653426,5294.84039999079,4804.593746831164
1791154506,250,,Aggregated,111.900000,0.000000,200,330,410,460,590,730,1100,1400,3300,5100,5300,29663,0,200,280.89995735776137,4.110499983653426,5294.84039999079,4804.9225634629
1791154507,250,,Aggregated,114.100000,0.000000,200,330,410,460,590,730,1100,1400,3300,5100,5300,29768,0,200,281.1347521601547,4.110499983653426,5294.84039999079,4805.1588282719695
1791154508,250,,Aggregated,115.700000,0.000000,200,330,410,460,590,730,1000,1400,3300,5100,5300,29885,0,200,281.28019386994134,4.110499983653426,5294.84039999079,4804.694160950309
1791154509,250,,Aggregated,110.400000,0.000000,200,330,410,460,590,730,1000,1400,3300,5000,5300,30009,0,200,281.4909893899848,4.110499983653426,5294.84039999079,4803.732980105969
1791154510,250,,Aggregated,108.300000,0.000000,200,330,410,460,590,730,1000,1400,3300,5000,5300,30140,0,200,281.8538526046295,4.110499983653426,5294.84039999079,4803.103749170537
1791154511,250,,Aggregated,109.300000,0.000000,200,330,410,460,590,730,1000,1400,3300,5000,5300,30233,0,200,281.5570894884248,4.110499983653426,5294.84039999079,4803.671319419178
1791154512,250,,Aggregated,107.000000,0.000000,200,330,410,460,590,730,1000,1400,3300,5000,5300,30352,0,200,281.05062411058117,4.110499983653426,5294.84039999079,4803.77688455456
1791154513,250,,Aggregated,109.000000,0.000000,200,330,410,460,590,730,1000,1400,3300,5000,5300,30462,0,200,281.0079670935604,4.110499983653426,5294.84039999079,4803.214102816624
1791154514,250,,Aggregated,111.200000,0.000000,200,330,410,460,590,730,1000,1400,3300,5000,5300,30552,0,200,280.74453705498223,4.110499983653426,5294.84039999079,4802.99931264729
1791154515,250,,Aggregated,109.200000,0.000000,200,330,410,460,590,730,1000,1300,3300,5000,5300,30699,0,200,280.5614169974065,4.110499983653426,5294.84039999079,4803.0133880582425
1791154516,250,,Aggregated,108.700000,0.000000,200,330,410,460,580,730,1000,1300,3300,5000,5300,30831,0,200,280.4267840810592,4.110499983653426,5294.84039999079,4803.56245337485
1791154517,250,,Aggregated,107.700000,0.000000,200,330,410,460,580,730,1000,1300,3300,5000,5300,30917,0,200,280.21017662137643,4.110499983653426,5294.84039999079,4803.836982889672
1791154518,250,,Aggregated,106.300000,0.000000,200,330,410,460,580,720,1000,1300,3200,5000,5300,31034,0,200,280.03582912945086,4.110499983653426,5294.84039999079,4804.1432300058
1791154519,250,,Aggregated,115.100000,0.000000,200,330,410,460,580,720,1000,1300,3200,5000,5300,31184,0,200,279.41127201781666,4.110499983653426,5294.84039999079,4804.892893791688
1791154520,250,,Aggregated,114.400000,0.000000,200,320,400,460,580,720,1000,1300,3200,5000,5300,31286,0,200,278.5512059452676,4.110499983653426,5294.84039999079,4804.404973470562
1791154521,250,,Aggregated,115.500000,0.000000,200,320,400,460,580,720,1000,1300,3200,5000,5300,31406,0,200,278.42421028797196,4.110499983653426,5294.84039999079,4804.274692733872
1791154522,250,,Aggregated,118.200000,0.000000,200,330,400,460,580,720,1000,1300,3200,5000,5300,31479,0,200,278.4929842245229,4.110499983653426,5294.84039999079,4803.86635534801
1791154523,250,,Aggregated,111.900000,0.000000,200,330,400,460,580,720,1000,1300,3200,5000,5300,31600,0,200,278.1912111583333,4.110499983653426,5294.84039999079,4803.525601265823
1791154524,250,,Aggregated,117.000000,0.000000,200,320,400,450,580,720,1000,1300,3200,5000,5300,31745,0,200,277.91604088843644,4.110499983653426,5294.84039999079,4803.039407780753
1791154525,250,,Aggregated,113.800000,0.000000,200,320,400,450,580,720,1000,1300,3200,5000,5300,31857,0,200,277.78926463583554,4.110499983653426,5294.84039999079,4801.8591204444865
1791154526,250,,Aggregated,110.900000,0.000000,200,320,400,450,580,720,1000,1300,3200,5000,5300,31962,0,200,277.5566757150443,4.110499983653426,5294.84039999079,4801.830830361054
1791154527,250,,Aggregated,116.800000,0.000000,200,320,400,450,580,720,1000,1300,3200,5000,5300,32086,0,200,276.89552765707265,4.110499983653426,5294.84039999079,4802.912859190925
1791154528,250,,Aggregated,116.900000,0.000000,200,320,400,450,580,720,1000,1300,3200,5000,5300,32219,0,200,276.6638115461369,4.110499983653426,5294.84039999079,4803.654303361371
1791154529,250,,Aggregated,111.500000,0.000000,200,320,400,450,580,720,1000,1300,3200,5000,5300,32293,0,200,276.3675939647767,4.110499983653426,5294.84039999079,4804.182578267736
1791154530,250,,Aggregated,114.200000,0.000000,200,320,400,450,580,720,1000,1300,3200,5000,5300,32431,0,200,275.9611788444594,4.110499983653426,5294.84039999079,4804.484073879929
1791154531,250,,Aggregated,116.400000,0.000000,200,320,400,450,580,720,1000,1300,3200,5000,5300,32527,0,200,275.802582550035,4.110499983653426,5294.84039999079,4804.340271159344
1791154533,250,,Aggregated,110.100000,0.000000,200,320,400,450,580,720,1000,1300,3200,5000,5300,32614,0,200,275.7046360736058,4.110499983653426,5294.84039999079,4804.046820383885
1791154534,250,,Aggregated,110.200000,0.000000,200,320,400,450,580,710,1000,1300,3200,5000,5300,32775,0,200,275.4534245432378,4.110499983653426,5294.84039999079,4802.066880244089
1791154535,250,,Aggregated,111.800000,0.000000,200,320,400,450,580,710,1000,1300,3200,5000,5300,32859,0,200,275.5085619436228,4.110499983653426,5294.84039999079,4802.12471469004
1791154536,250,,Aggregated,111.800000,0.000000,200,320,400,450,580,710,1000,1300,3200,5000,5300,32982,0,200,275.3445535202793,4.110499983653426,5294.84039999079,4801.608998847856
1791154537,250,,Aggregated,110.600000,0.000000,200,320,400,450,580,710,1000,1300,3200,5000,5300,33119,0,200,275.24205788537824,4.110499983653426,5294.84039999079,4800.756212446028
1791154538,250,,Aggregated,111.400000,0.000000,200,320,400,450,580,710,1000,1300,3200,5000,5300,33202,0,200,275.4628046535358,4.110499983653426,5294.84039999079,4801.573369074152
1791154539,250,,Aggregated,114.300000,0.000000,200,320,400,450,580,710,1000,1300,3200,5000,5300,33305,0,200,275.3379525508656,4.110499983653426,5294.84039999079,4802.064674973728
1791154540,250,,Aggregated,110.200000,0.000000,200,320,400,450,580,710,1000,1300,3200,5000,5300,33449,0,200,274.9733831237621,4.110499983653426,5294.84039999079,4801.452539687285
1791154541,250,,Aggregated,107.900000,0.000000,200,320,400,450,580,710,1000,1300,3200,5000,5300,33539,0,200,274.748142222681,4.110499983653426,5294.84039999079,4801.034884761025
1791154542,250,,Aggregated,115.300000,0.000000,200,320,400,450,580,710,1000,1300,3200,5000,5300,33643,0,200,274.6566799098146,4.110499983653426,5294.84039999079,4800.743542490265
1791154543,250,,Aggregated,109.200000,0.000000,200,320,400,450,580,710,1000,1300,3200,5000,5300,33794,0,200,274.2513417708672,4.110499983653426,5294.84039999079,4800.241344617388
1791154544,250,,Aggregated,110.400000,0.000000,200,320,400,450,580,710,1000,1300,3200,5000,5300,33907,0,200,274.1195512491311,4.110499983653426,5294.84039999079,4800.51201816734
1791154545,250,,Aggregated,117.500000,0.000000,200,320,400,450,580,710,1000,1300,3200,5000,5300,33994,0,200,273.8867581662715,4.110499983653426,5294.84039999079,4801.399129258104
1791154546,250,,Aggregated,117.500000,0.000000,200,320,400,450,580,710,1000,1300,3200,5000,5300,34071,0,200,273.7501156674232,4.110499983653426,5294.84039999079,4802.223327756743
1791154547,250,,Aggregated,111.300000,0.000000,200,320,400,450,580,710,1000,1300,3200,5000,5300,34213,0,200,274.78773447241963,4.110499983653426,5294.84039999079,4802.492005962646
1791154548,250,,Aggregated,108.900000,0.000000,200,320,400,450,580,710,1000,1300,3200,5000,5300,34299,0,200,274.9774193156041,4.110499983653426,5294.84039999079,4801.52934487886
1791154549,250,,Aggregated,106.700000,0.000000,200,320,400,450,580,710,1000,1300,3200,5000,5300,34394,0,200,274.86882303033724,4.110499983653426,5294.84039999079,4801.638599755772
1791154550,250,,Aggregated,110.300000,0.000000,200,320,400,450,580,710,1000,1300,3200,5000,5300,34564,0,200,275.2149263310234,4.110499983653426,5294.84039999079,4801.416878833468
1791154551,250,,Aggregated,109.300000,0.000000,200,320,400,450,580,710,1000,1300,3200,5000,5300,34644,0,200,275.0834052420829,4.110499983653426,5294.84039999079,4801.765991225032
1791154552,250,,Aggregated,109.600000,0.000000,200,320,400,450,580,710,1000,1300,3200,5000,5300,34779,0,200,275.39207122706125,4.110499983653426,5294.84039999079,4801.31202737284
1791154553,250,,Aggregated,111.500000,0.000000,200,320,400,450,580,710,1000,1300,3200,5000,5300,34859,0,200,275.2207696493293,4.110499983653426,5294.84039999079,4800.7435095671135
1791154554,250,,Aggregated,110.300000,0.000000,200,320,400,450,580,710,1000,1300,3200,5000,5300,34960,0,200,274.95876273185735,4.110499983653426,5294.84039999079,4799.831207093822
1791154555,250,,Aggregated,103.900000,0.000000,200,320,400,450,580,710,1000,1300,3100,5000,5300,35127,0,200,274.87618571200613,4.110499983653426,5294.84039999079,4799.113957924104
1791154556,250,,Aggregated,106.900000,0.000000,200,320,400,450,580,710,990,1300,3100,5000,5300,35213,0,200,274.8409115470446,4.110499983653426,5294.84039999079,4799.50824979411
1791154557,250,,Aggregated,112.200000,0.000000,200,320,400,450,580,710,990,1300,3100,5000,5300,35304,0,200,274.6412333249995,4.110499983653426,5294.84039999079,4799.947767958305
1791154558,250,,Aggregated,110.000000,0.000000,200,320,400,450,580,710,990,1300,3100,5000,5300,35448,0,200,274.525967202825,4.110499983653426,5294.84039999079,4800.350654479801
1791154559,250,,Aggregated,109.700000,0.000000,200,320,400,450,580,710,990,1300,3100,5000,5300,35564,0,200,274.7094510264972,4.110499983653426,5294.84039999079,4800.713643009785
1791154560,250,,Aggregated,114.500000,0.000000,200,320,400,450,580,710,990,1300,3100,5000,5300,35618,0,200,274.4699913865556,4.110499983653426,5294.84039999079,4800.751867033522
1791154561,250,,Aggregated,111.300000,0.000000,200,320,400,450,580,710,990,1300,3100,5000,5300,35775,0,200,274.90246329576996,4.110499983653426,5294.84039999079,4800.809895178197
1791154562,250,,Aggregated,107.300000,0.000000,200,320,400,450,580,710,990,1300,3100,5000,5300,35893,0,200,274.75864715142444,4.110499983653426,5294.84039999079,4800.664279943165
1791154563,250,,Aggregated,111.400000,0.000000,200,320,400,450,580,710,990,1300,3100,5000,5300,35953,0,200,274.5493626235922,4.110499983653426,5294.84039999079,4800.783439490446
1791154564,250,,Aggregated,112.300000,0.000000,200,320,400,450,580,710,990,1300,3100,5000,5300,36130,0,200,274.4842801994339,4.110499983653426,5294.84039999079,4801.266426792139
1791154565,250,,Aggregated,112.400000,0.000000,200,320,400,450,580,710,990,1300,3100,5000,5300,36215,0,200,274.3855377027511,4.110499983653426,5294.84039999079,4800.898936904598
1791154566,250,,Aggregated,112.800000,0.000000,200,320,400,450,580,710,990,1300,3100,5000,5300,36332,0,200,273.9923596692983,4.110499983653426,5294.84039999079,4801.499944952108
1791154567,250,,Aggregated,106.900000,0.000000,200,320,400,450,580,710,990,1200,3100,5000,5300,36450,0,200,274.27961940482055,4.110499983653426,5294.84039999079,4801.219039780522
1791154568,250,,Aggregated,114.600000,0.000000,200,320,400,450,580,710,980,1200,3100,5000,5300,36526,0,200,274.22323193630893,4.110499983653426,5294.84039999079,4800.730192191863
1791154569,250,,Aggregated,111.100000,0.000000,200,320,400,450,580,710,980,1200,3100,5000,5300,36667,0,200,274.09032660172517,4.110499983653426,5294.84039999079,4800.432159707639
1791154570,250,,Aggregated,106.800000,0.000000,200,320,400,450,580,710,980,1200,3100,5000,5300,36798,0,200,274.0184805860363,4.110499983653426,5294.84039999079,4800.207783031687
1791154571,250,,Aggregated,114.400000,0.000000,200,320,400,450,570,710,980,1200,3100,5000,5300,36888,0,200,273.900189958919,4.110499983653426,5294.84039999079,4800.432525482542
1791154572,250,,Aggregated,111.300000,0.000000,200,320,400,450,570,710,980,1200,3100,5000,5300,36970,0,200,273.57228406018965,4.110499983653426,5294.84039999079,4800.398512307276
1791154573,250,,Aggregated,107.800000,0.000000,200,320,400,450,570,700,980,1200,3100,5000,5300,37142,0,200,273.31096615166615,4.110499983653426,5294.84039999079,4799.806149372678
1791154574,250,,Aggregated,110.800000,0.000000,200,320,400,450,570,700,980,1200,3100,5000,5300,37203,0,200,273.3038963068968,4.110499983653426,5294.84039999079,4799.998252829073
1791154575,250,,Aggregated,113.300000,0.000000,200,320,400,450,570,700,970,1200,3100,5000,5300,37343,0,200,273.2611771176712,4.110499983653426,5294.84039999079,4800.464317274991
1791154576,250,,Aggregated,107.900000,0.000000,200,320,400,450,570,700,970,1200,3100,5000,5300,37463,0,200,272.94017053902945,4.110499983653426,5294.84039999079,4801.75170167899
1791154577,250,,Aggregated,116.900000,0.000000,200,320,400,450,570,700,970,1200,3100,5000,5300,37574,0,200,272.80946014010385,4.110499983653426,5294.84039999079,4801.605258955661
1791154578,250,,Aggregated,110.900000,0.000000,200,320,400,450,570,700,970,1200,3100,5000,5300,37642,0,200,272.69268477508444,4.110499983653426,5294.84039999079,4800.459911800648
1791154579,250,,Aggregated,112.900000,0.000000,200,320,400,450,570,700,970,1200,3100,5000,5300,37804,0,200,272.69128065558436,4.110499983653426,5294.84039999079,4799.567849962967
1791154580,250,,Aggregated,113.100000,0.000000,200,320,400,450,570,700,970,1200,3100,5000,5300,37928,0,200,272.4368562830462,4.110499983653426,5294.84039999079,4799.1627293819865
1791154581,250,,Aggregated,109.800000,0.000000,200,320,400,450,570,700,970,1200,3100,5000,5300,38013,0,200,271.88665482607814,4.110499983653426,5294.84039999079,4798.673217057322
1791154582,250,,Aggregated,110.600000,0.000000,200,320,400,450,570,700,970,1200,3100,5000,5300,38162,0,200,271.7479352629146,4.110499983653426,5294.84039999079,4798.504402284995
1791154583,250,,Aggregated,115.600000,0.000000,200,320,400,450,570,700,970,1200,3100,5000,5300,38266,0,200,271.732991180245,4.110499983653426,5294.84039999079,4798.458945277793
1791154584,250,,Aggregated,111.500000,0.000000,200,320,400,450,570,700,970,1200,3100,5000,5300,38328,0,200,271.4002291667497,4.110499983653426,5294.84039999079,4798.791927572532
1791154585,250,,Aggregated,108.700000,0.000000,200,320,400,450,570,700,960,1200,3100,5000,5300,38503,0,200,271.3975612914067,4.110499983653426,5294.84039999079,4799.3407266966215
1791154586,250,,Aggregated,116.200000,0.000000,200,320,400,450,570,700,960,1200,3100,5000,5300,38585,0,200,271.216079528399,4.110499983653426,5294.84039999079,4798.73816249838
1791154587,250,,Aggregated,108.600000,0.000000,200,320,400,450,570,700,960,1200,3100,5000,5300,38674,0,200,270.9312459663747,4.110499983653426,5294.84039999079,4798.782282670528
1791154588,250,,Aggregated,110.500000,0.000000,200,320,400,450,570,700,960,1200,3100,5000,5300,38826,0,200,270.74103712471003,4.110499983653426,5294.84039999079,4799.136248905373
1791154589,250,,Aggregated,114.900000,0.000000,200,320,400,450,570,700,960,1200,3100,5000,5300,38915,0,200,270.4405476860776,4.110499983653426,5294.84039999079,4799.247642297315
1791154590,250,,Aggregated,113.200000,0.000000,200,320,400,450,570,690,960,1200,3100,5000,5300,39037,0,200,270.4041036991626,4.110499983653426,5294.84039999079,4799.246791505495
1791154591,250,,Aggregated,114.800000,0.000000,200,320,390,440,570,690,960,1200,3100,5000,5300,39164,0,200,270.1620221684246,4.110499983653426,5294.84039999079,4800.216499846798
1791154592,250,,Aggregated,116.700000,0.000000,200,320,390,440,570,690,960,1200,3100,5000,5300,39286,0,200,269.9868519651945,4.110499983653426,5294.84039999079,4800.783637937178
1791154593,250,,Aggregated,113.200000,0.000000,200,320,400,440,570,690,950,1200,3100,5000,5300,39402,0,200,270.1493222172524,4.110499983653426,5294.84039999079,4800.413735343383
1791154594,250,,Aggregated,112.800000,0.000000,200,320,390,440,570,690,950,1200,3100,5000,5300,39467,0,200,269.8695059671033,4.110499983653426,5294.84039999079,4800.297869105835
1791154595,250,,Aggregated,112.200000,0.000000,200,320,390,440,570,690,950,1200,3100,5000,5300,39617,0,200,269.83616857164935,4.110499983653426,5294.84039999079,4799.984804503118
1791154596,250,,Aggregated,113.300000,0.000000,200,320,390,440,570,690,950,1200,3100,5000,5300,39747,0,200,269.5718928725127,4.110499983653426,5294.84039999079,4799.879538078346
1791154597,250,,Aggregated,114.100000,0.000000,200,320,390,440,570,690,950,1200,3100,5000,5300,39841,0,200,269.4544408374233,4.110499983653426,5294.84039999079,4799.924273989107
1791154598,250,,Aggregated,112.100000,0.000000,200,320,390,440,570,690,950,1200,3100,5000,5300,39930,0,200,269.17074528935666,4.110499983653426,5294.84039999079,4799.015301778111
1791154599,250,,Aggregated,109.400000,0.000000,200,320,390,440,570,690,950,1200,3000,5000,5300,40047,0,200,269.0356584264461,4.110499983653426,5294.84039999079,4799.29542787225
1791154600,250,,Aggregated,114.500000,0.000000,200,320,390,440,570,690,950,1200,3000,5000,5300,40203,0,200,269.10514349438097,4.110499983653426,5294.84039999079,4800.2701290948435
1791154601,250,,Aggregated,112.600000,0.000000,200,320,390,440,570,690,950,1200,3000,5000,5300,40281,0,200,268.9565872620987,4.110499983653426,5294.84039999079,4799.567885603635
1791154602,250,,Aggregated,110.300000,0.000000,200,320,390,440,570,690,950,1200,3000,5000,5300,40379,0,200,268.9672875158784,4.110499983653426,5294.84039999079,4799.980658262958
1791154603,250,,Aggregated,110.600000,0.000000,200,320,390,440,570,690,940,1200,3000,5000,5300,40521,0,200,268.8235706647015,4.110499983653426,5294.84039999079,4799.827620246292
1791154604,250,,Aggregated,113.800000,0.000000,200,320,390,440,570,690,940,1200,3000,5000,5300,40651,0,200,268.56545294345517,4.110499983653426,5294.84039999079,4799.572433642469
1791154605,250,,Aggregated,116.900000,0.000000,200,320,390,440,570,690,940,1200,3000,5000,5300,40756,0,200,268.6176224090733,4.110499983653426,5294.84039999079,4798.787712238689
1791154606,250,,Aggregated,109.000000,0.000000,200,320,390,440,570,690,940,1200,3000,5000,5300,40840,0,200,268.31702623908404,4.110499983653426,5294.84039999079,4798.7681929480905
1791154607,250,,Aggregated,109.900000,0.000000,190,320,390,440,570,690,940,1200,3000,5000,5300,40992,0,190,267.9454115535735,4.110499983653426,5294.84039999079,4799.569891686183
1791154608,250,,Aggregated,117.100000,0.000000,200,320,390,440,570,690,940,1200,3000,5000,5300,41082,0,200,268.08605475644845,4.110499983653426,5294.84039999079,4799.387761063239
1791154609,250,,Aggregated,115.800000,0.000000,200,320,390,440,570,690,940,1200,3000,5000,5300,41175,0,200,267.9949057633027,4.110499983653426,5294.84039999079,4799.5443351548265
1791154610,250,,Aggregated,108.900000,0.000000,200,320,390,440,570,690,940,1200,3000,5000,5300,41309,0,200,268.160755273751,4.110499983653426,5294.84039999079,4800.607373695805
1791154611,250,,Aggregated,113.800000,0.000000,200,320,390,440,570,690,940,1200,3000,5000,5300,41405,0,200,268.2003557662855,4.110499983653426,5294.84039999079,4800.157010022944
1791154612,250,,Aggregated,112.600000,0.000000,200,320,390,440,570,680,940,1200,3000,5000,5300,41542,0,200,268.3404901088835,4.110499983653426,5294.84039999079,4799.197535024794
1791154613,250,,Aggregated,110.200000,0.000000,200,320,390,440,570,690,930,1200,3000,5000,5300,41627,0,200,268.62534692392956,4.110499983653426,5294.84039999079,4798.50373555625
1791154614,250,,Aggregated,107.600000,0.000000,200,320,390,440,570,680,930,1200,3000,5000,5300,41757,0,200,268.39596566808785,4.110499983653426,5294.84039999079,4798.460904758484
1791154615,250,,Aggregated,108.400000,0.000000,200,320,390,440,570,680,930,1200,3000,5000,5300,41853,0,200,268.6422437006399,4.110499983653426,5294.84039999079,4797.374955200344
1791154616,250,,Aggregated,114.200000,0.000000,200,320,390,440,570,680,930,1200,3000,5000,5300,41949,0,200,268.55672509243914,4.110499983653426,5294.84039999079,4797.874895706692
1791154617,250,,Aggregated,111.000000,0.000000,200,320,390,440,570,680,930,1200,3000,5000,5300,42066,0,200,268.3438008938977,4.110499983653426,5294.84039999079,4797.7424761089715
1791154618,250,,Aggregated,109.000000,0.000000,200,320,390,440,560,680,930,1200,3000,5000,5300,42184,0,200,268.287498769745,4.110499983653426,5294.84039999079,4798.2314384600795
1791154619,250,,Aggregated,109.100000,0.000000,200,320,390,440,560,680,930,1200,3000,5000,5300,42306,0,200,268.22166355609124,4.110499983653426,5294.84039999079,4798.454049071053
1791154620,250,,Aggregated,108.600000,0.000000,200,320,390,440,560,680,930,1200,3000,5000,5300,42438,0,200,268.1673773882879,4.110499983653426,5294.84039999079,4797.658490032518
1791154621,250,,Aggregated,103.800000,0.000000,200,320,390,440,560,680,930,1200,3000,5000,5300,42535,0,200,268.2887242601082,4.110499983653426,5294.84039999079,4797.319619137181
1791154622,250,,Aggregated,108.000000,0.000000,200,320,390,440,560,680,920,1200,3000,5000,5300,42636,0,200,268.329062304249,4.110499983653426,5294.84039999079,4797.969368608688
1791154623,250,,Aggregated,111.900000,0.000000,200,320,390,440,560,680,920,1200,3000,5000,5300,42758,0,200,268.2335272791833,4.110499983653426,5294.84039999079,4798.456499368539
1791154624,250,,Aggregated,114.300000,0.000000,200,320,390,440,560,680,920,1200,3000,5000,5300,42840,0,200,268.0165862745867,4.110499983653426,5294.84039999079,4798.421101774043
1791154625,250,,Aggregated,112.100000,0.000000,200,320,390,440,560,680,920,1200,3000,5000,5300,42968,0,200,267.952307424215,4.110499983653426,5294.84039999079,4798.637404580153
1791154626,250,,Aggregated,111.000000,0.000000,200,320,390,440,560,680,920,1200,3000,5000,5300,43094,0,200,267.94385706605345,4.110499983653426,5294.84039999079,4798.322759548893
1791154627,250,,Aggregated,110.600000,0.000000,200,320,390,440,560,680,920,1200,3000,5000,5300,43219,0,200,267.8478828363611,4.110499983653426,5294.84039999079,4798.448066822462
1791154628,250,,Aggregated,105.700000,0.000000,200,320,390,440,560,680,920,1200,3000,5000,5300,43334,0,200,267.9004991854992,4.110499983653426,5294.84039999079,4798.3715788987865
1791154629,250,,Aggregated,108.400000,0.000000,200,320,390,440,560,680,920,1200,3000,5000,5300,43421,0,200,267.74924135336477,4.110499983653426,5294.84039999079,4798.841528292762
1791154630,250,,Aggregated,113.400000,0.000000,200,320,390,440,560,680,920,1200,3000,5000,5300,43553,0,200,267.327955015843,4.110499983653426,5294.84039999079,4798.508598718802
1791154631,250,,Aggregated,116.600000,0.000000,200,320,390,440,560,680,920,1200,3000,5000,5300,43689,0,200,267.1476857447842,4.110499983653426,5294.84039999079,4798.305843576186
1791154632,250,,Aggregated,113.500000,0.000000,200,320,390,440,560,680,920,1200,3000,5000,5300,43754,0,200,267.0398892467968,4.110499983653426,5294.84039999079,4798.101979247612
1791154633,250,,Aggregated,110.900000,0.000000,200,320,390,440,560,680,910,1200,3000,5000,5300,43904,0,200,266.8612786489871,4.110499983653426,5294.84039999079,4797.705676020408
1791154634,250,,Aggregated,113.600000,0.000000,200,320,390,440,560,680,910,1200,3000,5000,5300,43956,0,200,266.9767387843536,4.110499983653426,5294.84039999079,4797.5977568477565
1791154635,250,,Aggregated,111.200000,0.000000,200,320,390,440,560,680,920,1200,3000,5000,5300,44131,0,200,267.4864657339439,4.110499983653426,5294.84039999079,4798.536833518388
1791154636,250,,Aggregated,110.600000,0.000000,190,320,390,440,560,680,920,1200,3000,5000,5300,44229,0,190,266.9466445591105,4.110499983653426,5294.84039999079,4798.002396617604
1791154637,250,,Aggregated,109.300000,0.000000,200,320,390,440,560,680,920,1200,3000,5000,5300,44330,0,200,266.85913601861034,4.110499983653426,5294.84039999079,4797.303744642454
1791154638,250,,Aggregated,117.200000,0.000000,190,320,390,440,560,680,920,1200,3000,5000,5300,44424,0,190,266.70898698463054,4.110499983653426,5294.84039999079,4796.290968845669
1791154639,250,,Aggregated,114.300000,0.000000,200,320,390,440,560,680,920,1200,3000,5000,5300,44524,0,200,266.712883840306,4.110499983653426,5294.84039999079,4796.185248405354
1791154640,250,,Aggregated,112.800000,0.000000,200,320,390,440,560,680,920,1200,3000,5000,5300,44647,0,200,266.6848079222663,4.110499983653426,5294.84039999079,4796.573700360606
1791154641,250,,Aggregated,107.700000,0.000000,200,320,390,440,560,680,910,1200,3000,5000,5300,44756,0,200,266.554847133468,4.110499983653426,5294.84039999079,4797.308785414246
1791154642,250,,Aggregated,108.500000,0.000000,200,320,390,440,560,680,910,1200,3000,5000,5300,44861,0,200,266.507303314784,4.110499983653426,5294.84039999079,4796.943648157642
1791154643,250,,Aggregated,110.700000,0.000000,200,320,390,440,560,680,910,1200,3000,5000,5300,45035,0,200,266.7226927546278,4.110499983653426,5294.84039999079,4797.032219384922
1791154644,250,,Aggregated,105.700000,0.000000,200,320,390,440,560,680,910,1200,3000,5000,5300,45110,0,200,266.6106437731288,4.110499983653426,5294.84039999079,4797.551252493904
1791154645,250,,Aggregated,108.100000,0.000000,200,320,390,440,560,680,910,1200,3000,5000,5300,45181,0,200,266.4793959276283,4.110499983653426,5294.84039999079,4798.00420530754
1791154646,250,,Aggregated,113.400000,0.000000,200,320,390,440,560,680,910,1200,3000,5000,5300,45364,0,200,266.56771376654785,4.110499983653426,5294.84039999079,4797.326161714134
1791154647,250,,Aggregated,114.700000,0.000000,200,320,390,440,560,680,910,1200,3000,5000,5300,45462,0,200,266.5769151358447,4.110499983653426,5294.84039999079,4797.870331265673
1791154649,250,,Aggregated,104.500000,0.000000,200,320,390,440,560,680,910,1200,3000,5000,5300,45545,0,200,266.35424868163966,4.110499983653426,5294.84039999079,4797.743835766824
1791154650,250,,Aggregated,111.100000,0.000000,200,320,390,440,560,680,910,1200,3000,5000,5300,45710,0,200,266.04535231687953,4.110499983653426,5294.84039999079,4797.9402537737915
1791154651,250,,Aggregated,110.400000,0.000000,200,320,390,440,560,680,910,1200,3000,5000,5300,45798,0,200,265.9916955064526,4.110499983653426,5294.84039999079,4797.560504825538
1791154652,250,,Aggregated,117.600000,0.000000,200,320,390,440,560,680,910,1200,3000,5000,5300,45892,0,200,265.9253898153156,4.110499983653426,5294.84039999079,4796.9546761962865
1791154653,250,,Aggregated,113.300000,0.000000,200,320,390,440,560,680,910,1200,3000,5000,5300,46044,0,200,265.7225536314104,4.110499983653426,5294.84039999079,4796.018091390843
1791154654,250,,Aggregated,112.600000,0.000000,200,320,390,440,560,680,910,1200,3000,5000,5300,46130,0,200,265.8006043009842,4.110499983653426,5294.84039999079,4796.040515933232
1791154655,250,,Aggregated,112.600000,0.000000,200,320,390,440,560,680,910,1200,3000,5000,5300,46229,0,200,265.705458169203,4.110499983653426,5294.84039999079,4796.165761751282
1791154656,250,,Aggregated,108.600000,0.000000,200,320,390,440,560,680,900,1200,3000,5000,5300,46394,0,200,265.7391477282419,4.110499983653426,5294.84039999079,4795.9072724921325
1791154657,250,,Aggregated,111.800000,0.000000,200,320,390,440,560,680,900,1200,3000,5000,5300,46489,0,200,265.58152099000984,4.110499983653426,5294.84039999079,4796.274258426724
1791154658,250,,Aggregated,119.800000,0.000000,190,320,390,440,560,680,900,1200,3000,5000,5300,46566,0,190,265.4348398166952,4.110499983653426,5294.84039999079,4796.09270712537
1791154659,250,,Aggregated,111.400000,0.000000,190,320,390,440,560,680,900,1200,3000,5000,5300,46717,0,190,265.11030045177387,4.110499983653426,5294.84039999079,4796.254703855127
1791154660,250,,Aggregated,109.200000,0.000000,190,320,390,440,560,670,900,1200,3000,5000,5300,46832,0,190,265.17706384963327,4.110499983653426,5294.84039999079,4796.721002733174
1791154661,250,,Aggregated,117.100000,0.000000,190,320,390,440,560,670,900,1200,3000,5000,5300,46911,0,190,265.08864037232195,4.110499983653426,5294.84039999079,4796.760034959818
1791154662,250,,Aggregated,110.900000,0.000000,200,320,390,440,560,680,890,1200,3000,5000,5300,47063,0,200,265.28941258326773,4.110499983653426,5294.84039999079,4796.847056073773
1791154663,250,,Aggregated,110.400000,0.000000,190,320,390,440,560,670,890,1200,3000,5000,5300,47130,0,190,265.18080856367453,4.110499983653426,5294.84039999079,4796.4305750053045
1791154664,250,,Aggregated,117.100000,0.000000,200,320,390,440,560,670,890,1200,3000,5000,5300,47235,0,200,265.1934913857482,4.110499983653426,5294.84039999079,4796.609399809463
1791154665,250,,Aggregated,107.300000,0.000000,200,320,390,440,560,670,890,1200,3000,5000,5300,47395,0,200,265.1660876253777,4.110499983653426,5294.84039999079,4797.6429370186725
1791154666,250,,Aggregated,111.000000,0.000000,200,320,390,440,560,670,890,1200,3000,5000,5300,47482,0,200,265.2307684176058,4.110499983653426,5294.84039999079,4797.6450444378925
1791154667,250,,Aggregated,116.200000,0.000000,200,320,390,440,560,670,890,1200,3000,5000,5300,47575,0,200,264.9374913085615,4.110499983653426,5294.84039999079,4797.677792958487
1791154668,250,,Aggregated,107.200000,0.000000,190,320,390,440,560,670,890,1200,3000,5000,5300,47698,0,190,264.7107187618935,4.110499983653426,5294.84039999079,4797.539519476708
1791154669,250,,Aggregated,109.100000,0.000000,190,320,390,440,560,670,890,1200,3000,5000,5300,47784,0,190,264.5381030429655,4.110499983653426,5294.84039999079,4797.41585049389
1791154670,250,,Aggregated,113.600000,0.000000,190,320,390,440,560,670,890,1200,3000,5000,5300,47950,0,190,264.4976974120027,4.110499983653426,5294.84039999079,4797.500625651721
1791154671,250,,Aggregated,106.400000,0.000000,190,320,390,440,560,670,890,1200,3000,5000,5300,48066,0,190,264.4161574045199,4.110499983653426,5294.84039999079,4797.735239046311
1791154672,250,,Aggregated,112.700000,0.000000,190,320,390,440,560,670,890,1200,3000,5000,5300,48156,0,190,264.3697878375831,4.110499983653426,5294.84039999079,4797.213016031232
1791154673,250,,Aggregated,113.900000,0.000000,190,320,390,440,560,670,890,1200,3000,5000,5300,48270,0,190,264.198926262836,4.110499983653426,5294.84039999079,4797.107333747669
1791154674,250,,Aggregated,106.200000,0.000000,190,320,390,440,560,670,890,1200,3000,5000,5300,48367,0,190,264.10542429149854,4.110499983653426,5294.84039999079,4797.172369590837
1791154675,250,,Aggregated,116.000000,0.000000,190,320,390,440,560,670,890,1100,3000,5000,5300,48530,0,190,264.0501979086543,4.110499983653426,5294.84039999079,4797.096929734185
1791154676,250,,Aggregated,112.900000,0.000000,190,320,390,440,560,670,890,1100,3000,5000,5300,48609,0,190,263.94890048565287,4.110499983653426,5294.84039999079,4796.486905717048
1791154677,250,,Aggregated,111.100000,0.000000,190,320,390,440,560,670,880,1100,3000,5000,5300,48762,0,190,263.64832148203567,4.110499983653426,5294.84039999079,4796.503219720274
1791154678,250,,Aggregated,111.100000,0.000000,190,320,390,440,560,670,880,1100,3000,5000,5300,48844,0,190,263.7592676440731,4.110499983653426,5294.84039999079,4796.427340103186
1791154679,250,,Aggregated,114.500000,0.000000,190,320,390,440,560,670,880,1100,3000,5000,5300,48944,0,190,263.66478156886166,4.110499983653426,5294.84039999079,4797.069324125531
1791154680,250,,Aggregated,110.600000,0.000000,190,320,390,440,560,670,880,1100,3000,5000,5300,49051,0,190,263.50332226879533,4.110499983653426,5294.84039999079,4796.769280952478
1791154681,250,,Aggregated,115.500000,0.000000,190,320,390,440,560,670,890,1100,3000,5000,5300,49189,0,190,264.1381491859365,4.110499983653426,5294.84039999079,4796.441053894163
1791154682,250,,Aggregated,110.300000,0.000000,190,320,390,440,560,670,890,1100,3000,5000,5300,49275,0,190,264.1282802720956,4.110499983653426,5294.84039999079,4796.179685438863
1791154683,250,,Aggregated,109.500000,0.000000,190,320,390,440,560,670,880,1100,3000,5000,5300,49397,0,190,263.96088322383065,4.110499983653426,5294.84039999079,4796.514869324048
1791154684,250,,Aggregated,113.500000,0.000000,200,320,390,440,560,670,880,1100,3000,5000,5300,49528,0,200,264.1905391658698,4.110499983653426,5294.84039999079,4797.01657648199
1791154685,250,,Aggregated,112.600000,0.000000,190,320,390,440,560,670,880,1100,3000,5000,5300,49612,0,190,263.9195457753683,4.017299972474575,5294.84039999079,4796.840079013142
1791154686,250,,Aggregated,111.400000,0.000000,200,320,390,440,560,670,880,1100,3000,5000,5300,49752,0,200,264.1337426758045,4.017299972474575,5294.84039999079,4796.830780672134
1791154687,250,,Aggregated,110.100000,0.000000,190,320,390,440,560,670,880,1100,3000,5000,5300,49849,0,190,263.7797723927546,4.017299972474575,5294.84039999079,4796.7936969648335
1791154688,250,,Aggregated,113.200000,0.000000,200,320,390,440,560,670,880,1100,3000,5000,5300,49993,0,200,263.7366132679778,4.017299972474575,5294.84039999079,4796.946612525753
1791154689,250,,Aggregated,112.300000,0.000000,200,320,390,440,560,670,880,1100,3000,5000,5300,50074,0,200,263.6952515837687,4.017299972474575,5294.84039999079,4797.58557335144
1791154690,250,,Aggregated,112.600000,0.000000,200,320,390,440,560,670,880,1100,3000,5000,5300,50171,0,200,263.62075254440754,4.017299972474575,5294.84039999079,4797.479699427957
1791154691,250,,Aggregated,108.600000,0.000000,190,320,390,440,560,670,880,1100,3000,5000,5300,50307,0,190,263.48093324995125,4.017299972474575,5294.84039999079,4797.331345538394
1791154692,250,,Aggregated,112.000000,0.000000,200,320,390,440,560,670,880,1100,3000,5000,5300,50439,0,200,263.40587109986035,4.017299972474575,5294.84039999079,4797.966672614445
1791154693,250,,Aggregated,115.900000,0.000000,190,320,390,440,560,670,880,1100,3000,5000,5300,50506,0,190,263.25368377828033,4.017299972474575,5294.84039999079,4798.077475943453
1791154694,250,,Aggregated,112.200000,0.000000,190,320,390,440,560,670,880,1100,3000,5000,5300,50673,0,190,263.2072429954089,4.017299972474575,5294.84039999079,4798.4303277879735
1791154695,250,,Aggregated,110.900000,0.000000,190,320,390,430,560,670,880,1100,3000,5000,5300,50741,0,190,263.00034574618,4.017299972474575,5294.84039999079,4798.084448473621
1791154696,250,,Aggregated,112.700000,0.000000,190,320,390,430,560,670,880,1100,3000,5000,5300,50844,0,190,262.8953115865496,4.017299972474575,5294.84039999079,4798.26288254268
1791154697,250,,Aggregated,112.200000,0.000000,190,320,390,430,560,670,870,1100,3000,5000,5300,50992,0,190,262.9477472310579,4.017299972474575,5294.84039999079,4797.804655632256
1791154698,250,,Aggregated,113.800000,0.000000,190,320,390,430,560,670,870,1100,3000,5000,5300,51093,0,190,262.76409880229784,4.017299972474575,5294.84039999079,4798.001487483608
1791154699,250,,Aggregated,110.900000,0.000000,190,320,390,440,560,670,870,1100,3000,5000,5300,51199,0,190,263.02696471428254,4.017299972474575,5294.84039999079,4797.42535987031
1791154700,250,,Aggregated,112.600000,0.000000,190,320,390,430,560,670,870,1100,3000,5000,5300,51293,0,190,262.8203972531626,4.017299972474575,5294.84039999079,4797.655333086386
1791154701,250,,Aggregated,111.200000,0.000000,190,320,390,430,560,670,870,1100,3000,5000,5300,51442,0,190,262.7407510906787,4.017299972474575,5294.84039999079,4797.883888651297
1791154702,250,,Aggregated,111.600000,0.000000,190,320,390,430,560,670,870,1100,3000,5000,5300,51518,0,190,262.7621341532498,4.017299972474575,5294.84039999079,4798.069005007958
1791154703,250,,Aggregated,108.300000,0.000000,190,320,390,430,550,670,870,1100,3000,5000,5300,51654,0,190,262.67019498988907,4.017299972474575,5294.84039999079,4798.549618616177
1791154704,250,,Aggregated,110.000000,0.000000,190,320,390,430,550,670,870,1100,3000,5000,5300,51793,0,190,262.53162272138394,4.017299972474575,5294.84039999079,4798.400478829185
1791154705,250,,Aggregated,112.400000,0.000000,190,320,390,430,550,670,870,1100,3000,5000,5300,51890,0,190,262.5146441146464,4.017299972474575,5294.84039999079,4798.592753902486
1791154706,250,,Aggregated,110.100000,0.000000,190,320,390,430,550,670,870,1100,2900,5000,5300,52007,0,190,262.2524418233658,4.017299972474575,5294.84039999079,4799.030726632954
1791154707,250,,Aggregated,108.100000,0.000000,190,320,390,430,550,670,870,1100,2900,5000,5300,52089,0,190,262.36934142349554,4.017299972474575,5294.84039999079,4798.9940294495955
1791154708,250,,Aggregated,109.200000,0.000000,190,320,390,430,550,670,870,1100,2900,5000,5300,52232,0,190,262.2139506606723,4.017299972474575,5294.84039999079,4799.269700566702
1791154709,250,,Aggregated,107.800000,0.000000,190,320,390,430,550,670,870,1100,2900,5000,5300,52330,0,190,261.7509989911713,3.828900051303208,5294.84039999079,4799.172596980699
1791154710,250,,Aggregated,113.400000,0.000000,190,320,390,430,550,670,860,1100,2900,5000,5300,52456,0,190,261.6505456288635,3.828900051303208,5294.84039999079,4798.896599054446
1791154711,250,,Aggregated,115.000000,0.000000,190,320,390,430,550,660,860,1100,2900,5000,5300,52579,0,190,261.7474117995443,3.828900051303208,5294.84039999079,4798.52011259248
1791154712,250,,Aggregated,109.300000,0.000000,190,320,390,430,550,660,860,1100,2900,5000,5300,52644,0,190,261.4617580656591,3.828900051303208,5294.84039999079,4798.460109414178
1791154713,250,,Aggregated,109.200000,0.000000,190,320,390,430,550,660,860,1100,2900,5000,5300,52813,0,190,261.3544641434477,3.828900051303208,5294.84039999079,4798.3117414273
1791154714,250,,Aggregated,115.200000,0.000000,190,320,390,430,550,660,860,1100,2900,5000,5300,52887,0,190,261.02020876789885,3.828900051303208,5294.84039999079,4798.171781345132
1791154715,250,,Aggregated,109.800000,0.000000,190,320,390,430,550,660,860,1100,2900,5000,5300,53027,0,190,261.17356850110036,3.828900051303208,5294.84039999079,4798.7501461519605
1791154716,250,,Aggregated,114.400000,0.000000,190,320,390,430,550,660,860,1100,2900,5000,5300,53129,0,190,261.49273311201085,3.828900051303208,5294.84039999079,4798.470684560221
1791154717,250,,Aggregated,113.200000,0.000000,190,320,390,430,550,660,860,1100,2900,5000,5300,53214,0,190,261.5940620026299,3.828900051303208,5294.84039999079,4798.485436163415
1791154718,250,,Aggregated,110.200000,0.000000,190,320,390,430,550,660,860,1100,2900,5000,5300,53363,0,190,261.3782668048394,3.828900051303208,5294.84039999079,4798.816464591571
1791154719,250,,Aggregated,114.500000,0.000000,190,320,390,430,550,660,860,1100,2900,5000,5300,53443,0,190,261.3459592015274,3.828900051303208,5294.84039999079,4798.58413636959
1791154720,250,,Aggregated,110.200000,0.000000,190,320,390,430,550,660,860,1100,2900,5000,5300,53550,0,190,261.23993085727716,3.828900051303208,5294.84039999079,4798.679701213819
1791154721,250,,Aggregated,111.200000,0.000000,190,320,390,430,550,660,860,1100,2900,5000,5300,53713,0,190,261.10040429515857,3.828900051303208,5294.84039999079,4798.997300467298
1791154722,250,,Aggregated,115.000000,0.000000,190,320,390,430,550,660,860,1100,2900,5000,5300,53815,0,190,260.6289044245203,3.828900051303208,5294.84039999079,4798.642218712255
1791154723,250,,Aggregated,114.700000,0.000000,190,320,390,430,550,660,860,1100,2900,5000,5300,53898,0,190,260.5890743516442,3.828900051303208,5294.84039999079,4799.10675720806
1791154724,250,,Aggregated,112.100000,0.000000,190,320,390,430,550,660,860,1100,2900,5000,5300,54041,0,190,260.62067833875835,3.828900051303208,5294.84039999079,4799.48254103366
1791154725,250,,Aggregated,112.700000,0.000000,190,320,390,430,550,660,860,1100,2900,5000,5300,54149,0,190,260.63966170575964,3.828900051303208,5294.84039999079,4799.693346137509
1791154726,250,,Aggregated,111.700000,0.000000,190,320,390,430,550,660,860,1100,2900,5000,5300,54282,0,190,260.68104051258643,3.828900051303208,5294.84039999079,4799.702442798718
1791154727,250,,Aggregated,111.100000,0.000000,190,320,390,430,550,660,850,1100,2900,5000,5300,54392,0,190,260.36793085571253,3.828900051303208,5294.84039999079,4799.948411531108
1791154728,250,,Aggregated,112.400000,0.000000,190,320,390,430,550,660,850,1100,2900,5000,5300,54504,0,190,260.23947727880073,3.828900051303208,5294.84039999079,4800.0149713782475
1791154729,250,,Aggregated,113.900000,0.000000,190,320,390,430,550,660,850,1100,2900,5000,5300,54623,0,190,260.31258654236973,3.828900051303208,5294.84039999079,4800.487450341431
1791154730,250,,Aggregated,112.100000,0.000000,190,320,390,430,550,660,850,1100,2900,5000,5300,54707,0,190,260.26285073032386,3.828900051303208,5294.84039999079,4800.484892244137
1791154731,250,,Aggregated,111.200000,0.000000,190,320,390,430,550,660,850,1100,2900,5000,5300,54804,0,190,260.15794856949833,3.828900051303208,5294.84039999079,4800.863513612145
1791154732,250,,Aggregated,112.000000,0.000000,190,310,390,430,550,660,850,1100,2900,5000,5300,54974,0,190,259.9291992196921,3.828900051303208,5294.84039999079,4800.658565867501
1791154733,250,,Aggregated,115.300000,0.000000,190,310,390,430,550,660,850,1100,2900,5000,5300,55080,0,190,259.8772861220772,3.828900051303208,5294.84039999079,4800.04883805374
1791154734,250,,Aggregated,111.300000,0.000000,190,310,390,430,550,660,850,1100,2900,5000,5300,55166,0,190,259.8829411504076,3.828900051303208,5294.84039999079,4799.429467425588
1791154735,250,,Aggregated,113.200000,0.000000,190,310,390,430,550,660,850,1100,2900,5000,5300,55283,0,190,259.6354243420981,3.828900051303208,5294.84039999079,4799.177179241358
1791154736,250,,Aggregated,113.700000,0.000000,190,310,390,430,550,660,850,1100,2900,5000,5300,55429,0,190,259.553313072659,3.828900051303208,5294.84039999079,4799.426780205307
1791154737,250,,Aggregated,117.000000,0.000000,190,310,390,430,550,660,850,1100,2900,5000,5300,55506,0,190,259.50902026635464,3.828900051303208,5294.84039999079,4798.8769502396135
1791154738,250,,Aggregated,113.200000,0.000000,190,310,390,430,550,660,850,1100,2900,5000,5300,55594,0,190,259.42297229745634,3.828900051303208,5294.84039999079,4799.088085045149
1791154739,250,,Aggregated,112.900000,0.000000,190,310,390,430,550,660,840,1100,2900,5000,5300,55756,0,190,259.2974446320544,3.828900051303208,5294.84039999079,4799.144540497884
1791154740,250,,Aggregated,114.400000,0.000000,190,310,390,430,550,660,840,1100,2900,5000,5300,55850,0,190,259.265951554259,3.828900051303208,5294.84039999079,4799.469310653536
1791154741,250,,Aggregated,113.700000,0.000000,190,310,390,430,550,660,840,1100,2900,5000,5300,55979,0,190,259.5422078941257,3.828900051303208,5294.84039999079,4798.5150502867145
1791154742,250,,Aggregated,111.100000,0.000000,190,310,390,430,550,660,840,1100,2900,5000,5300,56090,0,190,259.13449693538615,3.828900051303208,5294.84039999079,4798.0730968087
1791154743,250,,Aggregated,108.400000,0.000000,190,310,390,430,550,660,840,1100,2900,5000,5300,56189,0,190,259.166721438468,3.828900051303208,5294.84039999079,4797.616668742992
1791154744,250,,Aggregated,115.900000,0.000000,190,310,390,430,550,660,840,1100,2900,5000,5300,56286,0,190,258.9348085812768,3.828900051303208,5294.84039999079,4798.0130938421635
1791154745,250,,Aggregated,111.900000,0.000000,190,310,390,430,550,660,840,1100,2900,5000,5300,56388,0,190,258.94295657065965,3.828900051303208,5294.84039999079,4798.193516350997
1791154746,250,,Aggregated,112.100000,0.000000,190,310,390,430,550,660,840,1100,2900,5000,5300,56543,0,190,259.0415721894205,3.828900051303208,5294.84039999079,4797.948340201263
1791154747,250,,Aggregated,109.500000,0.000000,190,310,390,430,550,660,840,1100,2900,5000,5300,56626,0,190,258.9476271554864,3.828900051303208,5294.84039999079,4797.448451241479
1791154748,250,,Aggregated,110.500000,0.000000,190,310,380,430,550,660,840,1100,2900,5000,5300,56736,0,190,258.76195111051675,3.828900051303208,5294.84039999079,4796.481598984771
1791154749,250,,Aggregated,114.100000,0.000000,190,310,380,430,550,650,840,1100,2900,5000,5300,56899,0,190,258.5903996503683,3.828900051303208,5294.84039999079,4796.878627040897
1791154750,250,,Aggregated,110.800000,0.000000,190,310,380,430,550,650,840,1100,2900,5000,5300,56990,0,190,258.46949951231693,3.828900051303208,5294.84039999079,4796.9321810844
1791154751,250,,Aggregated,110.500000,0.000000,190,310,380,430,550,650,840,1100,2800,5000,5300,57133,0,190,258.0421050602325,3.828900051303208,5294.84039999079,4796.926679852275
1791154752,250,,Aggregated,114.800000,0.000000,190,310,380,430,550,650,840,1100,2800,5000,5300,57236,0,190,257.6010075268456,3.828900051303208,5294.84039999079,4796.36344258858
1791154753,250,,Aggregated,117.000000,0.000000,190,310,380,430,550,650,840,1100,2800,5000,5300,57308,0,190,257.3147287831756,3.828900051303208,5294.84039999079,4796.1966043135335
1791154754,250,,Aggregated,112.600000,0.000000,190,310,380,430,550,650,840,1100,2800,5000,5300,57473,0,190,257.5034241732175,3.828900051303208,5294.84039999079,4795.433159918571
1791154755,250,,Aggregated,114.600000,0.000000,190,310,380,430,550,650,840,1100,2800,5000,5300,57579,0,190,257.55473034452905,3.828900051303208,5294.84039999079,4795.550843189357
1791154756,250,,Aggregated,108.400000,0.000000,190,310,380,430,550,650,840,1100,2800,5000,5300,57654,0,190,257.3115094149263,3.828900051303208,5294.84039999079,4795.215804627606
1791154757,250,,Aggregated,116.000000,0.000000,190,310,380,430,550,650,840,1100,2800,5000,5300,57821,0,190,257.30739660863605,3.828900051303208,5294.84039999079,4794.87819304405
1791154758,250,,Aggregated,120.600000,0.000000,190,310,380,430,550,650,830,1100,2800,5000,5300,57901,0,190,257.326486221452,3.828900051303208,5294.84039999079,4794.969361496347
1791154759,250,,Aggregated,108.700000,0.000000,190,310,380,430,550,650,830,1100,2800,5000,5300,57999,0,190,257.22125608732256,3.828900051303208,5294.84039999079,4794.327919446887
1791154760,250,,Aggregated,117.700000,0.000000,190,310,380,430,550,650,830,1100,2800,5000,5300,58128,0,190,257.072507967028,3.828900051303208,5294.84039999079,4794.367499311864
1791154761,250,,Aggregated,117.000000,0.000000,190,310,380,430,550,650,830,1100,2800,5000,5300,58215,0,190,256.95033524190285,3.828900051303208,5294.84039999079,4794.076062870394
1791154762,250,,Aggregated,110.600000,0.000000,190,310,380,430,550,650,830,1100,2800,5000,5300,58354,0,190,256.960098238467,3.828900051303208,5294.84039999079,4794.2960379751175
1791154763,250,,Aggregated,112.400000,0.000000,190,310,380,430,550,650,830,1100,2800,5000,5300,58491,0,190,256.9178558035882,3.828900051303208,5294.84039999079,4795.255406814724
1791154764,250,,Aggregated,108.600000,0.000000,190,310,380,430,550,650,830,1100,2800,5000,5300,58602,0,190,256.95356805582696,3.828900051303208,5294.84039999079,4795.455479335176
1791154765,250,,Aggregated,110.800000,0.000000,190,310,380,430,550,650,830,1100,2800,5000,5300,58696,0,190,256.9836861797826,3.828900051303208,5294.84039999079,4795.397914679024
1791154766,250,,Aggregated,118.900000,0.000000,190,310,380,430,550,650,830,1100,2800,5000,5300,58808,0,190,256.9296971212745,3.828900051303208,5294.84039999079,4795.14377295606
1791154767,250,,Aggregated,113.500000,0.000000,190,310,380,430,550,650,830,1100,2800,5000,5300,58955,0,190,256.87829698428317,3.828900051303208,5294.84039999079,4795.1480111949795
1791154768,250,,Aggregated,110.200000,0.000000,190,310,380,430,550,650,830,1100,2800,5000,5300,59037,0,190,256.88157794109446,3.828900051303208,5294.84039999079,4795.481325270593
1791154769,250,,Aggregated,114.300000,0.000000,190,310,380,430,550,650,830,1100,2800,5000,5300,59140,0,190,256.6596254110298,3.828900051303208,5294.84039999079,4795.031416976665
1791154770,250,,Aggregated,112.900000,0.000000,190,310,380,430,550,650,830,1100,2800,5000,5300,59298,0,190,256.73436592479277,3.828900051303208,5294.84039999079,4795.361614219704
1791154771,250,,Aggregated,112.300000,0.000000,190,310,380,430,550,650,830,1100,2800,5000,5300,59384,0,190,256.67493934743476,3.828900051303208,5294.84039999079,4795.24877071265
1791154773,250,,Aggregated,113.000000,0.000000,190,310,380,430,550,650,830,1100,2800,5000,5300,59482,0,190,256.6235537979185,3.828900051303208,5294.84039999079,4794.987122154602
1791154774,250,,Aggregated,115.500000,0.000000,190,310,380,430,550,650,830,1100,2800,5000,5300,59591,0,190,256.43221557127407,3.828900051303208,5294.84039999079,4794.820123844204
1791154775,250,,Aggregated,115.300000,0.000000,190,310,380,430,550,650,830,1100,2800,5000,5300,59755,0,190,256.4083976806606,3.828900051303208,5294.84039999079,4794.36094050707
1791154776,250,,Aggregated,109.400000,0.000000,190,310,380,430,550,650,830,1100,2800,5000,5300,59838,0,190,256.29442643483304,3.828900051303208,5294.84039999079,4794.216200407767
1791154777,250,,Aggregated,114.600000,0.000000,190,310,380,430,550,650,830,1100,2800,5000,5300,59930,0,190,256.1285000134682,3.828900051303208,5294.84039999079,4794.579576172201
1791154778,250,,Aggregated,112.800000,0.000000,190,310,380,430,550,650,830,1100,2800,4900,5300,60089,0,190,256.3413982244231,3.828900051303208,5294.84039999079,4794.340445006574
1791154779,250,,Aggregated,112.100000,0.000000,190,310,380,430,550,650,830,1100,2800,4900,5300,60154,0,190,256.17968008290785,3.828900051303208,5294.84039999079,4794.319363633341
1791154780,250,,Aggregated,111.200000,0.000000,190,310,380,430,550,650,830,1100,2800,4900,5300,60255,0,190,256.15200324963797,3.828900051303208,5294.84039999079,4793.713368185213
1791154781,250,,Aggregated,110.300000,0.000000,190,310,380,430,550,650,830,1100,2800,4900,5300,60433,0,190,256.2040215380365,3.828900051303208,5294.84039999079,4793.925818675227
1791154782,250,,Aggregated,110.600000,0.000000,190,310,380,430,550,650,830,1100,2800,4900,5300,60520,0,190,256.13983014884565,3.828900051303208,5294.84039999079,4794.235194976867
1791154783,250,,Aggregated,111.600000,0.000000,190,310,380,430,550,650,830,1100,2800,4900,5300,60613,0,190,256.06622273783887,3.828900051303208,5294.84039999079,4794.101529374887
1791154784,250,,Aggregated,111.600000,0.000000,190,310,380,430,550,650,830,1100,2800,4900,5300,60709,0,190,255.9386302971323,3.828900051303208,5294.84039999079,4794.2766311420055
1791154785,250,,Aggregated,111.600000,0.000000,190,310,380,430,550,650,830,1100,2800,4900,5300,60872,0,190,255.91546690939614,3.828900051303208,5294.84039999079,4794.260694572217
1791154786,250,,Aggregated,111.700000,0.000000,190,310,380,430,550,650,830,1100,2800,4900,5300,60954,0,190,255.7969064656678,3.828900051303208,5294.84039999079,4794.425845719723
1791154787,250,,Aggregated,110.000000,0.000000,190,310,380,430,550,650,830,1100,2800,4900,5300,61045,0,190,255.80145914994955,3.828900051303208,5294.84039999079,4794.729822262266
1791154788,250,,Aggregated,110.000000,0.000000,190,310,380,430,550,650,820,1100,2800,4900,5300,61207,0,190,255.80806185091097,3.828900051303208,5294.84039999079,4794.497296060908
1791154789,250,,Aggregated,109.300000,0.000000,190,310,380,430,550,650,820,1100,2800,4900,5300,61260,0,190,255.638098446114,3.828900051303208,5294.84039999079,4794.622543258243
1791154790,250,,Aggregated,112.700000,0.000000,190,310,380,430,550,650,820,1100,2800,4900,5300,61417,0,190,255.6969219110199,3.828900051303208,5294.84039999079,4794.844977774883
1791154791,250,,Aggregated,111.400000,0.000000,190,310,380,430,550,650,820,1100,2800,4900,5300,61530,0,190,255.82707224945284,3.828900051303208,5294.84039999079,4794.863383715261
1791154792,250,,Aggregated,116.700000,0.000000,190,310,380,430,550,650,820,1100,2800,4900,5300,61626,0,190,256.0198083196824,3.828900051303208,5294.84039999079,4794.970499464512
1791154793,250,,Aggregated,109.400000,0.000000,190,310,380,430,550,650,820,1100,2800,4900,5300,61757,0,190,255.68422607653758,3.828900051303208,5294.84039999079,4794.364687403857
1791154794,250,,Aggregated,109.600000,0.000000,190,310,380,430,550,650,820,1100,2800,4900,5300,61851,0,190,255.81390648992223,3.828900051303208,5294.84039999079,4794.3219026369825
1791154795,250,,Aggregated,113.500000,0.000000,190,310,380,430,550,650,820,1100,2800,4900,5300,61946,0,190,255.73195429580386,3.828900051303208,5294.84039999079,4794.121492913182
1791154796,250,,Aggregated,111.500000,0.000000,190,310,380,430,550,650,820,1100,2800,4900,5300,62082,0,190,255.84642070018648,3.828900051303208,5294.84039999079,4793.70690377243
1791154797,250,,Aggregated,108.700000,0.000000,190,310,380,430,550,650,820,1100,2800,4900,5300,62177,0,190,255.99562938239384,3.828900051303208,5294.84039999079,4793.855139360214
1791154798,250,,Aggregated,108.700000,0.000000,190,310,380,430,550,650,820,1100,2800,4900,5300,62266,0,190,255.8584745946333,3.828900051303208,5294.84039999079,4794.083062987826
1791154799,250,,Aggregated,112.600000,0.000000,190,310,380,430,550,650,820,1100,2800,4900,5300,62419,0,190,255.79406866035166,3.828900051303208,5294.84039999079,4793.807670741281
1791154800,250,,Aggregated,106.400000,0.000000,190,310,380,430,550,650,820,1100,2800,4900,5300,62482,0,190,255.620712875871,3.828900051303208,5294.84039999079,4793.899186965846
1791154801,250,,Aggregated,113.600000,0.000000,190,310,380,430,550,650,820,1100,2800,4900,5300,62624,0,190,255.52810792203553,3.828900051303208,5294.84039999079,4793.235053653551
1791154802,250,,Aggregated,106.100000,0.000000,190,310,380,430,550,650,820,1100,2800,4900,5300,62761,0,190,255.61538067127276,3.828900051303208,5294.84039999079,4792.716240977677
1791154803,250,,Aggregated,110.400000,0.000000,190,310,380,430,550,650,820,1100,2800,4900,5300,62832,0,190,255.5233665506386,3.828900051303208,5294.84039999079,4792.961993888464
1791154804,250,,Aggregated,112.300000,0.000000,190,310,380,430,550,650,820,1100,2800,4900,5300,62954,0,190,255.3998120105136,3.828900051303208,5294.84039999079,4793.288877593163
1791154805,250,,Aggregated,107.800000,0.000000,190,310,380,430,550,650,820,1100,2800,4900,5300,63097,0,190,255.4912729988787,3.828900051303208,5294.84039999079,4793.116297129816
1791154806,250,,Aggregated,112.600000,0.000000,190,310,380,430,550,650,820,1000,2800,4900,5300,63202,0,190,255.10093520157665,3.828900051303208,5294.84039999079,4793.126356760862
1791154807,250,,Aggregated,111.800000,0.000000,190,310,380,430,550,650,820,1000,2800,4900,5300,63317,0,190,255.33498072727696,3.828900051303208,5294.84039999079,4793.081384146438
1791154808,250,,Aggregated,110.000000,0.000000,190,310,380,430,550,650,820,1000,2800,4900,5300,63418,0,190,255.26362385300487,3.828900051303208,5294.84039999079,4792.914141095588
1791154809,250,,Aggregated,110.300000,0.000000,190,310,380,430,550,650,820,1000,2800,4900,5300,63519,0,190,255.22570855980211,3.828900051303208,5294.84039999079,4792.397629055873
1791154810,250,,Aggregated,110.500000,0.000000,190,310,380,430,550,650,820,1000,2800,4900,5300,63641,0,190,255.2513916109197,3.828900051303208,5294.84039999079,4792.570575572351
1791154811,250,,Aggregated,108.000000,0.000000,190,310,380,430,550,650,820,1000,2800,4900,5300,63740,0,190,255.23414351443054,3.828900051303208,5294.84039999079,4792.3511609664265
1791154812,250,,Aggregated,116.200000,0.000000,190,310,380,430,550,650,820,1000,2800,4900,5300,63901,0,190,255.34100120201146,3.828900051303208,5294.84039999079,4792.05618065445
1791154813,250,,Aggregated,112.200000,0.000000,190,310,380,430,550,650,820,1000,2800,4900,5300,63988,0,190,255.33424418500593,3.828900051303208,5294.84039999079,4791.927939613677
1791154814,250,,Aggregated,111.300000,0.000000,190,310,380,430,550,640,820,1000,2800,4900,5300,64119,0,190,255.23904260531037,3.828900051303208,5294.84039999079,4790.786272399757
1791154815,250,,Aggregated,111.200000,0.000000,190,310,380,430,550,640,820,1000,2800,4900,5300,64200,0,190,255.31447276963831,3.828900051303208,5294.84039999079,4790.550809968848
1791154816,250,,Aggregated,109.800000,0.000000,190,310,380,430,550,640,820,1000,2800,4900,5300,64297,0,190,255.28278778341917,3.828900051303208,5294.84039999079,4790.520179790659
1791154817,250,,Aggregated,107.800000,0.000000,190,310,380,430,550,640,820,1000,2800,4900,5300,64391,0,190,255.11872797301083,3.828900051303208,5294.84039999079,4790.098383314438
1791154818,250,,Aggregated,110.400000,0.000000,190,310,380,430,550,640,820,1000,2800,4900,5300,64582,0,190,255.16924797636682,3.828900051303208,5294.84039999079,4790.049750704531
1791154819,250,,Aggregated,113.600000,0.000000,190,310,380,430,550,640,820,1000,2800,4900,5300,64674,0,190,254.8382935292393,3.828900051303208,5294.84039999079,4790.526161981631
1791154820,250,,Aggregated,113.900000,0.000000,190,310,380,430,550,640,820,1000,2800,4900,5300,64759,0,190,254.75648961704712,3.828900051303208,5294.84039999079,4790.156796738677
1791154821,250,,Aggregated,115.400000,0.000000,190,310,380,430,550,640,820,1000,2800,4900,5300,64914,0,190,254.50114895261206,3.828900051303208,5294.84039999079,4790.243137073667
1791154822,250,,Aggregated,107.500000,0.000000,190,310,380,430,550,640,820,1000,2800,4900,5300,65002,0,190,254.5342471863981,3.828900051303208,5294.84039999079,4790.505753669117
1791154823,250,,Aggregated,113.100000,0.000000,190,310,380,430,550,640,820,1000,2800,4900,5300,65081,0,190,254.40688544906808,3.828900051303208,5294.84039999079,4790.453680797775
1791154824,250,,Aggregated,109.700000,0.000000,190,310,380,430,550,640,820,1000,2800,4900,5300,65247,0,190,254.27970929409767,3.828900051303208,5294.84039999079,4790.670099774702
1791154825,250,,Aggregated,114.500000,0.000000,190,310,380,430,550,640,820,1000,2800,4900,5300,65322,0,190,254.29649517025086,3.828900051303208,5294.84039999079,4790.9350754722755
1791154826,250,,Aggregated,115.600000,0.000000,190,310,380,430,550,640,820,1000,2800,4900,5300,65455,0,190,254.3754201804599,3.828900051303208,5294.84039999079,4790.58620426247
1791154827,250,,Aggregated,113.400000,0.000000,190,310,380,430,550,640,820,1000,2800,4900,5300,65585,0,190,254.2865768256795,3.828900051303208,5294.84039999079,4790.799710299611
1791154828,250,,Aggregated,116.600000,0.000000,190,310,380,430,550,640,820,1000,2800,4900,5300,65686,0,190,254.25551458776468,3.828900051303208,5294.84039999079,4790.081448101574
1791154829,250,,Aggregated,115.500000,0.000000,190,310,380,430,550,640,820,1000,2800,4900,5300,65814,0,190,253.98785145427533,3.828900051303208,5294.84039999079,4790.117984015559
1791154830,250,,Aggregated,109.800000,0.000000,190,310,380,430,540,640,820,1000,2800,4900,5300,65877,0,190,253.80093673835154,3.828900051303208,5294.84039999079,4789.564081545911
1791154831,250,,Aggregated,114.600000,0.000000,190,310,380,430,540,640,820,1000,2800,4900,5300,66027,0,190,253.82689316663294,3.828900051303208,5294.84039999079,4789.527284292789
1791154832,250,,Aggregated,115.900000,0.000000,190,310,380,430,550,640,810,1000,2800,4900,5300,66153,0,190,253.8556477969773,3.828900051303208,5294.84039999079,4789.943706256708
1791154833,250,,Aggregated,112.700000,0.000000,190,310,380,430,540,640,810,1000,2800,4900,5300,66263,0,190,253.89116207557345,3.828900051303208,5294.84039999079,4790.070356005614
1791154834,250,,Aggregated,115.800000,0.000000,190,310,380,430,540,640,810,1000,2800,4900,5300,66350,0,190,253.7153072828033,3.828900051303208,5294.84039999079,4790.309510173323
1791154835,250,,Aggregated,109.700000,0.000000,190,310,380,430,540,640,810,1000,2800,4900,5300,66503,0,190,253.72095099489843,3.828900051303208,5294.84039999079,4789.704479497165
1791154836,250,,Aggregated,113.600000,0.000000,190,310,380,430,540,640,810,1000,2800,4900,5300,66601,0,190,253.78079710534962,3.828900051303208,5294.84039999079,4789.5964625155775
1791154837,250,,Aggregated,114.400000,0.000000,190,310,380,430,550,640,820,1000,2800,4900,5300,66680,0,190,253.99616471225826,3.828900051303208,5294.84039999079,4789.712207558488
