Timestamp,User Count,Type,Name,Requests/s,Failures/s,50%,66%,75%,80%,90%,95%,98%,99%,99.9%,99.99%,100%,Total Request Count,Total Failure Count,Total Median Response Time,Total Average Response Time,Total Min Response Time,Total Max Response Time,Total Average Content Size
1791115818,0,,Aggregated,0.000000,0.000000,N/A,N/A,N/A,N/A,N/A,N/A,N/A,N/A,N/A,N/A,N/A,0,0,0,0.0,0,0,0
1791115819,25,,Aggregated,0.000000,0.000000,210,230,230,240,260,270,270,270,270,270,270,50,0,210,154.2609339999035,18.272199959028512,268.5818999889307,5261.66
1791115820,50,,Aggregated,0.000000,0.000000,61,110,190,220,240,260,270,270,270,270,270,107,0,61,101.57004392664514,3.8725000340491533,268.5818999889307,5107.401869158878
1791115821,75,,Aggregated,50.000000,0.000000,42,79,100,150,230,250,260,270,270,270,270,182,0,42,81.48399175907188,3.0512000084854662,268.5818999889307,5025.868131868132
1791115822,125,,Aggregated,52.000000,0.000000,37,58,82,99,210,240,260,270,270,270,270,281,0,37,67.05538256241347,2.398100041318685,268.5818999889307,4851.64768683274
1791115823,150,,Aggregated,56.333333,0.000000,34,44,60,80,170,230,250,260,270,270,270,373,0,34,55.94338766775461,2.3830000427551568,268.5818999889307,4855.965147453083
1791115824,175,,Aggregated,64.250000,0.000000,30,42,58,69,110,220,240,260,270,270,270,507,0,30,49.36763905268897,2.3830000427551568,268.5818999889307,4906.757396449704
1791115825,200,,Aggregated,69.800000,0.000000,30,43,56,67,100,220,250,260,270,270,270,623,0,30,48.56147993648242,2.3830000427551568,274.03099997900426,4855.701444622793
1791115826,225,,Aggregated,78.000000,0.000000,26,39,49,60,95,200,240,260,270,270,270,776,0,26,43.34452139165975,2.3830000427551568,274.03099997900426,4891.9639175257735
1791115827,250,,Aggregated,82.428571,0.000000,26,38,47,56,90,160,240,250,270,270,270,909,0,26,41.21070099056814,2.3830000427551568,274.03099997900426,4929.365236523652
1791115828,275,,Aggregated,89.375000,0.000000,24,36,44,51,82,140,230,250,270,270,270,1089,0,24,37.940974931935614,2.3830000427551568,274.03099997900426,4945.027548209367
1791115829,300,,Aggregated,95.111111,0.000000,21,33,42,49,79,110,230,250,270,270,270,1256,0,21,35.15733049430396,2.3830000427551568,274.03099997900426,4947.786624203822
1791115830,325,,Aggregated,101.000000,0.000000,22,36,44,52,85,140,230,250,400,410,410,1454,0,22,38.04404896908495,2.1938999998383224,414.226199965924,4940.52682255846
1791115831,350,,Aggregated,113.200000,0.000000,22,35,44,51,81,120,230,250,400,410,410,1643,0,22,36.65984692692539,2.1938999998383224,414.226199965924,4937.873402312843
1791115832,375,,Aggregated,126.400000,0.000000,23,35,43,50,79,110,220,250,400,410,410,1867,0,23,35.788671559133896,2.1938999998383224,414.226199965924,4949.132833422603
1791115833,400,,Aggregated,138.200000,0.000000,25,38,47,57,89,150,240,260,470,490,490,2061,0,25,41.13182265940495,2.1938999998383224,492.4000999890268,4945.362930616206
1791115834,425,,Aggregated,150.100000,0.000000,27,42,52,65,110,220,290,370,570,580,580,2330,0,27,49.92163472168363,1.99859996791929,575.6515000248328,4944.0648068669525
1791115835,450,,Aggregated,160.500000,0.000000,29,44,58,71,140,230,330,460,570,580,580,2576,0,29,55.165501281730066,1.99859996791929,575.6515000248328,4932.443711180124
1791115836,475,,Aggregated,167.000000,0.000000,27,42,53,67,130,220,320,450,570,580,580,2825,0,27,52.22474431909571,1.99859996791929,575.6515000248328,4940.481415929204
1791115837,500,,Aggregated,183.800000,0.000000,29,44,61,76,150,230,350,460,570,580,580,3102,0,29,57.23946511965448,1.99859996791929,575.6515000248328,4927.85138620245
1791115838,525,,Aggregated,196.300000,0.000000,31,47,66,83,160,240,370,470,570,580,580,3368,0,31,60.6984049588527,1.99859996791929,580.6706000003032,4915.752672209026
1791115839,550,,Aggregated,205.900000,0.000000,34,54,78,98,200,300,460,510,790,830,830,3612,0,34,72.65790949645155,1.99859996791929,834.7781000193208,4925.5678294573645
1791115840,575,,Aggregated,215.400000,0.000000,37,59,82,100,210,330,480,570,940,1000,1000,3940,0,37,77.64021271597748,1.99859996791929,1020.4350000130944,4918.306852791879
1791115841,600,,Aggregated,223.300000,0.000000,35,56,77,95,190,320,470,560,910,1000,1000,4233,0,35,74.41627826615807,1.99859996791929,1020.4350000130944,4929.421922986062
1791115842,625,,Aggregated,240.900000,0.000000,37,60,86,110,220,350,510,630,910,1000,1000,4359,0,37,81.99948607504624,1.99859996791929,1020.4350000130944,4948.845606790548
1791115843,650,,Aggregated,251.900000,0.000000,42,72,110,160,350,570,890,1100,1700,1800,1800,4737,25,42,123.72232328497822,1.99859996791929,1772.8277000132948,4955.816972767574
1791115844,675,,Aggregated,253.600000,0.000000,44,79,130,180,410,740,1300,1500,2400,2600,2600,5062,25,44,152.9325229554676,1.99859996791929,2629.8702000058256,4893.674634531805
1791115845,700,,Aggregated,249.300000,0.000000,48,90,150,210,410,770,1200,1500,2400,2600,2600,5325,25,48,159.59839718317954,1.99859996791929,2629.8702000058256,4922.150985915493
1791115846,725,,Aggregated,277.000000,2.500000,54,94,160,220,470,830,1300,1500,2400,2600,2600,5748,25,54,169.54789431104004,1.99859996791929,2629.8702000058256,4892.818197633959
1791115847,750,,Aggregated,270.500000,2.500000,56,93,160,220,470,830,1300,1500,2400,2600,2600,6113,25,56,171.61197631276357,1.99859996791929,2629.8702000058256,4877.116800261737
1791115848,775,,Aggregated,278.600000,2.500000,61,110,170,250,470,830,1300,1500,2400,2600,2600,6450,25,61,176.94197531782322,1.99859996791929,2629.8702000058256,4902.437829457364
1791115849,800,,Aggregated,299.100000,2.500000,62,110,180,260,500,870,1300,1500,2400,2600,2600,6862,25,62,183.7942027690104,1.99859996791929,2629.8702000058256,4867.322209268435
1791115850,825,,Aggregated,298.700000,2.500000,67,110,170,250,490,860,1300,1500,2300,2600,2600,7229,25,67,182.59648988820223,1.99859996791929,2629.8702000058256,4860.54392032093
1791115851,850,,Aggregated,319.300000,2.500000,68,120,200,260,490,850,1300,1500,2300,2600,2600,7394,25,68,185.89016667595124,1.99859996791929,2629.8702000058256,4877.539491479578
1791115852,875,,Aggregated,322.100000,2.500000,73,140,240,330,660,870,1300,1600,2300,2600,2600,7779,54,73,213.63994338631713,1.99859996791929,2629.8702000058256,4894.437202725286
1791115853,900,,Aggregated,325.300000,2.500000,77,150,260,340,680,920,1400,1800,2300,2600,2600,8154,54,77,226.9987926664966,1.99859996791929,2629.8702000058256,4902.025754231052
1791115854,925,,Aggregated,320.300000,2.500000,81,150,250,340,680,940,1500,2100,2500,3300,3300,8510,54,81,234.9290887900225,1.99859996791929,3346.2695999769494,4906.081316098707
1791115855,950,,Aggregated,348.000000,5.400000,83,150,250,340,680,990,1700,2200,4200,4700,4700,8939,54,83,244.68513577600868,1.99859996791929,4686.262000002898,4903.897192079651
1791115856,975,,Aggregated,335.200000,2.900000,84,150,250,340,690,1100,1900,2300,4300,5300,5300,9300,54,84,257.52734224756387,1.99859996791929,5312.885899969842,4894.166451612903
1791115857,1000,,Aggregated,0.000000,0.000000,150,160,200,220,4200,6100,6400,6900,6900,6900,6900,55,0,150,816.5241763651879,94.08629999961704,6873.3483999967575,4799.654545454546
1791115858,1000,,Aggregated,0.000000,0.000000,230,250,290,340,2500,4300,6100,6700,8000,8000,8000,424,0,220,714.9892782998098,94.08629999961704,7968.457099981606,4951.919811320755
1791115859,1000,,Aggregated,0.000000,0.000000,220,260,280,290,1000,4000,4600,6700,8800,8800,8800,800,0,220,574.1562333750335,50.926600000821054,8842.25059999153,5067.86375
1791115860,1000,,Aggregated,145.000000,0.000000,190,240,270,280,1000,3200,5100,6900,9100,9300,9300,1087,0,190,576.5161956763799,50.926600000821054,9340.210399997886,5038.369825206992
1791115861,1000,,Aggregated,249.000000,0.000000,180,230,250,280,1000,3400,5600,6900,9300,9500,9500,1465,0,180,582.4282122192246,49.388399987947196,9462.543100002222,4983.8675767918085
1791115862,1000,,Aggregated,284.666667,0.000000,160,220,240,270,2300,3400,5900,7300,10000,10000,10000,1808,0,160,604.1416198011543,45.62629997963086,10015.527600015048,4958.326327433629
1791115863,1000,,Aggregated,291.000000,0.000000,160,220,240,270,2400,3500,6200,7600,10000,12000,12000,2137,0,160,617.6245381846888,45.62629997963086,11969.42089998629,4941.87646233037
1791115864,1000,,Aggregated,301.600000,0.000000,150,200,240,270,2900,3600,6700,8800,13000,13000,13000,2496,0,150,669.5973406652299,45.62629997963086,12730.840899981558,4899.268028846154
1791115865,1000,,Aggregated,312.333333,0.000000,140,190,230,260,2900,3600,6700,8900,13000,13000,13000,2822,0,140,678.7537836995806,45.62629997963086,12978.184700012207,4885.919560595323
1791115866,1000,,Aggregated,315.142857,0.000000,140,180,230,250,3000,3600,6700,9300,13000,16000,16000,3186,0,140,691.2163337101955,39.7749999538064,15689.715899992734,4871.194287507847
1791115867,1000,,Aggregated,319.125000,0.000000,140,170,220,250,2900,3600,6900,9500,15000,16000,16000,3526,0,140,695.463815002987,39.7749999538064,15703.203700017184,4871.4611457742485
1791115868,1000,,Aggregated,322.222222,0.000000,130,170,220,240,3200,4400,7500,9800,16000,17000,17000,3859,0,130,725.056772816828,39.7749999538064,16544.188000028953,4869.596009328841
1791115869,1000,,Aggregated,323.100000,0.000000,130,160,220,240,3300,4600,8700,10000,16000,19000,19000,4225,0,130,767.3542753135036,33.638899971265346,18633.511800027918,4844.433609467455
1791115870,1000,,Aggregated,343.700000,0.000000,130,160,220,250,3300,6100,9500,10000,16000,19000,19000,4594,0,130,827.2392088810259,30.911100038792938,18633.511800027918,4801.906617326948
1791115871,1000,,Aggregated,342.500000,0.000000,130,160,210,240,3300,5900,9300,10000,16000,19000,19000,4940,0,130,813.9406097975445,30.911100038792938,18796.2864000001,4803.961740890688
1791115872,1000,,Aggregated,342.100000,0.000000,130,160,200,240,3200,5700,9100,10000,17000,21000,21000,5254,0,130,796.0660449179726,30.911100038792938,21123.42209997587,4814.702893033879
1791115873,1000,,Aggregated,347.100000,0.000000,120,150,200,230,3100,5700,9100,10000,17000,21000,21000,5650,0,120,792.489762229863,30.911100038792938,21123.42209997587,4821.304424778761
1791115874,1000,,Aggregated,348.100000,0.000000,120,150,190,230,3100,5600,9100,11000,18000,22000,22000,6013,0,120,798.8067040079135,30.911100038792938,21637.510300031863,4821.909196740396
1791115875,1000,,Aggregated,344.900000,0.000000,120,150,190,230,3100,5600,9100,11000,18000,22000,22000,6399,0,120,828.5750709328094,30.911100038792938,21637.510300031863,4782.895764963276
1791115876,1000,,Aggregated,349.200000,0.000000,120,150,180,230,3100,5600,9100,11000,18000,22000,22000,6811,0,120,835.412399441874,30.911100038792938,21637.510300031863,4765.881368374688
1791115877,1000,,Aggregated,350.900000,0.000000,120,150,180,230,3100,5600,9300,11000,19000,22000,22000,7218,0,120,837.3994713908254,30.911100038792938,21819.10770002287,4766.292601828762
1791115878,1000,,Aggregated,354.400000,0.000000,110,150,180,230,3100,5600,9300,12000,19000,22000,22000,7626,0,110,835.874336572102,30.911100038792938,21819.10770002287,4744.006294256491
1791115879,1000,,Aggregated,361.900000,0.000000,110,150,180,230,3000,5500,9300,12000,19000,22000,22000,8036,0,110,835.2740804876438,30.911100038792938,21819.10770002287,4743.867346938776
1791115880,1000,,Aggregated,368.000000,0.000000,110,150,180,230,2900,5400,9100,12000,19000,22000,22000,8430,0,110,816.1607588017295,30.911100038792938,21819.10770002287,4736.0162514828
1791115881,1000,,Aggregated,371.100000,0.000000,110,140,170,220,2800,5200,9000,11000,19000,22000,22000,8821,0,110,789.1488426367727,30.911100038792938,21819.10770002287,4749.893436118354
1791115882,1000,,Aggregated,378.900000,0.000000,110,140,170,220,2800,5100,8900,11000,19000,22000,22000,9194,0,110,778.4973999455185,30.911100038792938,21819.10770002287,4751.340004350664
1791115883,1000,,Aggregated,381.200000,0.000000,120,150,170,220,2700,4900,8700,11000,19000,22000,22000,9545,0,120,766.1267093974486,30.911100038792938,21819.10770002287,4763.736301728653
1791115884,1000,,Aggregated,385.100000,0.000000,110,140,170,210,2600,4800,8400,11000,19000,22000,22000,9916,0,110,754.7329846206717,30.911100038792938,21819.10770002287,4766.585215812827
1791115885,1000,,Aggregated,388.300000,0.000000,110,140,170,210,2600,4600,8200,11000,19000,22000,22000,10261,0,110,745.4919757722031,30.911100038792938,21819.10770002287,4767.346067634733
1791115886,1000,,Aggregated,387.000000,0.000000,110,140,170,210,2600,4600,8000,11000,19000,22000,22000,10594,0,110,735.15082471197,30.911100038792938,21819.10770002287,4767.681517840287
1791115887,1000,,Aggregated,386.600000,0.000000,110,140,170,200,2600,4600,8000,10000,19000,22000,22000,10947,0,110,731.5066005571155,30.911100038792938,21819.10770002287,4766.1297159039
1791115888,1000,,Aggregated,383.000000,0.000000,110,140,170,200,2700,4800,8000,10000,18000,22000,22000,11322,0,110,739.9743295177532,30.911100038792938,21819.10770002287,4755.947889065536
1791115890,1000,,Aggregated,369.400000,0.000000,110,140,160,200,2700,4800,7800,10000,18000,22000,22000,11680,0,110,734.9772976798154,30.911100038792938,21819.10770002287,4758.044606164383
1791115891,1000,,Aggregated,369.400000,0.000000,110,140,170,200,2600,4900,7800,10000,18000,22000,22000,11972,0,110,733.4697000167415,30.911100038792938,21819.10770002287,4767.449214834614
1791115892,1000,,Aggregated,361.300000,0.000000,110,140,170,200,2700,4900,7900,10000,18000,22000,22000,12339,1,110,734.4121277494474,12.225399957969785,21819.10770002287,4767.151876165005
1791115893,1000,,Aggregated,352.500000,0.000000,110,140,170,210,2700,4900,7900,10000,18000,22000,22000,12647,1,110,733.2717653040679,12.225399957969785,21819.10770002287,4775.748003479086
1791115894,1000,,Aggregated,349.500000,0.100000,110,140,170,210,2700,4900,8000,10000,18000,22000,28000,13005,1,110,740.0609718108519,12.225399957969785,27757.628299994394,4772.552864282968
1791115895,1000,,Aggregated,343.300000,0.100000,110,140,170,200,2700,4900,8000,10000,18000,24000,28000,13326,1,110,745.5050948821826,12.225399957969785,27757.628299994394,4767.350892991145
1791115896,1000,,Aggregated,341.900000,0.100000,110,140,170,200,2700,4900,8100,11000,19000,24000,28000,13697,1,110,749.535136584648,12.225399957969785,27757.628299994394,4768.853617580492
1791115897,1000,,Aggregated,339.000000,0.100000,110,140,170,200,2800,5100,8400,11000,18000,24000,28000,14076,1,110,768.2964145851005,12.225399957969785,27757.628299994394,4757.136899687412
1791115898,1000,,Aggregated,340.900000,0.100000,110,140,170,210,2800,5200,8800,11000,19000,24000,28000,14496,1,110,789.4200639555518,12.225399957969785,27757.628299994394,4742.965438741722
1791115899,1000,,Aggregated,345.400000,0.100000,110,140,170,210,2800,5300,8800,11000,19000,24000,28000,14912,1,110,793.3312678849205,12.225399957969785,27757.628299994394,4742.436896459228
1791115900,1000,,Aggregated,348.800000,0.100000,110,140,170,210,2800,5300,8900,11000,19000,24000,28000,15339,1,110,794.5266741573807,12.225399957969785,27757.628299994394,4733.071256274855
1791115901,1000,,Aggregated,350.400000,0.100000,110,140,170,200,2800,5200,8800,11000,19000,24000,28000,15728,1,110,788.0480646172638,12.225399957969785,27757.628299994394,4732.171159715158
1791115902,1000,,Aggregated,358.500000,0.100000,110,140,170,200,2700,5200,8600,11000,19000,24000,28000,16102,1,110,777.3105810147507,12.225399957969785,27757.628299994394,4741.789156626506
1791115903,1000,,Aggregated,368.200000,0.100000,110,140,170,200,2700,5100,8500,11000,19000,24000,28000,16489,1,110,764.8361984413285,12.225399957969785,27757.628299994394,4750.090363272485
1791115904,1000,,Aggregated,367.100000,0.000000,110,140,170,200,2700,5100,8500,11000,19000,24000,28000,16860,1,110,760.2162490509609,12.225399957969785,27757.628299994394,4755.779478054567
1791115905,1000,,Aggregated,374.500000,0.000000,110,140,170,200,2600,5000,8400,11000,19000,24000,28000,17211,1,110,754.6660576142596,12.225399957969785,27757.628299994394,4757.7757829295215
1791115906,1000,,Aggregated,379.500000,0.000000,110,140,160,200,2600,4900,8300,11000,19000,24000,28000,17576,1,110,751.8390445607004,12.225399957969785,27757.628299994394,4760.081019572144
1791115907,1000,,Aggregated,381.600000,0.000000,110,140,160,200,2600,4900,8200,11000,19000,24000,28000,17906,1,110,747.0977073996331,12.225399957969785,27757.628299994394,4760.352786775383
1791115908,1000,,Aggregated,380.600000,0.000000,110,140,170,200,2600,4800,8100,11000,19000,24000,28000,18253,1,110,740.8943957813646,12.225399957969785,27757.628299994394,4766.526379225333
1791115909,1000,,Aggregated,377.600000,0.000000,110,140,170,200,2600,4800,8100,11000,19000,24000,28000,18591,1,110,746.6199854498216,12.225399957969785,27757.628299994394,4762.056532730891
1791115910,1000,,Aggregated,370.700000,0.000000,110,140,170,200,2600,4900,8200,11000,19000,24000,28000,18923,1,110,752.2870942925097,12.225399957969785,27757.628299994394,4761.143317655763
1791115911,1000,,Aggregated,367.000000,0.000000,110,140,170,200,2600,4900,8100,11000,19000,26000,28000,19255,1,110,749.1650020616613,12.225399957969785,27757.628299994394,4767.86123084913
1791115912,1000,,Aggregated,358.900000,0.000000,110,140,170,200,2600,4900,8200,11000,19000,26000,28000,19598,1,110,746.3557227215546,12.225399957969785,27757.628299994394,4771.390294928054
1791115913,1000,,Aggregated,351.400000,0.000000,110,140,170,200,2600,4900,8400,11000,19000,26000,28000,19956,1,110,751.4732022247016,12.225399957969785,27757.628299994394,4770.169773501704
1791115914,1000,,Aggregated,351.700000,0.000000,110,140,170,200,2600,4900,8400,11000,19000,24000,28000,20264,1,110,747.9027529705824,12.225399957969785,27757.628299994394,4775.579155151993
1791115915,1000,,Aggregated,347.400000,0.000000,110,140,170,200,2600,4900,8300,11000,19000,24000,28000,20590,1,110,749.2054503834989,12.225399957969785,27757.628299994394,4775.0187955318115
1791115916,1000,,Aggregated,338.200000,0.000000,110,140,170,200,2700,5100,8600,11000,19000,24000,28000,20913,1,110,763.9367091329044,12.225399957969785,27757.628299994394,4768.957394921819
1791115917,1000,,Aggregated,335.700000,0.000000,110,140,170,200,2700,5100,8700,11000,19000,24000,28000,21288,1,110,769.8374721014688,12.225399957969785,27757.628299994394,4765.173712889891
1791115918,1000,,Aggregated,334.900000,0.000000,110,140,170,200,2800,5200,8900,11000,19000,25000,28000,21685,1,110,787.082893446925,12.225399957969785,27757.628299994394,4759.209960802398
1791115919,1000,,Aggregated,335.700000,0.000000,110,140,170,200,2800,5300,8900,11000,19000,25000,28000,22091,1,110,796.3999273050832,12.225399957969785,27757.628299994394,4752.604454302657
1791115920,1000,,Aggregated,338.300000,0.000000,110,140,170,200,2800,5300,8900,11000,19000,25000,28000,22483,1,110,792.2637328024252,12.225399957969785,27757.628299994394,4752.495085175466
1791115921,1000,,Aggregated,347.500000,0.000000,110,140,170,200,2700,5200,8900,11000,19000,25000,28000,22837,1,110,787.8677813065025,12.225399957969785,27757.628299994394,4757.300740027149
1791115922,1000,,Aggregated,352.100000,0.000000,110,140,170,200,2700,5200,8900,11000,19000,25000,28000,23143,1,110,782.1135066152566,12.225399957969785,27757.628299994394,4761.086894525342
1791115923,1000,,Aggregated,357.100000,0.000000,110,140,170,210,2700,5200,8800,11000,19000,25000,28000,23479,1,110,775.318293083039,12.225399957969785,27757.628299994394,4768.574598577452
1791115924,1000,,Aggregated,353.800000,0.000000,110,140,170,210,2700,5100,8800,11000,19000,25000,28000,23833,1,110,773.1644093482498,12.225399957969785,27757.628299994394,4771.144589434817
1791115925,1000,,Aggregated,351.300000,0.000000,110,140,170,210,2700,5100,8800,11000,19000,25000,28000,24164,1,110,775.7258065881736,12.225399957969785,27757.628299994394,4769.9005959278265
1791115926,1000,,Aggregated,353.600000,0.000000,110,140,170,210,2700,5100,8800,11000,19000,25000,28000,24495,1,110,774.7446869727286,12.225399957969785,27757.628299994394,4771.775178607879
1791115927,1000,,Aggregated,356.800000,0.000000,110,140,170,210,2700,5100,8800,11000,19000,25000,28000,24839,1,110,776.4775113368811,12.225399957969785,27757.628299994394,4771.337050605902
1791115928,1000,,Aggregated,355.500000,0.000000,110,140,170,200,2700,5100,8700,11000,19000,25000,28000,25158,1,110,775.8092563835049,12.225399957969785,27757.628299994394,4771.365450353765
1791115929,1000,,Aggregated,352.500000,0.000000,110,140,170,200,2700,5100,8700,11000,19000,25000,28000,25498,1,110,771.1506444974646,12.225399957969785,27757.628299994394,4774.2164483488905
1791115930,1000,,Aggregated,352.600000,0.000000,110,140,170,200,2700,5100,8700,11000,19000,25000,28000,25826,1,110,774.1697443427976,12.225399957969785,27757.628299994394,4772.684658870905
1791115931,1000,,Aggregated,339.500000,0.000000,110,140,170,200,2800,5100,8800,11000,19000,25000,28000,26153,1,110,777.1964359995967,12.225399957969785,27757.628299994394,4770.815929338891
1791115932,1000,,Aggregated,332.900000,0.000000,110,140,170,200,2800,5200,8800,11000,19000,25000,28000,26470,1,110,777.9299204003565,12.225399957969785,27757.628299994394,4772.921118247072
1791115933,1000,,Aggregated,330.700000,0.000000,110,140,170,200,2800,5200,8800,11000,19000,25000,28000,26821,1,110,781.8303581148485,12.225399957969785,27757.628299994394,4770.859102941725
1791115934,1000,,Aggregated,327.200000,0.000000,110,140,170,200,2800,5200,8900,11000,19000,25000,28000,27168,1,110,789.0601146863625,12.225399957969785,27757.628299994394,4768.939303592461
1791115935,1000,,Aggregated,329.100000,0.000000,110,140,170,200,2800,5200,8900,11000,19000,25000,28000,27485,1,110,789.3218791340414,12.225399957969785,27757.628299994394,4768.891577223941
1791115936,1000,,Aggregated,333.300000,0.000000,110,140,170,200,2800,5200,8900,11000,19000,25000,28000,27800,1,110,788.5957717229682,12.225399957969785,27757.628299994394,4769.799604316547
1791115937,1000,,Aggregated,329.500000,0.000000,110,140,170,200,2800,5200,8900,11000,19000,25000,28000,28153,1,110,791.7660204560116,12.225399957969785,27757.628299994394,4769.615849110219
1791115938,1000,,Aggregated,331.300000,0.000000,110,140,170,200,2900,5300,9000,11000,19000,26000,30000,28527,1,110,799.2829444385379,12.225399957969785,29847.439200035296,4765.618396606724
1791115939,1000,,Aggregated,331.700000,0.000000,110,140,170,200,2900,5300,9000,12000,20000,26000,30000,28884,2,110,805.7839497679627,12.225399957969785,29847.439200035296,4759.861168813184
1791115940,1000,,Aggregated,326.500000,0.000000,110,140,170,200,2900,5400,9000,12000,20000,26000,30000,29282,2,110,813.149943473743,12.225399957969785,29847.439200035296,4755.120961682946
1791115941,1000,,Aggregated,336.600000,0.000000,110,140,170,200,2900,5400,9000,12000,20000,26000,30000,29623,2,110,813.540805201959,12.225399957969785,29847.439200035296,4756.334841170712
1791115942,1000,,Aggregated,342.200000,0.100000,110,140,170,200,2900,5400,9100,12000,20000,26000,30000,30020,2,110,815.7277052930515,12.225399957969785,29847.439200035296,4756.532311792139
1791115943,1000,,Aggregated,341.800000,0.100000,110,140,170,200,2900,5400,9100,12000,20000,26000,30000,30348,2,110,813.8903021516358,12.225399957969785,29847.439200035296,4756.343449321207
1791115944,1000,,Aggregated,348.300000,0.100000,110,140,170,200,2800,5300,9000,12000,20000,26000,30000,30744,2,110,811.917593156323,12.225399957969785,29847.439200035296,4757.631407754358
1791115945,1000,,Aggregated,356.600000,0.100000,110,140,170,200,2800,5300,9000,12000,20000,26000,30000,31156,2,110,816.2798218801715,12.225399957969785,29847.439200035296,4754.940749775325
1791115946,1000,,Aggregated,353.900000,0.100000,110,140,170,200,2800,5300,9000,12000,20000,26000,30000,31558,2,110,816.4008425596878,12.225399957969785,29847.439200035296,4753.042905127068
1791115947,1000,,Aggregated,363.200000,0.100000,110,140,170,200,2800,5300,9000,12000,20000,26000,30000,31947,2,110,815.3469730521956,12.225399957969785,29847.439200035296,4751.027326509531
1791115948,1000,,Aggregated,364.900000,0.100000,110,140,170,200,2800,5300,9000,12000,20000,26000,30000,32356,2,110,813.709229614239,12.225399957969785,29847.439200035296,4749.080665100754
1791115949,1000,,Aggregated,375.300000,0.100000,110,140,170,200,2800,5200,9000,12000,20000,26000,30000,32770,2,110,808.9431370887321,12.225399957969785,29847.439200035296,4748.736527311566
1791115950,1000,,Aggregated,385.800000,0.100000,110,140,170,200,2800,5200,9000,12000,20000,26000,30000,33188,2,110,806.2333124923804,12.225399957969785,29847.439200035296,4749.122273110763
1791115951,1000,,Aggregated,383.400000,0.100000,110,140,170,200,2700,5200,8900,12000,20000,26000,30000,33543,2,110,802.7141860804776,12.225399957969785,29847.439200035296,4750.570431982828
1791115952,1000,,Aggregated,387.600000,0.000000,110,140,170,200,2700,5100,8900,12000,20000,26000,30000,33925,2,110,796.7181235548305,12.225399957969785,29847.439200035296,4756.114782608695
1791115953,1000,,Aggregated,392.500000,0.000000,110,140,170,200,2700,5100,8900,12000,20000,26000,30000,34241,2,110,793.9605280657046,12.225399957969785,29847.439200035296,4757.654244911071
1791115954,1000,,Aggregated,389.900000,0.000000,110,140,170,200,2700,5100,8900,11000,20000,26000,30000,34629,2,110,789.5590915850331,12.225399957969785,29847.439200035296,4761.0124462156
1791115955,1000,,Aggregated,387.200000,0.000000,110,140,170,200,2700,5100,8800,11000,20000,26000,30000,35018,2,110,792.9025266948078,12.225399957969785,29847.439200035296,4755.15886115712
1791115956,1000,,Aggregated,382.200000,0.000000,110,140,170,200,2700,5000,8800,11000,20000,26000,30000,35435,2,110,793.772112208245,12.225399957969785,29847.439200035296,4751.704557640751
1791115957,1000,,Aggregated,383.200000,0.000000,110,140,170,200,2700,5000,8700,11000,20000,26000,30000,35859,2,110,792.2491015755988,12.225399957969785,29847.439200035296,4750.279929724756
1791115958,1000,,Aggregated,386.600000,0.000000,110,140,170,200,2700,5000,8600,11000,20000,26000,30000,36246,2,110,788.8323791232045,12.225399957969785,29847.439200035296,4748.839899575126
1791115959,1000,,Aggregated,383.100000,0.000000,110,140,170,200,2700,4900,8600,11000,20000,26000,30000,36668,2,110,784.9299365632087,12.225399957969785,29847.439200035296,4749.507145194721
1791115960,1000,,Aggregated,386.600000,0.000000,110,140,170,200,2600,4800,8500,11000,20000,26000,30000,37081,2,110,780.4472455381558,12.225399957969785,29847.439200035296,4749.055877673202
1791115961,1000,,Aggregated,387.100000,0.000000,110,140,170,200,2600,4800,8500,11000,20000,26000,30000,37443,2,110,776.9271465267111,12.225399957969785,29847.439200035296,4751.825014021312
1791115962,1000,,Aggregated,386.100000,0.000000,110,140,170,200,2600,4700,8500,11000,20000,26000,30000,37839,2,110,772.0579653188375,12.225399957969785,29847.439200035296,4753.647189407754
1791115963,1000,,Aggregated,387.200000,0.000000,110,140,170,200,2600,4700,8400,11000,19000,26000,30000,38191,2,110,769.4150671755035,12.225399957969785,29847.439200035296,4755.504176376633
1791115964,1000,,Aggregated,390.100000,0.000000,110,140,170,200,2600,4700,8400,11000,19000,26000,30000,38559,2,110,766.4307058455793,12.225399957969785,29847.439200035296,4758.256438185637
1791115965,1000,,Aggregated,390.100000,0.000000,110,140,170,200,2600,4700,8300,11000,19000,26000,30000,38969,2,110,767.3200173034774,12.225399957969785,29847.439200035296,4755.520131386486
1791115966,1000,,Aggregated,391.600000,0.000000,110,140,170,200,2600,4600,8200,11000,19000,26000,30000,39392,2,110,768.0303906148268,12.225399957969785,29847.439200035296,4752.629010966693
1791115967,1000,,Aggregated,392.500000,0.000000,110,140,170,200,2600,4600,8200,11000,19000,26000,30000,39811,2,110,767.0023948179679,12.225399957969785,29847.439200035296,4751.357112355881
1791115968,1000,,Aggregated,391.500000,0.000000,110,140,170,200,2600,4600,8200,11000,19000,26000,30000,40236,2,110,763.267766249102,12.225399957969785,29847.439200035296,4751.738542598668
1791115969,1000,,Aggregated,393.200000,0.000000,110,140,170,200,2600,4600,8100,11000,19000,26000,30000,40655,2,110,759.4554574615313,12.225399957969785,29847.439200035296,4753.70475956217
1791115970,1000,,Aggregated,393.100000,0.000000,110,140,170,200,2600,4600,8100,11000,19000,26000,30000,41065,2,110,755.9961565152587,12.225399957969785,29847.439200035296,4753.291951783757
1791115971,1000,,Aggregated,394.200000,0.000000,110,140,170,200,2500,4500,8000,11000,19000,26000,30000,41423,2,110,752.1627703884029,12.225399957969785,29847.439200035296,4755.838833498298
1791115972,1000,,Aggregated,395.100000,0.000000,110,140,170,200,2500,4500,8000,11000,19000,26000,30000,41823,2,110,749.0176757501725,12.225399957969785,29847.439200035296,4757.1135977811255
1791115973,1000,,Aggregated,392.800000,0.000000,110,140,170,200,2500,4500,7900,11000,19000,26000,30000,42211,2,110,746.0062447963713,12.225399957969785,29847.439200035296,4758.759280756201
1791115974,1000,,Aggregated,394.900000,0.000000,110,140,170,200,2500,4500,7900,11000,19000,26000,30000,42499,2,110,745.8546999600142,12.225399957969785,29847.439200035296,4757.802324760582
1791115975,1000,,Aggregated,397.000000,0.000000,110,140,170,200,2500,4500,7800,11000,19000,26000,30000,42986,2,110,745.6993597520328,12.225399957969785,29847.439200035296,4756.983436467687
1791115976,1000,,Aggregated,400.700000,0.000000,110,140,170,200,2500,4500,7800,11000,19000,26000,30000,43385,2,110,745.3996095770606,12.225399957969785,29847.439200035296,4753.591102915754
1791115977,1000,,Aggregated,398.200000,0.000000,110,140,170,200,2500,4500,7700,11000,19000,26000,30000,43820,2,110,742.567299502523,12.225399957969785,29847.439200035296,4752.75759926974
1791115978,1000,,Aggregated,399.600000,0.000000,110,140,170,200,2500,4400,7700,11000,19000,26000,30000,44248,2,110,739.9737614988182,12.225399957969785,29847.439200035296,4752.202721026939
1791115979,1000,,Aggregated,399.400000,0.000000,110,140,170,200,2500,4400,7600,11000,19000,26000,30000,44648,2,110,737.4954916143638,12.225399957969785,29847.439200035296,4750.800618168787
1791115980,1000,,Aggregated,397.000000,0.000000,110,140,170,200,2500,4400,7600,11000,19000,26000,30000,45066,2,110,733.6658931633133,12.225399957969785,29847.439200035296,4752.4903031109925
1791115981,1000,,Aggregated,401.500000,0.000000,110,140,170,200,2400,4400,7500,10000,19000,26000,30000,45452,2,110,729.4401977316204,12.225399957969785,29847.439200035296,4756.139883833494
1791115982,1000,,Aggregated,398.900000,0.000000,110,140,170,200,2400,4300,7500,10000,19000,26000,30000,45828,2,110,727.0498340839115,12.225399957969785,29847.439200035296,4756.865257048093
1791115983,1000,,Aggregated,398.100000,0.000000,110,140,170,200,2400,4300,7500,10000,19000,26000,30000,46223,2,110,725.3868423836212,12.225399957969785,29847.439200035296,4756.723622439045
1791115984,1000,,Aggregated,398.200000,0.000000,110,140,170,200,2400,4300,7500,10000,19000,26000,30000,46593,2,110,723.1202597213795,12.225399957969785,29847.439200035296,4757.130427317408
1791115985,1000,,Aggregated,399.400000,0.000000,110,140,170,200,2400,4300,7400,10000,19000,26000,30000,47013,2,110,722.8747179205262,12.225399957969785,29847.439200035296,4754.634505349584
1791115986,1000,,Aggregated,402.400000,0.000000,110,140,170,200,2400,4300,7400,10000,19000,26000,30000,47410,2,110,721.4244482429167,12.225399957969785,29847.439200035296,4753.352415102299
1791115987,1000,,Aggregated,400.900000,0.000000,110,140,170,200,2400,4300,7400,10000,19000,26000,30000,47839,2,110,720.7355514370392,12.225399957969785,29847.439200035296,4750.3974163339535
1791115988,1000,,Aggregated,402.800000,0.000000,110,140,170,200,2400,4300,7400,10000,19000,26000,30000,48255,2,110,719.2535128711233,12.225399957969785,29847.439200035296,4751.099160708734
1791115989,1000,,Aggregated,400.300000,0.000000,110,140,170,200,2400,4200,7400,10000,19000,26000,30000,48626,2,110,717.4086499053424,12.225399957969785,29847.439200035296,4751.5406572615475
1791115990,1000,,Aggregated,402.200000,0.000000,110,140,170,200,2400,4200,7300,10000,19000,26000,30000,49072,2,110,715.1073955187509,12.225399957969785,29847.439200035296,4750.691473752853
1791115991,1000,,Aggregated,397.800000,0.000000,110,140,170,200,2300,4200,7300,10000,19000,26000,30000,49434,2,110,713.5841811889882,12.225399957969785,29847.439200035296,4750.710442205769
1791115992,1000,,Aggregated,397.900000,0.000000,110,140,170,200,2300,4200,7300,10000,19000,26000,30000,49834,2,110,710.5243008166461,12.225399957969785,29847.439200035296,4754.004474856523
1791115993,1000,,Aggregated,401.200000,0.000000,110,140,170,200,2300,4100,7300,10000,19000,25000,30000,50213,2,110,708.0617162327788,12.225399957969785,29847.439200035296,4755.530281002928
1791115994,1000,,Aggregated,398.300000,0.000000,110,140,170,200,2300,4100,7300,10000,19000,25000,30000,50554,2,110,707.2574467400542,12.225399957969785,29847.439200035296,4754.567848241484
1791115995,1000,,Aggregated,395.400000,0.000000,110,140,170,200,2300,4100,7300,10000,19000,25000,30000,50975,2,110,705.2351133986666,12.225399957969785,29847.439200035296,4753.9794997547815
1791115996,1000,,Aggregated,394.700000,0.000000,110,140,170,200,2300,4100,7200,10000,19000,25000,30000,51367,2,110,705.1066585355798,12.225399957969785,29847.439200035296,4752.758677750307
1791115997,1000,,Aggregated,392.600000,0.000000,110,140,170,200,2300,4100,7200,10000,19000,25000,30000,51785,2,110,704.6714225026121,12.225399957969785,29847.439200035296,4750.627343825432
1791115998,1000,,Aggregated,389.300000,0.000000,110,140,170,200,2300,4100,7200,10000,19000,25000,30000,52206,2,110,703.153629640217,12.225399957969785,29847.439200035296,4751.284967245144
1791115999,1000,,Aggregated,391.400000,0.000000,110,140,170,200,2300,4100,7200,10000,19000,25000,30000,52622,2,110,701.8168678289928,12.225399957969785,29847.439200035296,4749.6205579415455
1791116000,1000,,Aggregated,389.600000,0.000000,110,140,170,200,2300,4000,7200,10000,19000,25000,30000,52997,2,110,699.6048749796611,12.225399957969785,29847.439200035296,4750.737324754231
1791116001,1000,,Aggregated,392.700000,0.000000,110,140,170,200,2200,4000,7200,10000,18000,25000,30000,53345,2,110,697.1849967569001,12.225399957969785,29847.439200035296,4753.24195332271
1791116002,1000,,Aggregated,392.300000,0.000000,110,140,170,200,2200,4000,7100,9900,18000,25000,30000,53709,2,110,694.6897569066048,12.225399957969785,29847.439200035296,4755.997877450706
1791116003,1000,,Aggregated,391.200000,0.000000,110,140,170,200,2200,4000,7100,9900,18000,25000,30000,54055,2,110,693.1139177947751,12.225399957969785,29847.439200035296,4756.446822680603
1791116004,1000,,Aggregated,389.700000,0.000000,110,140,170,200,2200,4000,7100,9900,18000,25000,30000,54393,2,110,692.983671148811,12.225399957969785,29847.439200035296,4756.504917912232
1791116005,1000,,Aggregated,384.800000,0.000000,110,140,170,200,2200,4000,7100,9900,18000,25000,30000,54762,2,110,692.4954443117065,12.225399957969785,29847.439200035296,4756.426335780286
1791116006,1000,,Aggregated,383.900000,0.000000,110,140,170,200,2300,4000,7100,9900,18000,25000,30000,55138,2,110,695.1695011733763,12.225399957969785,29847.439200035296,4753.245837716276
1791116007,1000,,Aggregated,376.800000,0.000000,110,140,170,200,2300,4100,7100,9900,18000,25000,30000,55541,2,110,697.8676010838303,12.225399957969785,29847.439200035296,4750.422192614465
1791116008,1000,,Aggregated,377.400000,0.000000,110,140,170,200,2300,4100,7100,9900,18000,25000,30000,55976,2,110,699.0775409853775,12.225399957969785,29847.439200035296,4748.921734314707
1791116009,1000,,Aggregated,374.500000,0.000000,110,140,170,200,2300,4100,7100,9900,18000,25000,30000,56385,2,110,699.7700947858032,12.225399957969785,29847.439200035296,4748.541899441341
1791116010,1000,,Aggregated,373.600000,0.000000,110,140,170,200,2300,4100,7100,9900,18000,25000,30000,56805,2,110,698.8810555109259,12.225399957969785,29847.439200035296,4750.153982924038
1791116011,1000,,Aggregated,372.700000,0.000000,110,140,170,200,2300,4100,7100,9900,18000,25000,30000,57155,2,110,696.8923348228136,12.225399957969785,29847.439200035296,4751.2877963432775
1791116012,1000,,Aggregated,368.300000,0.000000,110,140,170,200,2200,4100,7100,9900,18000,25000,30000,57512,2,110,694.2243660296667,12.225399957969785,29847.439200035296,4753.544321185144
1791116014,1000,,Aggregated,372.500000,0.000000,110,140,170,200,2200,4000,7100,9900,18000,25000,30000,57924,2,110,692.6814327048844,12.225399957969785,29847.439200035296,4753.213331261653
1791116015,1000,,Aggregated,374.500000,0.000000,110,140,170,200,2200,4000,7100,9900,18000,25000,30000,58269,2,110,692.0888909162229,12.225399957969785,29847.439200035296,4752.434347594776
1791116016,1000,,Aggregated,379.700000,0.000000,110,140,170,200,2300,4100,7100,9800,18000,25000,30000,58650,2,110,691.7854732292805,12.225399957969785,29847.439200035296,4751.984586530264
1791116017,1000,,Aggregated,384.000000,0.000000,110,140,170,200,2300,4100,7100,9800,18000,25000,30000,59071,2,110,693.4822543057918,12.225399957969785,29847.439200035296,4749.966108581199
1791116018,1000,,Aggregated,381.500000,0.000000,110,140,170,200,2300,4100,7100,9800,18000,25000,30000,59514,2,110,694.7831557549141,12.225399957969785,29847.439200035296,4748.065177941325
1791116019,1000,,Aggregated,386.700000,0.000000,110,140,170,200,2300,4100,7100,9800,18000,25000,30000,59952,2,110,693.1974134773984,12.225399957969785,29847.439200035296,4748.138143848412
1791116020,1000,,Aggregated,390.700000,0.000000,110,140,170,200,2200,4100,7100,9800,18000,24000,30000,60372,2,110,691.1343550784642,12.225399957969785,29847.439200035296,4748.2244086662695
1791116021,1000,,Aggregated,391.700000,0.000000,110,140,170,190,2200,4100,7000,9800,18000,24000,30000,60771,2,110,688.991284588006,12.225399957969785,29847.439200035296,4750.136496026065
1791116022,1000,,Aggregated,397.800000,0.000000,110,140,170,190,2200,4000,7000,9800,18000,24000,30000,61149,2,110,686.4471184532547,12.225399957969785,29847.439200035296,4752.774305385206
1791116023,1000,,Aggregated,393.900000,0.000000,110,140,170,190,2200,4000,7000,9800,18000,24000,30000,61514,2,110,683.9278391390328,12.225399957969785,29847.439200035296,4754.946727574211
1791116024,1000,,Aggregated,396.100000,0.000000,110,140,170,190,2200,4000,7000,9800,18000,24000,30000,61864,2,110,681.3652358754376,12.225399957969785,29847.439200035296,4756.448305961464
1791116025,1000,,Aggregated,397.800000,0.000000,110,140,170,190,2200,4000,7000,9800,18000,24000,30000,62247,2,110,681.7436045913516,12.225399957969785,29847.439200035296,4755.41680723569
1791116026,1000,,Aggregated,391.900000,0.000000,110,140,170,190,2200,4000,7000,9800,18000,24000,30000,62662,2,110,681.9383547316991,12.225399957969785,29847.439200035296,4755.598879703808
1791116027,1000,,Aggregated,395.200000,0.000000,110,140,170,190,2200,4100,7000,9800,18000,24000,30000,63057,2,110,682.9400327576146,12.225399957969785,29847.439200035296,4754.296446072601
1791116028,1000,,Aggregated,398.700000,0.000000,110,140,170,190,2200,4100,7000,9800,18000,24000,30000,63403,2,110,683.7426133100394,12.225399957969785,29847.439200035296,4753.097503272716
1791116029,1000,,Aggregated,395.800000,0.000000,110,140,170,190,2200,4100,7000,9700,18000,24000,30000,63868,2,110,682.4904682266073,12.225399957969785,29847.439200035296,4753.7649683722675
1791116030,1000,,Aggregated,385.700000,0.000000,110,140,170,190,2200,4100,7000,9700,18000,24000,30000,64224,2,110,682.8792682688119,12.225399957969785,29847.439200035296,4752.242463876432
1791116031,1000,,Aggregated,388.300000,0.000000,110,140,170,190,2200,4000,7000,9700,18000,24000,30000,64673,2,110,680.1267587230394,12.225399957969785,29847.439200035296,4755.0647720068655
1791116032,1000,,Aggregated,384.300000,0.000000,110,140,170,190,2200,4000,7000,9700,18000,24000,30000,65050,2,110,677.9290027900788,12.225399957969785,29847.439200035296,4756.854342813221
1791116033,1000,,Aggregated,384.400000,0.000000,110,140,170,190,2200,4000,7000,9600,18000,24000,30000,65398,2,110,676.5219685065955,12.225399957969785,29847.439200035296,4758.459601211046
1791116034,1000,,Aggregated,386.800000,0.000000,110,140,170,190,2200,4000,7000,9600,18000,24000,30000,65790,2,110,676.6572639837996,12.225399957969785,29847.439200035296,4759.071515427877
1791116035,1000,,Aggregated,387.800000,0.000000,110,140,170,190,2200,4000,7000,9600,18000,24000,30000,66187,2,110,677.0283592759088,12.225399957969785,29847.439200035296,4757.599558825751
1791116036,1000,,Aggregated,390.400000,0.000000,110,140,170,190,2200,4000,7000,9600,18000,24000,30000,66592,2,110,676.9174036099706,12.225399957969785,29847.439200035296,4755.912797333013
1791116037,1000,,Aggregated,391.200000,0.000000,110,140,170,190,2200,4000,7000,9600,18000,24000,30000,66998,2,110,676.3754919773137,12.225399957969785,29847.439200035296,4755.892638586227
1791116038,1000,,Aggregated,392.000000,0.000000,110,140,170,190,2200,4000,7000,9600,18000,24000,30000,67419,2,110,675.4837847787152,12.225399957969785,29847.439200035296,4755.427579762381
1791116039,1000,,Aggregated,392.400000,0.000000,110,140,170,190,2200,4000,6900,9500,18000,24000,30000,67771,2,110,673.9650439007331,12.225399957969785,29847.439200035296,4756.002877336914
1791116040,1000,,Aggregated,400.100000,0.000000,110,140,170,200,2100,4000,6900,9500,18000,24000,30000,68106,2,110,672.6577450914219,12.225399957969785,29847.439200035296,4759.388835051243
1791116041,1000,,Aggregated,389.400000,0.000000,110,140,170,200,2100,4000,6900,9500,18000,24000,30000,68503,2,110,671.1865910543479,12.225399957969785,29847.439200035296,4759.182765718289
1791116042,1000,,Aggregated,383.400000,0.000000,110,140,170,200,2200,4000,6900,9500,18000,24000,30000,68890,2,110,672.4428705588033,12.225399957969785,29847.439200035296,4756.554826535056
1791116043,1000,,Aggregated,382.000000,0.000000,110,140,170,200,2200,4000,6900,9500,18000,24000,30000,69276,2,110,672.2198146096182,12.225399957969785,29847.439200035296,4756.383971360933
1791116044,1000,,Aggregated,382.500000,0.000000,110,140,170,200,2200,4000,6900,9500,18000,24000,30000,69614,2,110,671.9604427154832,12.225399957969785,29847.439200035296,4757.639368517827
1791116045,1000,,Aggregated,381.300000,0.000000,110,140,170,200,2200,4000,6900,9500,18000,24000,30000,69999,2,110,673.5015775224815,12.225399957969785,29847.439200035296,4756.096144230632
1791116046,1000,,Aggregated,379.100000,0.000000,110,140,170,200,2200,4000,6900,9500,17000,24000,30000,70382,2,110,673.4631616861755,12.225399957969785,29847.439200035296,4756.4009263732205
1791116047,1000,,Aggregated,380.800000,0.000000,110,140,170,200,2200,4000,6900,9500,17000,24000,30000,70806,2,110,673.6676904908692,12.225399957969785,29847.439200035296,4756.031056690111
1791116048,1000,,Aggregated,376.900000,0.000000,110,140,170,200,2200,4000,6900,9500,17000,24000,30000,71250,2,110,673.9168675746939,12.225399957969785,29847.439200035296,4754.709150877193
1791116049,1000,,Aggregated,377.400000,0.000000,110,140,170,200,2200,4000,6900,9400,17000,24000,30000,71684,2,110,672.4205109870773,12.225399957969785,29847.439200035296,4755.555381954132
1791116050,1000,,Aggregated,378.400000,0.000000,110,140,170,200,2200,4000,6900,9400,17000,24000,30000,72079,2,110,672.3520316291415,12.225399957969785,29847.439200035296,4755.046504529752
1791116051,1000,,Aggregated,385.500000,0.000000,110,140,170,200,2200,4000,6900,9400,17000,24000,30000,72495,2,110,670.3210847809729,12.225399957969785,29847.439200035296,4756.639754465825
1791116052,1000,,Aggregated,396.100000,0.000000,110,140,170,200,2200,4000,6900,9400,17000,24000,30000,72808,2,110,668.7433461555942,12.225399957969785,29847.439200035296,4758.406974508296
1791116053,1000,,Aggregated,394.700000,0.000000,110,140,170,200,2200,4000,6900,9300,17000,24000,30000,73216,2,110,667.5687721713205,12.225399957969785,29847.439200035296,4758.805657233392
1791116054,1000,,Aggregated,388.200000,0.000000,110,140,170,200,2100,4000,6900,9300,17000,24000,30000,73585,2,110,666.9771832723397,12.225399957969785,29847.439200035296,4757.987877964259
1791116055,1000,,Aggregated,395.900000,0.000000,110,140,170,200,2100,4000,6900,9300,17000,24000,30000,73962,2,110,665.9611818581916,12.225399957969785,29847.439200035296,4758.513425813256
1791116056,1000,,Aggregated,395.800000,0.000000,110,140,170,200,2100,3900,6900,9300,17000,24000,30000,74347,2,110,664.6410525010485,12.225399957969785,29847.439200035296,4759.928161190095
1791116057,1000,,Aggregated,391.100000,0.000000,110,140,170,200,2200,4000,6900,9300,17000,24000,30000,74719,2,110,665.9970602416441,12.225399957969785,29847.439200035296,4758.17912445295
1791116058,1000,,Aggregated,389.400000,0.000000,110,140,170,200,2200,4000,6900,9300,17000,24000,30000,75141,2,110,667.1031042639252,12.225399957969785,29847.439200035296,4757.327783766519
1791116059,1000,,Aggregated,389.200000,0.000000,110,140,170,200,2200,4000,6900,9300,17000,24000,30000,75588,2,110,667.1284673360306,12.225399957969785,29847.439200035296,4755.471728316664
1791116060,1000,,Aggregated,387.900000,0.000000,110,140,170,200,2200,4000,6900,9300,17000,24000,30000,75977,2,110,665.9989074324669,12.225399957969785,29847.439200035296,4756.2452847572295
1791116061,1000,,Aggregated,387.300000,0.000000,110,140,170,200,2100,4000,6800,9300,17000,24000,30000,76394,2,110,664.5396816346382,12.225399957969785,29847.439200035296,4758.072427153965
1791116062,1000,,Aggregated,386.200000,0.000000,110,140,170,200,2100,4000,6800,9300,17000,24000,30000,76766,2,110,663.0310813002695,12.225399957969785,29847.439200035296,4759.7921345387285
1791116063,1000,,Aggregated,387.900000,0.000000,110,140,170,200,2100,4000,6800,9300,17000,24000,30000,77075,2,110,663.4198576347254,12.225399957969785,29847.439200035296,4758.776399610769
1791116064,1000,,Aggregated,393.100000,0.000000,110,140,170,200,2100,3900,6800,9200,17000,24000,30000,77504,2,110,662.3598904107732,12.225399957969785,29847.439200035296,4760.962647089183
1791116065,1000,,Aggregated,383.100000,0.000000,110,140,170,200,2100,3900,6800,9200,17000,24000,30000,77916,2,110,662.712256282367,12.225399957969785,29847.439200035296,4759.1438985574205
1791116066,1000,,Aggregated,383.900000,0.000000,110,140,170,200,2100,3900,6800,9200,17000,24000,30000,78294,2,110,662.0277790290045,12.225399957969785,29847.439200035296,4759.168837969704
1791116067,1000,,Aggregated,392.000000,0.000000,110,140,170,200,2100,3900,6800,9200,17000,24000,30000,78686,2,110,661.0762841000505,12.225399957969785,29847.439200035296,4759.591286887121
1791116068,1000,,Aggregated,393.600000,0.000000,110,140,170,200,2100,3900,6800,9100,17000,24000,30000,79114,2,110,661.2418487347004,12.225399957969785,29847.439200035296,4759.410546805875
1791116069,1000,,Aggregated,391.800000,0.000000,110,140,170,200,2100,3900,6800,9100,17000,24000,30000,79556,2,110,660.5049434372871,12.225399957969785,29847.439200035296,4758.462655236563
1791116070,1000,,Aggregated,391.600000,0.000000,110,140,170,200,2100,3900,6800,9100,17000,24000,30000,79967,2,110,660.2190501368989,12.225399957969785,29847.439200035296,4757.950717170833
1791116071,1000,,Aggregated,393.400000,0.000000,110,140,170,200,2100,3900,6800,9100,17000,24000,30000,80373,2,110,658.1415508615728,12.225399957969785,29847.439200035296,4759.5726425540915
1791116072,1000,,Aggregated,395.600000,0.000000,110,140,170,200,2100,3900,6800,9100,17000,24000,30000,80742,2,110,656.5630248816852,12.225399957969785,29847.439200035296,4760.485199772113
1791116073,1000,,Aggregated,395.800000,0.000000,110,140,170,200,2100,3900,6800,9100,17000,24000,30000,81108,2,110,654.597698949516,12.225399957969785,29847.439200035296,4762.248890368398
1791116074,1000,,Aggregated,397.000000,0.000000,110,140,170,200,2100,3900,6800,9100,17000,24000,30000,81513,2,110,654.6135157054447,12.225399957969785,29847.439200035296,4761.2374222516655
1791116075,1000,,Aggregated,398.300000,0.000000,110,140,170,200,2100,3900,6800,9100,17000,24000,30000,81899,2,110,654.4521421531128,12.225399957969785,29847.439200035296,4760.870340297195
1791116076,1000,,Aggregated,399.500000,0.000000,110,140,170,200,2100,3900,6700,9100,17000,24000,30000,82283,2,110,653.9149743433982,12.225399957969785,29847.439200035296,4760.221163545325
1791116077,1000,,Aggregated,397.500000,0.000000,110,140,170,200,2100,3900,6700,9100,17000,24000,30000,82686,2,110,653.5677999515952,12.225399957969785,29847.439200035296,4759.555692620274
1791116078,1000,,Aggregated,398.600000,0.000000,110,140,170,200,2100,3900,6700,9000,17000,24000,30000,83065,2,110,653.1725597363211,12.225399957969785,29847.439200035296,4759.693553241437
1791116079,1000,,Aggregated,398.300000,0.000000,110,140,170,200,2100,3900,6800,9000,17000,24000,30000,83485,2,110,653.8151257459251,12.225399957969785,29847.439200035296,4758.03629394502
1791116080,1000,,Aggregated,395.300000,0.000000,110,140,170,200,2100,3900,6800,9000,17000,24000,30000,83898,2,110,653.5068931392751,12.225399957969785,29847.439200035296,4757.410379270066
1791116081,1000,,Aggregated,390.800000,0.000000,110,140,170,200,2100,3900,6800,9000,17000,24000,30000,84240,2,110,654.0518442592437,12.225399957969785,29847.439200035296,4756.824026590693
1791116082,1000,,Aggregated,390.000000,0.000000,110,140,170,200,2100,3900,6700,9000,17000,24000,30000,84636,2,110,652.0717625891868,12.225399957969785,29847.439200035296,4758.94431447611
1791116083,1000,,Aggregated,387.400000,0.000000,110,140,170,200,2100,3900,6700,9000,17000,24000,30000,85007,2,110,650.9713537214345,12.225399957969785,29847.439200035296,4759.591563047749
1791116084,1000,,Aggregated,387.400000,0.000000,110,140,170,200,2100,3900,6700,9000,17000,24000,30000,85407,2,110,651.2343342863987,12.225399957969785,29847.439200035296,4758.930708255763
1791116085,1000,,Aggregated,387.500000,0.000000,110,140,170,200,2100,3900,6700,9000,17000,24000,30000,85821,2,110,651.3678351964999,12.225399957969785,29847.439200035296,4758.277752531431
1791116086,1000,,Aggregated,385.800000,0.000000,110,140,170,200,2100,3900,6700,9000,17000,24000,30000,86203,2,110,651.1104414486589,12.225399957969785,29847.439200035296,4757.714928714778
1791116087,1000,,Aggregated,389.000000,0.000000,110,140,170,200,2100,3900,6700,9000,17000,24000,30000,86627,2,110,650.2320296142996,12.225399957969785,29847.439200035296,4757.17245200688
1791116088,1000,,Aggregated,388.900000,0.000000,110,140,170,200,2100,3900,6700,9000,17000,24000,30000,87048,2,110,649.8833098382265,12.225399957969785,29847.439200035296,4755.867234169654
1791116089,1000,,Aggregated,392.300000,0.000000,110,140,170,200,2100,3900,6700,9000,17000,24000,30000,87462,2,110,649.0404900985316,12.225399957969785,29847.439200035296,4755.738835151265
1791116090,1000,,Aggregated,394.900000,0.000000,110,140,170,200,2100,3900,6700,9000,17000,24000,30000,87864,2,110,648.0252908961265,12.225399957969785,29847.439200035296,4756.276154056269
1791116091,1000,,Aggregated,396.500000,0.000000,110,140,170,200,2100,3900,6700,9000,17000,24000,30000,88247,2,110,646.5280117952606,12.225399957969785,29847.439200035296,4757.046845785126
1791116092,1000,,Aggregated,395.900000,0.000000,110,140,170,200,2100,3900,6700,8900,17000,24000,30000,88609,2,110,644.9170458102085,12.225399957969785,29847.439200035296,4758.506810820571
1791116093,1000,,Aggregated,398.400000,0.000000,110,140,170,200,2100,3900,6700,8900,17000,24000,30000,88962,2,110,644.1148701422741,12.225399957969785,29847.439200035296,4759.162170364875
1791116094,1000,,Aggregated,393.000000,0.000000,110,140,170,200,2100,3900,6700,8900,17000,24000,30000,89358,2,110,644.9135561158207,12.225399957969785,29847.439200035296,4758.127531950133
1791116095,1000,,Aggregated,393.000000,0.000000,110,140,170,200,2100,3900,6700,8900,17000,24000,30000,89783,2,110,646.4640309813283,12.225399957969785,29847.439200035296,4756.240245926289
1791116096,1000,,Aggregated,396.100000,0.000000,110,140,170,200,2100,3900,6700,8900,17000,23000,30000,90208,2,110,645.94249242303,12.225399957969785,29847.439200035296,4755.161149787158
1791116097,1000,,Aggregated,390.600000,0.000000,110,140,160,200,2100,3900,6700,8900,17000,23000,30000,90629,2,110,645.3574361782345,12.225399957969785,29847.439200035296,4754.556665085127
1791116098,1000,,Aggregated,394.300000,0.000000,110,140,160,200,2100,3900,6700,8900,17000,23000,30000,91055,2,110,645.4110408060725,12.225399957969785,29847.439200035296,4753.845807478996
1791116099,1000,,Aggregated,394.600000,0.000000,110,140,160,200,2100,3900,6700,8900,17000,23000,30000,91492,2,110,643.7479606161805,12.225399957969785,29847.439200035296,4754.528439644996
1791116100,1000,,Aggregated,395.200000,0.000000,110,140,160,190,2100,3900,6700,8900,17000,23000,30000,91841,2,110,642.5276488060464,12.225399957969785,29847.439200035296,4754.846038261779
1791116101,1000,,Aggregated,398.800000,0.000000,110,140,170,200,2000,3800,6700,8900,17000,23000,30000,92216,2,110,640.7846686572439,12.225399957969785,29847.439200035296,4756.863169081287
1791116102,1000,,Aggregated,398.200000,0.000000,110,140,170,200,2000,3800,6700,8900,17000,23000,30000,92572,2,110,639.973922084395,12.225399957969785,29847.439200035296,4757.386704403059
1791116103,1000,,Aggregated,390.500000,0.000000,110,140,170,200,2000,3800,6700,8900,17000,23000,30000,92891,2,110,639.6239461659042,12.225399957969785,29847.439200035296,4758.6542506809055
1791116104,1000,,Aggregated,393.000000,0.000000,110,140,170,200,2100,3800,6700,8900,17000,23000,30000,93262,2,110,641.8580173017576,12.225399957969785,29847.439200035296,4756.008760266775
1791116105,1000,,Aggregated,389.100000,0.000000,110,140,170,200,2100,3800,6600,8900,17000,23000,30000,93680,2,110,641.4322696679842,12.225399957969785,29847.439200035296,4755.45232707088
1791116106,1000,,Aggregated,389.800000,0.000000,110,140,170,200,2100,3900,6600,8900,17000,23000,30000,94083,2,110,641.7891536887241,12.225399957969785,29847.439200035296,4754.50308769916
1791116107,1000,,Aggregated,389.700000,0.000000,110,140,170,200,2100,3900,6600,8900,17000,23000,30000,94527,2,110,641.9622102890838,12.225399957969785,29847.439200035296,4753.112518116517
1791116108,1000,,Aggregated,385.700000,0.000000,100,140,170,200,2100,3900,6600,8800,17000,23000,30000,94937,2,100,641.3675182762795,12.225399957969785,29847.439200035296,4753.391185733697
1791116109,1000,,Aggregated,384.900000,0.000000,100,140,170,200,2100,3900,6600,8800,17000,23000,30000,95358,2,100,641.2821180036805,12.225399957969785,29847.439200035296,4752.472031712075
1791116110,1000,,Aggregated,385.200000,0.000000,100,140,170,200,2100,3800,6600,8800,17000,23000,30000,95803,2,100,640.2728703881353,12.225399957969785,29847.439200035296,4752.232550128911
1791116111,1000,,Aggregated,383.700000,0.000000,100,140,170,200,2100,3800,6600,8800,17000,23000,30000,96162,2,100,639.2717204893196,12.225399957969785,29847.439200035296,4753.969530583807
1791116112,1000,,Aggregated,383.800000,0.000000,110,140,170,200,2000,3800,6600,8800,17000,23000,30000,96543,2,110,637.8743784789533,12.225399957969785,29847.439200035296,4755.410542452586
1791116113,1000,,Aggregated,392.000000,0.000000,110,140,170,200,2000,3800,6600,8800,17000,23000,30000,96895,2,110,636.8556829629382,12.225399957969785,29847.439200035296,4756.44369678518
1791116114,1000,,Aggregated,394.100000,0.000000,110,140,170,200,2000,3800,6600,8800,16000,23000,30000,97267,2,110,635.951157362666,12.225399957969785,29847.439200035296,4756.957323655505
1791116115,1000,,Aggregated,402.900000,0.000000,110,140,170,200,2000,3800,6600,8800,16000,23000,30000,97604,2,110,635.3008385362723,12.225399957969785,29847.439200035296,4757.101051186427
1791116116,1000,,Aggregated,397.500000,0.000000,110,140,170,200,2000,3800,6600,8800,16000,23000,30000,98016,2,110,635.4274971840734,12.225399957969785,29847.439200035296,4756.8679093209275
1791116117,1000,,Aggregated,393.000000,0.000000,110,140,170,200,2100,3800,6600,8800,16000,23000,30000,98421,2,110,636.8831073144312,12.225399957969785,29847.439200035296,4755.275937045955
1791116118,1000,,Aggregated,381.100000,0.000000,110,140,170,200,2100,3800,6600,8800,16000,24000,30000,98839,2,110,638.1863335342731,12.225399957969785,29847.439200035296,4754.712664029381
1791116119,1000,,Aggregated,385.000000,0.000000,110,140,170,200,2100,3800,6600,8800,16000,24000,30000,99263,2,110,637.7650795945575,12.225399957969785,29847.439200035296,4755.435005994177
1791116120,1000,,Aggregated,384.500000,0.000000,100,140,170,200,2100,3800,6600,8800,16000,24000,30000,99646,2,100,638.3474804908761,12.225399957969785,29847.439200035296,4754.7592176304115
1791116121,1000,,Aggregated,381.900000,0.000000,110,140,170,200,2100,3800,6600,8800,16000,23000,30000,100002,2,110,636.8724658886229,12.225399957969785,29847.439200035296,4756.822603547929
1791116122,1000,,Aggregated,382.800000,0.000000,110,140,170,200,2100,3800,6600,8800,16000,23000,30000,100435,2,110,635.6898697276323,12.225399957969785,29847.439200035296,4757.766515656893
1791116123,1000,,Aggregated,379.400000,0.000000,110,140,170,200,2100,3800,6600,8800,16000,23000,30000,100774,2,110,635.2897483139988,12.225399957969785,29847.439200035296,4758.200458451584
1791116124,1000,,Aggregated,379.300000,0.000000,110,140,170,200,2000,3800,6600,8800,16000,23000,30000,101079,2,110,634.7867956192127,12.225399957969785,29847.439200035296,4759.906488983864
1791116125,1000,,Aggregated,379.800000,0.000000,110,140,170,200,2100,3800,6600,8800,16000,23000,30000,101471,2,110,635.5216423095748,12.225399957969785,29847.439200035296,4759.379704546126
1791116126,1000,,Aggregated,378.900000,0.000000,110,140,170,200,2100,3800,6600,8800,16000,23000,30000,101806,3,110,635.7724343240532,12.225399957969785,29847.439200035296,4759.688368072609
1791116127,1000,,Aggregated,376.600000,0.000000,110,140,170,200,2100,3800,6600,8800,16000,23000,30000,102151,3,110,635.2735268317902,12.225399957969785,29847.439200035296,4759.178520034067
1791116128,1000,,Aggregated,387.500000,0.000000,110,140,170,200,2100,3800,6600,8800,16000,23000,30000,102544,3,110,635.8221241944307,12.225399957969785,29847.439200035296,4758.811739350913
1791116129,1000,,Aggregated,376.300000,0.100000,110,140,170,200,2100,3800,6600,8800,16000,23000,30000,102915,3,110,637.3675683563562,12.225399957969785,29847.439200035296,4757.899169217315
1791116130,1000,,Aggregated,369.900000,0.100000,110,140,170,200,2100,3800,6600,8800,16000,23000,30000,103293,3,110,638.4376626382696,12.225399957969785,29847.439200035296,4757.809474020505
1791116131,1000,,Aggregated,366.400000,0.100000,110,140,170,200,2100,3900,6600,8800,16000,23000,30000,103662,3,110,638.4189201018183,12.225399957969785,29847.439200035296,4757.848613763964
1791116132,1000,,Aggregated,362.500000,0.100000,110,140,170,200,2100,3800,6600,8800,16000,23000,30000,104021,3,110,637.6692228799382,12.225399957969785,29847.439200035296,4758.154151565549
1791116133,1000,,Aggregated,364.200000,0.100000,110,140,170,200,2100,3800,6600,8800,16000,23000,30000,104363,3,110,637.9941672412083,12.225399957969785,29847.439200035296,4758.102411774288
1791116134,1000,,Aggregated,361.800000,0.100000,110,140,170,200,2100,3900,6600,8800,16000,23000,30000,104734,3,110,640.1579496581259,12.225399957969785,29847.439200035296,4756.389596501614
1791116135,1000,,Aggregated,356.400000,0.100000,110,140,170,200,2100,3900,6600,8800,16000,23000,30000,105140,3,110,640.7669210414168,12.225399957969785,29847.439200035296,4756.432366368651
1791116136,1000,,Aggregated,357.400000,0.100000,110,140,170,200,2100,3900,6600,8800,16000,23000,30000,105526,3,110,641.74663582524,12.225399957969785,29847.439200035296,4755.417489528647
1791116137,1000,,Aggregated,364.000000,0.100000,110,140,170,200,2100,3900,6600,8800,16000,23000,30000,105969,3,110,642.1046700034331,12.225399957969785,29847.439200035296,4754.798497673848
1791116138,1000,,Aggregated,365.200000,0.100000,110,140,170,200,2100,3900,6600,8800,17000,23000,30000,106349,3,110,642.475163257703,12.225399957969785,29847.439200035296,4754.5801559017955
1791116139,1000,,Aggregated,369.600000,0.000000,100,140,170,200,2100,3900,6600,8800,17000,23000,30000,106784,3,100,641.6371423236926,12.225399957969785,29847.439200035296,4754.679174782739
1791116140,1000,,Aggregated,379.100000,0.000000,100,140,170,200,2100,3900,6600,8800,16000,23000,30000,107180,3,100,640.6997701781448,12.225399957969785,29847.439200035296,4754.568277663743
1791116142,1000,,Aggregated,380.000000,0.000000,100,140,170,200,2100,3900,6600,8800,16000,23000,30000,107555,3,100,640.1351310361622,12.225399957969785,29847.439200035296,4754.924206220074
1791116143,1000,,Aggregated,384.200000,0.000000,110,140,170,200,2100,3900,6600,8800,16000,23000,30000,107940,3,110,639.0422951537385,12.225399957969785,29847.439200035296,4756.802103020196
1791116144,1000,,Aggregated,387.000000,0.000000,110,140,170,200,2100,3900,6600,8800,16000,23000,30000,108299,3,110,638.5226120240633,12.225399957969785,29847.439200035296,4757.003453402155
1791116145,1000,,Aggregated,387.000000,0.000000,110,140,170,200,2100,3900,6600,8800,16000,23000,30000,108642,3,110,638.206117091861,12.225399957969785,29847.439200035296,4756.845317648791
1791116146,1000,,Aggregated,390.800000,0.000000,110,140,170,200,2100,3900,6600,8800,16000,23000,30000,109026,3,110,638.0031529084238,12.225399957969785,29847.439200035296,4757.305239117275
1791116147,1000,,Aggregated,386.700000,0.000000,110,140,170,200,2100,3900,6600,8800,16000,23000,30000,109436,3,110,639.4336277586364,12.225399957969785,29847.439200035296,4755.740889652399
1791116148,1000,,Aggregated,385.000000,0.000000,100,140,170,200,2100,3900,6600,8800,16000,23000,30000,109846,3,100,639.4913176446515,12.225399957969785,29847.439200035296,4754.612776068314
1791116149,1000,,Aggregated,387.900000,0.000000,100,140,170,200,2100,3900,6600,8800,16000,23000,30000,110243,3,100,639.6426826927259,12.225399957969785,29847.439200035296,4753.858213219887
1791116150,1000,,Aggregated,383.600000,0.000000,100,140,170,200,2100,3900,6600,8800,16000,23000,30000,110680,3,100,639.4196527402794,12.225399957969785,29847.439200035296,4753.792907481026
1791116151,1000,,Aggregated,387.200000,0.000000,100,140,170,200,2100,3900,6600,8800,16000,23000,30000,111054,3,100,638.7365331793021,12.225399957969785,29847.439200035296,4754.28130459056
1791116152,1000,,Aggregated,386.500000,0.000000,100,140,170,200,2100,3900,6600,8800,16000,23000,30000,111422,3,100,637.7287846573805,12.225399957969785,29847.439200035296,4755.406050869667
1791116153,1000,,Aggregated,382.800000,0.000000,100,140,170,200,2100,3900,6600,8800,16000,23000,30000,111798,3,100,636.9116876795223,12.225399957969785,29847.439200035296,4755.840435428183
1791116154,1000,,Aggregated,382.800000,0.000000,110,140,170,200,2100,3900,6600,8800,16000,23000,30000,112158,3,110,637.1924487303212,12.225399957969785,29847.439200035296,4755.45284331033
1791116155,1000,,Aggregated,383.400000,0.000000,100,140,170,200,2100,3900,6600,8800,16000,23000,30000,112545,3,100,637.1376021999685,12.225399957969785,29847.439200035296,4755.281833933093
1791116156,1000,,Aggregated,383.500000,0.000000,100,140,170,200,2100,3900,6600,8700,16000,23000,30000,112963,3,100,637.6739686224298,12.225399957969785,29847.439200035296,4753.80049219656
1791116157,1000,,Aggregated,387.100000,0.000000,100,140,170,200,2100,3900,6600,8700,16000,23000,30000,113392,3,100,637.8722473154666,12.225399957969785,29847.439200035296,4754.037507055172
1791116158,1000,,Aggregated,391.600000,0.000000,100,140,170,200,2100,3900,6600,8700,16000,23000,30000,113792,3,100,637.6355674545991,12.225399957969785,29847.439200035296,4753.799071991001
1791116159,1000,,Aggregated,392.200000,0.000000,100,140,170,200,2100,3900,6600,8700,16000,23000,30000,114205,3,100,636.8720394167833,12.225399957969785,29847.439200035296,4754.109723742393
1791116160,1000,,Aggregated,394.500000,0.000000,100,140,170,200,2100,3900,6600,8700,16000,23000,30000,114616,3,100,636.2958635146341,12.225399957969785,29847.439200035296,4753.922855447756
1791116161,1000,,Aggregated,392.300000,0.000000,100,140,170,200,2100,3900,6600,8700,16000,23000,30000,115017,3,100,635.5548926114689,12.225399957969785,29847.439200035296,4753.567637827452
1791116162,1000,,Aggregated,391.200000,0.000000,100,140,170,200,2100,3900,6600,8700,16000,23000,30000,115404,3,100,634.4559933892451,12.225399957969785,29847.439200035296,4754.5438806280545
1791116163,1000,,Aggregated,395.200000,0.000000,100,140,170,200,2100,3800,6600,8700,16000,23000,30000,115736,3,100,633.5238147542044,12.225399957969785,29847.439200035296,4756.049405543651
1791116164,1000,,Aggregated,396.700000,0.000000,100,140,170,200,2100,3800,6600,8700,16000,23000,30000,116145,3,100,632.8136029049288,12.225399957969785,29847.439200035296,4757.026019200138
1791116165,1000,,Aggregated,392.400000,0.000000,100,140,170,200,2100,3900,6600,8700,16000,23000,30000,116564,3,100,633.8153922814341,12.225399957969785,29847.439200035296,4755.365910572733
1791116166,1000,,Aggregated,395.700000,0.000000,100,140,170,200,2100,3900,6600,8700,16000,23000,30000,116970,3,100,634.1502039830134,12.225399957969785,29847.439200035296,4754.604189108319
1791116167,1000,,Aggregated,398.500000,0.000000,100,140,170,200,2100,3900,6600,8700,16000,23000,30000,117402,3,100,633.3286884720268,12.225399957969785,29847.439200035296,4755.239587059846
1791116168,1000,,Aggregated,398.000000,0.000000,100,140,170,200,2100,3900,6600,8700,16000,23000,30000,117799,3,100,633.3604529732197,12.225399957969785,29847.439200035296,4754.082759615956
1791116169,1000,,Aggregated,398.300000,0.000000,100,140,170,200,2100,3900,6600,8700,16000,23000,30000,118223,3,100,632.3902679435698,12.225399957969785,29847.439200035296,4754.696125119478
1791116170,1000,,Aggregated,397.900000,0.000000,100,140,170,200,2100,3800,6600,8600,16000,23000,30000,118632,3,100,631.5667586148106,12.225399957969785,29847.439200035296,4754.560649740373
1791116171,1000,,Aggregated,398.300000,0.000000,100,140,170,200,2100,3800,6600,8600,16000,23000,30000,119045,3,100,630.8430728211374,12.225399957969785,29847.439200035296,4754.524247133437
1791116172,1000,,Aggregated,399.000000,0.000000,100,140,170,200,2100,3800,6600,8600,16000,23000,30000,119357,3,100,630.9035076283127,12.225399957969785,29847.439200035296,4755.303459369789
1791116173,1000,,Aggregated,398.900000,0.000000,100,140,170,200,2100,3800,6500,8600,16000,23000,30000,119740,3,100,630.2450918572858,12.225399957969785,29847.439200035296,4756.259545682312
1791116174,1000,,Aggregated,388.900000,0.000000,100,140,170,200,2100,3800,6500,8600,16000,23000,30000,120156,3,100,629.3434422450167,12.225399957969785,29847.439200035296,4756.890017976631
1791116175,1000,,Aggregated,398.700000,0.000000,100,140,170,200,2100,3800,6500,8600,16000,23000,30000,120541,3,100,629.5209352833643,12.225399957969785,29847.439200035296,4756.739582382757
1791116176,1000,,Aggregated,398.200000,0.000000,100,140,170,200,2100,3800,6500,8600,16000,23000,30000,120958,3,100,629.4464997949058,12.225399957969785,29847.439200035296,4756.138643165396
1791116177,1000,,Aggregated,396.000000,0.000000,100,140,170,200,2100,3800,6500,8600,16000,23000,30000,121325,3,100,629.2859569873627,12.225399957969785,29847.439200035296,4755.688143416443
1791116178,1000,,Aggregated,395.000000,0.000000,100,140,170,200,2100,3800,6500,8600,16000,23000,30000,121711,3,100,628.9271511029527,12.225399957969785,29847.439200035296,4755.480482454339
1791116179,1000,,Aggregated,392.000000,0.000000,100,140,170,200,2100,3800,6500,8600,16000,23000,30000,122127,3,100,628.5598000015656,12.225399957969785,29847.439200035296,4755.131461511378
1791116180,1000,,Aggregated,388.600000,0.000000,100,130,170,200,2100,3800,6500,8600,16000,23000,30000,122519,3,100,628.7457734489415,12.225399957969785,29847.439200035296,4754.518556305553
1791116181,1000,,Aggregated,388.500000,0.000000,100,130,170,200,2000,3800,6500,8600,16000,23000,30000,122923,3,100,628.3218818593017,12.225399957969785,29847.439200035296,4755.370003986235
1791116182,1000,,Aggregated,387.700000,0.000000,100,130,170,200,2000,3800,6500,8600,16000,23000,30000,123293,3,100,627.818214390851,12.225399957969785,29847.439200035296,4755.528148394475
1791116183,1000,,Aggregated,384.800000,0.000000,100,130,160,200,2000,3800,6500,8600,16000,23000,30000,123669,3,100,626.9507886551279,12.225399957969785,29847.439200035296,4756.090410693059
1791116184,1000,,Aggregated,395.400000,0.000000,100,140,170,200,2000,3800,6500,8500,16000,23000,30000,124009,3,100,626.2316754783233,12.225399957969785,29847.439200035296,4757.268440193857
1791116185,1000,,Aggregated,387.200000,0.000000,100,140,170,200,2000,3800,6500,8500,16000,23000,30000,124347,3,100,626.4246654538663,12.225399957969785,29847.439200035296,4757.217158435668
1791116186,1000,,Aggregated,383.100000,0.000000,100,130,170,200,2000,3800,6500,8500,16000,23000,30000,124706,3,100,627.0035410460682,12.225399957969785,29847.439200035296,4757.318444982599
1791116187,1000,,Aggregated,380.900000,0.000000,100,130,170,200,2000,3800,6500,8500,16000,23000,30000,125060,3,100,626.6833425219229,12.225399957969785,29847.439200035296,4757.722637134176
1791116188,1000,,Aggregated,375.100000,0.000000,100,130,160,200,2100,3800,6500,8600,16000,23000,30000,125473,3,100,628.330871867193,12.225399957969785,29847.439200035296,4756.154862002184
1791116189,1000,,Aggregated,370.500000,0.000000,100,130,160,200,2100,3800,6500,8600,16000,23000,30000,125858,3,100,629.2614626809032,12.225399957969785,29847.439200035296,4755.004926186655
1791116190,1000,,Aggregated,371.000000,0.000000,100,130,170,200,2100,3800,6500,8600,16000,23000,30000,126241,3,100,630.059910028376,12.225399957969785,29847.439200035296,4754.03605009466
1791116191,1000,,Aggregated,371.500000,0.000000,100,130,170,200,2100,3800,6500,8600,16000,23000,30000,126643,3,100,630.1601386321477,12.225399957969785,29847.439200035296,4753.85088792906
1791116192,1000,,Aggregated,368.300000,0.000000,100,130,170,200,2100,3800,6500,8600,16000,23000,30000,126994,3,100,629.3093474021659,12.225399957969785,29847.439200035296,4754.536182811787
1791116193,1000,,Aggregated,370.700000,0.000000,100,140,170,200,2000,3800,6500,8600,16000,23000,30000,127376,3,100,628.5353515292617,12.225399957969785,29847.439200035296,4755.3070123100115
1791116194,1000,,Aggregated,368.600000,0.000000,100,140,160,200,2000,3800,6500,8600,16000,23000,30000,127730,3,100,627.8972757722644,12.225399957969785,29847.439200035296,4755.7011117200345
1791116195,1000,,Aggregated,369.000000,0.000000,100,140,160,200,2100,3800,6500,8600,16000,23000,30000,128151,3,100,628.5117879945635,12.225399957969785,29847.439200035296,4755.780462111104
1791116196,1000,,Aggregated,370.000000,0.000000,100,130,160,200,2100,3800,6500,8600,16000,23000,30000,128539,3,100,629.1077848838966,12.225399957969785,29847.439200035296,4755.262255035436
1791116197,1000,,Aggregated,374.300000,0.000000,100,130,160,200,2100,3800,6500,8600,16000,23000,30000,128915,3,100,629.2646184244775,12.225399957969785,29847.439200035296,4755.474110848233
1791116198,1000,,Aggregated,377.100000,0.000000,100,130,160,200,2100,3900,6500,8600,16000,23000,30000,129337,3,100,629.6703917896021,12.225399957969785,29847.439200035296,4754.8936885809935
1791116199,1000,,Aggregated,381.900000,0.000000,100,130,160,200,2100,3900,6500,8600,16000,23000,30000,129750,3,100,630.035300737504,12.225399957969785,29847.439200035296,4754.380115606937
1791116200,1000,,Aggregated,382.200000,0.000000,100,130,160,190,2100,3800,6500,8600,16000,22000,30000,130174,3,100,629.6397445019061,12.225399957969785,29847.439200035296,4754.466137631171
1791116201,1000,,Aggregated,384.600000,0.000000,100,130,160,190,2100,3800,6500,8600,16000,22000,30000,130558,3,100,629.1366970587085,12.225399957969785,29847.439200035296,4755.16862237473
1791116202,1000,,Aggregated,388.100000,0.000000,100,130,160,190,2000,3800,6500,8500,16000,22000,30000,130927,3,100,628.4164579238147,12.225399957969785,29847.439200035296,4756.26769115614
1791116203,1000,,Aggregated,388.900000,0.000000,100,130,160,190,2000,3800,6500,8500,16000,22000,30000,131273,3,100,627.616114280866,12.225399957969785,29847.439200035296,4756.885787633405
1791116204,1000,,Aggregated,389.700000,0.000000,100,130,160,190,2000,3800,6500,8500,16000,22000,30000,131649,3,100,627.6103301217048,12.225399957969785,29847.439200035296,4756.656822307803
1791116205,1000,,Aggregated,388.000000,0.000000,100,130,160,190,2100,3800,6500,8500,16000,22000,30000,132057,3,100,627.6374033757548,12.225399957969785,29847.439200035296,4756.0998659669685
1791116206,1000,,Aggregated,388.800000,0.000000,100,130,160,190,2100,3800,6500,8500,16000,22000,30000,132454,3,100,627.7483928955857,12.225399957969785,29847.439200035296,4755.872053694113
1791116207,1000,,Aggregated,389.200000,0.000000,100,130,160,190,2100,3800,6500,8500,16000,22000,30000,132860,3,100,628.3026627125762,12.225399957969785,29847.439200035296,4754.58539063676
1791116208,1000,,Aggregated,391.400000,0.000000,100,130,160,190,2100,3800,6500,8500,16000,22000,30000,133256,3,100,628.707457839748,12.225399957969785,29847.439200035296,4754.481801945129
1791116209,1000,,Aggregated,392.000000,0.000000,100,130,160,190,2100,3800,6500,8500,16000,22000,30000,133696,3,100,628.5152611954999,12.225399957969785,29847.439200035296,4754.245729116802
1791116210,1000,,Aggregated,388.300000,0.000000,100,130,160,190,2100,3800,6500,8500,16000,22000,30000,134118,3,100,628.1928885704672,12.225399957969785,29847.439200035296,4753.723474850505
1791116211,1000,,Aggregated,393.100000,0.000000,100,130,160,190,2000,3800,6500,8500,16000,22000,30000,134507,3,100,627.5655420520425,12.225399957969785,29847.439200035296,4754.7335752042645
1791116212,1000,,Aggregated,393.900000,0.000000,100,130,160,190,2000,3800,6500,8500,16000,22000,30000,134876,3,100,626.7384148587835,12.225399957969785,29847.439200035296,4755.536715205078
1791116213,1000,,Aggregated,387.300000,0.000000,100,130,160,190,2000,3800,6500,8500,16000,22000,30000,135246,3,100,625.7778905061353,12.225399957969785,29847.439200035296,4756.669217573903
1791116214,1000,,Aggregated,393.600000,0.000000,100,130,160,190,2000,3800,6500,8500,16000,22000,30000,135628,3,100,625.0069871191274,12.225399957969785,29847.439200035296,4757.380231220692
1791116215,1000,,Aggregated,396.100000,0.000000,100,130,160,190,2000,3800,6500,8500,16000,22000,30000,136040,3,100,625.5440158555833,12.225399957969785,29847.439200035296,4756.246398118201
1791116216,1000,,Aggregated,394.400000,0.000000,100,130,160,190,2000,3800,6500,8500,16000,22000,30000,136436,3,100,625.7881483867407,12.225399957969785,29847.439200035296,4755.820919698614
1791116217,1000,,Aggregated,394.300000,0.000000,100,130,160,190,2000,3800,6500,8500,16000,22000,30000,136883,3,100,626.1360086642843,12.225399957969785,29847.439200035296,4755.412016101342
1791116218,1000,,Aggregated,395.100000,0.000000,100,130,160,190,2000,3800,6500,8500,16000,22000,30000,137345,3,100,625.6987878153003,12.225399957969785,29847.439200035296,4755.626568131348
1791116219,1000,,Aggregated,397.300000,0.000000,100,130,160,190,2000,3800,6500,8500,16000,22000,30000,137767,3,100,625.432017865618,12.225399957969785,29847.439200035296,4755.605718350548
1791116220,1000,,Aggregated,406.200000,0.000000,100,130,160,190,2000,3800,6500,8500,16000,22000,30000,138202,3,100,624.2799497351183,12.225399957969785,29847.439200035296,4756.06685865617
1791116221,1000,,Aggregated,404.100000,0.000000,100,130,160,190,2000,3800,6500,8500,16000,22000,30000,138566,3,100,623.3222762581966,12.225399957969785,29847.439200035296,4756.584818786715
1791116222,1000,,Aggregated,403.700000,0.000000,100,130,160,190,2000,3800,6500,8400,16000,22000,30000,138933,3,100,622.4028806352219,12.225399957969785,29847.439200035296,4758.079513146625
1791116223,1000,,Aggregated,408.200000,0.000000,100,130,160,190,2000,3800,6500,8400,16000,22000,30000,139280,3,100,621.7231091103795,12.225399957969785,29847.439200035296,4758.424605112004
1791116224,1000,,Aggregated,400.000000,0.000000,100,130,160,190,2000,3800,6500,8400,16000,22000,30000,139669,3,100,621.3269870078099,12.225399957969785,29847.439200035296,4758.461469617453
1791116225,1000,,Aggregated,401.300000,0.000000,100,130,160,190,2000,3800,6400,8400,16000,22000,30000,140056,3,100,621.6305481678327,12.225399957969785,29847.439200035296,4758.542168846747
1791116226,1000,,Aggregated,401.500000,0.000000,100,130,160,190,2000,3800,6400,8400,16000,22000,30000,140447,3,100,621.8732252336774,12.225399957969785,29847.439200035296,4757.763918061618
1791116227,1000,,Aggregated,399.200000,0.000000,100,130,160,190,2000,3800,6400,8400,16000,22000,30000,140872,3,100,622.2497822625846,12.225399957969785,29847.439200035296,4757.004422454426
1791116228,1000,,Aggregated,398.200000,0.000000,100,130,160,190,2000,3800,6400,8400,16000,22000,30000,141300,3,100,622.3205513226874,12.225399957969785,29847.439200035296,4756.662328379335
1791116229,1000,,Aggregated,399.000000,0.000000,100,130,160,190,2000,3800,6400,8400,16000,22000,30000,141720,3,100,621.705177707415,12.225399957969785,29847.439200035296,4756.964867344059
1791116230,1000,,Aggregated,396.000000,0.000000,100,130,160,190,2000,3800,6400,8400,16000,22000,30000,142125,3,100,621.2090633294254,12.225399957969785,29847.439200035296,4757.056921723834
1791116231,1000,,Aggregated,391.100000,0.000000,100,130,160,190,2000,3800,6400,8400,16000,22000,30000,142500,3,100,620.7856065543497,12.225399957969785,29847.439200035296,4757.031852631579
1791116232,1000,,Aggregated,391.100000,0.000000,100,130,160,190,2000,3800,6400,8400,16000,22000,30000,142899,3,100,620.020765265645,12.225399957969785,29847.439200035296,4757.559416091085
1791116233,1000,,Aggregated,390.700000,0.000000,100,130,160,190,2000,3800,6400,8400,16000,22000,30000,143275,3,100,619.0088268846305,12.225399957969785,29847.439200035296,4758.431456988309
1791116234,1000,,Aggregated,394.400000,0.000000,100,130,160,190,2000,3800,6400,8400,16000,22000,30000,143652,3,100,618.60797768423,12.225399957969785,29847.439200035296,4759.042310583911
1791116235,1000,,Aggregated,393.000000,0.000000,100,130,160,190,2000,3800,6400,8300,16000,22000,30000,144052,3,100,618.8176661288611,12.225399957969785,29847.439200035296,4758.586052258906
1791116236,1000,,Aggregated,391.700000,0.000000,100,130,160,190,2000,3800,6400,8300,16000,22000,30000,144444,3,100,619.3130761796606,12.225399957969785,29847.439200035296,4758.261436958268
1791116237,1000,,Aggregated,396.600000,0.000000,100,130,160,190,2000,3800,6400,8300,16000,22000,30000,144874,3,100,619.4288546239801,12.225399957969785,29847.439200035296,4758.079282687025
1791116238,1000,,Aggregated,396.600000,0.000000,100,130,160,190,2000,3800,6400,8300,16000,22000,30000,145303,3,100,619.2517192948193,12.225399957969785,29847.439200035296,4757.904131366868
1791116239,1000,,Aggregated,394.100000,0.000000,100,130,160,190,2000,3800,6400,8300,16000,22000,30000,145729,3,100,619.2356035263723,12.225399957969785,29847.439200035296,4757.70312017512
1791116240,1000,,Aggregated,394.900000,0.000000,100,130,160,190,2000,3800,6400,8300,16000,22000,30000,146149,3,100,618.9972327015164,12.225399957969785,29847.439200035296,4757.918760990496
1791116241,1000,,Aggregated,398.900000,0.000000,100,130,160,190,2000,3800,6400,8300,16000,22000,30000,146556,3,100,618.0700224719185,12.225399957969785,29847.439200035296,4758.656308851224
1791116242,1000,,Aggregated,398.700000,0.000000,100,130,160,190,2000,3800,6400,8300,16000,22000,30000,146962,3,100,617.346600826707,12.225399957969785,29847.439200035296,4758.657877546577
1791116243,1000,,Aggregated,400.400000,0.000000,100,130,160,190,2000,3800,6400,8300,16000,22000,30000,147334,3,100,616.918703392253,12.225399957969785,29847.439200035296,4759.679110049276
1791116244,1000,,Aggregated,403.200000,0.000000,100,130,160,190,2000,3800,6400,8300,16000,22000,30000,147690,3,100,616.459991771238,12.225399957969785,29847.439200035296,4760.084244024646
1791116245,1000,,Aggregated,395.700000,0.000000,100,130,160,190,2000,3800,6400,8300,15000,22000,30000,148079,3,100,616.0894096427851,12.225399957969785,29847.439200035296,4760.304080929774
1791116246,1000,,Aggregated,402.700000,0.000000,100,130,160,190,2000,3800,6400,8300,15000,22000,30000,148409,3,100,615.737408866671,12.225399957969785,29847.439200035296,4760.966518203074
1791116247,1000,,Aggregated,394.800000,0.000000,100,130,160,190,2000,3800,6400,8300,15000,22000,30000,148734,3,100,615.5559690904058,12.225399957969785,29847.439200035296,4761.09523713475
1791116248,1000,,Aggregated,392.800000,0.000000,100,130,160,190,2000,3800,6400,8300,15000,22000,30000,149094,3,100,615.7045345841727,12.225399957969785,29847.439200035296,4760.9523455001545
1791116249,1000,,Aggregated,385.500000,0.000000,100,130,160,190,2000,3800,6400,8300,15000,22000,30000,149458,3,100,616.091224388743,12.225399957969785,29847.439200035296,4760.948574181375
1791116250,1000,,Aggregated,378.400000,0.000000,100,130,160,190,2000,3800,6400,8300,15000,22000,30000,149849,3,100,617.6885240154559,12.225399957969785,29847.439200035296,4759.987827746599
1791116251,1000,,Aggregated,368.000000,0.000000,100,130,160,190,2000,3800,6400,8300,15000,22000,30000,150235,3,100,617.9805036888383,12.225399957969785,29847.439200035296,4760.157586447898
1791116252,1000,,Aggregated,364.800000,0.000000,100,130,160,190,2000,3800,6400,8300,15000,22000,30000,150585,3,100,617.8206240813627,12.225399957969785,29847.439200035296,4760.503044791978
1791116253,1000,,Aggregated,363.100000,0.000000,100,130,160,190,2000,3800,6400,8300,15000,22000,30000,150931,3,100,617.519440567489,12.225399957969785,29847.439200035296,4761.02794654511
1791116254,1000,,Aggregated,360.800000,0.000000,100,130,160,190,2000,3800,6400,8300,15000,22000,30000,151316,3,100,617.6974691109438,12.225399957969785,29847.439200035296,4760.873159480821
1791116255,1000,,Aggregated,365.200000,0.000000,100,130,160,190,2000,3800,6400,8300,15000,22000,30000,151689,3,100,617.545938444396,12.225399957969785,29847.439200035296,4761.426820665968
1791116256,1000,,Aggregated,360.300000,0.000000,100,130,160,190,2000,3800,6400,8300,15000,22000,30000,152074,3,100,618.3346952246379,12.225399957969785,29847.439200035296,4761.275740757789
1791116257,1000,,Aggregated,363.500000,0.000000,100,130,160,190,2000,3800,6400,8400,15000,22000,30000,152470,4,100,619.1759709076637,12.225399957969785,29847.439200035296,4760.783714829146
1791116258,1000,,Aggregated,361.100000,0.000000,100,130,160,190,2000,3800,6400,8400,15000,22000,30000,152887,4,100,619.976907553241,12.225399957969785,29847.439200035296,4760.191206577407
1791116259,1000,,Aggregated,369.000000,0.000000,100,130,160,190,2000,3800,6500,8400,15000,22000,30000,153276,4,100,620.0886723648346,12.225399957969785,29847.439200035296,4760.44959419609
1791116260,1000,,Aggregated,372.300000,0.100000,100,130,160,190,2000,3800,6500,8400,15000,22000,30000,153698,4,100,620.1350805117364,12.225399957969785,29847.439200035296,4759.94240003123
1791116261,1000,,Aggregated,379.600000,0.100000,100,130,160,190,2000,3800,6500,8400,15000,22000,30000,154044,4,100,620.3776065052369,12.225399957969785,29847.439200035296,4759.275732907481
1791116262,1000,,Aggregated,380.600000,0.100000,100,130,160,190,2000,3800,6400,8400,15000,22000,30000,154461,4,100,619.3579073027694,12.225399957969785,29847.439200035296,4760.653401182175
1791116263,1000,,Aggregated,383.700000,0.100000,100,130,160,190,2000,3800,6400,8400,15000,22000,30000,154849,4,100,619.0150315862124,12.225399957969785,29847.439200035296,4760.597304470807
1791116264,1000,,Aggregated,381.000000,0.100000,100,130,160,190,2000,3800,6400,8400,15000,22000,30000,155228,4,100,618.5413221931209,12.225399957969785,29847.439200035296,4760.730132450331
1791116265,1000,,Aggregated,385.600000,0.100000,100,130,160,190,2000,3800,6400,8400,15000,22000,30000,155647,4,100,618.8041183003495,12.225399957969785,29847.439200035296,4760.200170899536
1791116266,1000,,Aggregated,388.500000,0.100000,100,130,160,190,2000,3800,6400,8400,15000,22000,30000,156059,4,100,619.6579339172644,12.225399957969785,29847.439200035296,4759.555847467945
1791116267,1000,,Aggregated,387.300000,0.100000,100,130,160,190,2000,3800,6400,8400,15000,22000,30000,156432,4,100,619.2658753598679,12.225399957969785,29847.439200035296,4759.948712539634
1791116268,1000,,Aggregated,395.200000,0.100000,100,130,160,190,2000,3800,6400,8300,15000,22000,30000,156855,4,100,619.0076784450271,12.225399957969785,29847.439200035296,4759.7681234260945
1791116269,1000,,Aggregated,393.400000,0.100000,100,130,160,190,2000,3800,6400,8300,15000,22000,30000,157283,4,100,618.9040297457142,12.225399957969785,29847.439200035296,4759.4425144484785
1791116270,1000,,Aggregated,393.400000,0.000000,100,130,160,190,2000,3800,6400,8300,15000,22000,30000,157690,4,100,618.6521481209683,12.225399957969785,29847.439200035296,4759.073917179276
1791116271,1000,,Aggregated,392.900000,0.000000,100,130,160,190,2000,3800,6400,8300,15000,22000,30000,158057,4,100,617.7721303067608,12.225399957969785,29847.439200035296,4760.15111004258
1791116272,1000,,Aggregated,397.800000,0.000000,100,130,160,190,2000,3800,6400,8300,15000,22000,30000,158416,4,100,617.0323728019583,12.225399957969785,29847.439200035296,4761.08489041511
1791116274,1000,,Aggregated,395.500000,0.000000,100,130,160,190,2000,3800,6400,8300,15000,22000,30000,158791,4,100,616.8565057647751,12.225399957969785,29847.439200035296,4760.9290828825315
1791116275,1000,,Aggregated,392.000000,0.000000,100,130,160,190,2000,3800,6400,8300,15000,22000,30000,159183,4,100,617.5091117443068,12.225399957969785,29847.439200035296,4759.843783569853
1791116276,1000,,Aggregated,391.400000,0.000000,100,130,160,190,2000,3800,6400,8300,15000,22000,30000,159592,4,100,618.0498152068625,12.225399957969785,29847.439200035296,4759.294450849667
1791116277,1000,,Aggregated,392.000000,0.000000,100,130,160,190,2000,3800,6400,8300,15000,22000,30000,160003,4,100,617.7626925800988,12.225399957969785,29847.439200035296,4759.328487590858
1791116278,1000,,Aggregated,389.900000,0.000000,100,130,160,190,2000,3800,6400,8300,15000,22000,30000,160405,4,100,617.3286222791909,12.225399957969785,29847.439200035296,4759.409045852685
1791116279,1000,,Aggregated,391.900000,0.000000,100,130,160,190,2000,3800,6400,8300,15000,22000,30000,160819,4,100,617.0506460666566,12.225399957969785,29847.439200035296,4759.36835821638
1791116280,1000,,Aggregated,393.300000,0.000000,100,130,160,190,2000,3800,6400,8300,15000,22000,30000,161175,4,100,617.3935388775758,12.225399957969785,29847.439200035296,4759.185804250039
1791116281,1000,,Aggregated,394.400000,0.000000,100,130,160,190,2000,3800,6400,8300,15000,22000,30000,161566,4,100,617.0446529628288,12.225399957969785,29847.439200035296,4759.507835807039
1791116282,1000,,Aggregated,385.200000,0.000000,100,130,160,190,2000,3800,6400,8300,15000,22000,30000,161935,4,100,616.333747829639,12.225399957969785,29847.439200035296,4759.928100781178
1791116283,1000,,Aggregated,386.200000,0.000000,100,130,160,190,2000,3800,6400,8300,15000,22000,30000,162282,4,100,615.680768082065,12.225399957969785,29847.439200035296,4760.7397616494745
1791116284,1000,,Aggregated,386.100000,0.000000,100,130,160,190,2000,3800,6400,8300,15000,22000,30000,162668,4,100,615.4270642658273,12.225399957969785,29847.439200035296,4760.836907074532
1791116285,1000,,Aggregated,383.800000,0.000000,100,130,160,190,2000,3800,6400,8300,15000,22000,30000,163069,4,100,615.7912033016331,12.225399957969785,29847.439200035296,4760.462988060269
1791116286,1000,,Aggregated,385.400000,0.000000,100,130,160,190,2000,3800,6400,8300,15000,22000,30000,163461,4,100,616.5656361406936,12.225399957969785,29847.439200035296,4760.007426847994
1791116287,1000,,Aggregated,386.400000,0.000000,100,130,160,190,2000,3800,6400,8300,15000,22000,30000,163873,4,100,616.8868241735673,12.225399957969785,29847.439200035296,4759.676987667279
1791116288,1000,,Aggregated,383.500000,0.000000,100,130,160,190,2000,3800,6400,8300,15000,22000,30000,164286,4,100,617.2071730932317,12.225399957969785,29847.439200035296,4759.079799861218
1791116289,1000,,Aggregated,382.900000,0.000000,100,130,160,190,2000,3800,6400,8300,15000,22000,30000,164699,4,100,616.5171808741692,12.225399957969785,29847.439200035296,4759.371155866156
1791116290,1000,,Aggregated,385.400000,0.000000,100,130,160,190,2000,3800,6400,8300,15000,22000,30000,165142,4,100,616.1556906782987,12.225399957969785,29847.439200035296,4759.760061038379
1791116291,1000,,Aggregated,385.100000,0.000000,100,130,160,190,2000,3800,6400,8200,15000,22000,30000,165516,4,100,615.7507317044666,12.225399957969785,29847.439200035296,4759.709109693323
1791116292,1000,,Aggregated,392.900000,0.000000,100,130,160,190,2000,3800,6400,8200,15000,22000,30000,165907,4,100,614.9219953696772,12.225399957969785,29847.439200035296,4760.446629738348
1791116293,1000,,Aggregated,392.700000,0.000000,100,130,160,190,2000,3800,6400,8200,15000,22000,30000,166270,4,100,614.5495323263231,12.225399957969785,29847.439200035296,4760.4866602513985
1791116294,1000,,Aggregated,393.800000,0.000000,100,130,160,190,2000,3800,6400,8200,15000,22000,30000,166623,4,100,613.9570205427696,12.225399957969785,29847.439200035296,4761.007495963942
1791116295,1000,,Aggregated,398.000000,0.000000,100,130,160,190,2000,3800,6400,8200,15000,22000,30000,166984,4,100,613.4160902116264,12.225399957969785,29847.439200035296,4761.138845637905
1791116296,1000,,Aggregated,393.900000,0.000000,100,130,160,190,2000,3800,6400,8200,15000,22000,30000,167343,4,100,613.4620636704177,12.225399957969785,29847.439200035296,4761.016445265114
1791116297,1000,,Aggregated,388.800000,0.000000,100,130,160,190,2000,3800,6400,8200,15000,22000,30000,167693,4,100,613.5764600180001,12.225399957969785,29847.439200035296,4761.002170633241
1791116298,1000,,Aggregated,387.300000,0.000000,100,130,160,190,2000,3800,6400,8200,15000,22000,30000,168064,4,100,614.4602532249579,12.225399957969785,29847.439200035296,4760.779762471439
1791116299,1000,,Aggregated,381.800000,0.000000,100,130,160,190,2000,3800,6400,8200,15000,22000,30000,168440,4,100,615.0293016041268,12.225399957969785,29847.439200035296,4760.729393255759
1791116300,1000,,Aggregated,375.000000,0.000000,100,130,160,190,2000,3800,6400,8200,15000,22000,30000,168842,4,100,615.7300989658925,12.225399957969785,29847.439200035296,4759.703752620793
1791116301,1000,,Aggregated,371.100000,0.000000,100,130,160,190,2000,3800,6400,8200,15000,22000,30000,169205,4,100,615.9149111633758,12.225399957969785,29847.439200035296,4759.438887739724
1791116302,1000,,Aggregated,369.300000,0.000000,100,130,160,190,2000,3800,6400,8200,15000,22000,30000,169571,4,100,615.3798387094428,12.225399957969785,29847.439200035296,4759.953547481586
1791116303,1000,,Aggregated,367.200000,0.000000,100,130,160,190,2000,3800,6400,8200,15000,22000,30000,169976,4,100,615.5439389313722,12.225399957969785,29847.439200035296,4760.175536546336
1791116304,1000,,Aggregated,367.600000,0.000000,100,130,160,190,2000,3800,6400,8200,15000,22000,30000,170355,4,100,615.1879884206452,12.225399957969785,29847.439200035296,4760.710246250477
1791116305,1000,,Aggregated,368.000000,0.000000,100,130,160,190,2000,3800,6400,8200,15000,22000,30000,170765,4,100,615.633374076647,12.225399957969785,29847.439200035296,4760.007911457265
1791116306,1000,,Aggregated,369.600000,0.000000,100,130,160,190,2000,3800,6400,8200,15000,22000,30000,171185,4,100,615.9413395385001,12.225399957969785,29847.439200035296,4759.3640330636445
1791116307,1000,,Aggregated,375.300000,0.000000,100,130,160,190,2000,3800,6400,8200,15000,22000,30000,171606,4,100,615.9954928772738,12.225399957969785,29847.439200035296,4759.040016083353
1791116308,1000,,Aggregated,381.500000,0.000000,100,130,160,190,2000,3800,6400,8200,15000,22000,30000,172059,4,100,615.7744299757519,12.225399957969785,29847.439200035296,4758.9863128345505
1791116309,1000,,Aggregated,388.700000,0.000000,100,130,160,190,2000,3800,6400,8200,15000,22000,30000,172489,4,100,615.3364364313004,12.225399957969785,29847.439200035296,4758.599870136646
1791116310,1000,,Aggregated,397.200000,0.000000,100,130,160,190,2000,3800,6400,8200,15000,22000,30000,172917,4,100,614.5229054049028,12.225399957969785,29847.439200035296,4758.975525830311
1791116311,1000,,Aggregated,403.200000,0.000000,100,130,160,190,2000,3800,6400,8200,15000,22000,30000,173321,4,100,613.6488771054846,12.225399957969785,29847.439200035296,4759.82288355133
1791116312,1000,,Aggregated,404.700000,0.000000,100,130,160,190,2000,3800,6400,8200,15000,22000,30000,173711,4,100,612.8261300021247,12.225399957969785,29847.439200035296,4760.59183931933
1791116313,1000,,Aggregated,409.300000,0.000000,100,130,160,190,2000,3800,6400,8200,15000,22000,30000,174072,4,100,612.1679560647273,12.225399957969785,29847.439200035296,4761.127889608897
1791116314,1000,,Aggregated,409.000000,0.000000,100,130,160,190,2000,3800,6400,8200,15000,22000,30000,174464,4,100,612.0756665369364,12.225399957969785,29847.439200035296,4761.482615324651
1791116315,1000,,Aggregated,406.100000,0.000000,100,130,160,190,2000,3800,6400,8200,15000,22000,30000,174869,4,100,612.8283681372924,12.225399957969785,29847.439200035296,4760.200138389308
1791116316,1000,,Aggregated,408.800000,0.000000,100,130,160,190,2000,3800,6400,8200,15000,22000,30000,175347,4,100,612.7353594364262,12.225399957969785,29847.439200035296,4759.974456363668
1791116317,1000,,Aggregated,409.100000,0.000000,100,130,160,190,2000,3800,6400,8200,15000,22000,30000,175751,4,100,612.5191394489905,12.225399957969785,29847.439200035296,4759.770317096347
1791116318,1000,,Aggregated,408.600000,0.000000,100,130,160,190,2000,3800,6400,8200,15000,22000,30000,176168,4,100,612.345344072131,12.225399957969785,29847.439200035296,4759.485315153717
1791116319,1000,,Aggregated,409.700000,0.000000,100,130,160,190,2000,3800,6400,8200,15000,22000,30000,176584,4,100,611.7910061024771,12.225399957969785,29847.439200035296,4759.4553979975535
1791116320,1000,,Aggregated,408.200000,0.000000,100,130,160,190,2000,3800,6400,8200,15000,22000,30000,176991,4,100,611.274966120314,12.225399957969785,29847.439200035296,4759.300975755829
1791116321,1000,,Aggregated,403.100000,0.000000,100,130,160,190,2000,3800,6400,8200,15000,22000,30000,177336,4,100,610.5737106639435,12.225399957969785,29847.439200035296,4760.167456128479
1791116322,1000,,Aggregated,405.200000,0.000000,100,130,160,190,2000,3800,6400,8200,15000,22000,30000,177660,4,100,609.9947100546057,12.225399957969785,29847.439200035296,4761.279646515817
1791116323,1000,,Aggregated,397.600000,0.000000,100,130,160,190,2000,3800,6300,8200,15000,22000,30000,177979,4,100,609.3049040358745,12.225399957969785,29847.439200035296,4762.185229718113
1791116324,1000,,Aggregated,393.900000,0.000000,100,130,160,190,2000,3800,6300,8200,15000,22000,30000,178320,4,100,609.062869066852,12.225399957969785,29847.439200035296,4762.726716016151
1791116325,1000,,Aggregated,388.400000,0.000000,100,130,160,190,2000,3800,6300,8200,15000,22000,30000,178675,4,100,610.4521127096734,12.225399957969785,29847.439200035296,4761.319278018749
1791116326,1000,,Aggregated,380.400000,0.000000,100,130,160,190,2000,3800,6300,8200,15000,22000,30000,178960,4,100,610.6281782018355,12.225399957969785,29847.439200035296,4761.421993741618
1791116327,1000,,Aggregated,376.000000,0.000000,100,130,160,190,2000,3800,6300,8200,15000,22000,30000,179279,4,100,610.1062458804452,12.225399957969785,29847.439200035296,4762.14031760552
1791116328,1000,,Aggregated,366.200000,0.000000,100,130,160,190,2000,3800,6300,8200,15000,22000,30000,179576,4,100,609.7564790684717,12.225399957969785,29847.439200035296,4762.725887646456
1791116329,1000,,Aggregated,353.500000,0.000000,100,130,160,190,2000,3800,6400,8200,15000,22000,30000,179898,4,100,610.7464217951275,12.225399957969785,29847.439200035296,4762.394112219146
1791116330,1000,,Aggregated,339.400000,0.000000,100,130,160,190,2000,3800,6400,8200,15000,22000,30000,180217,4,100,611.0283613871018,12.225399957969785,29847.439200035296,4762.679680607268
1791116331,1000,,Aggregated,333.200000,0.000000,100,130,160,190,2000,3800,6400,8200,15000,22000,30000,180503,4,100,611.3959400558391,12.225399957969785,29847.439200035296,4762.923846141061
1791116332,1000,,Aggregated,320.500000,0.000000,100,130,160,190,2000,3800,6400,8200,15000,22000,30000,180842,4,100,612.5883742825197,12.225399957969785,29847.439200035296,4762.574357726634
1791116333,1000,,Aggregated,314.600000,0.000000,100,130,160,190,2000,3800,6400,8300,15000,22000,30000,181148,4,100,613.9577118278955,12.225399957969785,29847.439200035296,4762.078184688763
1791116334,1000,,Aggregated,312.500000,0.000000,100,130,160,190,2000,3800,6400,8300,15000,22000,30000,181396,4,100,615.9238353265777,12.225399957969785,29847.439200035296,4761.415009151249
1791116335,1000,,Aggregated,313.900000,0.000000,100,130,170,190,2000,3800,6400,8300,15000,22000,30000,181751,4,100,615.9861826603398,12.225399957969785,29847.439200035296,4762.096775258458
1791116336,1000,,Aggregated,313.300000,0.000000,100,130,170,190,2000,3800,6500,8300,15000,22000,30000,182107,4,100,617.5870813290982,12.225399957969785,29847.439200035296,4761.435084867688
1791116337,1000,,Aggregated,307.800000,0.000000,100,130,170,190,2000,3800,6500,8300,15000,22000,30000,182490,4,100,619.8328321732583,12.225399957969785,29847.439200035296,4760.272930023563
1791116338,1000,,Aggregated,307.600000,0.000000,100,130,170,190,2000,3900,6500,8400,15000,22000,30000,182868,4,100,621.1941400403451,12.225399957969785,29847.439200035296,4759.578411750553
1791116339,1000,,Aggregated,314.000000,0.000000,100,130,170,190,2000,3900,6500,8400,15000,22000,30000,183203,4,100,622.532725030145,12.225399957969785,29847.439200035296,4759.243096455844
1791116340,1000,,Aggregated,321.200000,0.000000,100,130,170,200,2000,3900,6500,8400,16000,22000,30000,183636,4,100,623.5069327637142,12.225399957969785,29847.439200035296,4758.963286065913
1791116341,1000,,Aggregated,326.700000,0.000000,100,130,170,190,2000,3900,6500,8400,16000,22000,30000,184015,4,100,623.9801518185864,12.225399957969785,29847.439200035296,4758.90039942396
1791116342,1000,,Aggregated,333.900000,0.000000,100,130,160,190,2000,3900,6500,8400,16000,22000,30000,184387,4,100,623.2610268066506,12.225399957969785,29847.439200035296,4759.4364461702835
1791116343,1000,,Aggregated,343.100000,0.000000,100,130,160,190,2000,3900,6500,8400,16000,22000,30000,184745,4,100,623.5659717518606,12.225399957969785,29847.439200035296,4759.612070692035
1791116344,1000,,Aggregated,348.100000,0.000000,100,130,160,190,2000,3900,6500,8400,16000,22000,30000,185154,4,100,624.3414378447017,12.225399957969785,29847.439200035296,4758.79099020275
1791116345,1000,,Aggregated,354.500000,0.000000,100,130,160,190,2000,3900,6500,8500,16000,22000,30000,185570,4,100,624.8745692046006,12.225399957969785,29847.439200035296,4758.543816349626
1791116346,1000,,Aggregated,360.900000,0.000000,100,130,160,190,2000,3900,6500,8500,16000,22000,30000,185973,4,100,624.8045639528225,12.225399957969785,29847.439200035296,4758.514015475364
1791116347,1000,,Aggregated,371.400000,0.000000,100,130,160,190,2000,3900,6500,8500,16000,22000,30000,186385,4,100,625.0602647417891,12.225399957969785,29847.439200035296,4758.281100946964
1791116348,1000,,Aggregated,381.300000,0.000000,100,130,160,190,2000,3900,6500,8500,16000,22000,30000,186794,6,100,625.1894338790206,12.225399957969785,30138.69439996779,4758.1045001445445
1791116349,1000,,Aggregated,385.000000,0.000000,100,130,160,190,2000,3900,6500,8400,16000,22000,30000,187229,6,100,624.5325417659543,12.225399957969785,30138.69439996779,4758.226241661281
1791116350,1000,,Aggregated,389.300000,0.200000,100,130,160,190,2000,3900,6500,8400,16000,22000,30000,187663,6,100,624.2180454825823,12.225399957969785,30138.69439996779,4758.614857483894
1791116351,1000,,Aggregated,393.700000,0.200000,100,130,160,190,2000,3900,6500,8400,16000,22000,30000,187987,6,100,623.8977954805247,12.225399957969785,30138.69439996779,4758.8925564001765
1791116352,1000,,Aggregated,395.100000,0.200000,100,130,160,190,2000,3900,6500,8400,16000,22000,30000,188371,6,100,623.3343959616782,12.225399957969785,30138.69439996779,4759.832484830467
1791116353,1000,,Aggregated,398.300000,0.200000,100,130,160,190,2000,3900,6500,8400,16000,22000,30000,188769,6,100,623.5050952089433,12.225399957969785,30138.69439996779,4759.468652162166
1791116354,1000,,Aggregated,394.000000,0.200000,100,130,160,190,2000,3900,6500,8400,16000,22000,30000,189126,6,100,623.0751792143715,12.225399957969785,30138.69439996779,4759.717712001523
1791116355,1000,,Aggregated,396.500000,0.200000,100,130,160,190,2000,3900,6500,8400,16000,22000,30000,189547,6,100,622.9252156726162,12.225399957969785,30138.69439996779,4759.659857449604
1791116356,1000,,Aggregated,396.100000,0.200000,100,130,160,190,2000,3900,6500,8400,16000,22000,30000,189934,6,100,623.2250485979171,12.225399957969785,30138.69439996779,4759.111117546095
1791116357,1000,,Aggregated,390.900000,0.200000,100,130,160,190,2000,3900,6500,8400,16000,22000,30000,190352,6,100,622.8606102993265,12.225399957969785,30138.69439996779,4759.168655963688
1791116358,1000,,Aggregated,392.500000,0.200000,100,130,160,190,2000,3900,6500,8400,16000,22000,30000,190754,6,100,622.404786603152,12.225399957969785,30138.69439996779,4759.35535821005
1791116359,1000,,Aggregated,393.400000,0.200000,100,130,160,190,2000,3900,6500,8400,16000,22000,30000,191066,6,100,622.1961655940798,12.225399957969785,30138.69439996779,4759.793521610333
1791116360,1000,,Aggregated,392.400000,0.000000,100,130,160,190,2000,3900,6500,8400,16000,22000,30000,191441,6,100,621.6092172136479,12.225399957969785,30138.69439996779,4760.662893528554
1791116361,1000,,Aggregated,388.200000,0.000000,100,130,170,190,2000,3900,6500,8400,16000,22000,30000,191739,6,100,621.1897083524932,12.225399957969785,30138.69439996779,4761.2780342027445
1791116362,1000,,Aggregated,382.300000,0.000000,100,130,160,190,2000,3900,6500,8400,16000,22000,30000,192094,6,100,621.4198040402032,12.225399957969785,30138.69439996779,4760.835039095443
1791116363,1000,,Aggregated,373.000000,0.000000,100,130,160,190,2000,3900,6500,8400,16000,22000,30000,192460,6,100,622.1952848747716,12.225399957969785,30138.69439996779,4760.48337316845
1791116364,1000,,Aggregated,373.500000,0.000000,100,130,160,190,2000,3900,6500,8400,16000,22000,30000,192797,6,100,622.0675568841779,12.225399957969785,30138.69439996779,4760.601046696785
1791116365,1000,,Aggregated,369.200000,0.000000,100,130,160,190,2000,3900,6500,8400,16000,22000,30000,193183,6,100,622.4573266374291,12.225399957969785,30138.69439996779,4760.73843971778
1791116366,1000,,Aggregated,367.700000,0.000000,100,130,160,190,2000,3900,6500,8400,16000,22000,30000,193580,6,100,624.0042468343763,12.225399957969785,30138.69439996779,4759.904246306437
1791116367,1000,,Aggregated,367.500000,0.000000,100,130,160,190,2000,3900,6500,8400,16000,22000,30000,194004,6,100,624.5884978969437,12.225399957969785,30138.69439996779,4759.519241871301
1791116368,1000,,Aggregated,362.800000,0.000000,100,130,160,190,2000,3900,6500,8400,16000,22000,30000,194368,6,100,624.8270241377122,12.225399957969785,30138.69439996779,4759.4664605284825
1791116369,1000,,Aggregated,360.500000,0.000000,100,130,160,190,2000,3900,6500,8400,16000,22000,30000,194804,6,100,625.2153310727696,12.225399957969785,30138.69439996779,4758.770559126096
1791116370,1000,,Aggregated,359.800000,0.000000,100,130,160,190,2000,3900,6500,8400,16000,22000,30000,195209,6,100,625.0477890937418,12.225399957969785,30138.69439996779,4758.576710090211
1791116371,1000,,Aggregated,363.500000,0.000000,100,130,170,190,2000,3900,6500,8400,16000,22000,30000,195559,6,100,625.2569461134505,12.225399957969785,30138.69439996779,4758.26878333393
1791116372,1000,,Aggregated,370.600000,0.000000,100,130,170,200,2000,3900,6500,8400,16000,22000,30000,195966,6,100,624.6869303705765,12.225399957969785,30138.69439996779,4759.395323678597
1791116373,1000,,Aggregated,379.400000,0.000000,100,130,170,200,2000,3900,6500,8400,16000,22000,30000,196336,6,100,624.3251121893096,12.225399957969785,30138.69439996779,4759.584467443566
1791116374,1000,,Aggregated,376.700000,0.000000,100,130,170,200,2000,3900,6500,8400,16000,22000,30000,196724,6,100,624.0518084692284,12.225399957969785,30138.69439996779,4759.437389439011
1791116375,1000,,Aggregated,382.000000,0.000000,100,130,170,200,2000,3900,6500,8400,16000,22000,30000,197122,6,100,623.991050978586,12.225399957969785,30138.69439996779,4759.290353182293
1791116376,1000,,Aggregated,385.500000,0.000000,100,130,170,200,2000,3900,6500,8400,16000,22000,30000,197531,6,100,623.8707007614044,12.225399957969785,30138.69439996779,4759.0213485478225
1791116377,1000,,Aggregated,388.700000,0.000000,100,130,170,200,2000,3900,6500,8400,16000,22000,30000,197950,6,100,623.9730013927855,12.225399957969785,30138.69439996779,4758.7081586259155
1791116378,1000,,Aggregated,391.000000,0.000000,100,130,170,200,2000,3900,6500,8400,16000,22000,30000,198368,6,100,623.9166038731166,12.225399957969785,30138.69439996779,4758.406043313437
1791116379,1000,,Aggregated,392.100000,0.000000,100,130,160,200,2000,3900,6500,8400,16000,22000,30000,198817,6,100,623.5771302584922,12.225399957969785,30138.69439996779,4758.500782126277
1791116380,1000,,Aggregated,396.300000,0.000000,100,130,160,190,2000,3900,6500,8400,16000,22000,30000,199261,6,100,623.1423467683186,12.225399957969785,30138.69439996779,4758.249582206252
1791116381,1000,,Aggregated,395.900000,0.000000,100,130,170,200,2000,3900,6500,8400,16000,22000,30000,199589,6,100,622.6392610639951,12.225399957969785,30138.69439996779,4759.062418269544
1791116382,1000,,Aggregated,398.600000,0.000000,100,130,170,200,2000,3900,6500,8400,16000,22000,30000,200004,6,100,621.9263067023761,12.225399957969785,30138.69439996779,4759.877702445951
1791116383,1000,,Aggregated,398.000000,0.000000,100,130,170,190,2000,3900,6500,8400,16000,22000,30000,200407,6,100,621.8027345941152,12.225399957969785,30138.69439996779,4759.6412500561355
1791116384,1000,,Aggregated,402.400000,0.000000,100,130,160,190,2000,3800,6500,8400,16000,22000,30000,200818,6,100,621.5800723326741,12.225399957969785,30138.69439996779,4759.183813203996
1791116385,1000,,Aggregated,405.200000,0.000000,100,130,160,190,2000,3800,6500,8400,16000,22000,30000,201241,6,100,621.3489918003922,12.225399957969785,30138.69439996779,4759.276355215886
1791116386,1000,,Aggregated,405.700000,0.000000,100,130,160,190,2000,3800,6500,8400,16000,22000,30000,201643,6,100,620.8493270116139,12.225399957969785,30138.69439996779,4759.648532307097
1791116387,1000,,Aggregated,405.900000,0.000000,100,130,160,190,2000,3800,6500,8300,16000,22000,30000,201977,6,100,620.2885117043214,12.225399957969785,30138.69439996779,4760.323026879298
1791116388,1000,,Aggregated,407.200000,0.000000,100,130,170,190,2000,3800,6500,8300,16000,22000,30000,202342,6,100,620.1700298623309,12.225399957969785,30138.69439996779,4760.27884967036
1791116389,1000,,Aggregated,406.800000,0.000000,100,130,170,190,2000,3800,6500,8300,16000,22000,30000,202764,6,100,620.2089697604285,12.225399957969785,30138.69439996779,4760.234726085499
1791116390,1000,,Aggregated,398.100000,0.000000,100,130,170,190,2000,3800,6500,8300,16000,22000,30000,203161,6,100,620.6055151028146,12.225399957969785,30138.69439996779,4759.587155014988
1791116391,1000,,Aggregated,389.500000,0.000000,100,130,170,190,2000,3800,6500,8300,16000,22000,30000,203432,6,100,620.3384653481434,12.225399957969785,30138.69439996779,4759.910196036022
1791116392,1000,,Aggregated,389.000000,0.000000,100,130,170,200,2000,3800,6500,8300,16000,22000,30000,203890,6,100,619.8192006523317,12.225399957969785,30138.69439996779,4760.752773554367
1791116394,1000,,Aggregated,388.300000,0.000000,100,130,170,200,2000,3800,6500,8300,16000,22000,30000,204288,6,100,620.2866369346417,12.225399957969785,30138.69439996779,4760.141026394111
1791116395,1000,,Aggregated,382.700000,0.000000,100,130,170,200,2000,3900,6500,8300,16000,22000,30000,204687,6,100,620.9363944407949,12.225399957969785,30138.69439996779,4759.167763463239
1791116396,1000,,Aggregated,382.400000,0.000000,100,130,170,200,2000,3900,6500,8300,16000,22000,30000,205127,6,100,620.8954704251694,12.225399957969785,30138.69439996779,4758.717672466326
1791116397,1000,,Aggregated,382.700000,0.000000,100,130,170,200,2000,3800,6500,8300,16000,22000,30000,205512,6,100,620.4721873486891,12.225399957969785,30138.69439996779,4758.9680553933595
1791116398,1000,,Aggregated,384.200000,0.000000,100,130,170,200,2000,3800,6500,8300,16000,22000,30000,205916,6,100,620.283917703356,12.225399957969785,30138.69439996779,4758.805386662522
1791116399,1000,,Aggregated,382.700000,0.000000,100,130,170,200,2000,3800,6500,8300,16000,22000,30000,206344,6,100,620.1726463837349,12.225399957969785,30138.69439996779,4758.249268212306
1791116400,1000,,Aggregated,388.900000,0.000000,100,130,170,200,2000,3800,6500,8300,16000,22000,30000,206749,6,100,619.8680012803244,12.225399957969785,30138.69439996779,4758.279778862292
1791116401,1000,,Aggregated,399.300000,0.000000,100,130,160,190,2000,3800,6500,8300,15000,22000,30000,207174,6,100,619.3219255302565,12.225399957969785,30138.69439996779,4758.481580700281
1791116402,1000,,Aggregated,395.700000,0.000000,100,130,160,190,2000,3800,6500,8300,15000,22000,30000,207531,6,100,618.9283713474404,12.225399957969785,30138.69439996779,4759.059229705442
1791116403,1000,,Aggregated,399.400000,0.000000,100,130,170,190,2000,3800,6400,8300,15000,22000,30000,207898,6,100,618.3117520928823,12.225399957969785,30138.69439996779,4759.765481149409
1791116404,1000,,Aggregated,407.600000,0.000000,100,130,170,190,2000,3800,6400,8300,15000,22000,30000,208275,6,100,618.0576493914591,12.225399957969785,30138.69439996779,4760.22879846357
1791116405,1000,,Aggregated,398.000000,0.000000,100,130,170,200,2000,3800,6400,8300,15000,22000,30000,208644,6,100,618.6768154708758,12.225399957969785,30138.69439996779,4759.381880140335
1791116406,1000,,Aggregated,396.600000,0.000000,100,130,170,190,2000,3800,6400,8300,15000,22000,30000,209048,6,100,618.746415906419,12.225399957969785,30138.69439996779,4759.143522061919
1791116407,1000,,Aggregated,394.000000,0.000000,100,140,170,200,2000,3800,6400,8300,15000,22000,30000,209402,6,100,618.9402726784128,12.225399957969785,30138.69439996779,4759.392493863478
1791116408,1000,,Aggregated,390.600000,0.000000,100,140,170,200,2000,3800,6400,8300,15000,22000,30000,209849,6,100,619.4169802110339,12.225399957969785,30138.69439996779,4758.981162645521
1791116409,1000,,Aggregated,382.500000,0.000000,100,130,170,200,2000,3800,6400,8300,15000,22000,30000,210256,6,100,619.4103388136615,12.225399957969785,30138.69439996779,4758.537406780306
1791116410,1000,,Aggregated,389.500000,0.000000,100,130,170,200,2000,3800,6400,8300,15000,22000,30000,210704,6,100,619.0913303022467,12.225399957969785,30138.69439996779,4758.611640025818
1791116411,1000,,Aggregated,387.500000,0.000000,100,130,170,190,2000,3800,6400,8300,15000,22000,30000,211088,6,100,618.7728124218578,12.225399957969785,30138.69439996779,4758.843136511787
1791116412,1000,,Aggregated,392.200000,0.000000,100,130,170,200,2000,3800,6400,8300,15000,22000,30000,211396,6,100,618.3051129439759,12.225399957969785,30138.69439996779,4759.413654941437
1791116413,1000,,Aggregated,390.600000,0.000000,100,140,170,200,2000,3800,6400,8300,15000,22000,30000,211782,6,100,617.822779400068,12.225399957969785,30138.69439996779,4760.636111661992
1791116414,1000,,Aggregated,387.700000,0.000000,100,140,170,200,2000,3800,6400,8300,15000,22000,30000,212135,6,100,617.3510469102458,12.225399957969785,30138.69439996779,4760.770721474532
1791116415,1000,,Aggregated,385.600000,0.000000,100,140,170,200,2000,3800,6400,8300,15000,22000,30000,212394,6,100,617.4635819689133,12.225399957969785,30138.69439996779,4760.637075435276
1791116416,1000,,Aggregated,382.200000,0.000000,100,140,170,200,2000,3800,6400,8300,15000,22000,30000,212785,6,100,617.0278417149029,12.225399957969785,30138.69439996779,4761.19256056583
1791116417,1000,,Aggregated,376.600000,0.000000,100,140,170,200,2000,3800,6400,8300,15000,22000,30000,213075,6,100,617.5082033246772,12.225399957969785,30138.69439996779,4761.16722280887
1791116418,1000,,Aggregated,370.600000,0.000000,100,140,170,200,2000,3800,6400,8300,15000,22000,30000,213429,6,100,617.9719305760004,12.225399957969785,30138.69439996779,4761.024738906147
1791116419,1000,,Aggregated,370.600000,0.000000,100,140,170,200,2000,3800,6400,8300,15000,22000,30000,213789,6,100,618.0702262347692,12.225399957969785,30138.69439996779,4761.008531776658
1791116420,1000,,Aggregated,357.700000,0.000000,100,140,170,200,2000,3800,6400,8300,15000,22000,30000,214120,6,100,618.5359847739849,12.225399957969785,30138.69439996779,4760.9892209975715
1791116421,1000,,Aggregated,350.600000,0.000000,100,140,170,200,2000,3800,6400,8300,15000,22000,30000,214442,6,100,618.3473405601759,12.225399957969785,30138.69439996779,4761.312368845655
1791116422,1000,,Aggregated,341.100000,0.000000,100,140,170,200,2000,3800,6400,8300,15000,22000,30000,214765,6,100,618.424262661536,12.225399957969785,30138.69439996779,4761.714795241311
1791116423,1000,,Aggregated,332.300000,0.000000,100,140,170,200,2000,3800,6500,8300,15000,22000,30000,215094,6,100,619.1803535552087,12.225399957969785,30138.69439996779,4761.866676894753
1791116424,1000,,Aggregated,333.700000,0.000000,100,140,170,200,2000,3800,6500,8300,15000,22000,30000,215412,6,100,619.8901732480269,12.225399957969785,30138.69439996779,4761.894267728817
1791116425,1000,,Aggregated,329.500000,0.000000,100,140,170,200,2000,3900,6500,8300,15000,22000,30000,215773,6,100,620.5133271137009,12.225399957969785,30138.69439996779,4762.00223382907
1791116426,1000,,Aggregated,328.000000,0.000000,100,140,170,200,2000,3900,6500,8300,15000,22000,30000,216045,6,100,621.7940634210704,12.225399957969785,30138.69439996779,4761.106010321923
1791116427,1000,,Aggregated,329.600000,0.000000,100,140,170,200,2000,3900,6500,8300,15000,22000,30000,216396,6,100,621.8584982361248,12.225399957969785,30138.69439996779,4762.058702563818
1791116428,1000,,Aggregated,324.900000,0.000000,100,140,170,200,2000,3900,6500,8400,16000,22000,30000,216725,6,100,622.6637610266667,12.225399957969785,30138.69439996779,4762.046644364978
1791116429,1000,,Aggregated,328.600000,0.000000,100,140,170,200,2000,3900,6500,8400,16000,22000,30000,217035,6,100,623.9486952901814,12.225399957969785,30138.69439996779,4761.659469670791
1791116430,1000,,Aggregated,323.000000,0.000000,100,140,170,200,2000,3900,6500,8400,16000,22000,30000,217325,6,100,623.7115028887818,12.225399957969785,30138.69439996779,4761.936137121822
1791116431,1000,,Aggregated,324.400000,0.000000,100,140,170,200,2000,3900,6500,8400,16000,22000,30000,217657,6,100,623.733784160423,12.225399957969785,30138.69439996779,4762.504610465089
1791116432,1000,,Aggregated,320.500000,0.000000,100,140,170,200,2000,3900,6500,8400,16000,22000,30000,217952,6,100,625.2444265150385,12.225399957969785,30138.69439996779,4761.80675102775
1791116433,1000,,Aggregated,317.300000,0.000000,100,140,170,200,2000,3900,6600,8400,16000,22000,30000,218315,6,100,627.0933052044343,12.225399957969785,30138.69439996779,4760.983972699998
1791116434,1000,,Aggregated,313.500000,0.000000,100,140,170,200,2000,3900,6600,8400,16000,22000,30000,218675,6,100,627.9434804024534,12.225399957969785,30138.69439996779,4760.308732136733
1791116435,1000,,Aggregated,317.900000,0.000000,100,140,170,200,2000,3900,6600,8500,16000,22000,30000,219038,6,100,628.3160174563632,12.225399957969785,30138.69439996779,4760.592865164948
1791116436,1000,,Aggregated,321.200000,0.000000,100,140,170,200,2000,3900,6600,8500,16000,22000,30000,219372,6,100,628.7570937818281,12.225399957969785,30138.69439996779,4760.723574567402
1791116437,1000,,Aggregated,322.800000,0.000000,100,140,170,200,2000,3900,6600,8500,16000,22000,30000,219692,6,100,628.91075729024,12.225399957969785,30138.69439996779,4760.774998634452
1791116438,1000,,Aggregated,326.600000,0.000000,100,140,170,200,2000,3900,6600,8500,16000,22000,30000,220032,6,100,629.5470884062682,12.225399957969785,30138.69439996779,4760.727130599185
1791116439,1000,,Aggregated,324.400000,0.000000,100,140,170,200,2000,3900,6600,8500,16000,23000,30000,220414,6,100,631.5070673977541,12.225399957969785,30138.69439996779,4759.738791546816
1791116440,1000,,Aggregated,328.400000,0.000000,100,140,170,200,2000,3900,6600,8500,16000,23000,30000,220807,7,100,632.6087886512111,12.225399957969785,30138.69439996779,4759.335125245124
1791116441,1000,,Aggregated,331.400000,0.000000,100,140,170,200,2000,3900,6600,8600,16000,23000,30000,221170,7,100,633.3720086770699,12.225399957969785,30138.69439996779,4758.968087896188
1791116442,1000,,Aggregated,339.400000,0.100000,100,140,170,200,2000,3900,6600,8600,16000,23000,30000,221554,7,100,633.6096515770745,12.225399957969785,30138.69439996779,4759.027040811721
1791116443,1000,,Aggregated,348.700000,0.100000,100,140,170,200,2000,3900,6600,8600,16000,23000,30000,221925,7,100,633.3266828757775,12.225399957969785,30138.69439996779,4759.475282189929
1791116444,1000,,Aggregated,356.900000,0.100000,100,140,170,200,2000,3900,6600,8600,16000,23000,30000,222307,7,100,633.8071429964283,12.225399957969785,30138.69439996779,4759.460795206629
1791116445,1000,,Aggregated,353.800000,0.100000,100,140,170,200,2000,3900,6600,8600,16000,23000,30000,222685,7,100,633.8192036482302,12.225399957969785,30138.69439996779,4759.429314951613
1791116446,1000,,Aggregated,359.300000,0.100000,100,140,170,200,2000,3900,6600,8600,16000,23000,30000,223121,7,100,634.193185442458,12.225399957969785,30138.69439996779,4758.83875117089
1791116447,1000,,Aggregated,360.100000,0.100000,100,140,170,200,2000,3900,6600,8600,16000,23000,30000,223423,7,100,634.8985240257576,12.225399957969785,30138.69439996779,4758.346723479677
1791116448,1000,,Aggregated,370.400000,0.100000,100,140,170,200,2000,3900,6600,8600,16000,23000,30000,223897,7,100,634.3739220289102,12.225399957969785,30138.69439996779,4759.405329236211
1791116449,1000,,Aggregated,377.300000,0.100000,100,140,170,200,2000,3900,6600,8600,16000,23000,30000,224302,7,100,634.7330640248679,12.225399957969785,30138.69439996779,4758.901748535457
1791116450,1000,,Aggregated,378.500000,0.100000,100,140,170,200,2000,3900,6600,8600,16000,23000,30000,224697,7,100,634.7591897163937,12.225399957969785,30138.69439996779,4758.226206847444
1791116451,1000,,Aggregated,382.200000,0.100000,100,140,170,200,2000,3900,6600,8600,16000,23000,30000,225054,7,100,634.594814623175,12.225399957969785,30138.69439996779,4758.453775538315
1791116452,1000,,Aggregated,384.700000,0.000000,100,140,170,200,2000,3900,6600,8600,16000,23000,30000,225483,7,100,633.9342180563714,12.225399957969785,30138.69439996779,4759.237552276668
1791116453,1000,,Aggregated,387.000000,0.000000,100,140,170,200,2000,3900,6600,8600,16000,23000,30000,225877,7,100,634.0605102781822,12.225399957969785,30138.69439996779,4758.706180797513
1791116454,1000,,Aggregated,382.600000,0.000000,100,140,170,200,2000,3900,6600,8600,16000,23000,30000,226233,7,100,634.1279509342346,12.225399957969785,30138.69439996779,4758.592411363506
1791116455,1000,,Aggregated,392.900000,0.000000,100,140,170,200,2000,3900,6600,8600,16000,23000,30000,226643,7,100,633.7267427456596,12.225399957969785,30138.69439996779,4759.241856134979
1791116456,1000,,Aggregated,390.800000,0.000000,100,140,170,200,2000,3900,6600,8600,16000,23000,30000,227030,7,100,633.8270762414883,12.225399957969785,30138.69439996779,4758.87743470026
1791116457,1000,,Aggregated,386.900000,0.000000,100,140,170,200,2000,3900,6600,8600,16000,23000,30000,227412,7,100,633.7586627051563,12.225399957969785,30138.69439996779,4758.63723989939
1791116458,1000,,Aggregated,389.300000,0.000000,100,140,170,200,2000,3900,6600,8600,16000,23000,30000,227825,7,100,633.4147568454073,12.225399957969785,30138.69439996779,4758.7444046965875
1791116459,1000,,Aggregated,387.400000,0.000000,100,140,170,200,2000,3900,6600,8600,16000,23000,30000,228201,7,100,633.6263397496281,12.225399957969785,30138.69439996779,4758.493547355182
1791116460,1000,,Aggregated,390.600000,0.000000,100,140,170,200,2000,3900,6600,8600,16000,23000,30000,228592,7,100,633.8247390473185,12.225399957969785,30138.69439996779,4758.029506719396
1791116461,1000,,Aggregated,389.600000,0.000000,100,140,170,200,2000,3900,6600,8600,16000,23000,30000,228965,7,100,633.4440788151268,12.225399957969785,30138.69439996779,4758.124263533728
1791116462,1000,,Aggregated,388.500000,0.000000,100,140,170,200,2000,3900,6600,8600,16000,23000,30000,229373,7,100,633.0973857285107,12.225399957969785,30138.69439996779,4758.2993639181595
1791116463,1000,,Aggregated,386.000000,0.000000,100,140,170,200,2000,3900,6600,8600,16000,23000,30000,229738,7,100,632.9604390249136,12.225399957969785,30138.69439996779,4758.2390723345725
1791116464,1000,,Aggregated,388.300000,0.000000,100,140,170,200,2000,3900,6600,8600,16000,23000,30000,230137,7,100,632.9726903679312,12.225399957969785,30138.69439996779,4758.025232796117
1791116465,1000,,Aggregated,383.400000,0.000000,100,140,170,200,2000,3900,6600,8600,16000,23000,30000,230509,7,100,632.9712539974792,12.225399957969785,30138.69439996779,4758.416834049864
1791116466,1000,,Aggregated,385.000000,0.000000,100,140,170,200,2000,3900,6600,8600,16000,23000,30000,230942,7,100,633.1538565094454,12.225399957969785,30138.69439996779,4758.037927271783
1791116467,1000,,Aggregated,383.900000,0.000000,100,140,170,200,2000,3900,6600,8600,16000,23000,30000,231355,7,100,633.6335111396063,12.225399957969785,30138.69439996779,4757.321514555553
1791116468,1000,,Aggregated,385.700000,0.000000,100,140,170,200,2000,3900,6600,8600,16000,23000,30000,231728,7,100,633.2861315641783,12.225399957969785,30138.69439996779,4757.178571428572
1791116469,1000,,Aggregated,390.000000,0.000000,100,140,170,200,2000,3900,6600,8600,16000,23000,30000,232181,7,100,632.86099169486,12.225399957969785,30138.69439996779,4757.154280496681
1791116470,1000,,Aggregated,395.700000,0.000000,100,140,170,200,2000,3900,6600,8600,16000,23000,30000,232617,7,100,632.6369813246907,12.225399957969785,30138.69439996779,4756.928767029065
1791116471,1000,,Aggregated,393.300000,0.000000,100,140,170,200,2000,3900,6600,8500,16000,23000,30000,232979,7,100,632.2787094691168,12.225399957969785,30138.69439996779,4757.0665038479865
1791116472,1000,,Aggregated,395.500000,0.000000,100,140,170,200,2000,3900,6600,8500,16000,23000,30000,233377,7,100,631.697503929286,12.225399957969785,30138.69439996779,4757.9170783753325
1791116473,1000,,Aggregated,400.000000,0.000000,100,140,170,200,2000,3900,6600,8500,16000,23000,30000,233772,7,100,631.5235251202215,12.225399957969785,30138.69439996779,4757.614675837996
1791116474,1000,,Aggregated,394.100000,0.000000,100,140,170,200,2000,3900,6600,8500,16000,23000,30000,234097,7,100,631.363042809196,12.225399957969785,30138.69439996779,4757.697117007053
1791116475,1000,,Aggregated,401.700000,0.000000,100,140,170,200,2000,3900,6600,8500,16000,23000,30000,234511,7,100,630.9496297866802,12.225399957969785,30138.69439996779,4758.443458942224
1791116476,1000,,Aggregated,399.800000,0.000000,100,140,170,200,2000,3900,6600,8500,16000,23000,30000,234915,7,100,631.0347249511694,12.225399957969785,30138.69439996779,4757.964319009004
1791116477,1000,,Aggregated,402.200000,0.000000,100,140,170,200,2000,3900,6600,8500,16000,23000,30000,235290,7,100,631.1060122236563,12.225399957969785,30138.69439996779,4757.644298525224
1791116478,1000,,Aggregated,396.600000,0.000000,100,140,170,200,2000,3900,6600,8500,16000,23000,30000,235687,7,100,630.8907127843486,12.225399957969785,30138.69439996779,4757.934039637315
1791116479,1000,,Aggregated,393.000000,0.000000,100,140,170,200,2000,3900,6600,8500,16000,23000,30000,236089,7,100,631.046049698651,12.225399957969785,30138.69439996779,4757.549661356522
1791116480,1000,,Aggregated,388.400000,0.000000,100,140,170,200,2000,3900,6600,8500,16000,23000,30000,236495,7,100,630.8354800131292,12.225399957969785,30138.69439996779,4757.4016617687475
1791116481,1000,,Aggregated,390.300000,0.000000,100,140,170,200,2000,3900,6600,8500,16000,23000,30000,236836,7,100,630.5099754032531,12.225399957969785,30138.69439996779,4757.727524531743
1791116482,1000,,Aggregated,386.600000,0.000000,100,140,170,200,2000,3900,6600,8500,16000,23000,30000,237124,7,100,630.74064040715,12.225399957969785,30138.69439996779,4757.676026045445
1791116483,1000,,Aggregated,384.100000,0.000000,100,140,170,200,2000,3900,6600,8500,16000,23000,30000,237521,7,100,630.2004617587708,12.225399957969785,30138.69439996779,4758.6449871800805
1791116484,1000,,Aggregated,385.200000,0.000000,100,140,170,200,2000,3900,6600,8500,16000,23000,30000,237855,7,100,629.9007757100114,12.225399957969785,30138.69439996779,4758.800958567194
1791116485,1000,,Aggregated,375.600000,0.000000,100,140,170,200,2000,3900,6600,8500,16000,23000,30000,238189,7,100,629.9321340230031,12.225399957969785,30138.69439996779,4758.937012204594
1791116486,1000,,Aggregated,369.600000,0.000000,100,140,170,200,2000,3900,6600,8500,16000,23000,30000,238576,7,100,630.4393263459248,12.225399957969785,30138.69439996779,4758.21826587754
1791116487,1000,,Aggregated,370.100000,0.000000,100,140,170,200,2000,3900,6600,8500,16000,23000,30000,238966,7,100,631.1791100177654,12.225399957969785,30138.69439996779,4757.525434580652
1791116488,1000,,Aggregated,363.600000,0.000000,100,140,170,200,2000,3900,6600,8500,16000,23000,30000,239393,7,100,631.9330158643123,12.225399957969785,30138.69439996779,4756.938302289541
1791116489,1000,,Aggregated,363.000000,0.000000,100,140,170,200,2000,3900,6600,8500,16000,23000,30000,239763,7,100,631.9773849968727,12.225399957969785,30138.69439996779,4757.0649641521
1791116490,1000,,Aggregated,365.200000,0.000000,100,140,170,200,2000,3900,6600,8500,16000,23000,30000,240136,7,100,631.7931070118769,12.225399957969785,30138.69439996779,4757.339157810574
1791116491,1000,,Aggregated,367.000000,0.000000,100,140,170,200,2000,3900,6600,8500,16000,23000,30000,240491,7,100,631.7470901501695,12.225399957969785,30138.69439996779,4757.2366408722155
1791116492,1000,,Aggregated,364.100000,0.000000,100,140,170,200,2000,3900,6600,8500,16000,23000,30000,240854,7,100,631.3846739182432,12.225399957969785,30138.69439996779,4757.656351980868
1791116493,1000,,Aggregated,361.300000,0.000000,100,140,170,200,2000,3900,6600,8500,16000,23000,30000,241183,7,100,631.0928427915976,12.225399957969785,30138.69439996779,4757.974459228055
1791116494,1000,,Aggregated,365.000000,0.000000,100,140,170,200,2000,3900,6600,8500,16000,23000,30000,241544,7,100,630.8249064444002,12.225399957969785,30138.69439996779,4758.440892756599
1791116495,1000,,Aggregated,366.300000,0.000000,100,140,170,200,2000,3900,6600,8500,16000,23000,30000,241881,7,100,630.9547489348317,12.225399957969785,30138.69439996779,4758.553230720891
1791116496,1000,,Aggregated,365.500000,0.000000,100,140,170,200,2000,3900,6600,8500,16000,23000,30000,242268,7,100,631.0075099881348,12.225399957969785,30138.69439996779,4758.762750342596
1791116497,1000,,Aggregated,367.100000,0.000000,100,140,170,200,2000,3900,6600,8500,16000,23000,30000,242673,7,100,632.7304328990261,12.225399957969785,30138.69439996779,4757.87464200797
1791116498,1000,,Aggregated,366.900000,0.000000,100,140,170,200,2000,3900,6600,8500,16000,23000,30000,243083,7,100,633.0075419811571,12.225399957969785,30138.69439996779,4757.531546837911
1791116499,1000,,Aggregated,368.700000,0.000000,100,140,170,200,2000,3900,6600,8500,16000,23000,30000,243456,7,100,632.895489688508,12.225399957969785,30138.69439996779,4757.557698310989
1791116500,1000,,Aggregated,368.700000,0.000000,100,140,170,200,2000,3900,6600,8600,16000,23000,30000,243886,7,100,633.3694662986187,12.225399957969785,30138.69439996779,4756.9571029087365
1791116501,1000,,Aggregated,365.900000,0.000000,100,140,170,200,2000,3900,6600,8600,16000,23000,30000,244270,7,100,632.852648409569,12.225399957969785,30138.69439996779,4757.63468293282
1791116502,1000,,Aggregated,368.700000,0.000000,100,140,170,200,2000,3900,6600,8600,16000,23000,30000,244665,7,100,633.1903773265703,12.225399957969785,30138.69439996779,4757.08525534915
1791116503,1000,,Aggregated,368.700000,0.000000,100,140,170,200,2000,3900,6600,8600,16000,23000,30000,244999,7,100,633.1823035073882,12.225399957969785,30138.69439996779,4757.127845419777
1791116504,1000,,Aggregated,374.600000,0.000000,100,140,170,200,2000,3900,6600,8500,16000,23000,30000,245436,7,100,632.4969871123477,12.225399957969785,30138.69439996779,4758.234651803322
1791116505,1000,,Aggregated,377.100000,0.000000,100,140,170,200,2000,3900,6600,8500,16000,23000,30000,245817,7,100,632.9895882803294,12.225399957969785,30138.69439996779,4757.460330245671
1791116506,1000,,Aggregated,377.100000,0.000000,100,140,170,200,2000,3900,6600,8600,16000,23000,30000,246213,7,100,633.2598794450578,12.225399957969785,30138.69439996779,4757.187768314427
1791116507,1000,,Aggregated,386.400000,0.000000,100,140,170,200,2000,3900,6600,8600,16000,23000,30000,246634,7,100,633.0147954848303,12.225399957969785,30138.69439996779,4757.201107714265
1791116508,1000,,Aggregated,389.100000,0.000000,100,140,170,200,2000,3900,6600,8500,16000,23000,30000,247035,7,100,632.862903617727,12.225399957969785,30138.69439996779,4757.291764324893
1791116509,1000,,Aggregated,388.600000,0.000000,100,140,170,200,2000,3900,6600,8500,16000,23000,30000,247460,7,100,632.7228196120802,12.225399957969785,30138.69439996779,4757.0716398609875
1791116510,1000,,Aggregated,391.100000,0.000000,100,140,170,200,2000,3900,6600,8500,16000,23000,30000,247848,7,100,632.1806324961483,12.225399957969785,30138.69439996779,4757.609333139666
1791116511,1000,,Aggregated,392.100000,0.000000,100,140,170,200,2000,3900,6600,8500,16000,23000,30000,248209,7,100,631.8406300899858,12.225399957969785,30138.69439996779,4757.87705119476
1791116512,1000,,Aggregated,392.900000,0.000000,100,140,170,200,2000,3900,6600,8500,16000,23000,30000,248586,7,100,631.6246735805943,12.225399957969785,30138.69439996779,4758.006448472561
1791116513,1000,,Aggregated,395.000000,0.000000,100,140,170,200,2000,3900,6600,8500,16000,23000,30000,248973,7,100,631.5670615103052,12.225399957969785,30138.69439996779,4757.902266510827
1791116514,1000,,Aggregated,390.400000,0.000000,100,140,170,200,2000,3900,6600,8500,16000,23000,30000,249413,7,100,631.7443407529101,12.225399957969785,30138.69439996779,4757.766062715255
1791116515,1000,,Aggregated,389.700000,0.000000,100,140,170,200,2000,3900,6600,8500,16000,23000,30000,249834,7,100,631.7405014662005,12.225399957969785,30138.69439996779,4757.322686263679
1791116516,1000,,Aggregated,396.000000,0.000000,100,140,170,200,2000,3900,6600,8500,16000,23000,30000,250270,7,100,631.3958743281482,12.225399957969785,30138.69439996779,4757.352335477684
1791116517,1000,,Aggregated,394.800000,0.000000,100,140,170,200,2000,3900,6600,8500,16000,23000,30000,250704,7,100,631.0475423096814,12.225399957969785,30138.69439996779,4757.154919745995
1791116518,1000,,Aggregated,398.000000,0.000000,100,140,170,200,2000,3900,6600,8500,16000,23000,30000,251111,7,100,630.9030018884331,12.225399957969785,30138.69439996779,4757.184651409138
1791116519,1000,,Aggregated,403.200000,0.000000,100,140,170,200,2000,3900,6600,8500,16000,23000,30000,251536,7,100,630.2592384350771,12.225399957969785,30138.69439996779,4757.571413237071
1791116520,1000,,Aggregated,403.800000,0.000000,100,140,170,200,2000,3900,6600,8500,16000,23000,30000,251974,7,100,629.8449797685676,12.225399957969785,30138.69439996779,4757.637129227619
1791116522,1000,,Aggregated,403.200000,0.000000,100,140,170,200,2000,3900,6600,8500,16000,23000,30000,252327,7,100,629.3955428075684,12.225399957969785,30138.69439996779,4758.051964316145
1791116523,1000,,Aggregated,410.300000,0.000000,100,140,170,200,2000,3900,6600,8500,16000,23000,30000,252642,7,100,629.0070102797854,12.225399957969785,30138.69439996779,4758.659225306956
1791116524,1000,,Aggregated,409.900000,0.000000,100,140,170,200,2000,3900,6600,8500,16000,23000,30000,253051,7,100,628.7183045919835,12.225399957969785,30138.69439996779,4759.100817621745
1791116525,1000,,Aggregated,402.100000,0.000000,100,140,170,200,2000,3900,6600,8500,16000,23000,30000,253470,7,100,628.9387424788166,12.225399957969785,30138.69439996779,4758.410202390815
1791116526,1000,,Aggregated,404.200000,0.000000,100,140,170,200,2000,3900,6600,8500,16000,23000,30000,253874,7,100,628.9986416813301,12.225399957969785,30138.69439996779,4758.2135350606995
1791116527,1000,,Aggregated,402.900000,0.000000,100,140,170,200,2000,3900,6600,8500,16000,23000,30000,254293,7,100,629.006347772474,12.225399957969785,30138.69439996779,4758.093014750701
1791116528,1000,,Aggregated,402.200000,0.000000,100,140,170,200,2000,3900,6600,8500,16000,23000,30000,254658,7,100,628.7541382422943,12.225399957969785,30138.69439996779,4758.175494192211
1791116529,1000,,Aggregated,399.400000,0.000000,100,140,170,200,2000,3900,6600,8500,16000,23000,30000,255065,7,100,628.5337734738431,12.225399957969785,30138.69439996779,4758.169121596456
1791116530,1000,,Aggregated,394.400000,0.000000,100,140,170,200,2000,3900,6500,8500,16000,23000,30000,255497,7,100,628.2548101962273,12.225399957969785,30138.69439996779,4757.925243740631
1791116531,1000,,Aggregated,392.700000,0.000000,100,140,170,200,2000,3900,6500,8500,16000,23000,30000,255911,7,100,628.2458056039217,12.225399957969785,30138.69439996779,4757.520427023457
1791116532,1000,,Aggregated,393.400000,0.000000,100,140,170,200,2000,3900,6500,8500,16000,23000,30000,256253,7,100,627.7799628328455,12.225399957969785,30138.69439996779,4757.9835358025075
1791116533,1000,,Aggregated,391.300000,0.000000,100,140,170,200,2000,3900,6500,8500,16000,23000,30000,256626,7,100,627.2454978739695,12.225399957969785,30138.69439996779,4758.797432840009
1791116534,1000,,Aggregated,390.700000,0.000000,100,140,170,200,2000,3900,6500,8500,16000,23000,30000,257007,7,100,627.0829519118358,12.225399957969785,30138.69439996779,4758.91487391394
1791116535,1000,,Aggregated,396.200000,0.000000,100,140,170,200,2000,3900,6500,8500,16000,23000,30000,257337,7,100,626.8940802924053,12.225399957969785,30138.69439996779,4759.036994291532
1791116536,1000,,Aggregated,393.300000,0.000000,100,140,170,200,2000,3900,6500,8500,16000,23000,30000,257635,7,100,626.8326320608869,12.225399957969785,30138.69439996779,4759.580293826538
1791116537,1000,,Aggregated,385.400000,0.000000,100,140,170,200,2000,3900,6500,8500,16000,23000,30000,258011,7,100,626.9622995965537,12.225399957969785,30138.69439996779,4759.7333369507505
1791116538,1000,,Aggregated,370.900000,0.000000,100,140,170,200,2000,3900,6500,8500,16000,23000,30000,258395,7,100,628.0143403185305,12.225399957969785,30138.69439996779,4758.974124886317
1791116539,1000,,Aggregated,369.200000,0.000000,100,140,170,200,2000,3900,6600,8500,16000,23000,30000,258812,7,100,628.5390705744197,12.225399957969785,30138.69439996779,4758.250034774276
1791116540,1000,,Aggregated,369.400000,0.000000,100,140,170,200,2000,3900,6600,8500,16000,23000,30000,259196,7,100,628.6032306054359,12.225399957969785,30138.69439996779,4758.327917869103
1791116541,1000,,Aggregated,372.800000,0.000000,100,140,170,200,2000,3900,6600,8500,16000,23000,30000,259557,7,100,628.9294668123251,12.225399957969785,30138.69439996779,4758.2528461956335
1791116542,1000,,Aggregated,367.700000,0.000000,100,140,170,200,2000,3900,6600,8500,16000,23000,30000,259955,7,100,628.59472551367,12.225399957969785,30138.69439996779,4758.633059568002
1791116543,1000,,Aggregated,366.500000,0.000000,100,140,170,200,2000,3900,6600,8500,16000,23000,30000,260311,7,100,628.3176288336138,12.225399957969785,30138.69439996779,4758.922020198916
1791116544,1000,,Aggregated,365.200000,0.000000,100,140,170,200,2000,3900,6600,8500,16000,23000,30000,260656,7,100,628.2579993827391,12.225399957969785,30138.69439996779,4758.984454606838
1791116545,1000,,Aggregated,364.400000,0.000000,100,140,170,200,2000,3900,6600,8500,16000,23000,30000,261028,7,100,628.1810019530758,12.225399957969785,30138.69439996779,4759.280356896578
1791116546,1000,,Aggregated,361.700000,0.000000,100,140,170,200,2000,3900,6600,8500,16000,23000,30000,261439,7,100,628.8456417524051,12.225399957969785,30138.69439996779,4758.679225364234
1791116547,1000,,Aggregated,364.300000,0.000000,100,140,170,200,2000,3900,6600,8500,16000,23000,30000,261839,7,100,629.4268818006725,12.225399957969785,30138.69439996779,4758.372255469964
1791116548,1000,,Aggregated,379.100000,0.000000,100,140,170,200,2000,3900,6600,8500,16000,23000,30000,262252,7,100,629.2189989697163,12.225399957969785,30138.69439996779,4758.766057074875
1791116549,1000,,Aggregated,379.900000,0.000000,100,140,170,200,2000,3900,6600,8500,16000,23000,30000,262676,7,100,629.5982110246335,12.225399957969785,30138.69439996779,4758.422147436386
1791116550,1000,,Aggregated,380.800000,0.000000,100,140,170,200,2000,3900,6600,8500,16000,23000,30000,263065,7,100,629.3712552475865,12.225399957969785,30138.69439996779,4758.761762302092
1791116551,1000,,Aggregated,381.100000,0.000000,100,140,170,200,2000,3900,6600,8500,16000,23000,30000,263460,7,100,629.1702992932716,12.225399957969785,30138.69439996779,4758.913702269794
1791116552,1000,,Aggregated,378.500000,0.000000,100,140,170,200,2000,3900,6600,8500,16000,23000,30000,263664,7,100,629.0408448817639,12.225399957969785,30138.69439996779,4759.448692275017
1791116553,1000,,Aggregated,381.600000,0.000000,100,140,170,200,2000,3900,6600,8500,16000,23000,30000,264068,7,100,628.8525316289932,12.225399957969785,30138.69439996779,4760.722730508808
1791116554,1000,,Aggregated,371.800000,0.000000,100,140,170,200,2000,3900,6600,8500,16000,23000,30000,264443,7,100,629.2563627821669,12.225399957969785,30138.69439996779,4760.448368835628
1791116555,1000,,Aggregated,368.100000,0.000000,100,140,170,200,2000,3900,6600,8500,16000,23000,30000,264789,7,100,629.5247967986007,12.225399957969785,30138.69439996779,4759.919641676958
1791116556,1000,,Aggregated,369.000000,0.000000,100,140,170,200,2000,3900,6600,8500,16000,23000,30000,265122,7,100,629.3938588423605,12.225399957969785,30138.69439996779,4760.270173731339
1791116557,1000,,Aggregated,372.700000,0.000000,100,140,170,200,2000,3900,6600,8500,16000,23000,30000,265522,7,100,629.4101312388598,12.225399957969785,30138.69439996779,4760.431207206936
1791116558,1000,,Aggregated,367.200000,0.000000,100,140,170,200,2000,3900,6600,8500,16000,23000,30000,265916,7,100,629.7468091265818,12.225399957969785,30138.69439996779,4760.103600385084
1791116559,1000,,Aggregated,364.500000,0.000000,100,140,170,200,2000,3900,6600,8500,16000,23000,30000,266311,7,100,630.2101767827962,12.225399957969785,30138.69439996779,4759.609925988788
1791116560,1000,,Aggregated,363.400000,0.000000,100,140,170,200,2000,3900,6600,8500,16000,23000,30000,266754,7,100,630.5356562998234,12.225399957969785,30138.69439996779,4759.502522923743
1791116561,1000,,Aggregated,363.000000,0.000000,100,140,170,200,2000,3900,6600,8500,16000,23000,30000,267091,7,100,630.6831740459318,12.225399957969785,30138.69439996779,4759.197902587508
1791116562,1000,,Aggregated,367.600000,0.000000,100,140,170,200,2000,3900,6600,8500,16000,23000,30000,267520,7,100,630.1918012440256,12.225399957969785,30138.69439996779,4760.267822966507
1791116563,1000,,Aggregated,369.300000,0.000000,100,140,170,200,2000,3900,6600,8500,16000,23000,30000,267972,7,100,630.1341302703319,12.225399957969785,30138.69439996779,4760.005754332542
1791116564,1000,,Aggregated,376.800000,0.000000,100,140,170,200,2000,3900,6600,8500,16000,23000,30000,268338,7,100,629.9978076832238,12.225399957969785,30138.69439996779,4759.9648242142375
1791116565,1000,,Aggregated,389.800000,0.000000,100,140,170,200,2000,3900,6600,8500,16000,23000,30000,268753,7,100,629.4950073569461,12.225399957969785,30138.69439996779,4760.495194472248
1791116566,1000,,Aggregated,393.500000,0.000000,100,140,170,200,2000,3900,6600,8500,16000,23000,30000,269185,7,100,629.4232890369116,12.225399957969785,30138.69439996779,4760.242227464383
1791116567,1000,,Aggregated,392.800000,0.000000,100,140,170,200,2000,3900,6600,8500,16000,23000,30000,269622,7,100,629.3950440943285,12.225399957969785,30138.69439996779,4760.0249089466
1791116568,1000,,Aggregated,398.500000,0.000000,100,140,170,200,2000,3900,6600,8500,16000,23000,30000,270060,7,100,629.1730011701138,12.225399957969785,30138.69439996779,4760.044964082056
1791116569,1000,,Aggregated,404.400000,0.000000,100,140,170,200,2000,3900,6600,8500,16000,23000,30000,270482,7,100,628.7268994931325,12.225399957969785,30138.69439996779,4759.8676141111055
1791116570,1000,,Aggregated,409.100000,0.000000,100,140,170,200,2000,3900,6500,8500,16000,23000,30000,270908,7,100,628.2658563257694,12.225399957969785,30138.69439996779,4759.71420925185
1791116571,1000,,Aggregated,410.700000,0.000000,100,140,170,200,2000,3900,6500,8500,16000,23000,30000,271287,7,100,627.7665480564925,12.225399957969785,30138.69439996779,4759.958556805154
1791116572,1000,,Aggregated,414.500000,0.000000,100,140,170,200,2000,3900,6500,8500,16000,23000,30000,271553,7,100,627.6363418518737,12.225399957969785,30138.69439996779,4760.063530876109
1791116573,1000,,Aggregated,411.900000,0.000000,100,140,170,200,2000,3800,6500,8500,16000,23000,30000,272047,10,100,627.3714438784513,12.225399957969785,30138.69439996779,4760.689935930189
1791116574,1000,,Aggregated,411.000000,0.000000,100,140,170,200,2000,3800,6500,8500,16000,23000,30000,272416,10,100,627.2452646485532,12.225399957969785,30138.69439996779,4760.641794167744
1791116575,1000,,Aggregated,405.300000,0.300000,100,140,170,200,2000,3800,6500,8400,16000,23000,30000,272830,10,100,626.893124119783,12.225399957969785,30138.69439996779,4760.722706447238
1791116576,1000,,Aggregated,404.700000,0.300000,100,140,170,200,2000,3800,6500,8400,16000,23000,30000,273257,10,100,626.9955871739832,12.225399957969785,30138.69439996779,4760.523089984886
1791116577,1000,,Aggregated,401.600000,0.300000,100,140,170,200,2000,3800,6500,8400,16000,23000,30000,273644,10,100,626.7087516156053,12.225399957969785,30138.69439996779,4760.362094546199
1791116578,1000,,Aggregated,405.700000,0.300000,100,140,170,200,2000,3800,6500,8400,16000,23000,30000,274049,10,100,626.6310450955858,12.225399957969785,30138.69439996779,4760.4024207349785
1791116579,1000,,Aggregated,402.900000,0.300000,100,140,170,200,2000,3800,6500,8400,16000,23000,30000,274479,10,100,626.5383220392075,12.225399957969785,30138.69439996779,4760.01459856674
1791116580,1000,,Aggregated,398.000000,0.300000,100,140,170,200,2000,3800,6500,8400,16000,23000,30000,274889,10,100,626.2058603730936,12.225399957969785,30138.69439996779,4759.946974960802
1791116581,1000,,Aggregated,397.900000,0.300000,100,140,170,200,2000,3800,6500,8400,16000,23000,30000,275296,10,100,625.8594842198924,12.225399957969785,30138.69439996779,4760.123946588399
1791116582,1000,,Aggregated,397.400000,0.300000,100,140,170,200,2000,3800,6500,8400,16000,23000,30000,275627,10,100,625.4353803727486,12.225399957969785,30138.69439996779,4760.581797138887
1791116583,1000,,Aggregated,395.300000,0.300000,100,140,170,200,2000,3800,6500,8400,16000,23000,30000,276034,10,100,624.999281909474,12.225399957969785,30138.69439996779,4760.744053268801
1791116584,1000,,Aggregated,399.600000,0.300000,100,140,170,200,2000,3800,6500,8400,16000,23000,30000,276386,10,100,624.9780979344132,12.225399957969785,30138.69439996779,4760.564985201855
1791116585,1000,,Aggregated,397.800000,0.000000,100,140,170,200,2000,3800,6500,8400,16000,23000,30000,276771,10,100,624.8416050200375,12.225399957969785,30138.69439996779,4760.713441798454
1791116586,1000,,Aggregated,396.100000,0.000000,100,140,170,200,2000,3800,6500,8400,16000,23000,30000,277163,10,100,624.8533852830284,12.225399957969785,30138.69439996779,4760.465873872054
1791116587,1000,,Aggregated,392.600000,0.000000,100,140,170,200,2000,3800,6500,8400,16000,23000,30000,277531,10,100,624.8756339724233,12.225399957969785,30138.69439996779,4760.378105508934
1791116588,1000,,Aggregated,389.900000,0.000000,100,140,170,200,2000,3800,6500,8400,16000,23000,30000,277954,10,100,624.8747833961744,12.225399957969785,30138.69439996779,4760.324215517676
1791116589,1000,,Aggregated,387.200000,0.000000,100,140,170,200,2000,3800,6500,8400,16000,23000,30000,278357,10,100,624.8516716238522,12.225399957969785,30138.69439996779,4760.192360889074
1791116590,1000,,Aggregated,388.400000,0.000000,100,140,170,200,2000,3800,6500,8400,16000,23000,30000,278783,10,100,625.0914337341208,12.225399957969785,30138.69439996779,4759.989665797412
1791116591,1000,,Aggregated,385.600000,0.000000,100,140,170,200,2000,3800,6500,8400,16000,23000,30000,279183,10,100,624.9792890924589,12.225399957969785,30138.69439996779,4759.740883219967
1791116592,1000,,Aggregated,378.000000,0.000000,100,140,170,200,2000,3800,6500,8400,16000,23000,30000,279555,10,100,624.7035542208187,12.225399957969785,30138.69439996779,4760.085296274437
1791116593,1000,,Aggregated,385.200000,0.000000,100,140,170,200,2000,3800,6500,8400,16000,23000,30000,279962,10,100,624.4367311549463,12.225399957969785,30138.69439996779,4760.44045620477
1791116594,1000,,Aggregated,388.200000,0.000000,100,140,170,200,2000,3800,6500,8400,16000,23000,30000,280305,10,100,624.3150332202456,12.225399957969785,30138.69439996779,4760.698656820249
1791116595,1000,,Aggregated,389.400000,0.000000,100,140,170,200,2000,3800,6500,8400,16000,23000,30000,280722,10,100,624.0261838138833,12.225399957969785,30138.69439996779,4761.029726918446
1791116596,1000,,Aggregated,391.500000,0.000000,100,140,170,200,2000,3800,6500,8400,16000,23000,30000,281124,10,100,624.1692226128018,12.225399957969785,30138.69439996779,4760.633343293351
1791116597,1000,,Aggregated,392.100000,0.000000,100,140,170,200,2000,3800,6500,8400,16000,23000,30000,281483,10,100,624.3168746212077,12.225399957969785,30138.69439996779,4760.373464827361
1791116598,1000,,Aggregated,391.600000,0.000000,100,140,170,200,2000,3800,6500,8400,16000,23000,30000,281905,10,100,624.2045710987823,12.225399957969785,30138.69439996779,4760.385697309377
1791116599,1000,,Aggregated,395.100000,0.000000,100,140,170,200,2000,3800,6500,8400,16000,23000,30000,282317,10,100,624.0619212187078,12.225399957969785,30138.69439996779,4760.224662347645
1791116600,1000,,Aggregated,392.600000,0.000000,100,140,170,200,2000,3800,6500,8400,16000,23000,30000,282728,10,100,624.1680891807728,12.225399957969785,30138.69439996779,4759.936582156702
1791116601,1000,,Aggregated,392.900000,0.000000,100,140,170,200,2000,3800,6500,8400,16000,23000,30000,283177,10,100,623.8021361078104,12.225399957969785,30138.69439996779,4760.157152593608
1791116602,1000,,Aggregated,398.900000,0.000000,100,140,170,200,2000,3800,6500,8400,16000,23000,30000,283496,10,100,623.4521656333842,12.225399957969785,30138.69439996779,4760.398428901995
1791116603,1000,,Aggregated,394.100000,0.000000,100,140,170,200,2000,3800,6500,8400,16000,23000,30000,283863,10,100,622.9357503514079,12.225399957969785,30138.69439996779,4760.938079284725
1791116604,1000,,Aggregated,393.400000,0.000000,100,140,170,200,2000,3800,6500,8400,16000,23000,30000,284224,10,100,622.7013647978412,12.225399957969785,30138.69439996779,4761.159807053592
1791116605,1000,,Aggregated,391.800000,0.000000,100,140,170,200,2000,3800,6500,8400,16000,23000,30000,284544,10,100,623.0057810802596,12.225399957969785,30138.69439996779,4761.195467133379
1791116606,1000,,Aggregated,387.100000,0.000000,100,140,170,200,2000,3800,6500,8400,16000,23000,30000,284883,10,100,622.6904623234842,12.225399957969785,30138.69439996779,4761.734957859893
1791116607,1000,,Aggregated,384.500000,0.000000,100,140,170,200,2000,3800,6500,8400,16000,23000,30000,285247,10,100,623.4582816383747,12.225399957969785,30138.69439996779,4761.221352021231
1791116608,1000,,Aggregated,376.300000,0.000000,100,140,170,200,2000,3800,6500,8400,16000,23000,30000,285648,10,100,624.1395812958663,12.225399957969785,30138.69439996779,4760.538050327676
1791116609,1000,,Aggregated,370.900000,0.000000,100,140,170,200,2000,3800,6500,8400,16000,23000,30000,286063,10,100,624.4752591635497,12.225399957969785,30138.69439996779,4760.260376210835
1791116610,1000,,Aggregated,372.600000,0.000000,100,140,170,200,2000,3800,6500,8400,16000,23000,30000,286449,10,100,624.3878142992395,12.225399957969785,30138.69439996779,4760.303991286407
1791116611,1000,,Aggregated,370.400000,0.000000,100,140,170,200,2000,3800,6500,8400,16000,23000,30000,286851,10,100,624.3852223377395,12.225399957969785,30138.69439996779,4760.144597717979
1791116612,1000,,Aggregated,370.100000,0.000000,100,140,170,200,2000,3800,6500,8400,16000,23000,30000,287189,10,100,624.2252423365885,12.225399957969785,30138.69439996779,4760.579882934235
1791116613,1000,,Aggregated,365.100000,0.000000,100,140,170,200,2000,3800,6500,8400,16000,23000,30000,287543,10,100,623.9351819940088,12.225399957969785,30138.69439996779,4761.147981345399
1791116614,1000,,Aggregated,366.200000,0.000000,100,140,170,200,2000,3800,6500,8400,16000,23000,30000,287972,10,100,624.2193321263971,12.225399957969785,30138.69439996779,4760.834459600239
1791116615,1000,,Aggregated,359.300000,0.000000,100,140,170,200,2000,3800,6500,8400,16000,23000,30000,288359,10,100,624.4843951442572,12.225399957969785,30138.69439996779,4760.469168640479
1791116616,1000,,Aggregated,366.500000,0.000000,100,140,170,200,2000,3800,6500,8400,16000,23000,30000,288756,10,100,624.5990290806175,12.225399957969785,30138.69439996779,4760.1702336921135
1791116617,1000,,Aggregated,375.700000,0.000000,100,140,170,200,2000,3800,6500,8400,16000,23000,30000,289180,10,100,624.5346785358689,12.225399957969785,30138.69439996779,4759.919973718791
1791116618,1000,,Aggregated,382.200000,0.000000,100,140,170,200,2000,3800,6500,8400,16000,23000,30000,289582,10,100,624.2532501982256,12.225399957969785,30138.69439996779,4760.092961579104
1791116619,1000,,Aggregated,386.700000,0.000000,100,140,170,200,2000,3800,6500,8400,16000,22000,30000,290013,10,100,623.9770084510088,12.225399957969785,30138.69439996779,4760.134587070234
1791116620,1000,,Aggregated,386.200000,0.000000,100,140,170,200,2000,3800,6500,8400,16000,22000,30000,290444,10,100,624.0724068591616,12.225399957969785,30138.69439996779,4759.763252124334
1791116621,1000,,Aggregated,391.000000,0.000000,100,140,170,200,2000,3800,6500,8400,16000,22000,30000,290801,10,100,623.8536579196852,12.225399957969785,30138.69439996779,4760.179597044027
1791116622,1000,,Aggregated,391.900000,0.000000,100,140,170,200,2000,3800,6500,8400,16000,22000,30000,291105,10,100,623.4516308943591,12.225399957969785,30138.69439996779,4760.627368131773
1791116623,1000,,Aggregated,394.600000,0.000000,100,140,170,200,2000,3800,6500,8400,16000,22000,30000,291516,10,100,623.0888257663478,12.225399957969785,30138.69439996779,4761.239983397138
1791116624,1000,,Aggregated,393.700000,0.000000,100,140,170,200,2000,3800,6500,8400,16000,22000,30000,291902,10,100,623.5289343899727,12.225399957969785,30138.69439996779,4760.814201341546
1791116625,1000,,Aggregated,393.700000,0.000000,100,140,170,200,2000,3800,6500,8400,16000,22000,30000,292367,10,100,623.6644546416043,12.225399957969785,30138.69439996779,4760.136527036225
1791116626,1000,,Aggregated,393.700000,0.000000,100,140,170,200,2000,3800,6500,8400,16000,22000,30000,292804,10,100,623.5805175684138,12.225399957969785,30138.69439996779,4760.583663474543
1791116627,1000,,Aggregated,392.900000,0.000000,100,140,170,200,2000,3800,6500,8400,16000,22000,30000,293192,10,100,623.5708430601844,12.225399957969785,30138.69439996779,4760.342983437475
1791116628,1000,,Aggregated,388.900000,0.000000,100,140,170,200,2000,3800,6500,8400,16000,22000,30000,293603,10,100,623.3081852310811,12.225399957969785,30138.69439996779,4760.373919885014
1791116629,1000,,Aggregated,394.300000,0.000000,100,140,170,200,2000,3800,6500,8400,16000,22000,30000,294038,10,100,623.1079997095648,12.225399957969785,30138.69439996779,4760.047048340691
1791116630,1000,,Aggregated,394.000000,0.000000,100,140,170,200,2000,3800,6500,8400,16000,22000,30000,294442,10,100,622.742437123445,12.225399957969785,30138.69439996779,4760.105888426244
1791116631,1000,,Aggregated,392.000000,0.000000,100,140,170,200,2000,3800,6500,8300,16000,22000,30000,294771,10,100,622.4114386289748,12.225399957969785,30138.69439996779,4760.5953095793
1791116633,1000,,Aggregated,393.100000,0.000000,100,140,170,200,2000,3800,6400,8300,16000,22000,30000,295181,10,100,622.0000088433932,12.225399957969785,30138.69439996779,4760.974801901207
1791116634,1000,,Aggregated,387.800000,0.000000,100,140,170,200,2000,3800,6400,8300,16000,22000,30000,295538,10,100,621.7985642479186,12.225399957969785,30138.69439996779,4760.943465814887
1791116635,1000,,Aggregated,398.800000,0.000000,100,140,170,200,2000,3800,6400,8300,16000,22000,30000,295835,10,100,621.7207098233849,12.225399957969785,30138.69439996779,4761.362928659557
1791116636,1000,,Aggregated,392.100000,0.000000,100,140,170,200,2000,3800,6400,8300,16000,22000,30000,296258,10,100,621.7971453601301,12.225399957969785,30138.69439996779,4761.006619230536
1791116637,1000,,Aggregated,381.500000,0.000000,100,140,170,200,2000,3800,6400,8300,16000,22000,30000,296651,10,100,622.2127715635578,12.225399957969785,30138.69439996779,4760.466885329899
1791116638,1000,,Aggregated,388.100000,0.000000,100,140,170,200,2000,3800,6500,8300,15000,22000,30000,297049,10,100,622.7590233786347,12.225399957969785,30138.69439996779,4760.338974377964
1791116639,1000,,Aggregated,380.400000,0.000000,100,140,170,200,2000,3800,6500,8300,15000,22000,30000,297435,10,100,623.0304794610583,12.225399957969785,30138.69439996779,4760.227841377107
1791116640,1000,,Aggregated,384.100000,0.000000,100,140,170,200,2000,3800,6500,8300,15000,22000,30000,297850,10,100,622.7974087688447,12.225399957969785,30138.69439996779,4760.322659056572
1791116641,1000,,Aggregated,380.100000,0.000000,100,140,170,200,2000,3800,6500,8300,15000,22000,30000,298276,10,100,622.7115568952888,12.225399957969785,30138.69439996779,4759.973423942925
1791116642,1000,,Aggregated,378.100000,0.000000,100,140,170,200,2000,3800,6500,8300,15000,22000,30000,298619,10,100,622.5901502335728,12.225399957969785,30138.69439996779,4760.3526466835665
1791116643,1000,,Aggregated,381.100000,0.000000,100,140,170,200,2000,3800,6500,8300,15000,22000,30000,299013,10,100,622.5030240247052,12.225399957969785,30138.69439996779,4760.334142662694
1791116644,1000,,Aggregated,382.500000,0.000000,100,140,170,200,2000,3800,6500,8300,15000,22000,30000,299422,10,100,622.578542479175,12.225399957969785,30138.69439996779,4760.4117533113795
1791116645,1000,,Aggregated,380.300000,0.000000,100,140,170,200,2000,3800,6500,8300,15000,22000,30000,299761,10,100,622.3293185594512,12.225399957969785,30138.69439996779,4760.627806819432
1791116646,1000,,Aggregated,385.400000,0.000000,100,140,170,200,2000,3800,6400,8300,15000,22000,30000,300195,10,100,622.2398588653996,12.225399957969785,30138.69439996779,4760.49307283599
1791116647,1000,,Aggregated,390.400000,0.000000,100,140,170,200,2000,3800,6400,8300,15000,22000,30000,300569,10,100,622.369199787731,12.225399957969785,30138.69439996779,4760.137888471532
1791116648,1000,,Aggregated,390.700000,0.000000,100,140,170,200,2000,3800,6400,8300,15000,22000,30000,300970,10,100,622.2354661776862,12.225399957969785,30138.69439996779,4760.1983154467225
1791116649,1000,,Aggregated,392.100000,0.000000,100,140,170,200,2000,3800,6400,8300,15000,22000,30000,301391,10,100,622.0754689977409,12.225399957969785,30138.69439996779,4760.021696069226
1791116650,1000,,Aggregated,389.800000,0.000000,100,140,170,200,2000,3800,6400,8300,15000,22000,30000,301818,10,100,622.3637686473224,12.225399957969785,30138.69439996779,4759.453210212777
1791116651,1000,,Aggregated,392.200000,0.000000,100,140,170,200,2000,3800,6400,8300,15000,22000,30000,302235,10,100,622.232318918713,12.225399957969785,30138.69439996779,4759.417363971744
1791116652,1000,,Aggregated,393.700000,0.000000,100,140,170,200,2000,3800,6400,8300,15000,22000,30000,302565,10,100,621.8682426245529,12.225399957969785,30138.69439996779,4760.167233487019
1791116653,1000,,Aggregated,392.500000,0.000000,100,140,170,200,2000,3800,6400,8300,15000,22000,30000,303009,10,100,621.7697121425399,12.225399957969785,30138.69439996779,4760.058882739457
1791116654,1000,,Aggregated,391.400000,0.000000,100,140,170,200,2000,3800,6400,8300,15000,22000,30000,303421,10,100,621.7554817517514,12.225399957969785,30138.69439996779,4759.581419875355
1791116655,1000,,Aggregated,396.700000,0.000000,100,140,170,200,2000,3800,6400,8300,15000,22000,30000,303740,10,100,621.3511982340095,12.225399957969785,30138.69439996779,4760.059534470271
1791116656,1000,,Aggregated,397.600000,0.000000,100,140,170,200,2000,3800,6400,8300,15000,22000,30000,304169,10,100,621.2863318934496,12.225399957969785,30138.69439996779,4760.009767596303
1791116657,1000,,Aggregated,395.600000,0.000000,100,140,170,200,2000,3800,6400,8300,15000,22000,30000,304575,10,100,621.1787421876351,12.225399957969785,30138.69439996779,4759.893628827054
1791116658,1000,,Aggregated,394.800000,0.000000,100,140,170,200,2000,3800,6400,8300,15000,22000,30000,305007,10,100,621.17449496765,12.225399957969785,30138.69439996779,4759.695023392906
1791116659,1000,,Aggregated,396.400000,0.000000,100,140,170,200,2000,3800,6400,8300,15000,22000,30000,305431,10,100,621.0421743277469,12.225399957969785,30138.69439996779,4759.6722303891875
1791116660,1000,,Aggregated,399.500000,0.000000,100,140,170,200,2000,3800,6400,8300,15000,22000,30000,305810,10,100,620.7642809715089,12.225399957969785,30138.69439996779,4759.598394427912
1791116661,1000,,Aggregated,403.300000,0.000000,100,140,170,200,2000,3800,6400,8300,15000,22000,30000,306206,10,100,620.6492658455297,12.225399957969785,30138.69439996779,4759.768596957604
1791116662,1000,,Aggregated,401.300000,0.000000,100,140,170,200,2000,3800,6400,8300,15000,22000,30000,306574,10,100,620.2781971031346,12.225399957969785,30138.69439996779,4760.578421523025
1791116663,1000,,Aggregated,394.600000,0.000000,100,140,170,200,2000,3800,6400,8300,15000,22000,30000,306933,10,100,620.0157403671061,12.225399957969785,30138.69439996779,4760.91366519729
1791116664,1000,,Aggregated,396.900000,0.000000,100,140,170,200,2000,3800,6400,8300,15000,22000,30000,307272,10,100,619.7646716664611,12.225399957969785,30138.69439996779,4761.345820640996
1791116665,1000,,Aggregated,392.900000,0.000000,100,140,170,200,2000,3800,6400,8300,15000,22000,30000,307642,10,100,619.4840040446272,12.225399957969785,30138.69439996779,4761.508243347787
1791116666,1000,,Aggregated,384.000000,0.000000,100,140,170,200,2000,3800,6400,8300,15000,22000,30000,308016,10,100,619.7704203284808,12.225399957969785,30138.69439996779,4761.283280738663
1791116667,1000,,Aggregated,385.700000,0.000000,100,140,170,200,2000,3800,6400,8300,15000,22000,30000,308387,10,100,620.0578630681504,12.225399957969785,30138.69439996779,4760.902807187073
1791116668,1000,,Aggregated,382.800000,0.000000,100,140,170,200,2000,3800,6400,8300,15000,22000,30000,308781,10,100,620.3255710526171,12.225399957969785,30138.69439996779,4760.63406751063
1791116669,1000,,Aggregated,378.200000,0.000000,100,140,170,200,2000,3800,6400,8300,15000,22000,30000,309187,10,100,620.6861850330006,12.225399957969785,30138.69439996779,4760.046554350603
1791116670,1000,,Aggregated,374.100000,0.000000,100,140,170,200,2000,3800,6400,8300,15000,22000,30000,309584,10,100,620.5082533884136,12.225399957969785,30138.69439996779,4760.063456121763
1791116671,1000,,Aggregated,372.600000,0.000000,100,140,170,200,2000,3800,6400,8300,15000,22000,30000,309973,10,100,620.6177755059286,12.225399957969785,30138.69439996779,4759.9300939114055
1791116672,1000,,Aggregated,370.400000,0.000000,100,140,170,200,2000,3800,6400,8300,15000,22000,30000,310292,10,100,620.2520961913247,12.225399957969785,30138.69439996779,4760.342815799311
1791116673,1000,,Aggregated,377.300000,0.000000,100,140,170,200,2000,3800,6400,8300,15000,22000,30000,310644,10,100,619.8455154359907,12.225399957969785,30138.69439996779,4760.894457964744
1791116674,1000,,Aggregated,368.100000,0.000000,100,140,170,200,2000,3800,6400,8300,15000,22000,30000,311058,10,100,620.3230628326472,12.225399957969785,30138.69439996779,4760.423737695221
1791116675,1000,,Aggregated,365.900000,0.000000,100,140,170,200,2000,3800,6400,8300,15000,22000,30000,311447,10,100,620.7046393402326,12.225399957969785,30138.69439996779,4760.050589666942
1791116676,1000,,Aggregated,373.700000,0.000000,100,140,170,200,2000,3800,6400,8300,15000,22000,30000,311852,10,100,620.9223294925114,12.225399957969785,30138.69439996779,4759.731388607416
1791116677,1000,,Aggregated,377.900000,0.000000,100,140,170,200,2000,3800,6400,8300,15000,22000,30000,312248,10,100,621.0270233327306,12.225399957969785,30138.69439996779,4759.622959954908
1791116678,1000,,Aggregated,382.000000,0.000000,100,140,170,200,2000,3800,6400,8300,15000,22000,30000,312650,10,100,620.9183369000442,12.225399957969785,30138.69439996779,4759.432438829362
1791116679,1000,,Aggregated,381.700000,0.000000,100,140,170,200,2000,3800,6400,8300,15000,22000,30000,313069,10,100,620.9117632758265,12.225399957969785,30138.69439996779,4759.367631416716
1791116680,1000,,Aggregated,385.700000,0.000000,100,140,170,200,2000,3800,6400,8300,15000,22000,30000,313481,10,100,620.9547382699445,12.225399957969785,30138.69439996779,4759.142024556512
1791116681,1000,,Aggregated,382.600000,0.000000,100,140,170,200,2000,3800,6400,8300,15000,22000,30000,313850,10,100,620.8441706936436,12.225399957969785,30138.69439996779,4759.058263501673
1791116682,1000,,Aggregated,387.200000,0.000000,100,140,170,200,2000,3800,6400,8300,15000,22000,30000,314219,10,100,620.4438911733523,12.225399957969785,30138.69439996779,4759.510239673604
1791116683,1000,,Aggregated,386.500000,0.000000,100,140,170,200,2000,3800,6400,8300,15000,22000,30000,314619,10,100,620.0736863193245,12.225399957969785,30138.69439996779,4759.852348395996
1791116684,1000,,Aggregated,395.400000,0.000000,100,140,170,200,2000,3800,6400,8300,15000,22000,30000,314971,10,100,619.847117996894,12.225399957969785,30138.69439996779,4760.191566842662
1791116685,1000,,Aggregated,395.200000,0.000000,100,140,170,200,2000,3800,6400,8300,15000,22000,30000,315362,10,100,619.8109332601877,12.225399957969785,30138.69439996779,4760.000285386318
1791116686,1000,,Aggregated,386.100000,0.000000,100,140,170,200,2000,3800,6400,8300,15000,22000,30000,315772,10,100,619.9495132887,12.225399957969785,30138.69439996779,4759.702364364161
1791116687,1000,,Aggregated,389.900000,0.000000,100,140,170,200,2000,3800,6400,8300,15000,22000,30000,316149,10,100,619.8278396253027,12.225399957969785,30138.69439996779,4759.749232165846
1791116688,1000,,Aggregated,386.300000,0.000000,100,140,170,200,2000,3800,6400,8300,15000,22000,30000,316552,10,100,619.6820252012311,12.225399957969785,30138.69439996779,4759.904606510147
1791116689,1000,,Aggregated,388.100000,0.000000,100,140,170,200,2000,3800,6400,8300,15000,22000,30000,316940,10,100,619.804065103489,12.225399957969785,30138.69439996779,4759.668981510696
1791116690,1000,,Aggregated,385.000000,0.000000,100,140,170,200,2000,3800,6400,8300,15000,22000,30000,317332,10,100,619.7652562098982,12.225399957969785,30138.69439996779,4759.692839045542
1791116691,1000,,Aggregated,386.000000,0.000000,100,140,170,200,2000,3800,6400,8300,15000,22000,30000,317733,10,100,619.8153075815229,12.225399957969785,30138.69439996779,4759.771937444332
1791116692,1000,,Aggregated,379.800000,0.000000,100,140,170,200,2000,3800,6400,8300,15000,22000,30000,318094,10,100,619.6444057662187,12.225399957969785,30138.69439996779,4760.020817745698
1791116693,1000,,Aggregated,382.500000,0.000000,100,140,170,200,2000,3800,6400,8300,15000,22000,30000,318447,10,100,619.458403948536,12.225399957969785,30138.69439996779,4760.193325733952
1791116694,1000,,Aggregated,384.300000,0.000000,100,140,170,200,2000,3800,6400,8200,15000,22000,30000,318860,10,100,619.4920964103352,12.225399957969785,30138.69439996779,4760.07299128144
1791116695,1000,,Aggregated,381.000000,0.000000,100,140,170,200,2000,3800,6400,8300,15000,22000,30000,319250,10,100,619.7831968839433,12.225399957969785,30138.69439996779,4759.704297572435
1791116696,1000,,Aggregated,388.500000,0.000000,100,140,170,200,2000,3800,6400,8300,15000,22000,30000,319645,10,100,620.0661886261324,12.225399957969785,30138.69439996779,4759.290334589936
1791116697,1000,,Aggregated,387.000000,0.000000,100,140,170,200,2000,3800,6400,8200,15000,22000,30000,320029,10,100,619.9567083145603,12.225399957969785,30138.69439996779,4759.576175909058
1791116698,1000,,Aggregated,386.100000,0.000000,100,140,170,200,2000,3800,6400,8300,15000,22000,30000,320438,10,100,620.0957762687316,12.225399957969785,30138.69439996779,4759.003289247842
1791116699,1000,,Aggregated,379.800000,0.000000,100,140,170,200,2000,3800,6400,8200,15000,22000,30000,320858,10,100,619.8058963457343,12.225399957969785,30138.69439996779,4759.136745850189
1791116700,1000,,Aggregated,387.500000,0.000000,100,140,170,200,2000,3800,6400,8200,15000,22000,30000,321262,10,100,619.6740276033242,12.225399957969785,30138.69439996779,4759.1163754194395
1791116701,1000,,Aggregated,388.100000,0.000000,100,140,170,200,2000,3800,6400,8200,15000,22000,30000,321679,10,100,619.5336167828767,12.225399957969785,30138.69439996779,4759.304611118538
1791116702,1000,,Aggregated,392.700000,0.000000,100,140,170,200,2000,3800,6400,8200,15000,22000,30000,322053,10,100,619.3131521665675,12.225399957969785,30138.69439996779,4759.470099641984
1791116703,1000,,Aggregated,391.700000,0.000000,100,140,170,200,2000,3800,6400,8200,15000,22000,30000,322387,10,100,618.9328358835808,12.225399957969785,30138.69439996779,4759.948583534696
1791116704,1000,,Aggregated,391.900000,0.000000,100,140,170,200,2000,3800,6400,8200,15000,22000,30000,322786,10,100,618.8175099778151,12.225399957969785,30138.69439996779,4759.972954217345
1791116705,1000,,Aggregated,389.700000,0.000000,100,140,170,200,2000,3800,6400,8200,15000,22000,30000,323181,10,100,619.2332337785929,12.225399957969785,30138.69439996779,4759.274691272073
1791116706,1000,,Aggregated,391.200000,0.000000,100,140,170,200,2000,3800,6400,8200,15000,22000,30000,323601,10,100,619.1686334788823,12.225399957969785,30138.69439996779,4759.153961205311
1791116707,1000,,Aggregated,391.300000,0.000000,100,140,170,200,2000,3800,6400,8200,15000,22000,30000,324015,10,100,619.0256498057179,12.225399957969785,30138.69439996779,4759.222724256593
1791116708,1000,,Aggregated,392.400000,0.000000,100,140,170,200,2000,3800,6400,8200,15000,22000,30000,324434,10,100,619.1912614356085,12.225399957969785,30138.69439996779,4758.816162917574
1791116709,1000,,Aggregated,400.900000,0.000000,100,140,170,200,2000,3800,6400,8200,15000,22000,30000,324854,10,100,619.1078843809829,12.225399957969785,30138.69439996779,4758.556034403147
1791116710,1000,,Aggregated,395.000000,0.000000,100,140,170,200,2000,3800,6400,8200,15000,22000,30000,325282,10,100,618.8530152212511,12.225399957969785,30138.69439996779,4758.569296794781
1791116711,1000,,Aggregated,396.500000,0.000000,100,140,170,200,2000,3800,6400,8200,15000,22000,30000,325648,10,100,618.5270560764958,12.225399957969785,30138.69439996779,4758.617565592296
1791116712,1000,,Aggregated,399.500000,0.000000,100,140,170,200,2000,3800,6400,8200,15000,22000,30000,326029,10,100,618.0905608154445,12.225399957969785,30138.69439996779,4759.311512166096
1791116713,1000,,Aggregated,398.000000,0.000000,100,140,170,200,2000,3800,6400,8200,15000,22000,30000,326412,10,100,617.6555899375606,12.225399957969785,30138.69439996779,4759.843565800277
1791116714,1000,,Aggregated,394.600000,0.000000,100,140,170,200,2000,3800,6400,8200,15000,22000,30000,326785,10,100,617.9551581268994,12.225399957969785,30138.69439996779,4759.3629634163135
1791116715,1000,,Aggregated,399.700000,0.000000,100,140,170,200,2000,3800,6400,8200,15000,22000,30000,327129,10,100,617.5761807378716,12.225399957969785,30138.69439996779,4759.631338095981
1791116716,1000,,Aggregated,398.800000,0.000000,100,140,170,200,2000,3800,6400,8200,15000,22000,30000,327479,10,100,617.4117105081529,12.225399957969785,30138.69439996779,4759.900515758262
1791116717,1000,,Aggregated,393.000000,0.000000,100,140,170,200,2000,3800,6400,8200,15000,22000,30000,327867,10,100,617.7216118761538,12.225399957969785,30138.69439996779,4759.634543885173
1791116718,1000,,Aggregated,386.800000,0.000000,100,140,170,200,2000,3800,6400,8200,15000,22000,30000,328263,10,100,618.0581997051125,12.225399957969785,30138.69439996779,4759.234915296576
1791116719,1000,,Aggregated,385.500000,0.000000,100,140,170,200,2000,3800,6400,8200,15000,22000,30000,328677,10,100,618.2372799003208,12.225399957969785,30138.69439996779,4758.880402340292
1791116720,1000,,Aggregated,380.400000,0.000000,100,140,170,200,2000,3800,6400,8200,15000,22000,30000,329076,10,100,618.5668457055423,12.225399957969785,30138.69439996779,4758.292130085451
1791116721,1000,,Aggregated,380.100000,0.000000,100,140,170,200,2000,3800,6400,8200,15000,22000,30000,329454,10,100,618.286337906649,12.225399957969785,30138.69439996779,4758.7490028957
1791116722,1000,,Aggregated,376.000000,0.000000,100,140,170,200,2000,3800,6400,8200,15000,22000,30000,329712,10,100,618.125869160351,12.225399957969785,30138.69439996779,4759.135257436793
1791116723,1000,,Aggregated,371.500000,0.000000,100,140,170,200,2000,3800,6400,8200,15000,22000,30000,330163,10,100,618.1387432419668,12.225399957969785,30138.69439996779,4759.442436008881
1791116724,1000,,Aggregated,377.800000,0.000000,100,140,170,200,2000,3800,6400,8200,15000,22000,30000,330553,10,100,618.3499122760857,12.225399957969785,30138.69439996779,4758.973117775365
1791116725,1000,,Aggregated,367.400000,0.000000,100,140,170,200,2000,3800,6400,8200,15000,22000,30000,330961,10,100,618.4617763265045,12.225399957969785,30138.69439996779,4758.492281567919
1791116726,1000,,Aggregated,373.200000,0.000000,100,140,170,200,2000,3800,6400,8200,15000,22000,30000,331362,10,100,618.4633647542462,12.225399957969785,30138.69439996779,4758.380294059065
1791116727,1000,,Aggregated,376.400000,0.000000,100,140,170,200,2000,3800,6400,8200,15000,22000,30000,331804,10,100,618.4165812569983,12.225399957969785,30138.69439996779,4758.184675290232
1791116728,1000,,Aggregated,383.500000,0.000000,100,140,170,200,2000,3800,6400,8200,15000,22000,30000,332263,10,100,618.5305549095057,12.225399957969785,30138.69439996779,4758.032772231636
1791116729,1000,,Aggregated,385.700000,0.000000,100,140,170,200,2000,3800,6400,8200,15000,22000,30000,332710,10,100,618.2794562456743,12.225399957969785,30138.69439996779,4757.790421087433
1791116730,1000,,Aggregated,393.600000,0.000000,100,140,170,200,2000,3800,6400,8200,15000,22000,30000,333150,10,100,617.8041682305216,12.225399957969785,30138.69439996779,4758.049533243284
1791116731,1000,,Aggregated,398.000000,0.000000,100,140,170,200,2000,3800,6400,8200,15000,22000,30000,333548,10,100,617.4139784765543,12.225399957969785,30138.69439996779,4758.126383608956
1791116732,1000,,Aggregated,400.200000,0.000000,100,140,170,200,2000,3800,6400,8200,15000,22000,30000,333890,10,100,617.1821249333542,12.225399957969785,30138.69439996779,4758.344832130342
1791116733,1000,,Aggregated,409.300000,0.000000,100,140,170,200,2000,3800,6400,8200,15000,22000,30000,334193,10,100,616.9285042765629,12.225399957969785,30138.69439996779,4759.039689640417
1791116734,1000,,Aggregated,406.500000,0.000000,100,140,170,200,2000,3800,6400,8200,15000,22000,30000,334627,10,100,616.600755269291,12.225399957969785,30138.69439996779,4759.632982395324
1791116735,1000,,Aggregated,411.600000,0.000000,100,140,170,200,2000,3800,6400,8200,15000,22000,30000,335007,10,100,616.5102747873847,12.225399957969785,30138.69439996779,4759.691516893677
1791116736,1000,,Aggregated,402.200000,0.000000,100,140,170,200,2000,3800,6300,8200,15000,22000,30000,335390,10,100,616.6724051560805,12.225399957969785,30138.69439996779,4759.527099794269
1791116737,1000,,Aggregated,400.800000,0.000000,100,140,170,200,2000,3800,6300,8200,15000,22000,30000,335829,10,100,616.8412774206415,12.225399957969785,30138.69439996779,4759.011967400075
1791116738,1000,,Aggregated,401.000000,0.000000,100,140,170,200,2000,3800,6300,8200,15000,22000,30000,336217,10,100,616.6886442806139,12.225399957969785,30138.69439996779,4759.0986297539985
1791116739,1000,,Aggregated,400.700000,0.000000,100,140,170,200,2000,3800,6300,8200,15000,22000,30000,336634,10,100,616.6697105057593,12.225399957969785,30138.69439996779,4758.8975177789525
1791116740,1000,,Aggregated,396.500000,0.000000,100,140,170,200,2000,3800,6300,8200,15000,22000,30000,337057,10,100,616.3320893415512,12.225399957969785,30138.69439996779,4758.855650527952
1791116741,1000,,Aggregated,392.500000,0.000000,100,140,170,200,2000,3800,6300,8200,15000,22000,30000,337434,10,100,616.2143201505912,12.225399957969785,30138.69439996779,4758.673088663265
1791116742,1000,,Aggregated,391.000000,0.000000,100,140,170,200,2000,3800,6300,8200,15000,22000,30000,337815,10,100,615.8771052800914,12.225399957969785,30138.69439996779,4759.100330062312
1791116743,1000,,Aggregated,387.800000,0.000000,100,140,170,200,2000,3800,6300,8200,15000,22000,30000,338219,10,100,615.7205616003047,12.225399957969785,30138.69439996779,4759.101777250835
1791116744,1000,,Aggregated,386.900000,0.000000,100,140,170,200,2000,3800,6300,8200,15000,22000,30000,338558,10,100,615.4376647800217,12.225399957969785,30138.69439996779,4759.38484690954
1791116745,1000,,Aggregated,394.400000,0.000000,100,140,170,200,2000,3800,6300,8200,15000,22000,30000,338846,10,100,615.3580851525307,12.225399957969785,30138.69439996779,4759.308939754343
1791116746,1000,,Aggregated,393.600000,0.000000,100,140,170,200,2000,3800,6300,8200,15000,22000,30000,339320,10,100,615.3676986384365,12.225399957969785,30138.69439996779,4759.308242956501
1791116747,1000,,Aggregated,393.500000,0.000000,100,140,170,200,2000,3800,6300,8200,15000,22000,30000,339690,10,100,615.4950532426451,12.225399957969785,30138.69439996779,4759.279534281256
1791116748,1000,,Aggregated,387.900000,0.000000,100,140,170,200,2000,3800,6300,8200,15000,22000,30000,340084,10,100,615.585996233558,12.225399957969785,30138.69439996779,4759.2115536161655
1791116749,1000,,Aggregated,388.100000,0.000000,100,140,170,200,2000,3800,6300,8200,15000,22000,30000,340498,10,100,615.8854251117267,12.225399957969785,30138.69439996779,4758.850489577031
1791116750,1000,,Aggregated,385.000000,0.000000,100,140,170,200,2000,3800,6300,8200,15000,22000,30000,340889,10,100,616.2709941086189,12.225399957969785,30138.69439996779,4758.619521310456
1791116751,1000,,Aggregated,384.000000,0.000000,100,140,170,200,2000,3800,6300,8200,15000,22000,30000,341206,10,100,616.1850712381761,12.225399957969785,30138.69439996779,4758.769473573149
1791116752,1000,,Aggregated,383.400000,0.000000,100,140,170,200,2000,3800,6300,8200,15000,22000,30000,341643,10,100,616.0355942539226,12.225399957969785,30138.69439996779,4759.037325512304
1791116753,1000,,Aggregated,380.400000,0.000000,100,140,170,200,2000,3800,6300,8200,15000,22000,30000,342053,10,100,615.9353521965679,12.225399957969785,30138.69439996779,4758.999321742537
1791116754,1000,,Aggregated,371.800000,0.000000,100,140,170,200,2000,3800,6300,8200,15000,22000,30000,342381,10,100,615.7761069892697,12.225399957969785,30138.69439996779,4759.176309433058
1791116755,1000,,Aggregated,378.800000,0.000000,100,140,170,200,2000,3800,6300,8200,15000,22000,30000,342844,10,100,615.8115512786939,12.225399957969785,30138.69439996779,4759.0358734584825
1791116756,1000,,Aggregated,383.100000,0.000000,100,140,170,200,2000,3800,6300,8200,15000,22000,30000,343231,10,100,615.9007639872054,12.225399957969785,30138.69439996779,4758.880442034665
1791116757,1000,,Aggregated,381.900000,0.000000,100,140,170,200,2000,3800,6300,8200,15000,22000,30000,343626,10,100,615.7732891771625,12.225399957969785,30138.69439996779,4758.742758114928
1791116759,1000,,Aggregated,388.600000,0.000000,100,140,170,200,2000,3800,6300,8200,15000,22000,30000,343967,10,100,616.5918650902353,12.225399957969785,30138.69439996779,4757.987565667637
