Timestamp,User Count,Type,Name,Requests/s,Failures/s,50%,66%,75%,80%,90%,95%,98%,99%,99.9%,99.99%,100%,Total Request Count,Total Failure Count,Total Median Response Time,Total Average Response Time,Total Min Response Time,Total Max Response Time,Total Average Content Size
1791114869,0,,Aggregated,0.000000,0.000000,N/A,N/A,N/A,N/A,N/A,N/A,N/A,N/A,N/A,N/A,N/A,0,0,0,0.0,0,0,0
1791114870,25,,Aggregated,0.000000,0.000000,910,940,970,970,970,970,970,970,970,970,970,8,0,900,706.7775500036078,42.346399975940585,974.6207999996841,5837.0
1791114871,50,,Aggregated,0.000000,0.000000,610,670,720,970,1100,1100,1100,1100,1100,1100,1100,100,0,610,511.51887500018347,27.14449999621138,1085.725500015542,5404.3
1791114872,75,,Aggregated,0.000000,0.000000,400,590,650,670,1100,1100,1100,1100,1100,1100,1100,161,0,400,421.61397639913656,10.491699969861656,1085.725500015542,5211.677018633541
1791114873,100,,Aggregated,15.500000,0.000000,180,550,580,630,720,1100,1100,1100,1100,1100,1100,243,0,180,356.905011523423,3.2996999798342586,1085.725500015542,5113.9876543209875
1791114874,125,,Aggregated,33.333333,0.000000,170,530,560,590,670,1100,1100,1100,1100,1100,1100,329,0,170,328.9949042569721,2.987600048072636,1085.725500015542,5173.480243161094
1791114876,150,,Aggregated,48.600000,0.000000,160,490,560,580,660,940,1100,1100,1100,1100,1100,430,0,160,312.24786976899213,2.987600048072636,1085.725500015542,5127.448837209302
1791114877,175,,Aggregated,54.833333,0.000000,190,490,560,600,680,840,1100,1100,1100,1100,1100,511,0,190,321.9902052848423,2.987600048072636,1085.725500015542,5117.857142857143
1791114878,200,,Aggregated,60.857143,0.000000,160,420,550,580,680,830,1100,1100,1200,1200,1200,665,0,160,306.4008356399372,2.987600048072636,1166.351800027769,5086.175939849624
1791114879,250,,Aggregated,62.250000,0.000000,200,430,550,580,680,840,1100,1100,1200,1200,1200,780,0,190,311.91395346227534,2.987600048072636,1166.351800027769,5087.179487179487
1791114880,275,,Aggregated,73.222222,0.000000,160,380,490,550,660,820,1100,1100,1200,1200,1200,960,0,160,285.2601317713076,2.987600048072636,1166.351800027769,5036.684375
1791114881,300,,Aggregated,76.500000,0.000000,160,380,490,550,660,820,1100,1100,1200,1200,1200,1074,0,150,285.7017059592804,2.987600048072636,1166.351800027769,5034.440409683427
1791114882,325,,Aggregated,95.500000,0.000000,150,380,490,560,690,900,1100,1100,1500,1600,1600,1276,0,150,293.254088950077,2.987600048072636,1615.9974000183865,5023.352664576802
1791114883,350,,Aggregated,101.700000,0.000000,140,340,450,540,670,850,1100,1100,1500,1600,1600,1450,0,140,275.7292889657125,2.987600048072636,1615.9974000183865,5027.331724137931
1791114884,375,,Aggregated,114.000000,0.000000,150,350,470,550,670,870,1100,1100,1500,1600,1600,1510,0,150,282.79436523201167,2.987600048072636,1615.9974000183865,5038.535099337749
1791114885,400,,Aggregated,127.800000,0.000000,160,390,530,580,830,1000,1200,1400,1800,2100,2100,1747,0,160,319.434560618757,2.987600048072636,2058.6583000258543,5029.065827132226
1791114886,425,,Aggregated,123.600000,0.000000,160,410,560,630,920,1100,1700,2000,2700,2700,2700,1977,0,160,362.4224062724845,2.987600048072636,2664.612599997781,5011.308042488619
1791114887,450,,Aggregated,137.400000,0.000000,150,390,550,620,900,1100,1700,2000,2700,2700,2700,2212,0,150,352.62294629310634,2.987600048072636,2664.612599997781,4999.386528028933
1791114888,475,,Aggregated,150.100000,0.000000,150,370,520,600,870,1100,1600,2000,2700,2700,2700,2426,0,150,338.8854963728217,2.987600048072636,2664.612599997781,4985.176422093982
1791114889,500,,Aggregated,166.300000,0.000000,140,360,510,580,850,1100,1600,2000,2700,2700,2700,2679,0,140,331.505856625774,2.987600048072636,2664.612599997781,4989.761104889884
1791114890,525,,Aggregated,172.100000,0.000000,140,360,500,580,860,1100,1600,1900,2700,2700,2700,2933,0,140,330.86778431670945,2.987600048072636,2664.612599997781,4977.979884077736
1791114891,550,,Aggregated,184.300000,0.000000,140,340,490,570,850,1100,1600,2000,2600,2700,2700,3160,0,140,326.139161930603,2.987600048072636,2664.612599997781,4968.891455696203
1791114892,575,,Aggregated,190.600000,0.000000,130,330,480,570,870,1100,1600,2000,2700,4000,4000,3373,0,130,329.38907886175724,2.987600048072636,4038.8922999845818,4974.1553513193
1791114893,600,,Aggregated,204.800000,0.000000,130,310,480,580,920,1200,1800,2200,2800,4000,4000,3607,0,130,338.3416299420167,2.987600048072636,4038.8922999845818,4976.390074854449
1791114894,625,,Aggregated,204.800000,0.000000,130,300,480,590,940,1300,1900,2300,3700,4100,4100,3811,0,130,350.1406734980588,2.987600048072636,4121.0134999710135,4973.2786670165315
1791114895,650,,Aggregated,210.200000,0.000000,130,300,490,600,1000,1500,2100,2600,4100,4900,4900,4069,0,130,369.8319462770857,2.987600048072636,4947.654899966437,4964.845416564266
1791114896,675,,Aggregated,225.400000,0.000000,130,290,500,620,1100,1500,2300,2900,4300,6500,6500,4316,0,130,388.1907448335432,2.987600048072636,6486.044899967965,4955.516218721038
1791114897,700,,Aggregated,228.400000,0.000000,120,280,500,620,1100,1600,2600,3100,4900,7100,7100,4562,0,120,400.36377505516316,2.987600048072636,7112.189000006765,4955.919991231915
1791114898,725,,Aggregated,231.100000,0.000000,120,280,500,630,1200,1700,2800,3500,6600,7400,7400,4819,0,120,424.43365976379886,2.987600048072636,7420.0491000083275,4958.925295704503
1791114899,750,,Aggregated,231.800000,0.000000,120,270,500,630,1300,1800,3000,3900,6600,8000,8000,5060,0,120,442.3114020951307,2.987600048072636,7961.042499984615,4959.388142292491
1791114900,775,,Aggregated,235.200000,0.000000,120,260,500,640,1400,1900,3100,4000,6600,8000,8000,5311,0,120,456.56917697255614,2.987600048072636,7961.042499984615,4955.86706834871
1791114901,800,,Aggregated,239.600000,0.000000,120,250,490,640,1400,2000,3200,4100,6600,8000,8000,5526,0,120,466.4199155993565,2.987600048072636,7961.042499984615,4960.551031487514
1791114902,825,,Aggregated,237.200000,0.000000,120,240,480,630,1400,2200,3400,4100,7100,11000,11000,5731,0,120,475.3905284073189,2.987600048072636,11492.530299990904,4961.751701273774
1791114903,850,,Aggregated,235.400000,0.000000,120,240,490,650,1500,2500,3700,4700,8000,12000,12000,5972,0,120,507.2347934530671,2.987600048072636,11964.846499962732,4963.056597454789
1791114904,875,,Aggregated,236.600000,0.000000,120,230,480,640,1500,2600,3800,4800,8100,12000,12000,6150,0,120,516.1920425693629,2.987600048072636,11964.846499962732,4972.149593495935
1791114905,900,,Aggregated,234.800000,0.000000,120,230,490,660,1600,2900,4100,5800,10000,13000,13000,6406,0,120,555.8276882924632,2.987600048072636,12523.819499998353,4976.673587261942
1791114906,925,,Aggregated,235.100000,0.000000,120,230,500,680,1700,3200,4500,6400,10000,13000,13000,6664,0,120,600.9989129053503,2.987600048072636,12523.819499998353,4968.706782713085
1791114907,950,,Aggregated,232.300000,0.000000,110,230,500,710,1800,3700,5300,6700,11000,13000,13000,6931,0,110,635.8749772905896,2.987600048072636,12523.819499998353,4963.8766411773195
1791114908,975,,Aggregated,231.700000,0.000000,110,230,500,720,2000,3700,6000,7100,11000,15000,15000,7213,0,110,667.4597230002789,2.987600048072636,15054.234599985648,4966.2725634271455
1791114909,1000,,Aggregated,0.000000,0.000000,100,160,260,3600,7200,9900,10000,12000,12000,12000,12000,71,0,100,1544.3984352185023,49.34590001357719,11511.599100020248,5020.056338028169
1791114910,1000,,Aggregated,0.000000,0.000000,100,190,510,3600,7200,7700,10000,12000,14000,14000,14000,249,0,100,1605.3265473940016,35.58660001726821,13542.482000018936,4990.931726907631
1791114911,1000,,Aggregated,0.000000,0.000000,120,220,360,520,4300,7700,10000,12000,16000,16000,16000,498,0,120,1310.6773373528044,35.58660001726821,15534.13859999273,5077.75702811245
1791114912,1000,,Aggregated,214.000000,0.000000,110,200,360,3600,4700,7800,10000,12000,16000,16000,16000,719,0,110,1429.5640269838245,35.58660001726821,15534.13859999273,5010.741307371349
1791114913,1000,,Aggregated,203.500000,0.000000,110,190,370,4000,4900,8100,12000,12000,16000,16000,16000,951,0,110,1553.6875287080663,35.58660001726821,15534.13859999273,5009.0956887486855
1791114914,1000,,Aggregated,206.333333,0.000000,100,190,410,4300,7200,8500,12000,14000,16000,18000,18000,1194,0,100,1719.412574121934,35.58660001726821,18065.852600033395,4982.697654941374
1791114915,1000,,Aggregated,210.750000,0.000000,97,180,370,4300,7200,8800,12000,14000,17000,18000,18000,1441,0,97,1714.2579576698095,35.58660001726821,18065.852600033395,4965.833448993754
1791114916,1000,,Aggregated,218.800000,0.000000,99,180,370,4400,5700,8700,12000,14000,18000,18000,18000,1662,0,99,1703.609501625687,35.58660001726821,18065.852600033395,4951.74789410349
1791114917,1000,,Aggregated,221.333333,0.000000,99,170,330,4300,5800,8800,12000,15000,18000,19000,19000,1863,0,99,1708.2769394536595,35.58660001726821,19171.2092999951,4957.937734836286
1791114918,1000,,Aggregated,223.000000,0.000000,100,170,300,4300,6000,8900,13000,15000,19000,27000,27000,2099,0,100,1726.002042354333,35.58660001726821,26743.877300003078,4962.392567889471
1791114919,1000,,Aggregated,222.250000,0.000000,99,170,300,4500,6100,10000,14000,15000,20000,27000,27000,2345,0,99,1807.7803582523702,35.58660001726821,27280.057700001635,4944.490405117271
1791114920,1000,,Aggregated,222.666667,0.000000,98,170,300,4600,6100,11000,14000,15000,20000,27000,27000,2593,0,98,1852.9151468575433,35.58660001726821,27280.057700001635,4917.729656768222
1791114921,1000,,Aggregated,221.900000,0.000000,97,170,300,4700,7200,11000,14000,17000,21000,27000,27000,2850,0,97,1907.9462545269505,35.58660001726821,27280.057700001635,4905.09298245614
1791114922,1000,,Aggregated,227.100000,0.000000,97,170,340,4900,7300,11000,14000,18000,22000,27000,27000,3129,0,97,1986.6056890065727,33.37610000744462,27280.057700001635,4873.521891978267
1791114923,1000,,Aggregated,231.000000,0.000000,96,170,410,4900,8000,11000,15000,18000,26000,27000,27000,3394,0,96,2090.8867481149914,31.15970001090318,27316.52930000564,4847.794048320566
1791114924,1000,,Aggregated,235.000000,0.000000,96,160,330,4700,7800,11000,15000,18000,26000,27000,27000,3659,0,96,2034.885628724514,31.15970001090318,27316.52930000564,4848.527739819623
1791114925,1000,,Aggregated,242.800000,0.000000,94,160,300,4600,7800,11000,15000,18000,26000,27000,27000,3928,0,94,2014.2944528774863,31.15970001090318,27316.52930000564,4851.332739307536
1791114926,1000,,Aggregated,244.000000,0.000000,95,170,310,4500,8000,11000,15000,18000,26000,30000,30000,4181,1,95,2044.085236857881,31.15970001090318,30231.360099976882,4854.210475962688
1791114927,1000,,Aggregated,245.500000,0.000000,96,170,280,4500,7800,11000,15000,18000,26000,30000,30000,4418,1,95,2015.684567813948,31.15970001090318,30231.360099976882,4860.015844273427
1791114928,1000,,Aggregated,247.700000,0.100000,96,160,290,4500,8000,11000,15000,18000,26000,30000,30000,4672,1,96,2023.2460865587059,31.15970001090318,30231.360099976882,4849.990154109589
1791114929,1000,,Aggregated,252.000000,0.100000,95,160,290,4500,7900,11000,15000,18000,26000,30000,30000,4896,1,95,2019.1578655845585,31.15970001090318,30231.360099976882,4845.8429330065355
1791114930,1000,,Aggregated,253.000000,0.100000,96,160,280,4500,7700,11000,15000,19000,27000,31000,31000,5197,3,96,1997.2664153553976,21.49369998369366,30517.227499978617,4848.161246873196
1791114931,1000,,Aggregated,258.600000,0.100000,95,160,260,4500,7700,11000,15000,18000,27000,31000,31000,5449,3,95,1985.6797577173313,21.49369998369366,30517.227499978617,4844.500642319692
1791114932,1000,,Aggregated,257.500000,0.300000,96,160,250,4500,7400,11000,15000,18000,27000,31000,31000,5702,4,96,1954.3058620838424,21.49369998369366,30517.227499978617,4851.650473518064
1791114933,1000,,Aggregated,258.900000,0.300000,95,160,260,4500,7700,11000,15000,19000,27000,31000,31000,5982,4,95,1983.6996784524174,21.49369998369366,30517.227499978617,4836.747743229689
1791114934,1000,,Aggregated,260.000000,0.300000,95,170,270,4500,7800,11000,15000,19000,27000,31000,31000,6288,5,95,2006.76636437694,21.49369998369366,30517.227499978617,4831.925731552163
1791114935,1000,,Aggregated,254.300000,0.400000,95,160,280,4500,8100,11000,15000,19000,27000,31000,31000,6587,6,95,2010.7497702296346,21.49369998369366,30517.227499978617,4820.855624715348
1791114936,1000,,Aggregated,256.400000,0.500000,95,170,280,4400,8200,11000,15000,19000,28000,31000,31000,6857,7,95,2008.7760307134652,21.49369998369366,30517.227499978617,4821.744348840601
1791114937,1000,,Aggregated,263.500000,0.500000,94,160,280,4400,8100,11000,15000,19000,28000,31000,31000,7183,7,94,2005.7090042045797,21.49369998369366,30517.227499978617,4817.823611304469
1791114938,1000,,Aggregated,266.200000,0.500000,93,160,290,4400,8100,11000,15000,19000,28000,31000,31000,7479,7,93,2019.7936161654372,21.49369998369366,30517.227499978617,4805.227704238535
1791114939,1000,,Aggregated,269.800000,0.600000,93,160,280,4300,7700,11000,15000,19000,28000,31000,31000,7806,8,93,1985.9883431080316,21.49369998369366,30517.227499978617,4796.945170381758
1791114940,1000,,Aggregated,278.000000,0.600000,94,160,270,4200,7300,11000,15000,19000,30000,31000,31000,8097,10,94,1942.7986263680305,21.49369998369366,30517.227499978617,4808.320489070026
1791114941,1000,,Aggregated,282.000000,0.700000,95,160,260,4000,7100,11000,15000,19000,30000,31000,31000,8356,12,95,1926.449154882985,21.49369998369366,30517.227499978617,4812.926519865965
1791114942,1000,,Aggregated,280.200000,0.700000,96,160,260,3900,7000,11000,15000,19000,30000,31000,31000,8639,13,96,1907.9935784467518,21.49369998369366,30517.227499978617,4817.046417409422
1791114943,1000,,Aggregated,288.000000,0.800000,95,160,250,3900,6900,11000,15000,19000,30000,31000,31000,8933,13,95,1876.373100190509,21.49369998369366,30517.227499978617,4821.110489197358
1791114944,1000,,Aggregated,288.000000,1.000000,95,160,240,3900,6900,11000,15000,19000,30000,31000,31000,9175,13,95,1861.3251171554884,21.49369998369366,30517.227499978617,4817.546049046322
1791114945,1000,,Aggregated,294.000000,0.900000,97,170,260,3800,6100,11000,15000,19000,30000,31000,31000,9401,14,97,1832.5079703970123,21.49369998369366,30517.227499978617,4830.721518987341
1791114946,1000,,Aggregated,294.400000,0.800000,98,170,270,3800,6100,11000,15000,19000,30000,31000,31000,9680,15,98,1843.7633968493674,21.49369998369366,30517.227499978617,4825.408884297521
1791114947,1000,,Aggregated,285.000000,0.900000,98,170,290,3900,6900,11000,15000,19000,30000,31000,31000,9975,15,98,1879.7623945967148,21.49369998369366,30517.227499978617,4807.008020050125
1791114948,1000,,Aggregated,279.300000,0.900000,98,170,290,4000,7000,11000,15000,19000,30000,30000,31000,10281,15,98,1877.7395809845361,21.49369998369366,30517.227499978617,4799.485750413384
1791114949,1000,,Aggregated,277.700000,0.800000,99,170,290,4000,6900,11000,15000,19000,30000,30000,31000,10602,15,99,1870.162675193503,21.49369998369366,30517.227499978617,4794.968402188267
1791114950,1000,,Aggregated,274.700000,0.800000,99,170,280,4000,6800,11000,15000,19000,30000,30000,31000,10866,16,99,1856.7004285386745,21.49369998369366,30517.227499978617,4797.751978648997
1791114951,1000,,Aggregated,274.300000,0.700000,99,170,270,3900,6700,11000,15000,19000,30000,30000,31000,11160,16,99,1842.8301035753163,21.49369998369366,30517.227499978617,4797.308781362007
1791114952,1000,,Aggregated,275.700000,0.600000,99,170,270,3900,6100,11000,15000,19000,30000,30000,31000,11437,16,99,1828.6159199527992,21.49369998369366,30517.227499978617,4791.770044592114
1791114953,1000,,Aggregated,272.000000,0.500000,99,170,260,3800,6000,11000,15000,19000,30000,30000,31000,11710,16,99,1808.9467273185412,21.49369998369366,30517.227499978617,4796.565243381725
1791114954,1000,,Aggregated,275.000000,0.300000,99,170,260,3800,6000,11000,15000,19000,30000,30000,31000,11981,17,99,1801.1486962273389,21.49369998369366,30517.227499978617,4797.044487104582
1791114955,1000,,Aggregated,271.200000,0.300000,99,170,260,3800,6000,11000,15000,19000,30000,30000,31000,12270,17,99,1804.2101414506756,21.49369998369366,30517.227499978617,4794.215892420538
1791114956,1000,,Aggregated,271.500000,0.300000,99,160,260,3800,6000,11000,15000,19000,30000,30000,31000,12571,17,99,1792.5080127037552,21.49369998369366,30517.227499978617,4791.335215973272
1791114957,1000,,Aggregated,274.500000,0.300000,98,160,250,3800,6000,11000,15000,19000,30000,30000,31000,12858,17,98,1789.3608389639603,21.49369998369366,30517.227499978617,4786.0086327578165
1791114958,1000,,Aggregated,279.000000,0.200000,98,160,250,3800,6000,10000,15000,19000,30000,30000,31000,13133,17,98,1780.5941734941762,21.49369998369366,30517.227499978617,4782.728622553872
1791114960,1000,,Aggregated,282.700000,0.200000,99,160,250,3800,6000,10000,15000,19000,30000,30000,31000,13420,17,99,1770.6696697167652,21.49369998369366,30517.227499978617,4783.475558867362
1791114961,1000,,Aggregated,276.500000,0.200000,100,160,250,3800,5800,10000,15000,18000,30000,30000,31000,13666,17,100,1748.083385921179,21.49369998369366,30517.227499978617,4791.872530367335
1791114962,1000,,Aggregated,279.300000,0.100000,100,160,250,3800,5900,10000,15000,18000,30000,30000,31000,13926,17,100,1758.4053833332666,21.49369998369366,30517.227499978617,4783.45863851788
1791114963,1000,,Aggregated,274.700000,0.100000,100,160,250,3800,6000,10000,15000,18000,30000,30000,31000,14212,17,100,1769.3948819588218,21.49369998369366,30517.227499978617,4778.991556431185
1791114964,1000,,Aggregated,272.500000,0.100000,100,160,250,3800,6000,10000,15000,18000,30000,30000,31000,14523,18,100,1775.261198636532,21.49369998369366,30517.227499978617,4772.393169455347
1791114965,1000,,Aggregated,273.900000,0.100000,99,160,260,3900,6000,10000,15000,19000,30000,30000,31000,14879,18,99,1783.1467708110542,21.49369998369366,30517.227499978617,4761.94327575778
1791114966,1000,,Aggregated,273.900000,0.200000,99,160,250,3800,6000,10000,15000,19000,30000,30000,31000,15183,19,99,1775.983015536958,21.49369998369366,30517.227499978617,4761.594941711124
1791114967,1000,,Aggregated,284.300000,0.100000,98,160,250,3800,6100,10000,15000,19000,30000,30000,31000,15507,20,98,1780.9374635195418,21.49369998369366,30517.227499978617,4756.405236344876
1791114968,1000,,Aggregated,287.900000,0.200000,97,160,250,3800,6100,10000,15000,19000,30000,30000,31000,15875,20,97,1769.6805619778283,21.49369998369366,30517.227499978617,4751.043527559055
1791114969,1000,,Aggregated,289.600000,0.300000,97,160,250,3700,6000,10000,15000,19000,30000,30000,31000,16179,21,97,1764.968852085846,21.49369998369366,30517.227499978617,4749.697756350825
1791114970,1000,,Aggregated,296.800000,0.300000,97,160,250,3600,6000,10000,15000,19000,30000,30000,31000,16537,21,97,1747.5297562796886,21.49369998369366,30517.227499978617,4748.804982765919
1791114971,1000,,Aggregated,303.600000,0.400000,98,160,250,3500,5800,10000,15000,19000,30000,30000,31000,16831,21,98,1728.203068094462,21.49369998369366,30517.227499978617,4755.085259342879
1791114972,1000,,Aggregated,310.800000,0.400000,98,160,240,3200,5700,9900,15000,19000,30000,30000,31000,17143,21,98,1713.5294511227412,21.49369998369366,30517.227499978617,4759.321180656828
1791114973,1000,,Aggregated,315.400000,0.400000,99,160,240,3200,5700,9800,15000,18000,30000,30000,31000,17416,21,99,1696.7080501433793,21.49369998369366,30517.227499978617,4762.704983922829
1791114974,1000,,Aggregated,317.900000,0.400000,99,160,240,3100,5700,9800,15000,18000,30000,30000,31000,17731,21,99,1691.5760227565995,21.49369998369366,30517.227499978617,4762.081100896735
1791114975,1000,,Aggregated,316.900000,0.400000,99,160,240,3200,5700,9700,15000,18000,30000,30000,31000,17992,21,99,1687.9827110492104,21.49369998369366,30517.227499978617,4758.564473099155
1791114976,1000,,Aggregated,321.300000,0.300000,99,160,240,3100,5700,9600,15000,18000,30000,30000,31000,18296,21,99,1679.328060062193,21.49369998369366,30517.227499978617,4763.011751202449
1791114977,1000,,Aggregated,312.100000,0.300000,99,160,230,3100,5600,9400,15000,18000,30000,30000,31000,18589,21,99,1667.278165743078,21.49369998369366,30517.227499978617,4767.1696702350855
1791114978,1000,,Aggregated,309.800000,0.200000,99,160,230,3100,5600,9400,15000,18000,30000,30000,31000,18908,21,99,1669.2340138246857,21.49369998369366,30517.227499978617,4763.616511529512
1791114979,1000,,Aggregated,305.800000,0.100000,99,160,230,3100,5600,9300,15000,18000,30000,30000,31000,19200,21,99,1665.4830179009198,21.49369998369366,30517.227499978617,4763.202604166667
1791114980,1000,,Aggregated,298.700000,0.100000,98,160,230,3100,5600,9300,15000,18000,30000,30000,31000,19527,21,98,1663.0631755158602,21.49369998369366,30517.227499978617,4761.3861832334715
1791114981,1000,,Aggregated,298.000000,0.000000,98,150,230,3100,5500,9200,15000,18000,30000,30000,31000,19845,21,98,1652.3650631090145,21.49369998369366,30517.227499978617,4765.191635172588
1791114982,1000,,Aggregated,297.000000,0.000000,98,150,230,3000,5500,9200,15000,18000,30000,30000,31000,20179,21,98,1645.8833998314558,21.49369998369366,30517.227499978617,4765.938896872986
1791114983,1000,,Aggregated,297.500000,0.000000,98,150,230,3000,5500,9200,15000,18000,30000,30000,31000,20475,21,98,1643.295412268567,21.49369998369366,30517.227499978617,4765.679267399268
1791114984,1000,,Aggregated,300.600000,0.000000,98,150,230,2800,5500,9200,14000,18000,30000,30000,31000,20745,21,98,1633.682046473804,21.49369998369366,30517.227499978617,4765.914630031333
1791114985,1000,,Aggregated,304.300000,0.000000,99,150,230,2700,5500,9100,14000,18000,29000,30000,31000,21035,21,99,1624.1543750748563,21.49369998369366,30517.227499978617,4771.109626812456
1791114986,1000,,Aggregated,299.000000,0.000000,98,150,230,2700,5500,9100,14000,18000,29000,30000,31000,21348,21,98,1626.000960703547,21.49369998369366,30517.227499978617,4769.675988382986
1791114987,1000,,Aggregated,300.900000,0.000000,99,150,220,2700,5500,9100,14000,18000,29000,30000,31000,21640,21,99,1621.9029642467183,21.49369998369366,30517.227499978617,4769.861552680221
1791114988,1000,,Aggregated,303.600000,0.000000,98,150,220,2700,5400,9100,14000,18000,30000,30000,31000,21991,22,98,1617.7139186121042,21.49369998369366,30517.227499978617,4771.411304624619
1791114989,1000,,Aggregated,304.300000,0.000000,98,150,230,2700,5400,9100,14000,18000,30000,30000,31000,22352,23,98,1621.6661019908026,21.49369998369366,30517.227499978617,4766.130726556908
1791114990,1000,,Aggregated,303.100000,0.100000,98,150,220,2800,5500,9100,14000,18000,30000,30000,31000,22661,23,98,1618.9313263315287,21.49369998369366,30517.227499978617,4765.489387052646
1791114991,1000,,Aggregated,308.300000,0.100000,98,150,220,2600,5400,9000,14000,18000,30000,30000,31000,22986,23,98,1603.2416548202857,21.49369998369366,30517.227499978617,4768.769381362568
1791114992,1000,,Aggregated,309.800000,0.200000,99,150,220,2600,5400,9000,14000,18000,29000,30000,31000,23302,23,99,1596.065940206792,21.49369998369366,30517.227499978617,4771.91378422453
1791114993,1000,,Aggregated,309.900000,0.200000,98,150,220,2500,5300,9000,14000,18000,29000,30000,31000,23645,23,98,1591.1736091393038,21.49369998369366,30517.227499978617,4770.451892577712
1791114994,1000,,Aggregated,309.100000,0.200000,98,150,220,2600,5400,9000,14000,18000,29000,30000,31000,24001,23,98,1592.9814937252197,21.49369998369366,30517.227499978617,4768.475438523395
1791114995,1000,,Aggregated,309.200000,0.200000,98,150,220,2600,5400,9000,14000,18000,29000,30000,31000,24339,23,98,1587.3914228234385,21.49369998369366,30517.227499978617,4767.203089691442
1791114996,1000,,Aggregated,316.700000,0.200000,97,150,220,2600,5300,9000,14000,18000,29000,30000,31000,24714,23,97,1577.828329861578,21.49369998369366,30517.227499978617,4764.693655417982
1791114997,1000,,Aggregated,323.600000,0.200000,97,150,220,2500,5300,9000,14000,18000,29000,30000,31000,25077,23,97,1577.8801904493853,21.49369998369366,30517.227499978617,4759.511703951828
1791114998,1000,,Aggregated,328.300000,0.200000,97,150,220,2300,5300,8900,14000,18000,29000,30000,31000,25477,23,97,1568.2827906111047,21.49369998369366,30517.227499978617,4758.090081249755
1791114999,1000,,Aggregated,336.800000,0.200000,96,140,220,2000,5300,8900,14000,17000,29000,30000,31000,25856,23,96,1557.3739351601064,21.49369998369366,30517.227499978617,4758.693881497525
1791115000,1000,,Aggregated,345.300000,0.100000,96,140,210,1800,5200,8900,14000,17000,29000,30000,31000,26215,23,96,1544.4165120121993,21.49369998369366,30517.227499978617,4759.8065992752245
1791115001,1000,,Aggregated,347.900000,0.100000,97,140,210,520,5100,8900,14000,17000,29000,30000,31000,26527,23,97,1529.1618914577775,21.49369998369366,30517.227499978617,4763.07784521431
1791115002,1000,,Aggregated,350.500000,0.000000,98,140,210,440,5000,8900,14000,17000,29000,30000,31000,26865,24,98,1520.872859266707,21.49369998369366,30517.227499978617,4763.895700725851
1791115003,1000,,Aggregated,354.300000,0.000000,98,140,210,420,5000,8800,14000,17000,29000,30000,31000,27201,24,98,1510.1407351347254,21.49369998369366,30517.227499978617,4764.0846660049265
1791115004,1000,,Aggregated,351.800000,0.100000,98,140,210,430,5000,8800,14000,17000,29000,30000,31000,27562,24,98,1504.543032994706,21.49369998369366,30517.227499978617,4761.673209491329
1791115005,1000,,Aggregated,355.500000,0.100000,97,140,210,440,5000,8800,14000,17000,29000,30000,31000,27905,24,97,1499.912826135099,21.49369998369366,30517.227499978617,4757.981902884788
1791115006,1000,,Aggregated,355.000000,0.100000,97,140,210,440,5000,8800,14000,17000,29000,30000,31000,28251,24,97,1492.638506116586,21.49369998369366,30517.227499978617,4756.54635234151
1791115007,1000,,Aggregated,353.000000,0.100000,97,140,210,440,4900,8700,14000,17000,29000,30000,31000,28638,24,97,1484.6733249423855,21.49369998369366,30517.227499978617,4752.755150499336
1791115008,1000,,Aggregated,353.800000,0.100000,96,140,210,430,4900,8700,14000,17000,29000,30000,31000,29004,24,96,1476.934023507057,21.49369998369366,30517.227499978617,4749.959626258447
1791115009,1000,,Aggregated,354.300000,0.100000,96,140,210,420,4900,8600,13000,17000,29000,30000,31000,29413,24,96,1466.7077860163597,21.49369998369366,30517.227499978617,4749.035392513514
1791115010,1000,,Aggregated,353.200000,0.100000,96,140,210,420,4800,8600,13000,17000,29000,30000,31000,29693,24,96,1460.7855438385866,21.49369998369366,30517.227499978617,4747.145118378069
1791115011,1000,,Aggregated,352.400000,0.100000,97,140,210,380,4800,8600,13000,17000,28000,30000,31000,30077,24,97,1446.709025564342,21.49369998369366,30517.227499978617,4754.654819297138
1791115012,1000,,Aggregated,353.400000,0.100000,97,140,210,370,4700,8600,13000,17000,28000,30000,31000,30424,24,97,1436.2705406422392,21.49369998369366,30517.227499978617,4756.8715487772815
1791115013,1000,,Aggregated,349.700000,0.100000,97,140,200,350,4700,8500,13000,17000,28000,30000,31000,30750,24,97,1429.0617468715104,21.49369998369366,30517.227499978617,4757.833203252033
1791115014,1000,,Aggregated,355.700000,0.000000,96,140,200,370,4700,8500,13000,17000,28000,30000,31000,31161,24,96,1427.9245097814223,21.49369998369366,30517.227499978617,4753.827027373961
1791115015,1000,,Aggregated,351.700000,0.000000,96,140,200,360,4700,8500,13000,17000,28000,30000,31000,31556,24,96,1421.1355020344452,21.49369998369366,30517.227499978617,4752.535841044492
1791115016,1000,,Aggregated,353.800000,0.000000,96,140,200,350,4700,8500,13000,16000,28000,30000,31000,31953,24,96,1412.8638297655514,21.49369998369366,30517.227499978617,4752.644321346978
1791115017,1000,,Aggregated,359.800000,0.000000,96,140,200,350,4700,8400,13000,16000,28000,30000,31000,32330,24,96,1407.5117355923003,21.49369998369366,30517.227499978617,4751.75202598206
1791115018,1000,,Aggregated,361.000000,0.000000,96,140,200,340,4700,8400,13000,16000,28000,30000,31000,32763,24,96,1398.2448514756925,21.49369998369366,30517.227499978617,4752.20513994445
1791115019,1000,,Aggregated,360.200000,0.000000,96,140,200,330,4700,8400,13000,16000,28000,30000,31000,33162,24,96,1387.9953770067746,21.49369998369366,30517.227499978617,4749.743290513238
1791115020,1000,,Aggregated,361.000000,0.000000,96,140,200,330,4700,8400,13000,16000,28000,30000,31000,33498,24,96,1379.6441818287262,21.49369998369366,30517.227499978617,4750.4818198101375
1791115021,1000,,Aggregated,367.400000,0.000000,97,140,200,310,4600,8400,13000,16000,28000,30000,31000,33887,24,97,1367.4538499158311,21.49369998369366,30517.227499978617,4757.824003305102
1791115022,1000,,Aggregated,365.900000,0.000000,97,140,200,310,4600,8300,13000,16000,28000,30000,31000,34166,24,97,1362.5900856728172,21.49369998369366,30517.227499978617,4757.842270093075
1791115023,1000,,Aggregated,370.500000,0.000000,97,140,200,310,4600,8300,13000,16000,28000,30000,31000,34559,24,97,1352.7192690528452,21.49369998369366,30517.227499978617,4762.78283515148
1791115024,1000,,Aggregated,372.600000,0.000000,97,140,200,310,4600,8300,13000,16000,28000,30000,31000,34945,24,97,1349.151883431041,21.49369998369366,30517.227499978617,4760.2255258262985
1791115025,1000,,Aggregated,370.900000,0.000000,97,140,200,310,4600,8200,12000,16000,28000,30000,31000,35293,24,97,1343.5008745444595,21.49369998369366,30517.227499978617,4759.748987051256
1791115026,1000,,Aggregated,372.300000,0.000000,96,140,200,310,4600,8200,12000,16000,28000,30000,31000,35676,24,96,1337.6394701619588,21.49369998369366,30517.227499978617,4759.780160331876
1791115027,1000,,Aggregated,371.200000,0.000000,96,140,200,310,4600,8200,12000,16000,28000,30000,31000,36065,24,96,1334.6074007485868,21.49369998369366,30517.227499978617,4755.837820601691
1791115028,1000,,Aggregated,367.500000,0.000000,96,140,200,310,4600,8100,12000,16000,28000,30000,31000,36449,24,96,1327.763193640391,21.49369998369366,30517.227499978617,4754.356004279953
1791115029,1000,,Aggregated,369.500000,0.000000,95,140,190,310,4500,8100,12000,16000,28000,30000,31000,36823,24,95,1319.9566668304517,21.49369998369366,30517.227499978617,4753.83344648725
1791115030,1000,,Aggregated,370.300000,0.000000,96,140,190,300,4500,8100,12000,16000,28000,30000,31000,37170,24,96,1311.8246667580927,21.49369998369366,30517.227499978617,4755.818375033629
1791115031,1000,,Aggregated,364.600000,0.000000,96,140,200,300,4500,8100,12000,16000,28000,30000,31000,37476,24,96,1304.4269706558525,21.49369998369366,30517.227499978617,4759.73716511901
1791115032,1000,,Aggregated,364.900000,0.000000,96,140,200,300,4500,8100,12000,16000,28000,30000,31000,37811,24,96,1300.4882936737604,21.49369998369366,30517.227499978617,4758.835735632488
1791115033,1000,,Aggregated,357.200000,0.000000,96,140,200,300,4500,8000,12000,16000,28000,30000,31000,38162,24,96,1295.8496156752415,21.49369998369366,30517.227499978617,4757.209501598449
1791115034,1000,,Aggregated,356.700000,0.000000,96,140,200,300,4500,8000,12000,16000,28000,30000,31000,38545,24,96,1290.5619355480108,21.49369998369366,30517.227499978617,4756.850875599948
1791115035,1000,,Aggregated,358.100000,0.000000,95,140,200,300,4500,8000,12000,16000,28000,30000,31000,38921,24,95,1289.9266398576217,21.49369998369366,30517.227499978617,4753.889622568793
1791115036,1000,,Aggregated,356.700000,0.000000,96,140,200,300,4500,8000,12000,16000,28000,30000,31000,39281,24,96,1291.0877702527605,21.49369998369366,30517.227499978617,4750.001807489626
1791115037,1000,,Aggregated,357.700000,0.000000,96,140,200,310,4500,7900,12000,15000,28000,30000,31000,39702,24,96,1283.7465946022678,21.49369998369366,30517.227499978617,4755.445141302705
1791115038,1000,,Aggregated,359.800000,0.000000,96,140,200,310,4500,7900,12000,15000,28000,30000,31000,40057,24,96,1280.9371693361811,21.49369998369366,30517.227499978617,4753.346680979604
1791115039,1000,,Aggregated,350.300000,0.000000,96,140,200,310,4400,7900,12000,15000,28000,30000,31000,40467,24,96,1274.7007875182037,21.49369998369366,30517.227499978617,4751.623545110831
1791115040,1000,,Aggregated,357.500000,0.000000,96,140,200,310,4400,7800,12000,15000,28000,30000,31000,40831,24,96,1266.3966330582132,21.49369998369366,30517.227499978617,4753.548725233279
1791115041,1000,,Aggregated,356.800000,0.000000,97,140,200,300,4400,7800,12000,15000,28000,30000,31000,41180,24,96,1258.374497666328,21.49369998369366,30517.227499978617,4757.653375424964
1791115042,1000,,Aggregated,360.400000,0.000000,97,140,200,300,4400,7800,12000,15000,28000,30000,31000,41512,24,97,1253.483903957859,21.49369998369366,30517.227499978617,4758.330169589516
1791115043,1000,,Aggregated,368.600000,0.000000,97,140,200,300,4400,7800,12000,15000,28000,30000,31000,41856,24,97,1246.0347553396937,21.49369998369366,30517.227499978617,4760.400946100917
1791115044,1000,,Aggregated,365.900000,0.000000,97,140,200,290,4400,7800,12000,15000,28000,30000,31000,42198,24,97,1242.084269695201,21.49369998369366,30517.227499978617,4762.236101237026
1791115045,1000,,Aggregated,369.200000,0.000000,97,140,200,290,4400,7700,12000,15000,28000,30000,31000,42564,24,97,1238.5630547716119,21.49369998369366,30517.227499978617,4761.749177708862
1791115046,1000,,Aggregated,365.700000,0.000000,97,140,190,290,4300,7700,12000,15000,28000,30000,31000,42926,24,97,1235.7368635744947,21.49369998369366,30517.227499978617,4761.142501048315
1791115047,1000,,Aggregated,359.800000,0.000000,97,140,190,290,4300,7700,12000,15000,27000,30000,31000,43300,24,97,1235.1775756258212,21.49369998369366,30517.227499978617,4759.122840646652
1791115048,1000,,Aggregated,361.100000,0.000000,97,140,190,290,4400,7700,12000,15000,27000,30000,31000,43655,24,97,1233.1123882143545,21.49369998369366,30517.227499978617,4757.058549994274
1791115049,1000,,Aggregated,367.100000,0.000000,97,140,190,290,4300,7700,12000,15000,27000,30000,31000,44031,24,97,1230.1612559446412,21.49369998369366,30517.227499978617,4757.788262814835
1791115050,1000,,Aggregated,356.500000,0.000000,97,140,190,290,4300,7700,12000,15000,27000,30000,31000,44382,24,96,1227.7383947005278,21.49369998369366,30517.227499978617,4756.609256004686
1791115051,1000,,Aggregated,357.000000,0.000000,97,140,190,280,4300,7700,12000,15000,27000,30000,31000,44729,24,97,1220.7103411611895,21.49369998369366,30517.227499978617,4759.733685081267
1791115052,1000,,Aggregated,352.400000,0.000000,97,140,190,280,4300,7600,12000,15000,27000,30000,31000,45042,24,97,1216.4837708405234,21.49369998369366,30517.227499978617,4761.276475289729
1791115053,1000,,Aggregated,352.800000,0.000000,97,140,190,280,4300,7600,12000,15000,27000,30000,31000,45381,24,97,1212.69179717499,21.49369998369366,30517.227499978617,4762.551949053569
1791115054,1000,,Aggregated,352.100000,0.000000,97,140,190,280,4300,7600,12000,15000,27000,30000,31000,45712,24,97,1208.8169751465346,21.49369998369366,30517.227499978617,4763.234139831991
1791115055,1000,,Aggregated,350.600000,0.000000,98,140,190,280,4300,7600,12000,15000,27000,30000,31000,46084,24,98,1207.9665078486864,21.49369998369366,30517.227499978617,4762.935118479299
1791115056,1000,,Aggregated,350.300000,0.000000,97,140,190,280,4300,7600,12000,15000,27000,30000,31000,46444,24,97,1210.056367939855,21.49369998369366,30517.227499978617,4759.308565153734
1791115057,1000,,Aggregated,349.000000,0.000000,97,140,190,280,4300,7600,12000,15000,27000,30000,31000,46848,24,97,1208.940836182938,21.49369998369366,30517.227499978617,4757.588072062841
1791115058,1000,,Aggregated,349.300000,0.000000,97,140,190,280,4300,7600,12000,15000,27000,30000,31000,47227,24,97,1207.1908848306814,21.49369998369366,30517.227499978617,4754.867851017427
1791115059,1000,,Aggregated,349.000000,0.000000,96,140,190,280,4300,7500,11000,15000,27000,30000,31000,47637,24,96,1202.0671441295244,21.49369998369366,30517.227499978617,4754.228267942985
1791115060,1000,,Aggregated,354.600000,0.000000,96,140,190,270,4300,7500,11000,15000,27000,30000,31000,48026,24,96,1197.7095836338285,21.49369998369366,30517.227499978617,4753.65787281889
1791115061,1000,,Aggregated,353.900000,0.000000,97,140,190,270,4300,7500,11000,15000,27000,30000,31000,48340,24,97,1193.6521060446485,21.49369998369366,30517.227499978617,4755.530161357055
1791115063,1000,,Aggregated,357.800000,0.000000,97,140,190,270,4300,7500,11000,15000,27000,30000,31000,48716,24,97,1186.6818964672436,21.49369998369366,30517.227499978617,4757.901839231464
1791115064,1000,,Aggregated,359.200000,0.000000,97,140,190,270,4200,7500,11000,15000,27000,30000,31000,49114,24,97,1184.3300915970565,21.49369998369366,30517.227499978617,4756.815612656269
1791115065,1000,,Aggregated,364.700000,0.000000,97,140,190,270,4200,7400,11000,15000,27000,30000,31000,49501,24,97,1180.806446411137,21.49369998369366,30517.227499978617,4756.141350679784
1791115066,1000,,Aggregated,370.600000,0.000000,97,140,190,270,4200,7400,11000,15000,27000,30000,31000,49880,24,97,1176.8222484742782,21.49369998369366,30517.227499978617,4755.027325581395
1791115067,1000,,Aggregated,376.900000,0.000000,97,140,190,270,4200,7400,11000,15000,27000,30000,31000,50250,24,97,1173.707148501436,21.49369998369366,30517.227499978617,4754.860656716418
1791115068,1000,,Aggregated,376.300000,0.000000,97,140,190,260,4200,7400,11000,15000,27000,30000,31000,50641,24,97,1169.1228274342575,21.49369998369366,30517.227499978617,4754.746687466677
1791115069,1000,,Aggregated,377.800000,0.000000,97,140,190,260,4200,7300,11000,15000,27000,30000,31000,51026,24,97,1164.9551723865898,21.49369998369366,30517.227499978617,4754.818896248971
1791115070,1000,,Aggregated,376.900000,0.000000,96,140,190,260,4200,7300,11000,15000,27000,30000,31000,51432,24,96,1162.0912353728907,21.49369998369366,30517.227499978617,4753.764796235807
1791115071,1000,,Aggregated,377.900000,0.000000,97,140,190,260,4200,7300,11000,15000,27000,30000,31000,51777,24,97,1156.680078868966,21.49369998369366,30517.227499978617,4756.451629101724
1791115072,1000,,Aggregated,376.500000,0.000000,97,140,180,260,4200,7300,11000,15000,27000,30000,31000,52138,24,97,1150.9358931105644,21.49369998369366,30517.227499978617,4757.845141739231
1791115073,1000,,Aggregated,371.700000,0.000000,97,140,180,260,4200,7300,11000,14000,27000,30000,31000,52508,24,97,1147.8693437475874,21.49369998369366,30517.227499978617,4758.233354917346
1791115074,1000,,Aggregated,376.700000,0.000000,97,140,180,250,4100,7200,11000,14000,27000,30000,31000,52882,24,97,1146.1680992568006,21.49369998369366,30517.227499978617,4756.255436632503
1791115075,1000,,Aggregated,372.400000,0.000000,97,140,180,260,4200,7200,11000,14000,27000,30000,31000,53293,24,97,1146.9013045465338,21.49369998369366,30517.227499978617,4752.20109582872
1791115076,1000,,Aggregated,370.300000,0.000000,97,140,180,260,4200,7200,11000,14000,27000,30000,31000,53726,24,97,1145.0191898354267,21.49369998369366,30517.227499978617,4752.482280460113
1791115077,1000,,Aggregated,369.300000,0.000000,97,140,180,260,4100,7200,11000,14000,27000,30000,31000,54068,24,97,1141.013467298558,21.49369998369366,30517.227499978617,4752.216375675076
1791115078,1000,,Aggregated,374.900000,0.000000,97,140,180,250,4100,7200,11000,14000,27000,30000,31000,54426,24,97,1136.8367997739933,21.49369998369366,30517.227499978617,4752.771506265388
1791115079,1000,,Aggregated,373.800000,0.000000,97,140,180,250,4100,7100,11000,14000,27000,30000,31000,54882,24,97,1132.1671034000096,21.49369998369366,30517.227499978617,4753.650395393754
1791115080,1000,,Aggregated,374.700000,0.000000,97,140,180,250,4100,7100,11000,14000,27000,30000,31000,55210,24,97,1129.448713738445,21.49369998369366,30517.227499978617,4752.59273682304
1791115081,1000,,Aggregated,373.900000,0.000000,97,140,180,250,4100,7100,11000,14000,27000,30000,31000,55576,24,97,1124.786728758821,21.49369998369366,30517.227499978617,4754.661688498632
1791115082,1000,,Aggregated,372.900000,0.000000,97,140,180,250,4100,7100,11000,14000,27000,30000,31000,55913,24,97,1121.7499975569274,21.49369998369366,30517.227499978617,4755.055264428666
1791115083,1000,,Aggregated,372.000000,0.000000,97,140,180,250,4100,7000,11000,14000,27000,30000,31000,56279,24,97,1118.5907841361827,21.49369998369366,30517.227499978617,4754.70584054443
1791115084,1000,,Aggregated,369.900000,0.000000,97,140,180,250,4100,7000,11000,14000,27000,30000,31000,56671,24,97,1117.1545112861954,21.49369998369366,30517.227499978617,4753.0932222830015
1791115085,1000,,Aggregated,369.300000,0.000000,97,140,180,250,4100,7000,11000,14000,27000,30000,31000,57078,24,97,1115.6832441676268,21.49369998369366,30517.227499978617,4752.312975226882
1791115086,1000,,Aggregated,373.100000,0.000000,97,140,180,250,4100,7000,11000,14000,27000,30000,31000,57461,24,97,1112.1065711543288,21.49369998369366,30517.227499978617,4752.685073354101
1791115087,1000,,Aggregated,373.500000,0.000000,96,140,180,250,4100,7000,11000,14000,27000,30000,31000,57844,24,96,1108.4328283382708,21.49369998369366,30517.227499978617,4753.608654311597
1791115088,1000,,Aggregated,366.000000,0.000000,96,140,180,250,4000,7000,11000,14000,27000,30000,31000,58226,24,96,1106.4545948167313,21.49369998369366,30517.227499978617,4753.550836396112
1791115089,1000,,Aggregated,370.400000,0.000000,96,140,180,250,4000,6900,11000,14000,27000,30000,31000,58626,24,96,1103.9090094838205,21.49369998369366,30517.227499978617,4752.5765189506365
1791115090,1000,,Aggregated,367.500000,0.000000,96,140,180,250,4000,6900,11000,14000,27000,30000,31000,59023,24,96,1099.9319535960362,21.49369998369366,30517.227499978617,4753.6183860528945
1791115091,1000,,Aggregated,368.600000,0.000000,97,140,180,250,4000,6900,11000,14000,27000,30000,31000,59360,24,97,1096.1360389908812,21.49369998369366,30517.227499978617,4754.990229110512
1791115092,1000,,Aggregated,370.300000,0.000000,97,140,180,250,4000,6900,11000,14000,27000,30000,31000,59682,24,97,1092.4165632987867,21.49369998369366,30517.227499978617,4758.098874032372
1791115093,1000,,Aggregated,370.400000,0.000000,97,140,180,250,4000,6800,11000,14000,26000,30000,31000,60054,24,97,1089.704151370397,21.49369998369366,30517.227499978617,4757.5473740300395
1791115094,1000,,Aggregated,363.900000,0.000000,97,140,180,250,4000,6800,11000,14000,26000,30000,31000,60430,24,97,1090.7921279463496,21.49369998369366,30517.227499978617,4755.198643058084
1791115095,1000,,Aggregated,370.400000,0.000000,97,140,180,250,4000,6800,11000,14000,26000,30000,31000,60805,24,97,1088.7886765545284,21.49369998369366,30517.227499978617,4754.22165940301
1791115096,1000,,Aggregated,365.600000,0.000000,97,140,180,250,4000,6800,11000,14000,26000,30000,31000,61223,24,97,1087.7241633585209,21.49369998369366,30517.227499978617,4752.182447772896
1791115097,1000,,Aggregated,364.600000,0.000000,97,140,180,250,4000,6800,11000,14000,26000,30000,31000,61615,24,97,1085.1358149995801,21.49369998369366,30517.227499978617,4752.809608049988
1791115098,1000,,Aggregated,369.300000,0.000000,96,140,180,250,4000,6700,11000,14000,26000,30000,31000,61983,24,96,1081.9614025055218,21.49369998369366,30517.227499978617,4752.5999548263235
1791115099,1000,,Aggregated,368.900000,0.000000,96,140,180,250,4000,6700,11000,14000,26000,30000,31000,62404,24,96,1079.3108883004347,21.49369998369366,30517.227499978617,4751.943144670214
1791115100,1000,,Aggregated,368.800000,0.000000,96,140,180,250,4000,6700,11000,14000,26000,30000,31000,62757,24,96,1078.0244487610914,21.49369998369366,30517.227499978617,4750.799910766927
1791115101,1000,,Aggregated,369.000000,0.000000,97,140,180,250,4000,6700,11000,14000,25000,30000,31000,63143,24,97,1074.4471221592225,21.49369998369366,30517.227499978617,4752.199040273665
1791115102,1000,,Aggregated,372.000000,0.000000,97,140,180,240,4000,6600,11000,14000,25000,30000,31000,63482,24,97,1070.1612483207882,21.49369998369366,30517.227499978617,4754.190069626035
1791115103,1000,,Aggregated,373.600000,0.000000,97,140,180,240,3900,6600,11000,14000,25000,30000,31000,63825,24,97,1066.541312969849,21.49369998369366,30517.227499978617,4755.980853897376
1791115104,1000,,Aggregated,381.600000,0.000000,97,140,180,240,3900,6600,11000,14000,25000,30000,31000,64191,24,97,1064.4621329672404,21.49369998369366,30517.227499978617,4755.416802978611
1791115105,1000,,Aggregated,375.500000,0.000000,98,140,180,240,3900,6600,10000,14000,25000,30000,31000,64530,24,98,1061.8028618704518,21.49369998369366,30517.227499978617,4756.561552766156
1791115106,1000,,Aggregated,373.800000,0.000000,98,140,180,240,3900,6500,10000,14000,25000,30000,31000,64875,24,98,1059.1602750643574,21.49369998369366,30517.227499978617,4757.432046242775
1791115107,1000,,Aggregated,370.500000,0.000000,98,140,180,240,3900,6500,10000,14000,25000,30000,31000,65206,24,98,1058.2089090068494,21.49369998369366,30517.227499978617,4757.292074348987
1791115108,1000,,Aggregated,366.000000,0.000000,98,140,180,240,3900,6500,10000,13000,25000,30000,31000,65612,24,98,1057.5902563387901,21.49369998369366,30517.227499978617,4756.168871547888
1791115109,1000,,Aggregated,360.300000,0.000000,97,140,180,240,3900,6500,10000,13000,25000,30000,31000,65970,24,97,1058.2663111293252,21.49369998369366,30517.227499978617,4755.1316810671515
1791115110,1000,,Aggregated,360.600000,0.000000,97,130,180,240,3900,6500,10000,13000,25000,30000,31000,66304,24,97,1057.5140864156333,21.49369998369366,30517.227499978617,4754.246697031854
1791115111,1000,,Aggregated,359.300000,0.000000,98,130,180,240,3900,6500,10000,13000,25000,30000,31000,66686,24,98,1053.6412924977042,21.49369998369366,30517.227499978617,4756.249962510872
1791115112,1000,,Aggregated,352.300000,0.000000,98,130,180,240,3900,6500,10000,13000,25000,30000,31000,67012,24,98,1052.37234503972,21.49369998369366,30517.227499978617,4756.513863188683
1791115113,1000,,Aggregated,352.500000,0.000000,98,140,180,240,3900,6400,10000,13000,25000,30000,31000,67371,24,98,1051.6354996957352,21.49369998369366,30517.227499978617,4755.474150598922
1791115114,1000,,Aggregated,352.300000,0.000000,98,140,180,240,3900,6500,10000,13000,25000,30000,31000,67771,24,98,1054.0958286627167,21.49369998369366,30517.227499978617,4752.0977851883545
1791115115,1000,,Aggregated,351.900000,0.000000,98,130,180,240,3900,6500,10000,13000,25000,30000,31000,68167,24,98,1053.7023803174666,21.49369998369366,30517.227499978617,4750.94203940323
1791115116,1000,,Aggregated,353.100000,0.000000,97,130,180,240,3900,6400,10000,13000,25000,30000,31000,68568,24,97,1051.9089686457344,21.49369998369366,30517.227499978617,4750.578768521759
1791115117,1000,,Aggregated,359.400000,0.000000,97,130,180,240,3900,6400,10000,13000,25000,30000,31000,68977,24,97,1049.4321049291834,21.49369998369366,30517.227499978617,4749.915015149977
1791115118,1000,,Aggregated,362.300000,0.000000,97,130,180,240,3900,6400,10000,13000,25000,30000,31000,69395,24,97,1047.1585987751298,21.49369998369366,30517.227499978617,4749.467022119749
1791115119,1000,,Aggregated,369.400000,0.000000,97,130,180,240,3900,6400,10000,13000,25000,30000,31000,69807,24,97,1044.5862777572488,21.49369998369366,30517.227499978617,4748.821207042273
1791115120,1000,,Aggregated,370.900000,0.000000,97,130,180,240,3900,6400,10000,13000,25000,30000,31000,70191,24,97,1041.883521214974,21.49369998369366,30517.227499978617,4750.234773688934
1791115121,1000,,Aggregated,374.800000,0.000000,97,130,180,240,3900,6300,10000,13000,25000,30000,31000,70573,24,97,1038.0537214657177,21.49369998369366,30517.227499978617,4752.502047525258
1791115122,1000,,Aggregated,379.400000,0.000000,98,130,180,230,3900,6300,10000,13000,25000,30000,31000,70912,24,98,1034.491640059512,21.49369998369366,30517.227499978617,4753.74418998195
1791115123,1000,,Aggregated,381.300000,0.000000,98,130,180,230,3800,6300,10000,13000,25000,30000,31000,71323,24,98,1032.007083238219,21.49369998369366,30517.227499978617,4754.4581691740395
1791115124,1000,,Aggregated,382.700000,0.000000,98,130,180,230,3800,6300,10000,13000,25000,30000,31000,71741,24,98,1030.5267737625456,21.49369998369366,30517.227499978617,4753.7456545071855
1791115125,1000,,Aggregated,383.500000,0.000000,97,130,180,230,3800,6200,10000,13000,25000,30000,31000,72162,24,97,1029.0379997256014,21.49369998369366,30517.227499978617,4752.133754607688
1791115126,1000,,Aggregated,389.100000,0.000000,97,130,180,230,3800,6200,10000,13000,25000,30000,31000,72564,24,97,1026.6745808679093,21.49369998369366,30517.227499978617,4751.928063502563
1791115127,1000,,Aggregated,389.200000,0.000000,97,130,170,230,3800,6200,10000,13000,25000,30000,31000,72992,24,97,1024.0580232093828,21.49369998369366,30517.227499978617,4750.369944651468
1791115129,1000,,Aggregated,391.300000,0.000000,97,130,170,230,3800,6200,10000,13000,24000,30000,31000,73459,24,97,1021.8763905607099,21.49369998369366,30517.227499978617,4751.136879075402
1791115130,1000,,Aggregated,394.000000,0.000000,97,130,170,230,3800,6100,10000,13000,24000,30000,31000,73886,24,97,1018.5599070933338,21.49369998369366,30517.227499978617,4751.358850120456
1791115131,1000,,Aggregated,395.900000,0.000000,97,130,170,230,3800,6100,10000,13000,24000,30000,31000,74246,24,97,1014.7966323155285,21.49369998369366,30517.227499978617,4752.887105029227
1791115132,1000,,Aggregated,398.300000,0.000000,98,130,180,230,3800,6100,10000,13000,24000,30000,31000,74565,24,98,1011.8590828847222,21.49369998369366,30517.227499978617,4754.838744719373
1791115133,1000,,Aggregated,397.800000,0.000000,98,140,180,230,3800,6100,10000,13000,24000,30000,31000,74959,24,98,1009.4061616883862,21.49369998369366,30517.227499978617,4755.198161661709
1791115134,1000,,Aggregated,391.700000,0.000000,98,130,180,230,3800,6000,10000,13000,24000,30000,31000,75336,24,98,1007.7022558617344,21.49369998369366,30517.227499978617,4754.474859297016
1791115135,1000,,Aggregated,392.700000,0.000000,97,130,180,230,3800,6000,10000,13000,24000,30000,31000,75738,24,97,1005.761426549425,21.49369998369366,30517.227499978617,4753.184517679369
1791115136,1000,,Aggregated,392.100000,0.000000,97,130,170,230,3800,6000,10000,13000,24000,30000,31000,76119,24,97,1004.6141350319919,21.49369998369366,30517.227499978617,4752.222887846661
1791115137,1000,,Aggregated,391.300000,0.000000,97,130,170,230,3800,6000,10000,13000,24000,30000,31000,76551,24,97,1002.3616192629746,21.49369998369366,30517.227499978617,4752.152969915481
1791115138,1000,,Aggregated,389.700000,0.000000,97,130,170,230,3800,6000,9900,13000,24000,30000,31000,76962,24,97,1000.0845138042127,21.49369998369366,30517.227499978617,4751.157779163743
1791115139,1000,,Aggregated,388.400000,0.000000,97,130,170,230,3700,6000,9900,13000,24000,30000,31000,77374,24,97,998.1909382298965,21.49369998369366,30517.227499978617,4751.671608033706
1791115140,1000,,Aggregated,388.900000,0.000000,97,130,170,230,3700,6000,9900,13000,24000,30000,31000,77753,24,97,995.6541288824864,21.49369998369366,30517.227499978617,4751.974946304323
1791115141,1000,,Aggregated,383.600000,0.000000,97,130,170,230,3700,5900,9900,13000,24000,30000,31000,78146,24,97,992.2738182312494,21.49369998369366,30517.227499978617,4753.824162465129
1791115142,1000,,Aggregated,382.000000,0.000000,98,130,170,230,3700,5900,9800,13000,24000,30000,31000,78489,24,98,989.905401946762,21.49369998369366,30517.227499978617,4754.785740677037
1791115143,1000,,Aggregated,381.100000,0.000000,98,130,170,230,3700,5900,9800,13000,24000,30000,31000,78867,24,98,986.9928849721763,21.49369998369366,30517.227499978617,4755.8853132488875
1791115144,1000,,Aggregated,386.200000,0.000000,98,130,170,230,3700,5900,9800,13000,24000,30000,31000,79190,24,98,986.3334870779171,21.49369998369366,30517.227499978617,4755.476247000884
1791115145,1000,,Aggregated,386.000000,0.000000,98,130,170,230,3700,5900,9800,13000,24000,30000,31000,79634,24,98,985.2549515433072,21.49369998369366,30517.227499978617,4754.9005952231455
1791115146,1000,,Aggregated,383.100000,0.000000,98,130,170,230,3700,5900,9700,13000,24000,30000,31000,80020,24,98,984.348672555608,21.49369998369366,30517.227499978617,4754.592051987003
1791115147,1000,,Aggregated,380.700000,0.000000,97,130,170,230,3700,5900,9700,13000,24000,30000,31000,80418,24,97,984.04271822229,21.49369998369366,30517.227499978617,4752.92867268522
1791115148,1000,,Aggregated,380.400000,0.000000,97,130,170,230,3700,5900,9700,13000,24000,30000,31000,80811,24,97,982.4947640841054,21.49369998369366,30517.227499978617,4752.616413607058
1791115149,1000,,Aggregated,381.600000,0.000000,97,130,170,220,3700,5900,9700,13000,24000,30000,31000,81196,24,97,979.732369105625,21.49369998369366,30517.227499978617,4753.411128627026
1791115150,1000,,Aggregated,378.900000,0.000000,97,130,170,230,3600,5900,9700,13000,24000,30000,31000,81507,24,97,978.7685624596663,21.49369998369366,30517.227499978617,4752.475272062522
1791115151,1000,,Aggregated,378.100000,0.000000,98,130,170,220,3600,5800,9600,13000,24000,30000,31000,81912,24,98,976.0355480613301,21.49369998369366,30517.227499978617,4754.222873327473
1791115152,1000,,Aggregated,374.100000,0.000000,98,130,170,220,3600,5800,9600,13000,24000,30000,31000,82263,24,98,973.8353692765779,21.49369998369366,30517.227499978617,4754.458808942051
1791115153,1000,,Aggregated,375.500000,0.000000,98,130,170,220,3600,5800,9600,13000,24000,30000,31000,82639,24,98,972.4598158762741,21.49369998369366,30517.227499978617,4755.021975096504
1791115154,1000,,Aggregated,373.700000,0.000000,98,130,170,220,3600,5800,9500,13000,24000,30000,31000,83010,24,98,971.8686938224241,21.49369998369366,30517.227499978617,4754.575496928081
1791115155,1000,,Aggregated,374.600000,0.000000,98,130,170,220,3600,5800,9500,13000,24000,30000,31000,83415,24,98,971.4046819193115,21.49369998369366,30517.227499978617,4754.152478571001
1791115156,1000,,Aggregated,375.600000,0.000000,98,130,170,220,3600,5800,9500,13000,24000,30000,31000,83835,24,98,970.7150958036608,21.49369998369366,30517.227499978617,4753.5601240532
1791115157,1000,,Aggregated,375.300000,0.000000,97,130,170,220,3600,5800,9400,12000,24000,30000,31000,84224,24,97,968.7192972786813,21.49369998369366,30517.227499978617,4753.324005034195
1791115158,1000,,Aggregated,376.600000,0.000000,97,130,170,220,3600,5800,9400,12000,24000,30000,31000,84600,24,97,966.496415458624,21.49369998369366,30517.227499978617,4753.018699763594
1791115159,1000,,Aggregated,376.700000,0.000000,97,130,170,220,3500,5800,9300,12000,24000,30000,31000,85050,24,97,963.9820228841808,21.49369998369366,30517.227499978617,4754.041857730746
1791115160,1000,,Aggregated,378.300000,0.000000,97,130,170,220,3500,5800,9300,12000,24000,30000,31000,85425,24,97,962.9454687702686,21.49369998369366,30517.227499978617,4753.585847234416
1791115161,1000,,Aggregated,378.600000,0.000000,98,130,170,220,3500,5800,9300,12000,24000,30000,31000,85790,24,98,960.4552610106147,21.49369998369366,30517.227499978617,4754.686478610561
1791115162,1000,,Aggregated,383.100000,0.000000,98,130,170,220,3500,5700,9300,12000,24000,30000,31000,86151,24,98,957.7539630497699,21.49369998369366,30517.227499978617,4755.837274088519
1791115163,1000,,Aggregated,382.000000,0.000000,98,130,170,220,3400,5700,9300,12000,24000,30000,31000,86513,24,98,955.8281454775718,21.49369998369366,30517.227499978617,4756.6611376324945
1791115164,1000,,Aggregated,383.800000,0.000000,98,130,170,220,3400,5700,9300,12000,24000,30000,31000,86856,24,98,954.2694148752099,21.49369998369366,30517.227499978617,4756.682336280741
1791115165,1000,,Aggregated,384.300000,0.000000,98,130,170,220,3400,5700,9200,12000,24000,30000,31000,87155,24,98,953.6322527244726,21.49369998369366,30517.227499978617,4756.289587516493
1791115166,1000,,Aggregated,380.900000,0.000000,98,130,170,220,3400,5700,9200,12000,24000,30000,31000,87514,24,98,951.7976230374777,21.49369998369366,30517.227499978617,4757.611902095665
1791115167,1000,,Aggregated,379.900000,0.000000,98,130,170,220,3400,5700,9200,12000,24000,30000,31000,87871,24,98,951.2139746207738,21.49369998369366,30517.227499978617,4757.835429208726
1791115168,1000,,Aggregated,370.000000,0.000000,98,130,170,220,3400,5700,9200,12000,24000,30000,31000,88236,24,98,952.8855773527984,21.49369998369366,30517.227499978617,4756.571886758239
1791115169,1000,,Aggregated,362.100000,0.000000,98,130,170,220,3400,5700,9200,12000,24000,30000,31000,88585,24,98,954.5607045312632,21.49369998369366,30517.227499978617,4754.937224135012
1791115170,1000,,Aggregated,355.700000,0.000000,98,130,170,220,3400,5800,9200,12000,24000,30000,31000,88940,24,98,954.8781045244247,21.49369998369366,30517.227499978617,4754.249066786598
1791115171,1000,,Aggregated,350.300000,0.000000,99,130,170,220,3400,5700,9200,12000,24000,30000,31000,89265,24,99,952.9923812334293,21.49369998369366,30517.227499978617,4755.425990029687
1791115172,1000,,Aggregated,347.800000,0.000000,99,130,170,220,3400,5700,9200,12000,24000,30000,31000,89646,24,99,951.9600810543953,21.49369998369366,30517.227499978617,4755.438692189277
1791115173,1000,,Aggregated,341.700000,0.000000,99,130,170,220,3400,5700,9200,12000,23000,30000,31000,90019,24,99,951.3556135971452,21.49369998369366,30517.227499978617,4754.722258634289
1791115174,1000,,Aggregated,343.500000,0.000000,98,130,170,220,3400,5700,9200,12000,23000,30000,31000,90415,24,98,951.9454625703867,21.49369998369366,30517.227499978617,4753.446308687718
1791115175,1000,,Aggregated,342.200000,0.000000,99,130,170,220,3400,5700,9200,12000,23000,30000,31000,90791,24,99,950.6511532464804,21.49369998369366,30517.227499978617,4753.1809320307075
1791115176,1000,,Aggregated,344.600000,0.000000,98,130,170,220,3400,5700,9200,12000,23000,30000,31000,91185,24,98,950.6998139792823,21.49369998369366,30517.227499978617,4752.215210835116
1791115177,1000,,Aggregated,348.400000,0.000000,98,130,170,220,3400,5700,9200,12000,23000,30000,31000,91633,24,98,949.4048036799178,21.49369998369366,30517.227499978617,4751.302336494495
1791115178,1000,,Aggregated,358.000000,0.000000,98,130,170,220,3400,5700,9200,12000,23000,30000,31000,92039,24,98,948.3813039918025,21.49369998369366,30517.227499978617,4751.01085409446
1791115179,1000,,Aggregated,365.800000,0.000000,98,130,170,220,3300,5700,9100,12000,23000,30000,31000,92470,24,98,946.5247647150503,21.49369998369366,30517.227499978617,4750.785487185033
1791115180,1000,,Aggregated,373.800000,0.000000,98,130,170,220,3300,5700,9100,12000,23000,30000,31000,92850,24,98,944.4482132030352,21.49369998369366,30517.227499978617,4751.258535271944
1791115181,1000,,Aggregated,381.400000,0.000000,98,130,170,220,3300,5700,9100,12000,23000,30000,31000,93210,24,98,942.06198729215,21.49369998369366,30517.227499978617,4752.058620319708
1791115182,1000,,Aggregated,384.400000,0.000000,98,130,170,220,3300,5600,9100,12000,23000,30000,31000,93581,24,98,939.4660633985671,21.49369998369366,30517.227499978617,4752.858678577916
1791115183,1000,,Aggregated,392.500000,0.000000,98,130,170,220,3300,5600,9100,12000,23000,30000,31000,93966,24,98,938.1088584732909,21.49369998369366,30517.227499978617,4752.864961794692
1791115184,1000,,Aggregated,389.300000,0.000000,98,130,170,220,3300,5600,9100,12000,23000,30000,31000,94334,24,98,937.1203047808986,21.49369998369366,30517.227499978617,4751.852948035703
1791115185,1000,,Aggregated,391.100000,0.000000,98,130,170,220,3300,5600,9100,12000,23000,30000,31000,94717,24,98,935.9469181699247,21.49369998369366,30517.227499978617,4752.714148463317
1791115186,1000,,Aggregated,392.100000,0.000000,98,130,170,220,3200,5600,9000,12000,23000,30000,31000,95097,24,98,934.2071350231927,21.49369998369366,30517.227499978617,4753.605129499353
1791115187,1000,,Aggregated,389.900000,0.000000,99,130,170,220,3200,5600,9000,12000,23000,30000,31000,95450,24,99,933.7254114216923,21.49369998369366,30517.227499978617,4753.748444211629
1791115188,1000,,Aggregated,390.600000,0.000000,99,130,170,220,3200,5600,9000,12000,23000,30000,31000,95827,24,99,932.3418304788926,21.49369998369366,30517.227499978617,4754.789046928318
1791115189,1000,,Aggregated,384.500000,0.000000,99,130,170,220,3200,5600,9000,12000,23000,30000,31000,96223,24,99,932.2233986718409,21.49369998369366,30517.227499978617,4754.282323353044
1791115190,1000,,Aggregated,378.400000,0.000000,99,130,170,220,3200,5600,9000,12000,23000,30000,31000,96599,24,99,930.7825892711166,21.49369998369366,30517.227499978617,4754.387809397613
1791115191,1000,,Aggregated,372.800000,0.000000,99,130,170,220,3200,5600,9000,12000,23000,30000,31000,96944,24,99,928.8690980091661,21.49369998369366,30517.227499978617,4755.05879683116
1791115192,1000,,Aggregated,372.300000,0.000000,99,130,170,220,3200,5600,9000,12000,23000,30000,31000,97297,24,99,927.5239467948687,21.49369998369366,30517.227499978617,4755.20120867036
1791115193,1000,,Aggregated,372.100000,0.000000,99,130,170,220,3200,5600,9000,12000,23000,30000,31000,97662,24,99,926.9052448813301,21.49369998369366,30517.227499978617,4754.823831172821
1791115194,1000,,Aggregated,370.500000,0.000000,99,130,170,220,3200,5600,9000,12000,23000,30000,31000,97997,24,99,925.2782442125873,21.49369998369366,30517.227499978617,4755.753390409911
1791115195,1000,,Aggregated,370.700000,0.000000,99,130,170,220,3200,5600,9000,12000,22000,30000,31000,98338,24,99,924.5492791423598,21.49369998369366,30517.227499978617,4755.474343590474
1791115196,1000,,Aggregated,367.200000,0.000000,99,130,170,220,3200,5500,9000,12000,22000,30000,31000,98679,24,99,924.7861699196488,21.49369998369366,30517.227499978617,4754.981495556299
1791115197,1000,,Aggregated,364.100000,0.000000,99,130,170,220,3200,5600,9000,12000,22000,30000,31000,99033,24,99,924.5506723031822,21.49369998369366,30517.227499978617,4754.605798067311
1791115198,1000,,Aggregated,356.600000,0.000000,99,130,170,220,3200,5600,9000,12000,22000,30000,31000,99450,24,99,926.0689974278575,21.49369998369366,30517.227499978617,4753.485037707391
1791115199,1000,,Aggregated,355.500000,0.000000,99,130,170,210,3200,5600,9000,12000,22000,30000,31000,99805,24,99,925.0817049546635,21.49369998369366,30517.227499978617,4753.78149391313
1791115200,1000,,Aggregated,355.300000,0.000000,99,130,170,210,3200,5600,9000,12000,22000,30000,31000,100148,24,99,925.5652700223703,21.49369998369366,30517.227499978617,4753.307345129208
1791115201,1000,,Aggregated,359.300000,0.000000,99,130,170,210,3200,5500,9000,12000,22000,30000,31000,100525,24,99,923.3968573220603,21.49369998369366,30517.227499978617,4754.220770952499
1791115202,1000,,Aggregated,356.300000,0.000000,99,130,170,210,3100,5500,9000,12000,22000,30000,31000,100830,24,99,921.9247674868556,21.49369998369366,30517.227499978617,4755.336526827333
1791115203,1000,,Aggregated,350.800000,0.000000,99,130,170,210,3100,5500,9000,12000,22000,30000,31000,101238,24,99,921.3761094322242,21.49369998369366,30517.227499978617,4755.581915881388
1791115204,1000,,Aggregated,355.300000,0.000000,99,130,170,210,3100,5500,9000,12000,22000,30000,31000,101614,24,99,923.140876229645,21.49369998369366,30517.227499978617,4754.079959454406
1791115205,1000,,Aggregated,350.400000,0.000000,99,130,170,210,3100,5500,9000,12000,22000,30000,31000,101988,24,99,923.4706061644446,21.49369998369366,30517.227499978617,4753.548103698475
1791115206,1000,,Aggregated,355.600000,0.000000,99,130,170,210,3100,5500,9000,12000,22000,30000,31000,102351,24,99,924.2382481871197,21.49369998369366,30517.227499978617,4751.762806421041
1791115207,1000,,Aggregated,358.900000,0.000000,99,130,170,210,3100,5500,9000,12000,22000,30000,31000,102820,24,99,923.0428003588758,21.49369998369366,30517.227499978617,4751.969684886209
1791115208,1000,,Aggregated,362.100000,0.000000,99,130,170,210,3100,5500,9000,12000,22000,30000,31000,103229,24,99,921.4595964341287,21.49369998369366,30517.227499978617,4751.356440535121
1791115209,1000,,Aggregated,366.400000,0.000000,99,130,170,210,3100,5500,8900,12000,22000,30000,31000,103642,24,99,920.1249273026311,21.49369998369366,30517.227499978617,4751.10064452635
1791115210,1000,,Aggregated,376.300000,0.000000,99,130,170,210,3100,5500,8900,12000,22000,30000,31000,104002,24,99,918.1002344897116,21.49369998369366,30517.227499978617,4752.301542278033
1791115211,1000,,Aggregated,378.700000,0.000000,99,130,170,220,3100,5500,8900,12000,22000,30000,31000,104342,24,99,916.0742763824546,21.49369998369366,30517.227499978617,4754.507897107588
1791115212,1000,,Aggregated,381.100000,0.000000,99,130,170,220,3100,5500,8900,12000,22000,30000,31000,104683,24,99,914.464435670522,21.49369998369366,30517.227499978617,4755.652923588357
1791115213,1000,,Aggregated,384.300000,0.000000,99,130,170,220,3100,5500,8900,12000,22000,30000,31000,105042,24,99,913.593053172991,21.49369998369366,30517.227499978617,4755.309885569582
1791115214,1000,,Aggregated,380.500000,0.000000,99,130,170,220,3100,5400,8900,12000,22000,30000,31000,105402,24,99,911.9299870059136,21.49369998369366,30517.227499978617,4755.4840135860795
1791115215,1000,,Aggregated,382.800000,0.000000,100,130,170,220,3100,5400,8900,12000,22000,30000,31000,105760,24,100,911.424684454398,21.49369998369366,30517.227499978617,4755.502562405446
1791115217,1000,,Aggregated,377.700000,0.000000,100,130,170,220,3100,5400,8900,12000,22000,30000,31000,106154,24,99,911.6000261158044,21.49369998369366,30517.227499978617,4754.9323341560375
1791115218,1000,,Aggregated,376.200000,0.000000,99,130,170,220,3100,5400,8900,12000,22000,30000,31000,106545,24,99,911.960469709484,21.49369998369366,30517.227499978617,4754.037326951054
1791115219,1000,,Aggregated,376.800000,0.000000,99,130,170,220,3100,5400,8900,12000,22000,30000,31000,106942,24,99,911.7180672700853,21.49369998369366,30517.227499978617,4753.05126143143
1791115220,1000,,Aggregated,369.700000,0.000000,99,130,170,220,3100,5400,8900,12000,22000,30000,31000,107353,24,99,910.6653584259199,21.49369998369366,30517.227499978617,4752.193119894181
1791115221,1000,,Aggregated,367.500000,0.000000,99,130,170,210,3100,5400,8900,12000,22000,30000,31000,107735,24,99,909.1433092857318,21.49369998369366,30517.227499978617,4752.47095187265
1791115222,1000,,Aggregated,367.700000,0.000000,99,130,170,210,3000,5400,8900,12000,22000,30000,31000,108112,24,99,907.3865877349293,21.49369998369366,30517.227499978617,4753.4422358295105
1791115223,1000,,Aggregated,371.100000,0.000000,100,130,170,210,3000,5400,8900,12000,22000,30000,31000,108474,24,100,905.7703270829737,21.49369998369366,30517.227499978617,4754.731050758707
1791115224,1000,,Aggregated,373.400000,0.000000,100,130,170,210,3000,5400,8900,12000,22000,30000,31000,108838,24,100,903.8959322598561,21.49369998369366,30517.227499978617,4756.190457377019
1791115225,1000,,Aggregated,375.500000,0.000000,100,130,170,220,3000,5400,8900,12000,22000,30000,31000,109106,24,100,904.0937810450246,21.49369998369366,30517.227499978617,4756.252295932396
1791115226,1000,,Aggregated,375.800000,0.000000,100,130,170,220,3000,5400,8900,12000,22000,30000,31000,109467,24,100,902.331480351143,21.49369998369366,30517.227499978617,4758.13344660948
1791115227,1000,,Aggregated,365.500000,0.000000,100,130,170,220,3000,5400,8900,12000,22000,30000,31000,109759,24,100,900.9356596142393,21.49369998369366,30517.227499978617,4759.106014085405
1791115228,1000,,Aggregated,366.900000,0.000000,100,130,170,220,3000,5400,8900,12000,22000,30000,31000,110048,24,100,900.1445437263684,21.49369998369366,30517.227499978617,4760.21226192207
1791115229,1000,,Aggregated,356.200000,0.000000,100,130,170,220,3000,5400,8800,12000,22000,30000,31000,110377,24,100,900.756452433021,21.49369998369366,30517.227499978617,4759.3764642996275
1791115230,1000,,Aggregated,345.200000,0.000000,100,130,170,220,3000,5400,8800,12000,22000,30000,31000,110682,24,100,901.631472291783,21.49369998369366,30600.083300028928,4759.051191702354
1791115231,1000,,Aggregated,339.400000,0.000000,100,130,170,220,3000,5400,8900,12000,22000,30000,31000,111044,24,100,902.9000740535214,21.49369998369366,30600.083300028928,4758.109695255935
1791115232,1000,,Aggregated,328.000000,0.000000,100,130,170,220,3100,5400,8900,12000,22000,30000,31000,111335,24,100,904.6938445107023,21.49369998369366,30600.083300028928,4757.159491624377
1791115233,1000,,Aggregated,323.700000,0.000000,100,130,170,220,3100,5400,8900,12000,22000,30000,31000,111669,24,100,904.5928920380676,21.49369998369366,30600.083300028928,4756.894670857624
1791115234,1000,,Aggregated,318.700000,0.000000,100,130,170,220,3100,5400,8900,12000,22000,30000,31000,112028,24,100,904.3331355509184,21.49369998369366,30600.083300028928,4756.54110579498
1791115235,1000,,Aggregated,316.000000,0.000000,100,130,170,220,3100,5400,8900,12000,22000,30000,31000,112350,24,100,903.835152105014,21.49369998369366,30600.083300028928,4756.955015576324
1791115236,1000,,Aggregated,314.700000,0.000000,100,130,170,220,3100,5400,8900,12000,22000,30000,31000,112662,24,100,903.8329417247953,21.49369998369366,30600.083300028928,4756.703475883616
1791115237,1000,,Aggregated,320.600000,0.000000,100,130,170,220,3100,5400,8900,12000,22000,30000,31000,112985,24,100,903.2081415258567,21.49369998369366,30600.083300028928,4757.666336239324
1791115238,1000,,Aggregated,317.800000,0.000000,100,130,170,220,3100,5400,8900,12000,22000,30000,31000,113348,24,100,906.6355086291704,21.49369998369366,30600.083300028928,4755.925389067297
1791115239,1000,,Aggregated,317.300000,0.000000,100,130,170,220,3100,5400,8900,12000,22000,30000,31000,113705,24,100,908.1097274367835,21.49369998369366,30600.083300028928,4755.075625522185
1791115240,1000,,Aggregated,326.100000,0.000000,100,130,170,220,3100,5500,8900,12000,22000,30000,31000,114046,24,100,908.5429179033017,21.49369998369366,30600.083300028928,4754.8325237185
1791115241,1000,,Aggregated,328.500000,0.000000,100,130,170,220,3100,5500,8900,12000,22000,30000,31000,114405,24,100,908.6550789615864,21.49369998369366,30600.083300028928,4754.474428565185
1791115242,1000,,Aggregated,333.600000,0.000000,100,130,170,220,3100,5500,8900,12000,22000,30000,31000,114717,24,100,907.4787234185006,21.49369998369366,30600.083300028928,4755.440126572347
1791115243,1000,,Aggregated,336.300000,0.000000,100,130,170,220,3100,5400,8900,12000,22000,30000,31000,115074,24,100,906.1139875575795,21.49369998369366,30600.083300028928,4755.563237568868
1791115244,1000,,Aggregated,335.500000,0.000000,100,130,170,220,3100,5400,8900,12000,22000,30000,31000,115409,24,100,905.9517138923401,21.49369998369366,30600.083300028928,4755.471774298365
1791115245,1000,,Aggregated,336.200000,0.000000,100,130,170,220,3100,5400,8900,12000,22000,30000,31000,115733,24,100,905.5162332092069,21.49369998369366,30600.083300028928,4755.724253238057
1791115246,1000,,Aggregated,335.000000,0.000000,100,130,170,220,3100,5500,8900,12000,22000,30000,31000,116029,24,100,907.248418802215,21.49369998369366,30600.083300028928,4754.89936998509
1791115247,1000,,Aggregated,336.600000,0.000000,100,130,170,220,3100,5500,8900,12000,22000,30000,31000,116429,24,100,906.8921960766019,21.49369998369366,30600.083300028928,4755.854374769173
1791115248,1000,,Aggregated,335.200000,0.000000,100,130,170,220,3100,5500,8900,12000,22000,30000,31000,116814,24,100,908.7415904960232,21.49369998369366,30600.083300028928,4755.269565291832
1791115249,1000,,Aggregated,341.300000,0.000000,100,130,170,220,3100,5500,8900,12000,22000,30000,31000,117139,25,100,910.3568020719119,21.49369998369366,30600.083300028928,4754.052766371576
1791115250,1000,,Aggregated,342.500000,0.000000,100,130,170,220,3100,5500,8900,12000,22000,30000,31000,117561,25,100,911.5475686341729,21.49369998369366,30600.083300028928,4753.2851625964395
1791115251,1000,,Aggregated,345.000000,0.000000,100,140,170,220,3100,5500,8900,12000,22000,30000,31000,117885,25,100,909.8984197777692,21.49369998369366,30600.083300028928,4754.8867794884845
1791115252,1000,,Aggregated,349.700000,0.100000,100,140,170,220,3100,5500,8900,12000,22000,30000,31000,118255,25,100,908.3070838856909,21.49369998369366,30600.083300028928,4755.492266711767
1791115253,1000,,Aggregated,342.500000,0.100000,100,140,170,220,3100,5500,8900,12000,22000,30000,31000,118598,25,100,908.2093158957377,21.49369998369366,30600.083300028928,4755.2176596569925
1791115254,1000,,Aggregated,347.800000,0.100000,100,140,170,220,3100,5500,8900,12000,22000,30000,31000,118988,25,100,907.371033052094,21.49369998369366,30600.083300028928,4756.058316805056
1791115255,1000,,Aggregated,351.400000,0.100000,100,140,170,220,3100,5500,8900,12000,22000,30000,31000,119346,25,100,909.6786911576694,21.49369998369366,30600.083300028928,4754.070743887521
1791115256,1000,,Aggregated,337.500000,0.100000,100,140,170,220,3100,5500,8900,12000,22000,30000,31000,119730,25,100,909.2777601319852,21.49369998369366,30600.083300028928,4753.078593502047
1791115257,1000,,Aggregated,354.500000,0.100000,100,140,170,220,3100,5500,8900,12000,22000,30000,31000,120144,25,100,909.6824663304257,21.49369998369366,30600.083300028928,4752.238105939539
1791115258,1000,,Aggregated,358.700000,0.100000,100,140,170,220,3100,5500,8900,12000,22000,30000,31000,120575,25,100,909.093012977009,21.49369998369366,30600.083300028928,4752.086668048933
1791115259,1000,,Aggregated,363.200000,0.100000,100,140,170,220,3100,5500,8900,12000,22000,30000,31000,121006,25,100,908.357832649638,21.49369998369366,30600.083300028928,4751.549542997868
1791115260,1000,,Aggregated,363.700000,0.100000,100,140,170,220,3100,5500,8900,12000,22000,30000,31000,121342,25,100,907.678915717572,21.49369998369366,30600.083300028928,4751.30453593974
1791115261,1000,,Aggregated,370.300000,0.100000,100,140,170,220,3100,5500,8900,12000,22000,30000,31000,121751,25,100,905.5885173148604,21.49369998369366,30600.083300028928,4753.261073831016
1791115262,1000,,Aggregated,371.900000,0.000000,100,140,170,220,3000,5400,8900,12000,22000,30000,31000,122166,25,100,904.1829587929668,21.49369998369366,30600.083300028928,4753.159045888381
1791115263,1000,,Aggregated,376.400000,0.000000,100,140,170,220,3000,5400,8900,12000,22000,30000,31000,122546,25,100,903.012248044832,21.49369998369366,30600.083300028928,4752.956228681474
1791115264,1000,,Aggregated,380.600000,0.000000,100,140,170,220,3000,5400,8900,12000,22000,30000,31000,122918,25,100,901.1043097007965,21.49369998369366,30600.083300028928,4753.825119185148
1791115265,1000,,Aggregated,384.600000,0.000000,100,140,170,220,3000,5400,8900,12000,22000,30000,31000,123185,25,100,900.610709559626,21.49369998369366,30600.083300028928,4754.487145350489
1791115266,1000,,Aggregated,400.700000,0.000000,100,140,170,220,3000,5400,8900,12000,22000,30000,31000,123559,25,100,898.8050962301623,21.49369998369366,30600.083300028928,4756.305886256768
1791115267,1000,,Aggregated,381.700000,0.000000,100,140,170,220,3000,5400,8900,12000,22000,30000,31000,123921,25,100,900.2295328806467,21.49369998369366,30600.083300028928,4754.2703980761935
1791115268,1000,,Aggregated,368.600000,0.000000,100,140,170,220,3000,5400,8900,12000,22000,30000,31000,124317,25,100,900.1530899700138,21.49369998369366,30600.083300028928,4753.174095256481
1791115269,1000,,Aggregated,371.000000,0.000000,100,140,170,220,3000,5400,8900,12000,22000,30000,31000,124704,25,100,899.7665099956863,21.49369998369366,30600.083300028928,4753.151093790095
1791115270,1000,,Aggregated,370.100000,0.000000,100,140,170,220,3000,5400,8900,12000,22000,30000,31000,125087,25,100,899.2769909679034,21.49369998369366,30600.083300028928,4752.790961490802
1791115271,1000,,Aggregated,366.900000,0.000000,100,140,170,220,3000,5400,8900,12000,22000,30000,31000,125460,25,100,897.8997256400637,21.49369998369366,30600.083300028928,4753.5034672405545
1791115272,1000,,Aggregated,362.700000,0.000000,100,140,170,220,3000,5400,8900,12000,22000,30000,31000,125818,25,100,896.6198025258948,21.49369998369366,30600.083300028928,4754.101646823189
1791115273,1000,,Aggregated,362.600000,0.000000,100,140,170,220,3000,5400,8900,12000,22000,30000,31000,126169,25,100,896.0598952294349,21.49369998369366,30600.083300028928,4754.136372643043
1791115274,1000,,Aggregated,360.100000,0.000000,100,140,170,220,3000,5400,8900,12000,22000,30000,31000,126553,25,100,895.8297138622045,21.49369998369366,30600.083300028928,4754.171540777382
1791115275,1000,,Aggregated,354.100000,0.000000,100,140,170,220,3000,5400,8900,12000,22000,30000,31000,126919,25,100,895.3125948282233,21.49369998369366,30600.083300028928,4754.261883563533
1791115276,1000,,Aggregated,353.200000,0.000000,100,140,170,220,3000,5400,8900,12000,22000,30000,31000,127299,25,100,894.5680458527007,21.49369998369366,30600.083300028928,4754.531928766133
1791115277,1000,,Aggregated,358.700000,0.000000,100,140,170,220,3000,5400,8900,12000,22000,30000,31000,127655,25,100,893.7144088527859,21.49369998369366,30600.083300028928,4754.932239238573
1791115278,1000,,Aggregated,372.000000,0.000000,100,140,170,220,3000,5400,8900,12000,22000,30000,31000,127990,25,100,892.649107533418,21.49369998369366,30600.083300028928,4755.438846784905
1791115279,1000,,Aggregated,367.500000,0.000000,100,140,170,220,3000,5400,8900,12000,22000,30000,31000,128425,25,100,894.1175980821693,21.49369998369366,30600.083300028928,4754.35728246058
1791115280,1000,,Aggregated,365.300000,0.000000,100,140,170,220,3000,5400,8900,12000,22000,30000,31000,128740,25,100,893.6094060797151,21.49369998369366,30600.083300028928,4754.655017865465
1791115281,1000,,Aggregated,358.400000,0.000000,100,140,170,220,3000,5400,8800,12000,22000,30000,31000,129121,25,100,892.5807816133816,21.49369998369366,30600.083300028928,4755.263450561876
1791115282,1000,,Aggregated,364.100000,0.000000,100,140,170,220,3000,5400,8800,12000,22000,30000,31000,129460,25,100,892.4170354310322,21.49369998369366,30600.083300028928,4755.709555074926
1791115283,1000,,Aggregated,360.100000,0.000000,100,140,170,220,3000,5400,8900,12000,22000,30000,31000,129750,25,100,893.1234966289127,21.49369998369366,30600.083300028928,4755.028223506743
1791115285,1000,,Aggregated,359.800000,0.000000,100,140,170,220,3000,5400,8800,12000,22000,30000,31000,130173,25,100,891.8748961220941,21.49369998369366,30600.083300028928,4756.276339947608
1791115286,1000,,Aggregated,353.200000,0.000000,100,140,170,220,3000,5400,8800,12000,22000,30000,31000,130492,25,100,892.174713829213,21.49369998369366,30600.083300028928,4755.531082365203
1791115287,1000,,Aggregated,358.400000,0.000000,100,140,170,220,3000,5400,8800,12000,22000,30000,31000,130865,25,100,891.3890929347197,21.49369998369366,30600.083300028928,4756.003950636152
1791115288,1000,,Aggregated,353.100000,0.000000,100,140,170,220,3000,5400,8800,12000,22000,30000,31000,131288,25,100,892.2885619729276,21.49369998369366,30600.083300028928,4755.078103101579
1791115289,1000,,Aggregated,353.100000,0.000000,100,140,170,220,3000,5400,8800,12000,22000,30000,31000,131689,25,100,893.4785881964444,21.49369998369366,30600.083300028928,4754.078275330514
1791115290,1000,,Aggregated,359.700000,0.000000,100,140,170,220,3000,5400,8800,12000,22000,30000,31000,132125,25,100,893.1481354240391,21.49369998369366,30600.083300028928,4754.474997161778
1791115291,1000,,Aggregated,365.200000,0.000000,100,140,170,220,3000,5400,8800,12000,22000,30000,31000,132484,25,100,891.8702758687932,21.49369998369366,30600.083300028928,4754.959617765164
1791115292,1000,,Aggregated,365.000000,0.000000,100,140,170,220,3000,5400,8800,12000,22000,30000,31000,132856,25,100,890.7137636192739,21.49369998369366,30600.083300028928,4755.7950864093455
1791115293,1000,,Aggregated,370.900000,0.000000,100,140,170,220,3000,5400,8800,12000,22000,30000,31000,133209,25,100,889.3264120134633,21.49369998369366,30600.083300028928,4756.101629769761
1791115294,1000,,Aggregated,369.900000,0.000000,100,140,170,220,3000,5400,8800,12000,22000,30000,31000,133552,25,100,888.6875827999685,21.49369998369366,30600.083300028928,4755.903932550617
1791115295,1000,,Aggregated,372.100000,0.000000,100,140,170,220,3000,5400,8800,12000,22000,30000,31000,133996,25,100,888.6840116249764,21.49369998369366,30600.083300028928,4754.900228365026
1791115296,1000,,Aggregated,379.000000,0.000000,100,140,170,220,3000,5400,8800,12000,22000,30000,31000,134370,25,100,887.9268826843854,21.49369998369366,30600.083300028928,4754.8028949914415
1791115297,1000,,Aggregated,381.000000,0.000000,100,140,170,220,2900,5400,8800,12000,22000,30000,31000,134749,25,100,887.0989137151338,21.49369998369366,30600.083300028928,4754.669125559373
1791115298,1000,,Aggregated,385.500000,0.000000,100,140,170,220,2900,5400,8800,12000,21000,30000,31000,135138,25,100,886.2331127728728,21.49369998369366,30600.083300028928,4754.643949148278
1791115299,1000,,Aggregated,384.700000,0.000000,100,140,170,220,2900,5400,8800,12000,21000,30000,31000,135541,25,100,885.5116935849736,21.49369998369366,30600.083300028928,4754.040533860603
1791115300,1000,,Aggregated,382.100000,0.000000,100,140,170,220,2900,5400,8800,12000,21000,30000,31000,135951,25,100,884.7910532824349,21.49369998369366,30600.083300028928,4753.575398489162
1791115301,1000,,Aggregated,381.300000,0.000000,100,140,170,220,2900,5400,8800,12000,21000,30000,31000,136284,25,100,883.6710432303155,21.49369998369366,30600.083300028928,4754.0879340201345
1791115302,1000,,Aggregated,381.300000,0.000000,100,140,170,220,2900,5400,8800,12000,21000,30000,31000,136650,25,100,883.7295304485923,21.49369998369366,30600.083300028928,4753.76749359678
1791115303,1000,,Aggregated,378.100000,0.000000,100,140,170,220,2900,5300,8800,12000,21000,30000,31000,137063,25,100,882.6547268358348,21.49369998369366,30600.083300028928,4755.05943252373
1791115304,1000,,Aggregated,372.800000,0.000000,100,140,170,220,2900,5300,8800,12000,21000,30000,31000,137464,25,100,882.5360247999491,21.49369998369366,30600.083300028928,4754.445571204097
1791115305,1000,,Aggregated,378.600000,0.000000,100,140,170,220,2900,5300,8800,12000,21000,30000,31000,137854,25,100,882.113721095503,21.49369998369366,30600.083300028928,4753.7954284968155
1791115306,1000,,Aggregated,382.200000,0.000000,100,140,170,220,2900,5300,8800,12000,21000,30000,31000,138280,25,100,880.7650554592115,21.49369998369366,30600.083300028928,4754.036324848134
1791115307,1000,,Aggregated,378.700000,0.000000,100,140,170,220,2900,5300,8800,12000,21000,30000,31000,138699,25,100,879.6681132906538,21.49369998369366,30600.083300028928,4753.9649312540105
1791115308,1000,,Aggregated,383.500000,0.000000,100,140,170,220,2900,5300,8800,12000,21000,30000,31000,139084,25,100,878.8546686621112,21.49369998369366,30600.083300028928,4754.324688677346
1791115309,1000,,Aggregated,386.900000,0.000000,100,140,170,220,2900,5300,8800,12000,21000,30000,31000,139485,25,100,877.6680002114953,21.49369998369366,30600.083300028928,4754.551285084418
1791115310,1000,,Aggregated,384.800000,0.000000,100,140,170,220,2900,5300,8800,12000,21000,30000,31000,139923,25,100,877.135838342516,21.49369998369366,30600.083300028928,4754.411740743123
1791115311,1000,,Aggregated,390.300000,0.000000,100,140,170,220,2900,5300,8800,11000,21000,30000,31000,140310,25,100,875.6701137174856,21.49369998369366,30600.083300028928,4754.954023234267
1791115312,1000,,Aggregated,388.000000,0.000000,100,140,170,220,2900,5300,8700,11000,21000,30000,31000,140700,25,100,873.9493612651041,21.49369998369366,30600.083300028928,4755.623276474769
1791115313,1000,,Aggregated,394.000000,0.000000,100,140,170,220,2900,5300,8700,11000,21000,30000,31000,141070,25,100,872.9713040299168,21.49369998369366,30600.083300028928,4755.9042248529095
1791115314,1000,,Aggregated,396.500000,0.000000,100,140,170,220,2900,5300,8700,11000,21000,30000,31000,141452,25,100,872.1656953022991,21.49369998369366,30600.083300028928,4755.950838446965
1791115315,1000,,Aggregated,393.500000,0.000000,100,140,170,220,2900,5300,8700,11000,21000,30000,31000,141845,25,100,871.3604291240464,21.49369998369366,30600.083300028928,4755.561613028305
1791115316,1000,,Aggregated,393.700000,0.000000,100,140,170,220,2900,5300,8700,11000,21000,30000,31000,142284,25,100,871.0128718099085,21.49369998369366,30600.083300028928,4754.965618059656
1791115317,1000,,Aggregated,390.900000,0.000000,100,140,170,220,2900,5300,8700,11000,21000,30000,31000,142541,25,100,870.5476107884824,21.49369998369366,30600.083300028928,4755.0603615801765
1791115318,1000,,Aggregated,392.000000,0.000000,100,140,170,220,2900,5300,8700,11000,21000,30000,31000,142951,25,100,869.1817934669976,21.49369998369366,30600.083300028928,4756.947338598541
1791115319,1000,,Aggregated,388.400000,0.000000,100,140,170,220,2900,5300,8700,11000,21000,30000,31000,143245,25,100,868.788518713402,21.49369998369366,30600.083300028928,4756.973485985549
1791115320,1000,,Aggregated,377.200000,0.000000,100,140,170,220,2900,5300,8700,11000,21000,30000,31000,143590,25,100,869.0985118657402,21.49369998369366,30600.083300028928,4756.354592938227
1791115321,1000,,Aggregated,373.400000,0.000000,100,140,170,220,2900,5300,8700,11000,21000,30000,31000,143947,25,100,867.9508153230099,21.49369998369366,30600.083300028928,4757.965605396431
1791115322,1000,,Aggregated,366.300000,0.000000,100,140,170,220,2900,5300,8700,11000,21000,30000,31000,144267,25,100,868.2486663741632,21.49369998369366,30600.083300028928,4757.722958126252
1791115323,1000,,Aggregated,352.600000,0.000000,100,140,170,220,2900,5300,8700,11000,21000,30000,31000,144619,25,100,868.1116775866338,21.49369998369366,30600.083300028928,4757.449173345134
1791115324,1000,,Aggregated,356.500000,0.000000,100,140,170,220,2900,5300,8700,11000,21000,30000,31000,144986,25,100,869.1945243651228,21.49369998369366,30600.083300028928,4755.961948050157
1791115325,1000,,Aggregated,349.500000,0.000000,100,140,170,220,2900,5300,8700,11000,21000,30000,31000,145375,25,100,869.6703575133353,21.49369998369366,30600.083300028928,4755.3934720550305
1791115326,1000,,Aggregated,348.900000,0.000000,100,140,170,220,2900,5300,8600,11000,21000,30000,31000,145772,25,100,869.2021110275034,21.49369998369366,30600.083300028928,4755.530561424691
1791115327,1000,,Aggregated,346.800000,0.000000,100,140,170,220,2900,5300,8600,11000,21000,30000,31000,146165,25,100,869.7645401956794,21.49369998369366,30600.083300028928,4754.430232955906
1791115328,1000,,Aggregated,343.500000,0.000000,100,140,170,220,2900,5300,8600,11000,21000,30000,31000,146579,25,100,869.2559604547788,21.49369998369366,30600.083300028928,4754.327823221607
1791115329,1000,,Aggregated,348.200000,0.000000,100,140,170,220,2900,5300,8600,11000,21000,30000,31000,146957,25,100,868.431961125372,21.49369998369366,30600.083300028928,4754.0780432371375
1791115330,1000,,Aggregated,358.900000,0.000000,100,140,170,220,2900,5300,8600,11000,21000,30000,31000,147290,25,100,867.6426989544534,21.49369998369366,30600.083300028928,4754.012404100754
1791115331,1000,,Aggregated,360.400000,0.000000,100,140,170,220,2900,5300,8600,11000,21000,30000,31000,147664,25,100,866.1558499397299,21.49369998369366,30600.083300028928,4755.426380160364
1791115332,1000,,Aggregated,366.300000,0.000000,100,140,170,220,2900,5300,8600,11000,21000,30000,31000,148006,25,100,865.4606122954499,21.49369998369366,30600.083300028928,4755.490284177668
1791115333,1000,,Aggregated,374.400000,0.000000,100,140,170,220,2900,5300,8600,11000,21000,30000,31000,148339,25,100,865.1499269902106,21.49369998369366,30600.083300028928,4754.978501944869
1791115334,1000,,Aggregated,366.200000,0.000000,100,140,170,220,2900,5300,8600,11000,21000,30000,31000,148716,25,100,864.4416425630112,21.49369998369366,30600.083300028928,4755.000504316953
1791115335,1000,,Aggregated,372.200000,0.000000,100,140,170,220,2900,5300,8600,11000,21000,30000,31000,149113,25,100,865.7958383098767,21.49369998369366,30600.083300028928,4753.548697967313
1791115336,1000,,Aggregated,365.600000,0.000000,100,140,170,220,2900,5300,8600,11000,21000,30000,31000,149528,25,100,866.3437460067718,21.49369998369366,30600.083300028928,4752.137766839655
1791115337,1000,,Aggregated,369.800000,0.000000,100,140,170,220,2900,5300,8600,11000,21000,30000,31000,149951,25,100,865.582748470507,21.49369998369366,30600.083300028928,4752.343285473255
1791115338,1000,,Aggregated,371.600000,0.000000,100,140,170,220,2900,5300,8600,11000,21000,30000,31000,150340,25,100,865.4579677211719,21.49369998369366,30600.083300028928,4751.893182120527
1791115339,1000,,Aggregated,370.500000,0.000000,100,140,170,220,2900,5300,8600,11000,21000,30000,31000,150732,25,100,864.6477791325071,21.49369998369366,30600.083300028928,4752.088799989385
1791115340,1000,,Aggregated,377.600000,0.000000,100,140,170,220,2900,5300,8600,11000,21000,30000,31000,151156,25,100,863.0460144638674,21.49369998369366,30600.083300028928,4753.250033078409
1791115341,1000,,Aggregated,374.300000,0.000000,100,140,170,220,2900,5300,8600,11000,21000,30000,31000,151494,25,100,862.0609985497795,21.49369998369366,30600.083300028928,4753.711077666442
1791115342,1000,,Aggregated,373.600000,0.000000,100,140,170,220,2900,5300,8600,11000,21000,30000,31000,151798,25,100,860.9661865709721,21.49369998369366,30600.083300028928,4754.538854266854
1791115343,1000,,Aggregated,380.800000,0.000000,100,140,180,220,2900,5200,8600,11000,21000,30000,31000,152213,25,100,859.6664123261528,21.49369998369366,30600.083300028928,4755.438878413802
1791115344,1000,,Aggregated,384.300000,0.000000,100,140,180,220,2900,5200,8600,11000,21000,30000,31000,152537,25,100,859.4358457600548,21.49369998369366,30600.083300028928,4755.274739899172
1791115345,1000,,Aggregated,379.700000,0.000000,100,140,180,220,2900,5200,8600,11000,21000,30000,31000,152885,25,100,858.5786397795837,21.49369998369366,30600.083300028928,4755.5010236452235
1791115346,1000,,Aggregated,384.000000,0.000000,100,140,180,220,2900,5200,8600,11000,21000,30000,31000,153231,25,100,858.427876509332,21.49369998369366,30600.083300028928,4755.803453609256
1791115347,1000,,Aggregated,376.700000,0.000000,100,140,170,220,2900,5200,8600,11000,21000,30000,31000,153615,25,100,858.7144934049523,21.49369998369366,30600.083300028928,4755.644559450575
1791115348,1000,,Aggregated,371.100000,0.000000,100,140,170,220,2900,5300,8600,11000,21000,30000,31000,154014,25,100,859.7166838229086,21.49369998369366,30600.083300028928,4754.183749529264
1791115349,1000,,Aggregated,366.100000,0.000000,100,140,170,220,2900,5300,8600,11000,21000,30000,31000,154436,25,100,860.5154983041625,21.49369998369366,30600.083300028928,4753.814130125101
1791115350,1000,,Aggregated,360.400000,0.000000,100,140,170,220,2900,5300,8600,11000,21000,30000,31000,154808,25,100,859.8241762124798,21.49369998369366,30600.083300028928,4754.164041909979
1791115351,1000,,Aggregated,360.100000,0.000000,100,140,170,220,2900,5300,8600,11000,21000,30000,31000,155189,25,100,858.8057222425628,21.49369998369366,30600.083300028928,4754.362171287913
1791115352,1000,,Aggregated,362.300000,0.000000,100,140,170,220,2900,5200,8500,11000,21000,30000,31000,155516,25,100,857.819477384329,21.49369998369366,30600.083300028928,4755.280601352915
1791115353,1000,,Aggregated,358.000000,0.000000,100,140,170,220,2900,5200,8500,11000,21000,30000,31000,155937,25,100,857.8148619211662,21.49369998369366,30600.083300028928,4754.939122850895
1791115354,1000,,Aggregated,360.800000,0.000000,100,140,170,220,2900,5200,8500,11000,21000,30000,31000,156387,25,100,857.975686566662,21.49369998369366,30600.083300028928,4753.376469911182
1791115355,1000,,Aggregated,361.900000,0.000000,100,140,170,220,2900,5200,8500,11000,21000,30000,31000,156777,25,100,857.7783510623401,21.49369998369366,30600.083300028928,4752.59966066451
1791115357,1000,,Aggregated,366.600000,0.000000,100,140,180,220,2900,5200,8500,11000,21000,30000,31000,157118,25,100,856.7492455765788,21.49369998369366,30600.083300028928,4753.992922516834
1791115358,1000,,Aggregated,382.100000,0.000000,100,140,180,220,2900,5200,8500,11000,21000,30000,31000,157474,25,100,856.8034807733402,21.49369998369366,30600.083300028928,4754.248860129291
1791115359,1000,,Aggregated,382.000000,0.000000,100,140,180,220,2900,5200,8500,11000,21000,30000,31000,157917,25,100,856.0289733372647,21.49369998369366,30600.083300028928,4754.025070131778
1791115360,1000,,Aggregated,377.000000,0.000000,100,140,180,220,2900,5200,8500,11000,21000,30000,31000,158313,25,100,855.2559063576622,21.49369998369366,30600.083300028928,4753.757796264363
1791115361,1000,,Aggregated,382.500000,0.000000,100,140,180,220,2900,5200,8500,11000,21000,30000,31000,158667,25,100,854.3560912332154,21.49369998369366,30600.083300028928,4753.997088241411
1791115362,1000,,Aggregated,379.800000,0.000000,100,140,180,220,2900,5200,8500,11000,21000,30000,31000,159066,25,100,853.3881657796196,21.49369998369366,30600.083300028928,4755.046144367747
1791115363,1000,,Aggregated,378.800000,0.000000,100,140,180,220,2900,5200,8500,11000,21000,30000,31000,159456,25,100,852.9950712428565,21.49369998369366,30600.083300028928,4755.063735450532
1791115364,1000,,Aggregated,381.500000,0.000000,100,140,180,220,2900,5200,8500,11000,21000,30000,31000,159799,25,100,852.3009013761149,21.49369998369366,30600.083300028928,4755.636343156089
1791115365,1000,,Aggregated,386.200000,0.000000,100,140,180,220,2900,5200,8500,11000,21000,30000,31000,160228,25,100,851.6800191620763,21.49369998369366,30600.083300028928,4755.927590683276
1791115366,1000,,Aggregated,379.700000,0.000000,100,140,180,220,2900,5200,8500,11000,21000,30000,31000,160731,25,100,852.6393336139323,21.49369998369366,30600.083300028928,4754.692299556402
1791115367,1000,,Aggregated,377.500000,0.000000,100,140,180,220,2900,5200,8500,11000,21000,30000,31000,161125,25,100,851.6884484083824,21.49369998369366,30600.083300028928,4754.628896819239
1791115368,1000,,Aggregated,379.800000,0.000000,100,140,180,220,2900,5200,8500,11000,21000,30000,31000,161556,25,100,850.8525968029699,21.49369998369366,30600.083300028928,4754.298274282602
1791115369,1000,,Aggregated,387.100000,0.000000,100,140,180,220,2800,5200,8500,11000,21000,30000,31000,161967,25,100,849.8674868164502,21.49369998369366,30600.083300028928,4754.221322862065
1791115370,1000,,Aggregated,394.400000,0.000000,100,140,180,220,2800,5200,8500,11000,21000,30000,31000,162366,25,100,848.9130153634349,21.49369998369366,30600.083300028928,4754.261797420642
1791115371,1000,,Aggregated,392.300000,0.000000,100,140,180,220,2800,5200,8500,11000,21000,30000,31000,162721,25,100,847.5557970851921,21.49369998369366,30600.083300028928,4755.072602798656
1791115372,1000,,Aggregated,395.600000,0.000000,100,140,180,220,2800,5200,8400,11000,21000,30000,31000,163146,25,100,846.2305202180855,21.49369998369366,30600.083300028928,4755.709242028613
1791115373,1000,,Aggregated,398.700000,0.000000,100,140,180,220,2800,5200,8400,11000,21000,30000,31000,163542,25,100,845.6612851597722,21.49369998369366,30600.083300028928,4755.607446405204
1791115374,1000,,Aggregated,393.300000,0.000000,100,140,180,220,2800,5200,8400,11000,21000,30000,31000,163917,25,100,844.8196338067435,21.49369998369366,30600.083300028928,4756.1019296351205
1791115375,1000,,Aggregated,397.800000,0.000000,100,140,180,220,2800,5200,8400,11000,21000,30000,31000,164310,25,100,844.6627479197821,21.49369998369366,30600.083300028928,4755.2468504655835
1791115376,1000,,Aggregated,397.400000,0.000000,100,140,180,220,2800,5200,8400,11000,21000,30000,31000,164748,25,100,844.2696892393184,21.49369998369366,30600.083300028928,4755.080365163765
1791115377,1000,,Aggregated,400.300000,0.000000,100,140,180,220,2800,5200,8400,11000,21000,30000,31000,165153,25,100,843.1547888370125,21.49369998369366,30600.083300028928,4755.3012721537
1791115378,1000,,Aggregated,398.400000,0.000000,100,140,170,220,2800,5200,8400,11000,21000,30000,31000,165621,25,100,842.593161891297,21.49369998369366,30600.083300028928,4755.057299497044
1791115379,1000,,Aggregated,398.200000,0.000000,100,140,170,220,2800,5200,8400,11000,21000,30000,31000,165997,25,100,841.6139466791444,21.49369998369366,30600.083300028928,4754.857352843726
1791115380,1000,,Aggregated,400.000000,0.000000,100,140,170,220,2800,5100,8400,11000,21000,30000,31000,166402,25,100,840.4684996718604,21.49369998369366,30600.083300028928,4755.249666470355
1791115381,1000,,Aggregated,399.900000,0.000000,100,140,170,220,2800,5100,8400,11000,21000,30000,31000,166803,25,100,839.1286277093162,21.49369998369366,30600.083300028928,4756.000413661624
1791115382,1000,,Aggregated,399.000000,0.000000,100,140,180,220,2800,5100,8400,11000,21000,30000,31000,167265,25,100,838.4535301389799,21.49369998369366,30600.083300028928,4756.734636654411
1791115383,1000,,Aggregated,399.600000,0.000000,100,140,180,220,2800,5100,8400,11000,21000,30000,31000,167613,25,100,837.994339726612,21.49369998369366,30600.083300028928,4756.664506929654
1791115384,1000,,Aggregated,394.600000,0.000000,100,140,180,220,2800,5100,8400,11000,21000,30000,31000,168022,25,100,837.3851164014034,21.49369998369366,30600.083300028928,4756.474187903965
1791115385,1000,,Aggregated,397.200000,0.000000,100,140,180,220,2800,5100,8400,11000,21000,30000,31000,168454,25,100,837.0929757025481,21.49369998369366,30600.083300028928,4756.4142852054565
1791115386,1000,,Aggregated,398.100000,0.000000,100,140,170,220,2800,5100,8400,11000,21000,30000,31000,168840,25,100,836.596925129692,21.49369998369366,30600.083300028928,4756.533907841744
1791115387,1000,,Aggregated,394.100000,0.000000,100,140,170,220,2800,5100,8400,11000,21000,30000,31000,169272,25,100,835.9124519341426,21.49369998369366,30600.083300028928,4756.332488539156
1791115388,1000,,Aggregated,398.400000,0.000000,100,140,170,220,2800,5100,8400,11000,21000,30000,31000,169694,25,100,834.8262550089909,21.49369998369366,30600.083300028928,4756.679081169635
1791115389,1000,,Aggregated,394.700000,0.000000,100,140,170,220,2800,5100,8400,11000,20000,30000,31000,170094,25,100,833.8786371917613,21.49369998369366,30600.083300028928,4756.399579056287
1791115390,1000,,Aggregated,396.600000,0.000000,100,140,170,220,2800,5100,8400,11000,20000,30000,31000,170521,25,100,832.8330453949694,21.49369998369366,30600.083300028928,4756.578796746442
1791115391,1000,,Aggregated,396.800000,0.000000,100,140,170,220,2800,5100,8400,11000,20000,30000,31000,170759,25,100,832.5291547414491,21.49369998369366,30600.083300028928,4756.786248455425
1791115392,1000,,Aggregated,395.800000,0.000000,100,140,180,220,2800,5100,8400,11000,20000,30000,31000,171212,25,100,831.7521718740228,21.49369998369366,30600.083300028928,4757.783268696119
1791115393,1000,,Aggregated,399.000000,0.000000,100,140,180,220,2800,5100,8400,11000,20000,30000,31000,171601,25,100,831.3003586511473,21.49369998369366,30600.083300028928,4757.389216846056
1791115394,1000,,Aggregated,397.500000,0.000000,100,140,180,220,2800,5100,8300,11000,20000,30000,31000,171923,25,100,830.4241245126933,21.49369998369366,30600.083300028928,4757.862077790639
1791115395,1000,,Aggregated,394.000000,0.000000,100,140,180,220,2800,5100,8300,11000,20000,30000,31000,172239,25,100,829.4178970958751,21.49369998369366,30600.083300028928,4758.760112401953
1791115396,1000,,Aggregated,396.100000,0.000000,100,140,180,220,2800,5100,8300,11000,20000,30000,31000,172562,25,100,828.9956184182803,21.49369998369366,30600.083300028928,4758.910606043046
1791115397,1000,,Aggregated,386.100000,0.000000,100,140,180,220,2800,5100,8300,11000,20000,30000,31000,172978,25,100,829.1391083709801,21.49369998369366,30600.083300028928,4758.432471181306
1791115398,1000,,Aggregated,378.100000,0.000000,100,140,180,220,2800,5100,8300,11000,20000,30000,31000,173361,25,100,829.5034125350894,21.49369998369366,30600.083300028928,4757.933739422361
1791115399,1000,,Aggregated,372.500000,0.000000,100,140,180,220,2800,5100,8300,11000,20000,30000,31000,173755,25,100,829.4392940473366,21.49369998369366,30600.083300028928,4757.858553710685
1791115400,1000,,Aggregated,366.900000,0.000000,100,140,180,220,2800,5100,8300,11000,20000,30000,31000,174107,25,100,829.319468100047,21.49369998369366,30600.083300028928,4757.728638136318
1791115401,1000,,Aggregated,363.700000,0.000000,100,140,180,220,2800,5100,8300,11000,20000,30000,31000,174470,25,100,828.4501239926368,21.49369998369366,30600.083300028928,4758.301536080701
1791115402,1000,,Aggregated,363.000000,0.000000,100,140,180,220,2800,5100,8300,11000,20000,30000,31000,174849,25,100,828.183114157905,21.49369998369366,30600.083300028928,4758.302643995677
1791115403,1000,,Aggregated,355.300000,0.000000,100,140,180,220,2800,5100,8300,11000,20000,30000,31000,175206,25,100,828.1060535894675,21.49369998369366,30600.083300028928,4758.129430498955
1791115404,1000,,Aggregated,363.400000,0.000000,100,140,180,220,2800,5100,8300,11000,20000,30000,31000,175595,25,100,827.3461035052042,21.49369998369366,30600.083300028928,4758.245707451807
1791115405,1000,,Aggregated,359.500000,0.000000,100,140,180,220,2800,5100,8300,11000,20000,30000,31000,175986,25,100,827.8563797392761,21.49369998369366,30600.083300028928,4757.236018774221
1791115406,1000,,Aggregated,357.900000,0.000000,100,140,180,220,2800,5100,8300,11000,20000,30000,31000,176384,25,100,827.7733659577698,21.49369998369366,30600.083300028928,4757.264417407475
1791115407,1000,,Aggregated,365.700000,0.000000,100,140,170,220,2800,5100,8300,11000,20000,30000,31000,176797,25,100,827.3093776998226,21.49369998369366,30600.083300028928,4757.523091455172
1791115408,1000,,Aggregated,369.200000,0.000000,100,140,170,220,2800,5100,8300,11000,20000,30000,31000,177209,25,100,827.5666289053881,21.49369998369366,30600.083300028928,4756.577222375839
1791115409,1000,,Aggregated,376.700000,0.000000,100,140,170,220,2800,5100,8300,11000,20000,30000,31000,177597,25,100,826.8830370563397,21.49369998369366,30600.083300028928,4756.4859597853565
1791115410,1000,,Aggregated,380.700000,0.000000,100,140,170,220,2800,5100,8300,11000,20000,30000,31000,177949,25,100,826.050228234466,21.49369998369366,30600.083300028928,4756.86144344728
1791115411,1000,,Aggregated,382.200000,0.000000,100,140,180,220,2800,5100,8300,11000,20000,30000,31000,178348,25,100,825.299746442883,21.49369998369366,30600.083300028928,4757.316544059928
1791115412,1000,,Aggregated,380.500000,0.000000,100,140,180,220,2800,5000,8300,11000,20000,30000,31000,178736,25,100,824.861873456911,21.49369998369366,30600.083300028928,4757.110380673172
1791115413,1000,,Aggregated,383.100000,0.000000,100,140,180,220,2800,5000,8300,11000,20000,30000,31000,179093,25,100,824.3551418720705,21.49369998369366,30600.083300028928,4757.137978592128
1791115414,1000,,Aggregated,386.000000,0.000000,100,140,180,220,2800,5000,8300,11000,20000,30000,31000,179505,25,100,823.5702895868866,21.49369998369366,30600.083300028928,4756.977995041921
1791115415,1000,,Aggregated,386.400000,0.000000,100,140,180,220,2800,5000,8300,11000,20000,30000,31000,179872,25,100,823.0974135974129,21.49369998369366,30600.083300028928,4756.716715219712
1791115416,1000,,Aggregated,386.400000,0.000000,100,140,180,220,2800,5000,8300,11000,20000,30000,31000,180287,25,100,823.0792616194967,21.49369998369366,30600.083300028928,4756.158536111866
1791115418,1000,,Aggregated,386.000000,0.000000,100,140,170,220,2800,5000,8300,11000,20000,30000,31000,180715,25,100,822.9603758968218,21.49369998369366,30600.083300028928,4755.62859198185
1791115419,1000,,Aggregated,387.700000,0.000000,100,140,170,220,2700,5000,8300,11000,20000,30000,31000,181103,25,100,822.0378634064316,21.49369998369366,30600.083300028928,4755.92774829793
1791115420,1000,,Aggregated,385.500000,0.000000,100,140,170,220,2700,5000,8300,11000,20000,30000,31000,181519,25,100,821.330950136876,21.49369998369366,30600.083300028928,4755.967160462541
1791115421,1000,,Aggregated,383.900000,0.000000,100,140,170,220,2700,5000,8300,11000,20000,30000,31000,181864,25,100,820.4401295775722,21.49369998369366,30600.083300028928,4756.504448379009
1791115422,1000,,Aggregated,387.700000,0.000000,100,140,170,220,2700,5000,8300,11000,20000,30000,31000,182270,25,100,819.4467376463241,21.49369998369366,30600.083300028928,4757.005524770944
1791115423,1000,,Aggregated,385.300000,0.000000,100,140,170,220,2700,5000,8300,11000,20000,30000,31000,182625,25,100,818.8521916922416,21.49369998369366,30600.083300028928,4757.328372347707
1791115424,1000,,Aggregated,384.500000,0.000000,100,140,170,220,2700,5000,8300,11000,20000,30000,31000,183013,25,100,818.7090540928563,21.49369998369366,30600.083300028928,4756.91588575675
1791115425,1000,,Aggregated,380.400000,0.000000,100,140,170,220,2700,5000,8200,11000,20000,30000,31000,183396,25,100,818.7845546707482,21.49369998369366,30600.083300028928,4756.370831424895
1791115426,1000,,Aggregated,383.200000,0.000000,100,140,170,220,2700,5000,8200,11000,20000,30000,31000,183842,25,100,818.7625043281563,21.49369998369366,30600.083300028928,4756.022894659544
1791115427,1000,,Aggregated,382.100000,0.000000,100,140,170,220,2700,5000,8200,11000,20000,30000,31000,184249,25,100,818.1495898854093,21.49369998369366,30600.083300028928,4755.788329923093
1791115428,1000,,Aggregated,385.200000,0.000000,100,140,170,220,2700,5000,8200,11000,20000,30000,31000,184654,25,100,817.5412339277634,21.49369998369366,30600.083300028928,4756.342770803773
1791115429,1000,,Aggregated,384.800000,0.000000,100,140,170,220,2700,5000,8200,11000,20000,30000,31000,185066,25,100,817.1231319583128,21.49369998369366,30600.083300028928,4755.943485026964
1791115430,1000,,Aggregated,384.700000,0.000000,100,140,170,220,2700,5000,8200,11000,20000,30000,31000,185482,25,100,816.9115280797942,21.49369998369366,30600.083300028928,4755.681753485514
1791115431,1000,,Aggregated,386.900000,0.000000,100,140,170,220,2700,5000,8200,11000,20000,30000,31000,185827,25,100,816.0153868474285,21.49369998369366,30600.083300028928,4756.081204561232
1791115432,1000,,Aggregated,381.300000,0.000000,100,140,170,220,2700,5000,8200,11000,20000,30000,31000,186236,25,100,815.2578324571853,21.49369998369366,30600.083300028928,4756.237886337765
1791115433,1000,,Aggregated,386.300000,0.000000,100,140,170,220,2700,5000,8200,11000,20000,30000,31000,186634,25,100,814.743894962312,21.49369998369366,30600.083300028928,4755.69891338127
1791115434,1000,,Aggregated,387.900000,0.000000,100,140,170,220,2700,5000,8200,11000,20000,30000,31000,186997,25,100,814.0525956640803,21.49369998369366,30600.083300028928,4755.791943186255
1791115435,1000,,Aggregated,391.700000,0.000000,100,140,170,220,2700,5000,8200,11000,20000,30000,31000,187415,25,100,813.3810321169356,21.49369998369366,30600.083300028928,4755.957121895259
1791115436,1000,,Aggregated,390.600000,0.000000,100,140,170,220,2700,5000,8200,11000,20000,30000,31000,187827,25,100,813.1105584771948,21.49369998369366,30600.083300028928,4755.448646893152
1791115437,1000,,Aggregated,391.300000,0.000000,100,140,170,220,2700,5000,8200,11000,20000,30000,31000,188227,25,100,812.8440387367224,21.49369998369366,30600.083300028928,4755.122485084499
1791115438,1000,,Aggregated,393.300000,0.000000,100,140,170,220,2700,5000,8200,11000,20000,30000,31000,188727,25,100,812.239689798482,21.49369998369366,30600.083300028928,4755.2077604158385
1791115439,1000,,Aggregated,390.200000,0.000000,100,140,170,220,2700,5000,8200,11000,20000,30000,31000,189068,25,100,811.2733287552519,21.49369998369366,30600.083300028928,4755.589343516618
1791115440,1000,,Aggregated,389.200000,0.000000,100,140,170,220,2700,5000,8200,11000,20000,30000,31000,189443,25,100,810.5131999281951,21.49369998369366,30600.083300028928,4755.73510237908
1791115441,1000,,Aggregated,391.200000,0.000000,100,140,170,220,2700,5000,8200,11000,20000,30000,31000,189828,25,100,809.5987044629769,21.49369998369366,30600.083300028928,4756.254061571528
1791115442,1000,,Aggregated,395.000000,0.000000,100,140,170,220,2700,4900,8200,11000,20000,30000,31000,190237,25,100,808.9129055026011,21.49369998369366,30600.083300028928,4756.201385640017
1791115443,1000,,Aggregated,390.400000,0.000000,100,140,170,220,2700,4900,8200,11000,20000,30000,31000,190633,25,100,808.6566513352768,21.49369998369366,30600.083300028928,4755.840263752865
1791115444,1000,,Aggregated,388.800000,0.000000,100,140,170,220,2700,4900,8100,11000,20000,30000,31000,191054,25,100,808.4939578762952,21.49369998369366,30600.083300028928,4755.691150146032
1791115445,1000,,Aggregated,391.800000,0.000000,100,140,170,220,2700,4900,8100,11000,20000,30000,31000,191482,25,100,807.8362901985469,21.49369998369366,30600.083300028928,4755.669290063818
1791115446,1000,,Aggregated,395.000000,0.000000,100,140,170,220,2700,4900,8100,11000,20000,30000,31000,191965,25,100,807.1504537988617,21.49369998369366,30600.083300028928,4755.4106217279195
1791115447,1000,,Aggregated,396.900000,0.000000,100,140,170,220,2700,4900,8100,11000,20000,30000,31000,192359,25,100,806.4477915605667,21.49369998369366,30600.083300028928,4754.799271154456
1791115448,1000,,Aggregated,397.800000,0.000000,100,140,170,220,2700,4900,8100,11000,20000,30000,31000,192802,25,100,805.1548312128455,21.49369998369366,30600.083300028928,4755.691263576104
1791115449,1000,,Aggregated,405.700000,0.000000,100,140,170,220,2700,4900,8100,11000,20000,30000,31000,193245,25,100,804.298776305723,21.49369998369366,30600.083300028928,4755.531480762762
1791115450,1000,,Aggregated,409.600000,0.000000,100,140,170,220,2700,4900,8100,11000,20000,30000,31000,193624,25,100,803.6481321106846,21.49369998369366,30600.083300028928,4756.056243027724
1791115451,1000,,Aggregated,408.500000,0.000000,100,140,170,220,2700,4900,8100,11000,20000,30000,31000,194034,25,100,802.4642660111022,21.49369998369366,30600.083300028928,4756.734948514178
1791115452,1000,,Aggregated,405.200000,0.000000,100,140,170,220,2700,4900,8100,11000,20000,30000,31000,194391,25,100,801.5886185296552,21.49369998369366,30600.083300028928,4756.934775786945
1791115453,1000,,Aggregated,405.500000,0.000000,100,140,170,220,2700,4900,8100,11000,20000,30000,31000,194802,25,100,800.8112595922913,21.49369998369366,30600.083300028928,4757.231003788462
1791115454,1000,,Aggregated,408.500000,0.000000,100,140,170,220,2700,4900,8100,11000,20000,30000,31000,195206,25,100,800.5213946820146,21.49369998369366,30600.083300028928,4756.749556878374
1791115455,1000,,Aggregated,402.100000,0.000000,100,140,170,220,2700,4900,8100,11000,20000,30000,31000,195621,25,100,800.4038756007673,21.49369998369366,30600.083300028928,4756.455119849096
1791115456,1000,,Aggregated,403.400000,0.000000,100,140,170,220,2700,4900,8100,11000,20000,30000,31000,196013,25,100,800.0612385984471,21.49369998369366,30600.083300028928,4756.162698392453
1791115457,1000,,Aggregated,401.200000,0.000000,100,140,170,220,2700,4900,8100,11000,20000,30000,31000,196439,25,100,799.3273951333356,21.49369998369366,30600.083300028928,4756.301411634146
1791115458,1000,,Aggregated,400.300000,0.000000,100,140,170,220,2700,4900,8100,11000,20000,30000,31000,196864,25,100,798.756875560779,21.49369998369366,30600.083300028928,4755.924750081274
1791115459,1000,,Aggregated,394.300000,0.000000,100,140,170,220,2700,4900,8100,11000,20000,30000,31000,197303,25,100,797.8585901060696,21.49369998369366,30600.083300028928,4756.034961455223
1791115460,1000,,Aggregated,392.800000,0.000000,100,140,170,220,2700,4900,8100,11000,20000,30000,31000,197679,25,100,796.9737269568253,21.49369998369366,30600.083300028928,4756.654272836265
1791115462,1000,,Aggregated,392.600000,0.000000,100,140,170,220,2700,4900,8100,11000,20000,30000,31000,198035,25,100,795.9719751079281,21.49369998369366,30600.083300028928,4757.052753301185
1791115463,1000,,Aggregated,402.500000,0.000000,100,140,170,220,2600,4900,8100,11000,20000,30000,31000,198373,25,100,795.1972105034381,21.49369998369366,30600.083300028928,4757.971845966941
1791115464,1000,,Aggregated,397.200000,0.000000,100,140,170,220,2600,4900,8100,11000,20000,30000,31000,198734,25,100,794.8230709334999,21.49369998369366,30600.083300028928,4758.1448619763105
1791115465,1000,,Aggregated,393.900000,0.000000,100,140,170,220,2600,4900,8100,11000,20000,30000,31000,199053,25,100,795.0720181228018,21.49369998369366,30600.083300028928,4758.3048132909325
1791115466,1000,,Aggregated,388.200000,0.000000,100,140,170,220,2700,4900,8100,11000,20000,30000,31000,199437,25,100,794.8581615537651,21.49369998369366,30600.083300028928,4758.2381854921605
1791115467,1000,,Aggregated,380.800000,0.000000,100,140,170,220,2700,4900,8100,11000,20000,30000,31000,199808,25,100,795.1117262657032,21.49369998369366,30600.083300028928,4758.177630525304
1791115468,1000,,Aggregated,377.500000,0.000000,100,140,170,220,2700,4900,8000,11000,20000,30000,31000,200195,25,100,794.5890788241351,21.49369998369366,30600.083300028928,4758.356797122805
1791115469,1000,,Aggregated,373.000000,0.000000,100,140,170,220,2700,4900,8000,11000,20000,30000,31000,200573,25,100,794.8581368414368,21.49369998369366,30600.083300028928,4757.850423536568
1791115470,1000,,Aggregated,367.700000,0.000000,100,140,170,220,2700,4900,8000,11000,20000,30000,31000,200968,25,100,794.5033111714193,21.49369998369366,30600.083300028928,4757.690060109072
1791115471,1000,,Aggregated,364.600000,0.000000,100,140,170,220,2700,4900,8000,11000,20000,30000,31000,201336,25,100,794.3853583740492,21.49369998369366,30600.083300028928,4757.739524973179
1791115472,1000,,Aggregated,361.300000,0.000000,100,140,170,220,2700,4900,8000,10000,20000,30000,31000,201671,25,100,794.1417665945877,21.49369998369366,30600.083300028928,4758.05715744951
1791115473,1000,,Aggregated,358.000000,0.000000,100,140,170,220,2600,4900,8000,10000,20000,30000,31000,202008,25,100,793.5767109658921,21.49369998369366,30600.083300028928,4758.685957981862
1791115474,1000,,Aggregated,355.700000,0.000000,100,140,170,220,2700,4900,8000,11000,20000,30000,31000,202399,25,100,794.3243104022142,21.49369998369366,30600.083300028928,4758.027915157683
1791115475,1000,,Aggregated,356.200000,0.000000,100,140,170,220,2700,4900,8000,11000,20000,30000,31000,202804,25,100,795.0717939774229,21.49369998369366,30600.083300028928,4757.188876945228
1791115476,1000,,Aggregated,356.600000,0.000000,100,140,170,220,2700,4900,8000,10000,20000,30000,31000,203183,25,100,794.8610683418248,21.49369998369366,30600.083300028928,4757.260075892176
1791115477,1000,,Aggregated,365.400000,0.000000,100,140,170,220,2700,4900,8000,10000,20000,30000,31000,203595,25,100,794.6868764871298,21.49369998369366,30600.083300028928,4757.0464697070165
1791115478,1000,,Aggregated,363.400000,0.000000,100,140,170,220,2700,4900,8000,10000,20000,30000,31000,204000,25,100,794.5410661852794,21.49369998369366,30600.083300028928,4756.917887254902
1791115479,1000,,Aggregated,368.900000,0.000000,100,140,170,220,2700,4900,8000,10000,20000,30000,31000,204447,25,100,794.7153958732441,21.49369998369366,30600.083300028928,4756.790556965864
1791115480,1000,,Aggregated,372.300000,0.000000,100,140,170,220,2700,4900,8000,10000,20000,30000,31000,204873,25,100,793.9668455540618,21.49369998369366,30600.083300028928,4756.504312427699
1791115481,1000,,Aggregated,375.400000,0.000000,100,140,170,220,2700,4900,8000,10000,20000,30000,31000,205225,25,100,793.3492981785737,21.49369998369366,30600.083300028928,4756.979939091241
1791115482,1000,,Aggregated,376.200000,0.000000,100,140,170,220,2600,4900,8000,10000,20000,30000,31000,205598,25,100,792.4126176509355,21.49369998369366,30600.083300028928,4758.215644121052
1791115483,1000,,Aggregated,380.000000,0.000000,100,140,170,220,2600,4900,8000,10000,20000,30000,31000,205916,25,100,792.5896667553607,21.49369998369366,30600.083300028928,4757.961426018376
1791115484,1000,,Aggregated,378.700000,0.000000,100,140,170,220,2600,4900,8000,10000,20000,30000,31000,206341,25,100,791.8699349881826,21.49369998369366,30600.083300028928,4758.168265153314
1791115485,1000,,Aggregated,384.700000,0.000000,100,140,170,220,2600,4900,8000,10000,20000,30000,31000,206768,25,100,791.7950626237936,21.49369998369366,30600.083300028928,4758.059467615879
1791115486,1000,,Aggregated,385.200000,0.000000,100,140,170,220,2600,4800,8000,10000,20000,30000,31000,207177,25,100,791.832323354897,21.49369998369366,30600.083300028928,4757.663751285133
1791115487,1000,,Aggregated,382.500000,0.000000,100,140,170,220,2600,4800,8000,10000,20000,30000,31000,207615,25,100,791.575088273951,21.49369998369366,30600.083300028928,4757.226139729788
1791115488,1000,,Aggregated,389.600000,0.000000,100,140,170,220,2600,4800,8000,10000,20000,30000,31000,208028,25,100,790.6907199150866,21.49369998369366,30600.083300028928,4757.311510950449
1791115489,1000,,Aggregated,390.700000,0.000000,100,140,170,220,2600,4800,8000,10000,20000,30000,31000,208440,25,100,790.2110462626915,21.49369998369366,30600.083300028928,4757.331145653426
1791115490,1000,,Aggregated,392.100000,0.000000,100,140,170,220,2600,4800,8000,10000,20000,30000,31000,208840,25,100,789.4369352992462,21.49369998369366,30600.083300028928,4757.666036199962
1791115491,1000,,Aggregated,392.700000,0.000000,100,140,170,220,2600,4800,8000,10000,20000,30000,31000,209204,25,100,788.6709414728903,21.49369998369366,30600.083300028928,4758.3320491004
1791115492,1000,,Aggregated,391.800000,0.000000,100,140,170,220,2600,4800,8000,10000,20000,30000,31000,209662,25,100,788.3106680204071,21.49369998369366,30600.083300028928,4758.220330818174
1791115493,1000,,Aggregated,392.300000,0.000000,100,140,170,220,2600,4800,8000,10000,20000,30000,31000,210008,25,100,787.6557198115945,21.49369998369366,30600.083300028928,4758.318525960915
1791115494,1000,,Aggregated,399.800000,0.000000,100,140,170,220,2600,4800,8000,10000,20000,30000,31000,210400,25,100,787.0056508497751,21.49369998369366,30600.083300028928,4758.694952471483
1791115495,1000,,Aggregated,401.900000,0.000000,100,140,170,220,2600,4800,8000,10000,20000,30000,31000,210823,25,100,786.7396105917921,21.49369998369366,30600.083300028928,4758.431869388065
1791115496,1000,,Aggregated,398.300000,0.000000,100,140,170,220,2600,4800,8000,10000,20000,30000,31000,211233,25,100,786.4838522825219,21.49369998369366,30600.083300028928,4758.149640444438
1791115497,1000,,Aggregated,401.300000,0.000000,100,140,170,220,2600,4800,8000,10000,20000,30000,31000,211662,25,100,786.0658130391587,21.49369998369366,30600.083300028928,4758.168060398182
1791115498,1000,,Aggregated,398.900000,0.000000,100,140,170,220,2600,4800,8000,10000,20000,30000,31000,212048,25,100,785.5965191692159,21.49369998369366,30600.083300028928,4758.080340300309
1791115499,1000,,Aggregated,399.300000,0.000000,100,140,170,220,2600,4800,8000,10000,20000,30000,31000,212457,25,100,785.0548085216955,21.49369998369366,30600.083300028928,4758.241879533271
1791115500,1000,,Aggregated,400.100000,0.000000,100,140,170,220,2600,4800,8000,10000,20000,30000,31000,212847,25,100,784.2299237879525,21.49369998369366,30600.083300028928,4758.676401358723
1791115501,1000,,Aggregated,398.200000,0.000000,100,140,170,220,2600,4800,8000,10000,20000,30000,31000,213018,25,100,784.8624919771776,21.49369998369366,30600.083300028928,4758.0414847571565
1791115502,1000,,Aggregated,397.100000,0.000000,100,140,170,220,2600,4800,8000,10000,20000,30000,31000,213519,62,100,784.2240456202693,21.49369998369366,30600.083300028928,4758.941237079604
1791115503,1000,,Aggregated,394.100000,0.000000,100,140,170,220,2600,4800,8000,10000,20000,30000,31000,213851,62,100,784.8118148060731,21.49369998369366,30600.083300028928,4758.106588231994
1791115504,1000,,Aggregated,378.000000,1.700000,100,140,170,220,2600,4800,8000,10000,20000,30000,31000,214263,62,100,784.1945033467952,21.49369998369366,30600.083300028928,4757.695444383771
1791115505,1000,,Aggregated,384.800000,3.700000,100,140,170,220,2600,4800,8000,10000,20000,30000,31000,214674,62,100,783.8885700531705,21.49369998369366,30600.083300028928,4757.554841294242
1791115506,1000,,Aggregated,382.900000,3.700000,100,140,170,220,2600,4800,8000,10000,20000,30000,31000,215063,62,100,783.8476864644042,21.49369998369366,30600.083300028928,4757.3346926249515
1791115507,1000,,Aggregated,382.300000,3.700000,100,140,170,220,2600,4800,8000,10000,20000,30000,31000,215482,62,100,783.3660064678033,21.49369998369366,30600.083300028928,4757.391675406762
1791115508,1000,,Aggregated,384.200000,3.700000,100,140,170,220,2600,4800,7900,10000,20000,30000,31000,215890,62,100,782.8727838778739,21.49369998369366,30600.083300028928,4757.213872805595
1791115509,1000,,Aggregated,375.800000,3.700000,100,140,170,220,2600,4800,7900,10000,20000,30000,31000,216320,62,100,782.3761726992178,21.49369998369366,30600.083300028928,4757.034532174556
1791115510,1000,,Aggregated,378.700000,3.700000,100,140,170,220,2600,4800,7900,10000,20000,30000,31000,216755,62,100,781.6359989093394,21.49369998369366,30600.083300028928,4757.390122488524
1791115511,1000,,Aggregated,381.400000,3.700000,100,140,170,220,2600,4800,7900,10000,20000,30000,31000,217112,62,100,780.8360947764006,21.49369998369366,30600.083300028928,4757.718845572792
1791115512,1000,,Aggregated,382.700000,3.700000,100,140,170,220,2600,4800,7900,10000,20000,30000,31000,217500,62,100,780.1115949627309,21.49369998369366,30600.083300028928,4758.444468965517
1791115513,1000,,Aggregated,391.300000,3.700000,100,140,170,220,2600,4800,7900,10000,20000,30000,31000,217869,62,100,779.7449035149266,21.49369998369366,30600.083300028928,4758.367514423805
1791115514,1000,,Aggregated,401.600000,2.000000,100,140,170,220,2600,4800,7900,10000,20000,30000,31000,218221,62,100,779.0724643512447,21.49369998369366,30600.083300028928,4758.581951324574
1791115515,1000,,Aggregated,394.600000,0.000000,100,140,170,220,2600,4800,7900,10000,20000,30000,31000,218588,62,100,778.2639190655154,21.49369998369366,30600.083300028928,4759.251651508775
1791115516,1000,,Aggregated,399.600000,0.000000,100,140,170,220,2600,4800,7900,10000,20000,30000,31000,218933,62,100,777.959572635431,21.49369998369366,30600.083300028928,4759.244312186834
1791115517,1000,,Aggregated,391.000000,0.000000,100,140,170,220,2600,4800,7900,10000,20000,30000,31000,219282,62,100,777.7633075728637,21.49369998369366,30600.083300028928,4759.093610054633
1791115518,1000,,Aggregated,387.400000,0.000000,100,140,170,220,2600,4800,7900,10000,20000,30000,31000,219607,62,100,777.6891056400401,21.49369998369366,30600.083300028928,4759.390533999372
1791115519,1000,,Aggregated,387.700000,0.000000,100,140,170,220,2600,4800,7900,10000,20000,30000,31000,219967,62,100,777.8957520845967,21.49369998369366,30600.083300028928,4758.6402869521335
1791115520,1000,,Aggregated,377.300000,0.000000,100,140,170,220,2600,4800,7900,10000,20000,30000,31000,220314,62,100,778.0348173806153,21.49369998369366,30600.083300028928,4758.3000580988955
1791115521,1000,,Aggregated,366.400000,0.000000,100,140,170,220,2600,4800,7900,10000,20000,30000,31000,220657,62,100,777.6470172171845,21.49369998369366,30600.083300028928,4758.248090928455
1791115522,1000,,Aggregated,362.200000,0.000000,100,140,170,220,2600,4800,7900,10000,20000,30000,31000,221053,62,100,778.4446155980327,21.49369998369366,30600.083300028928,4757.673820305537
1791115523,1000,,Aggregated,351.400000,0.000000,100,140,170,220,2600,4800,7900,10000,20000,30000,31000,221447,62,100,778.849618573257,21.49369998369366,30600.083300028928,4757.303837938649
1791115524,1000,,Aggregated,352.200000,0.000000,100,140,170,220,2600,4800,7900,10000,20000,30000,31000,221864,62,100,779.1881180524684,21.49369998369366,30600.083300028928,4757.158434897054
1791115525,1000,,Aggregated,351.400000,0.000000,100,140,170,220,2600,4800,7900,10000,20000,30000,31000,222211,62,100,779.2852570655484,21.49369998369366,30600.083300028928,4757.292802786541
1791115526,1000,,Aggregated,353.700000,0.000000,100,140,170,220,2600,4800,7900,10000,20000,30000,31000,222624,62,100,778.6923710080323,21.49369998369366,30600.083300028928,4757.546257366681
1791115527,1000,,Aggregated,363.800000,0.000000,100,140,170,220,2600,4800,7900,10000,20000,30000,31000,223020,62,100,778.6442858397974,21.49369998369366,30600.083300028928,4757.243619406331
1791115528,1000,,Aggregated,358.600000,0.000000,100,140,170,220,2600,4800,7900,10000,20000,30000,31000,223437,62,100,778.534928966514,21.49369998369366,30600.083300028928,4757.1518459342005
1791115529,1000,,Aggregated,365.900000,0.000000,100,140,170,220,2600,4800,7900,10000,20000,30000,31000,223889,62,100,778.3923401676295,21.49369998369366,30600.083300028928,4756.467664780315
1791115530,1000,,Aggregated,370.700000,0.000000,100,140,170,220,2600,4800,7900,10000,20000,30000,31000,224238,62,100,777.8043639650308,21.49369998369366,30600.083300028928,4756.35941722634
1791115531,1000,,Aggregated,380.800000,0.000000,100,140,170,220,2600,4800,7900,10000,20000,30000,31000,224633,62,100,776.9713078358532,21.49369998369366,30600.083300028928,4756.598246918306
1791115532,1000,,Aggregated,388.600000,0.000000,100,140,170,220,2600,4800,7900,10000,20000,30000,31000,224986,62,100,776.1792665561004,21.49369998369366,30600.083300028928,4756.923928600002
1791115533,1000,,Aggregated,391.100000,0.000000,100,140,170,220,2600,4800,7900,10000,20000,30000,31000,225383,62,100,775.5916454661186,21.49369998369366,30600.083300028928,4757.3236535142405
1791115534,1000,,Aggregated,394.800000,0.000000,100,140,170,220,2600,4800,7900,10000,20000,30000,31000,225788,62,100,775.7138695917871,21.49369998369366,30600.083300028928,4756.591342321115
1791115536,1000,,Aggregated,391.000000,0.000000,100,140,170,220,2600,4800,7900,10000,19000,30000,31000,226178,62,100,775.1664882928059,21.49369998369366,30600.083300028928,4757.057799609157
1791115537,1000,,Aggregated,388.600000,0.000000,100,140,170,220,2600,4800,7900,10000,19000,30000,31000,226616,62,100,775.0203909754387,21.49369998369366,30600.083300028928,4756.609864263776
1791115538,1000,,Aggregated,393.900000,0.000000,100,140,170,220,2600,4800,7900,10000,19000,30000,31000,227017,62,100,775.4171227643291,21.49369998369366,30600.083300028928,4755.807247915354
1791115539,1000,,Aggregated,396.400000,0.000000,100,140,170,220,2600,4800,7900,10000,19000,30000,31000,227393,62,100,774.940096192012,21.49369998369366,30600.083300028928,4755.716064258794
1791115540,1000,,Aggregated,396.600000,0.000000,100,140,170,220,2600,4700,7900,10000,19000,30000,31000,227844,62,100,774.2171058065617,21.49369998369366,30600.083300028928,4756.034817682274
1791115541,1000,,Aggregated,392.200000,0.000000,100,140,170,220,2600,4700,7900,10000,19000,30000,31000,228207,62,100,773.5550171330858,21.49369998369366,30600.083300028928,4756.183232766743
1791115542,1000,,Aggregated,392.000000,0.000000,100,140,170,220,2600,4700,7900,10000,19000,30000,31000,228588,62,100,772.819227538584,21.49369998369366,30600.083300028928,4756.630466166203
1791115543,1000,,Aggregated,392.800000,0.000000,100,140,170,220,2600,4700,7900,10000,19000,30000,31000,228974,62,100,772.3107099818712,21.49369998369366,30600.083300028928,4756.983989448584
1791115544,1000,,Aggregated,393.100000,0.000000,100,140,170,220,2600,4700,7900,10000,19000,30000,31000,229330,62,100,771.8024739074195,21.49369998369366,30600.083300028928,4757.202263114289
1791115545,1000,,Aggregated,396.900000,0.000000,100,140,170,220,2600,4700,7900,10000,19000,30000,31000,229726,62,100,771.655561902389,21.49369998369366,30600.083300028928,4756.747647197096
1791115546,1000,,Aggregated,392.000000,0.000000,100,140,170,220,2600,4700,7900,10000,19000,30000,31000,230098,62,100,771.5053370732833,21.49369998369366,30600.083300028928,4756.351002616277
1791115547,1000,,Aggregated,391.500000,0.000000,100,140,170,220,2600,4700,7900,10000,19000,30000,31000,230502,62,100,770.8203500077567,21.49369998369366,30600.083300028928,4756.535852183495
1791115548,1000,,Aggregated,389.500000,0.000000,100,140,170,210,2600,4700,7900,10000,19000,30000,31000,230904,62,100,770.6322410434086,21.49369998369366,30600.083300028928,4756.503733153172
1791115549,1000,,Aggregated,385.400000,0.000000,100,140,170,210,2600,4700,7900,10000,19000,30000,31000,231314,62,100,770.8395874533602,21.49369998369366,30600.083300028928,4756.074353476227
1791115550,1000,,Aggregated,384.700000,0.000000,100,140,170,220,2600,4700,7900,10000,19000,30000,31000,231642,62,100,770.6673775372585,21.49369998369366,30600.083300028928,4755.973735332971
1791115551,1000,,Aggregated,388.400000,0.000000,100,140,170,220,2500,4700,7900,10000,19000,30000,31000,231969,62,100,770.0837337251323,21.49369998369366,30600.083300028928,4757.038112851286
1791115552,1000,,Aggregated,377.800000,0.000000,100,140,170,220,2500,4700,7900,10000,19000,30000,31000,232307,62,100,769.5442979005568,21.49369998369366,30600.083300028928,4758.12236394082
1791115553,1000,,Aggregated,372.100000,0.000000,100,140,170,220,2600,4700,7900,10000,19000,30000,31000,232670,62,100,770.6356902371797,21.49369998369366,30600.083300028928,4757.200537241587
1791115554,1000,,Aggregated,362.400000,0.000000,100,140,170,220,2600,4700,7900,10000,19000,30000,31000,233027,62,100,770.4097949481597,21.49369998369366,30600.083300028928,4757.298888111678
1791115555,1000,,Aggregated,364.400000,0.000000,100,140,170,220,2600,4700,7900,10000,19000,30000,31000,233335,62,100,770.6958284517323,21.49369998369366,30600.083300028928,4757.039548288941
1791115556,1000,,Aggregated,362.700000,0.000000,100,140,170,220,2600,4700,7900,10000,19000,30000,31000,233705,62,100,770.4607213567699,21.49369998369366,30600.083300028928,4757.636546073041
1791115557,1000,,Aggregated,354.700000,0.000000,100,140,170,220,2600,4700,7900,10000,19000,30000,31000,234030,62,100,770.3611293406143,21.49369998369366,30600.083300028928,4757.631047301628
1791115558,1000,,Aggregated,356.900000,0.000000,100,140,170,220,2600,4700,7900,10000,19000,30000,31000,234392,62,100,770.4027090936715,21.49369998369366,30600.083300028928,4757.501557220383
1791115559,1000,,Aggregated,347.500000,0.000000,100,140,170,220,2600,4700,7900,10000,19000,30000,31000,234743,62,100,770.3250520117037,21.49369998369366,30600.083300028928,4757.447923899755
1791115560,1000,,Aggregated,344.900000,0.000000,100,140,170,220,2600,4700,7900,10000,19000,30000,31000,235064,62,100,770.408951484208,21.49369998369366,30600.083300028928,4757.430589116156
1791115561,1000,,Aggregated,338.200000,0.000000,100,140,170,220,2600,4700,7900,10000,19000,30000,31000,235406,62,100,770.089305206682,21.49369998369366,30600.083300028928,4757.606454380942
1791115562,1000,,Aggregated,338.900000,0.000000,100,140,170,220,2600,4700,7900,10000,19000,30000,31000,235748,62,100,770.0114646503216,21.49369998369366,30600.083300028928,4757.655237796291
1791115563,1000,,Aggregated,341.500000,0.000000,100,140,170,220,2600,4700,7900,10000,19000,30000,31000,236070,62,100,769.9076475277831,21.49369998369366,30600.083300028928,4758.001609692041
1791115564,1000,,Aggregated,346.500000,0.000000,100,140,170,220,2600,4700,7900,10000,19000,30000,31000,236431,62,100,769.8706982125162,21.49369998369366,30600.083300028928,4757.980239477903
1791115565,1000,,Aggregated,337.000000,0.000000,100,140,170,220,2600,4700,7900,10000,19000,30000,31000,236770,62,100,770.7676262684608,21.49369998369366,30600.083300028928,4757.863521561008
1791115566,1000,,Aggregated,339.100000,0.000000,100,140,170,220,2600,4700,7900,10000,19000,30000,31000,237088,62,100,770.8673565763957,21.49369998369366,30600.083300028928,4758.212195471723
1791115567,1000,,Aggregated,341.500000,0.000000,100,140,170,220,2600,4700,7900,10000,19000,30000,31000,237420,62,100,770.7949055824454,21.49369998369366,30600.083300028928,4758.408946171342
1791115568,1000,,Aggregated,333.800000,0.000000,100,140,170,220,2600,4700,7900,10000,19000,30000,31000,237781,62,100,771.1124189770609,21.49369998369366,30600.083300028928,4758.473158074026
1791115569,1000,,Aggregated,336.300000,0.000000,100,140,170,220,2600,4700,7900,10000,19000,30000,31000,238104,62,100,771.4996636452329,21.49369998369366,30600.083300028928,4758.316945536404
1791115570,1000,,Aggregated,333.900000,0.000000,100,140,170,220,2600,4700,7900,10000,19000,30000,31000,238450,62,100,771.756359141475,21.49369998369366,30600.083300028928,4758.286181589432
1791115571,1000,,Aggregated,334.400000,0.000000,100,140,170,220,2600,4700,7900,10000,19000,30000,31000,238822,62,100,772.7214413742654,21.49369998369366,30600.083300028928,4757.904602591051
1791115572,1000,,Aggregated,333.800000,0.000000,100,140,170,220,2600,4700,7900,10000,19000,30000,31000,239175,62,100,772.7210799171563,21.49369998369366,30600.083300028928,4758.019893383505
1791115573,1000,,Aggregated,335.600000,0.000000,100,140,170,220,2600,4700,7900,10000,19000,30000,31000,239561,62,100,773.9364908728315,21.49369998369366,30600.083300028928,4757.532974899921
1791115574,1000,,Aggregated,335.300000,0.000000,100,140,170,220,2600,4700,7900,10000,19000,30000,31000,239865,62,100,773.8368240622289,21.49369998369366,30600.083300028928,4757.730277447731
1791115575,1000,,Aggregated,342.800000,0.000000,100,140,170,220,2600,4700,7900,10000,19000,30000,31000,240274,62,100,773.621646440671,21.49369998369366,30600.083300028928,4758.157316230637
1791115576,1000,,Aggregated,343.800000,0.000000,100,140,170,220,2600,4800,7900,10000,19000,30000,31000,240641,62,100,774.3882184631293,21.49369998369366,30600.083300028928,4758.311675898954
1791115577,1000,,Aggregated,342.400000,0.000000,100,140,170,220,2600,4800,7900,10000,19000,30000,31000,241024,62,100,774.557051663259,21.49369998369366,30600.083300028928,4758.0869498473185
1791115578,1000,,Aggregated,343.800000,0.000000,100,140,170,220,2600,4800,7900,10000,19000,30000,31000,241416,62,100,775.123977837777,21.49369998369366,30600.083300028928,4757.535826125857
1791115579,1000,,Aggregated,348.400000,0.000000,100,140,170,220,2600,4800,7900,10000,19000,30000,31000,241866,62,100,775.5491895648165,21.49369998369366,30600.083300028928,4757.140288424169
1791115580,1000,,Aggregated,353.100000,0.000000,100,140,170,220,2600,4800,7900,10000,19000,30000,31000,242226,62,100,775.3324902784328,21.49369998369366,30600.083300028928,4757.256628107635
1791115581,1000,,Aggregated,360.900000,0.000000,100,140,170,220,2600,4800,7900,10000,19000,30000,31000,242536,62,100,774.916759694985,21.49369998369366,30600.083300028928,4758.093965431935
1791115582,1000,,Aggregated,369.100000,0.000000,100,140,170,220,2600,4700,7900,10000,19000,30000,31000,242892,62,100,774.1894446057626,21.49369998369366,30600.083300028928,4758.672792846203
1791115583,1000,,Aggregated,360.500000,0.000000,100,140,170,220,2600,4700,7900,10000,19000,30000,31000,243160,62,100,774.0553388595284,21.49369998369366,30600.083300028928,4758.894698963645
1791115584,1000,,Aggregated,366.500000,0.000000,100,140,180,220,2600,4700,7900,10000,19000,30000,31000,243511,62,100,773.426159093771,21.49369998369366,30600.083300028928,4759.577690535541
1791115585,1000,,Aggregated,361.900000,0.000000,100,140,180,220,2600,4700,7900,10000,19000,30000,31000,243845,62,100,773.8351352612638,21.49369998369366,30600.083300028928,4759.429937050175
1791115586,1000,,Aggregated,351.600000,0.000000,100,140,180,220,2600,4700,7900,10000,19000,30000,31000,244197,62,100,774.3835022448369,21.49369998369366,30600.083300028928,4759.016609540658
1791115587,1000,,Aggregated,354.400000,0.000000,100,140,180,220,2600,4700,7900,10000,19000,30000,31000,244538,62,100,774.4172368555514,21.49369998369366,30600.083300028928,4758.890176577874
1791115588,1000,,Aggregated,353.000000,0.000000,100,140,180,220,2600,4800,7900,10000,19000,30000,31000,244918,62,100,775.2325404171327,21.49369998369366,30600.083300028928,4758.388493291633
1791115589,1000,,Aggregated,352.100000,0.000000,100,140,180,220,2600,4800,7900,10000,19000,30000,31000,245302,62,100,775.8539433538382,21.49369998369366,30600.083300028928,4758.298456596359
1791115590,1000,,Aggregated,347.800000,0.000000,100,140,180,220,2600,4800,7900,10000,19000,30000,31000,245650,62,100,776.5177812895721,21.49369998369366,30600.083300028928,4757.93805007124
1791115591,1000,,Aggregated,342.200000,0.000000,100,140,180,220,2600,4800,7900,10000,19000,30000,31000,246078,62,100,775.9902765959724,21.49369998369366,30600.083300028928,4758.390620047302
1791115592,1000,,Aggregated,340.000000,0.000000,100,140,170,220,2600,4800,7900,10000,19000,30000,31000,246438,62,100,776.0290270221481,21.49369998369366,30600.083300028928,4758.193342747466
1791115593,1000,,Aggregated,346.300000,0.000000,100,140,170,220,2600,4800,7900,10000,19000,30000,31000,246785,62,100,776.4223450010505,21.49369998369366,30600.083300028928,4757.842308081934
1791115594,1000,,Aggregated,348.500000,0.000000,100,140,180,220,2600,4800,7900,10000,19000,30000,31000,247188,62,100,776.0826220414577,21.49369998369366,30600.083300028928,4758.497358286001
1791115595,1000,,Aggregated,354.000000,0.000000,100,140,180,220,2600,4800,7900,10000,19000,30000,31000,247603,62,100,776.2153420559694,21.49369998369366,30600.083300028928,4758.013658962129
1791115596,1000,,Aggregated,355.200000,0.000000,100,140,180,220,2600,4800,7900,10000,19000,30000,31000,247974,62,100,776.0316305942732,21.49369998369366,30600.083300028928,4757.805903038222
1791115597,1000,,Aggregated,363.800000,0.000000,100,140,180,220,2600,4800,7900,10000,19000,30000,31000,248386,62,100,775.8233341029045,21.49369998369366,30600.083300028928,4757.611580362823
1791115598,1000,,Aggregated,372.300000,0.000000,100,140,180,220,2600,4800,7900,10000,19000,30000,31000,248791,62,100,775.9297545879233,21.49369998369366,30600.083300028928,4757.186248698707
1791115599,1000,,Aggregated,373.700000,0.000000,100,140,180,220,2600,4800,7900,10000,19000,30000,31000,249211,62,100,775.6577149591433,21.49369998369366,30600.083300028928,4756.853036182191
1791115600,1000,,Aggregated,380.400000,0.000000,100,140,170,220,2600,4800,7900,10000,19000,30000,31000,249594,62,100,774.9640564463998,21.49369998369366,30600.083300028928,4757.035441557089
1791115601,1000,,Aggregated,383.500000,0.000000,100,140,180,220,2600,4700,7900,10000,19000,30000,31000,249933,62,100,774.3139607418098,21.49369998369366,30600.083300028928,4757.59924059648
1791115602,1000,,Aggregated,387.400000,0.000000,100,140,180,220,2600,4700,7900,10000,19000,30000,31000,250325,62,100,773.5433699290234,21.49369998369366,30600.083300028928,4758.065618695696
1791115603,1000,,Aggregated,388.900000,0.000000,100,140,170,220,2600,4700,7900,10000,19000,30000,31000,250725,62,100,773.5136314606922,21.49369998369366,30600.083300028928,4757.70996908964
1791115604,1000,,Aggregated,381.600000,0.000000,100,140,170,220,2600,4700,7900,10000,19000,30000,31000,251110,63,100,773.5271181839906,15.240199980325997,30600.083300028928,4757.488813667317
1791115605,1000,,Aggregated,381.400000,0.000000,100,140,170,220,2600,4700,7900,10000,19000,30000,31000,251527,63,100,773.4153889033084,15.240199980325997,30600.083300028928,4757.155215941032
1791115606,1000,,Aggregated,394.200000,0.100000,100,140,170,220,2600,4700,7900,10000,19000,30000,31000,251968,63,100,773.519419145615,15.240199980325997,30600.083300028928,4756.607509683769
1791115607,1000,,Aggregated,389.500000,0.100000,100,140,170,220,2600,4700,7900,10000,19000,30000,31000,252355,63,100,772.9470609176875,15.240199980325997,30600.083300028928,4756.857771789741
1791115608,1000,,Aggregated,391.700000,0.100000,100,140,170,220,2600,4700,7900,10000,19000,30000,31000,252750,63,100,772.3724156315894,15.240199980325997,30600.083300028928,4756.973487636004
1791115609,1000,,Aggregated,396.100000,0.100000,100,140,170,220,2600,4700,7900,10000,19000,30000,31000,253176,63,100,771.8849950733303,15.240199980325997,30600.083300028928,4756.688086548488
1791115610,1000,,Aggregated,393.800000,0.100000,100,140,170,220,2600,4700,7900,10000,19000,30000,31000,253520,63,100,771.419176336722,15.240199980325997,30600.083300028928,4756.9046899652885
1791115611,1000,,Aggregated,393.000000,0.100000,100,140,170,220,2600,4700,7900,10000,19000,30000,31000,253878,63,100,770.7128826723313,15.240199980325997,30600.083300028928,4757.574563372958
1791115612,1000,,Aggregated,390.700000,0.100000,100,140,170,220,2600,4700,7900,10000,19000,30000,31000,254256,63,100,770.1609993454864,15.240199980325997,30600.083300028928,4757.73621861431
1791115613,1000,,Aggregated,391.800000,0.100000,100,140,170,220,2600,4700,7900,10000,19000,30000,31000,254629,63,100,770.0555217983273,15.240199980325997,30600.083300028928,4757.591645099341
1791115614,1000,,Aggregated,392.900000,0.100000,100,140,170,220,2600,4700,7900,10000,19000,30000,31000,255008,63,100,769.8496411100302,15.240199980325997,30600.083300028928,4757.391379878279
1791115615,1000,,Aggregated,391.000000,0.100000,100,140,170,220,2600,4700,7900,10000,19000,30000,31000,255428,63,100,769.7982407766028,15.240199980325997,30600.083300028928,4757.201892509826
1791115616,1000,,Aggregated,388.300000,0.000000,100,140,170,220,2600,4700,7900,10000,19000,30000,31000,255838,63,100,769.5311437315244,15.240199980325997,30600.083300028928,4757.303359938711
1791115617,1000,,Aggregated,387.300000,0.000000,100,140,170,220,2600,4700,7900,10000,19000,30000,31000,256250,63,100,769.4821123417963,15.240199980325997,30600.083300028928,4756.994723902439
1791115618,1000,,Aggregated,386.100000,0.000000,100,140,170,220,2600,4700,7900,10000,19000,30000,31000,256653,63,100,769.3037338830459,15.240199980325997,30600.083300028928,4756.692483625751
1791115619,1000,,Aggregated,385.600000,0.000000,100,140,170,220,2500,4700,7900,10000,19000,30000,31000,257062,63,100,768.5986303669339,15.240199980325997,30600.083300028928,4756.64122274004
1791115620,1000,,Aggregated,386.600000,0.000000,100,140,170,220,2500,4700,7900,10000,19000,30000,31000,257361,63,100,768.178524061864,15.240199980325997,30600.083300028928,4756.99833308077
1791115622,1000,,Aggregated,387.300000,0.000000,100,140,170,220,2500,4700,7900,10000,19000,30000,31000,257784,63,100,767.4184740010437,15.240199980325997,30600.083300028928,4757.792667504577
1791115623,1000,,Aggregated,387.600000,0.000000,100,140,170,220,2500,4700,7900,10000,19000,30000,31000,258084,63,100,767.2189530419769,15.240199980325997,30600.083300028928,4757.968180902342
1791115624,1000,,Aggregated,381.300000,0.000000,100,140,170,220,2500,4700,7900,10000,19000,30000,31000,258475,63,100,767.0483259660932,15.240199980325997,30600.083300028928,4757.827093529355
1791115625,1000,,Aggregated,380.400000,0.000000,100,140,170,220,2500,4700,7900,10000,19000,30000,31000,258874,63,100,767.1524995781203,15.240199980325997,30600.083300028928,4757.796657833541
1791115626,1000,,Aggregated,382.300000,0.000000,100,140,170,220,2600,4700,7900,10000,19000,30000,31000,259250,63,100,767.4327905901092,15.240199980325997,30600.083300028928,4757.603922854388
1791115627,1000,,Aggregated,382.800000,0.000000,100,140,170,220,2500,4700,7900,10000,19000,30000,31000,259656,63,100,767.2826510886958,15.240199980325997,30600.083300028928,4757.405112918631
1791115628,1000,,Aggregated,378.900000,0.000000,100,140,170,220,2500,4700,7900,10000,19000,30000,31000,260063,63,100,767.1052474315348,15.240199980325997,30600.083300028928,4756.926521650523
1791115629,1000,,Aggregated,377.300000,0.000000,100,140,170,220,2500,4700,7800,10000,19000,30000,31000,260481,63,100,766.8209883534232,15.240199980325997,30600.083300028928,4756.893040183353
1791115630,1000,,Aggregated,378.200000,0.000000,100,140,170,220,2500,4700,7800,10000,19000,30000,31000,260901,63,100,766.6596989945904,15.240199980325997,30600.083300028928,4756.76747501926
1791115631,1000,,Aggregated,379.300000,0.000000,100,140,170,220,2500,4700,7800,10000,19000,30000,31000,261279,63,100,766.1420833732838,15.240199980325997,30600.083300028928,4756.657213170595
1791115632,1000,,Aggregated,378.300000,0.000000,100,140,170,220,2500,4700,7800,10000,19000,30000,31000,261526,63,100,766.1272382867801,15.240199980325997,30600.083300028928,4756.56644463648
1791115633,1000,,Aggregated,388.800000,0.000000,100,140,180,220,2500,4700,7800,10000,19000,30000,31000,261821,65,100,765.9818296457827,15.240199980325997,30600.083300028928,4757.460524556854
1791115634,1000,,Aggregated,373.500000,0.000000,100,140,180,220,2500,4700,7800,10000,19000,30000,31000,262303,84,100,766.0709584175107,15.240199980325997,30600.083300028928,4757.658395062199
1791115635,1000,,Aggregated,372.100000,0.200000,100,140,180,220,2500,4700,7800,10000,19000,30000,31000,262680,84,100,766.1234294449058,15.240199980325997,30600.083300028928,4757.094205877875
1791115636,1000,,Aggregated,376.700000,2.100000,100,140,180,220,2500,4700,7800,10000,19000,30000,31000,263086,84,100,765.9038230464112,15.240199980325997,30600.083300028928,4756.853815862493
1791115637,1000,,Aggregated,376.200000,2.100000,100,140,180,220,2500,4700,7800,10000,19000,30000,31000,263504,84,100,765.8485682387682,15.240199980325997,30600.083300028928,4756.3584917117005
1791115638,1000,,Aggregated,376.500000,2.100000,100,140,180,220,2500,4700,7800,10000,19000,30000,31000,263951,84,100,765.5748456091809,15.240199980325997,30600.083300028928,4756.111607836303
1791115639,1000,,Aggregated,379.400000,2.100000,100,140,180,220,2500,4700,7800,10000,19000,30000,31000,264359,84,100,765.040676091937,15.240199980325997,30600.083300028928,4755.965883514464
1791115640,1000,,Aggregated,381.800000,2.100000,100,140,180,220,2500,4700,7800,10000,19000,30000,31000,264827,84,100,764.549215701904,15.240199980325997,30600.083300028928,4755.798887575663
1791115641,1000,,Aggregated,380.400000,2.100000,100,140,180,220,2500,4700,7800,10000,19000,30000,31000,265171,84,100,763.8403706351294,15.240199980325997,30600.083300028928,4756.4025327053105
1791115642,1000,,Aggregated,386.200000,2.100000,100,140,180,220,2500,4700,7800,10000,19000,30000,31000,265547,84,100,763.1073171385417,15.240199980325997,30600.083300028928,4756.924525601871
1791115643,1000,,Aggregated,379.100000,2.100000,100,140,180,220,2500,4700,7800,10000,19000,30000,31000,265876,84,100,762.6025143310729,15.240199980325997,30600.083300028928,4757.354153816064
1791115644,1000,,Aggregated,390.000000,2.100000,100,140,180,220,2500,4700,7800,10000,19000,30000,31000,266183,84,100,762.0365686959287,15.240199980325997,30600.083300028928,4757.950015590778
1791115645,1000,,Aggregated,393.600000,1.900000,100,140,180,220,2500,4700,7800,10000,19000,30000,31000,266529,84,100,761.8886925362256,15.240199980325997,30600.083300028928,4757.798626040693
1791115646,1000,,Aggregated,379.800000,0.000000,100,140,180,220,2500,4700,7800,10000,19000,30000,31000,266861,84,100,761.9086917147422,15.240199980325997,30600.083300028928,4757.742337771349
1791115647,1000,,Aggregated,378.000000,0.000000,100,140,180,220,2500,4700,7800,10000,19000,30000,31000,267175,84,100,761.8016821442416,15.240199980325997,30600.083300028928,4757.941970618508
1791115648,1000,,Aggregated,374.000000,0.000000,100,140,180,220,2500,4700,7800,10000,19000,30000,31000,267532,84,100,761.6749157505973,15.240199980325997,30600.083300028928,4758.028598448036
1791115649,1000,,Aggregated,362.800000,0.000000,100,140,180,220,2500,4700,7800,10000,19000,30000,31000,267776,84,100,762.4351322743219,15.240199980325997,30600.083300028928,4757.537322239484
1791115650,1000,,Aggregated,351.600000,0.000000,100,140,180,220,2500,4700,7800,10000,19000,30000,31000,268171,84,100,762.0219553042243,15.240199980325997,30600.083300028928,4758.1266990092145
1791115651,1000,,Aggregated,342.400000,0.000000,100,140,180,220,2500,4700,7800,10000,19000,30000,31000,268486,84,100,762.1677350416415,15.240199980325997,30600.083300028928,4758.166485403336
1791115652,1000,,Aggregated,330.300000,0.000000,100,140,180,220,2500,4700,7800,10000,19000,30000,31000,268808,84,100,763.2745398994444,15.240199980325997,30600.083300028928,4757.773935299545
1791115653,1000,,Aggregated,330.000000,0.000000,100,140,180,220,2500,4700,7800,10000,19000,30000,31000,269130,84,100,762.882474234719,15.240199980325997,30600.083300028928,4758.047125924275
1791115654,1000,,Aggregated,327.000000,0.000000,100,140,180,220,2500,4700,7800,10000,19000,30000,31000,269442,84,100,763.0711436156582,15.240199980325997,30600.083300028928,4758.063483050156
1791115655,1000,,Aggregated,325.300000,0.000000,100,140,180,220,2500,4700,7800,10000,19000,30000,31000,269749,84,100,763.3331165646209,15.240199980325997,30600.083300028928,4758.014739628321
1791115656,1000,,Aggregated,325.900000,0.000000,100,140,180,220,2500,4700,7800,10000,19000,29000,31000,270036,84,100,763.5426539779521,15.240199980325997,30600.083300028928,4758.252177487446
1791115657,1000,,Aggregated,319.700000,0.000000,100,140,180,220,2500,4700,7800,10000,19000,29000,31000,270433,84,100,765.356363044047,15.240199980325997,30600.083300028928,4757.280076765779
1791115658,1000,,Aggregated,314.100000,0.000000,100,140,180,220,2500,4700,7800,10000,19000,29000,31000,270812,84,100,767.2081727467427,15.240199980325997,30600.083300028928,4756.496451412788
1791115659,1000,,Aggregated,318.300000,0.000000,100,140,180,220,2500,4700,7800,10000,19000,29000,31000,271213,84,100,767.4717982467316,15.240199980325997,30600.083300028928,4756.407325607548
1791115660,1000,,Aggregated,325.500000,0.000000,100,140,180,220,2500,4700,7800,10000,19000,29000,31000,271605,84,100,767.6448366237386,15.240199980325997,30600.083300028928,4756.396126728153
1791115661,1000,,Aggregated,325.900000,0.000000,100,140,180,220,2500,4700,7800,10000,19000,29000,31000,271897,84,100,767.2498762229446,15.240199980325997,30600.083300028928,4756.782351405128
1791115662,1000,,Aggregated,336.500000,0.000000,100,140,180,220,2500,4700,7800,10000,19000,29000,31000,272250,84,100,766.7441511635993,15.240199980325997,30600.083300028928,4757.17393204775
1791115663,1000,,Aggregated,338.700000,0.000000,100,140,180,220,2500,4700,7800,10000,19000,29000,31000,272575,84,100,766.4367969398888,15.240199980325997,30600.083300028928,4757.5715564523525
1791115664,1000,,Aggregated,337.300000,0.000000,100,140,180,220,2500,4700,7800,10000,19000,29000,31000,272903,84,100,766.208573035803,15.240199980325997,30600.083300028928,4757.704902474506
1791115665,1000,,Aggregated,336.700000,0.000000,100,140,180,220,2500,4700,7800,10000,19000,29000,31000,273240,84,100,766.1892326211023,15.240199980325997,30600.083300028928,4757.704582052408
1791115666,1000,,Aggregated,340.800000,0.000000,100,140,180,220,2500,4700,7800,10000,19000,29000,31000,273613,84,100,767.0325856420924,15.240199980325997,30600.083300028928,4757.162364361342
1791115667,1000,,Aggregated,342.200000,0.000000,100,140,180,220,2600,4700,7800,10000,19000,29000,31000,274004,84,100,768.1456122424855,15.240199980325997,30600.083300028928,4756.680964511467
1791115668,1000,,Aggregated,350.500000,0.000000,100,140,180,220,2600,4700,7900,10000,19000,29000,31000,274401,84,100,768.5464472574456,15.240199980325997,30600.083300028928,4756.441233814746
1791115669,1000,,Aggregated,353.200000,0.000000,100,140,180,220,2600,4700,7900,10000,19000,29000,31000,274815,84,100,768.903710978623,15.240199980325997,30600.083300028928,4756.081527573095
1791115670,1000,,Aggregated,353.200000,0.000000,100,140,180,220,2600,4700,7900,10000,19000,29000,31000,275175,84,100,769.0728425452523,15.240199980325997,30600.083300028928,4755.9256909239575
1791115671,1000,,Aggregated,361.400000,0.000000,100,140,180,220,2600,4700,7900,10000,19000,29000,31000,275578,84,100,768.6739692808926,15.240199980325997,30600.083300028928,4756.344374369507
1791115672,1000,,Aggregated,356.800000,0.000000,100,140,180,220,2600,4700,7900,10000,19000,29000,31000,275904,84,100,768.3297238705833,15.240199980325997,30600.083300028928,4756.811655503364
1791115673,1000,,Aggregated,358.900000,0.000000,100,140,180,220,2500,4700,7900,10000,19000,29000,31000,276244,84,100,767.8839596913924,15.240199980325997,30600.083300028928,4757.156839605566
1791115674,1000,,Aggregated,362.900000,0.000000,100,140,180,220,2600,4700,7900,10000,19000,29000,31000,276606,84,100,767.7278530515907,15.240199980325997,30600.083300028928,4757.113157342936
1791115675,1000,,Aggregated,366.400000,0.000000,100,140,180,220,2600,4700,7900,10000,19000,29000,31000,276930,84,100,767.336191328812,15.240199980325997,30600.083300028928,4757.55401726068
1791115676,1000,,Aggregated,366.900000,0.000000,100,140,180,220,2600,4700,7900,10000,19000,29000,31000,277278,84,100,767.406081653387,15.240199980325997,30600.083300028928,4757.352685752206
1791115677,1000,,Aggregated,367.900000,0.000000,100,140,180,220,2600,4700,7900,10000,19000,29000,31000,277663,84,100,768.0405323445615,15.240199980325997,30600.083300028928,4756.74354523289
1791115678,1000,,Aggregated,364.100000,0.000000,100,140,180,220,2600,4700,7900,10000,19000,29000,31000,278067,84,100,768.3651597535405,15.240199980325997,30600.083300028928,4756.467078078304
1791115679,1000,,Aggregated,362.000000,0.000000,100,140,180,220,2600,4700,7900,10000,19000,29000,31000,278460,84,100,768.8840749482447,15.240199980325997,30600.083300028928,4755.872168354521
1791115680,1000,,Aggregated,360.900000,0.000000,100,140,180,220,2600,4700,7900,10000,19000,29000,31000,278799,84,100,768.6547457268068,15.240199980325997,30600.083300028928,4755.849400464133
1791115681,1000,,Aggregated,360.800000,0.000000,100,140,180,220,2600,4700,7900,10000,19000,29000,31000,279204,84,100,768.2715817727832,15.240199980325997,30600.083300028928,4756.214527728829
1791115682,1000,,Aggregated,361.200000,0.000000,100,140,180,220,2600,4700,7800,10000,19000,30000,31000,279545,85,100,767.906441147176,15.240199980325997,30600.083300028928,4756.335895830725
1791115683,1000,,Aggregated,361.900000,0.000000,100,140,180,220,2600,4700,7800,10000,19000,30000,31000,279922,85,100,767.6798273654346,15.240199980325997,30600.083300028928,4756.4525975093065
1791115684,1000,,Aggregated,361.500000,0.000000,100,140,180,220,2600,4700,7900,10000,19000,29000,31000,280335,85,100,767.9078725214018,15.240199980325997,30600.083300028928,4756.263545401038
1791115685,1000,,Aggregated,360.500000,0.100000,100,140,180,220,2600,4700,7900,10000,19000,29000,31000,280688,85,100,768.0087433466597,15.240199980325997,30600.083300028928,4755.88277019324
1791115686,1000,,Aggregated,364.400000,0.100000,100,140,180,220,2600,4700,7800,10000,19000,29000,31000,281133,85,100,767.9426022149235,15.240199980325997,30600.083300028928,4755.710094510428
1791115687,1000,,Aggregated,373.000000,0.100000,100,140,180,220,2500,4700,7800,10000,19000,29000,31000,281553,85,100,767.469798666285,15.240199980325997,30600.083300028928,4755.780577724265
1791115688,1000,,Aggregated,378.100000,0.100000,100,140,180,220,2500,4700,7800,10000,19000,29000,31000,281964,85,100,767.470206043284,15.240199980325997,30600.083300028928,4755.276691350668
1791115689,1000,,Aggregated,382.800000,0.100000,100,140,180,220,2500,4700,7800,10000,19000,29000,31000,282421,85,100,767.148230223983,15.240199980325997,30600.083300028928,4755.522978107152
1791115690,1000,,Aggregated,386.500000,0.100000,100,140,180,220,2500,4700,7800,10000,19000,29000,31000,282815,85,100,766.5636881293012,15.240199980325997,30600.083300028928,4755.691596980359
1791115691,1000,,Aggregated,381.800000,0.100000,100,140,180,220,2500,4700,7800,10000,19000,29000,31000,283168,85,100,766.0752447723191,15.240199980325997,30600.083300028928,4756.101678155724
1791115692,1000,,Aggregated,389.600000,0.100000,100,140,180,220,2500,4700,7800,10000,19000,29000,31000,283541,85,100,765.4051199864874,15.240199980325997,30600.083300028928,4756.825379751077
1791115693,1000,,Aggregated,391.300000,0.100000,100,140,180,220,2500,4700,7800,10000,19000,29000,31000,283941,85,100,764.9249962132542,15.240199980325997,30600.083300028928,4756.913658119116
1791115694,1000,,Aggregated,391.000000,0.100000,100,140,180,220,2500,4700,7800,10000,19000,29000,31000,284359,85,100,765.0924129751041,15.240199980325997,30600.083300028928,4756.325929546805
1791115695,1000,,Aggregated,395.700000,0.000000,100,140,180,220,2500,4700,7800,10000,19000,29000,31000,284763,85,100,764.9177838865586,15.240199980325997,30600.083300028928,4756.478064214803
1791115696,1000,,Aggregated,395.500000,0.000000,100,140,180,220,2500,4700,7800,10000,19000,29000,31000,285185,85,100,764.6453041425298,15.240199980325997,30600.083300028928,4756.302368637902
1791115697,1000,,Aggregated,394.900000,0.000000,100,140,180,220,2500,4700,7800,10000,19000,29000,31000,285590,85,100,764.1916842248935,15.240199980325997,30600.083300028928,4756.504471445079
1791115698,1000,,Aggregated,397.700000,0.000000,100,140,180,220,2500,4700,7800,10000,19000,29000,31000,285971,85,100,763.8563225865114,15.240199980325997,30600.083300028928,4756.708823621976
1791115699,1000,,Aggregated,399.200000,0.000000,100,140,180,220,2500,4700,7800,10000,19000,29000,31000,286377,85,100,763.5380400503128,15.240199980325997,30600.083300028928,4756.782716489103
1791115700,1000,,Aggregated,396.000000,0.000000,100,140,180,220,2500,4700,7800,10000,19000,29000,31000,286748,85,100,763.1372671226592,15.240199980325997,30600.083300028928,4756.807841728626
1791115701,1000,,Aggregated,400.200000,0.000000,100,140,180,220,2500,4700,7800,10000,19000,29000,31000,287109,85,100,762.5683152091673,15.240199980325997,30600.083300028928,4757.14831649304
1791115702,1000,,Aggregated,392.500000,0.000000,100,140,180,220,2500,4700,7800,10000,19000,29000,31000,287433,85,100,762.2803992307383,15.240199980325997,30600.083300028928,4757.416166550118
1791115703,1000,,Aggregated,390.700000,0.000000,100,140,180,220,2500,4700,7800,10000,19000,29000,31000,287776,85,100,761.9283316756422,15.240199980325997,30600.083300028928,4757.471526465029
1791115705,1000,,Aggregated,384.600000,0.000000,100,140,180,220,2500,4700,7800,10000,19000,29000,31000,288176,85,100,762.0852724445838,15.240199980325997,30600.083300028928,4757.28847301649
1791115706,1000,,Aggregated,380.100000,0.000000,100,140,180,220,2500,4700,7800,10000,19000,29000,31000,288549,85,100,762.3318467334501,15.240199980325997,30600.083300028928,4756.7706767308155
1791115707,1000,,Aggregated,380.100000,0.000000,100,140,180,220,2500,4700,7800,10000,19000,29000,31000,288913,85,100,762.4043392674967,15.240199980325997,30600.083300028928,4756.7211340438125
1791115708,1000,,Aggregated,375.500000,0.000000,100,140,180,220,2500,4700,7800,10000,19000,29000,31000,289341,85,100,762.656109610082,15.240199980325997,30600.083300028928,4756.362420120204
1791115709,1000,,Aggregated,369.800000,0.000000,100,140,180,220,2500,4700,7800,10000,19000,29000,31000,289682,85,100,762.1760646960839,15.240199980325997,30600.083300028928,4756.660745230977
1791115710,1000,,Aggregated,373.000000,0.000000,100,140,180,220,2500,4700,7800,10000,19000,29000,31000,290065,85,100,761.613458526507,15.240199980325997,30600.083300028928,4757.241614810474
1791115711,1000,,Aggregated,368.700000,0.000000,100,140,180,220,2500,4700,7800,10000,19000,29000,31000,290389,85,100,761.3864979093237,15.240199980325997,30600.083300028928,4757.586599354659
1791115712,1000,,Aggregated,366.100000,0.000000,100,140,180,220,2500,4700,7800,10000,19000,29000,31000,290689,85,100,761.0947290736493,15.240199980325997,30600.083300028928,4757.916904320425
1791115713,1000,,Aggregated,360.900000,0.000000,100,140,180,220,2500,4700,7800,10000,19000,29000,31000,291066,85,100,760.8138912078026,15.240199980325997,30600.083300028928,4758.13062329506
1791115714,1000,,Aggregated,355.300000,0.000000,100,140,180,220,2500,4700,7800,10000,19000,29000,31000,291433,85,100,761.4866239094072,15.240199980325997,30600.083300028928,4757.611125027021
1791115715,1000,,Aggregated,360.200000,0.000000,100,140,180,220,2500,4700,7800,10000,19000,29000,31000,291822,85,100,762.0869727868029,15.240199980325997,30600.083300028928,4757.259031190246
1791115716,1000,,Aggregated,363.000000,0.000000,100,140,180,220,2500,4700,7800,10000,19000,29000,31000,292233,85,100,762.3313793041524,15.240199980325997,30600.083300028928,4756.880311258482
1791115717,1000,,Aggregated,360.900000,0.000000,100,140,180,220,2500,4700,7800,10000,19000,29000,31000,292612,85,100,762.3192989077378,15.240199980325997,30600.083300028928,4756.83010607904
1791115718,1000,,Aggregated,364.800000,0.000000,100,140,180,220,2500,4700,7800,10000,19000,29000,31000,293048,85,100,762.5101524377955,15.240199980325997,30600.083300028928,4756.432519587235
1791115719,1000,,Aggregated,365.500000,0.000000,100,140,180,220,2500,4700,7800,10000,19000,29000,31000,293462,85,100,762.3386931179883,15.240199980325997,30600.083300028928,4756.433821073938
1791115720,1000,,Aggregated,366.700000,0.000000,100,140,180,220,2500,4700,7800,10000,19000,29000,31000,293865,85,100,761.9848874544132,15.240199980325997,30600.083300028928,4756.4760757490685
1791115721,1000,,Aggregated,372.900000,0.000000,100,140,180,220,2500,4700,7800,10000,19000,29000,31000,294257,85,100,761.4005982487787,15.240199980325997,30600.083300028928,4756.542902972572
1791115722,1000,,Aggregated,374.800000,0.000000,100,140,180,220,2500,4700,7800,10000,19000,29000,31000,294583,85,100,760.8474684160013,15.240199980325997,30600.083300028928,4756.911780381081
1791115723,1000,,Aggregated,383.000000,0.000000,100,140,180,220,2500,4700,7800,10000,19000,29000,31000,294889,85,100,760.4499554659237,15.240199980325997,30600.083300028928,4757.302157761056
1791115724,1000,,Aggregated,386.900000,0.000000,100,140,180,220,2500,4700,7800,10000,19000,29000,31000,295331,85,100,760.4165939284761,15.240199980325997,30600.083300028928,4757.2721319468665
1791115725,1000,,Aggregated,384.100000,0.000000,100,140,180,220,2500,4700,7800,10000,19000,29000,31000,295681,85,100,760.7832749946419,15.240199980325997,30600.083300028928,4756.800362552886
1791115726,1000,,Aggregated,385.100000,0.000000,100,140,180,220,2500,4700,7800,10000,19000,29000,31000,296105,85,100,760.7689139335401,15.240199980325997,30600.083300028928,4756.488053224363
1791115727,1000,,Aggregated,382.000000,0.000000,100,140,180,220,2500,4700,7800,10000,19000,29000,31000,296502,85,100,760.43593891404,15.240199980325997,30600.083300028928,4756.581614963811
1791115728,1000,,Aggregated,383.100000,0.000000,100,140,180,220,2500,4700,7800,10000,19000,29000,31000,296924,85,100,760.1343383067398,15.240199980325997,30600.083300028928,4756.380807883499
1791115729,1000,,Aggregated,385.700000,0.000000,100,140,180,220,2500,4700,7800,10000,19000,29000,31000,297325,85,100,760.0130102560827,15.240199980325997,30600.083300028928,4756.249952072648
1791115730,1000,,Aggregated,382.900000,0.000000,100,140,180,220,2500,4700,7800,10000,19000,29000,31000,297775,85,100,759.6557721967587,15.240199980325997,30600.083300028928,4756.246692972883
1791115731,1000,,Aggregated,383.700000,0.000000,100,140,180,220,2500,4600,7800,10000,19000,29000,31000,298087,85,100,759.2620209834386,15.240199980325997,30600.083300028928,4756.8467863409005
1791115732,1000,,Aggregated,387.600000,0.000000,100,140,180,220,2500,4600,7800,10000,19000,29000,31000,298441,85,100,758.6732685646089,15.240199980325997,30600.083300028928,4757.515877510127
1791115733,1000,,Aggregated,376.100000,0.000000,100,140,180,220,2500,4600,7800,10000,19000,29000,31000,298828,85,100,758.4917684711302,15.240199980325997,30600.083300028928,4757.495780181242
1791115734,1000,,Aggregated,380.300000,0.000000,100,140,180,220,2500,4600,7800,10000,19000,29000,31000,299132,85,100,758.2635061293719,15.240199980325997,30600.083300028928,4757.758972627469
1791115735,1000,,Aggregated,383.900000,0.000000,100,140,180,220,2500,4600,7800,10000,19000,29000,31000,299410,85,100,757.9626057619696,15.240199980325997,30600.083300028928,4758.234240673324
1791115736,1000,,Aggregated,378.300000,0.000000,100,140,180,220,2500,4600,7800,10000,19000,29000,31000,299791,85,100,757.9956782551587,15.240199980325997,30600.083300028928,4758.0471862063905
1791115737,1000,,Aggregated,371.500000,0.000000,100,140,180,220,2500,4600,7800,10000,19000,29000,31000,300146,85,100,758.631473738757,15.240199980325997,30600.083300028928,4757.60167718377
1791115738,1000,,Aggregated,365.400000,0.000000,100,140,180,220,2500,4600,7800,10000,19000,29000,31000,300572,85,100,759.0389311259648,15.240199980325997,30600.083300028928,4757.015194362748
1791115739,1000,,Aggregated,360.500000,0.000000,100,140,180,220,2500,4700,7800,10000,19000,29000,31000,300990,85,100,759.139694750637,15.240199980325997,30600.083300028928,4756.933961261171
1791115740,1000,,Aggregated,359.400000,0.000000,100,140,180,220,2500,4700,7800,10000,19000,29000,31000,301376,85,100,759.4886183106619,15.240199980325997,30600.083300028928,4756.4577471331495
1791115741,1000,,Aggregated,360.000000,0.000000,100,140,180,220,2500,4700,7800,10000,19000,29000,31000,301743,85,100,759.1040905293369,15.240199980325997,30600.083300028928,4756.826978587738
1791115742,1000,,Aggregated,357.100000,0.000000,100,140,180,220,2500,4600,7800,10000,19000,29000,31000,302084,85,100,758.6678026297134,15.240199980325997,30600.083300028928,4757.454280928483
1791115743,1000,,Aggregated,363.600000,0.000000,100,140,180,220,2500,4600,7800,10000,19000,29000,31000,302368,85,100,758.7537703268677,15.240199980325997,30600.083300028928,4757.5704770346065
1791115744,1000,,Aggregated,362.700000,0.000000,100,140,180,220,2500,4600,7800,10000,19000,29000,31000,302782,85,100,758.3081228355518,15.240199980325997,30600.083300028928,4757.935157968439
1791115745,1000,,Aggregated,354.900000,0.000000,100,140,180,220,2500,4600,7800,10000,19000,29000,31000,303093,85,100,758.1498259118291,15.240199980325997,30600.083300028928,4757.960840402121
1791115746,1000,,Aggregated,360.900000,0.000000,100,140,180,220,2500,4600,7800,10000,19000,29000,31000,303411,85,100,757.876967322523,15.240199980325997,30600.083300028928,4758.311873992703
1791115747,1000,,Aggregated,365.800000,0.000000,100,140,180,220,2500,4600,7800,10000,19000,29000,31000,303719,85,100,757.6683500725802,15.240199980325997,30600.083300028928,4758.361004744517
1791115748,1000,,Aggregated,360.000000,0.000000,100,140,180,220,2500,4600,7800,10000,19000,29000,31000,304087,85,100,758.160880701229,15.240199980325997,30600.083300028928,4757.993393338091
1791115749,1000,,Aggregated,358.800000,0.000000,100,140,180,220,2500,4700,7800,10000,19000,29000,31000,304488,85,100,758.930228899642,15.240199980325997,30600.083300028928,4757.279449436431
1791115750,1000,,Aggregated,350.800000,0.000000,100,140,180,220,2500,4700,7800,10000,19000,29000,31000,304856,85,100,759.3731894369598,15.240199980325997,30600.083300028928,4757.020075051828
1791115751,1000,,Aggregated,347.300000,0.000000,100,140,180,220,2500,4700,7800,10000,19000,29000,31000,305178,85,100,759.1182701669001,15.240199980325997,30600.083300028928,4757.301764871649
1791115752,1000,,Aggregated,345.900000,0.000000,110,140,180,220,2500,4700,7800,10000,19000,29000,31000,305505,85,110,758.7425276918391,15.240199980325997,30600.083300028928,4757.695484525621
1791115753,1000,,Aggregated,345.000000,0.000000,110,140,180,220,2500,4700,7800,10000,19000,29000,31000,305868,85,110,758.655818648223,15.240199980325997,30600.083300028928,4757.954081499209
1791115754,1000,,Aggregated,340.600000,0.000000,110,140,180,220,2500,4700,7800,10000,19000,29000,31000,306174,85,110,758.8764980380264,15.240199980325997,30600.083300028928,4758.008573556213
1791115755,1000,,Aggregated,345.100000,0.000000,110,140,180,220,2500,4700,7800,10000,19000,29000,31000,306529,85,110,758.6350250243704,15.240199980325997,30600.083300028928,4758.235103367055
1791115756,1000,,Aggregated,339.200000,0.000000,110,140,180,220,2500,4700,7800,10000,19000,29000,31000,306804,85,110,759.0672786948516,15.240199980325997,30600.083300028928,4758.162214312721
1791115757,1000,,Aggregated,336.500000,0.000000,110,140,180,220,2500,4700,7800,10000,19000,29000,31000,307133,85,110,759.3125404642141,15.240199980325997,30600.083300028928,4758.276147467058
1791115758,1000,,Aggregated,339.800000,0.000000,110,140,180,220,2500,4700,7800,10000,19000,29000,31000,307464,86,110,759.3891451886909,15.240199980325997,30600.083300028928,4758.473177347592
1791115759,1000,,Aggregated,335.600000,0.000000,110,140,180,220,2500,4700,7800,10000,19000,29000,31000,307848,86,110,760.6021659815757,15.240199980325997,30600.083300028928,4757.813826953561
1791115760,1000,,Aggregated,338.000000,0.000000,110,140,180,220,2500,4700,7800,10000,19000,29000,31000,308223,86,110,761.3867117619266,15.240199980325997,30600.083300028928,4757.511275926845
1791115761,1000,,Aggregated,333.200000,0.100000,110,140,180,220,2500,4700,7800,10000,19000,29000,31000,308557,86,110,761.3021932492079,15.240199980325997,30600.083300028928,4757.89540992426
1791115762,1000,,Aggregated,330.700000,0.100000,110,140,180,220,2500,4700,7800,10000,19000,29000,31000,308969,86,110,761.8170360647699,15.240199980325997,30600.083300028928,4757.660363984736
1791115763,1000,,Aggregated,330.800000,0.100000,110,140,180,220,2500,4700,7800,10000,19000,29000,31000,309364,86,110,762.4292235376322,15.240199980325997,30600.083300028928,4757.299291449554
1791115764,1000,,Aggregated,336.800000,0.100000,110,140,180,220,2500,4700,7800,10000,19000,29000,31000,309668,86,110,762.9327308820929,15.240199980325997,30600.083300028928,4757.251236808453
1791115765,1000,,Aggregated,340.900000,0.100000,110,140,180,220,2500,4700,7800,10000,19000,29000,31000,310112,86,110,762.6481327642781,15.240199980325997,30600.083300028928,4757.441301852234
1791115766,1000,,Aggregated,343.900000,0.100000,110,140,180,220,2500,4700,7800,10000,19000,29000,31000,310483,86,110,762.640179277757,15.240199980325997,30600.083300028928,4757.335760734082
1791115767,1000,,Aggregated,353.300000,0.100000,110,140,180,220,2500,4700,7800,10000,19000,29000,31000,310902,86,110,762.6090572022576,15.240199980325997,30600.083300028928,4757.278412490109
1791115768,1000,,Aggregated,355.700000,0.100000,110,140,180,220,2500,4700,7800,10000,19000,29000,31000,311341,86,110,762.3188259400346,15.240199980325997,30600.083300028928,4757.240128990399
1791115769,1000,,Aggregated,367.400000,0.100000,110,140,180,220,2500,4700,7800,10000,19000,29000,31000,311760,86,110,762.1173734738144,15.240199980325997,30600.083300028928,4756.922526943803
1791115770,1000,,Aggregated,375.100000,0.100000,110,140,180,220,2500,4700,7800,10000,19000,29000,31000,312138,86,110,761.5932610380545,15.240199980325997,30600.083300028928,4757.079983853296
1791115771,1000,,Aggregated,383.800000,0.000000,110,140,180,220,2500,4700,7800,10000,19000,29000,31000,312456,86,110,761.1160813970478,15.240199980325997,30600.083300028928,4757.438714571012
1791115772,1000,,Aggregated,388.500000,0.000000,110,140,180,220,2500,4700,7800,10000,19000,29000,31000,312892,86,110,760.6627003157491,15.240199980325997,30600.083300028928,4757.504282627871
1791115773,1000,,Aggregated,391.500000,0.000000,110,140,180,220,2500,4700,7800,10000,19000,29000,31000,313223,86,110,760.33388935166,15.240199980325997,30600.083300028928,4757.825644987756
1791115774,1000,,Aggregated,389.100000,0.000000,110,140,180,220,2500,4700,7800,10000,19000,29000,31000,313641,86,110,760.2859710783822,15.240199980325997,30600.083300028928,4757.571318800795
1791115775,1000,,Aggregated,386.900000,0.000000,110,140,180,220,2500,4700,7800,10000,19000,29000,31000,314019,86,110,760.1758033542415,15.240199980325997,30600.083300028928,4757.456364105356
1791115776,1000,,Aggregated,389.300000,0.000000,110,140,180,220,2500,4700,7800,10000,19000,29000,31000,314407,86,110,760.0439183338672,15.240199980325997,30600.083300028928,4757.476837347769
1791115777,1000,,Aggregated,389.600000,0.000000,110,140,180,220,2500,4700,7800,10000,19000,29000,31000,314826,86,110,760.0393072481202,15.240199980325997,30600.083300028928,4757.3018746863345
1791115778,1000,,Aggregated,386.600000,0.000000,110,140,180,220,2500,4700,7800,10000,19000,29000,31000,315216,86,110,760.0247835668122,15.240199980325997,30600.083300028928,4757.162177681336
1791115779,1000,,Aggregated,387.800000,0.000000,100,140,180,220,2500,4600,7800,10000,19000,29000,31000,315648,86,100,759.5722306635736,15.240199980325997,30600.083300028928,4757.350577225264
1791115780,1000,,Aggregated,389.200000,0.000000,100,140,180,220,2500,4600,7800,10000,19000,29000,31000,316042,86,100,759.2770614332761,15.240199980325997,30600.083300028928,4757.192512387594
1791115781,1000,,Aggregated,386.200000,0.000000,110,140,180,220,2500,4600,7800,10000,19000,29000,31000,316335,86,110,759.065196863755,15.240199980325997,30600.083300028928,4757.288810912482
1791115782,1000,,Aggregated,389.800000,0.000000,110,140,180,220,2500,4600,7800,10000,19000,29000,31000,316753,86,110,758.4897702512594,15.240199980325997,30600.083300028928,4758.2476756336955
1791115783,1000,,Aggregated,386.000000,0.000000,110,140,180,220,2500,4600,7800,10000,19000,29000,31000,317151,86,110,758.6008400011243,15.240199980325997,30600.083300028928,4757.637860199085
1791115784,1000,,Aggregated,381.200000,0.000000,110,140,180,220,2500,4600,7800,10000,19000,29000,31000,317510,86,110,758.3716438376625,15.240199980325997,30600.083300028928,4757.764864098768
1791115785,1000,,Aggregated,385.500000,0.000000,110,140,180,220,2500,4600,7800,10000,19000,29000,31000,317929,86,110,758.3289380952873,15.240199980325997,30600.083300028928,4757.402640212123
1791115786,1000,,Aggregated,385.200000,0.000000,100,140,180,220,2500,4600,7800,10000,19000,29000,31000,318341,86,100,758.1346098366082,15.240199980325997,30600.083300028928,4757.188533679294
1791115787,1000,,Aggregated,382.900000,0.000000,100,140,180,220,2500,4600,7800,10000,19000,29000,31000,318751,86,100,757.6981623712423,15.240199980325997,30600.083300028928,4757.332102487521
1791115788,1000,,Aggregated,391.800000,0.000000,100,140,180,220,2500,4600,7800,10000,19000,29000,31000,319116,86,100,757.3334300056906,15.240199980325997,30600.083300028928,4757.730577595607
1791115789,1000,,Aggregated,388.800000,0.000000,100,140,180,220,2500,4600,7800,10000,19000,29000,31000,319546,86,100,757.1558608963825,15.240199980325997,30600.083300028928,4757.4871505198
1791115790,1000,,Aggregated,387.400000,0.000000,100,140,180,220,2500,4600,7800,10000,19000,29000,31000,319871,86,100,757.0663876634505,15.240199980325997,30600.083300028928,4757.275292227179
1791115791,1000,,Aggregated,385.000000,0.000000,110,140,180,220,2500,4600,7800,10000,19000,29000,31000,320255,86,110,756.480815006465,15.240199980325997,30600.083300028928,4757.972512529079
1791115792,1000,,Aggregated,381.300000,0.000000,100,140,180,220,2500,4600,7800,10000,19000,29000,31000,320690,86,100,756.3628440970879,15.240199980325997,30600.083300028928,4757.538376625402
1791115793,1000,,Aggregated,380.700000,0.000000,110,140,180,220,2500,4600,7800,10000,19000,29000,31000,321009,86,110,756.0328975822948,15.240199980325997,30600.083300028928,4757.731960786146
1791115794,1000,,Aggregated,388.400000,0.000000,110,140,180,220,2500,4600,7800,10000,19000,29000,31000,321330,86,110,755.8339279992392,15.240199980325997,30600.083300028928,4757.876401207482
1791115795,1000,,Aggregated,388.700000,0.000000,110,140,180,220,2500,4600,7800,10000,19000,29000,31000,321574,86,110,755.626042602001,15.240199980325997,30600.083300028928,4758.475853147332
1791115796,1000,,Aggregated,384.000000,0.000000,110,140,180,220,2500,4600,7800,10000,19000,29000,31000,321982,86,110,755.5815257433511,15.240199980325997,30600.083300028928,4758.879651657546
1791115797,1000,,Aggregated,375.100000,0.000000,110,140,180,220,2500,4600,7800,10000,19000,29000,31000,322313,86,110,755.9602764610665,15.240199980325997,30600.083300028928,4758.471876716111
1791115798,1000,,Aggregated,358.900000,0.000000,110,140,180,220,2500,4600,7800,10000,19000,29000,31000,322611,86,110,755.7681997365106,15.240199980325997,30600.083300028928,4758.653387516235
1791115799,1000,,Aggregated,360.200000,0.000000,110,140,180,220,2500,4600,7800,10000,19000,29000,31000,322957,86,110,755.4582273835082,15.240199980325997,30600.083300028928,4759.119882832699
1791115800,1000,,Aggregated,351.200000,0.000000,110,140,180,220,2500,4600,7800,10000,19000,29000,31000,323258,86,110,756.0406171596547,15.240199980325997,30600.083300028928,4758.841358914551
1791115801,1000,,Aggregated,343.800000,0.000000,110,140,180,220,2500,4600,7800,10000,19000,29000,31000,323607,86,110,756.5144327007611,15.240199980325997,30600.083300028928,4758.816731405686
1791115802,1000,,Aggregated,336.100000,0.000000,110,140,180,220,2500,4600,7800,10000,19000,29000,31000,323914,86,110,756.3335624301346,15.240199980325997,30600.083300028928,4758.880252165698
1791115803,1000,,Aggregated,332.700000,0.000000,110,140,180,220,2500,4600,7800,10000,19000,29000,31000,324265,86,110,756.322722057869,15.240199980325997,30600.083300028928,4758.777197662405
1791115805,1000,,Aggregated,328.800000,0.000000,110,140,180,220,2500,4600,7800,10000,19000,29000,31000,324653,86,110,757.2405341496782,15.240199980325997,30600.083300028928,4758.3581731879885
1791115806,1000,,Aggregated,318.400000,0.000000,110,140,180,220,2500,4600,7800,10000,19000,29000,31000,325019,86,110,758.230346300358,15.240199980325997,30600.083300028928,4757.656226251388
1791115807,1000,,Aggregated,330.300000,0.000000,110,140,180,220,2500,4600,7800,10000,19000,29000,31000,325459,86,110,758.8335918972755,15.240199980325997,30600.083300028928,4757.306023185716
1791115808,1000,,Aggregated,341.600000,0.000000,110,140,180,220,2500,4600,7800,10000,19000,29000,31000,325879,86,110,758.8896584790513,15.240199980325997,30600.083300028928,4757.297558296177
1791115809,1000,,Aggregated,343.700000,0.000000,110,140,180,220,2500,4600,7800,10000,19000,29000,31000,326295,86,110,759.0311172791326,15.240199980325997,30600.083300028928,4757.141660154155
1791115810,1000,,Aggregated,351.600000,0.000000,110,140,180,220,2500,4600,7800,10000,19000,29000,31000,326741,86,110,759.5228961440246,15.240199980325997,30600.083300028928,4756.2875672168475
