Timestamp,User Count,Type,Name,Requests/s,Failures/s,50%,66%,75%,80%,90%,95%,98%,99%,99.9%,99.99%,100%,Total Request Count,Total Failure Count,Total Median Response Time,Total Average Response Time,Total Min Response Time,Total Max Response Time,Total Average Content Size
1791118031,0,,Aggregated,0.000000,0.000000,N/A,N/A,N/A,N/A,N/A,N/A,N/A,N/A,N/A,N/A,N/A,0,0,0,0.0,0,0,0
1791118032,10,,Aggregated,0.000000,0.000000,130,160,160,160,170,170,170,170,170,170,170,20,0,69,88.09068000409752,7.035199960228056,171.1681000306271,5422.3
1791118033,30,,Aggregated,0.000000,0.000000,16,23,39,130,160,160,170,170,170,170,170,45,0,16,47.5231911172159,3.333300002850592,171.1681000306271,5278.2
1791118034,40,,Aggregated,0.000000,0.000000,14,23,60,64,150,160,170,170,170,170,170,79,0,14,37.87655696564625,2.5636000209487975,171.1681000306271,5283.126582278481
1791118035,50,,Aggregated,20.000000,0.000000,13,21,24,35,66,160,160,170,170,170,170,111,0,13,30.729896398911436,2.2042999626137316,171.1681000306271,5159.657657657658
1791118036,60,,Aggregated,22.500000,0.000000,14,21,28,57,66,150,160,170,170,170,170,152,0,14,30.511948027292657,2.2042999626137316,171.1681000306271,4973.0
1791118037,70,,Aggregated,27.750000,0.000000,13,19,22,27,64,130,160,170,170,170,170,199,0,13,25.81386432144089,2.2042999626137316,171.1681000306271,5049.653266331658
1791118038,80,,Aggregated,30.400000,0.000000,13,18,22,25,62,90,160,160,170,170,170,248,0,12,23.52020685488711,2.2042999626137316,171.1681000306271,5087.112903225807
1791118039,90,,Aggregated,32.833333,0.000000,12,17,21,24,57,66,160,160,170,170,170,303,0,12,21.799716501413744,2.2042999626137316,171.1681000306271,5137.201320132013
1791118040,100,,Aggregated,35.000000,0.000000,12,17,22,25,38,64,150,160,170,170,170,370,0,12,20.526774864599762,2.2042999626137316,171.1681000306271,5122.791891891892
1791118041,110,,Aggregated,37.750000,0.000000,11,16,21,24,34,63,130,160,170,170,170,427,0,11,19.054016393644243,2.2042999626137316,171.1681000306271,5074.065573770492
1791118042,120,,Aggregated,39.555556,0.000000,11,15,21,24,33,62,130,160,170,170,170,499,0,11,18.183061923740247,2.2042999626137316,171.1681000306271,5054.128256513026
1791118043,130,,Aggregated,42.400000,0.000000,11,16,21,24,32,59,92,160,170,170,170,579,0,11,17.71365613155855,2.2042999626137316,171.1681000306271,4963.110535405872
1791118044,140,,Aggregated,47.500000,0.000000,11,15,20,22,30,55,69,160,170,170,170,664,0,11,16.665321536076743,2.2042999626137316,171.1681000306271,4961.655120481928
1791118045,150,,Aggregated,52.500000,0.000000,11,15,19,22,30,53,69,150,170,170,170,738,0,11,16.269405420395096,2.2042999626137316,171.1681000306271,4973.762872628727
1791118046,160,,Aggregated,57.000000,0.000000,10,15,19,21,29,53,90,130,170,170,170,829,0,10,16.14615042247069,2.2042999626137316,171.1681000306271,4951.032569360676
1791118047,170,,Aggregated,62.000000,0.000000,11,16,20,23,32,56,92,130,170,170,170,929,0,11,17.409763401684994,2.2042999626137316,171.1681000306271,4946.172228202368
1791118048,180,,Aggregated,66.900000,0.000000,12,17,21,24,33,55,90,130,170,170,170,1034,0,12,17.678591296526225,2.2042999626137316,171.1681000306271,4954.058994197292
1791118049,190,,Aggregated,71.500000,0.000000,12,17,20,23,32,50,72,130,170,170,170,1146,0,12,17.25170218197216,2.2042999626137316,171.1681000306271,4970.821116928447
1791118050,200,,Aggregated,76.600000,0.000000,11,16,20,23,32,47,69,100,170,170,170,1235,0,11,16.774834494147946,2.2042999626137316,171.1681000306271,4973.357085020243
1791118051,210,,Aggregated,81.500000,0.000000,11,16,20,23,32,45,67,100,170,170,170,1373,0,11,16.495052512849764,2.2042999626137316,171.1681000306271,4963.580480699199
1791118052,220,,Aggregated,86.900000,0.000000,11,16,20,22,32,42,65,100,170,170,170,1490,0,11,15.969457450102476,2.2042999626137316,171.1681000306271,4970.986577181208
1791118053,230,,Aggregated,92.200000,0.000000,11,16,20,23,31,42,65,97,170,170,170,1597,0,11,16.08159142181437,2.2042999626137316,171.1681000306271,4981.911083281152
1791118054,240,,Aggregated,97.100000,0.000000,12,17,21,24,32,44,65,97,170,170,170,1743,0,12,16.680712565193,2.2042999626137316,171.1681000306271,4978.110154905336
1791118055,250,,Aggregated,0.000000,0.000000,50,62,62,69,75,75,75,75,75,75,75,13,0,50,52.56793076673952,26.805499976035208,75.1538000185974,4469.153846153846
1791118056,250,,Aggregated,0.000000,0.000000,26,53,94,130,200,250,380,380,380,380,380,147,0,26,66.24139387510577,2.903299988247454,380.614300025627,4760.972789115646
1791118057,250,,Aggregated,0.000000,0.000000,6,13,34,51,150,200,310,380,380,380,380,262,0,6,39.62068244097719,2.263600006699562,380.614300025627,4799.595419847328
1791118058,250,,Aggregated,130.000000,0.000000,5,8,14,26,75,180,250,370,380,380,380,395,0,5,28.53984759392547,2.263600006699562,380.614300025627,4805.359493670886
1791118059,250,,Aggregated,120.500000,0.000000,5,7,12,15,51,150,210,310,380,380,380,512,0,5,23.581861716934327,2.263600006699562,380.614300025627,4800.78125
1791118060,250,,Aggregated,123.666667,0.000000,5,7,10,13,34,130,200,260,380,380,380,644,0,5,19.95250481211216,2.263600006699562,380.614300025627,4816.445652173913
1791118061,250,,Aggregated,123.500000,0.000000,5,7,9,12,27,84,200,250,380,380,380,761,0,5,17.828077528076236,2.017799997702241,380.614300025627,4862.868593955322
1791118062,250,,Aggregated,122.400000,0.000000,5,6,9,11,22,64,180,240,380,380,380,881,0,5,16.25531884093973,2.017799997702241,380.614300025627,4848.517593643587
1791118063,250,,Aggregated,124.000000,0.000000,5,7,8,10,19,52,180,210,380,380,380,1018,0,5,14.973923475902403,2.017799997702241,380.614300025627,4832.789783889981
1791118064,250,,Aggregated,122.142857,0.000000,5,7,8,10,18,47,170,210,380,380,380,1137,0,5,14.112763059110092,2.017799997702241,380.614300025627,4818.3482849604225
1791118065,250,,Aggregated,123.750000,0.000000,5,6,8,10,17,35,150,200,380,380,380,1277,0,5,13.30887423514643,2.017799997702241,380.614300025627,4787.616288175411
1791118066,250,,Aggregated,123.222222,0.000000,5,7,10,13,21,39,150,200,380,380,380,1394,0,5,13.90192804789943,2.017799997702241,380.614300025627,4814.515064562411
1791118067,250,,Aggregated,124.600000,0.000000,5,8,11,14,24,38,130,200,380,380,380,1514,0,5,14.046538572245101,2.017799997702241,380.614300025627,4817.852708058124
1791118068,250,,Aggregated,123.400000,0.000000,6,9,13,16,27,40,110,190,380,380,380,1651,0,6,14.536519502238825,2.017799997702241,380.614300025627,4826.264688067838
1791118069,250,,Aggregated,124.200000,0.000000,6,10,14,17,29,39,110,180,380,380,380,1776,0,6,14.82705979622158,2.017799997702241,380.614300025627,4823.113175675676
1791118070,250,,Aggregated,124.300000,0.000000,6,10,14,17,28,38,93,180,380,380,380,1899,0,6,14.322326065470495,2.017799997702241,380.614300025627,4820.977883096367
1791118071,250,,Aggregated,125.400000,0.000000,6,10,13,16,27,37,75,180,380,380,380,2027,0,6,13.85265382262453,2.017799997702241,380.614300025627,4799.3246176615685
1791118072,250,,Aggregated,125.900000,0.000000,6,9,13,16,26,36,69,180,380,380,380,2148,0,6,13.500709170553646,2.017799997702241,380.614300025627,4823.4110800744875
1791118073,250,,Aggregated,125.000000,0.000000,6,9,13,16,26,36,66,170,380,380,380,2279,0,6,13.421440806672813,2.017799997702241,380.614300025627,4812.2961825362
1791118074,250,,Aggregated,126.800000,0.000000,6,9,13,15,26,35,65,160,380,380,380,2405,0,6,13.010894303019361,2.017799997702241,380.614300025627,4817.240332640333
1791118075,250,,Aggregated,126.000000,0.000000,6,8,13,15,25,34,64,150,380,380,380,2538,0,6,12.615471000220243,2.017799997702241,380.614300025627,4818.265563435776
1791118076,250,,Aggregated,126.100000,0.000000,6,8,12,14,24,34,62,150,380,380,380,2659,0,6,12.292750394363209,2.017799997702241,380.614300025627,4825.239563745769
1791118077,250,,Aggregated,125.500000,0.000000,6,8,12,14,23,33,58,150,380,380,380,2783,0,6,12.150809737171695,2.017799997702241,380.614300025627,4819.217750628818
1791118078,250,,Aggregated,126.100000,0.000000,6,9,13,15,26,36,62,130,380,380,380,2908,0,6,12.645618121892802,2.017799997702241,380.614300025627,4813.1887895460795
1791118079,250,,Aggregated,125.800000,0.000000,6,9,13,16,26,36,60,130,370,380,380,3025,0,6,12.782903073821217,2.017799997702241,380.614300025627,4812.05652892562
1791118080,250,,Aggregated,125.100000,0.000000,6,10,14,16,26,36,59,130,370,380,380,3156,0,6,12.947493282049223,2.017799997702241,380.614300025627,4798.536755386565
1791118081,250,,Aggregated,123.300000,0.000000,6,10,14,17,27,37,60,130,370,380,380,3276,0,6,13.05765302141293,2.017799997702241,380.614300025627,4802.470085470086
1791118082,250,,Aggregated,124.600000,0.000000,6,10,14,17,26,36,58,110,370,380,380,3395,0,6,12.923166656246702,2.017799997702241,380.614300025627,4807.949926362297
1791118083,250,,Aggregated,124.600000,0.000000,6,11,14,18,27,38,58,110,370,380,380,3521,0,6,13.22981056463869,2.017799997702241,380.614300025627,4799.902868503266
1791118084,250,,Aggregated,123.400000,0.000000,7,11,15,19,28,38,58,100,370,380,380,3651,0,7,13.523567487745003,2.017799997702241,380.614300025627,4802.18597644481
1791118085,250,,Aggregated,123.000000,0.000000,7,11,15,18,28,38,58,94,370,380,380,3776,0,7,13.42038877059383,2.017799997702241,380.614300025627,4798.740730932203
1791118086,250,,Aggregated,124.200000,0.000000,7,11,15,18,27,38,55,84,370,380,380,3902,0,7,13.230208764260258,2.017799997702241,380.614300025627,4795.574833418759
1791118087,250,,Aggregated,123.500000,0.000000,6,11,14,18,27,37,55,76,350,380,380,4024,0,6,13.002362946888745,2.017799997702241,380.614300025627,4798.343687872763
1791118088,250,,Aggregated,123.100000,0.000000,6,11,14,17,27,36,54,76,350,380,380,4145,0,6,12.790676501334675,2.017799997702241,380.614300025627,4795.694571773221
1791118089,250,,Aggregated,124.400000,0.000000,6,10,14,17,26,36,54,75,350,380,380,4268,0,6,12.612096344476702,2.017799997702241,380.614300025627,4789.537956888473
1791118090,250,,Aggregated,124.100000,0.000000,6,10,14,17,26,36,53,75,350,380,380,4392,0,6,12.438551957784975,2.017799997702241,380.614300025627,4789.503415300546
1791118091,250,,Aggregated,124.800000,0.000000,6,10,14,16,26,35,53,72,350,380,380,4521,0,6,12.264727471508905,2.017799997702241,380.614300025627,4790.643884096439
1791118092,250,,Aggregated,123.900000,0.000000,6,10,13,16,26,35,52,72,350,380,380,4640,0,6,12.176022499574927,2.017799997702241,380.614300025627,4790.133620689655
1791118093,250,,Aggregated,122.200000,0.000000,6,10,14,17,26,35,52,72,350,380,380,4771,0,6,12.33917141014648,2.017799997702241,380.614300025627,4786.831272269965
1791118094,250,,Aggregated,124.100000,0.000000,6,11,14,17,26,36,53,72,350,380,380,4890,0,6,12.521223762372113,2.017799997702241,380.614300025627,4780.50163599182
1791118095,250,,Aggregated,124.700000,0.000000,7,11,14,17,27,36,53,71,310,380,380,5023,0,7,12.662297391642138,2.017799997702241,380.614300025627,4778.693410312562
1791118096,250,,Aggregated,123.700000,0.000000,7,11,15,18,27,37,54,74,310,380,380,5140,0,7,12.837109941303375,2.017799997702241,380.614300025627,4771.21653696498
1791118097,250,,Aggregated,122.300000,0.000000,7,11,14,18,27,37,54,72,310,380,380,5253,0,7,12.698833237818516,2.017799997702241,380.614300025627,4773.718065867123
1791118098,250,,Aggregated,122.300000,0.000000,6,11,14,17,27,36,54,72,310,380,380,5380,0,6,12.541163624216695,2.017799997702241,380.614300025627,4773.269144981413
1791118099,250,,Aggregated,122.300000,0.000000,6,11,14,17,26,36,53,71,310,380,380,5519,0,6,12.383802880709466,2.017799997702241,380.614300025627,4771.12792172495
1791118100,250,,Aggregated,122.400000,0.000000,6,10,14,17,26,35,53,71,310,380,380,5642,0,6,12.269880503145925,2.017799997702241,380.614300025627,4767.36086494151
1791118101,250,,Aggregated,122.700000,0.000000,6,10,14,16,26,35,52,71,310,380,380,5766,0,6,12.143600814816459,2.017799997702241,380.614300025627,4774.226847034339
1791118102,250,,Aggregated,122.100000,0.000000,6,10,14,16,26,35,52,71,310,380,380,5890,0,6,12.019209846913899,2.017799997702241,380.614300025627,4780.795755517827
1791118103,250,,Aggregated,125.200000,0.000000,6,10,14,16,26,34,51,70,260,380,380,6011,0,6,11.96235934094193,2.017799997702241,380.614300025627,4781.2774912660125
1791118104,250,,Aggregated,123.200000,0.000000,6,10,13,16,25,34,51,69,260,380,380,6129,0,6,11.871857790568615,2.017799997702241,380.614300025627,4780.046989720999
1791118105,250,,Aggregated,122.500000,0.000000,6,10,14,16,26,34,52,70,260,380,380,6263,0,6,12.0696294265481,2.017799997702241,380.614300025627,4776.01612645697
1791118106,250,,Aggregated,123.500000,0.000000,6,10,14,17,26,34,51,69,260,380,380,6386,0,6,12.106545333329949,2.017799997702241,380.614300025627,4773.63827121829
1791118107,250,,Aggregated,123.600000,0.000000,6,10,14,16,26,34,51,68,260,380,380,6514,0,6,12.02420684657349,2.017799997702241,380.614300025627,4767.813785692355
1791118108,250,,Aggregated,124.900000,0.000000,6,10,14,16,26,34,51,67,260,380,380,6638,0,6,11.966404458967384,2.017799997702241,380.614300025627,4765.06628502561
1791118109,250,,Aggregated,123.900000,0.000000,6,10,14,16,25,34,50,67,260,380,380,6760,0,6,11.861975458326622,2.017799997702241,380.614300025627,4766.372337278107
1791118110,250,,Aggregated,125.100000,0.000000,6,10,14,16,25,33,50,67,260,380,380,6889,0,6,11.753662737470151,2.017799997702241,380.614300025627,4771.010741762229
1791118111,250,,Aggregated,123.700000,0.000000,6,10,13,16,25,33,49,66,250,380,380,7020,0,6,11.654207991256028,2.017799997702241,380.614300025627,4769.805698005698
1791118112,250,,Aggregated,124.700000,0.000000,6,10,13,16,25,33,49,66,250,380,380,7134,0,6,11.579250994995526,2.017799997702241,380.614300025627,4769.38519764508
1791118113,250,,Aggregated,124.500000,0.000000,6,10,13,16,24,33,49,66,250,380,380,7266,0,6,11.494590049337042,2.017799997702241,380.614300025627,4774.715799614643
1791118114,250,,Aggregated,124.300000,0.000000,6,10,13,16,25,33,49,66,250,380,380,7385,0,6,11.594530656505325,2.017799997702241,380.614300025627,4775.462153012864
1791118115,250,,Aggregated,124.800000,0.000000,6,10,13,16,25,33,49,65,250,380,380,7511,0,6,11.631363573206189,2.017799997702241,380.614300025627,4773.766209559313
1791118116,250,,Aggregated,123.500000,0.000000,6,10,13,16,25,33,49,65,250,380,380,7649,0,6,11.587105909036309,2.017799997702241,380.614300025627,4775.45639952935
1791118117,250,,Aggregated,125.600000,0.000000,6,10,13,16,24,33,48,65,250,380,380,7766,0,6,11.532019598079385,2.017799997702241,380.614300025627,4776.071851661087
1791118118,250,,Aggregated,123.400000,0.000000,6,10,13,16,24,33,48,65,250,380,380,7896,0,6,11.459852178151904,2.017799997702241,380.614300025627,4774.464539007092
1791118119,250,,Aggregated,124.800000,0.000000,6,10,13,15,24,32,47,64,240,380,380,8038,0,6,11.379205772432384,2.017799997702241,380.614300025627,4771.7789251057475
1791118120,250,,Aggregated,124.600000,0.000000,6,10,13,15,24,32,47,64,240,380,380,8154,0,6,11.302939367051463,2.017799997702241,380.614300025627,4776.075300466029
1791118121,250,,Aggregated,126.600000,0.000000,6,10,13,15,24,32,46,63,240,380,380,8283,0,6,11.24375514894483,2.017799997702241,380.614300025627,4774.221296631656
1791118122,250,,Aggregated,126.700000,0.000000,6,10,13,15,24,32,46,63,240,380,380,8414,0,6,11.227590361112682,1.9761999719776213,380.614300025627,4775.736154028999
1791118123,250,,Aggregated,125.000000,0.000000,6,10,13,15,24,33,50,69,240,380,380,8536,0,6,11.582801276804826,1.9761999719776213,380.614300025627,4776.505506091847
1791118124,250,,Aggregated,126.500000,0.000000,6,10,13,15,24,33,50,69,240,380,380,8656,0,6,11.515526097408975,1.9761999719776213,380.614300025627,4777.32185767098
1791118125,250,,Aggregated,126.400000,0.000000,6,10,13,15,24,33,49,68,240,380,380,8778,0,6,11.464680211813391,1.9761999719776213,380.614300025627,4775.909090909091
1791118126,250,,Aggregated,126.400000,0.000000,6,10,13,15,24,32,49,67,240,380,380,8908,0,6,11.393742456145993,1.9761999719776213,380.614300025627,4774.537494387067
1791118127,250,,Aggregated,125.500000,0.000000,6,10,13,15,24,32,49,67,240,380,380,9029,0,6,11.32483228478866,1.9761999719776213,380.614300025627,4773.539705393731
1791118128,250,,Aggregated,126.700000,0.000000,6,9,13,15,23,32,48,66,240,380,380,9170,0,6,11.251219007544089,1.9761999719776213,380.614300025627,4774.2777535441655
1791118129,250,,Aggregated,125.900000,0.000000,6,9,13,15,23,32,48,66,240,380,380,9286,0,6,11.188330174378471,1.9761999719776213,380.614300025627,4778.480615981047
1791118130,250,,Aggregated,127.500000,0.000000,6,9,13,15,23,32,47,66,240,380,380,9414,0,6,11.13026534933778,1.9761999719776213,380.614300025627,4778.1113235606545
1791118131,250,,Aggregated,125.100000,0.000000,6,9,12,15,23,31,47,65,240,380,380,9551,0,6,11.059502072923333,1.9761999719776213,380.614300025627,4776.862108679719
1791118132,250,,Aggregated,124.900000,0.000000,6,9,12,15,23,31,47,65,240,380,380,9669,0,6,11.003536559997361,1.9761999719776213,380.614300025627,4775.012514220705
1791118133,250,,Aggregated,125.600000,0.000000,6,9,12,14,22,31,46,65,240,380,380,9801,0,6,10.931365309527727,1.9761999719776213,380.614300025627,4774.174676053464
1791118134,250,,Aggregated,125.300000,0.000000,6,9,12,14,22,31,46,64,240,380,380,9919,0,6,10.878638330326766,1.9761999719776213,380.614300025627,4772.769835668918
1791118135,250,,Aggregated,124.600000,0.000000,6,9,12,14,22,31,46,64,240,380,380,10048,0,6,10.871911763399783,1.9761999719776213,380.614300025627,4773.135648885351
1791118136,250,,Aggregated,126.100000,0.000000,6,9,12,14,22,31,45,64,240,380,380,10181,0,6,10.811215352024432,1.9761999719776213,380.614300025627,4776.024064433749
1791118137,250,,Aggregated,125.900000,0.000000,6,9,12,14,22,31,45,63,240,380,380,10303,0,6,10.768729816441965,1.9761999719776213,380.614300025627,4778.76094341454
1791118138,250,,Aggregated,126.300000,0.000000,6,9,12,14,22,30,45,63,240,380,380,10438,0,6,10.721918930688195,1.9761999719776213,380.614300025627,4774.457654723127
1791118139,250,,Aggregated,127.200000,0.000000,6,9,12,14,22,30,45,63,240,380,380,10559,0,6,10.667256766623325,1.9761999719776213,380.614300025627,4773.400795529879
1791118140,250,,Aggregated,124.100000,0.000000,6,9,12,14,22,30,44,63,240,380,380,10688,0,6,10.647443403700063,1.9761999719776213,380.614300025627,4773.948914670658
1791118141,250,,Aggregated,126.000000,0.000000,6,9,12,14,22,30,44,62,240,380,380,10805,0,6,10.595294835634421,1.9761999719776213,380.614300025627,4775.272096251735
1791118142,250,,Aggregated,126.700000,0.000000,6,9,12,14,22,30,44,62,240,380,380,10932,0,6,10.563235309109286,1.9761999719776213,380.614300025627,4779.375594584705
1791118143,250,,Aggregated,126.000000,0.000000,6,9,12,14,22,30,44,62,230,380,380,11048,0,6,10.523134811651444,1.9761999719776213,380.614300025627,4780.951846488052
1791118144,250,,Aggregated,126.000000,0.000000,6,9,12,14,21,30,43,62,230,380,380,11175,0,6,10.473020697899072,1.9761999719776213,380.614300025627,4782.772617449665
1791118145,250,,Aggregated,125.600000,0.000000,6,9,12,14,21,29,43,61,230,380,380,11307,0,6,10.418826284527142,1.9761999719776213,380.614300025627,4783.916954099231
1791118146,250,,Aggregated,124.600000,0.000000,6,9,12,14,21,29,43,60,230,380,380,11419,0,6,10.38360330145391,1.9761999719776213,380.614300025627,4781.4205271915225
1791118147,250,,Aggregated,124.300000,0.000000,6,9,12,14,21,29,43,60,230,380,380,11541,0,6,10.33556345198824,1.9761999719776213,380.614300025627,4779.06238627502
1791118148,250,,Aggregated,125.100000,0.000000,6,8,12,14,21,29,43,60,230,380,380,11675,0,6,10.292091828659256,1.9761999719776213,380.614300025627,4779.376359743041
1791118149,250,,Aggregated,121.100000,0.000000,6,8,12,14,21,29,43,60,230,380,380,11798,0,6,10.25100950156359,1.9761999719776213,380.614300025627,4778.291066282421
1791118150,250,,Aggregated,124.000000,0.000000,6,8,12,14,21,29,43,60,230,380,380,11932,0,6,10.225344703264566,1.9761999719776213,380.614300025627,4778.456084478713
1791118151,250,,Aggregated,123.600000,0.000000,6,8,12,14,21,29,42,60,210,380,380,12063,0,6,10.178197521311146,1.9761999719776213,380.614300025627,4776.944541158916
1791118152,250,,Aggregated,123.600000,0.000000,6,8,12,14,21,29,43,60,210,380,380,12176,0,6,10.19321112023103,1.9761999719776213,380.614300025627,4779.103153745073
1791118153,250,,Aggregated,123.900000,0.000000,6,8,12,14,21,29,43,59,210,380,380,12302,0,6,10.191907364653982,1.9761999719776213,380.614300025627,4780.575109738254
1791118154,250,,Aggregated,124.600000,0.000000,6,8,11,13,21,29,42,59,210,380,380,12432,0,6,10.154872176661714,1.9761999719776213,380.614300025627,4782.49453024453
1791118155,250,,Aggregated,124.000000,0.000000,6,8,11,13,21,28,42,59,210,380,380,12562,0,6,10.106358024214739,1.9761999719776213,380.614300025627,4785.39508040121
1791118156,250,,Aggregated,124.200000,0.000000,6,8,11,13,21,28,42,59,210,380,380,12684,0,6,10.069091240972345,1.9761999719776213,380.614300025627,4784.967123935667
1791118157,250,,Aggregated,124.900000,0.000000,6,8,11,13,20,28,42,58,210,380,380,12819,0,6,10.022593299047552,1.9761999719776213,380.614300025627,4784.85552695218
1791118158,250,,Aggregated,124.600000,0.000000,6,8,11,13,20,28,42,58,210,380,380,12930,0,6,10.030103766456447,1.9761999719776213,380.614300025627,4781.416782675948
1791118159,250,,Aggregated,128.200000,0.000000,6,8,11,13,20,28,41,58,210,380,380,13065,0,6,10.020401653263596,1.9761999719776213,380.614300025627,4781.984921546115
1791118160,250,,Aggregated,125.900000,0.000000,6,8,11,13,20,28,41,58,210,380,380,13175,0,6,10.024866626197667,1.9761999719776213,380.614300025627,4781.152713472486
1791118161,250,,Aggregated,124.500000,0.000000,6,8,11,13,20,28,41,58,210,380,380,13311,0,6,9.97954129669024,1.9761999719776213,380.614300025627,4780.973405454136
1791118162,250,,Aggregated,124.600000,0.000000,6,8,11,13,20,28,41,58,210,380,380,13437,0,6,9.962000081913889,1.9761999719776213,380.614300025627,4780.233757535164
1791118163,250,,Aggregated,124.400000,0.000000,6,8,11,13,20,28,41,58,210,380,380,13555,0,6,9.955216422023465,1.9761999719776213,380.614300025627,4778.439985245297
1791118164,250,,Aggregated,123.400000,0.000000,6,8,11,13,21,28,42,58,210,380,380,13697,0,6,10.047624706169088,1.9761999719776213,380.614300025627,4774.639118055048
1791118165,250,,Aggregated,125.000000,0.000000,6,8,12,14,21,28,42,58,210,380,380,13823,0,6,10.084236714215686,1.9761999719776213,380.614300025627,4773.536063083267
1791118166,250,,Aggregated,125.000000,0.000000,6,8,11,14,21,28,42,58,210,380,380,13961,0,6,10.057729009427185,1.9761999719776213,380.614300025627,4772.974643650168
1791118167,250,,Aggregated,125.100000,0.000000,6,8,11,13,21,28,42,58,210,380,380,14082,0,6,10.023980159093908,1.9761999719776213,380.614300025627,4774.583936940776
1791118168,250,,Aggregated,125.000000,0.000000,6,8,11,13,20,28,42,57,210,380,380,14210,0,6,9.999466023971848,1.9761999719776213,380.614300025627,4774.003448275862
1791118169,250,,Aggregated,126.300000,0.000000,6,8,11,13,20,28,41,57,210,380,380,14340,0,6,9.975634476983714,1.9761999719776213,380.614300025627,4772.35069735007
1791118170,250,,Aggregated,125.500000,0.000000,6,8,11,13,20,28,41,57,210,380,380,14454,0,6,9.972565006243391,1.9761999719776213,380.614300025627,4773.208316037083
1791118171,250,,Aggregated,126.700000,0.000000,6,8,11,13,20,28,41,57,210,380,380,14588,0,6,9.938863079266419,1.9761999719776213,380.614300025627,4773.87037290924
1791118172,250,,Aggregated,126.300000,0.000000,6,8,11,13,20,28,41,57,210,380,380,14716,0,6,9.958125570841254,1.9761999719776213,380.614300025627,4775.087591736885
1791118173,250,,Aggregated,125.600000,0.000000,6,8,11,13,20,28,41,57,210,380,380,14841,0,6,9.993826204474864,1.9761999719776213,380.614300025627,4777.395862812479
1791118174,250,,Aggregated,126.800000,0.000000,6,8,11,14,20,28,41,56,210,380,380,14959,0,6,9.99668578788594,1.9761999719776213,380.614300025627,4779.5055150745375
1791118175,250,,Aggregated,127.100000,0.000000,6,8,11,13,20,28,41,56,210,380,380,15093,0,6,9.966769224251012,1.9761999719776213,380.614300025627,4780.113695090439
1791118176,250,,Aggregated,126.400000,0.000000,6,8,11,13,20,28,41,55,210,380,380,15217,0,6,9.936354248663148,1.9761999719776213,380.614300025627,4779.911349148978
1791118177,250,,Aggregated,125.700000,0.000000,6,8,11,13,20,28,41,55,210,380,380,15343,0,6,9.903884846635782,1.9761999719776213,380.614300025627,4776.977970409959
1791118178,250,,Aggregated,125.700000,0.000000,6,8,11,13,20,28,40,55,210,380,380,15466,0,6,9.8731835640578,1.9761999719776213,380.614300025627,4776.457907668434
1791118179,250,,Aggregated,124.100000,0.000000,6,8,11,13,20,28,40,54,210,380,380,15597,0,6,9.851957363713602,1.9761999719776213,380.614300025627,4778.062704366224
1791118180,250,,Aggregated,124.900000,0.000000,6,8,11,13,20,27,40,54,210,380,380,15712,0,6,9.834581014636722,1.9761999719776213,380.614300025627,4778.981415478615
1791118181,250,,Aggregated,125.000000,0.000000,6,8,11,13,20,27,40,54,210,380,380,15833,0,6,9.811129906024016,1.9761999719776213,380.614300025627,4780.648203120066
1791118182,250,,Aggregated,124.800000,0.000000,6,8,11,13,20,27,40,54,210,380,380,15960,0,6,9.82312066425811,1.9761999719776213,380.614300025627,4779.923558897243
1791118184,250,,Aggregated,124.800000,0.000000,6,8,11,13,20,27,40,54,200,380,380,16091,0,6,9.786615319210348,1.9761999719776213,380.614300025627,4782.281523833199
1791118185,250,,Aggregated,123.600000,0.000000,6,8,11,13,20,27,40,54,200,380,380,16215,0,6,9.76390950976576,1.9761999719776213,380.614300025627,4781.98316373728
1791118186,250,,Aggregated,123.600000,0.000000,6,8,11,13,20,27,40,54,200,380,380,16345,0,6,9.74102489450538,1.9761999719776213,380.614300025627,4782.0420923829915
1791118187,250,,Aggregated,124.900000,0.000000,6,8,11,13,20,27,40,54,200,380,380,16455,0,6,9.727771419063108,1.9761999719776213,380.614300025627,4782.161835308417
1791118188,250,,Aggregated,124.900000,0.000000,6,8,11,13,20,27,40,54,200,380,380,16597,0,6,9.694988172607353,1.9761999719776213,380.614300025627,4783.246912092547
1791118189,250,,Aggregated,123.100000,0.000000,6,8,11,13,20,27,39,54,200,380,380,16711,0,6,9.671375345645258,1.9761999719776213,380.614300025627,4782.3616779366885
1791118190,250,,Aggregated,124.700000,0.000000,6,8,11,13,19,27,39,53,200,380,380,16847,0,6,9.64472473442792,1.9761999719776213,380.614300025627,4782.100195880572
1791118191,250,,Aggregated,123.800000,0.000000,6,8,11,13,19,27,39,53,200,380,380,16971,0,6,9.618457928289066,1.9761999719776213,380.614300025627,4780.558482116552
1791118192,250,,Aggregated,123.900000,0.000000,6,8,11,13,19,27,39,53,200,380,380,17099,0,6,9.59027802800046,1.9761999719776213,380.614300025627,4782.202877361249
1791118193,250,,Aggregated,125.000000,0.000000,6,8,11,13,19,27,39,53,200,380,380,17220,0,6,9.58249156217823,1.9761999719776213,380.614300025627,4780.937862950058
1791118194,250,,Aggregated,125.600000,0.000000,6,8,11,13,19,27,39,53,200,380,380,17344,0,6,9.553167400879769,1.9761999719776213,380.614300025627,4783.763664667897
1791118195,250,,Aggregated,125.200000,0.000000,6,8,11,13,19,27,39,54,200,380,380,17454,0,6,9.600107156000545,1.9761999719776213,380.614300025627,4783.595450899507
1791118196,250,,Aggregated,124.300000,0.000000,6,8,11,13,19,27,39,54,200,380,380,17578,0,6,9.590013693298202,1.9761999719776213,380.614300025627,4781.486687905336
1791118197,250,,Aggregated,122.600000,0.000000,6,8,11,13,19,27,39,53,200,380,380,17703,0,6,9.561075292366063,1.9761999719776213,380.614300025627,4780.305767384059
1791118198,250,,Aggregated,122.300000,0.000000,6,8,11,13,19,27,39,53,200,380,380,17837,0,6,9.548954370164871,1.9761999719776213,380.614300025627,4778.896955766104
1791118199,250,,Aggregated,124.000000,0.000000,6,8,11,13,19,27,39,53,200,380,380,17967,0,6,9.535944553943981,1.9761999719776213,380.614300025627,4777.736850893304
1791118200,250,,Aggregated,122.700000,0.000000,6,8,11,13,19,27,39,53,200,380,380,18088,0,6,9.517636073690344,1.9761999719776213,380.614300025627,4779.429511278196
1791118201,250,,Aggregated,125.100000,0.000000,6,8,11,13,19,27,39,53,200,380,380,18222,0,6,9.494160042853531,1.9761999719776213,380.614300025627,4778.481286357151
1791118202,250,,Aggregated,123.800000,0.000000,6,8,11,13,19,27,39,53,200,380,380,18337,0,6,9.47898816060301,1.9761999719776213,380.614300025627,4776.4845939902925
1791118203,250,,Aggregated,124.300000,0.000000,6,8,11,13,19,27,39,52,200,380,380,18459,0,6,9.462989647386626,1.9761999719776213,380.614300025627,4777.393033208733
1791118204,250,,Aggregated,123.500000,0.000000,6,8,11,13,19,26,39,52,200,380,380,18590,0,6,9.437999790260717,1.9761999719776213,380.614300025627,4776.712103281334
1791118205,250,,Aggregated,123.200000,0.000000,6,8,11,13,19,26,39,52,200,380,380,18699,0,6,9.418460051387784,1.9761999719776213,380.614300025627,4777.25653778277
1791118206,250,,Aggregated,123.500000,0.000000,6,8,11,13,19,26,38,52,200,380,380,18837,0,6,9.40222841754592,1.9761999719776213,380.614300025627,4776.7404576100225
1791118207,250,,Aggregated,124.100000,0.000000,6,8,11,13,19,26,38,52,200,380,380,18949,0,6,9.383044398195963,1.9761999719776213,380.614300025627,4776.267929706053
1791118208,250,,Aggregated,125.200000,0.000000,6,8,11,13,19,26,38,52,200,380,380,19076,0,6,9.358923500796044,1.9761999719776213,380.614300025627,4776.807035017823
1791118209,250,,Aggregated,123.300000,0.000000,6,8,11,13,19,26,38,52,200,380,380,19204,0,6,9.331897235027569,1.9761999719776213,380.614300025627,4775.565871693398
1791118210,250,,Aggregated,124.400000,0.000000,6,8,11,13,19,26,38,51,200,380,380,19331,0,6,9.307225958396025,1.9761999719776213,380.614300025627,4773.999430965806
1791118211,250,,Aggregated,122.400000,0.000000,6,8,10,12,19,26,38,51,200,380,380,19452,0,6,9.2867152118825,1.9761999719776213,380.614300025627,4773.765988073206
1791118212,250,,Aggregated,123.500000,0.000000,6,8,10,12,18,26,38,51,200,380,380,19580,0,6,9.27170350876769,1.9761999719776213,380.614300025627,4773.025076608785
1791118213,250,,Aggregated,122.700000,0.000000,6,8,11,13,19,26,38,52,200,380,380,19712,0,6,9.338135075155718,1.9761999719776213,380.614300025627,4774.470474837663
1791118214,250,,Aggregated,123.000000,0.000000,6,8,11,13,19,27,39,52,200,380,380,19822,0,6,9.395685430402878,1.9761999719776213,380.614300025627,4775.000857632933
1791118215,250,,Aggregated,123.300000,0.000000,6,8,11,13,19,26,39,52,200,380,380,19946,0,6,9.380442830683995,1.9761999719776213,380.614300025627,4775.694675624185
1791118216,250,,Aggregated,123.500000,0.000000,6,8,11,13,19,26,39,52,190,380,380,20075,0,6,9.365114475734378,1.9761999719776213,380.614300025627,4776.689613947696
1791118217,250,,Aggregated,123.800000,0.000000,6,8,11,13,19,26,38,52,190,380,380,20189,0,6,9.35328214375831,1.9761999719776213,380.614300025627,4777.184357818614
1791118218,250,,Aggregated,123.800000,0.000000,6,8,11,13,19,26,38,52,190,380,380,20316,0,6,9.329913112831466,1.9761999719776213,380.614300025627,4778.822209096279
1791118219,250,,Aggregated,123.600000,0.000000,6,8,11,13,19,26,38,52,190,380,380,20445,0,6,9.30763497187292,1.9761999719776213,380.614300025627,4776.786647101981
1791118220,250,,Aggregated,123.300000,0.000000,6,8,10,12,19,26,38,51,190,380,380,20561,0,6,9.291828933421982,1.9761999719776213,380.614300025627,4777.151743592238
1791118221,250,,Aggregated,123.700000,0.000000,6,8,10,12,19,26,38,51,190,380,380,20689,0,6,9.271752467509113,1.9761999719776213,380.614300025627,4776.837739861762
1791118222,250,,Aggregated,122.800000,0.000000,6,8,10,12,18,26,38,51,190,380,380,20816,0,6,9.254627281908498,1.9761999719776213,380.614300025627,4777.35304573405
1791118223,250,,Aggregated,122.400000,0.000000,6,8,10,12,18,26,38,51,190,380,380,20927,0,6,9.24592495341421,1.9761999719776213,380.614300025627,4776.5988435991785
1791118224,250,,Aggregated,124.100000,0.000000,6,8,10,12,18,26,38,51,180,380,380,21062,0,6,9.232782034009336,1.9761999719776213,380.614300025627,4776.8229987655495
1791118225,250,,Aggregated,122.100000,0.000000,6,8,10,12,18,26,38,51,180,380,380,21172,0,6,9.223539693967911,1.9761999719776213,380.614300025627,4777.401709805404
1791118226,250,,Aggregated,122.800000,0.000000,6,8,10,12,18,26,38,50,180,380,380,21318,0,6,9.201841190570734,1.9761999719776213,380.614300025627,4778.3992400788065
1791118227,250,,Aggregated,122.800000,0.000000,6,8,10,12,18,26,38,51,180,380,380,21424,0,6,9.221262644727375,1.9761999719776213,380.614300025627,4777.852081777446
1791118228,250,,Aggregated,122.500000,0.000000,6,8,10,12,18,26,38,50,180,380,380,21566,0,6,9.198922989931544,1.9761999719776213,380.614300025627,4779.997125104331
1791118229,250,,Aggregated,124.100000,0.000000,6,8,10,12,18,26,38,50,180,380,380,21693,0,6,9.18147547600816,1.9761999719776213,380.614300025627,4779.797630572074
1791118230,250,,Aggregated,122.700000,0.000000,6,8,10,12,18,26,37,50,180,380,380,21823,0,6,9.164349773216285,1.9761999719776213,380.614300025627,4779.79017550291
1791118231,250,,Aggregated,124.300000,0.000000,6,8,10,12,18,26,37,50,180,380,380,21938,0,6,9.148105337797947,1.9761999719776213,380.614300025627,4779.263743276507
1791118232,250,,Aggregated,123.400000,0.000000,6,8,10,12,18,26,37,50,180,380,380,22056,0,6,9.1301126859076,1.9761999719776213,380.614300025627,4779.172560754443
1791118233,250,,Aggregated,125.100000,0.000000,6,8,10,12,18,26,37,50,180,380,380,22194,0,6,9.118690231606404,1.9761999719776213,380.614300025627,4781.000450572226
1791118234,250,,Aggregated,123.000000,0.000000,6,8,10,12,18,26,37,50,180,380,380,22300,0,6,9.103579820638037,1.9761999719776213,380.614300025627,4780.154843049328
1791118235,250,,Aggregated,125.100000,0.000000,6,8,10,12,18,26,37,49,180,380,380,22427,0,6,9.090857430784142,1.9761999719776213,380.614300025627,4778.434833013778
1791118236,250,,Aggregated,123.500000,0.000000,6,8,10,12,18,26,37,50,180,380,380,22549,0,6,9.131639713519846,1.9761999719776213,380.614300025627,4777.274912412968
1791118237,250,,Aggregated,124.200000,0.000000,6,8,10,12,18,26,38,50,180,380,380,22678,0,6,9.181919009618994,1.9761999719776213,380.614300025627,4776.804965164477
1791118238,250,,Aggregated,123.600000,0.000000,6,8,10,12,19,26,38,50,180,380,380,22795,0,6,9.230195775401949,1.9761999719776213,380.614300025627,4777.81245887256
1791118239,250,,Aggregated,122.800000,0.000000,6,8,11,13,19,26,39,51,180,380,380,22932,0,6,9.317949668598274,1.9761999719776213,380.614300025627,4778.086778301064
1791118240,250,,Aggregated,123.400000,0.000000,6,8,11,13,19,26,39,51,180,380,380,23053,0,6,9.333820717486677,1.9761999719776213,380.614300025627,4778.54830173947
1791118241,250,,Aggregated,122.900000,0.000000,6,8,11,13,19,27,40,53,180,380,380,23172,0,6,9.453619161060404,1.9761999719776213,380.614300025627,4778.120792335578
1791118242,250,,Aggregated,123.100000,0.000000,6,8,11,13,19,27,40,54,180,380,380,23296,0,6,9.488828176517428,1.9761999719776213,380.614300025627,4776.0240813873625
1791118243,250,,Aggregated,121.600000,0.000000,6,8,11,13,19,27,40,53,180,380,380,23429,0,6,9.47870139998379,1.9761999719776213,380.614300025627,4776.730632976226
1791118244,250,,Aggregated,122.700000,0.000000,6,8,11,13,19,27,40,53,180,380,380,23537,0,6,9.4569930492632,1.9761999719776213,380.614300025627,4777.123380209882
1791118245,250,,Aggregated,122.300000,0.000000,6,8,11,13,19,27,39,53,180,380,380,23668,0,6,9.443063727410198,1.9761999719776213,380.614300025627,4778.382372824066
1791118246,250,,Aggregated,123.300000,0.000000,6,8,11,13,19,27,40,53,180,380,380,23802,0,6,9.476264427381222,1.9761999719776213,380.614300025627,4779.591042769515
1791118247,250,,Aggregated,123.100000,0.000000,6,8,11,13,19,27,40,53,180,380,380,23924,0,6,9.514626116039837,1.9761999719776213,380.614300025627,4778.707323190102
1791118248,250,,Aggregated,123.700000,0.000000,6,8,11,13,19,27,40,54,180,380,380,24051,0,6,9.567422344193213,1.9761999719776213,380.614300025627,4778.521558355162
1791118249,250,,Aggregated,125.200000,0.000000,6,8,11,13,20,27,40,54,180,380,380,24174,0,6,9.612090576659904,1.9761999719776213,380.614300025627,4776.316993464052
1791118250,250,,Aggregated,124.300000,0.000000,6,8,11,13,20,27,40,54,180,380,380,24297,0,6,9.633291348727168,1.9761999719776213,380.614300025627,4775.654936823476
1791118251,250,,Aggregated,123.200000,0.000000,6,8,11,13,20,28,40,54,180,380,380,24430,0,6,9.693285857542767,1.9761999719776213,380.614300025627,4776.953049529267
1791118252,250,,Aggregated,124.600000,0.000000,6,8,11,13,20,28,40,54,180,380,380,24556,0,6,9.72959019791916,1.9761999719776213,380.614300025627,4777.40055383613
1791118253,250,,Aggregated,125.600000,0.000000,6,8,11,13,20,28,40,54,180,380,380,24682,0,6,9.772494741095144,1.9761999719776213,380.614300025627,4778.959849282878
1791118254,250,,Aggregated,123.300000,0.000000,6,8,11,13,20,28,40,55,180,380,380,24793,0,6,9.807421772262348,1.9761999719776213,380.614300025627,4778.751744443996
1791118255,250,,Aggregated,125.700000,0.000000,6,8,11,13,20,28,41,55,180,380,380,24927,0,6,9.860132707496573,1.9761999719776213,380.614300025627,4776.779355718699
1791118256,250,,Aggregated,122.800000,0.000000,6,8,11,13,20,28,41,55,180,380,380,25051,0,6,9.86725422139008,1.9761999719776213,380.614300025627,4775.830625523931
1791118257,250,,Aggregated,124.300000,0.000000,6,8,11,13,20,28,41,55,180,380,380,25173,0,6,9.84742070869656,1.9761999719776213,380.614300025627,4775.710562904699
1791118258,250,,Aggregated,124.200000,0.000000,6,8,11,13,20,28,41,55,180,380,380,25303,0,6,9.831743469147174,1.9761999719776213,380.614300025627,4775.103268387148
1791118259,250,,Aggregated,123.200000,0.000000,6,8,11,13,20,28,41,54,180,380,380,25434,0,6,9.816153094264406,1.9761999719776213,380.614300025627,4774.316584100024
1791118260,250,,Aggregated,124.200000,0.000000,6,8,11,13,20,28,40,54,180,380,380,25551,0,6,9.804206786432465,1.9761999719776213,380.614300025627,4773.869046221283
1791118261,250,,Aggregated,124.200000,0.000000,6,8,11,13,20,28,41,55,180,380,380,25680,0,6,9.85374277650895,1.9761999719776213,380.614300025627,4773.692445482866
1791118262,250,,Aggregated,123.200000,0.000000,6,8,12,14,20,28,41,55,180,380,380,25808,0,6,9.896592211729285,1.9761999719776213,380.614300025627,4773.899604773714
1791118263,250,,Aggregated,123.300000,0.000000,6,9,12,14,21,28,41,55,180,380,380,25924,0,6,9.933837440226622,1.9761999719776213,380.614300025627,4775.7050609473845
1791118264,250,,Aggregated,126.400000,0.000000,6,9,12,14,21,28,41,55,180,380,380,26055,0,6,9.984988267146546,1.9761999719776213,380.614300025627,4774.541086163884
1791118265,250,,Aggregated,123.400000,0.000000,6,9,12,14,21,28,41,55,180,380,380,26182,0,6,9.99020914372029,1.9761999719776213,380.614300025627,4774.693950042014
1791118266,250,,Aggregated,125.400000,0.000000,6,9,12,14,21,28,41,55,180,380,380,26310,0,6,9.974442998900251,1.9761999719776213,380.614300025627,4774.70889395667
1791118267,250,,Aggregated,124.800000,0.000000,6,9,12,14,21,28,41,54,180,380,380,26432,0,6,9.96030753257231,1.9761999719776213,380.614300025627,4774.004993946731
1791118268,250,,Aggregated,123.000000,0.000000,6,9,12,14,21,28,41,54,180,380,380,26554,0,6,9.940734702888223,1.9761999719776213,380.614300025627,4773.6252918581
1791118269,250,,Aggregated,124.700000,0.000000,6,9,12,14,21,28,41,54,180,380,380,26677,0,6,9.920718375392667,1.9761999719776213,380.614300025627,4774.206207594557
1791118270,250,,Aggregated,123.300000,0.000000,6,8,12,14,21,28,41,54,180,380,380,26820,0,6,9.901246372105083,1.9761999719776213,380.614300025627,4774.402796420582
1791118271,250,,Aggregated,123.700000,0.000000,6,9,12,14,21,28,41,54,180,380,380,26934,0,6,9.904708725023646,1.9761999719776213,380.614300025627,4773.436994133808
1791118272,250,,Aggregated,126.000000,0.000000,6,9,12,14,21,28,41,54,180,380,380,27065,0,6,9.892920099751796,1.9761999719776213,380.614300025627,4772.970108996859
1791118273,250,,Aggregated,124.600000,0.000000,6,9,12,14,21,28,41,54,180,380,380,27185,0,6,9.8871412138993,1.9761999719776213,380.614300025627,4773.417546441052
1791118274,250,,Aggregated,124.200000,0.000000,6,8,12,14,20,28,40,54,180,380,380,27309,0,6,9.866614537325601,1.9761999719776213,380.614300025627,4774.091105496356
1791118275,250,,Aggregated,124.500000,0.000000,6,8,12,14,20,28,40,54,180,380,380,27445,0,6,9.85045582800688,1.9761999719776213,380.614300025627,4773.244452541447
1791118276,250,,Aggregated,124.700000,0.000000,6,8,11,14,20,28,40,54,180,380,380,27570,0,6,9.837037889013002,1.9761999719776213,380.614300025627,4772.513093942692
1791118277,250,,Aggregated,125.000000,0.000000,6,8,11,13,20,28,40,54,180,380,380,27695,0,6,9.816314096412585,1.9761999719776213,380.614300025627,4772.184004332912
1791118278,250,,Aggregated,126.600000,0.000000,6,8,11,13,20,28,40,54,180,380,380,27819,0,6,9.80078599159128,1.9761999719776213,380.614300025627,4771.78482332219
1791118279,250,,Aggregated,125.300000,0.000000,6,8,11,13,20,28,40,54,180,380,380,27947,0,6,9.802373811136315,1.9761999719776213,380.614300025627,4770.748667119906
1791118280,250,,Aggregated,126.000000,0.000000,6,8,11,13,20,28,40,54,180,380,380,28069,0,6,9.786829630537182,1.9761999719776213,380.614300025627,4771.654458655456
1791118281,250,,Aggregated,126.300000,0.000000,6,8,11,13,20,28,40,54,180,380,380,28187,0,6,9.773802930416675,1.9761999719776213,380.614300025627,4771.602298932132
1791118282,250,,Aggregated,125.000000,0.000000,6,8,11,13,20,28,40,54,180,380,380,28312,0,6,9.794660310097331,1.9761999719776213,380.614300025627,4771.4073537722525
1791118283,250,,Aggregated,125.900000,0.000000,6,8,11,13,20,28,40,54,180,380,380,28446,0,6,9.776499465637798,1.9761999719776213,380.614300025627,4771.0026365745625
1791118284,250,,Aggregated,125.400000,0.000000,6,8,11,13,20,28,40,54,180,380,380,28579,0,6,9.771555449797702,1.9761999719776213,380.614300025627,4771.113544910599
1791118285,250,,Aggregated,124.800000,0.000000,6,8,11,13,20,28,40,53,180,380,380,28719,0,6,9.756024332304714,1.9761999719776213,380.614300025627,4770.507921585014
1791118286,250,,Aggregated,126.200000,0.000000,6,8,11,13,20,28,40,53,180,380,380,28836,0,6,9.74046382296825,1.9761999719776213,380.614300025627,4770.124982660564
1791118287,250,,Aggregated,125.500000,0.000000,6,8,11,13,20,28,40,53,180,380,380,28971,0,6,9.726107462591163,1.9761999719776213,380.614300025627,4769.439957198578
1791118288,250,,Aggregated,126.900000,0.000000,6,8,11,13,20,28,40,53,170,380,380,29092,0,6,9.712241495910785,1.9761999719776213,380.614300025627,4769.973429121408
1791118289,250,,Aggregated,125.600000,0.000000,6,8,11,13,20,28,40,53,170,380,380,29224,0,6,9.698396988765486,1.9761999719776213,380.614300025627,4769.306699972625
1791118290,250,,Aggregated,127.000000,0.000000,6,8,11,13,20,28,40,53,170,380,380,29338,0,6,9.686633161765391,1.9761999719776213,380.614300025627,4769.530233826436
1791118291,250,,Aggregated,127.000000,0.000000,6,8,11,13,20,28,40,53,170,380,380,29472,0,6,9.678170928346212,1.9761999719776213,380.614300025627,4770.404621335505
1791118292,250,,Aggregated,126.700000,0.000000,6,8,11,13,20,28,40,53,170,380,380,29588,0,6,9.684325108147931,1.9761999719776213,380.614300025627,4770.0698256049745
1791118293,250,,Aggregated,126.500000,0.000000,6,8,11,13,20,28,40,53,170,380,380,29720,0,6,9.692000622467344,1.9761999719776213,380.614300025627,4768.624427994617
1791118294,250,,Aggregated,125.900000,0.000000,6,8,11,13,20,28,40,53,170,380,380,29854,0,6,9.693103503710171,1.9761999719776213,380.614300025627,4768.065786829236
1791118295,250,,Aggregated,126.900000,0.000000,6,8,11,13,20,28,40,53,170,380,380,29973,0,6,9.682275004167513,1.9761999719776213,380.614300025627,4768.372668735195
1791118296,250,,Aggregated,126.600000,0.000000,6,8,11,13,20,28,40,52,170,370,380,30109,0,6,9.672868258652295,1.9761999719776213,380.614300025627,4768.614899199575
1791118297,250,,Aggregated,126.600000,0.000000,6,8,11,13,20,28,40,52,170,370,380,30218,0,6,9.660310824664958,1.9761999719776213,380.614300025627,4768.9658150771065
1791118298,250,,Aggregated,124.000000,0.000000,6,8,11,13,20,27,40,52,170,370,380,30351,0,6,9.654337916371972,1.9761999719776213,380.614300025627,4768.526242957399
1791118299,250,,Aggregated,126.100000,0.000000,6,8,11,13,20,27,40,52,170,370,380,30472,0,6,9.63938086110587,1.9761999719776213,380.614300025627,4768.599533998425
1791118300,250,,Aggregated,124.500000,0.000000,6,8,11,13,20,27,39,52,170,370,380,30602,0,6,9.62312933139131,1.9761999719776213,380.614300025627,4767.896019867982
1791118301,250,,Aggregated,124.800000,0.000000,6,8,11,13,20,27,39,52,170,370,380,30722,0,6,9.612602665825168,1.9761999719776213,380.614300025627,4767.716294512076
1791118302,250,,Aggregated,123.800000,0.000000,6,8,11,13,20,27,39,52,170,370,380,30850,0,6,9.614848729316975,1.9761999719776213,380.614300025627,4768.145899513776
1791118303,250,,Aggregated,124.400000,0.000000,6,8,11,13,20,27,39,52,170,370,380,30977,0,6,9.617722013089802,1.9761999719776213,380.614300025627,4769.370242437938
1791118304,250,,Aggregated,125.000000,0.000000,6,8,11,13,20,27,39,52,160,370,380,31102,0,6,9.601823030661818,1.9761999719776213,380.614300025627,4769.877789209697
1791118305,250,,Aggregated,124.400000,0.000000,6,8,11,13,20,27,39,52,160,370,380,31228,0,6,9.592254009224996,1.9761999719776213,380.614300025627,4770.599333931087
1791118306,250,,Aggregated,124.300000,0.000000,6,8,11,13,20,27,39,52,160,370,380,31351,0,6,9.582222177910875,1.9761999719776213,380.614300025627,4769.924308634493
1791118307,250,,Aggregated,123.600000,0.000000,6,8,11,13,20,27,39,52,160,370,380,31480,0,6,9.573232779524016,1.9761999719776213,380.614300025627,4771.170616264295
1791118308,250,,Aggregated,124.500000,0.000000,6,8,11,13,20,27,39,52,160,370,380,31612,0,6,9.557567980499519,1.9761999719776213,380.614300025627,4772.486903707453
1791118309,250,,Aggregated,123.400000,0.000000,6,8,11,13,20,27,39,52,160,370,380,31727,0,6,9.54509005262816,1.9761999719776213,380.614300025627,4772.4165222050615
1791118310,250,,Aggregated,125.000000,0.000000,6,8,11,13,20,27,39,51,160,370,380,31852,0,6,9.533944103974225,1.9761999719776213,380.614300025627,4773.764441793294
1791118311,250,,Aggregated,124.700000,0.000000,6,8,11,13,20,27,39,51,160,370,380,31984,0,6,9.522270444588072,1.9761999719776213,380.614300025627,4774.026857178589
1791118312,250,,Aggregated,124.400000,0.000000,6,8,11,13,20,27,39,51,150,370,380,32096,0,6,9.510137777288364,1.9761999719776213,380.614300025627,4775.270781405783
1791118313,250,,Aggregated,124.100000,0.000000,6,8,11,13,20,27,39,51,150,370,380,32214,0,6,9.501342316982614,1.9761999719776213,380.614300025627,4775.519680884087
1791118314,250,,Aggregated,124.600000,0.000000,6,8,11,13,20,27,39,51,150,370,380,32338,0,6,9.487458692544239,1.9761999719776213,380.614300025627,4775.35592801039
1791118315,250,,Aggregated,124.100000,0.000000,6,8,11,13,20,27,39,51,150,370,380,32482,0,6,9.478517018648825,1.9761999719776213,380.614300025627,4776.013268887384
1791118316,250,,Aggregated,123.200000,0.000000,6,8,11,13,20,27,39,51,150,370,380,32603,0,6,9.468638382957227,1.9761999719776213,380.614300025627,4776.442719995092
1791118317,250,,Aggregated,124.000000,0.000000,6,8,11,13,20,27,39,51,150,370,380,32729,0,6,9.491772788650538,1.9761999719776213,380.614300025627,4775.438571297626
1791118318,250,,Aggregated,124.200000,0.000000,6,8,11,13,20,27,39,51,150,370,380,32837,0,6,9.497719962232903,1.9761999719776213,380.614300025627,4775.073271005268
1791118319,250,,Aggregated,125.200000,0.000000,6,8,11,13,20,27,39,51,150,370,380,32964,0,6,9.481205733529148,1.9761999719776213,380.614300025627,4774.987410508434
1791118320,250,,Aggregated,123.300000,0.000000,6,8,11,13,20,27,39,51,150,370,380,33087,0,6,9.469630558821128,1.9761999719776213,380.614300025627,4774.4259074561005
1791118321,250,,Aggregated,122.500000,0.000000,6,8,11,13,19,27,39,51,150,370,380,33217,0,6,9.455863931123215,1.9761999719776213,380.614300025627,4775.4219225095585
1791118322,250,,Aggregated,123.500000,0.000000,6,8,11,13,20,27,39,51,150,370,380,33351,0,6,9.471706656476426,1.9761999719776213,380.614300025627,4775.49362837696
1791118323,250,,Aggregated,122.800000,0.000000,6,8,11,13,20,27,39,51,150,370,380,33463,0,6,9.485135080550721,1.9761999719776213,380.614300025627,4776.247377700744
1791118324,250,,Aggregated,122.400000,0.000000,6,8,11,13,20,27,39,51,150,370,380,33586,0,6,9.48211688800755,1.9761999719776213,380.614300025627,4775.373905794081
1791118325,250,,Aggregated,124.100000,0.000000,6,8,11,13,20,27,39,51,150,370,380,33715,0,6,9.471100080096338,1.9761999719776213,380.614300025627,4775.126293934451
1791118326,250,,Aggregated,123.400000,0.000000,6,8,11,13,19,27,39,51,150,370,380,33833,0,6,9.456814775535724,1.9761999719776213,380.614300025627,4775.128779593888
1791118327,250,,Aggregated,123.300000,0.000000,6,8,11,13,19,27,38,51,150,370,380,33965,0,6,9.44464996911896,1.9761999719776213,380.614300025627,4776.071367584278
1791118328,250,,Aggregated,122.800000,0.000000,6,8,11,13,20,27,39,51,150,370,380,34094,0,6,9.470402809922986,1.9761999719776213,380.614300025627,4776.27908136329
1791118329,250,,Aggregated,121.600000,0.000000,6,8,11,13,20,27,39,51,150,370,380,34210,0,6,9.500724627337322,1.9761999719776213,380.614300025627,4776.4591932183575
1791118331,250,,Aggregated,123.300000,0.000000,6,8,11,13,20,27,39,51,150,370,380,34334,0,6,9.53339848550588,1.9761999719776213,380.614300025627,4776.32131414924
1791118332,250,,Aggregated,123.300000,0.000000,6,8,11,13,20,27,39,51,150,370,380,34456,0,6,9.569398145501154,1.9761999719776213,380.614300025627,4775.303749709775
1791118333,250,,Aggregated,123.900000,0.000000,6,8,11,13,20,27,39,51,150,370,380,34590,0,6,9.592817961880813,1.9761999719776213,380.614300025627,4775.444926279271
1791118334,250,,Aggregated,123.000000,0.000000,6,8,11,13,20,27,40,52,150,370,380,34725,0,6,9.631166496797539,1.9761999719776213,380.614300025627,4774.380734341253
1791118335,250,,Aggregated,123.000000,0.000000,6,8,11,13,20,28,40,52,150,370,380,34842,0,6,9.667327346337927,1.9761999719776213,380.614300025627,4774.065639171115
1791118336,250,,Aggregated,125.200000,0.000000,6,8,11,13,20,28,40,52,150,370,380,34967,0,6,9.716536377180919,1.9761999719776213,380.614300025627,4774.2069665684785
1791118337,250,,Aggregated,124.100000,0.000000,6,8,12,14,20,28,40,53,150,370,380,35104,0,6,9.77152027692814,1.9761999719776213,380.614300025627,4774.1238035551505
1791118338,250,,Aggregated,124.400000,0.000000,6,8,12,14,21,28,41,53,150,370,380,35223,0,6,9.809812009219018,1.9761999719776213,380.614300025627,4774.828180450274
1791118339,250,,Aggregated,126.000000,0.000000,6,9,12,14,21,28,41,53,150,370,380,35355,0,6,9.850173932985864,1.9761999719776213,380.614300025627,4775.440418611229
1791118340,250,,Aggregated,124.900000,0.000000,6,9,12,14,21,28,41,53,150,370,380,35461,0,6,9.875341848810145,1.9761999719776213,380.614300025627,4775.9712642057475
1791118341,250,,Aggregated,124.800000,0.000000,6,9,12,14,21,28,41,53,150,370,380,35578,0,6,9.909946374182539,1.9761999719776213,380.614300025627,4776.582607229187
1791118342,250,,Aggregated,124.000000,0.000000,6,9,12,14,21,29,41,53,150,370,380,35719,0,6,9.965179019587254,1.9761999719776213,380.614300025627,4777.482600296761
1791118343,250,,Aggregated,123.400000,0.000000,6,9,12,14,21,29,41,54,150,370,380,35841,0,6,9.987936751242607,1.9761999719776213,380.614300025627,4778.021623280601
1791118344,250,,Aggregated,124.600000,0.000000,6,9,12,14,21,29,41,54,150,370,380,35976,0,6,10.002223493479624,1.9761999719776213,380.614300025627,4779.07927507227
1791118345,250,,Aggregated,122.900000,0.000000,6,9,12,14,21,29,41,54,140,370,380,36075,0,6,9.998194760954677,1.9761999719776213,380.614300025627,4778.8454054054055
1791118346,250,,Aggregated,122.800000,0.000000,6,9,12,14,21,29,42,54,140,370,380,36214,0,6,10.037060937796872,1.9761999719776213,380.614300025627,4779.6536422378085
1791118347,250,,Aggregated,122.800000,0.000000,6,9,12,14,21,29,42,54,140,370,380,36330,0,6,10.060507319062669,1.9761999719776213,380.614300025627,4779.132700247729
1791118348,250,,Aggregated,123.600000,0.000000,6,9,12,14,21,29,43,55,160,370,380,36464,0,6,10.18654831619473,1.9761999719776213,380.614300025627,4778.83635914875
1791118349,250,,Aggregated,121.600000,0.000000,6,9,12,14,21,29,43,55,160,370,380,36588,0,6,10.174459708150096,1.9761999719776213,380.614300025627,4778.446211872745
1791118350,250,,Aggregated,123.000000,0.000000,6,9,12,14,21,29,42,55,160,370,380,36728,0,6,10.155427989586538,1.9761999719776213,380.614300025627,4777.898605968198
1791118351,250,,Aggregated,122.400000,0.000000,6,9,12,14,21,29,42,55,160,370,380,36850,0,6,10.14798582636396,1.9761999719776213,380.614300025627,4777.416065128901
1791118352,250,,Aggregated,124.300000,0.000000,6,9,12,14,21,29,42,55,160,370,380,36960,0,6,10.136687386389713,1.9761999719776213,380.614300025627,4776.591206709957
1791118353,250,,Aggregated,124.600000,0.000000,6,9,12,14,21,29,43,55,150,370,380,37094,0,6,10.158822523882696,1.9761999719776213,380.614300025627,4776.75664527956
1791118354,250,,Aggregated,123.800000,0.000000,6,9,12,14,21,29,43,55,150,370,380,37228,0,6,10.18411275118147,1.9761999719776213,380.614300025627,4776.587944557859
1791118355,250,,Aggregated,125.500000,0.000000,6,9,12,14,21,29,43,55,150,370,380,37347,0,6,10.173200556955482,1.9761999719776213,380.614300025627,4777.188100784534
1791118356,250,,Aggregated,124.900000,0.000000,6,9,12,14,21,29,43,55,150,370,380,37468,0,6,10.158998041016865,1.9761999719776213,380.614300025627,4776.221789260168
1791118357,250,,Aggregated,126.000000,0.000000,6,9,12,14,21,29,43,55,150,370,380,37595,0,6,10.146943625508424,1.9761999719776213,380.614300025627,4776.92514962096
1791118358,250,,Aggregated,124.100000,0.000000,6,9,12,14,21,29,43,55,150,370,380,37726,0,6,10.131297996108387,1.9761999719776213,380.614300025627,4776.684249589142
1791118359,250,,Aggregated,124.600000,0.000000,6,9,12,14,21,29,43,55,150,370,380,37850,0,6,10.118224073994641,1.9761999719776213,380.614300025627,4776.014583883752
1791118360,250,,Aggregated,123.700000,0.000000,6,9,12,14,21,29,42,55,150,370,380,37975,0,6,10.10774922978079,1.9761999719776213,380.614300025627,4776.33685319289
1791118361,250,,Aggregated,124.200000,0.000000,6,9,12,14,21,29,42,55,150,370,380,38094,0,6,10.096518903268608,1.9761999719776213,380.614300025627,4776.592744264189
1791118362,250,,Aggregated,124.600000,0.000000,6,9,12,14,21,29,42,55,150,370,380,38226,0,6,10.084943007404313,1.9761999719776213,380.614300025627,4777.179929890651
1791118363,250,,Aggregated,125.400000,0.000000,6,9,12,14,21,29,42,55,150,370,380,38349,0,6,10.071749067793123,1.9761999719776213,380.614300025627,4777.644084591515
1791118364,250,,Aggregated,125.100000,0.000000,6,9,12,14,21,29,42,55,150,370,380,38471,0,6,10.066000543293846,1.9761999719776213,380.614300025627,4777.390293987679
1791118365,250,,Aggregated,122.800000,0.000000,6,9,12,14,21,29,42,55,150,370,380,38599,0,6,10.060365480994074,1.9761999719776213,380.614300025627,4776.881810409596
1791118366,250,,Aggregated,122.600000,0.000000,6,9,12,14,21,29,42,55,150,370,380,38731,0,6,10.051385763362827,1.9761999719776213,380.614300025627,4776.295809558235
1791118367,250,,Aggregated,124.600000,0.000000,6,9,12,14,21,29,42,55,150,370,380,38854,0,6,10.043560673322046,1.9761999719776213,380.614300025627,4776.202167087044
1791118368,250,,Aggregated,124.100000,0.000000,6,9,12,14,21,29,42,55,150,370,380,38980,0,6,10.038665087266192,1.9761999719776213,380.614300025627,4775.792714212416
1791118369,250,,Aggregated,125.000000,0.000000,6,9,12,14,21,29,42,55,150,370,380,39101,0,6,10.050430224324574,1.9761999719776213,380.614300025627,4775.060970307664
1791118370,250,,Aggregated,125.500000,0.000000,6,9,12,14,21,29,42,55,150,370,380,39227,0,6,10.075095791204042,1.9761999719776213,380.614300025627,4774.398704973615
1791118371,250,,Aggregated,124.400000,0.000000,6,9,12,14,21,29,42,55,150,370,380,39348,0,6,10.098689603087674,1.9761999719776213,380.614300025627,4774.804081528921
1791118372,250,,Aggregated,123.800000,0.000000,6,9,12,14,21,29,42,55,150,370,380,39483,0,6,10.13728840267146,1.9761999719776213,380.614300025627,4773.954638705266
1791118373,250,,Aggregated,123.000000,0.000000,6,9,12,14,21,29,42,55,150,370,380,39593,0,6,10.139056760102685,1.9761999719776213,380.614300025627,4773.955067815018
1791118374,250,,Aggregated,124.500000,0.000000,6,9,12,14,21,29,42,55,150,370,380,39721,0,6,10.125579846999937,1.9761999719776213,380.614300025627,4775.094232270084
1791118375,250,,Aggregated,125.100000,0.000000,6,9,12,14,21,29,42,55,150,370,380,39846,0,6,10.112379194966508,1.9761999719776213,380.614300025627,4774.991341665412
1791118376,250,,Aggregated,124.900000,0.000000,6,9,12,14,21,29,42,55,150,370,380,39961,0,6,10.103923973440022,1.9761999719776213,380.614300025627,4774.907184504892
1791118377,250,,Aggregated,123.000000,0.000000,6,9,12,14,21,29,42,55,150,350,380,40088,0,6,10.092013602646036,1.9761999719776213,380.614300025627,4775.168404510077
1791118378,250,,Aggregated,123.400000,0.000000,6,9,12,14,21,29,42,55,150,350,380,40206,0,6,10.080491503836898,1.9761999719776213,380.614300025627,4775.399592100682
1791118379,250,,Aggregated,122.800000,0.000000,6,9,12,14,21,29,42,55,150,350,380,40339,0,6,10.068741260399534,1.9761999719776213,380.614300025627,4775.722873645851
1791118380,250,,Aggregated,121.700000,0.000000,6,9,12,14,21,29,42,55,150,350,380,40463,0,6,10.05594048151188,1.9761999719776213,380.614300025627,4775.57469787213
1791118381,250,,Aggregated,122.500000,0.000000,6,9,12,14,21,29,42,55,150,350,380,40599,0,6,10.041493440817549,1.9761999719776213,380.614300025627,4775.243552796867
1791118382,250,,Aggregated,123.100000,0.000000,6,9,12,14,21,29,42,55,150,350,380,40720,0,6,10.031976237815513,1.9761999719776213,380.614300025627,4775.631213163065
1791118383,250,,Aggregated,124.400000,0.000000,6,9,12,14,21,29,42,55,150,350,380,40844,0,6,10.061066012240271,1.9761999719776213,380.614300025627,4775.46058172559
1791118384,250,,Aggregated,122.800000,0.000000,6,9,12,14,21,29,42,55,150,350,380,40972,0,6,10.088989722354505,1.9761999719776213,380.614300025627,4776.519012984477
1791118385,250,,Aggregated,122.900000,0.000000,6,9,12,14,21,29,42,55,150,350,380,41102,0,6,10.123592058882569,1.9761999719776213,380.614300025627,4776.972215463968
1791118386,250,,Aggregated,124.100000,0.000000,6,9,12,14,21,29,42,55,150,350,380,41217,0,6,10.150771795719402,1.9761999719776213,380.614300025627,4777.872309969188
1791118387,250,,Aggregated,122.700000,0.000000,6,9,12,14,22,30,43,55,150,350,380,41344,0,6,10.17861287500186,1.9761999719776213,380.614300025627,4777.703052438081
1791118388,250,,Aggregated,124.200000,0.000000,6,9,12,14,22,30,43,55,150,350,380,41472,0,6,10.179395618817502,1.9761999719776213,380.614300025627,4777.544174382716
1791118389,250,,Aggregated,123.000000,0.000000,6,9,12,14,21,29,43,55,150,350,380,41594,0,6,10.165974361782244,1.9761999719776213,380.614300025627,4777.803385103621
1791118390,250,,Aggregated,125.200000,0.000000,6,9,12,14,21,29,43,55,150,350,380,41709,0,6,10.15843608102704,1.9761999719776213,380.614300025627,4777.581481215086
1791118391,250,,Aggregated,124.400000,0.000000,6,9,12,14,21,29,42,55,150,350,380,41845,0,6,10.145904760509126,1.9761999719776213,380.614300025627,4778.06177560043
1791118392,250,,Aggregated,124.100000,0.000000,6,9,12,14,21,29,42,55,150,350,380,41961,0,6,10.13493048315104,1.9761999719776213,380.614300025627,4778.050642263054
1791118393,250,,Aggregated,122.500000,0.000000,6,9,12,14,22,30,42,55,150,350,380,42096,0,6,10.165561868197374,1.9761999719776213,380.614300025627,4777.9349819460285
1791118394,250,,Aggregated,122.700000,0.000000,6,9,12,14,22,30,43,55,150,350,380,42221,0,6,10.185602344903915,1.9761999719776213,380.614300025627,4778.186826460766
1791118395,250,,Aggregated,123.700000,0.000000,6,9,12,14,22,30,43,55,150,350,380,42338,0,6,10.212590764901297,1.9761999719776213,380.614300025627,4778.049789786953
1791118396,250,,Aggregated,124.100000,0.000000,6,9,12,14,22,30,43,55,150,350,380,42468,0,6,10.2319975323593,1.9761999719776213,380.614300025627,4778.1065979090135
1791118397,250,,Aggregated,124.500000,0.000000,6,9,12,14,22,30,43,55,150,350,380,42600,0,6,10.255300328738063,1.9761999719776213,380.614300025627,4777.578403755869
1791118398,250,,Aggregated,124.900000,0.000000,6,9,12,14,22,30,43,55,150,350,380,42720,0,6,10.269245002429384,1.9761999719776213,380.614300025627,4778.136048689139
1791118399,250,,Aggregated,125.500000,0.000000,6,9,12,14,22,30,43,56,150,350,380,42840,0,6,10.300722103258044,1.9761999719776213,380.614300025627,4777.7637254901965
1791118400,250,,Aggregated,124.100000,0.000000,6,9,12,14,22,30,43,56,150,350,380,42963,0,6,10.293483937427514,1.9761999719776213,380.614300025627,4777.333705746805
1791118401,250,,Aggregated,123.900000,0.000000,6,9,12,14,22,30,43,55,140,350,380,43098,0,6,10.286994199358038,1.9761999719776213,380.614300025627,4777.637570188872
1791118402,250,,Aggregated,124.000000,0.000000,6,9,12,14,22,30,43,55,140,350,380,43220,0,6,10.278494673840516,1.9761999719776213,380.614300025627,4777.416149930587
1791118403,250,,Aggregated,124.800000,0.000000,6,9,12,14,22,30,43,55,140,350,380,43341,0,6,10.267388696692105,1.9761999719776213,380.614300025627,4777.138875429731
1791118404,250,,Aggregated,125.300000,0.000000,6,9,12,14,22,30,43,55,140,350,380,43464,0,6,10.261907829544768,1.9761999719776213,380.614300025627,4776.529679734953
1791118405,250,,Aggregated,124.900000,0.000000,6,9,12,14,22,30,43,55,140,350,380,43597,0,6,10.247506259687189,1.9761999719776213,380.614300025627,4776.930385118242
1791118406,250,,Aggregated,123.500000,0.000000,6,9,12,14,22,30,43,55,140,350,380,43713,0,6,10.2385805802419,1.9761999719776213,380.614300025627,4776.777160112552
1791118407,250,,Aggregated,123.900000,0.000000,6,9,12,14,22,30,43,55,140,350,380,43842,0,6,10.224414593400196,1.9761999719776213,380.614300025627,4777.103758952602
1791118408,250,,Aggregated,122.200000,0.000000,6,9,12,14,22,30,43,55,140,350,380,43966,0,6,10.216439405533514,1.9761999719776213,380.614300025627,4776.634649501888
1791118409,250,,Aggregated,123.500000,0.000000,6,9,12,14,22,30,43,55,140,350,380,44092,0,6,10.20635118624571,1.9761999719776213,380.614300025627,4776.851537693913
1791118410,250,,Aggregated,123.200000,0.000000,6,9,12,14,22,30,43,55,140,350,380,44209,0,6,10.1956228054072,1.9761999719776213,380.614300025627,4777.029586735733
1791118411,250,,Aggregated,123.300000,0.000000,6,9,12,14,22,30,42,55,140,350,380,44331,0,6,10.182328409101476,1.9761999719776213,380.614300025627,4777.88515936929
1791118412,250,,Aggregated,124.000000,0.000000,6,9,12,14,22,30,42,55,140,350,380,44460,0,6,10.176761770223518,1.9761999719776213,380.614300025627,4777.787809266757
1791118413,250,,Aggregated,124.000000,0.000000,6,9,12,14,22,30,43,55,140,350,380,44588,0,6,10.19425394060839,1.9761999719776213,380.614300025627,4777.505091055889
1791118414,250,,Aggregated,122.400000,0.000000,6,9,12,14,22,30,42,55,140,350,380,44704,0,6,10.204851033541608,1.9761999719776213,380.614300025627,4778.146228525412
1791118415,250,,Aggregated,122.500000,0.000000,6,9,12,14,22,30,43,55,140,350,380,44832,0,6,10.224437123107418,1.9761999719776213,380.614300025627,4777.851757673091
1791118416,250,,Aggregated,123.000000,0.000000,6,9,12,14,22,30,43,55,140,350,380,44949,0,6,10.215794527194332,1.9761999719776213,380.614300025627,4777.972858128101
1791118417,250,,Aggregated,123.000000,0.000000,6,9,12,14,22,30,43,55,140,350,380,45077,0,6,10.202389211855877,1.9761999719776213,380.614300025627,4777.755950928411
1791118418,250,,Aggregated,123.500000,0.000000,6,9,12,14,22,30,43,55,140,350,380,45189,0,6,10.191848429986289,1.9761999719776213,380.614300025627,4778.248157737503
1791118419,250,,Aggregated,122.600000,0.000000,6,9,12,14,22,30,43,55,140,350,380,45322,0,6,10.182208269769326,1.9761999719776213,380.614300025627,4778.441772207758
1791118420,250,,Aggregated,122.000000,0.000000,6,9,12,14,22,30,42,55,140,350,380,45454,0,6,10.17303483527294,1.9761999719776213,380.614300025627,4777.96988163858
1791118421,250,,Aggregated,123.300000,0.000000,6,9,12,14,22,30,42,55,140,350,380,45573,0,6,10.161571632375532,1.9761999719776213,380.614300025627,4778.025124525487
1791118422,250,,Aggregated,121.600000,0.000000,6,9,12,14,22,30,42,55,140,350,380,45699,0,6,10.164587881618237,1.9761999719776213,380.614300025627,4778.0046390511825
1791118423,250,,Aggregated,122.600000,0.000000,6,9,12,14,22,30,42,55,140,350,380,45829,0,6,10.180568251589971,1.9761999719776213,380.614300025627,4776.924851076829
1791118424,250,,Aggregated,123.500000,0.000000,6,9,12,14,22,30,42,55,140,350,380,45957,0,6,10.174820310327103,1.9761999719776213,380.614300025627,4777.021759470809
1791118425,250,,Aggregated,123.400000,0.000000,6,9,12,14,22,30,42,55,140,350,380,46075,0,6,10.164866170405531,1.9761999719776213,380.614300025627,4777.231427021161
1791118426,250,,Aggregated,123.500000,0.000000,6,9,12,14,22,29,42,55,140,350,380,46199,0,6,10.159760551117685,1.9761999719776213,380.614300025627,4777.002099612546
1791118427,250,,Aggregated,124.300000,0.000000,6,9,12,14,22,29,42,55,140,350,380,46341,0,6,10.15352833777652,1.9761999719776213,380.614300025627,4776.618178287046
1791118428,250,,Aggregated,123.000000,0.000000,6,9,12,14,22,29,42,55,140,350,380,46457,0,6,10.144531745504656,1.9761999719776213,380.614300025627,4776.237553006005
1791118429,250,,Aggregated,124.400000,0.000000,6,9,12,14,21,29,42,55,140,350,380,46579,0,6,10.132646866629875,1.9761999719776213,380.614300025627,4775.98297516048
1791118430,250,,Aggregated,125.100000,0.000000,6,9,12,14,21,29,42,55,140,350,380,46710,0,6,10.12283693001509,1.9761999719776213,380.614300025627,4775.7061014772
1791118431,250,,Aggregated,125.400000,0.000000,6,9,12,14,21,29,42,55,140,350,380,46839,0,6,10.116195016998981,1.9761999719776213,380.614300025627,4776.01424026986
1791118432,250,,Aggregated,125.300000,0.000000,6,9,12,14,21,29,42,55,140,350,380,46963,0,6,10.115541087702084,1.9761999719776213,380.614300025627,4775.195792432341
1791118433,250,,Aggregated,125.300000,0.000000,6,9,12,14,22,30,42,55,140,350,380,47086,0,6,10.147545737628334,1.9761999719776213,380.614300025627,4775.519963471095
1791118434,250,,Aggregated,125.300000,0.000000,6,9,12,14,22,30,42,55,140,350,380,47205,0,6,10.165195390351252,1.9761999719776213,380.614300025627,4775.4242559050945
1791118435,250,,Aggregated,126.100000,0.000000,6,9,12,14,22,30,42,55,140,350,380,47336,0,6,10.174197667767837,1.9761999719776213,380.614300025627,4775.151977353388
1791118436,250,,Aggregated,124.200000,0.000000,6,9,12,14,22,30,42,55,140,350,380,47455,0,6,10.16432833424972,1.9761999719776213,380.614300025627,4775.65733853124
1791118437,250,,Aggregated,124.800000,0.000000,6,9,12,14,22,30,42,55,140,350,380,47582,0,6,10.152009694877423,1.9761999719776213,380.614300025627,4775.778802908663
1791118438,250,,Aggregated,125.300000,0.000000,6,9,12,14,22,30,42,55,140,350,380,47716,0,6,10.145831044137296,1.9761999719776213,380.614300025627,4775.402464582111
1791118439,250,,Aggregated,124.400000,0.000000,6,9,12,14,22,29,42,55,140,350,380,47829,0,6,10.138169432812212,1.9761999719776213,380.614300025627,4776.08576386711
1791118440,250,,Aggregated,124.000000,0.000000,6,9,12,14,22,29,42,55,140,350,380,47969,0,6,10.130854887571825,1.9761999719776213,380.614300025627,4775.4728262002545
1791118441,250,,Aggregated,125.000000,0.000000,6,9,12,14,22,29,42,55,140,350,380,48080,0,6,10.122849852357684,1.9761999719776213,380.614300025627,4775.912250415973
1791118442,250,,Aggregated,123.900000,0.000000,6,9,12,14,22,29,42,55,140,350,380,48212,0,6,10.133423859240178,1.9761999719776213,380.614300025627,4776.014664398905
1791118443,250,,Aggregated,124.300000,0.000000,6,9,12,14,22,30,42,55,140,350,380,48320,0,6,10.150005776112392,1.9761999719776213,380.614300025627,4776.12201986755
1791118444,250,,Aggregated,123.000000,0.000000,6,9,12,14,22,30,42,55,140,350,380,48463,0,6,10.17916896605133,1.9761999719776213,380.614300025627,4775.870437240782
1791118445,250,,Aggregated,123.900000,0.000000,6,9,12,14,22,30,42,55,140,350,380,48593,0,6,10.183964861240739,1.9761999719776213,380.614300025627,4776.422962155043
1791118446,250,,Aggregated,123.500000,0.000000,6,9,12,14,22,30,42,55,140,350,380,48700,0,6,10.204419837841474,1.9761999719776213,380.614300025627,4777.019322381931
1791118447,250,,Aggregated,123.800000,0.000000,6,9,12,14,22,30,43,55,140,350,380,48825,0,6,10.233314552025357,1.9761999719776213,380.614300025627,4776.246840757808
1791118449,250,,Aggregated,125.500000,0.000000,6,9,12,14,22,30,43,55,140,350,380,48948,0,6,10.263968450235557,1.9761999719776213,380.614300025627,4775.67790308082
1791118450,250,,Aggregated,123.400000,0.000000,6,9,12,15,22,30,43,55,140,350,380,49079,0,6,10.282135644619679,1.9761999719776213,380.614300025627,4776.513743148801
1791118451,250,,Aggregated,121.700000,0.000000,6,9,12,15,22,30,43,55,140,350,380,49195,0,6,10.306283606106321,1.9761999719776213,380.614300025627,4776.3000711454415
1791118452,250,,Aggregated,124.200000,0.000000,6,9,12,15,22,30,43,55,140,350,380,49319,0,6,10.3291688619563,1.9761999719776213,380.614300025627,4775.653460126929
1791118453,250,,Aggregated,121.500000,0.000000,6,9,12,15,22,30,43,55,140,350,380,49439,0,6,10.33814603051713,1.9761999719776213,380.614300025627,4774.934545601651
1791118454,250,,Aggregated,123.100000,0.000000,6,9,12,15,22,30,43,55,140,350,380,49578,0,6,10.329324936509371,1.9761999719776213,380.614300025627,4775.321291701965
1791118455,250,,Aggregated,121.400000,0.000000,6,9,12,15,22,30,43,55,140,350,380,49702,0,6,10.32198971272914,1.9761999719776213,380.614300025627,4774.925656915215
1791118456,250,,Aggregated,124.200000,0.000000,6,9,12,15,22,30,43,55,140,350,380,49824,0,6,10.342988204524465,1.9761999719776213,380.614300025627,4774.662371547848
1791118457,250,,Aggregated,123.100000,0.000000,6,9,12,15,22,30,43,55,140,350,380,49950,0,6,10.341042092136872,1.9761999719776213,380.614300025627,4774.507227227227
1791118458,250,,Aggregated,121.500000,0.000000,6,9,12,15,22,30,43,55,140,310,380,50075,0,6,10.33101127912926,1.9761999719776213,380.614300025627,4774.869455816275
1791118459,250,,Aggregated,123.600000,0.000000,6,9,12,15,22,30,43,55,140,310,380,50202,0,6,10.326041040246457,1.9761999719776213,380.614300025627,4774.149834667942
1791118460,250,,Aggregated,123.300000,0.000000,6,9,12,15,22,30,43,55,140,310,380,50322,0,6,10.317057410325189,1.9761999719776213,380.614300025627,4774.060152617146
1791118461,250,,Aggregated,124.300000,0.000000,6,9,12,15,22,30,43,55,140,310,380,50445,0,6,10.312247057236725,1.9761999719776213,380.614300025627,4773.5765487164235
1791118462,250,,Aggregated,122.900000,0.000000,6,9,12,15,22,30,43,55,140,310,380,50577,0,6,10.306416404731662,1.9761999719776213,380.614300025627,4773.4105225695475
1791118463,250,,Aggregated,124.000000,0.000000,6,9,12,15,22,30,43,55,140,310,380,50693,0,6,10.297065620541575,1.9761999719776213,380.614300025627,4772.710393939991
1791118464,250,,Aggregated,124.700000,0.000000,6,9,12,15,22,30,43,55,140,310,380,50813,0,6,10.286844785830562,1.9761999719776213,380.614300025627,4772.764725562356
1791118465,250,,Aggregated,124.100000,0.000000,6,9,12,15,22,30,43,55,140,310,380,50941,0,6,10.284945010940671,1.9761999719776213,380.614300025627,4772.620423627333
1791118466,250,,Aggregated,123.000000,0.000000,6,9,12,15,22,30,43,55,140,310,380,51060,0,6,10.275986903685467,1.9761999719776213,380.614300025627,4772.090932236584
1791118467,250,,Aggregated,122.700000,0.000000,6,9,12,15,22,30,43,55,140,310,380,51188,0,6,10.270067369337987,1.9761999719776213,380.614300025627,4771.937348597327
1791118468,250,,Aggregated,123.400000,0.000000,6,9,12,15,22,30,43,55,140,310,380,51308,0,6,10.2983180595896,1.9761999719776213,380.614300025627,4771.087023466126
1791118469,250,,Aggregated,123.200000,0.000000,6,9,12,15,22,30,43,55,140,310,380,51431,0,6,10.287514919042241,1.9761999719776213,380.614300025627,4771.51433960063
1791118470,250,,Aggregated,122.600000,0.000000,6,9,12,15,22,30,43,55,140,310,380,51554,0,6,10.283056373922644,1.9761999719776213,380.614300025627,4771.5393373938
1791118471,250,,Aggregated,122.600000,0.000000,6,9,12,15,22,30,43,55,140,310,380,51680,0,6,10.277645261237854,1.9761999719776213,380.614300025627,4771.324729102167
1791118472,250,,Aggregated,122.700000,0.000000,6,9,12,15,22,30,43,55,140,310,380,51806,0,6,10.268333567550501,1.9761999719776213,380.614300025627,4771.464058217195
1791118473,250,,Aggregated,121.600000,0.000000,6,9,12,15,22,30,43,55,140,310,380,51921,0,6,10.268360875185389,1.9761999719776213,380.614300025627,4770.412318714971
1791118474,250,,Aggregated,122.700000,0.000000,6,9,12,15,22,30,43,55,140,310,380,52039,0,6,10.259045963608022,1.9761999719776213,380.614300025627,4770.464497780511
1791118475,250,,Aggregated,122.700000,0.000000,6,9,12,15,22,30,42,55,140,310,380,52179,0,6,10.251547906248517,1.9761999719776213,380.614300025627,4770.165967151536
1791118476,250,,Aggregated,121.800000,0.000000,6,9,12,15,22,30,42,55,140,310,380,52305,0,6,10.242047458185336,1.9761999719776213,380.614300025627,4770.129509607112
1791118477,250,,Aggregated,122.500000,0.000000,6,9,12,14,22,30,42,55,140,310,380,52418,0,6,10.232791876855195,1.9761999719776213,380.614300025627,4770.121256057079
1791118478,250,,Aggregated,122.800000,0.000000,6,9,12,14,22,30,42,55,140,310,380,52549,0,6,10.22233121659122,1.9761999719776213,380.614300025627,4770.564825210756
1791118479,250,,Aggregated,122.400000,0.000000,6,9,12,14,22,30,42,55,140,310,380,52677,0,6,10.215355103767724,1.9761999719776213,380.614300025627,4770.0221538812
1791118480,250,,Aggregated,124.000000,0.000000,6,9,12,14,22,30,42,55,140,310,380,52799,0,6,10.20561836779245,1.9761999719776213,380.614300025627,4770.043485672077
1791118481,250,,Aggregated,124.000000,0.000000,6,9,12,14,22,30,42,54,140,310,380,52932,0,6,10.200682768469028,1.9761999719776213,380.614300025627,4770.508180306809
1791118482,250,,Aggregated,123.800000,0.000000,6,9,12,14,22,30,42,54,140,310,380,53051,0,6,10.191740361167227,1.9761999719776213,380.614300025627,4769.668074117359
1791118483,250,,Aggregated,125.600000,0.000000,6,9,12,14,22,30,43,55,140,310,380,53181,0,6,10.240705804709458,1.9761999719776213,380.614300025627,4769.311934713525
1791118484,250,,Aggregated,122.600000,0.000000,6,9,12,14,22,30,43,55,140,310,380,53306,0,6,10.231982219640182,1.9761999719776213,380.614300025627,4769.742074062957
1791118485,250,,Aggregated,125.000000,0.000000,6,9,12,14,22,30,43,55,140,310,380,53425,0,6,10.22699900233297,1.9761999719776213,380.614300025627,4769.231314927469
1791118486,250,,Aggregated,125.100000,0.000000,6,9,12,14,22,30,42,55,140,310,380,53551,0,6,10.217742934763496,1.9761999719776213,380.614300025627,4769.9664058561
1791118487,250,,Aggregated,124.500000,0.000000,6,9,12,14,22,30,42,55,140,310,380,53670,0,6,10.208454395371104,1.9761999719776213,380.614300025627,4770.20048444196
1791118488,250,,Aggregated,124.600000,0.000000,6,9,12,14,22,30,42,55,140,310,380,53804,0,6,10.19959830866531,1.9761999719776213,380.614300025627,4770.697215820385
1791118489,250,,Aggregated,125.400000,0.000000,6,9,12,14,22,30,42,55,140,310,380,53928,0,6,10.189153756853587,1.9761999719776213,380.614300025627,4770.975300400534
1791118490,250,,Aggregated,124.200000,0.000000,6,9,12,14,22,30,42,55,140,310,380,54051,0,6,10.178290642155295,1.9761999719776213,380.614300025627,4770.958206138647
1791118491,250,,Aggregated,124.000000,0.000000,6,9,12,14,22,30,42,55,140,310,380,54189,0,6,10.16518004758817,1.9761999719776213,380.614300025627,4771.443005037922
1791118492,250,,Aggregated,124.700000,0.000000,6,9,12,14,22,30,42,55,140,310,380,54315,0,6,10.155983503614197,1.9761999719776213,380.614300025627,4771.4729264475745
1791118493,250,,Aggregated,124.000000,0.000000,6,9,12,14,22,30,42,55,140,310,380,54433,0,6,10.147885854151344,1.9761999719776213,380.614300025627,4771.734866716882
1791118494,250,,Aggregated,125.100000,0.000000,6,9,12,14,22,30,42,55,140,310,380,54558,0,6,10.13721869018441,1.9761999719776213,380.614300025627,4771.324718648044
1791118495,250,,Aggregated,123.300000,0.000000,6,9,12,14,22,30,42,55,140,310,380,54677,0,6,10.128835162843318,1.9761999719776213,380.614300025627,4771.085685022953
1791118496,250,,Aggregated,125.100000,0.000000,6,9,12,14,22,29,42,55,140,310,380,54810,0,6,10.120940220739273,1.9761999719776213,380.614300025627,4770.621656632002
1791118497,250,,Aggregated,124.800000,0.000000,6,9,12,14,22,29,42,55,140,310,380,54938,0,6,10.113711303630197,1.9761999719776213,380.614300025627,4770.6145109031995
1791118498,250,,Aggregated,125.000000,0.000000,6,9,12,14,21,29,42,55,140,310,380,55056,0,6,10.104894623643878,1.9761999719776213,380.614300025627,4770.604348299913
1791118499,250,,Aggregated,124.800000,0.000000,6,9,12,14,21,29,42,55,140,310,380,55187,0,6,10.095459327372032,1.9761999719776213,380.614300025627,4770.442894159856
1791118500,250,,Aggregated,124.800000,0.000000,6,9,12,14,21,29,42,55,140,310,380,55307,0,6,10.094158473598823,1.9761999719776213,380.614300025627,4770.645578317392
1791118501,250,,Aggregated,124.100000,0.000000,6,9,12,14,21,29,42,54,140,310,380,55424,0,6,10.084845577718223,1.9761999719776213,380.614300025627,4770.39271795612
1791118502,250,,Aggregated,124.900000,0.000000,6,9,12,14,21,29,42,54,140,310,380,55562,0,6,10.077024633729557,1.9761999719776213,380.614300025627,4770.574709333718
1791118503,250,,Aggregated,124.700000,0.000000,6,9,12,14,21,29,42,54,140,310,380,55686,0,6,10.07053250187012,1.9761999719776213,380.614300025627,4770.560679524477
1791118504,250,,Aggregated,124.400000,0.000000,6,9,12,14,21,29,42,54,140,310,380,55801,0,6,10.062820232599515,1.9761999719776213,380.614300025627,4770.747621010376
1791118505,250,,Aggregated,125.500000,0.000000,6,9,12,14,21,29,42,54,140,310,380,55944,0,6,10.059055432197708,1.9761999719776213,380.614300025627,4770.276061776061
1791118506,250,,Aggregated,124.600000,0.000000,6,9,12,14,21,29,42,54,140,310,380,56066,0,6,10.068977522898098,1.9761999719776213,380.614300025627,4769.98417936004
1791118507,250,,Aggregated,124.800000,0.000000,6,9,12,14,21,29,42,54,140,310,380,56186,0,6,10.087898884037745,1.9761999719776213,380.614300025627,4769.750792012245
1791118508,250,,Aggregated,124.500000,0.000000,6,9,12,14,22,29,42,54,140,310,380,56320,0,6,10.113673986129676,1.9761999719776213,380.614300025627,4769.357546164772
1791118509,250,,Aggregated,123.700000,0.000000,6,9,12,14,22,29,42,54,140,310,380,56434,0,6,10.134409956747081,1.9761999719776213,380.614300025627,4768.797338483892
1791118510,250,,Aggregated,125.900000,0.000000,6,9,12,14,22,29,42,54,140,310,380,56574,0,6,10.134505083596983,1.9761999719776213,380.614300025627,4769.386573337576
1791118511,250,,Aggregated,124.700000,0.000000,6,9,12,14,22,29,42,54,140,310,380,56696,0,6,10.128073248551482,1.9761999719776213,380.614300025627,4769.385582757161
1791118512,250,,Aggregated,124.300000,0.000000,6,9,12,14,22,29,42,54,140,310,380,56822,0,6,10.119503884057954,1.9761999719776213,380.614300025627,4769.226514378233
1791118513,250,,Aggregated,124.000000,0.000000,6,9,12,14,22,29,42,54,140,310,380,56952,0,6,10.126875393312176,1.9761999719776213,380.614300025627,4769.111602753195
1791118514,250,,Aggregated,124.800000,0.000000,6,9,12,14,22,29,42,54,140,310,380,57074,0,6,10.118874946562707,1.9761999719776213,380.614300025627,4769.060307670743
1791118515,250,,Aggregated,124.000000,0.000000,6,9,12,14,22,29,42,54,140,310,380,57191,0,6,10.109841340425085,1.9761999719776213,380.614300025627,4768.4935391932295
1791118516,250,,Aggregated,125.000000,0.000000,6,9,12,14,22,29,42,54,140,310,380,57322,0,6,10.10053180803977,1.9761999719776213,380.614300025627,4768.732720421479
1791118517,250,,Aggregated,124.700000,0.000000,6,9,12,14,22,29,42,54,140,310,380,57440,0,6,10.09260910515401,1.9761999719776213,380.614300025627,4768.602176183844
1791118518,250,,Aggregated,125.500000,0.000000,6,9,12,14,21,29,42,54,140,310,380,57565,0,6,10.086039041082756,1.9761999719776213,380.614300025627,4768.483870407365
1791118519,250,,Aggregated,125.100000,0.000000,6,9,12,14,21,29,42,54,140,310,380,57692,0,6,10.080615984880726,1.9761999719776213,380.614300025627,4768.355785897525
1791118520,250,,Aggregated,122.100000,0.000000,6,9,12,14,21,29,42,54,140,310,380,57817,0,6,10.074533894866688,1.9761999719776213,380.614300025627,4768.571734956847
1791118521,250,,Aggregated,124.500000,0.000000,6,9,12,14,21,29,42,54,140,310,380,57950,0,6,10.076177321824208,1.9761999719776213,380.614300025627,4768.0270578084555
1791118522,250,,Aggregated,124.400000,0.000000,6,9,12,14,22,29,42,54,140,310,380,58076,0,6,10.101975714577085,1.9761999719776213,380.614300025627,4768.06426062401
1791118523,250,,Aggregated,125.800000,0.000000,6,9,12,14,22,29,42,54,140,310,380,58188,0,6,10.11667599848427,1.9761999719776213,380.614300025627,4768.381968790816
1791118524,250,,Aggregated,124.800000,0.000000,6,9,12,14,22,30,42,54,140,310,380,58314,0,6,10.140126617966532,1.9761999719776213,380.614300025627,4768.30515828103
1791118525,250,,Aggregated,124.700000,0.000000,6,9,12,14,22,30,42,55,140,310,380,58444,0,6,10.165871778104256,1.9761999719776213,380.614300025627,4768.771593320102
1791118526,250,,Aggregated,122.300000,0.000000,6,9,12,14,22,30,42,55,140,310,380,58574,0,6,10.162689930681827,1.9761999719776213,380.614300025627,4768.260900740943
1791118527,250,,Aggregated,123.600000,0.000000,6,9,12,14,22,30,42,55,140,310,380,58700,0,6,10.168597504256207,1.9761999719776213,380.614300025627,4768.496422487223
1791118528,250,,Aggregated,121.700000,0.000000,6,9,12,14,22,30,42,55,140,310,380,58820,0,6,10.185901984028018,1.9761999719776213,380.614300025627,4767.883594015641
1791118529,250,,Aggregated,123.400000,0.000000,6,9,12,14,22,30,42,55,140,310,380,58942,0,6,10.198702363355592,1.9761999719776213,380.614300025627,4767.454277085949
1791118530,250,,Aggregated,125.300000,0.000000,6,9,12,14,22,30,42,55,140,310,380,59067,0,6,10.221554184241977,1.9761999719776213,380.614300025627,4766.843178085903
1791118531,250,,Aggregated,124.100000,0.000000,6,9,12,14,22,30,43,55,140,310,380,59196,0,6,10.242503755336099,1.9761999719776213,380.614300025627,4767.246621393338
1791118532,250,,Aggregated,124.100000,0.000000,6,9,12,15,22,30,43,55,140,310,380,59332,0,6,10.264458840100243,1.9761999719776213,380.614300025627,4766.807203532664
1791118533,250,,Aggregated,123.000000,0.000000,6,9,12,15,22,30,43,55,140,310,380,59454,0,6,10.281091204976123,1.9761999719776213,380.614300025627,4766.5145322434155
1791118534,250,,Aggregated,123.400000,0.000000,6,9,12,15,22,30,43,55,140,310,380,59579,0,6,10.30373645413154,1.9761999719776213,380.614300025627,4766.304939659947
1791118535,250,,Aggregated,124.900000,0.000000,6,9,12,15,22,30,43,55,140,310,380,59699,0,6,10.30379604014506,1.9761999719776213,380.614300025627,4765.9323439253585
1791118536,250,,Aggregated,126.000000,0.000000,6,9,12,15,22,30,43,55,140,310,380,59823,0,6,10.293813770635134,1.9761999719776213,380.614300025627,4766.329354930378
1791118537,250,,Aggregated,124.600000,0.000000,6,9,12,15,22,30,43,55,140,310,380,59944,0,6,10.29315205860091,1.9761999719776213,380.614300025627,4766.0825270252235
1791118538,250,,Aggregated,125.400000,0.000000,6,9,12,15,22,30,43,55,140,280,380,60070,0,6,10.284693421018945,1.9761999719776213,380.614300025627,4767.014200099883
1791118539,250,,Aggregated,125.000000,0.000000,6,9,12,15,22,30,43,55,140,280,380,60185,0,6,10.276534244421974,1.9761999719776213,380.614300025627,4767.415452355238
1791118540,250,,Aggregated,123.900000,0.000000,6,9,12,15,22,30,43,55,140,280,380,60324,0,6,10.266581453492135,1.9761999719776213,380.614300025627,4766.876201843379
1791118541,250,,Aggregated,123.100000,0.000000,6,9,12,15,22,30,43,55,140,280,380,60452,0,6,10.257854555685405,1.9761999719776213,380.614300025627,4766.53478793092
1791118542,250,,Aggregated,123.700000,0.000000,6,9,12,15,22,30,43,55,140,280,380,60568,0,6,10.25351303163716,1.9761999719776213,380.614300025627,4766.4106293752475
1791118543,250,,Aggregated,124.400000,0.000000,6,9,12,15,22,30,43,55,140,280,380,60704,0,6,10.24889855034896,1.9761999719776213,380.614300025627,4766.677154717976
1791118544,250,,Aggregated,124.600000,0.000000,6,9,12,14,22,30,43,55,140,280,380,60818,0,6,10.241071483772943,1.9761999719776213,380.614300025627,4766.9809266993325
1791118545,250,,Aggregated,124.000000,0.000000,6,9,12,15,22,30,43,56,140,280,380,60953,0,6,10.274369425638413,1.9761999719776213,380.614300025627,4766.587157317934
1791118546,250,,Aggregated,123.200000,0.000000,6,9,12,15,22,30,43,56,140,280,380,61081,0,6,10.284392937262842,1.9761999719776213,380.614300025627,4766.6307853506
1791118547,250,,Aggregated,123.400000,0.000000,6,9,12,15,22,30,43,56,140,280,380,61208,0,6,10.279381964792664,1.9761999719776213,380.614300025627,4767.089824859496
1791118548,250,,Aggregated,124.300000,0.000000,6,9,12,15,22,30,43,56,140,280,380,61328,0,6,10.269371533410416,1.9761999719776213,380.614300025627,4767.355025436995
1791118549,250,,Aggregated,123.700000,0.000000,6,9,12,15,22,30,43,56,140,280,380,61450,0,6,10.262655739637813,1.9761999719776213,380.614300025627,4767.165646867372
1791118550,250,,Aggregated,124.600000,0.000000,6,9,12,14,22,30,43,56,140,280,380,61579,0,6,10.253396885311192,1.9761999719776213,380.614300025627,4767.550138846035
1791118551,250,,Aggregated,125.600000,0.000000,6,9,12,14,22,30,43,56,140,280,380,61696,0,6,10.245773860550425,1.9761999719776213,380.614300025627,4767.464341286307
1791118552,250,,Aggregated,124.600000,0.000000,6,9,12,14,22,30,43,56,140,280,380,61828,0,6,10.237590098349534,1.9761999719776213,380.614300025627,4767.062334217507
1791118553,250,,Aggregated,124.200000,0.000000,6,9,12,14,22,30,43,56,140,280,380,61954,0,6,10.229048971831975,1.9761999719776213,380.614300025627,4767.155631597637
1791118554,250,,Aggregated,123.600000,0.000000,6,9,12,14,22,30,43,56,140,280,380,62078,0,6,10.23461711557754,1.9761999719776213,380.614300025627,4766.860369212925
1791118555,250,,Aggregated,123.200000,0.000000,6,9,12,14,22,30,43,56,140,280,380,62209,0,6,10.237914755110662,1.9761999719776213,380.614300025627,4767.288238036297
1791118556,250,,Aggregated,124.500000,0.000000,6,9,12,14,22,30,43,55,140,280,380,62331,0,6,10.231512476949513,1.9761999719776213,380.614300025627,4767.509425486515
1791118557,250,,Aggregated,125.100000,0.000000,6,9,12,14,22,30,43,55,140,280,380,62457,0,6,10.224874630550625,1.9761999719776213,380.614300025627,4767.832652865171
1791118558,250,,Aggregated,123.900000,0.000000,6,9,12,14,22,30,43,55,140,280,380,62588,0,6,10.217506796838013,1.9761999719776213,380.614300025627,4767.629801239855
1791118559,250,,Aggregated,124.600000,0.000000,6,9,12,14,22,30,43,55,140,280,380,62702,0,6,10.209924433040518,1.9761999719776213,380.614300025627,4767.718350291857
1791118560,250,,Aggregated,124.400000,0.000000,6,9,12,14,22,30,43,55,140,280,380,62832,0,6,10.203256772039142,1.9761999719776213,380.614300025627,4766.872708174179
1791118561,250,,Aggregated,124.300000,0.000000,6,9,12,14,22,30,43,55,140,280,380,62965,0,6,10.197380368474226,1.9761999719776213,380.614300025627,4766.93706027158
1791118562,250,,Aggregated,124.400000,0.000000,6,9,12,14,22,30,43,55,140,280,380,63068,0,6,10.196463082715399,1.9761999719776213,380.614300025627,4766.958219699372
1791118563,250,,Aggregated,124.100000,0.000000,6,9,12,14,22,30,43,55,140,280,380,63200,0,6,10.22126002691073,1.9761999719776213,380.614300025627,4767.073291139241
1791118564,250,,Aggregated,126.500000,0.000000,6,9,12,14,22,30,43,55,140,280,380,63327,0,6,10.247654483876644,1.9761999719776213,380.614300025627,4767.015743679631
1791118565,250,,Aggregated,124.800000,0.000000,6,9,12,15,22,30,43,56,140,280,380,63445,0,6,10.26400639924462,1.9761999719776213,380.614300025627,4767.437843801718
1791118566,250,,Aggregated,124.300000,0.000000,6,9,12,15,22,30,43,56,140,280,380,63584,0,6,10.299783384183817,1.9761999719776213,380.614300025627,4767.485043407147
1791118567,250,,Aggregated,123.500000,0.000000,6,9,12,15,22,30,43,56,140,280,380,63697,0,6,10.311607100799637,1.9761999719776213,380.614300025627,4767.001789723221
1791118568,250,,Aggregated,123.000000,0.000000,6,9,12,15,22,30,43,56,140,280,380,63824,0,6,10.338541757022776,1.9761999719776213,380.614300025627,4766.772671722236
1791118569,250,,Aggregated,124.200000,0.000000,6,9,12,15,22,30,44,56,140,280,380,63948,0,6,10.355459163692258,1.9761999719776213,380.614300025627,4766.763276412084
1791118570,250,,Aggregated,123.200000,0.000000,6,9,12,15,22,30,44,56,140,280,380,64086,0,6,10.347095707330464,1.9761999719776213,380.614300025627,4767.106201042349
1791118571,250,,Aggregated,123.500000,0.000000,6,9,12,15,22,30,44,56,140,280,380,64203,0,6,10.345521396187872,1.9761999719776213,380.614300025627,4767.0579412177
1791118572,250,,Aggregated,123.200000,0.000000,6,9,12,15,22,30,43,56,140,280,380,64325,0,6,10.34444051301628,1.9761999719776213,380.614300025627,4766.863661095997
1791118573,250,,Aggregated,125.300000,0.000000,6,9,13,15,22,30,44,56,140,280,380,64454,0,6,10.362724443780616,1.9761999719776213,380.614300025627,4767.229652155025
1791118574,250,,Aggregated,122.200000,0.000000,6,9,13,15,22,30,44,56,140,280,380,64579,0,6,10.375668166119148,1.9761999719776213,380.614300025627,4767.486845568993
1791118575,250,,Aggregated,123.500000,0.000000,6,9,13,15,22,31,44,56,140,280,380,64710,0,6,10.397082041407561,1.9761999719776213,380.614300025627,4767.629238139391
1791118577,250,,Aggregated,124.200000,0.000000,6,9,13,15,22,31,44,57,140,280,380,64832,0,6,10.4319374506379,1.9761999719776213,380.614300025627,4767.198220014808
1791118578,250,,Aggregated,125.400000,0.000000,6,9,13,15,22,31,44,57,140,280,380,64959,0,6,10.446496333068813,1.9761999719776213,380.614300025627,4767.005526562909
1791118579,250,,Aggregated,123.800000,0.000000,6,9,13,15,22,31,44,57,140,280,380,65073,0,6,10.467145547306613,1.9761999719776213,380.614300025627,4766.794753584436
1791118580,250,,Aggregated,124.700000,0.000000,6,9,13,15,23,31,44,57,140,280,380,65210,0,6,10.488478078509672,1.9761999719776213,380.614300025627,4767.412160711548
1791118581,250,,Aggregated,123.500000,0.000000,6,9,13,15,23,31,44,57,140,280,380,65320,0,6,10.497673580822788,1.9761999719776213,380.614300025627,4767.334170238824
1791118582,250,,Aggregated,124.900000,0.000000,6,9,13,15,23,31,44,57,140,280,380,65448,0,6,10.49036152211397,1.9761999719776213,380.614300025627,4767.332813836939
1791118583,250,,Aggregated,121.200000,0.000000,6,9,13,15,23,31,44,57,140,280,380,65581,0,6,10.4919034537348,1.9761999719776213,380.614300025627,4766.925085009378
1791118584,250,,Aggregated,123.200000,0.000000,6,9,13,15,23,31,44,57,140,280,380,65711,0,6,10.502834927172305,1.9761999719776213,380.614300025627,4766.890642358205
1791118585,250,,Aggregated,123.900000,0.000000,6,9,13,15,23,31,44,57,140,280,380,65819,0,6,10.513678958953019,1.9761999719776213,380.614300025627,4766.92474817302
1791118586,250,,Aggregated,124.200000,0.000000,6,9,13,15,23,31,44,57,140,280,380,65956,0,6,10.506416668679098,1.9761999719776213,380.614300025627,4766.56325429074
1791118587,250,,Aggregated,123.300000,0.000000,6,9,13,15,23,31,44,57,140,280,380,66081,0,6,10.49909686142136,1.9761999719776213,380.614300025627,4766.997533330306
1791118588,250,,Aggregated,123.400000,0.000000,6,9,13,15,23,31,44,57,140,280,380,66200,0,6,10.493886214493685,1.9761999719776213,380.614300025627,4766.718972809667
1791118589,250,,Aggregated,123.000000,0.000000,6,9,13,15,23,31,44,57,140,280,380,66329,0,6,10.484526460518689,1.9761999719776213,380.614300025627,4766.725715750275
1791118590,250,,Aggregated,122.900000,0.000000,6,9,13,15,22,31,44,57,140,280,380,66453,0,6,10.477555673933368,1.9761999719776213,380.614300025627,4766.991949197177
1791118591,250,,Aggregated,124.300000,0.000000,6,9,13,15,22,31,44,57,140,280,380,66569,0,6,10.470407589114462,1.9761999719776213,380.614300025627,4766.973606333278
1791118592,250,,Aggregated,123.300000,0.000000,6,9,13,15,22,31,44,57,140,280,380,66702,0,6,10.46319281730134,1.9761999719776213,380.614300025627,4766.150100446764
1791118593,250,,Aggregated,124.400000,0.000000,6,9,13,15,22,31,44,57,140,280,380,66822,0,6,10.466780150241505,1.9761999719776213,380.614300025627,4765.9522462662
1791118594,250,,Aggregated,123.200000,0.000000,6,9,13,15,23,31,44,57,140,280,380,66948,0,6,10.480306808250898,1.9761999719776213,380.614300025627,4766.443359024915
1791118595,250,,Aggregated,123.500000,0.000000,6,9,13,15,23,31,44,57,140,280,380,67079,0,6,10.500790952441239,1.9761999719776213,380.614300025627,4767.033825787505
1791118596,250,,Aggregated,121.500000,0.000000,6,9,13,15,23,31,44,57,140,280,380,67210,0,6,10.510222572509257,1.9761999719776213,380.614300025627,4766.906784704657
1791118597,250,,Aggregated,124.100000,0.000000,6,9,13,15,23,31,44,57,140,280,380,67340,0,6,10.529865932547725,1.9761999719776213,380.614300025627,4766.4843332343335
1791118598,250,,Aggregated,124.300000,0.000000,6,9,13,15,23,31,44,57,140,280,380,67452,0,6,10.549931306676479,1.9761999719776213,380.614300025627,4766.205642530985
1791118599,250,,Aggregated,124.300000,0.000000,6,10,13,15,23,31,44,57,140,280,380,67580,0,6,10.571388683012454,1.9761999719776213,380.614300025627,4765.817519976325
1791118600,250,,Aggregated,124.700000,0.000000,6,10,13,15,23,31,44,57,140,280,380,67709,0,6,10.598564490665616,1.9761999719776213,380.614300025627,4766.118595755365
1791118601,250,,Aggregated,124.600000,0.000000,6,10,13,15,23,31,44,57,140,280,380,67830,0,6,10.616739476610375,1.9761999719776213,380.614300025627,4765.794486215539
1791118602,250,,Aggregated,124.700000,0.000000,6,10,13,15,23,31,44,57,140,280,380,67960,0,6,10.607776955534634,1.9761999719776213,380.614300025627,4765.464935256033
1791118603,250,,Aggregated,124.900000,0.000000,6,10,13,15,23,31,44,57,140,280,380,68080,0,6,10.600630691800374,1.9761999719776213,380.614300025627,4765.041759694477
1791118604,250,,Aggregated,125.800000,0.000000,6,10,13,15,23,31,44,57,140,280,380,68210,0,6,10.591660065938873,1.9761999719776213,380.614300025627,4765.310804867321
1791118605,250,,Aggregated,124.800000,0.000000,6,9,13,15,23,31,44,57,140,280,380,68331,0,6,10.584257783404546,1.9761999719776213,380.614300025627,4765.349797310152
1791118606,250,,Aggregated,126.200000,0.000000,6,9,13,15,23,31,44,57,140,280,380,68459,0,6,10.578515717405914,1.9761999719776213,380.614300025627,4765.72551454155
1791118607,250,,Aggregated,125.400000,0.000000,6,9,13,15,23,31,44,57,140,280,380,68579,0,6,10.57052353633387,1.9761999719776213,380.614300025627,4765.183788040071
1791118608,250,,Aggregated,124.100000,0.000000,6,9,13,15,23,31,44,57,140,280,380,68708,0,6,10.567023797780633,1.9761999719776213,380.614300025627,4764.857658496827
1791118609,250,,Aggregated,123.600000,0.000000,6,9,13,15,23,31,44,57,140,280,380,68829,0,6,10.560258526182908,1.9761999719776213,380.614300025627,4765.1952229438175
1791118610,250,,Aggregated,124.000000,0.000000,6,9,13,15,23,31,44,57,140,280,380,68956,0,6,10.551821133748765,1.9761999719776213,380.614300025627,4765.582284355241
1791118611,250,,Aggregated,123.900000,0.000000,6,9,13,15,23,31,44,57,140,280,380,69082,0,6,10.543499342796077,1.9761999719776213,380.614300025627,4765.623346168321
1791118612,250,,Aggregated,123.600000,0.000000,6,9,13,15,23,31,44,57,140,280,380,69205,0,6,10.539984420190965,1.9761999719776213,380.614300025627,4765.524860920454
1791118613,250,,Aggregated,125.700000,0.000000,6,9,13,15,23,31,44,57,140,280,380,69340,0,6,10.546858389089081,1.9761999719776213,380.614300025627,4765.688693394866
1791118614,250,,Aggregated,123.500000,0.000000,6,9,13,15,23,31,44,57,140,280,380,69467,0,6,10.538815387156395,1.9761999719776213,380.614300025627,4765.6330919717275
1791118615,250,,Aggregated,124.700000,0.000000,6,9,13,15,23,31,44,57,140,280,380,69586,0,6,10.530855637627045,1.9761999719776213,380.614300025627,4765.547667634294
1791118616,250,,Aggregated,124.600000,0.000000,6,9,13,15,23,31,44,57,140,280,380,69709,0,6,10.52338458304652,1.9761999719776213,380.614300025627,4765.415010974193
1791118617,250,,Aggregated,123.200000,0.000000,6,9,13,15,23,31,44,57,140,280,380,69833,0,6,10.51699603196159,1.9761999719776213,380.614300025627,4765.828676986525
1791118618,250,,Aggregated,124.500000,0.000000,6,9,13,15,23,31,44,57,140,280,380,69971,0,6,10.509045533149651,1.9761999719776213,380.614300025627,4766.203198467937
1791118619,250,,Aggregated,125.500000,0.000000,6,9,13,15,23,31,44,57,140,280,380,70091,0,6,10.501516937980234,1.9761999719776213,380.614300025627,4766.435605141887
1791118620,250,,Aggregated,125.100000,0.000000,6,9,13,15,23,31,44,57,140,280,380,70203,0,6,10.493640243289772,1.9761999719776213,380.614300025627,4766.844978134837
1791118621,250,,Aggregated,125.000000,0.000000,6,9,13,15,23,31,44,57,140,280,380,70337,0,6,10.484936349287926,1.9761999719776213,380.614300025627,4767.344484410765
1791118622,250,,Aggregated,124.000000,0.000000,6,9,13,15,23,31,44,57,140,280,380,70455,0,6,10.478124412743245,1.9761999719776213,380.614300025627,4767.450528706267
1791118623,250,,Aggregated,123.100000,0.000000,6,9,13,15,23,31,44,57,140,280,380,70577,0,6,10.481675531684038,1.9761999719776213,380.614300025627,4767.676466837638
1791118624,250,,Aggregated,124.800000,0.000000,6,9,13,15,23,31,44,57,140,280,380,70711,0,6,10.500506492625709,1.9761999719776213,380.614300025627,4767.674435377806
1791118625,250,,Aggregated,123.100000,0.000000,6,9,13,15,23,31,44,57,140,280,380,70837,0,6,10.52502318138707,1.9761999719776213,380.614300025627,4767.544390643307
1791118626,250,,Aggregated,123.100000,0.000000,6,9,13,15,23,31,44,57,140,280,380,70960,0,6,10.545486644588754,1.9761999719776213,380.614300025627,4767.453523111612
1791118627,250,,Aggregated,123.800000,0.000000,6,9,13,15,23,31,44,57,140,280,380,71083,0,6,10.567483232276778,1.9761999719776213,380.614300025627,4767.853818775235
1791118628,250,,Aggregated,123.000000,0.000000,6,9,13,15,23,31,44,57,140,280,380,71195,0,6,10.578903750262958,1.9761999719776213,380.614300025627,4767.864709600393
1791118629,250,,Aggregated,123.600000,0.000000,6,9,13,15,23,31,44,57,140,280,380,71318,0,6,10.573374027596527,1.9761999719776213,380.614300025627,4768.069491572955
1791118630,250,,Aggregated,122.900000,0.000000,6,9,13,15,23,31,44,57,140,280,380,71449,0,6,10.565402941957707,1.9761999719776213,380.614300025627,4768.388934764657
1791118631,250,,Aggregated,122.100000,0.000000,6,9,13,15,23,31,44,57,140,280,380,71571,0,6,10.558305539944094,1.9761999719776213,380.614300025627,4768.762948680332
1791118632,250,,Aggregated,122.500000,0.000000,6,9,13,15,23,31,44,57,140,280,380,71695,0,6,10.555030057874017,1.9761999719776213,380.614300025627,4768.653504428482
1791118633,250,,Aggregated,122.200000,0.000000,6,9,13,15,23,31,44,57,140,280,380,71824,0,6,10.564409218357033,1.9761999719776213,380.614300025627,4768.01062319002
1791118634,250,,Aggregated,122.200000,0.000000,6,9,13,15,23,31,44,57,140,280,380,71936,0,6,10.56598597780128,1.9761999719776213,380.614300025627,4768.018335742882
1791118635,250,,Aggregated,123.500000,0.000000,6,9,13,15,23,31,44,57,140,280,380,72068,0,6,10.564709948921132,1.9761999719776213,380.614300025627,4767.906560470667
1791118636,250,,Aggregated,122.200000,0.000000,6,9,13,15,23,31,44,57,140,280,380,72178,0,6,10.559182218950475,1.9761999719776213,380.614300025627,4768.0647565740255
1791118637,250,,Aggregated,123.800000,0.000000,6,9,13,15,23,31,44,57,140,280,380,72309,0,6,10.554057164386592,1.9761999719776213,380.614300025627,4768.83118284031
1791118638,250,,Aggregated,122.300000,0.000000,6,9,13,15,23,31,44,57,140,280,380,72434,0,6,10.551141659989625,1.9761999719776213,380.614300025627,4768.939765855814
1791118639,250,,Aggregated,121.200000,0.000000,6,9,13,15,23,31,44,57,140,280,380,72561,0,6,10.544578717214883,1.9761999719776213,380.614300025627,4768.842518708397
1791118640,250,,Aggregated,121.900000,0.000000,6,9,13,15,23,31,44,57,140,280,380,72693,0,6,10.53750310070872,1.9761999719776213,380.614300025627,4768.8536447801025
1791118641,250,,Aggregated,123.200000,0.000000,6,9,13,15,23,31,44,57,140,280,380,72814,0,6,10.535318485450713,1.9761999719776213,380.614300025627,4769.103208174252
1791118642,250,,Aggregated,124.000000,0.000000,6,9,13,15,23,31,44,57,140,280,380,72938,0,6,10.54257148947611,1.9761999719776213,380.614300025627,4769.493789245661
1791118643,250,,Aggregated,123.600000,0.000000,6,9,13,15,23,31,44,57,140,280,380,73069,0,6,10.554444014553964,1.9761999719776213,380.614300025627,4769.262587417373
1791118644,250,,Aggregated,122.400000,0.000000,6,9,13,15,23,31,44,57,140,280,380,73198,0,6,10.550990947836713,1.9761999719776213,380.614300025627,4769.525683761852
1791118645,250,,Aggregated,123.000000,0.000000,6,9,13,15,23,31,44,57,140,280,380,73312,0,6,10.546618537206715,1.9761999719776213,380.614300025627,4769.740110759493
1791118646,250,,Aggregated,124.500000,0.000000,6,9,13,15,23,31,44,57,140,280,380,73436,0,6,10.538734873897651,1.9761999719776213,380.614300025627,4769.80559943352
1791118647,250,,Aggregated,123.400000,0.000000,6,9,13,15,23,31,44,57,140,280,380,73565,0,6,10.53086016311397,1.9761999719776213,380.614300025627,4769.645102970162
1791118648,250,,Aggregated,124.800000,0.000000,6,9,13,15,23,31,44,57,140,280,380,73690,0,6,10.523599727232007,1.9761999719776213,380.614300025627,4769.5804179671595
1791118649,250,,Aggregated,125.200000,0.000000,6,9,13,15,23,31,44,57,140,280,380,73809,0,6,10.517317245862287,1.9761999719776213,380.614300025627,4769.196588491918
1791118650,250,,Aggregated,125.200000,0.000000,6,9,13,15,23,31,44,57,140,280,380,73943,0,6,10.509009000170323,1.9761999719776213,380.614300025627,4769.667054352677
1791118651,250,,Aggregated,123.600000,0.000000,6,9,13,15,23,31,44,57,140,280,380,74059,0,6,10.503308121897254,1.9761999719776213,380.614300025627,4769.393510579403
1791118652,250,,Aggregated,125.400000,0.000000,6,9,13,15,23,31,44,57,140,280,380,74186,0,6,10.495901280558586,1.9761999719776213,380.614300025627,4769.418326908042
1791118653,250,,Aggregated,123.700000,0.000000,6,9,13,15,23,31,44,57,140,280,380,74303,0,6,10.51155335046404,1.9761999719776213,380.614300025627,4769.531176399338
1791118654,250,,Aggregated,124.300000,0.000000,6,9,13,15,23,31,44,57,140,280,380,74433,0,6,10.519655478079294,1.9761999719776213,380.614300025627,4769.377896900568
1791118655,250,,Aggregated,124.000000,0.000000,6,9,13,15,23,31,44,57,140,280,380,74549,0,6,10.530711367010422,1.9761999719776213,380.614300025627,4769.382312304659
