Timestamp,User Count,Type,Name,Requests/s,Failures/s,50%,66%,75%,80%,90%,95%,98%,99%,99.9%,99.99%,100%,Total Request Count,Total Failure Count,Total Median Response Time,Total Average Response Time,Total Min Response Time,Total Max Response Time,Total Average Content Size
1791121513,0,,Aggregated,0.000000,0.000000,N/A,N/A,N/A,N/A,N/A,N/A,N/A,N/A,N/A,N/A,N/A,0,0,0,0.0,0,0,0
1791121514,25,,Aggregated,0.000000,0.000000,170,200,230,240,290,290,340,340,340,340,340,50,0,160,155.02703999402002,12.06630002707243,338.7727999361232,5346.16
1791121515,50,,Aggregated,0.000000,0.000000,64,86,140,190,240,250,290,330,340,340,340,110,0,63,95.17122909257358,3.9019000250846148,338.7727999361232,5146.072727272727
1791121516,75,,Aggregated,50.000000,0.000000,47,66,82,99,200,240,290,330,340,340,340,179,0,47,72.02774189821022,2.5729999179020524,338.7727999361232,5044.569832402235
1791121517,100,,Aggregated,55.000000,0.000000,36,53,67,80,160,220,250,290,340,340,340,276,0,36,58.094488404964544,2.2912001004442573,338.7727999361232,5124.590579710145
1791121518,150,,Aggregated,59.000000,0.000000,31,42,55,64,130,200,250,290,340,340,340,367,0,31,49.295165939878274,2.2912001004442573,338.7727999361232,5094.1062670299725
1791121519,175,,Aggregated,68.250000,0.000000,27,39,50,56,92,170,240,290,340,340,340,488,0,27,42.92691434346155,2.2912001004442573,338.7727999361232,5009.463114754099
1791121520,200,,Aggregated,72.600000,0.000000,28,42,55,64,120,190,250,310,400,400,400,612,0,28,48.76098464059741,2.2912001004442573,396.58269996289164,4936.279411764706
1791121521,225,,Aggregated,81.000000,0.000000,27,40,49,57,97,170,250,290,400,400,400,751,0,27,44.36973555350847,2.2912001004442573,396.58269996289164,4938.772303595207
1791121522,250,,Aggregated,86.571429,0.000000,25,36,44,52,84,160,240,290,400,400,400,909,0,25,39.762533335010055,2.2912001004442573,396.58269996289164,4983.957095709571
1791121523,275,,Aggregated,90.750000,0.000000,25,37,44,52,87,150,240,290,390,400,400,1077,0,25,39.8768671324992,2.2731999633833766,396.58269996289164,4975.474466109564
1791121524,300,,Aggregated,97.888889,0.000000,23,35,42,49,82,140,240,280,390,400,400,1250,0,23,36.82879440123215,2.2595999762415886,396.58269996289164,4990.556
1791121525,325,,Aggregated,104.100000,0.000000,21,33,41,46,75,120,210,260,390,400,400,1422,0,21,34.50845393896464,2.2577999625355005,396.58269996289164,4979.806610407876
1791121526,350,,Aggregated,116.700000,0.000000,20,32,40,45,74,120,200,250,390,400,400,1620,0,20,33.433514507703,2.2190000163391232,396.58269996289164,4985.238271604938
1791121527,375,,Aggregated,128.100000,0.000000,23,35,43,51,87,150,240,290,460,470,470,1839,0,23,38.66517564068868,2.2190000163391232,466.81230003014207,4969.623708537249
1791121528,400,,Aggregated,141.600000,0.000000,20,33,42,48,82,140,210,280,440,470,470,2053,0,20,36.41212269987256,2.0166999893262982,466.81230003014207,4971.1217730151
1791121529,425,,Aggregated,152.300000,0.000000,23,36,44,53,93,150,240,330,460,470,470,2304,0,23,40.186910027286004,2.0166999893262982,466.81230003014207,4938.608506944444
1791121530,450,,Aggregated,164.200000,0.000000,20,33,42,50,86,150,240,310,460,470,470,2541,0,20,37.80580775407083,2.0166999893262982,466.81230003014207,4935.826052735144
1791121531,475,,Aggregated,176.000000,0.000000,24,38,47,57,110,170,290,400,560,560,560,2783,0,24,45.075076860096274,2.0166999893262982,564.9534999392927,4913.843334531081
1791121532,500,,Aggregated,188.700000,0.000000,26,40,54,70,140,210,390,460,570,620,620,3044,0,26,53.528848949413806,2.0166999893262982,615.6183999264613,4909.568659658345
1791121533,525,,Aggregated,200.800000,0.000000,28,44,61,81,170,280,440,520,640,650,650,3335,0,28,63.27190356907844,2.0166999893262982,650.4973999690264,4901.6035982009
1791121534,550,,Aggregated,212.200000,0.000000,26,42,57,76,150,270,430,510,640,650,650,3628,0,26,59.69898977499561,2.0166999893262982,650.4973999690264,4892.054299889746
1791121535,575,,Aggregated,223.100000,0.000000,25,40,54,69,150,250,410,500,640,650,650,3913,0,25,56.94559090307857,2.0166999893262982,650.4973999690264,4892.153846153846
1791121536,600,,Aggregated,234.000000,0.000000,27,42,57,76,150,260,410,490,630,650,650,4222,0,27,59.384114235817805,2.0166999893262982,650.4973999690264,4896.710326859308
1791121537,625,,Aggregated,247.900000,0.000000,28,44,62,80,170,260,410,480,630,650,650,4542,0,28,61.472052070085624,2.0166999893262982,650.4973999690264,4902.3683399383535
1791121538,650,,Aggregated,251.700000,0.000000,30,45,63,81,170,270,410,480,630,650,650,4919,0,30,63.156501403032806,2.0166999893262982,650.4973999690264,4888.348444805855
1791121539,675,,Aggregated,267.300000,0.000000,32,50,74,99,210,330,460,540,760,850,850,5193,0,32,72.95864841153985,2.0166999893262982,845.390300033614,4895.600423647217
1791121540,700,,Aggregated,285.500000,0.000000,34,55,81,110,220,350,480,560,840,1100,1100,5572,0,34,79.00893320166941,2.0166999893262982,1101.951599936001,4873.071787508973
1791121541,725,,Aggregated,281.700000,0.000000,38,63,97,130,250,380,540,640,850,1100,1100,5922,0,38,88.65730376580821,2.0166999893262982,1101.951599936001,4884.714792299898
1791121542,750,,Aggregated,304.400000,0.000000,40,65,97,130,260,390,560,680,1100,1300,1300,6355,0,40,92.98388111756061,2.0166999893262982,1306.212699972093,4861.682612116444
1791121543,775,,Aggregated,305.500000,0.000000,42,70,110,140,260,390,590,690,1100,1300,1300,6669,0,42,96.71279352268911,2.0166999893262982,1306.212699972093,4878.095366621683
1791121544,800,,Aggregated,324.300000,0.000000,45,72,110,140,280,420,610,740,1200,1400,1400,7118,0,45,101.33929214708247,2.0166999893262982,1398.8333999877796,4863.555914582748
1791121545,825,,Aggregated,323.300000,0.000000,49,80,120,160,310,430,620,750,1200,1400,1400,7426,0,49,108.7793782255892,2.0166999893262982,1398.8333999877796,4891.020603285753
1791121546,850,,Aggregated,343.800000,0.000000,52,80,130,170,320,470,720,900,1500,1700,1700,7839,0,52,116.66422450608103,2.0166999893262982,1683.04149992764,4876.276183186631
1791121547,875,,Aggregated,335.600000,0.000000,54,83,130,170,340,510,810,1000,2000,2700,2700,8271,0,54,126.94475514477975,2.0166999893262982,2723.9552999380976,4858.435376617096
1791121548,900,,Aggregated,361.500000,0.000000,58,86,130,170,330,500,800,1000,2000,2700,2700,8731,0,58,127.36457653217596,2.0166999893262982,2723.9552999380976,4858.430191272478
1791121549,925,,Aggregated,367.300000,0.000000,61,90,130,170,330,500,790,990,2000,2700,2700,9184,0,61,128.06510068640225,2.0166999893262982,2723.9552999380976,4855.659952090592
1791121550,950,,Aggregated,370.800000,0.000000,65,96,140,180,340,520,790,970,2000,2700,2700,9603,0,65,132.7423783092819,2.0166999893262982,2723.9552999380976,4874.509215870041
1791121551,975,,Aggregated,399.800000,0.000000,66,96,130,180,350,530,830,1100,2000,2500,2700,10061,0,66,136.55969868831122,2.0166999893262982,2723.9552999380976,4866.894642679654
1791121552,1000,,Aggregated,0.000000,0.000000,130,620,630,630,1900,2800,2800,2800,2800,2800,2800,26,0,78,578.3212999858034,52.66609997488558,2832.639699918218,3532.3076923076924
1791121553,1000,,Aggregated,0.000000,0.000000,83,100,150,160,620,1200,1900,2500,3400,3400,3400,573,0,83,229.85597329992754,43.2631999719888,3445.7891000201926,4811.876090750437
1791121554,1000,,Aggregated,0.000000,0.000000,98,130,160,170,630,1200,1800,2500,3400,4200,4200,1027,0,98,244.29354985494405,30.87939997203648,4217.9853999987245,4810.544303797468
1791121555,1000,,Aggregated,337.000000,0.000000,90,120,150,170,690,1200,1900,2500,4200,4200,4200,1440,0,90,248.55869798524913,30.87939997203648,4217.9853999987245,4744.845833333334
1791121556,1000,,Aggregated,406.000000,0.000000,87,110,150,160,690,1300,1900,2500,4200,4200,4200,1828,0,87,244.24764562325086,30.87939997203648,4217.9853999987245,4763.362144420132
1791121557,1000,,Aggregated,404.666667,0.000000,90,110,140,160,660,1200,2000,2600,4000,4200,4200,2298,0,90,243.0311207572611,30.87939997203648,4217.9853999987245,4810.010008703221
1791121558,1000,,Aggregated,415.000000,0.000000,86,110,140,160,720,1300,2300,2900,4400,4700,4700,2724,0,86,269.54271112360635,30.87939997203648,4731.6981999902055,4771.727606461087
1791121559,1000,,Aggregated,411.000000,0.000000,84,110,130,160,760,1400,2400,3000,4500,6300,6300,3184,0,84,278.7086477072254,30.87939997203648,6291.454900056124,4775.260992462311
1791121560,1000,,Aggregated,414.666667,0.000000,83,100,130,160,840,1600,2600,3300,4700,6300,6300,3608,0,83,292.1684229765627,30.87939997203648,6291.454900056124,4763.939855875831
1791121561,1000,,Aggregated,422.285714,0.000000,83,100,130,160,780,1500,2600,3400,5300,7800,7800,4066,0,83,291.135584013958,30.87939997203648,7769.175100023858,4755.3743236596165
1791121562,1000,,Aggregated,427.125000,0.000000,83,100,130,150,750,1500,2500,3300,5300,7800,7800,4527,0,83,283.16041687632037,30.87939997203648,7769.175100023858,4746.1164126353
1791121563,1000,,Aggregated,427.111111,0.000000,82,100,130,150,750,1500,2500,3200,5300,7800,7800,4985,0,82,281.59412236666117,30.87939997203648,7769.175100023858,4742.053159478435
1791121564,1000,,Aggregated,427.100000,0.000000,81,99,120,150,740,1500,2500,3200,5300,7800,7800,5412,0,81,281.62831812619464,30.87939997203648,7769.175100023858,4730.605506282335
1791121565,1000,,Aggregated,440.600000,0.000000,83,110,130,160,730,1400,2500,3100,5300,7800,7800,5804,0,83,276.89707653338974,30.87939997203648,7769.175100023858,4757.87577532736
1791121566,1000,,Aggregated,436.500000,0.000000,84,110,130,160,750,1500,2500,3100,5100,7800,7800,6309,0,84,279.3235001109036,30.87939997203648,7769.175100023858,4768.366936122999
1791121567,1000,,Aggregated,437.800000,0.000000,82,100,130,150,760,1500,2500,3100,5100,7800,7800,6737,0,82,281.70967930804494,30.87939997203648,7769.175100023858,4752.653109692742
1791121568,1000,,Aggregated,437.300000,0.000000,82,100,130,150,760,1500,2500,3100,5100,7800,7800,7183,0,82,281.5570420711404,30.87939997203648,7769.175100023858,4747.007796185438
1791121569,1000,,Aggregated,442.000000,0.000000,82,100,130,150,760,1500,2500,3100,5300,7800,7800,7628,0,82,280.81493645753955,30.87939997203648,7769.175100023858,4738.105532249607
1791121570,1000,,Aggregated,443.500000,0.000000,83,110,130,160,740,1400,2400,3000,5100,7800,7800,8118,0,83,276.68859439498584,30.87939997203648,7769.175100023858,4743.215077605321
1791121571,1000,,Aggregated,443.500000,0.000000,82,100,130,160,740,1400,2300,3000,5100,7800,7800,8574,0,82,275.0257859804622,30.87939997203648,7769.175100023858,4733.919640774434
1791121572,1000,,Aggregated,438.300000,0.000000,82,100,130,160,740,1400,2300,3000,5100,7800,7800,8996,0,82,273.1934356931762,30.87939997203648,7769.175100023858,4726.739550911516
1791121573,1000,,Aggregated,444.900000,0.000000,82,100,130,160,720,1300,2200,3000,4900,7800,7800,9514,0,82,267.70162107353445,30.87939997203648,7769.175100023858,4735.996741643893
1791121574,1000,,Aggregated,445.600000,0.000000,82,100,130,160,710,1300,2200,3000,4900,7800,7800,9941,0,82,264.5169812084897,30.87939997203648,7769.175100023858,4735.391409314958
1791121575,1000,,Aggregated,444.200000,0.000000,83,100,130,150,700,1300,2200,2900,4800,7800,7800,10404,0,83,259.93108761930813,30.87939997203648,7769.175100023858,4744.354767397155
1791121576,1000,,Aggregated,447.700000,0.000000,82,100,130,150,700,1300,2100,2900,4800,7800,7800,10893,0,82,257.9592683183224,30.87939997203648,7769.175100023858,4739.988157532361
1791121577,1000,,Aggregated,446.700000,0.000000,83,100,130,150,680,1300,2100,2900,4700,7800,7800,11308,0,83,254.02665865666407,30.87939997203648,7769.175100023858,4748.136186770428
1791121578,1000,,Aggregated,453.100000,0.000000,83,100,120,150,680,1300,2100,2900,4700,7800,7800,11781,0,83,251.29669252110122,30.87939997203648,7769.175100023858,4749.959341312282
1791121579,1000,,Aggregated,452.300000,0.000000,82,100,120,150,680,1300,2100,2800,4700,7800,7800,12217,0,82,252.50030203736407,30.87939997203648,7769.175100023858,4745.556847016453
1791121580,1000,,Aggregated,452.400000,0.000000,82,100,120,150,680,1300,2100,2800,4700,7800,7800,12703,0,82,250.5425868055271,30.87939997203648,7769.175100023858,4742.821144611509
1791121581,1000,,Aggregated,453.300000,0.000000,82,100,120,150,670,1200,2100,2800,4700,7800,7800,13166,0,82,248.12210730593586,30.87939997203648,7769.175100023858,4744.299559471366
1791121582,1000,,Aggregated,456.300000,0.000000,82,100,120,150,660,1200,2000,2700,4700,7800,7800,13621,0,82,245.90084443808152,30.87939997203648,7769.175100023858,4746.114602452096
1791121583,1000,,Aggregated,454.300000,0.000000,82,100,120,150,650,1200,2000,2600,4700,7800,7800,14058,0,82,243.26196140929662,30.87939997203648,7769.175100023858,4751.16204296486
1791121584,1000,,Aggregated,455.800000,0.000000,83,100,120,150,650,1200,2000,2600,4700,7800,7800,14472,0,83,242.1636484725312,30.87939997203648,7769.175100023858,4754.384466556108
1791121585,1000,,Aggregated,456.700000,0.000000,83,100,130,150,660,1200,2000,2600,4700,7800,7800,14940,0,83,244.91999398893896,30.87939997203648,7769.175100023858,4754.629250334672
1791121586,1000,,Aggregated,453.000000,0.000000,83,100,130,150,680,1200,2000,2600,4700,7800,7800,15380,0,83,245.48462899182275,30.87939997203648,7769.175100023858,4750.321521456437
1791121587,1000,,Aggregated,455.000000,0.000000,83,100,130,150,670,1200,2000,2600,4700,7800,7800,15837,0,83,244.66534279815946,30.87939997203648,7769.175100023858,4752.525730883374
1791121588,1000,,Aggregated,446.100000,0.000000,83,100,130,150,660,1200,2000,2600,4700,7800,7800,16288,0,83,242.87172651005935,30.87939997203648,7769.175100023858,4753.905144891945
1791121589,1000,,Aggregated,450.700000,0.000000,83,100,130,150,660,1200,2000,2600,4700,7800,7800,16756,0,83,243.64137777470708,30.007999972440302,7769.175100023858,4749.558068751492
1791121590,1000,,Aggregated,450.400000,0.000000,83,100,130,150,650,1200,2000,2600,4700,7800,7800,17180,0,83,241.98758213577398,30.007999972440302,7769.175100023858,4756.300582072177
1791121591,1000,,Aggregated,448.300000,0.000000,83,100,130,150,660,1200,2000,2600,4700,7800,7800,17641,0,83,241.24005018388783,30.007999972440302,7769.175100023858,4757.003968029023
1791121592,1000,,Aggregated,450.100000,0.000000,83,100,130,150,660,1200,2000,2600,4700,7800,7800,18095,0,83,241.61845680540333,30.007999972440302,7769.175100023858,4752.812047526942
1791121593,1000,,Aggregated,444.700000,0.000000,83,100,120,150,660,1200,2000,2600,4700,7800,7800,18535,0,83,241.22212185020177,30.007999972440302,7769.175100023858,4751.946371729161
1791121594,1000,,Aggregated,445.700000,0.000000,82,100,120,150,650,1200,2000,2600,4700,7800,7800,18997,0,82,240.9227744746474,30.007999972440302,7769.175100023858,4748.1602884666
1791121595,1000,,Aggregated,443.700000,0.000000,83,100,130,150,660,1200,2000,2600,4700,7800,7800,19475,0,83,240.59095855162687,30.007999972440302,7769.175100023858,4751.419974326059
1791121596,1000,,Aggregated,445.800000,0.000000,83,100,130,150,650,1200,2000,2600,4700,7800,7800,19879,0,83,240.43647090864263,30.007999972440302,7769.175100023858,4750.307359525127
1791121597,1000,,Aggregated,445.600000,0.000000,83,100,120,150,650,1200,2000,2600,4700,6600,7800,20343,0,83,238.9463669562507,30.007999972440302,7769.175100023858,4754.865014992873
1791121598,1000,,Aggregated,454.600000,0.000000,83,100,120,150,660,1200,2000,2600,4700,6600,7800,20794,0,83,239.06408445178903,30.007999972440302,7769.175100023858,4756.823025872848
1791121599,1000,,Aggregated,447.600000,0.000000,82,100,120,150,660,1200,2000,2600,4600,6600,7800,21248,0,82,240.0422157751761,30.007999972440302,7769.175100023858,4751.996987951808
1791121600,1000,,Aggregated,447.300000,0.000000,82,100,120,150,660,1200,2000,2600,4600,6600,7800,21696,0,82,239.17146225996535,30.007999972440302,7769.175100023858,4752.296045353983
1791121601,1000,,Aggregated,447.500000,0.000000,83,100,130,150,660,1200,2000,2600,4600,6700,7800,22134,0,83,240.40170158087793,30.007999972440302,7769.175100023858,4749.537679587964
1791121602,1000,,Aggregated,445.500000,0.000000,82,100,120,150,660,1200,2000,2600,4700,6700,7800,22578,0,82,240.42404026452814,30.007999972440302,7769.175100023858,4743.844361768093
1791121603,1000,,Aggregated,449.100000,0.000000,82,100,120,150,660,1200,2000,2600,4700,6700,7800,22985,0,82,240.0128666562516,30.007999972440302,7769.175100023858,4742.8095714596475
1791121604,1000,,Aggregated,449.000000,0.000000,82,100,120,150,660,1200,2000,2600,4700,7100,7800,23444,0,82,240.3725770685189,30.007999972440302,7769.175100023858,4744.25507592561
1791121605,1000,,Aggregated,447.200000,0.000000,82,100,120,150,660,1200,2000,2600,4700,7100,7800,23914,0,82,239.966861904938,30.007999972440302,7769.175100023858,4746.69018148365
1791121606,1000,,Aggregated,443.700000,0.000000,82,100,120,150,670,1200,2000,2600,4700,7100,7800,24350,0,82,241.28506349468532,30.007999972440302,7769.175100023858,4743.917987679672
1791121607,1000,,Aggregated,448.500000,0.000000,82,100,120,150,660,1200,2000,2600,4700,7100,7800,24834,0,82,241.04868906314766,30.007999972440302,7769.175100023858,4746.122493355883
1791121608,1000,,Aggregated,441.800000,0.000000,82,100,120,150,660,1200,2000,2600,4700,7100,7800,25275,0,82,240.2503420453303,30.007999972440302,7769.175100023858,4748.411790306627
1791121609,1000,,Aggregated,445.700000,0.000000,82,100,120,150,660,1200,2000,2600,4700,7100,7800,25759,0,82,239.50894718717643,30.007999972440302,7769.175100023858,4750.489731744245
1791121610,1000,,Aggregated,448.500000,0.000000,82,100,120,150,650,1200,2000,2600,4600,7100,7800,26192,0,82,238.5146146988894,30.007999972440302,7769.175100023858,4751.493662186927
1791121611,1000,,Aggregated,448.800000,0.000000,82,100,120,150,650,1200,2000,2600,4600,7100,7800,26659,0,82,238.10754516281543,30.007999972440302,7769.175100023858,4752.027382872576
1791121612,1000,,Aggregated,451.600000,0.000000,82,100,120,150,650,1200,2000,2600,4600,7100,7800,27107,0,82,237.89446682018632,30.007999972440302,7769.175100023858,4751.211458294905
1791121613,1000,,Aggregated,447.900000,0.000000,82,100,120,150,650,1200,2000,2600,4600,7100,7800,27544,0,82,237.79506232188842,30.007999972440302,7769.175100023858,4752.116686029625
1791121614,1000,,Aggregated,448.000000,0.000000,82,100,120,150,650,1200,2000,2600,4700,7100,7800,27973,0,82,237.2495504484812,30.007999972440302,7769.175100023858,4753.53623136596
1791121615,1000,,Aggregated,449.900000,0.000000,83,100,120,150,650,1200,2000,2600,4600,7100,7800,28452,0,83,236.4742988083059,30.007999972440302,7769.175100023858,4757.151799522002
1791121617,1000,,Aggregated,449.400000,0.000000,82,100,120,150,660,1200,2000,2600,4600,7100,7800,28914,0,82,238.29346126415766,30.007999972440302,7769.175100023858,4750.590682714256
1791121618,1000,,Aggregated,451.100000,0.000000,83,100,120,150,650,1200,2000,2600,4500,7100,7800,29413,0,83,237.97949821143635,30.007999972440302,7769.175100023858,4751.067487165539
1791121619,1000,,Aggregated,444.400000,0.000000,82,100,120,150,650,1200,2000,2500,4500,7100,7800,29880,0,82,237.2219553780083,30.007999972440302,7769.175100023858,4750.787048192771
1791121620,1000,,Aggregated,449.600000,0.000000,83,100,120,150,650,1200,1900,2500,4500,6700,7800,30320,0,83,236.0698526053481,30.007999972440302,7769.175100023858,4750.589050131926
1791121621,1000,,Aggregated,450.000000,0.000000,83,100,120,150,640,1200,1900,2500,4500,6700,7800,30782,0,83,234.7022155835493,30.007999972440302,7769.175100023858,4754.330907673316
1791121622,1000,,Aggregated,447.400000,0.000000,83,100,120,150,640,1200,1900,2500,4400,6700,7800,31243,0,83,233.62820673087853,30.007999972440302,7769.175100023858,4756.139839324009
1791121623,1000,,Aggregated,451.100000,0.000000,83,100,120,150,640,1200,1900,2500,4400,6700,7800,31696,0,83,233.6871991763231,30.007999972440302,7769.175100023858,4755.0635411408375
1791121624,1000,,Aggregated,451.100000,0.000000,82,100,120,150,640,1200,1900,2500,4400,6700,7800,32142,0,82,233.54145445803175,30.007999972440302,7769.175100023858,4756.363231908406
1791121625,1000,,Aggregated,450.200000,0.000000,83,100,120,150,640,1200,1900,2500,4400,6700,7800,32575,0,83,233.8148795607366,30.007999972440302,7769.175100023858,4757.9376208749045
1791121626,1000,,Aggregated,451.400000,0.000000,82,100,120,150,640,1200,1900,2500,4400,6700,7800,32999,0,82,233.73350509688532,30.007999972440302,7769.175100023858,4757.084335888966
1791121627,1000,,Aggregated,448.800000,0.000000,82,100,120,150,650,1200,1900,2500,4400,6700,7800,33469,0,82,233.9354299886582,30.007999972440302,7769.175100023858,4757.45890226777
1791121628,1000,,Aggregated,447.400000,0.000000,82,100,120,150,650,1200,1900,2500,4400,6700,7800,33923,0,82,234.37174073020748,30.007999972440302,7769.175100023858,4755.198832650414
1791121629,1000,,Aggregated,455.000000,0.000000,82,100,120,150,650,1200,1900,2500,4300,6700,7800,34366,0,82,234.21238129229857,30.007999972440302,7769.175100023858,4754.575947157074
1791121630,1000,,Aggregated,448.600000,0.000000,82,100,120,150,650,1200,1900,2500,4400,6700,7800,34816,0,82,234.20544182245936,30.007999972440302,7769.175100023858,4752.473316865809
1791121631,1000,,Aggregated,446.000000,0.000000,82,100,120,140,650,1200,1900,2500,4400,6700,7800,35253,0,82,234.03445509865855,30.007999972440302,7769.175100023858,4754.449153263552
1791121632,1000,,Aggregated,447.000000,0.000000,82,100,120,140,650,1200,1900,2500,4400,6700,7800,35740,0,82,233.91440955492502,30.007999972440302,7769.175100023858,4754.876189143816
1791121633,1000,,Aggregated,446.100000,0.000000,82,100,120,150,650,1200,1900,2500,4300,6700,7800,36189,0,82,234.43990028166164,30.007999972440302,7769.175100023858,4754.940368620299
1791121634,1000,,Aggregated,448.300000,0.000000,82,100,120,150,640,1200,1900,2500,4300,6700,7800,36609,0,82,233.62174798256515,30.007999972440302,7769.175100023858,4756.94181758584
1791121635,1000,,Aggregated,448.800000,0.000000,83,100,120,150,640,1200,1900,2500,4300,6700,7800,37027,0,83,233.32814455650768,30.007999972440302,7769.175100023858,4760.186539552219
1791121636,1000,,Aggregated,444.800000,0.000000,82,100,120,150,650,1200,1900,2500,4300,6700,7800,37491,0,82,234.5473857537633,30.007999972440302,7769.175100023858,4759.228268117681
1791121637,1000,,Aggregated,444.000000,0.000000,82,100,120,150,650,1200,1900,2500,4300,6700,7800,37951,0,82,235.56041147785328,30.007999972440302,7769.175100023858,4757.674290532529
1791121638,1000,,Aggregated,446.000000,0.000000,82,100,120,150,650,1200,1900,2500,4300,6700,7800,38412,0,82,235.30519023995112,30.007999972440302,7769.175100023858,4756.703504113298
1791121639,1000,,Aggregated,445.600000,0.000000,82,100,120,150,640,1200,1900,2500,4300,6700,7800,38856,0,82,235.0779754400152,30.007999972440302,7769.175100023858,4754.936869466749
1791121640,1000,,Aggregated,445.200000,0.000000,82,100,120,150,640,1200,1900,2500,4300,6700,7800,39312,0,82,234.40646973943237,30.007999972440302,7769.175100023858,4753.452584452584
1791121641,1000,,Aggregated,447.800000,0.000000,82,100,120,150,640,1200,1900,2500,4300,6700,7800,39756,0,82,233.67720582043597,30.007999972440302,7769.175100023858,4754.041251634973
1791121642,1000,,Aggregated,448.600000,0.000000,82,100,120,140,640,1200,1900,2500,4300,6600,7800,40229,0,82,233.18614091566693,30.007999972440302,7769.175100023858,4753.387133659798
1791121643,1000,,Aggregated,446.700000,0.000000,82,100,120,140,640,1200,1900,2500,4300,6600,7800,40701,0,82,232.89189543492617,30.007999972440302,7769.175100023858,4751.085182182256
1791121644,1000,,Aggregated,447.000000,0.000000,82,100,120,140,630,1200,1900,2500,4300,6600,7800,41150,0,82,231.85800440572586,30.007999972440302,7769.175100023858,4752.5995625759415
1791121645,1000,,Aggregated,448.400000,0.000000,82,100,120,140,630,1200,1900,2500,4300,6600,7800,41606,0,82,231.10304582019745,30.007999972440302,7769.175100023858,4754.219968273806
1791121646,1000,,Aggregated,450.100000,0.000000,82,100,120,140,630,1200,1900,2500,4300,6600,7800,42003,0,82,230.90560308537655,30.007999972440302,7769.175100023858,4754.447063305002
1791121647,1000,,Aggregated,455.700000,0.000000,82,100,120,140,630,1200,1900,2500,4300,6600,7800,42484,0,82,230.60568895568235,30.007999972440302,7769.175100023858,4756.383603238866
1791121648,1000,,Aggregated,454.500000,0.000000,82,100,120,140,630,1200,1900,2500,4300,6600,7800,42899,0,82,230.77887368685543,30.007999972440302,7769.175100023858,4758.991911233362
1791121649,1000,,Aggregated,451.700000,0.000000,82,100,120,150,630,1200,1900,2500,4300,6600,7800,43336,0,82,232.5538969353919,30.007999972440302,7769.175100023858,4759.573703156729
1791121650,1000,,Aggregated,447.500000,0.000000,82,100,120,150,630,1200,1900,2500,4300,6600,7800,43770,0,82,232.7015185399088,29.41560000181198,7769.175100023858,4758.637331505597
1791121651,1000,,Aggregated,441.500000,0.000000,82,100,120,150,640,1200,1900,2500,4300,6600,7800,44213,0,82,234.0621078707971,29.41560000181198,7769.175100023858,4755.59077646846
1791121652,1000,,Aggregated,442.500000,0.000000,82,100,120,150,640,1200,1900,2500,4300,6600,7800,44678,0,82,234.42481594726155,29.41560000181198,7769.175100023858,4755.055799274811
1791121653,1000,,Aggregated,443.400000,0.000000,82,100,120,150,640,1200,1900,2500,4300,6600,7800,45130,0,82,234.6125152912325,29.41560000181198,7769.175100023858,4753.110901839132
1791121654,1000,,Aggregated,442.400000,0.000000,82,100,120,140,640,1200,1900,2500,4300,6600,7800,45584,0,82,234.6698293149541,29.41560000181198,7769.175100023858,4754.437653562653
1791121655,1000,,Aggregated,441.800000,0.000000,82,100,120,140,640,1200,1900,2500,4300,6600,7800,46040,0,82,234.22830473920578,29.41560000181198,7769.175100023858,4755.733992180712
1791121656,1000,,Aggregated,444.500000,0.000000,82,100,120,140,640,1200,1900,2500,4300,6700,7800,46472,0,82,234.42119413826242,29.41560000181198,7769.175100023858,4755.063263900844
1791121657,1000,,Aggregated,441.200000,0.000000,82,100,120,140,640,1200,1900,2500,4300,6700,7800,46899,0,82,234.35063757850403,29.41560000181198,7769.175100023858,4756.457813599437
1791121658,1000,,Aggregated,439.800000,0.000000,82,100,120,140,640,1200,1900,2500,4300,6700,7800,47322,0,82,234.79405971626917,29.41560000181198,7769.175100023858,4755.77219897722
1791121659,1000,,Aggregated,440.200000,0.000000,82,100,120,140,650,1200,2000,2600,4300,6700,7800,47774,0,82,236.21683664528612,29.41560000181198,7769.175100023858,4753.550320257881
1791121660,1000,,Aggregated,441.300000,0.000000,82,100,120,140,650,1200,2000,2600,4300,6700,7800,48229,0,82,236.69387214316384,29.41560000181198,7769.175100023858,4751.490700615812
1791121661,1000,,Aggregated,445.200000,0.000000,82,100,120,140,650,1200,2000,2600,4400,6700,7800,48691,0,82,236.47425703709757,29.41560000181198,7769.175100023858,4751.384752829065
1791121662,1000,,Aggregated,444.300000,0.000000,82,100,120,140,650,1200,2000,2600,4300,6700,7800,49146,0,82,236.0624942394501,29.41560000181198,7769.175100023858,4750.919301672568
1791121663,1000,,Aggregated,445.700000,0.000000,82,100,120,140,650,1200,2000,2600,4300,6700,7800,49615,0,82,235.7965574582654,29.41560000181198,7769.175100023858,4751.990244885619
1791121664,1000,,Aggregated,442.900000,0.000000,82,100,120,140,650,1200,2000,2600,4300,6600,7800,50039,0,82,235.82593569596258,29.41560000181198,7769.175100023858,4752.210935470333
1791121665,1000,,Aggregated,443.600000,0.000000,82,100,120,150,650,1200,2000,2600,4300,6600,7800,50479,0,82,236.26178029461042,29.41560000181198,7769.175100023858,4753.683234612413
1791121666,1000,,Aggregated,443.200000,0.000000,82,100,120,150,650,1200,2000,2500,4300,6600,7800,50897,0,82,236.17256566579496,29.41560000181198,7769.175100023858,4753.041770634812
1791121667,1000,,Aggregated,437.700000,0.000000,82,100,120,150,650,1200,2000,2500,4300,6600,7800,51358,0,82,236.70567203729243,29.41560000181198,7769.175100023858,4751.679777249893
1791121668,1000,,Aggregated,442.900000,0.000000,82,100,120,150,650,1200,2000,2500,4300,6600,7800,51827,0,82,236.5328999303631,29.41560000181198,7769.175100023858,4752.59418835742
1791121669,1000,,Aggregated,442.900000,0.000000,82,100,120,150,650,1200,2000,2500,4300,6600,7800,52293,0,82,236.65825424419023,29.41560000181198,7769.175100023858,4750.820300996309
1791121670,1000,,Aggregated,446.500000,0.000000,82,100,120,150,650,1200,1900,2500,4300,6600,7800,52717,0,82,236.19196752454963,29.41560000181198,7769.175100023858,4752.958874746287
1791121671,1000,,Aggregated,448.700000,0.000000,82,100,120,150,650,1200,1900,2500,4300,6600,7800,53155,0,82,235.64247759748147,29.41560000181198,7769.175100023858,4754.410008465808
1791121672,1000,,Aggregated,447.000000,0.000000,82,100,120,150,650,1200,1900,2500,4300,6600,7800,53650,0,82,235.80668092254922,29.41560000181198,7769.175100023858,4754.352301957129
1791121673,1000,,Aggregated,447.400000,0.000000,82,100,120,150,650,1200,1900,2500,4300,6600,7800,54118,0,82,236.03940497052315,29.41560000181198,7769.175100023858,4752.22334528253
1791121674,1000,,Aggregated,446.800000,0.000000,82,100,120,150,650,1200,1900,2500,4300,6600,7800,54571,0,82,235.32539236030203,29.41560000181198,7769.175100023858,4753.818126843928
1791121675,1000,,Aggregated,448.700000,0.000000,82,100,120,150,640,1200,1900,2500,4300,6600,7800,54986,0,82,234.89449163048607,29.41560000181198,7769.175100023858,4753.402411522933
1791121676,1000,,Aggregated,445.000000,0.000000,82,100,120,150,650,1200,1900,2500,4300,6600,7800,55451,0,82,234.787202647261,29.41560000181198,7769.175100023858,4752.508412832952
1791121677,1000,,Aggregated,453.200000,0.000000,82,100,120,150,650,1200,1900,2500,4300,6600,7800,55901,0,82,234.90144709026927,29.41560000181198,7769.175100023858,4752.097010786927
1791121678,1000,,Aggregated,451.400000,0.000000,82,100,120,150,650,1200,1900,2500,4300,6600,7800,56358,0,82,234.84499260073937,29.41560000181198,7769.175100023858,4752.373877710352
1791121679,1000,,Aggregated,452.500000,0.000000,82,100,120,150,640,1200,1900,2500,4300,6600,7800,56828,0,82,234.72064536659857,29.41560000181198,7769.175100023858,4752.207274582952
1791121680,1000,,Aggregated,450.700000,0.000000,82,100,120,150,640,1200,1900,2500,4300,6600,7800,57231,0,82,234.76393165056854,29.41560000181198,7769.175100023858,4751.9074976848215
1791121681,1000,,Aggregated,451.600000,0.000000,82,100,120,150,640,1200,1900,2500,4300,6600,7800,57665,0,82,234.4416147315384,29.41560000181198,7769.175100023858,4755.277638082025
1791121682,1000,,Aggregated,451.600000,0.000000,82,100,120,150,640,1200,1900,2500,4300,6600,7800,58140,0,82,234.596489055639,29.41560000181198,7769.175100023858,4755.241142070863
1791121683,1000,,Aggregated,443.900000,0.000000,82,100,120,150,650,1200,1900,2500,4300,6700,7800,58588,0,82,235.7325804771317,29.41560000181198,7769.175100023858,4752.068887826858
1791121684,1000,,Aggregated,448.400000,0.000000,82,100,120,150,650,1200,1900,2500,4300,6700,7800,59067,0,82,235.66534674850328,29.41560000181198,7769.175100023858,4751.994379264225
1791121685,1000,,Aggregated,445.200000,0.000000,82,100,120,150,640,1200,1900,2500,4300,6700,7800,59449,0,82,235.32734421256086,29.41560000181198,7769.175100023858,4753.924069370385
1791121686,1000,,Aggregated,449.700000,0.000000,82,100,120,150,650,1200,1900,2500,4300,6700,7800,59909,0,82,235.40361904710628,29.41560000181198,7769.175100023858,4753.017626733879
1791121687,1000,,Aggregated,441.500000,0.000000,82,100,120,150,650,1200,1900,2500,4300,6600,7800,60354,0,82,235.77447163059946,29.41560000181198,7769.175100023858,4752.52056201743
1791121688,1000,,Aggregated,442.400000,0.000000,82,100,120,150,650,1200,1900,2500,4300,6600,7800,60782,0,82,235.85259441110992,29.41560000181198,7769.175100023858,4753.518952979501
1791121689,1000,,Aggregated,442.100000,0.000000,82,100,120,150,650,1200,1900,2500,4300,6600,7800,61236,0,82,236.33172280024587,29.41560000181198,7769.175100023858,4753.278937226468
1791121690,1000,,Aggregated,440.900000,0.000000,82,100,120,150,650,1200,1900,2500,4300,6600,7800,61691,0,82,236.6109180949624,29.41560000181198,7769.175100023858,4752.629005851745
1791121691,1000,,Aggregated,438.000000,0.000000,82,100,120,150,650,1200,1900,2500,4300,6600,7800,62182,0,82,236.49827571158445,29.41560000181198,7769.175100023858,4750.811263709756
1791121692,1000,,Aggregated,439.100000,0.000000,82,100,120,150,650,1200,1900,2500,4300,6600,7800,62637,0,82,235.83686191703384,29.41560000181198,7769.175100023858,4751.463160751632
1791121693,1000,,Aggregated,448.200000,0.000000,82,100,120,150,650,1200,1900,2500,4300,6600,7800,63086,0,82,235.3474529878966,29.41560000181198,7769.175100023858,4751.147021526171
1791121694,1000,,Aggregated,444.000000,0.000000,82,100,120,150,640,1200,1900,2500,4300,6600,7800,63536,0,82,234.72243842223253,29.41560000181198,7769.175100023858,4752.653708133971
1791121695,1000,,Aggregated,447.300000,0.000000,82,100,120,150,640,1200,1900,2500,4300,6600,7800,63971,0,82,234.63013567545272,29.41560000181198,7769.175100023858,4753.329446155289
1791121696,1000,,Aggregated,440.900000,0.000000,82,100,120,150,650,1200,1900,2500,4300,6600,7800,64390,0,82,235.1207972184335,29.41560000181198,7769.175100023858,4752.942941450536
1791121697,1000,,Aggregated,452.800000,0.000000,82,100,120,150,650,1200,1900,2500,4300,6600,7800,64860,0,82,234.98315100981915,29.41560000181198,7769.175100023858,4753.420490286771
1791121698,1000,,Aggregated,446.100000,0.000000,82,100,120,150,650,1200,1900,2500,4300,6600,7800,65310,0,82,235.0393636486951,29.41560000181198,7769.175100023858,4752.305297810442
1791121699,1000,,Aggregated,447.400000,0.000000,82,100,120,150,650,1200,1900,2500,4300,6600,7800,65789,0,82,234.74759851947118,29.41560000181198,7769.175100023858,4751.223867211844
1791121700,1000,,Aggregated,451.100000,0.000000,82,100,120,150,640,1200,1900,2500,4300,6600,7800,66261,0,82,234.02067039129528,29.41560000181198,7769.175100023858,4751.073829250992
1791121701,1000,,Aggregated,451.700000,0.000000,82,100,120,150,640,1200,1900,2500,4300,6600,7800,66733,0,82,233.53975779895814,29.41560000181198,7769.175100023858,4753.634588584358
1791121702,1000,,Aggregated,457.300000,0.000000,82,100,120,150,640,1200,1900,2500,4300,6600,7800,67192,0,82,233.2521916641675,29.41560000181198,7769.175100023858,4753.458134897011
1791121703,1000,,Aggregated,453.700000,0.000000,82,100,120,150,640,1200,1900,2500,4300,6600,7800,67634,0,82,232.67821205900768,29.41560000181198,7769.175100023858,4754.4679599018245
1791121704,1000,,Aggregated,455.800000,0.000000,82,100,120,150,640,1200,1900,2500,4200,6600,7800,68104,0,82,232.03390514652372,29.41560000181198,7769.175100023858,4755.0840479267
1791121705,1000,,Aggregated,452.200000,0.000000,82,100,120,150,630,1200,1900,2500,4200,6600,7800,68535,0,82,231.78127579482688,29.41560000181198,7769.175100023858,4755.602334573576
1791121706,1000,,Aggregated,457.200000,0.000000,82,100,120,150,630,1200,1900,2500,4200,6600,7800,68998,0,82,231.65910161595724,29.41560000181198,7769.175100023858,4755.648699962318
1791121707,1000,,Aggregated,452.500000,0.000000,82,100,120,150,630,1200,1900,2500,4200,6600,7800,69470,0,82,231.53690052248695,29.41560000181198,7769.175100023858,4755.833885130272
1791121708,1000,,Aggregated,459.200000,0.000000,82,100,120,150,630,1200,1900,2500,4200,6600,7800,69949,0,82,231.43540026015688,29.41560000181198,7769.175100023858,4756.081602310254
1791121709,1000,,Aggregated,457.900000,0.000000,82,100,120,150,630,1200,1900,2500,4200,6500,7800,70387,0,82,231.18378124791414,29.41560000181198,7769.175100023858,4756.116655064146
1791121710,1000,,Aggregated,459.600000,0.000000,82,100,120,150,630,1100,1900,2400,4200,6500,7800,70845,0,82,230.94254474835458,29.41560000181198,7769.175100023858,4756.822217517115
1791121711,1000,,Aggregated,460.700000,0.000000,82,100,120,150,630,1200,1900,2400,4200,6500,7800,71252,0,82,231.30038028260975,29.41560000181198,7769.175100023858,4756.770280132488
1791121712,1000,,Aggregated,453.800000,0.000000,82,100,120,150,630,1100,1900,2400,4200,6500,7800,71729,0,82,231.25007561232763,29.41560000181198,7769.175100023858,4757.467732716195
1791121713,1000,,Aggregated,455.700000,0.000000,82,100,120,150,640,1200,1900,2400,4200,6500,7800,72193,0,82,231.8186319822768,29.41560000181198,7769.175100023858,4755.674733007355
1791121714,1000,,Aggregated,453.600000,0.000000,82,100,120,150,640,1200,1900,2400,4200,6500,7800,72652,0,82,231.71210160348386,29.41560000181198,7769.175100023858,4755.7125061939105
1791121715,1000,,Aggregated,453.100000,0.000000,82,100,120,150,630,1100,1900,2400,4200,6500,7800,73120,0,82,231.26396920263042,29.41560000181198,7769.175100023858,4757.399056345733
1791121716,1000,,Aggregated,454.000000,0.000000,82,100,130,150,630,1100,1900,2400,4200,6500,7800,73543,0,82,231.18630936998622,29.41560000181198,7769.175100023858,4757.7518730538595
1791121717,1000,,Aggregated,455.400000,0.000000,82,100,130,150,640,1100,1900,2400,4200,6500,7800,74002,0,82,231.29753672327203,29.41560000181198,7769.175100023858,4757.708318694089
1791121718,1000,,Aggregated,446.400000,0.000000,82,100,120,150,640,1200,1900,2400,4200,6500,7800,74449,0,82,231.41725973749206,29.41560000181198,7769.175100023858,4756.24889521686
1791121719,1000,,Aggregated,450.000000,0.000000,82,100,120,150,640,1200,1900,2400,4200,6500,7800,74887,0,82,231.37850696246196,29.41560000181198,7769.175100023858,4756.885320549628
1791121720,1000,,Aggregated,449.400000,0.000000,82,100,120,150,640,1200,1900,2400,4200,6500,7800,75356,0,82,231.46488877857632,29.41560000181198,7769.175100023858,4756.66936939328
1791121721,1000,,Aggregated,445.400000,0.000000,82,100,120,150,640,1200,1900,2400,4200,6500,7800,75785,0,82,231.54663421649204,29.41560000181198,7769.175100023858,4756.887088473973
1791121722,1000,,Aggregated,447.500000,0.000000,82,100,120,150,640,1200,1900,2400,4200,6500,7800,76241,0,82,231.37968429844742,29.41560000181198,7769.175100023858,4757.083432798626
1791121723,1000,,Aggregated,447.600000,0.000000,82,100,120,150,640,1200,1900,2400,4200,6500,7800,76711,0,82,231.6111845041604,29.41560000181198,7769.175100023858,4756.322522193688
1791121724,1000,,Aggregated,447.800000,0.000000,82,100,120,150,640,1200,1900,2400,4200,6500,7800,77175,0,82,231.59796533202672,29.41560000181198,7769.175100023858,4755.9459928733395
1791121725,1000,,Aggregated,451.500000,0.000000,82,100,120,150,640,1200,1900,2400,4200,6500,7800,77608,0,82,231.51109684695507,29.41560000181198,7769.175100023858,4756.821474590249
1791121726,1000,,Aggregated,452.100000,0.000000,82,100,120,150,640,1200,1900,2400,4200,6500,7800,78068,0,82,231.19504885610476,29.41560000181198,7769.175100023858,4757.285622790388
1791121727,1000,,Aggregated,448.300000,0.000000,82,100,120,150,640,1200,1900,2400,4200,6500,7800,78421,0,82,231.9194084199033,29.41560000181198,7769.175100023858,4756.296655232654
1791121728,1000,,Aggregated,456.000000,0.000000,82,100,120,150,640,1200,1900,2400,4200,6500,7800,78934,0,82,231.92401421944783,29.41560000181198,7769.175100023858,4757.74283578686
1791121729,1000,,Aggregated,451.000000,0.000000,82,100,120,150,640,1200,1900,2400,4200,6500,7800,79382,0,82,232.28206294246183,28.012799913994968,7769.175100023858,4756.195447330629
1791121730,1000,,Aggregated,447.500000,0.000000,82,100,120,150,640,1200,1900,2400,4200,6500,7800,79824,0,82,232.30144056294267,28.012799913994968,7769.175100023858,4755.951054820605
1791121731,1000,,Aggregated,448.000000,0.000000,82,100,120,150,640,1200,1900,2400,4200,6300,7800,80307,0,82,232.14506537283748,28.012799913994968,7769.175100023858,4756.6015664886
1791121732,1000,,Aggregated,448.600000,0.000000,82,100,120,150,640,1200,1900,2400,4200,6300,7800,80750,0,82,231.9210978426856,28.012799913994968,7769.175100023858,4756.620222910216
1791121733,1000,,Aggregated,448.500000,0.000000,82,100,120,150,640,1200,1900,2400,4200,6300,7800,81226,0,82,232.0143754573262,28.012799913994968,7769.175100023858,4755.759941398074
1791121734,1000,,Aggregated,450.900000,0.000000,82,100,120,150,640,1200,1900,2400,4200,6300,7800,81688,0,82,231.7772093122176,28.012799913994968,7769.175100023858,4755.209516697679
1791121735,1000,,Aggregated,446.500000,0.000000,82,100,120,150,640,1200,1900,2400,4200,6300,7800,82109,0,82,231.49429734128765,28.012799913994968,7769.175100023858,4756.2112192329705
1791121736,1000,,Aggregated,445.900000,0.000000,82,100,120,150,640,1200,1900,2400,4200,6300,7800,82545,0,82,231.64031297470518,28.012799913994968,7769.175100023858,4755.581900781392
1791121737,1000,,Aggregated,447.100000,0.000000,82,100,120,150,640,1200,1900,2400,4200,6300,7800,82990,0,82,231.61154678513276,28.012799913994968,7769.175100023858,4756.581274852392
1791121738,1000,,Aggregated,445.700000,0.000000,82,100,120,150,640,1200,1900,2400,4200,6300,7800,83408,0,82,232.09818384563127,28.012799913994968,7769.175100023858,4756.006797909074
1791121739,1000,,Aggregated,444.100000,0.000000,82,100,120,150,640,1200,1900,2500,4200,6300,7800,83856,0,82,232.26536427917742,28.012799913994968,7769.175100023858,4755.589916046556
1791121740,1000,,Aggregated,446.300000,0.000000,82,100,120,150,640,1200,1900,2500,4200,6300,7800,84295,0,82,232.30333391416127,28.012799913994968,7769.175100023858,4756.484050062281
1791121741,1000,,Aggregated,447.800000,0.000000,82,100,120,150,640,1200,1900,2500,4200,6300,7800,84699,0,82,232.69630868361196,28.012799913994968,7769.175100023858,4756.061936976824
1791121742,1000,,Aggregated,441.600000,0.000000,82,100,120,150,640,1200,1900,2500,4200,6300,7800,85173,0,82,232.68933088649428,28.012799913994968,7769.175100023858,4756.53313843589
1791121743,1000,,Aggregated,442.900000,0.000000,82,100,120,150,650,1200,1900,2500,4300,6500,7800,85603,0,82,233.4670216358546,28.012799913994968,7769.175100023858,4756.046517061318
1791121744,1000,,Aggregated,437.600000,0.000000,82,100,120,150,650,1200,1900,2500,4300,6600,9200,86045,0,82,233.59886772612083,28.012799913994968,9188.352199969813,4755.663222732292
1791121745,1000,,Aggregated,440.200000,0.000000,82,100,120,150,650,1200,1900,2500,4300,6600,9200,86473,0,82,233.89306436336503,27.590900077484548,9188.352199969813,4755.366091149839
1791121746,1000,,Aggregated,437.000000,0.000000,82,100,120,150,650,1200,1900,2500,4300,6700,9200,86911,0,82,234.68785866682444,27.590900077484548,9188.352199969813,4754.566211411674
1791121747,1000,,Aggregated,434.000000,0.000000,82,100,120,150,650,1200,1900,2500,4300,6700,9200,87382,0,82,235.02478704874457,27.590900077484548,9188.352199969813,4754.190462566661
1791121748,1000,,Aggregated,434.500000,0.000000,82,100,120,150,650,1200,1900,2500,4300,6800,9200,87795,0,82,235.49180909270527,27.590900077484548,9188.352199969813,4753.801298479412
1791121749,1000,,Aggregated,437.500000,0.000000,82,100,120,150,650,1200,1900,2500,4300,6800,9200,88254,0,82,235.25052845756827,27.590900077484548,9188.352199969813,4754.584268135155
1791121750,1000,,Aggregated,436.000000,0.000000,82,100,120,150,650,1200,1900,2500,4300,6800,9200,88709,0,82,235.18181727442018,27.590900077484548,9188.352199969813,4755.200937898071
1791121751,1000,,Aggregated,435.500000,0.000000,82,100,120,150,650,1200,1900,2500,4300,6800,9200,89157,0,82,235.43163280276758,27.590900077484548,9188.352199969813,4754.500768307592
1791121752,1000,,Aggregated,440.600000,0.000000,82,100,120,150,650,1200,1900,2500,4300,6800,9200,89582,0,82,235.23699884904752,27.590900077484548,9188.352199969813,4755.778884150834
1791121753,1000,,Aggregated,439.500000,0.000000,82,100,120,150,650,1200,1900,2500,4300,6700,9200,90040,0,82,235.6950556196761,27.590900077484548,9188.352199969813,4755.240348733896
1791121754,1000,,Aggregated,441.700000,0.000000,82,100,120,150,650,1200,1900,2500,4300,6700,9200,90479,0,82,235.87224100394747,27.590900077484548,9188.352199969813,4754.666375623073
1791121755,1000,,Aggregated,438.400000,0.000000,82,100,120,150,650,1200,1900,2500,4400,6700,9200,90918,0,82,235.91971786882166,27.590900077484548,9188.352199969813,4755.098088387338
1791121756,1000,,Aggregated,441.400000,0.000000,82,100,120,150,660,1200,1900,2500,4400,6700,9200,91375,0,82,236.4826157154458,27.590900077484548,9188.352199969813,4754.340060191518
1791121757,1000,,Aggregated,441.000000,0.000000,82,100,120,150,660,1200,1900,2500,4400,6700,9200,91788,0,82,236.70907414585926,27.590900077484548,9188.352199969813,4754.623360352116
1791121758,1000,,Aggregated,441.900000,0.000000,82,100,120,150,660,1200,1900,2500,4400,6800,9300,92249,0,82,236.92713453695237,27.590900077484548,9277.931499993429,4754.101204349098
1791121759,1000,,Aggregated,439.200000,0.000000,82,100,120,150,660,1200,1900,2500,4400,6800,9300,92701,0,82,237.39245041908936,27.590900077484548,9277.931499993429,4754.3556380190075
1791121760,1000,,Aggregated,440.800000,0.000000,82,100,120,150,660,1200,1900,2500,4400,6800,9300,93165,0,82,237.34490728494046,27.590900077484548,9277.931499993429,4754.147770085333
1791121761,1000,,Aggregated,442.000000,0.000000,82,100,120,150,660,1200,1900,2500,4400,6800,9300,93621,0,82,237.12638704886464,27.590900077484548,9277.931499993429,4754.367855502504
1791121762,1000,,Aggregated,443.100000,0.000000,82,100,120,150,660,1200,1900,2500,4400,6800,9300,94047,0,82,237.24679238361236,27.590900077484548,9277.931499993429,4754.273193190639
1791121763,1000,,Aggregated,438.600000,0.000000,82,100,120,150,660,1200,1900,2500,4400,6800,9300,94532,0,82,237.25998491199903,27.590900077484548,9277.931499993429,4753.579359370372
1791121764,1000,,Aggregated,442.100000,0.000000,82,100,120,150,660,1200,1900,2500,4500,6800,9300,94961,0,82,237.3725329029841,27.590900077484548,9277.931499993429,4753.795516053959
1791121765,1000,,Aggregated,442.500000,0.000000,82,100,120,150,660,1200,1900,2500,4500,6800,9300,95430,0,82,237.00664534632776,27.590900077484548,9277.931499993429,4755.080760767054
1791121766,1000,,Aggregated,445.800000,0.000000,82,100,120,150,660,1200,1900,2500,4500,6800,9300,95866,0,82,237.34039115536535,27.590900077484548,9277.931499993429,4753.752957252832
1791121767,1000,,Aggregated,446.700000,0.000000,82,100,120,150,660,1200,1900,2500,4400,6800,9300,96294,0,82,237.11604107732222,27.590900077484548,9277.931499993429,4754.46122292147
1791121768,1000,,Aggregated,450.000000,0.000000,82,100,120,150,660,1200,1900,2500,4400,6800,9300,96768,0,82,237.14729431320094,27.590900077484548,9277.931499993429,4753.974681712963
1791121769,1000,,Aggregated,448.500000,0.000000,82,100,120,150,660,1200,1900,2500,4400,6800,9300,97226,0,82,237.30414407976633,27.590900077484548,9277.931499993429,4753.2202188714955
1791121770,1000,,Aggregated,448.700000,0.000000,82,100,120,150,660,1200,1900,2500,4400,6800,9300,97650,0,82,237.45607250077344,27.590900077484548,9277.931499993429,4752.983113159242
1791121771,1000,,Aggregated,449.300000,0.000000,82,100,120,150,660,1200,1900,2500,4400,6800,9300,98111,0,82,237.55504242848494,27.590900077484548,9277.931499993429,4751.857559295084
1791121772,1000,,Aggregated,447.700000,0.000000,82,100,120,150,660,1200,1900,2500,4400,6800,9300,98563,0,82,237.30066306425095,27.590900077484548,9277.931499993429,4752.462881608717
1791121773,1000,,Aggregated,450.200000,0.000000,82,100,120,150,660,1200,1900,2500,4400,6800,9300,99004,0,82,237.36644549717147,27.590900077484548,9277.931499993429,4751.883105733102
1791121774,1000,,Aggregated,449.300000,0.000000,82,100,120,150,660,1200,1900,2500,4400,6800,9300,99448,0,82,237.26501619339942,27.590900077484548,9277.931499993429,4753.111797120103
1791121775,1000,,Aggregated,447.700000,0.000000,82,100,120,150,660,1200,1900,2500,4400,6800,9300,99880,0,82,237.469314638578,27.590900077484548,9277.931499993429,4753.481657989588
1791121776,1000,,Aggregated,444.500000,0.000000,82,100,120,150,660,1200,1900,2500,4400,6800,9300,100336,0,82,237.7340988090084,27.590900077484548,9277.931499993429,4753.444875219263
1791121777,1000,,Aggregated,442.300000,0.000000,82,100,120,150,670,1200,1900,2500,4400,6800,9300,100758,0,82,237.74460703368774,27.590900077484548,9277.931499993429,4753.558705015979
1791121778,1000,,Aggregated,440.100000,0.000000,82,100,120,150,670,1200,1900,2500,4400,6800,9300,101204,0,82,238.32248628708612,27.590900077484548,9277.931499993429,4752.7388146713565
1791121779,1000,,Aggregated,445.200000,0.000000,82,100,120,150,670,1200,1900,2500,4400,6800,9300,101710,0,82,238.36269463669154,27.590900077484548,9277.931499993429,4752.8120735424245
1791121780,1000,,Aggregated,441.300000,0.000000,82,100,120,150,670,1200,1900,2500,4500,6800,9300,102159,0,82,238.20927294116888,27.590900077484548,9277.931499993429,4752.999941268024
1791121781,1000,,Aggregated,441.200000,0.000000,82,100,120,150,660,1200,1900,2500,4500,6800,9300,102610,0,82,237.83098081082022,27.590900077484548,9277.931499993429,4752.93322288276
1791121782,1000,,Aggregated,444.900000,0.000000,82,100,120,150,660,1200,1900,2500,4400,6800,9300,103076,0,82,237.53589126758413,27.590900077484548,9277.931499993429,4752.933941945749
1791121783,1000,,Aggregated,446.900000,0.000000,82,100,120,150,660,1200,1900,2500,4400,6800,9300,103524,0,82,237.4691941250061,27.590900077484548,9277.931499993429,4752.7015378076585
1791121784,1000,,Aggregated,445.900000,0.000000,82,100,120,150,660,1200,1900,2500,4400,6800,9300,103952,0,82,237.29867254789198,27.590900077484548,9277.931499993429,4752.666346005849
1791121785,1000,,Aggregated,449.700000,0.000000,82,100,120,150,660,1200,1900,2500,4400,6800,9300,104392,0,82,237.4047024321499,27.590900077484548,9277.931499993429,4752.724068894168
1791121786,1000,,Aggregated,448.300000,0.000000,82,100,120,150,660,1200,1900,2500,4400,6800,9300,104851,0,82,237.36465929553424,27.590900077484548,9277.931499993429,4753.279653985179
1791121787,1000,,Aggregated,452.000000,0.000000,82,100,120,150,660,1200,1900,2500,4400,6800,9300,105269,0,82,237.34865988178808,27.590900077484548,9277.931499993429,4754.179806020766
1791121788,1000,,Aggregated,449.600000,0.000000,82,100,120,150,660,1200,1900,2500,4500,6800,9300,105692,0,82,237.7103485419621,27.590900077484548,9277.931499993429,4754.375165575446
1791121789,1000,,Aggregated,449.100000,0.000000,82,100,120,150,670,1200,1900,2500,4500,6800,9300,106109,0,82,238.19421120072596,27.590900077484548,9277.931499993429,4753.937677294103
1791121790,1000,,Aggregated,448.600000,0.000000,82,100,120,150,670,1200,2000,2500,4500,6800,9300,106580,0,82,238.7201589369262,27.590900077484548,9277.931499993429,4753.53753987615
1791121791,1000,,Aggregated,444.500000,0.000000,82,100,120,150,670,1200,2000,2500,4600,6800,9300,107041,0,82,239.4166541549291,27.590900077484548,9277.931499993429,4753.332900477387
1791121792,1000,,Aggregated,439.500000,0.000000,82,100,120,150,670,1200,2000,2500,4600,6800,9300,107450,0,82,239.38073107954185,27.590900077484548,9277.931499993429,4752.476556537925
1791121793,1000,,Aggregated,438.600000,0.000000,82,100,120,150,670,1200,2000,2500,4600,6800,9300,107870,0,82,239.12023040600758,27.590900077484548,9277.931499993429,4753.2846389172155
1791121794,1000,,Aggregated,439.200000,0.000000,82,100,120,150,670,1200,2000,2500,4600,6800,9300,108288,0,82,239.21272538966392,27.590900077484548,9277.931499993429,4752.888722665484
1791121795,1000,,Aggregated,435.100000,0.000000,82,100,120,150,670,1200,2000,2500,4600,6800,9300,108741,0,82,239.3507361868656,27.590900077484548,9277.931499993429,4753.297597042514
1791121796,1000,,Aggregated,430.900000,0.000000,82,100,120,150,670,1200,2000,2600,4600,6800,9300,109204,0,82,240.09111968972317,27.590900077484548,9277.931499993429,4752.277215120325
1791121797,1000,,Aggregated,431.100000,0.000000,82,100,120,150,670,1200,2000,2600,4600,6800,9300,109665,0,82,240.3717117110764,27.590900077484548,9277.931499993429,4751.885733825742
1791121798,1000,,Aggregated,431.400000,0.000000,82,100,120,150,670,1200,2000,2600,4600,6800,9300,110111,0,82,240.2216992552563,27.590900077484548,9277.931499993429,4752.963700266095
1791121800,1000,,Aggregated,436.400000,0.000000,82,100,120,150,670,1200,2000,2600,4600,6800,9300,110586,0,82,240.16132296308425,27.590900077484548,9277.931499993429,4752.755737615973
1791121801,1000,,Aggregated,439.200000,0.000000,82,100,120,150,670,1200,2000,2600,4600,6800,9300,111045,0,82,240.13226481602206,27.590900077484548,9277.931499993429,4752.250808230898
1791121802,1000,,Aggregated,442.500000,0.000000,82,100,120,150,670,1200,2000,2600,4600,6800,9300,111512,0,82,239.95067639532758,27.590900077484548,9277.931499993429,4752.069391634981
1791121803,1000,,Aggregated,444.400000,0.000000,82,100,120,150,670,1200,2000,2600,4600,6800,9300,111982,0,82,239.6396531299321,27.590900077484548,9277.931499993429,4752.109124680752
1791121804,1000,,Aggregated,444.800000,0.000000,82,100,120,150,670,1200,2000,2600,4600,6800,9300,112427,0,82,239.5256381962985,27.590900077484548,9277.931499993429,4752.459800581711
1791121805,1000,,Aggregated,450.200000,0.000000,82,100,120,150,660,1200,2000,2600,4600,6800,9300,112861,0,82,239.32448779380758,27.590900077484548,9277.931499993429,4752.692701641842
1791121806,1000,,Aggregated,454.600000,0.000000,82,100,120,150,660,1200,2000,2500,4600,6800,9300,113312,0,82,239.03934635958458,27.590900077484548,9277.931499993429,4753.746055139791
1791121807,1000,,Aggregated,453.600000,0.000000,82,100,120,150,660,1200,2000,2500,4600,6800,9300,113783,0,82,239.24587982296214,27.590900077484548,9277.931499993429,4753.276869128077
1791121808,1000,,Aggregated,454.300000,0.000000,82,100,120,150,660,1200,2000,2600,4600,6800,9300,114237,0,82,239.25267196613524,27.590900077484548,9277.931499993429,4753.9350560676485
1791121809,1000,,Aggregated,455.700000,0.000000,82,100,120,150,660,1200,2000,2500,4600,6800,9300,114693,0,82,239.01322523515051,27.590900077484548,9277.931499993429,4754.17992379657
1791121810,1000,,Aggregated,452.500000,0.000000,82,100,120,150,660,1200,1900,2500,4600,6800,9300,115152,0,82,238.89279861743572,27.590900077484548,9277.931499993429,4754.147639641517
1791121811,1000,,Aggregated,455.800000,0.000000,82,100,120,150,660,1200,1900,2500,4600,6800,9300,115612,0,82,238.77382066475803,27.590900077484548,9277.931499993429,4753.978886274781
1791121812,1000,,Aggregated,451.900000,0.000000,82,100,120,150,660,1200,1900,2500,4600,6800,9300,116046,0,82,238.61099229956062,27.590900077484548,9277.931499993429,4754.651267600779
1791121813,1000,,Aggregated,453.500000,0.000000,82,100,120,150,660,1200,1900,2500,4600,6800,9300,116517,0,82,238.53687902274982,27.590900077484548,9277.931499993429,4754.024185312014
1791121814,1000,,Aggregated,450.200000,0.000000,82,100,120,150,660,1200,1900,2500,4600,6800,9300,116970,0,82,238.4343930554234,27.590900077484548,9277.931499993429,4754.441386680345
1791121815,1000,,Aggregated,451.000000,0.000000,82,100,120,150,660,1200,1900,2500,4600,6800,9300,117420,0,82,238.39551356492188,27.590900077484548,9277.931499993429,4754.607869187532
1791121816,1000,,Aggregated,451.100000,0.000000,82,100,120,150,660,1200,1900,2500,4600,6800,9300,117910,0,82,238.21275425487144,27.590900077484548,9277.931499993429,4754.474972436604
1791121817,1000,,Aggregated,453.100000,0.000000,82,100,120,150,660,1200,1900,2500,4600,6800,9300,118361,0,82,237.90673433640595,27.590900077484548,9277.931499993429,4754.493448010747
1791121818,1000,,Aggregated,456.300000,0.000000,82,100,120,150,660,1200,1900,2500,4600,6800,9300,118805,0,82,237.59484688178364,27.590900077484548,9277.931499993429,4754.473734270443
1791121819,1000,,Aggregated,455.000000,0.000000,82,100,120,150,650,1200,1900,2500,4600,6800,9300,119270,0,82,237.34844448720207,27.590900077484548,9277.931499993429,4754.945049048378
1791121820,1000,,Aggregated,456.200000,0.000000,82,100,120,150,650,1200,1900,2500,4600,6800,9300,119727,0,82,237.25232176274903,27.590900077484548,9277.931499993429,4754.593283052277
1791121821,1000,,Aggregated,454.600000,0.000000,82,100,120,150,650,1200,1900,2500,4600,6700,9300,120158,0,82,237.00166331737034,27.590900077484548,9277.931499993429,4755.015163368232
1791121822,1000,,Aggregated,456.300000,0.000000,82,100,120,150,650,1200,1900,2500,4600,6700,9300,120649,0,82,237.1349214281814,27.590900077484548,9277.931499993429,4754.4154282256795
1791121823,1000,,Aggregated,452.200000,0.000000,82,100,120,150,650,1200,1900,2500,4600,6700,9300,121121,0,82,237.1473392490883,27.590900077484548,9277.931499993429,4754.769470199222
1791121824,1000,,Aggregated,454.500000,0.000000,82,100,120,150,660,1200,1900,2500,4600,6700,9300,121554,0,82,237.33493172079562,27.590900077484548,9277.931499993429,4754.045905523471
1791121825,1000,,Aggregated,452.200000,0.000000,82,100,120,150,660,1200,1900,2500,4600,6700,9300,121984,0,82,237.35235699918843,27.590900077484548,9277.931499993429,4754.739244491081
1791121826,1000,,Aggregated,451.300000,0.000000,82,100,120,150,660,1200,1900,2500,4500,6700,9300,122456,0,82,237.39433350745563,27.590900077484548,9277.931499993429,4754.281791010649
1791121827,1000,,Aggregated,446.400000,0.000000,82,100,120,150,650,1200,1900,2500,4500,6700,9300,122945,0,82,237.21393909787693,27.590900077484548,9277.931499993429,4754.549481475457
1791121828,1000,,Aggregated,447.400000,0.000000,82,100,120,150,650,1200,1900,2500,4500,6700,9300,123402,0,82,236.94289615070593,27.590900077484548,9277.931499993429,4754.083134795222
1791121829,1000,,Aggregated,448.300000,0.000000,82,100,120,150,650,1200,1900,2500,4500,6700,9300,123803,0,82,236.66637257811604,27.590900077484548,9277.931499993429,4754.184672423124
1791121830,1000,,Aggregated,449.500000,0.000000,82,100,120,150,650,1200,1900,2500,4500,6700,9300,124279,0,82,236.46915174959744,27.590900077484548,9277.931499993429,4754.685892226362
1791121831,1000,,Aggregated,446.900000,0.000000,82,100,120,150,650,1200,1900,2500,4500,6700,9300,124730,0,82,236.43005144141443,27.590900077484548,9277.931499993429,4754.753836286379
1791121832,1000,,Aggregated,446.200000,0.000000,82,100,120,150,650,1200,1900,2500,4500,6700,9300,125142,0,82,236.52292771722168,27.590900077484548,9277.931499993429,4754.651507887041
1791121833,1000,,Aggregated,450.300000,0.000000,82,100,120,150,650,1200,1900,2500,4500,6700,9300,125611,0,82,236.59036188224397,27.590900077484548,9277.931499993429,4754.088264562817
1791121834,1000,,Aggregated,447.200000,0.000000,82,100,120,150,650,1200,1900,2500,4500,6700,9300,126046,0,82,236.55659096434033,27.590900077484548,9277.931499993429,4754.6882725354235
1791121835,1000,,Aggregated,447.300000,0.000000,82,100,120,150,650,1200,1900,2500,4500,6700,9300,126495,0,82,236.63720567842088,27.590900077484548,9277.931499993429,4754.517814933397
1791121836,1000,,Aggregated,444.000000,0.000000,82,100,120,150,660,1200,1900,2500,4500,6700,9300,126923,0,82,237.00438066773157,27.590900077484548,9277.931499993429,4753.853619911285
1791121837,1000,,Aggregated,449.800000,0.000000,82,100,120,150,660,1200,1900,2500,4500,6700,9300,127388,0,82,236.94513081287073,27.590900077484548,9277.931499993429,4754.3525999309195
1791121838,1000,,Aggregated,445.000000,0.000000,82,100,120,150,660,1200,1900,2500,4500,6700,9300,127818,0,82,237.13582991512493,27.590900077484548,9277.931499993429,4754.362452862664
1791121839,1000,,Aggregated,442.800000,0.000000,82,100,120,150,660,1200,1900,2500,4500,6700,9300,128264,0,82,236.9747365994512,27.590900077484548,9277.931499993429,4755.228700180877
1791121840,1000,,Aggregated,440.300000,0.000000,82,100,120,150,660,1200,1900,2500,4600,6700,9300,128742,0,82,237.24254127706666,27.590900077484548,9277.931499993429,4754.958249832999
1791121841,1000,,Aggregated,441.200000,0.000000,82,100,120,150,660,1200,1900,2500,4500,6700,9300,129184,0,82,237.4316857326871,27.590900077484548,9277.931499993429,4754.693522417637
1791121842,1000,,Aggregated,444.500000,0.000000,82,100,120,150,660,1200,1900,2500,4500,6700,9300,129627,0,82,237.25432153788097,27.590900077484548,9277.931499993429,4755.257469508667
1791121843,1000,,Aggregated,442.600000,0.000000,82,100,120,150,660,1200,1900,2500,4500,6600,9300,130095,0,82,237.19153641639775,27.590900077484548,9277.931499993429,4754.9265997924595
1791121844,1000,,Aggregated,443.200000,0.000000,82,100,120,150,660,1200,1900,2500,4500,6600,9300,130511,0,82,237.02594048311465,27.590900077484548,9277.931499993429,4755.104106167296
1791121845,1000,,Aggregated,444.900000,0.000000,82,100,120,150,650,1200,1900,2500,4500,6600,9300,130974,0,82,236.82903221930587,27.590900077484548,9277.931499993429,4755.530593858323
1791121846,1000,,Aggregated,448.100000,0.000000,82,100,120,150,660,1200,1900,2500,4500,6600,9300,131426,0,82,236.92058356939089,27.590900077484548,9277.931499993429,4755.218670582685
1791121847,1000,,Aggregated,446.900000,0.000000,82,100,120,150,650,1200,1900,2500,4500,6600,9300,131882,0,82,236.87193186478018,27.590900077484548,9277.931499993429,4754.961124338423
1791121848,1000,,Aggregated,448.900000,0.000000,82,100,120,150,650,1200,1900,2500,4500,6600,9300,132330,0,82,236.79847023344593,27.590900077484548,9277.931499993429,4754.891082898814
1791121849,1000,,Aggregated,448.200000,0.000000,82,100,120,150,650,1200,1900,2500,4500,6600,9300,132771,0,82,236.81296619889935,27.590900077484548,9277.931499993429,4754.747068260388
1791121850,1000,,Aggregated,449.100000,0.000000,82,100,120,150,650,1200,1900,2500,4500,6600,9300,133215,0,82,236.70431785680262,27.590900077484548,9277.931499993429,4754.953819014375
1791121851,1000,,Aggregated,451.600000,0.000000,82,100,120,150,650,1200,1900,2500,4500,6600,9300,133709,0,82,236.6095118959375,27.590900077484548,9277.931499993429,4754.828844729974
1791121852,1000,,Aggregated,447.800000,0.000000,82,100,120,150,650,1200,1900,2500,4500,6600,9300,134171,0,82,236.4228114972246,27.590900077484548,9277.931499993429,4754.842074665911
1791121853,1000,,Aggregated,448.400000,0.000000,82,100,120,150,650,1200,1900,2500,4500,6600,9300,134660,0,82,236.04644112799517,27.590900077484548,9277.931499993429,4754.780083172434
1791121854,1000,,Aggregated,452.200000,0.000000,82,100,120,150,650,1200,1900,2500,4500,6600,9300,135094,0,82,235.79217408319366,27.590900077484548,9277.931499993429,4755.406998090219
1791121855,1000,,Aggregated,453.500000,0.000000,82,100,120,150,650,1200,1900,2500,4500,6600,9300,135131,0,82,235.86734444350097,27.590900077484548,9277.931499993429,4755.530322427866
1791121856,1000,,Aggregated,453.500000,0.000000,82,100,120,150,670,1200,1900,2500,4500,6600,9300,135608,178,82,238.06378744243943,27.590900077484548,9277.931499993429,4751.178964367884
1791121857,1000,,Aggregated,432.300000,0.000000,82,100,120,150,670,1200,1900,2500,4500,6600,9300,136005,197,82,239.24791500897229,27.590900077484548,9277.931499993429,4751.077188338664
1791121858,1000,,Aggregated,416.100000,9.200000,82,100,130,150,670,1200,2000,2500,4500,6600,9300,136396,197,82,240.47219391694537,27.590900077484548,9277.931499993429,4749.986553857884
1791121859,1000,,Aggregated,409.600000,19.700000,82,100,130,150,670,1200,2000,2500,4500,6600,9300,136787,197,82,241.05753645298765,27.590900077484548,9277.931499993429,4750.205787099651
1791121860,1000,,Aggregated,406.900000,19.700000,82,100,130,150,670,1200,2000,2600,4600,6600,9300,137195,197,82,242.22661215785266,27.590900077484548,9277.931499993429,4749.972251175334
1791121861,1000,,Aggregated,397.100000,19.700000,82,100,130,150,670,1200,2000,2600,4700,6800,9300,137627,197,82,243.6576004003233,27.590900077484548,9277.931499993429,4748.822251447754
1791121862,1000,,Aggregated,394.200000,19.700000,82,100,130,150,670,1200,2000,2600,4800,6900,9300,138080,197,82,244.52404152661862,27.590900077484548,9277.931499993429,4748.176853997683
1791121863,1000,,Aggregated,391.200000,19.700000,82,100,130,150,680,1200,2000,2600,4800,7200,9300,138513,197,82,244.8557002013893,27.590900077484548,9277.931499993429,4747.554518348458
1791121864,1000,,Aggregated,388.300000,19.700000,82,100,130,150,680,1200,2000,2600,4800,7200,9300,138973,197,82,244.94871396239117,27.590900077484548,9277.931499993429,4747.307649687349
1791121865,1000,,Aggregated,385.800000,19.700000,82,100,130,150,680,1200,2000,2600,4800,7200,9300,139385,197,82,244.87648064996293,27.590900077484548,9277.931499993429,4748.859245973383
1791121866,1000,,Aggregated,385.400000,19.700000,82,100,130,150,680,1200,2000,2600,4800,7300,9300,139837,197,82,245.0985308544551,27.590900077484548,9277.931499993429,4748.961018900577
1791121867,1000,,Aggregated,402.900000,19.700000,82,100,130,150,680,1200,2000,2600,4800,7200,9300,140267,197,82,245.400124566683,27.590900077484548,9277.931499993429,4748.852053583523
1791121868,1000,,Aggregated,417.400000,10.500000,82,100,130,150,680,1200,2000,2600,4800,7200,9300,140691,197,82,245.59608568561467,27.590900077484548,9277.931499993429,4748.771698260727
1791121869,1000,,Aggregated,424.100000,0.000000,82,100,130,150,680,1200,2000,2600,4800,7200,9300,141177,197,82,246.00376301518978,27.590900077484548,9277.931499993429,4748.253646132161
1791121870,1000,,Aggregated,421.200000,0.000000,82,100,130,150,680,1200,2000,2600,4800,7200,9300,141597,197,82,246.2287859354073,27.590900077484548,9277.931499993429,4748.9414464995725
1791121871,1000,,Aggregated,435.000000,0.000000,82,100,130,150,680,1200,2000,2600,4800,7200,9300,142038,197,82,246.02062106475427,27.590900077484548,9277.931499993429,4748.534758304116
1791121872,1000,,Aggregated,434.400000,0.000000,82,100,130,150,680,1200,2000,2600,4800,7200,9300,142485,197,82,246.01711955781957,27.590900077484548,9277.931499993429,4749.076737902235
1791121873,1000,,Aggregated,439.000000,0.000000,82,100,130,150,680,1200,2000,2600,4800,7200,9300,142933,197,82,245.9192191676979,27.590900077484548,9277.931499993429,4749.3078645239375
1791121874,1000,,Aggregated,435.800000,0.000000,82,100,130,150,680,1200,2000,2600,4800,7200,9300,143377,197,82,245.98816960389212,27.590900077484548,9277.931499993429,4748.8393954399935
1791121875,1000,,Aggregated,434.900000,0.000000,82,100,130,150,680,1200,2000,2600,4800,7200,9300,143759,197,82,246.00169984415774,27.590900077484548,9277.931499993429,4750.304022704666
1791121876,1000,,Aggregated,438.200000,0.000000,82,100,130,150,680,1200,2000,2600,4800,7200,9300,144234,197,82,246.19328052744854,27.590900077484548,9277.931499993429,4750.458227602368
1791121877,1000,,Aggregated,435.800000,0.000000,82,100,130,150,680,1200,2000,2600,4800,7200,9300,144649,197,82,246.44764702276865,27.590900077484548,9277.931499993429,4749.735518392799
1791121878,1000,,Aggregated,436.100000,0.000000,82,100,130,150,680,1200,2000,2600,4800,7200,9300,145111,197,82,246.6640331966311,27.590900077484548,9277.931499993429,4750.164315592891
1791121879,1000,,Aggregated,437.500000,0.000000,82,100,130,150,680,1200,2000,2600,4800,7200,9300,145560,197,82,246.62495689609855,27.590900077484548,9277.931499993429,4749.893391041495
1791121880,1000,,Aggregated,441.200000,0.000000,82,100,130,150,680,1200,2000,2600,4800,7200,9300,145979,197,82,246.74236810908607,27.590900077484548,9277.931499993429,4749.9766678768865
1791121881,1000,,Aggregated,435.600000,0.000000,82,100,130,150,680,1200,2000,2600,4800,7200,9300,146428,197,82,246.82498356322097,27.590900077484548,9277.931499993429,4749.85838774005
1791121882,1000,,Aggregated,440.500000,0.000000,82,100,130,150,680,1200,2000,2600,4800,7300,9300,146875,197,82,246.96027946072118,27.590900077484548,9277.931499993429,4749.527278297873
1791121883,1000,,Aggregated,434.400000,0.000000,82,100,130,150,680,1200,2000,2600,4800,7300,9300,147318,197,82,246.95735498916503,27.590900077484548,9277.931499993429,4749.561051602655
1791121884,1000,,Aggregated,439.100000,0.000000,82,100,130,150,680,1200,2000,2600,4800,7300,9300,147768,197,82,246.87429859641028,27.590900077484548,9277.931499993429,4750.348580206811
1791121885,1000,,Aggregated,439.500000,0.000000,82,100,130,150,680,1200,2000,2600,4800,7300,9300,148170,197,82,247.03840547542418,27.590900077484548,9277.931499993429,4750.468131200648
1791121886,1000,,Aggregated,435.500000,0.000000,82,100,130,150,680,1200,2000,2600,4800,7300,9300,148650,197,82,247.13812668479133,27.590900077484548,9277.931499993429,4750.888624285234
1791121887,1000,,Aggregated,439.600000,0.000000,82,100,130,150,680,1200,2000,2600,4800,7300,9300,149090,197,82,247.23217287675686,27.590900077484548,9277.931499993429,4750.396974981555
1791121888,1000,,Aggregated,439.800000,0.000000,82,100,130,150,680,1200,2000,2600,4800,7300,9300,149551,197,82,247.15261025333544,27.590900077484548,9277.931499993429,4750.936289292616
1791121889,1000,,Aggregated,438.200000,0.000000,82,100,130,150,680,1200,2000,2600,4800,7200,9300,150013,197,82,247.38478648781285,27.590900077484548,9277.931499993429,4750.296387646404
1791121890,1000,,Aggregated,439.100000,0.000000,82,100,130,150,680,1200,2000,2600,4800,7200,9300,150427,197,82,247.4120087251444,27.590900077484548,9277.931499993429,4751.125097223238
1791121891,1000,,Aggregated,441.000000,0.000000,82,100,130,150,680,1200,2000,2600,4800,7200,9300,150890,197,82,247.3009857419189,27.590900077484548,9277.931499993429,4751.490708463119
1791121892,1000,,Aggregated,438.700000,0.000000,82,100,130,150,690,1200,2000,2600,4800,7200,9300,151338,197,82,247.66552171033325,27.590900077484548,9277.931499993429,4750.397870990762
1791121893,1000,,Aggregated,439.600000,0.000000,82,100,130,150,680,1200,2000,2600,4800,7200,9300,151789,197,82,247.40570116476042,27.590900077484548,9277.931499993429,4750.813128751095
1791121894,1000,,Aggregated,441.200000,0.000000,82,100,130,150,680,1200,2000,2600,4800,7200,9300,152106,197,82,247.29292594833424,27.590900077484548,9277.931499993429,4751.850775117352
1791121895,1000,,Aggregated,441.800000,0.000000,82,100,130,150,680,1200,2000,2600,4800,7200,9300,152600,197,82,247.46601647507532,27.590900077484548,9277.931499993429,4752.591015727392
1791121896,1000,,Aggregated,440.900000,0.000000,82,100,130,150,690,1200,2000,2600,4800,7200,9300,153021,197,82,247.8158252115584,27.590900077484548,9277.931499993429,4751.884323066769
1791121897,1000,,Aggregated,438.900000,0.000000,82,100,130,150,690,1200,2000,2600,4800,7200,9300,153442,197,82,248.0807435734546,27.590900077484548,9277.931499993429,4751.824031230041
1791121898,1000,,Aggregated,432.100000,0.000000,82,100,130,150,690,1200,2000,2600,4800,7200,9300,153914,197,82,248.39176576397966,27.590900077484548,9277.931499993429,4751.421163766779
1791121899,1000,,Aggregated,434.600000,0.000000,82,100,130,150,690,1200,2000,2600,4800,7200,9300,154355,197,82,248.69223464349815,27.590900077484548,9277.931499993429,4750.805765929189
1791121900,1000,,Aggregated,434.200000,0.000000,82,100,130,150,690,1200,2000,2600,4800,7200,9300,154746,197,82,248.59995765575852,27.590900077484548,9277.931499993429,4751.019024724387
1791121901,1000,,Aggregated,431.300000,0.000000,82,100,130,150,690,1200,2000,2600,4800,7200,9300,155137,197,82,248.7622175792766,27.590900077484548,9277.931499993429,4751.432649851422
1791121902,1000,,Aggregated,436.000000,0.000000,82,100,130,150,690,1200,2000,2600,4800,7200,9300,155638,197,82,248.8667050353812,27.590900077484548,9277.931499993429,4752.240159858133
1791121903,1000,,Aggregated,432.500000,0.000000,82,100,130,150,690,1200,2000,2600,4800,7200,9300,156107,197,82,249.15931556430687,27.590900077484548,9277.931499993429,4751.78115010858
1791121904,1000,,Aggregated,425.400000,0.000000,82,100,130,150,690,1200,2000,2600,4800,7200,9300,156563,197,82,249.26596989772403,27.590900077484548,9277.931499993429,4751.266327293166
1791121905,1000,,Aggregated,428.000000,0.000000,82,100,130,150,690,1200,2000,2600,4800,7200,9300,156971,197,82,249.08899689431064,27.590900077484548,9277.931499993429,4752.003835103299
1791121906,1000,,Aggregated,429.700000,0.000000,82,100,130,150,690,1200,2000,2600,4800,7200,9300,157403,197,82,249.1352668513117,27.590900077484548,9277.931499993429,4752.274607218414
1791121907,1000,,Aggregated,434.200000,0.000000,82,100,130,150,690,1200,2000,2600,4800,7200,9300,157850,197,82,249.3943088083483,27.590900077484548,9277.931499993429,4751.951111815014
1791121908,1000,,Aggregated,436.000000,0.000000,82,100,130,150,690,1200,2000,2600,4800,7200,9300,158315,197,82,249.4474788118605,27.590900077484548,9277.931499993429,4752.126766257145
1791121909,1000,,Aggregated,434.700000,0.000000,82,100,130,150,690,1200,2000,2600,4800,7200,9300,158689,197,82,249.43165309567962,27.590900077484548,9277.931499993429,4752.659314760317
1791121910,1000,,Aggregated,438.000000,0.000000,82,100,130,150,690,1200,2000,2600,4800,7200,9300,159119,197,82,249.5760340330179,27.590900077484548,9277.931499993429,4752.5547420484045
1791121911,1000,,Aggregated,436.700000,0.000000,82,100,130,150,690,1200,2100,2700,4900,7200,9300,159556,197,82,249.95142470291955,27.590900077484548,9277.931499993429,4752.124620822783
1791121912,1000,,Aggregated,429.100000,0.000000,82,100,130,150,690,1200,2100,2700,4900,7200,9300,160011,197,82,250.20126713662748,27.590900077484548,9277.931499993429,4751.939047940454
1791121913,1000,,Aggregated,432.300000,0.000000,82,100,130,150,690,1200,2100,2700,4900,7200,9300,160421,197,82,250.49417931067705,27.590900077484548,9277.931499993429,4752.051639124554
1791121914,1000,,Aggregated,434.700000,0.000000,82,100,130,150,690,1200,2100,2700,4900,7200,9500,160861,197,82,250.72879340484826,27.590900077484548,9498.453699983656,4752.07020346759
1791121915,1000,,Aggregated,431.600000,0.000000,82,100,130,150,690,1200,2100,2700,4900,7200,9500,161285,197,82,250.92411335956768,27.590900077484548,9498.453699983656,4752.1475648696405
1791121916,1000,,Aggregated,430.000000,0.000000,82,100,130,150,690,1200,2100,2700,4900,7200,9500,161703,197,82,251.2243363252345,27.590900077484548,9498.453699983656,4751.770066108854
1791121917,1000,,Aggregated,428.200000,0.000000,82,100,130,150,690,1200,2100,2700,4900,7200,9500,162143,197,82,251.46181485662768,27.590900077484548,9498.453699983656,4751.462727345614
1791121918,1000,,Aggregated,431.800000,0.000000,82,100,130,150,700,1200,2100,2700,4900,7200,9500,162563,197,82,252.0085851128478,27.590900077484548,9498.453699983656,4751.337690618407
1791121919,1000,,Aggregated,428.800000,0.000000,82,100,130,150,700,1200,2100,2700,4900,7200,9500,162999,197,82,252.12729219012812,27.590900077484548,9498.453699983656,4750.8811833201435
1791121920,1000,,Aggregated,420.800000,0.000000,82,100,130,150,700,1300,2100,2700,4900,7200,9500,163449,197,82,252.31540181584754,27.590900077484548,9498.453699983656,4750.620438179493
1791121921,1000,,Aggregated,423.500000,0.000000,82,100,130,150,700,1300,2100,2700,5000,7300,9500,163874,197,82,252.46210153531447,27.590900077484548,9498.453699983656,4750.464991395828
1791121922,1000,,Aggregated,429.300000,0.000000,82,100,130,150,700,1300,2100,2700,4900,7300,9500,164304,197,82,252.43246964161833,27.590900077484548,9498.453699983656,4750.340143879638
1791121923,1000,,Aggregated,430.100000,0.000000,82,100,130,150,700,1300,2100,2700,5000,7300,9500,164748,197,82,252.59583324044775,27.590900077484548,9498.453699983656,4750.473626386966
1791121924,1000,,Aggregated,430.300000,0.000000,82,100,130,150,700,1300,2100,2700,4900,7300,9500,165203,197,82,252.6192352408652,27.590900077484548,9498.453699983656,4750.418769634934
1791121925,1000,,Aggregated,429.400000,0.000000,82,100,130,150,700,1300,2100,2700,4900,7300,9500,165617,197,82,252.59596616528256,27.590900077484548,9498.453699983656,4751.125222652264
1791121926,1000,,Aggregated,431.000000,0.000000,82,100,130,150,700,1300,2100,2700,4900,7300,9500,166032,197,82,252.59947074597392,27.590900077484548,9498.453699983656,4752.029933988629
1791121927,1000,,Aggregated,432.900000,0.000000,82,100,130,150,700,1300,2100,2700,4900,7300,9500,166471,197,82,252.81414646092287,27.590900077484548,9498.453699983656,4751.789386740033
1791121928,1000,,Aggregated,430.300000,0.000000,82,100,130,150,700,1300,2100,2700,4900,7300,9500,166918,197,82,252.98614352075845,27.590900077484548,9498.453699983656,4751.690662480979
1791121929,1000,,Aggregated,430.600000,0.000000,82,100,130,150,700,1300,2100,2700,5000,7300,9500,167369,197,82,253.2663667751907,27.590900077484548,9498.453699983656,4751.554176699388
1791121930,1000,,Aggregated,435.700000,0.000000,82,100,130,150,700,1300,2100,2700,5000,7300,9500,167798,197,82,253.417229962187,27.590900077484548,9498.453699983656,4751.23387644668
1791121931,1000,,Aggregated,433.400000,0.000000,82,100,130,150,700,1300,2100,2700,5000,7300,9500,168239,197,82,253.32584854935703,27.590900077484548,9498.453699983656,4751.762819560268
1791121932,1000,,Aggregated,433.100000,0.000000,82,100,130,150,700,1300,2100,2700,5000,7300,9500,168703,197,82,253.3672283563158,27.590900077484548,9498.453699983656,4751.441889000195
1791121933,1000,,Aggregated,434.600000,0.000000,82,100,130,150,700,1300,2100,2700,5000,7300,9500,169165,197,82,253.3478031684715,27.590900077484548,9498.453699983656,4751.375627346082
1791121934,1000,,Aggregated,434.500000,0.000000,82,100,130,150,700,1300,2100,2700,5000,7300,9500,169620,197,82,253.48001972995013,27.590900077484548,9498.453699983656,4751.175297724325
1791121935,1000,,Aggregated,436.500000,0.000000,83,100,130,150,700,1300,2100,2700,5000,7300,9500,170070,197,83,253.27194320511484,27.590900077484548,9498.453699983656,4751.453131063679
1791121936,1000,,Aggregated,438.100000,0.000000,83,100,130,150,700,1300,2100,2700,5000,7300,9500,170497,197,83,253.20003256418093,27.590900077484548,9498.453699983656,4751.7326463222225
1791121937,1000,,Aggregated,438.900000,0.000000,83,100,130,150,700,1300,2100,2700,5000,7300,9500,170965,197,83,253.08758475239551,27.590900077484548,9498.453699983656,4751.837130406809
1791121938,1000,,Aggregated,441.700000,0.000000,83,100,130,150,700,1300,2100,2700,5000,7300,9500,171405,197,83,253.16955462905418,27.590900077484548,9498.453699983656,4751.367410518947
1791121939,1000,,Aggregated,444.300000,0.000000,82,100,130,150,700,1300,2100,2700,5000,7300,9500,171878,197,82,253.18750197752138,27.590900077484548,9498.453699983656,4751.284323764531
1791121940,1000,,Aggregated,446.500000,0.000000,83,100,130,150,700,1300,2100,2700,5000,7300,9500,172304,197,83,253.0810222118552,27.590900077484548,9498.453699983656,4751.617780202433
1791121941,1000,,Aggregated,447.200000,0.000000,82,100,130,150,700,1300,2100,2700,5000,7300,9500,172766,197,82,253.1316280882408,27.590900077484548,9498.453699983656,4751.364307792042
1791121942,1000,,Aggregated,448.800000,0.000000,82,100,130,150,700,1300,2100,2700,5000,7300,9500,173177,197,82,253.0596918048707,27.590900077484548,9498.453699983656,4751.52057143847
1791121944,1000,,Aggregated,445.700000,0.000000,82,100,130,150,700,1300,2100,2700,5000,7300,9500,173653,197,82,253.08712267160874,27.590900077484548,9498.453699983656,4751.139686616413
1791121945,1000,,Aggregated,444.200000,0.000000,82,100,130,150,700,1300,2100,2700,5000,7300,9500,174094,197,82,253.09644905449153,27.590900077484548,9498.453699983656,4751.264879892472
1791121946,1000,,Aggregated,446.300000,0.000000,83,100,130,150,700,1300,2100,2700,5000,7300,9500,174526,197,83,253.02163104920533,27.590900077484548,9498.453699983656,4751.8836276543325
1791121947,1000,,Aggregated,446.100000,0.000000,83,100,130,150,700,1300,2100,2700,5000,7300,9500,174952,197,83,253.0374298933011,27.590900077484548,9498.453699983656,4752.283049064887
1791121948,1000,,Aggregated,443.600000,0.000000,83,100,130,150,700,1300,2100,2700,5000,7300,9500,175391,197,83,253.2184835880651,27.590900077484548,9498.453699983656,4752.760557839342
1791121949,1000,,Aggregated,440.200000,0.000000,83,100,130,150,700,1300,2100,2700,5000,7300,9500,175842,197,83,253.4925488893107,27.590900077484548,9498.453699983656,4752.930175953413
1791121950,1000,,Aggregated,440.100000,0.000000,83,100,130,150,700,1300,2100,2700,5000,7300,9500,176256,197,83,253.92935699376582,27.590900077484548,9498.453699983656,4752.262566948076
1791121951,1000,,Aggregated,440.200000,0.000000,83,100,130,150,700,1300,2100,2700,5000,7300,9500,176725,197,83,253.82236981804232,27.590900077484548,9498.453699983656,4752.468117131136
1791121952,1000,,Aggregated,434.700000,0.000000,83,100,130,150,700,1300,2100,2700,5000,7300,9500,177171,197,83,253.8709275563981,27.590900077484548,9498.453699983656,4752.243527439592
1791121953,1000,,Aggregated,437.400000,0.000000,83,100,130,150,700,1300,2100,2700,5000,7300,9500,177594,197,83,253.9395340422233,27.590900077484548,9498.453699983656,4752.492893904074
1791121954,1000,,Aggregated,436.500000,0.000000,83,100,130,150,700,1300,2100,2700,5000,7300,9500,178034,197,83,254.05203443159425,27.590900077484548,9498.453699983656,4752.696900592022
1791121955,1000,,Aggregated,438.600000,0.000000,83,100,130,150,700,1300,2100,2700,5000,7300,9500,178450,197,83,254.12948604423298,27.590900077484548,9498.453699983656,4752.445850378257
1791121956,1000,,Aggregated,434.100000,0.000000,83,100,130,150,700,1300,2100,2700,5000,7300,9500,178914,197,83,254.1238711984164,27.590900077484548,9498.453699983656,4752.973272074852
1791121957,1000,,Aggregated,432.600000,0.000000,83,100,130,150,710,1300,2100,2700,5000,7300,9500,179364,197,83,254.4355746487209,27.590900077484548,9498.453699983656,4752.460493744564
1791121958,1000,,Aggregated,434.700000,0.000000,83,100,130,150,710,1300,2100,2700,5000,7300,9500,179765,197,83,254.51477360717595,27.590900077484548,9498.453699983656,4752.80844992073
1791121959,1000,,Aggregated,437.800000,0.000000,83,100,130,150,710,1300,2100,2700,5000,7300,9500,180229,197,83,254.57358541796523,27.590900077484548,9498.453699983656,4752.702822520238
1791121960,1000,,Aggregated,434.000000,0.000000,83,100,130,150,710,1300,2100,2700,5000,7300,9500,180694,197,83,254.5384865999723,27.590900077484548,9498.453699983656,4752.542170741696
1791121961,1000,,Aggregated,436.600000,0.000000,83,100,130,150,710,1300,2100,2700,5000,7300,9500,181122,197,83,254.47327310373944,27.590900077484548,9498.453699983656,4753.031028809311
1791121962,1000,,Aggregated,440.800000,0.000000,83,100,130,150,710,1300,2100,2700,5000,7300,9500,181581,197,83,254.33528217046285,27.590900077484548,9498.453699983656,4753.315027453313
1791121963,1000,,Aggregated,440.700000,0.000000,83,100,130,150,710,1300,2100,2700,5000,7300,9500,182042,197,83,254.3964297172968,27.590900077484548,9498.453699983656,4753.606684171785
1791121964,1000,,Aggregated,438.200000,0.000000,83,100,130,150,710,1300,2100,2700,5000,7300,9500,182487,197,83,254.49635675251275,27.590900077484548,9498.453699983656,4753.482927551004
1791121965,1000,,Aggregated,442.000000,0.000000,83,100,130,150,710,1300,2100,2700,5000,7300,9500,182929,197,83,254.32597880924794,27.590900077484548,9498.453699983656,4753.488992997283
1791121966,1000,,Aggregated,443.700000,0.000000,83,100,130,150,710,1300,2100,2700,5000,7300,9500,183324,197,83,254.2311682578235,27.590900077484548,9498.453699983656,4753.811186751325
1791121967,1000,,Aggregated,445.900000,0.000000,83,100,130,150,710,1300,2100,2700,5000,7300,9500,183818,197,83,254.23267896885886,27.590900077484548,9498.453699983656,4754.038418435626
1791121968,1000,,Aggregated,439.600000,0.000000,83,100,130,150,710,1300,2100,2700,5000,7300,9500,184267,197,83,254.32451689557845,27.590900077484548,9498.453699983656,4753.733012422192
1791121969,1000,,Aggregated,445.500000,0.000000,83,100,130,150,710,1300,2100,2700,5000,7300,9500,184748,197,83,254.28027139236588,27.590900077484548,9498.453699983656,4753.82357589798
1791121970,1000,,Aggregated,448.000000,0.000000,83,100,130,150,710,1300,2100,2700,5000,7300,9500,185207,197,83,254.22908210973543,27.590900077484548,9498.453699983656,4753.70866111972
1791121971,1000,,Aggregated,447.300000,0.000000,83,100,130,150,710,1300,2100,2700,5000,7300,9500,185630,197,83,254.03785494370032,27.590900077484548,9498.453699983656,4753.957108226041
1791121972,1000,,Aggregated,447.200000,0.000000,83,100,130,150,700,1300,2100,2700,5000,7300,9500,186121,197,83,253.84839099563624,27.590900077484548,9498.453699983656,4753.75657233735
1791121973,1000,,Aggregated,448.400000,0.000000,83,100,130,150,700,1300,2100,2700,5000,7300,9500,186583,197,83,253.8643784197935,27.590900077484548,9498.453699983656,4753.208813235932
1791121974,1000,,Aggregated,452.800000,0.000000,83,100,130,150,700,1300,2100,2700,5000,7300,9500,187048,197,83,253.6454285996153,27.590900077484548,9498.453699983656,4753.259601813438
1791121975,1000,,Aggregated,451.400000,0.000000,83,100,130,150,700,1300,2100,2700,5000,7300,9500,187486,197,83,253.47518569547148,27.590900077484548,9498.453699983656,4753.5455927375915
1791121976,1000,,Aggregated,452.700000,0.000000,83,100,130,150,700,1300,2100,2700,5000,7300,9500,187938,197,83,253.36062991093448,27.590900077484548,9498.453699983656,4753.5314837872065
1791121977,1000,,Aggregated,450.500000,0.000000,83,100,130,150,700,1300,2100,2700,4900,7300,9500,188400,197,83,253.197814863069,27.590900077484548,9498.453699983656,4754.29025477707
1791121978,1000,,Aggregated,457.800000,0.000000,83,100,130,150,700,1300,2100,2700,4900,7300,9500,188821,197,83,253.2195310638194,27.590900077484548,9498.453699983656,4754.185217745908
1791121979,1000,,Aggregated,453.200000,0.000000,83,100,130,150,700,1300,2100,2700,4900,7300,9500,189276,197,83,253.30737183320485,27.590900077484548,9498.453699983656,4754.272358883324
1791121980,1000,,Aggregated,452.100000,0.000000,83,100,130,150,700,1300,2100,2700,4900,7300,9500,189727,197,83,253.3410114158835,27.590900077484548,9498.453699983656,4753.990386186468
1791121981,1000,,Aggregated,451.000000,0.000000,83,100,130,150,700,1300,2100,2700,4900,7200,9500,190183,197,83,253.24615900948996,27.590900077484548,9498.453699983656,4753.905611963214
1791121982,1000,,Aggregated,450.800000,0.000000,83,100,130,150,700,1300,2100,2700,4900,7200,9500,190610,197,83,253.21149829076228,27.590900077484548,9498.453699983656,4754.327102460522
1791121983,1000,,Aggregated,449.000000,0.000000,83,100,130,150,700,1300,2100,2700,4900,7200,9500,191051,197,83,253.15024557841346,27.590900077484548,9498.453699983656,4754.768784251326
1791121984,1000,,Aggregated,446.200000,0.000000,83,100,130,150,700,1300,2100,2700,4900,7200,9500,191538,197,83,253.20201587936202,27.590900077484548,9498.453699983656,4754.462268583779
1791121985,1000,,Aggregated,441.600000,0.000000,83,100,130,150,700,1300,2100,2700,4900,7200,9500,191945,197,83,253.18672463623363,27.590900077484548,9498.453699983656,4754.079981244628
1791121986,1000,,Aggregated,443.700000,0.000000,83,100,130,150,700,1300,2100,2700,4900,7200,9500,192383,197,83,253.02639760738433,27.590900077484548,9498.453699983656,4754.550895869178
1791121987,1000,,Aggregated,447.800000,0.000000,83,100,130,150,700,1300,2100,2700,4900,7200,9500,192836,197,83,252.90462913927377,27.590900077484548,9498.453699983656,4754.847061751955
1791121988,1000,,Aggregated,442.200000,0.000000,83,100,130,150,700,1300,2100,2700,4900,7200,9500,193271,197,83,253.1136424497151,27.590900077484548,9498.453699983656,4754.365729985358
1791121989,1000,,Aggregated,437.600000,0.000000,83,100,130,150,700,1300,2100,2700,4900,7200,9500,193728,197,83,253.17302639783176,27.590900077484548,9498.453699983656,4754.038275313842
1791121990,1000,,Aggregated,442.500000,0.000000,83,100,130,150,710,1300,2100,2700,4900,7200,9500,194154,197,83,253.2214171590533,27.590900077484548,9498.453699983656,4754.034663205497
1791121991,1000,,Aggregated,441.300000,0.000000,83,100,130,150,700,1300,2100,2700,4900,7200,9500,194588,197,83,253.22756271815163,27.590900077484548,9498.453699983656,4754.244218554073
1791121992,1000,,Aggregated,438.800000,0.000000,83,100,130,150,710,1300,2100,2700,4900,7200,9500,195032,197,83,253.2928060790079,27.590900077484548,9498.453699983656,4754.357879732556
1791121993,1000,,Aggregated,437.800000,0.000000,83,100,130,150,710,1300,2100,2700,5000,7200,9500,195492,197,83,253.5886931270928,27.590900077484548,9498.453699983656,4753.523034190657
1791121994,1000,,Aggregated,437.200000,0.000000,83,100,130,150,710,1300,2100,2700,5000,7200,9500,195939,197,83,253.4901950474488,27.590900077484548,9498.453699983656,4753.773659149021
1791121995,1000,,Aggregated,442.500000,0.000000,83,100,130,150,700,1300,2100,2700,5000,7200,9500,196362,197,83,253.41171114371028,27.590900077484548,9498.453699983656,4753.823051303205
1791121996,1000,,Aggregated,439.600000,0.000000,83,100,130,150,700,1300,2100,2700,5000,7200,9500,196793,197,83,253.36046090460582,27.590900077484548,9498.453699983656,4754.164147098728
1791121997,1000,,Aggregated,433.700000,0.000000,83,100,130,150,700,1300,2100,2700,5000,7200,9500,197216,197,83,253.40002958684383,27.590900077484548,9498.453699983656,4754.076388325491
1791121998,1000,,Aggregated,437.000000,0.000000,83,100,130,150,710,1300,2100,2700,5000,7200,9500,197660,197,83,253.68682375087946,27.590900077484548,9498.453699983656,4753.498861681675
1791121999,1000,,Aggregated,436.400000,0.000000,83,100,130,150,710,1300,2100,2700,5000,7200,9500,198106,197,83,253.79951308843917,27.590900077484548,9498.453699983656,4753.161711407024
1791122000,1000,,Aggregated,432.700000,0.000000,83,100,130,150,710,1300,2100,2700,5000,7200,9500,198567,197,83,253.85633677498737,27.590900077484548,9498.453699983656,4753.473512718629
1791122001,1000,,Aggregated,435.100000,0.000000,83,100,130,150,710,1300,2100,2700,5000,7200,9500,199017,197,83,253.77943129431196,27.590900077484548,9498.453699983656,4753.535346226704
1791122002,1000,,Aggregated,435.500000,0.000000,83,100,130,150,710,1300,2100,2700,5000,7200,9500,199493,197,83,253.72220299308674,27.590900077484548,9498.453699983656,4753.37348678901
1791122003,1000,,Aggregated,439.000000,0.000000,83,100,130,150,710,1300,2100,2700,5000,7200,9500,199924,197,83,253.57876501970392,27.590900077484548,9498.453699983656,4753.369425381645
1791122004,1000,,Aggregated,441.300000,0.000000,83,100,130,150,700,1300,2100,2700,5000,7200,9500,200393,197,83,253.368136880529,27.590900077484548,9498.453699983656,4753.32414305889
1791122005,1000,,Aggregated,443.000000,0.000000,82,100,130,150,700,1300,2100,2700,5000,7200,9500,200851,197,82,253.21696767952284,27.590900077484548,9498.453699983656,4753.233391917392
1791122006,1000,,Aggregated,440.300000,0.000000,82,100,130,150,700,1300,2100,2700,5000,7200,9500,201287,197,82,253.1939268760491,27.590900077484548,9498.453699983656,4752.967643215906
1791122007,1000,,Aggregated,446.000000,0.000000,82,100,130,150,700,1300,2100,2700,5000,7200,9500,201738,197,82,253.0392312772021,27.590900077484548,9498.453699983656,4753.097463046129
1791122008,1000,,Aggregated,446.100000,0.000000,82,100,130,150,700,1300,2100,2700,4900,7200,9500,202192,197,82,253.15203085334983,27.590900077484548,9498.453699983656,4752.332159531535
1791122009,1000,,Aggregated,449.000000,0.000000,82,100,130,150,700,1300,2100,2700,4900,7200,9500,202631,197,82,253.0846583484229,27.590900077484548,9498.453699983656,4752.471576412297
1791122010,1000,,Aggregated,452.900000,0.000000,82,100,130,150,700,1300,2100,2700,4900,7200,9500,203026,197,82,253.0391455552417,27.590900077484548,9498.453699983656,4752.632559376631
1791122011,1000,,Aggregated,448.900000,0.000000,82,100,130,150,700,1300,2100,2700,4900,7200,9500,203491,197,82,253.00600295934902,27.590900077484548,9498.453699983656,4752.800693888182
1791122012,1000,,Aggregated,452.600000,0.000000,83,100,130,150,700,1300,2100,2700,4900,7200,9500,203828,197,83,253.12603387464523,27.590900077484548,9498.453699983656,4753.316919167141
1791122013,1000,,Aggregated,445.600000,0.000000,83,100,130,150,700,1300,2100,2700,4900,7200,9500,204153,197,83,253.09468331693418,27.590900077484548,9498.453699983656,4754.074821334979
1791122014,1000,,Aggregated,437.400000,0.000000,83,100,130,150,700,1300,2100,2700,4900,7200,9500,204491,197,83,253.5769679707253,27.590900077484548,9498.453699983656,4754.541789125194
1791122015,1000,,Aggregated,427.100000,0.000000,83,100,130,150,700,1300,2100,2700,5000,7200,9500,204873,197,83,254.07510044808544,27.590900077484548,9498.453699983656,4754.641441283136
1791122016,1000,,Aggregated,411.700000,0.000000,83,100,130,150,700,1300,2100,2700,5100,7200,9500,205253,197,83,254.8587503880602,27.590900077484548,9498.453699983656,4754.390181873103
1791122017,1000,,Aggregated,403.100000,0.000000,83,100,130,150,700,1300,2100,2700,5100,7200,9500,205622,197,83,255.7571380353278,27.590900077484548,9498.453699983656,4754.124894223381
1791122018,1000,,Aggregated,397.500000,0.000000,83,100,130,150,700,1300,2100,2800,5200,7300,9500,206027,197,83,256.21630110470585,27.590900077484548,9498.453699983656,4754.426468375505
1791122019,1000,,Aggregated,390.900000,0.000000,83,100,130,150,710,1300,2100,2800,5200,7500,11000,206448,197,83,257.31682181226756,27.590900077484548,10517.645000014454,4753.914327094474
1791122020,1000,,Aggregated,381.100000,0.000000,83,100,130,150,710,1300,2200,2800,5300,7800,11000,206875,197,83,258.5216462675417,27.590900077484548,11189.061300014146,4753.504280362537
1791122021,1000,,Aggregated,378.200000,0.000000,83,100,130,150,710,1300,2200,2800,5400,8400,11000,207305,197,83,259.34285487082695,27.590900077484548,11189.061300014146,4752.807578206025
1791122022,1000,,Aggregated,373.700000,0.000000,83,100,130,150,710,1300,2200,2800,5500,8900,11000,207734,197,83,259.9086381896895,27.590900077484548,11189.061300014146,4752.742098067722
1791122023,1000,,Aggregated,377.800000,0.000000,83,100,130,150,710,1300,2200,2800,5500,9000,11000,208209,197,83,260.0519656787043,27.590900077484548,11189.061300014146,4752.575738800916
1791122024,1000,,Aggregated,386.000000,0.000000,83,100,130,150,710,1300,2200,2800,5600,9000,11000,208607,197,83,260.12867589868307,27.590900077484548,11189.061300014146,4752.831439021701
1791122025,1000,,Aggregated,389.400000,0.000000,83,100,130,150,710,1300,2200,2800,5600,9000,11000,209007,197,83,260.082188710407,27.590900077484548,11189.061300014146,4753.696746998904
1791122026,1000,,Aggregated,408.400000,0.000000,83,100,130,150,710,1300,2200,2800,5600,9000,11000,209399,197,83,260.19122299723017,27.590900077484548,11189.061300014146,4753.780529037866
1791122027,1000,,Aggregated,409.200000,0.000000,83,100,130,150,710,1300,2200,2800,5600,9000,11000,209769,197,83,260.13625756568825,27.590900077484548,11189.061300014146,4754.688662290424
1791122028,1000,,Aggregated,411.700000,0.000000,83,100,130,160,710,1300,2200,2800,5600,8900,11000,210180,197,83,260.79030373012273,27.590900077484548,11189.061300014146,4753.948092111524
1791122029,1000,,Aggregated,411.600000,0.000000,83,100,130,160,710,1300,2200,2900,5600,8900,11000,210602,197,83,261.66226404067885,27.590900077484548,11189.061300014146,4752.944715624733
1791122030,1000,,Aggregated,412.900000,0.000000,83,100,130,160,710,1300,2200,2900,5600,8900,11000,211041,197,83,262.0664657573439,27.590900077484548,11189.061300014146,4752.5911078889885
1791122031,1000,,Aggregated,415.400000,0.000000,83,100,130,150,710,1300,2200,2900,5600,8900,11000,211454,197,83,262.4456310563781,27.590900077484548,11189.061300014146,4752.570388831614
1791122032,1000,,Aggregated,413.400000,0.000000,83,100,130,160,710,1300,2200,2900,5700,9200,11000,211910,197,83,263.0337122707561,27.590900077484548,11189.061300014146,4752.677466849134
1791122033,1000,,Aggregated,414.900000,0.000000,83,100,130,160,720,1300,2200,2900,5700,9200,11000,212367,197,83,263.2400733955671,27.590900077484548,11189.061300014146,4752.011856832747
1791122034,1000,,Aggregated,408.600000,0.000000,83,100,130,160,710,1300,2200,2900,5700,9200,11000,212785,197,83,263.1452759301473,27.590900077484548,11189.061300014146,4752.314538148836
1791122035,1000,,Aggregated,415.000000,0.000000,83,100,130,160,710,1300,2200,2900,5700,9200,11000,213205,197,83,263.0743175009814,27.590900077484548,11189.061300014146,4752.77601838606
1791122036,1000,,Aggregated,410.700000,0.000000,83,100,130,160,710,1300,2200,2900,5700,9200,11000,213590,197,83,262.99365109132776,27.590900077484548,11362.173600005917,4753.425698768669
1791122037,1000,,Aggregated,416.000000,0.000000,83,100,130,160,710,1300,2200,2900,5700,9200,11000,213996,197,83,263.1376190405267,27.590900077484548,11362.173600005917,4753.2580281874425
1791122038,1000,,Aggregated,414.800000,0.000000,83,100,130,160,710,1300,2200,2900,5700,9200,11000,214340,197,83,263.2004298567569,27.590900077484548,11362.173600005917,4753.486045535131
1791122039,1000,,Aggregated,418.200000,0.000000,83,100,130,160,710,1300,2200,2900,5700,9200,11000,214788,197,83,263.6938408100017,27.590900077484548,11362.173600005917,4753.429851760806
1791122040,1000,,Aggregated,417.100000,0.000000,83,100,130,160,720,1300,2200,2900,5700,9200,11000,215200,197,83,264.35455541215845,27.590900077484548,11362.173600005917,4752.878698884759
1791122041,1000,,Aggregated,416.100000,0.000000,83,100,130,160,720,1300,2200,2900,5800,9200,11000,215627,197,83,265.21544233651446,27.590900077484548,11362.173600005917,4752.2467965514525
1791122042,1000,,Aggregated,415.300000,0.000000,83,100,130,160,720,1300,2200,2900,5800,9200,11000,216087,197,83,265.6867338368113,27.590900077484548,11362.173600005917,4752.000217504987
1791122043,1000,,Aggregated,411.400000,0.000000,83,100,130,160,720,1300,2200,2900,5800,9200,11000,216525,197,83,265.88665891557486,27.590900077484548,11362.173600005917,4751.980006927606
1791122044,1000,,Aggregated,416.800000,0.000000,83,100,130,160,720,1300,2200,2900,5800,9200,11000,216961,197,83,265.9903382759823,27.590900077484548,11362.173600005917,4752.074312894944
1791122045,1000,,Aggregated,414.900000,0.000000,83,100,130,160,720,1300,2200,2900,5800,9200,11000,217339,197,83,265.91347118278026,27.590900077484548,11362.173600005917,4752.588789862841
1791122046,1000,,Aggregated,418.200000,0.000000,83,100,130,160,720,1300,2200,2900,5800,9200,11000,217660,197,83,265.9200412886794,27.590900077484548,11362.173600005917,4753.618400257282
1791122047,1000,,Aggregated,415.500000,0.000000,83,100,130,160,720,1300,2200,2900,5800,9200,11000,218030,197,83,265.8481788854383,27.590900077484548,11362.173600005917,4754.336916938036
1791122048,1000,,Aggregated,408.800000,0.000000,83,100,130,160,720,1300,2300,2900,5800,9200,11000,218380,197,83,266.54987177576277,27.590900077484548,11362.173600005917,4754.130840736331
1791122049,1000,,Aggregated,403.600000,0.000000,83,100,130,160,720,1300,2300,3000,5800,9200,11000,218744,197,83,266.91791471213514,27.590900077484548,11362.173600005917,4754.402712760121
1791122050,1000,,Aggregated,402.200000,0.000000,83,100,130,160,720,1300,2300,3000,5800,9200,11000,219061,197,83,267.19117932489837,27.590900077484548,11362.173600005917,4754.823199930613
1791122051,1000,,Aggregated,398.800000,0.000000,83,100,130,160,720,1300,2300,3000,5900,9200,11000,219379,197,83,267.7438931337576,27.590900077484548,11362.173600005917,4754.877253520163
1791122052,1000,,Aggregated,388.400000,0.000000,83,110,130,160,720,1300,2300,3000,6000,9200,11000,219708,197,83,268.1336532483614,27.590900077484548,11362.173600005917,4755.459942287035
1791122053,1000,,Aggregated,381.000000,0.000000,83,110,130,160,720,1400,2300,3000,6200,9200,11000,220034,197,83,269.40373820405404,27.590900077484548,11362.173600005917,4755.195374351237
1791122054,1000,,Aggregated,365.600000,0.000000,83,110,130,160,720,1400,2300,3000,6200,9500,11000,220360,197,83,270.12251008210274,27.590900077484548,11362.173600005917,4755.392140134326
1791122055,1000,,Aggregated,352.500000,0.000000,84,110,130,160,720,1400,2300,3100,6400,9600,13000,220727,197,84,271.1087927230973,27.590900077484548,12739.236800000072,4755.460405840699
1791122056,1000,,Aggregated,339.800000,0.000000,84,110,130,160,720,1400,2300,3100,6600,10000,14000,221120,197,84,273.006109455452,27.590900077484548,14153.808000031859,4754.681837916064
1791122057,1000,,Aggregated,333.900000,0.000000,83,110,130,160,720,1400,2400,3100,6700,11000,14000,221491,197,83,274.84633435800527,27.590900077484548,14153.808000031859,4754.068738684642
1791122058,1000,,Aggregated,339.000000,0.000000,84,110,130,160,720,1400,2400,3100,6700,11000,14000,221875,197,84,275.5155060758955,27.590900077484548,14153.808000031859,4754.373832112676
1791122059,1000,,Aggregated,342.100000,0.000000,84,110,130,160,720,1400,2400,3100,6800,11000,14000,222250,197,84,275.8550368368418,27.590900077484548,14153.808000031859,4754.696467941508
1791122060,1000,,Aggregated,343.600000,0.000000,84,110,130,160,720,1400,2400,3200,7000,12000,14000,222617,197,84,276.9804195105901,27.590900077484548,14153.808000031859,4754.329444741417
1791122061,1000,,Aggregated,342.500000,0.000000,84,110,130,160,720,1400,2400,3200,7100,12000,17000,222970,197,84,277.56616673314034,27.590900077484548,17208.24100007303,4754.161290756604
1791122062,1000,,Aggregated,352.700000,0.000000,84,110,130,160,720,1400,2400,3200,7100,12000,17000,223335,197,84,278.3756953007256,27.590900077484548,17208.24100007303,4753.927037857927
1791122063,1000,,Aggregated,353.700000,0.000000,84,110,130,160,720,1400,2400,3200,7200,13000,17000,223759,197,84,279.3196197689797,27.590900077484548,17208.24100007303,4753.940824726603
1791122064,1000,,Aggregated,361.200000,0.000000,84,110,130,160,720,1400,2400,3200,7200,13000,17000,224177,197,84,280.6683880491195,27.590900077484548,17313.579399953596,4753.140919898116
1791122065,1000,,Aggregated,364.500000,0.000000,84,110,130,160,720,1400,2400,3200,7300,13000,26000,224555,197,84,281.2870848397408,27.590900077484548,26310.616999980994,4753.30635256396
1791122066,1000,,Aggregated,373.500000,0.000000,84,110,130,160,720,1400,2400,3200,7300,13000,26000,224903,197,84,281.4443062039495,27.590900077484548,26310.616999980994,4753.42247102084
1791122067,1000,,Aggregated,379.600000,0.000000,84,110,130,160,720,1400,2400,3300,7500,13000,26000,225302,197,84,282.19957422964274,27.590900077484548,26310.616999980994,4753.350329779585
1791122068,1000,,Aggregated,377.600000,0.000000,84,110,130,160,730,1400,2400,3300,7700,13000,26000,225738,197,84,283.21519311630215,27.590900077484548,26310.616999980994,4753.0077523500695
1791122069,1000,,Aggregated,375.100000,0.000000,84,110,130,160,730,1400,2400,3300,7800,14000,26000,226189,197,84,284.31975775783263,27.590900077484548,26310.616999980994,4751.88844285089
1791122070,1000,,Aggregated,374.800000,0.000000,84,110,130,160,730,1400,2400,3300,7800,14000,26000,226615,197,84,284.7275968717364,27.590900077484548,26310.616999980994,4752.0290139664185
1791122071,1000,,Aggregated,385.300000,0.000000,84,110,130,160,730,1400,2400,3300,7800,14000,26000,227069,197,84,284.6956343767235,27.590900077484548,26310.616999980994,4752.315058418366
1791122072,1000,,Aggregated,390.400000,0.000000,84,110,130,160,730,1400,2400,3300,7800,14000,26000,227495,197,84,284.60194063161225,27.590900077484548,26310.616999980994,4752.256133101826
1791122073,1000,,Aggregated,398.300000,0.000000,84,110,130,160,730,1400,2400,3300,7800,14000,26000,227974,197,84,284.5671188766714,27.590900077484548,26310.616999980994,4752.5423162290435
1791122074,1000,,Aggregated,405.800000,0.000000,84,110,130,160,730,1400,2400,3300,7800,14000,26000,228397,197,84,284.6261921544084,27.590900077484548,26310.616999980994,4752.376493561649
1791122075,1000,,Aggregated,412.800000,0.000000,84,110,130,160,730,1400,2400,3300,7800,14000,26000,228816,197,84,284.4516501048479,27.590900077484548,26310.616999980994,4753.01386703727
1791122076,1000,,Aggregated,419.300000,0.000000,84,110,130,160,730,1400,2400,3300,7800,14000,26000,229169,197,84,284.4228520039397,27.590900077484548,26310.616999980994,4753.13875785992
1791122077,1000,,Aggregated,419.100000,0.000000,84,110,130,160,730,1400,2400,3300,7800,14000,26000,229481,197,84,284.4753010187779,27.590900077484548,26310.616999980994,4753.35463938191
1791122078,1000,,Aggregated,424.100000,0.000000,84,110,130,160,730,1400,2400,3300,7800,14000,26000,229922,197,84,284.7782443215122,27.590900077484548,26310.616999980994,4753.897734884004
1791122079,1000,,Aggregated,424.500000,0.000000,84,110,130,160,730,1400,2400,3300,7800,14000,26000,230305,197,84,285.3058534677565,27.590900077484548,26310.616999980994,4753.697544560474
1791122080,1000,,Aggregated,417.600000,0.000000,84,110,130,160,730,1400,2400,3300,7800,14000,26000,230665,197,84,285.57319482493244,27.590900077484548,26310.616999980994,4754.007838206923
1791122081,1000,,Aggregated,414.200000,0.000000,84,110,130,160,730,1400,2500,3400,7800,14000,26000,231089,197,84,286.36968127428736,27.590900077484548,26310.616999980994,4753.860105846665
1791122082,1000,,Aggregated,407.400000,0.000000,84,110,130,160,730,1400,2500,3400,7800,14000,26000,231505,197,84,287.102270383764,27.590900077484548,26310.616999980994,4753.4894753893
1791122083,1000,,Aggregated,401.700000,0.000000,84,110,130,160,730,1400,2500,3400,7900,14000,26000,231940,197,84,287.85376834954275,27.590900077484548,26310.616999980994,4752.874269207554
1791122085,1000,,Aggregated,398.700000,0.000000,84,110,130,160,730,1400,2500,3400,7900,14000,26000,232364,197,84,288.2328109224874,27.590900077484548,26310.616999980994,4752.4691819731115
1791122086,1000,,Aggregated,397.500000,0.000000,84,110,130,160,730,1400,2500,3400,7900,14000,26000,232755,197,84,288.3095852617248,27.590900077484548,26310.616999980994,4753.028050954867
1791122087,1000,,Aggregated,394.200000,0.000000,84,110,130,160,730,1400,2500,3400,7900,14000,26000,233188,197,84,288.4087632317865,27.590900077484548,26310.616999980994,4753.0611309329815
1791122088,1000,,Aggregated,392.500000,0.000000,84,110,130,160,740,1400,2500,3400,7900,14000,26000,233623,197,84,288.65570829110817,27.590900077484548,26310.616999980994,4752.733266844446
1791122089,1000,,Aggregated,392.500000,0.000000,84,110,130,160,740,1400,2500,3400,8000,14000,26000,233956,197,84,288.8812074248693,27.590900077484548,26310.616999980994,4753.2052052522695
1791122090,1000,,Aggregated,411.000000,0.000000,84,110,130,160,740,1500,2500,3400,8000,14000,26000,234471,197,84,289.2482398675833,27.590900077484548,26310.616999980994,4753.3104776283635
1791122091,1000,,Aggregated,411.000000,0.000000,84,110,130,160,740,1500,2500,3400,8100,14000,26000,234885,197,84,289.56530362770184,27.590900077484548,26310.616999980994,4753.015207441939
1791122092,1000,,Aggregated,414.600000,0.000000,84,110,130,160,740,1500,2500,3400,8100,14000,26000,235332,197,84,289.588647412988,27.590900077484548,26310.616999980994,4753.227499872521
1791122093,1000,,Aggregated,421.000000,0.000000,84,110,130,160,740,1500,2500,3400,8100,14000,26000,235768,197,84,289.68484385324416,27.590900077484548,26310.616999980994,4753.386328933528
1791122094,1000,,Aggregated,421.800000,0.000000,84,110,130,160,740,1500,2500,3400,8000,14000,26000,236178,197,84,289.68709697555335,27.590900077484548,26310.616999980994,4753.385768361151
1791122095,1000,,Aggregated,423.000000,0.000000,84,110,130,160,740,1500,2500,3400,8000,14000,26000,236606,197,84,289.9078193963531,27.590900077484548,26310.616999980994,4752.866444637922
1791122096,1000,,Aggregated,420.100000,0.000000,84,110,130,160,740,1500,2500,3400,8000,14000,26000,236971,197,84,289.8406064243792,27.590900077484548,26310.616999980994,4753.834405897768
1791122097,1000,,Aggregated,421.200000,0.000000,84,110,130,160,740,1500,2500,3500,7900,14000,26000,237391,197,84,290.15793340728965,27.590900077484548,26310.616999980994,4753.618907203727
1791122098,1000,,Aggregated,417.800000,0.000000,84,110,130,160,740,1500,2500,3500,7900,14000,26000,237825,197,84,290.68362694876066,27.590900077484548,26310.616999980994,4752.979169557448
1791122099,1000,,Aggregated,417.000000,0.000000,84,110,130,160,740,1500,2500,3500,7900,14000,26000,238224,197,84,290.66609226647734,27.590900077484548,26310.616999980994,4753.555649304856
1791122100,1000,,Aggregated,416.900000,0.000000,84,110,130,160,740,1500,2500,3500,7900,14000,26000,238661,197,84,291.1502036800699,27.590900077484548,26310.616999980994,4752.842035355588
1791122101,1000,,Aggregated,417.400000,0.000000,84,110,130,160,740,1500,2500,3500,7900,14000,26000,239109,197,84,291.5286599508617,27.590900077484548,26310.616999980994,4752.414940466482
1791122102,1000,,Aggregated,415.800000,0.000000,84,110,130,160,740,1500,2500,3500,7900,14000,26000,239471,197,84,291.8985600565051,27.590900077484548,26310.616999980994,4751.746754304279
1791122103,1000,,Aggregated,417.200000,0.000000,84,110,130,160,740,1500,2500,3500,7900,14000,26000,239965,197,84,291.73577984577656,27.590900077484548,26310.616999980994,4752.374092055092
1791122104,1000,,Aggregated,411.900000,0.000000,84,110,130,160,740,1500,2500,3500,7900,13000,26000,240357,197,84,291.90164508914654,27.590900077484548,26310.616999980994,4752.131192351378
1791122105,1000,,Aggregated,416.900000,0.000000,84,110,130,160,740,1500,2500,3500,7900,13000,26000,240692,197,84,291.7750142073389,27.590900077484548,26310.616999980994,4752.82409884832
1791122106,1000,,Aggregated,418.500000,0.000000,84,110,130,160,740,1500,2500,3500,7900,13000,26000,241154,197,84,291.95732287663276,27.590900077484548,26310.616999980994,4753.101279680204
1791122107,1000,,Aggregated,409.400000,0.000000,84,110,130,160,750,1500,2500,3500,7900,13000,26000,241564,197,84,292.2216040788073,27.590900077484548,26310.616999980994,4752.7297734761805
1791122108,1000,,Aggregated,416.400000,0.000000,84,110,130,160,750,1500,2500,3500,7900,13000,26000,241993,197,84,292.53431174741775,27.590900077484548,26310.616999980994,4752.532383168108
1791122109,1000,,Aggregated,413.200000,0.000000,84,110,130,160,750,1500,2500,3500,7900,13000,26000,242316,197,84,292.67189694404203,27.590900077484548,26310.616999980994,4752.851615246207
1791122110,1000,,Aggregated,412.900000,0.000000,84,110,130,160,750,1500,2500,3500,7900,13000,26000,242773,197,84,292.776887210239,27.590900077484548,26310.616999980994,4753.397268229993
1791122111,1000,,Aggregated,411.000000,0.000000,84,110,130,160,750,1500,2500,3500,7900,13000,26000,243199,197,84,293.3315072129877,27.590900077484548,26310.616999980994,4752.803609389841
1791122112,1000,,Aggregated,406.100000,0.000000,84,110,130,160,750,1500,2500,3500,7900,13000,26000,243588,197,84,293.51300704956753,27.590900077484548,26310.616999980994,4752.798241292675
1791122113,1000,,Aggregated,403.800000,0.000000,84,110,130,160,750,1500,2500,3500,7900,13000,26000,244039,197,84,294.1774503345399,27.590900077484548,26310.616999980994,4752.4210228692955
1791122114,1000,,Aggregated,406.800000,0.000000,84,110,130,160,750,1500,2500,3500,8100,13000,26000,244494,197,84,294.3415529366384,27.590900077484548,26310.616999980994,4752.386541183015
1791122115,1000,,Aggregated,405.900000,0.000000,84,110,130,160,750,1500,2500,3500,8100,13000,26000,244924,197,84,294.4281078391262,27.590900077484548,26310.616999980994,4752.387467132661
1791122116,1000,,Aggregated,405.800000,0.000000,84,110,130,160,750,1500,2500,3500,8100,13000,26000,245273,197,84,294.41829533046393,27.590900077484548,26310.616999980994,4753.061930991181
1791122117,1000,,Aggregated,416.700000,0.000000,84,110,130,160,750,1500,2500,3500,8100,13000,26000,245710,197,84,294.5068455736036,27.590900077484548,26310.616999980994,4753.056530055756
1791122118,1000,,Aggregated,404.500000,0.000000,84,110,130,160,750,1500,2500,3500,8100,13000,26000,246105,197,84,294.531146674351,27.590900077484548,26310.616999980994,4753.376363747181
1791122119,1000,,Aggregated,413.400000,0.000000,84,110,130,160,750,1500,2500,3500,8100,14000,26000,246515,197,84,295.14743358737076,27.590900077484548,26310.616999980994,4753.058661744722
1791122120,1000,,Aggregated,410.300000,0.000000,84,110,130,160,750,1500,2600,3600,8100,14000,26000,246967,197,84,295.41880030608047,27.590900077484548,26310.616999980994,4752.662347601096
1791122121,1000,,Aggregated,414.500000,0.000000,84,110,130,160,750,1500,2600,3600,8100,14000,26000,247379,197,84,295.5814887144497,27.590900077484548,26310.616999980994,4752.333039587031
1791122122,1000,,Aggregated,417.600000,0.000000,84,110,130,160,750,1500,2600,3600,8100,14000,26000,247832,197,84,295.87269798286667,27.590900077484548,26310.616999980994,4752.443498014784
1791122123,1000,,Aggregated,417.900000,0.000000,84,110,130,160,750,1500,2600,3600,8100,14000,26000,248292,197,84,296.08488846957806,27.590900077484548,26310.616999980994,4752.205467755707
1791122124,1000,,Aggregated,420.100000,0.000000,84,110,130,160,750,1500,2600,3600,8100,14000,26000,248730,197,84,296.1129677911336,27.590900077484548,26310.616999980994,4752.200072367627
1791122125,1000,,Aggregated,419.400000,0.000000,84,110,130,160,750,1500,2600,3600,8100,14000,26000,249174,197,84,296.05916268024714,27.590900077484548,26310.616999980994,4752.184991210961
1791122126,1000,,Aggregated,422.200000,0.000000,84,110,130,160,750,1500,2600,3600,8100,14000,26000,249560,197,84,295.9411051530277,27.590900077484548,26310.616999980994,4752.434636961051
1791122127,1000,,Aggregated,424.100000,0.000000,84,110,130,160,750,1500,2600,3600,8100,14000,26000,249965,197,84,295.956760157988,27.590900077484548,26310.616999980994,4752.588062328726
1791122128,1000,,Aggregated,431.100000,0.000000,84,110,130,160,750,1500,2600,3600,8100,14000,26000,250378,197,84,295.9076944747162,27.590900077484548,26310.616999980994,4753.030673621484
1791122129,1000,,Aggregated,425.000000,0.000000,84,110,130,160,750,1500,2600,3600,8100,14000,26000,250814,197,84,296.0440735038317,27.590900077484548,26310.616999980994,4753.126595804062
1791122130,1000,,Aggregated,423.800000,0.000000,84,110,130,160,750,1500,2600,3600,8100,14000,26000,251245,197,84,296.4699732073896,27.590900077484548,26310.616999980994,4752.779963780374
1791122131,1000,,Aggregated,428.500000,0.000000,84,110,130,160,750,1500,2600,3600,8100,14000,26000,251658,197,84,296.68768420829105,27.590900077484548,26310.616999980994,4752.583005507475
1791122132,1000,,Aggregated,426.000000,0.000000,84,110,130,160,750,1500,2600,3600,8100,14000,26000,252103,197,84,296.71424001058955,27.590900077484548,26310.616999980994,4752.527613713442
1791122133,1000,,Aggregated,421.600000,0.000000,84,110,130,160,750,1500,2600,3600,8100,14000,26000,252573,197,84,296.8432360441896,27.590900077484548,26310.616999980994,4752.233429543142
1791122134,1000,,Aggregated,426.800000,0.000000,84,110,130,160,750,1500,2600,3600,8000,14000,26000,253015,197,84,296.81467526149817,27.590900077484548,26310.616999980994,4751.834997925024
1791122135,1000,,Aggregated,425.400000,0.000000,84,110,130,160,750,1500,2600,3600,8100,14000,26000,253377,197,84,296.8781017175478,27.590900077484548,26310.616999980994,4751.387462161128
1791122136,1000,,Aggregated,426.100000,0.000000,84,110,130,160,750,1500,2600,3600,8100,14000,26000,253840,197,84,296.8088211963695,27.590900077484548,26310.616999980994,4752.639442168295
1791122137,1000,,Aggregated,421.900000,0.000000,84,110,130,160,750,1500,2600,3600,8000,14000,26000,254207,197,84,296.78866727307127,27.590900077484548,26310.616999980994,4752.683407616628
1791122138,1000,,Aggregated,419.500000,0.000000,84,110,130,160,750,1500,2600,3600,8000,14000,26000,254627,197,84,296.81713796214274,27.590900077484548,26310.616999980994,4752.750328912488
1791122139,1000,,Aggregated,421.700000,0.000000,84,110,130,160,750,1500,2600,3600,8000,14000,26000,254989,197,84,296.9377196557056,27.590900077484548,26310.616999980994,4752.956292232214
1791122140,1000,,Aggregated,421.800000,0.000000,84,110,130,160,750,1500,2600,3600,8000,14000,26000,255417,197,84,297.35740116511903,27.590900077484548,26310.616999980994,4752.818962715873
1791122141,1000,,Aggregated,417.000000,0.000000,84,110,130,160,760,1500,2600,3600,8000,14000,26000,255853,197,84,297.96473736361196,27.590900077484548,26310.616999980994,4752.157922713433
1791122142,1000,,Aggregated,415.200000,0.000000,84,110,130,160,760,1500,2600,3600,8000,14000,26000,256261,197,84,298.4133532499791,27.590900077484548,26310.616999980994,4751.649759424961
1791122143,1000,,Aggregated,418.300000,0.000000,84,110,130,160,760,1500,2600,3600,8000,14000,26000,256704,197,84,298.62400251259623,27.590900077484548,26310.616999980994,4751.331627088008
1791122144,1000,,Aggregated,412.100000,0.000000,84,110,130,160,760,1500,2600,3600,8000,14000,26000,257145,197,84,298.95149303270347,27.590900077484548,26310.616999980994,4751.091866456669
1791122145,1000,,Aggregated,408.600000,0.000000,84,110,130,160,760,1500,2600,3600,8000,14000,26000,257500,197,84,299.1021826838664,27.202600031159818,26310.616999980994,4751.006295145631
1791122146,1000,,Aggregated,409.200000,0.000000,84,110,140,160,760,1500,2600,3600,8100,14000,26000,257957,197,84,299.1184286198748,27.202600031159818,26310.616999980994,4751.930961361777
1791122147,1000,,Aggregated,407.300000,0.000000,84,110,140,160,760,1500,2600,3600,8000,14000,26000,258366,197,84,299.44610287729773,27.202600031159818,26310.616999980994,4751.271142487789
1791122148,1000,,Aggregated,402.800000,0.000000,84,110,140,160,760,1500,2600,3600,8000,14000,26000,258752,197,84,299.4835811676637,27.202600031159818,26310.616999980994,4751.429805373485
1791122149,1000,,Aggregated,410.800000,0.000000,84,110,140,160,760,1500,2600,3600,8000,14000,26000,259186,197,84,299.45644697474097,27.202600031159818,26310.616999980994,4751.798388030218
1791122150,1000,,Aggregated,410.200000,0.000000,84,110,140,160,760,1500,2600,3600,8000,14000,26000,259639,197,84,299.7206136173557,27.202600031159818,26310.616999980994,4751.599020178016
1791122151,1000,,Aggregated,414.900000,0.000000,84,110,140,160,760,1500,2600,3600,8000,13000,26000,260067,197,84,300.0372301891334,27.202600031159818,26310.616999980994,4751.285757131816
1791122152,1000,,Aggregated,416.500000,0.000000,84,110,140,160,760,1500,2600,3600,8000,13000,26000,260457,197,84,300.2609740479135,27.202600031159818,26310.616999980994,4751.4938819075705
1791122153,1000,,Aggregated,419.700000,0.000000,84,110,140,160,760,1500,2600,3600,8000,13000,26000,260884,197,84,300.3560677032558,27.202600031159818,26310.616999980994,4751.257436255194
1791122154,1000,,Aggregated,415.700000,0.000000,84,110,140,160,760,1500,2600,3600,8000,13000,26000,261311,197,84,300.4705818576157,27.202600031159818,26310.616999980994,4751.323461316209
1791122155,1000,,Aggregated,418.900000,0.000000,84,110,140,160,760,1500,2600,3600,8000,13000,26000,261751,197,84,300.60740475449643,27.202600031159818,26310.616999980994,4751.3216339192595
1791122156,1000,,Aggregated,415.700000,0.000000,85,110,140,160,760,1500,2600,3600,8000,13000,26000,262143,197,85,300.4961983260861,27.202600031159818,26310.616999980994,4751.858611521193
1791122157,1000,,Aggregated,419.300000,0.000000,84,110,140,160,760,1500,2600,3600,8000,13000,26000,262580,197,84,300.58754602786183,27.202600031159818,26310.616999980994,4751.5298956508495
1791122158,1000,,Aggregated,421.700000,0.000000,85,110,140,160,760,1500,2600,3600,8000,13000,26000,262947,197,85,300.77755325291713,27.202600031159818,26310.616999980994,4751.508277333455
1791122159,1000,,Aggregated,416.900000,0.000000,85,110,140,160,760,1500,2600,3600,8100,13000,26000,263363,197,85,300.9109255502701,27.202600031159818,26310.616999980994,4751.703887789857
1791122160,1000,,Aggregated,418.100000,0.000000,84,110,140,160,770,1500,2600,3700,8100,13000,26000,263801,197,84,301.3854639504527,27.202600031159818,26310.616999980994,4751.306856304563
1791122161,1000,,Aggregated,412.200000,0.000000,84,110,140,160,770,1500,2600,3700,8100,13000,26000,264237,197,84,301.7586568073052,27.202600031159818,26310.616999980994,4750.7977383939415
1791122162,1000,,Aggregated,414.200000,0.000000,84,110,140,160,770,1500,2600,3700,8100,13000,26000,264704,197,84,301.94160529795096,27.202600031159818,26310.616999980994,4750.652664863394
1791122163,1000,,Aggregated,412.500000,0.000000,84,110,140,160,770,1500,2600,3700,8100,13000,26000,265129,197,84,301.87117090694693,27.202600031159818,26310.616999980994,4750.837599809904
1791122164,1000,,Aggregated,421.200000,0.000000,84,110,140,160,770,1500,2700,3700,8100,13000,26000,265557,197,84,301.91711491465014,27.202600031159818,26310.616999980994,4750.722055905136
1791122165,1000,,Aggregated,418.900000,0.000000,84,110,140,160,770,1500,2600,3700,8100,13000,26000,265958,197,84,301.89953817215286,27.202600031159818,26310.616999980994,4750.832526188346
1791122166,1000,,Aggregated,421.000000,0.000000,85,110,140,160,770,1500,2700,3700,8100,13000,26000,266342,197,85,301.92420595471356,27.202600031159818,26310.616999980994,4751.237003551824
1791122167,1000,,Aggregated,417.800000,0.000000,85,110,140,160,770,1500,2700,3700,8100,13000,26000,266782,197,85,301.9119451248179,27.202600031159818,26310.616999980994,4751.413794783756
1791122168,1000,,Aggregated,422.400000,0.000000,85,110,140,160,770,1500,2700,3700,8100,13000,26000,267186,197,85,302.1884531808922,27.202600031159818,26310.616999980994,4751.247082556721
1791122169,1000,,Aggregated,416.700000,0.000000,85,110,140,160,770,1500,2700,3700,8100,13000,26000,267580,197,85,302.5310649659446,27.202600031159818,26310.616999980994,4751.324243216982
1791122170,1000,,Aggregated,417.700000,0.000000,85,110,140,160,770,1500,2700,3700,8100,13000,26000,267999,197,85,302.858600014502,27.202600031159818,26310.616999980994,4751.211575416326
1791122171,1000,,Aggregated,412.500000,0.000000,85,110,140,160,770,1600,2700,3700,8100,13000,26000,268445,197,85,303.43004645713876,27.202600031159818,26310.616999980994,4750.694157089907
1791122172,1000,,Aggregated,412.500000,0.000000,85,110,140,160,770,1600,2700,3700,8100,13000,26000,268889,197,85,303.81702505526727,27.202600031159818,26310.616999980994,4750.436031224781
1791122173,1000,,Aggregated,411.700000,0.000000,85,110,140,160,770,1600,2700,3700,8100,13000,26000,269325,197,85,303.851149229315,27.202600031159818,26310.616999980994,4750.504438874965
1791122174,1000,,Aggregated,409.100000,0.000000,85,110,140,160,770,1600,2700,3700,8100,13000,26000,269720,197,85,303.8106193077529,27.202600031159818,26310.616999980994,4750.6526694349695
1791122175,1000,,Aggregated,411.700000,0.000000,85,110,140,160,770,1600,2700,3700,8100,13000,26000,270111,197,85,303.79795422099346,27.202600031159818,26310.616999980994,4751.098085601845
1791122176,1000,,Aggregated,408.900000,0.000000,85,110,140,160,770,1600,2700,3700,8100,13000,26000,270532,197,85,303.92422291923486,27.202600031159818,26310.616999980994,4751.141798382447
1791122177,1000,,Aggregated,405.500000,0.000000,85,110,140,160,770,1600,2700,3700,8100,13000,26000,270879,197,85,304.02965444381306,27.202600031159818,26310.616999980994,4751.009749740659
1791122178,1000,,Aggregated,406.400000,0.000000,85,110,140,160,770,1600,2700,3700,8100,13000,26000,271309,197,85,304.21304393840944,27.202600031159818,26310.616999980994,4751.07526104921
1791122179,1000,,Aggregated,407.400000,0.000000,85,110,140,160,770,1600,2700,3700,8100,13000,26000,271737,197,85,304.8605210143876,27.202600031159818,26310.616999980994,4750.523248582269
1791122180,1000,,Aggregated,404.100000,0.000000,85,110,140,160,770,1600,2700,3700,8100,13000,26000,272174,197,85,305.21405228194783,27.202600031159818,26310.616999980994,4750.339591584795
1791122181,1000,,Aggregated,414.200000,0.000000,85,110,140,160,780,1600,2700,3700,8100,13000,26000,272599,197,85,305.61327647859684,27.202600031159818,26310.616999980994,4749.9832941426785
1791122182,1000,,Aggregated,411.100000,0.000000,85,110,140,160,780,1600,2700,3700,8200,13000,26000,273050,197,85,305.7628385185511,27.202600031159818,26310.616999980994,4749.885277421718
1791122183,1000,,Aggregated,413.700000,0.000000,85,110,140,160,780,1600,2700,3700,8200,13000,26000,273506,197,85,305.69323696806725,27.202600031159818,26310.616999980994,4749.668464311569
1791122184,1000,,Aggregated,411.700000,0.000000,85,110,140,160,780,1600,2700,3700,8200,13000,26000,273946,197,85,305.5864890441493,27.202600031159818,26310.616999980994,4749.91261781519
1791122185,1000,,Aggregated,412.900000,0.000000,85,110,140,160,780,1600,2700,3700,8200,13000,26000,274307,197,85,305.7392439368565,27.202600031159818,26310.616999980994,4749.995388378715
1791122186,1000,,Aggregated,415.600000,0.000000,85,110,140,160,780,1600,2700,3700,8200,13000,26000,274804,197,85,305.71520501916893,27.202600031159818,26310.616999980994,4750.625507634532
1791122187,1000,,Aggregated,420.600000,0.000000,85,110,140,160,780,1600,2700,3700,8100,13000,26000,275241,197,85,305.7982045541475,27.202600031159818,26310.616999980994,4750.029014572684
1791122188,1000,,Aggregated,416.700000,0.000000,85,110,140,170,780,1600,2700,3700,8100,13000,26000,275556,197,85,305.7555043954381,27.202600031159818,26310.616999980994,4750.482192367432
1791122189,1000,,Aggregated,424.200000,0.000000,85,110,140,170,780,1600,2700,3700,8100,13000,26000,276046,197,85,305.7364820830164,27.202600031159818,26310.616999980994,4751.035341935764
1791122190,1000,,Aggregated,431.000000,0.000000,85,110,140,170,780,1600,2700,3700,8100,13000,26000,276494,197,85,305.8248411455114,27.202600031159818,26310.616999980994,4750.858047552569
1791122191,1000,,Aggregated,423.100000,0.000000,85,110,140,170,780,1600,2700,3700,8100,13000,26000,276924,197,85,305.91083706427276,27.202600031159818,26310.616999980994,4750.518149383946
1791122192,1000,,Aggregated,427.200000,0.000000,85,110,140,170,780,1600,2700,3700,8100,13000,26000,277373,197,85,306.0329474404089,27.202600031159818,26310.616999980994,4750.376009921658
1791122193,1000,,Aggregated,426.500000,0.000000,85,110,140,170,780,1600,2700,3700,8100,13000,26000,277828,197,85,305.8623765998717,27.202600031159818,26310.616999980994,4750.864822840031
1791122194,1000,,Aggregated,429.700000,0.000000,85,110,140,170,780,1600,2700,3700,8100,13000,26000,278256,197,85,305.90589130545436,27.202600031159818,26310.616999980994,4750.895110976942
1791122195,1000,,Aggregated,428.100000,0.000000,85,110,140,170,780,1600,2700,3700,8100,13000,26000,278627,197,85,305.7838554576186,27.202600031159818,26310.616999980994,4751.565806616013
1791122196,1000,,Aggregated,426.900000,0.000000,85,110,140,170,780,1600,2700,3700,8100,13000,26000,279089,197,85,305.89235886863975,27.202600031159818,26310.616999980994,4751.733547363027
1791122198,1000,,Aggregated,425.800000,0.000000,85,110,140,170,780,1600,2700,3700,8100,13000,26000,279453,197,85,305.99460096399275,27.202600031159818,26310.616999980994,4751.66195388849
1791122199,1000,,Aggregated,424.500000,0.000000,85,110,140,170,780,1600,2700,3700,8100,13000,26000,279897,197,85,306.16042112987935,27.202600031159818,26310.616999980994,4751.806668167219
1791122200,1000,,Aggregated,417.800000,0.000000,85,110,140,170,780,1600,2700,3700,8100,13000,26000,280326,197,85,306.39152978671325,27.202600031159818,26310.616999980994,4751.758870029894
1791122201,1000,,Aggregated,428.200000,0.000000,85,110,140,170,780,1600,2700,3700,8100,13000,26000,280739,197,85,306.63371856596274,27.202600031159818,26310.616999980994,4751.83783514225
1791122202,1000,,Aggregated,424.500000,0.000000,85,110,140,170,780,1600,2700,3800,8100,13000,26000,281128,197,85,306.891175021657,27.202600031159818,26310.616999980994,4751.6055853561365
1791122203,1000,,Aggregated,421.200000,0.000000,85,110,140,170,780,1600,2700,3800,8100,13000,26000,281597,197,85,306.87445065284214,27.202600031159818,26310.616999980994,4751.88872750775
1791122204,1000,,Aggregated,415.300000,0.000000,85,110,140,170,780,1600,2700,3800,8100,13000,26000,282042,197,85,306.99821009419736,27.202600031159818,26310.616999980994,4751.686053850136
1791122205,1000,,Aggregated,418.000000,0.000000,85,110,140,170,780,1600,2700,3800,8100,13000,26000,282451,197,85,307.1056950649388,27.202600031159818,26310.616999980994,4751.562207250107
1791122206,1000,,Aggregated,417.900000,0.000000,85,110,140,170,780,1600,2700,3800,8100,13000,26000,282839,197,85,307.0459353331312,27.202600031159818,26310.616999980994,4752.275754050891
1791122207,1000,,Aggregated,417.200000,0.000000,85,110,140,170,780,1600,2700,3800,8100,13000,26000,283309,197,85,307.3384437285332,27.202600031159818,26310.616999980994,4751.859206731872
1791122208,1000,,Aggregated,418.800000,0.000000,85,110,140,170,780,1600,2700,3800,8100,13000,26000,283663,197,85,307.384069314597,27.202600031159818,26310.616999980994,4752.0654861578705
1791122209,1000,,Aggregated,418.100000,0.000000,85,110,140,170,780,1600,2700,3800,8100,13000,26000,284093,197,85,307.4733096478501,27.202600031159818,26310.616999980994,4752.314907442281
1791122210,1000,,Aggregated,419.800000,0.000000,85,110,140,170,780,1600,2700,3800,8100,13000,26000,284527,197,85,307.6231057733957,27.202600031159818,26310.616999980994,4752.300611189799
1791122211,1000,,Aggregated,416.800000,0.000000,85,110,140,170,780,1600,2700,3800,8100,13000,26000,284828,197,85,307.6383913736928,27.202600031159818,26310.616999980994,4752.794219669415
1791122212,1000,,Aggregated,416.800000,0.000000,85,110,140,170,780,1600,2700,3800,8100,13000,26000,285286,197,85,307.9857237792513,27.202600031159818,26310.616999980994,4753.326058762084
1791122213,1000,,Aggregated,404.100000,0.000000,85,110,140,170,790,1600,2700,3800,8100,13000,26000,285685,197,85,308.58553766732155,27.202600031159818,26310.616999980994,4752.810378563803
1791122214,1000,,Aggregated,410.500000,0.000000,85,110,140,170,790,1600,2700,3800,8100,13000,26000,286093,197,85,308.9341977014116,27.202600031159818,26310.616999980994,4752.7893377328355
1791122215,1000,,Aggregated,403.700000,0.000000,85,110,140,170,790,1600,2700,3800,8100,13000,26000,286514,197,85,309.33184077144455,27.202600031159818,26310.616999980994,4752.509290994506
1791122216,1000,,Aggregated,399.500000,0.000000,85,110,140,170,790,1600,2700,3800,8100,13000,26000,286932,197,85,309.48741121551035,27.202600031159818,26310.616999980994,4752.928338421647
1791122217,1000,,Aggregated,403.300000,0.000000,85,110,140,170,790,1600,2800,3800,8100,13000,26000,287333,197,85,309.85090358429994,27.202600031159818,26310.616999980994,4752.750456787073
1791122218,1000,,Aggregated,404.900000,0.000000,85,110,140,170,790,1600,2800,3800,8200,13000,26000,287760,197,85,309.93744712151295,27.202600031159818,26310.616999980994,4752.8568633583545
1791122219,1000,,Aggregated,398.100000,0.000000,85,110,140,170,790,1600,2800,3800,8200,13000,26000,288173,197,85,310.2783529775045,27.202600031159818,26310.616999980994,4752.996550683097
1791122220,1000,,Aggregated,401.900000,0.000000,85,110,140,170,790,1600,2800,3800,8200,13000,26000,288580,197,85,310.4315044642269,27.202600031159818,26310.616999980994,4752.703860281378
1791122221,1000,,Aggregated,397.600000,0.000000,85,110,140,170,790,1600,2800,3800,8200,13000,26000,288996,197,85,310.7101902444522,27.202600031159818,26310.616999980994,4752.883102188265
1791122222,1000,,Aggregated,400.100000,0.000000,85,110,140,170,790,1600,2800,3800,8200,13000,26000,289459,197,85,310.7729432990038,27.202600031159818,26310.616999980994,4752.813939107093
1791122223,1000,,Aggregated,414.400000,0.000000,85,110,140,170,790,1600,2800,3800,8200,13000,26000,289863,197,85,310.79033203750595,27.202600031159818,26310.616999980994,4752.9892880429725
1791122224,1000,,Aggregated,414.400000,0.000000,85,110,140,170,790,1600,2800,3800,8200,13000,26000,290300,197,85,311.0166760509344,27.202600031159818,26310.616999980994,4752.705607991733
1791122225,1000,,Aggregated,416.800000,0.000000,85,110,140,170,790,1600,2800,3800,8200,13000,26000,290686,197,85,311.09952535204934,27.202600031159818,26310.616999980994,4752.750548702036
1791122226,1000,,Aggregated,418.200000,0.000000,85,110,140,170,790,1600,2800,3800,8200,13000,26000,291102,197,85,311.0063426798406,27.202600031159818,26310.616999980994,4753.297998639652
1791122227,1000,,Aggregated,416.200000,0.000000,85,110,140,170,790,1600,2800,3800,8200,13000,26000,291514,197,85,311.0294803998684,27.202600031159818,26310.616999980994,4753.543867532949
1791122228,1000,,Aggregated,413.900000,0.000000,85,110,140,170,790,1600,2800,3800,8200,13000,26000,291951,197,85,311.3658277354282,27.202600031159818,26310.616999980994,4753.223780702926
1791122229,1000,,Aggregated,415.100000,0.000000,85,110,140,170,790,1600,2800,3800,8200,13000,26000,292375,197,85,311.73680770615397,27.202600031159818,26310.616999980994,4753.040622488243
1791122230,1000,,Aggregated,416.800000,0.000000,85,110,140,170,790,1600,2800,3800,8200,13000,26000,292851,197,85,311.9628470248866,27.202600031159818,26310.616999980994,4752.875728612844
1791122231,1000,,Aggregated,422.900000,0.000000,85,110,140,170,790,1600,2800,3800,8200,13000,26000,293283,197,85,312.0477446435203,27.202600031159818,26310.616999980994,4752.754609029504
1791122232,1000,,Aggregated,422.400000,0.000000,85,110,140,170,790,1600,2800,3800,8200,13000,26000,293736,197,85,311.9663330496884,27.202600031159818,26310.616999980994,4752.821673203149
1791122233,1000,,Aggregated,424.100000,0.000000,85,110,140,170,800,1600,2800,3800,8200,13000,26000,294161,197,85,311.98395140920945,27.202600031159818,26310.616999980994,4752.598033049929
1791122234,1000,,Aggregated,422.100000,0.000000,85,110,140,170,800,1600,2800,3800,8200,13000,26000,294627,197,85,311.95017793340014,27.202600031159818,26310.616999980994,4752.471076988871
1791122235,1000,,Aggregated,422.500000,0.000000,85,110,140,170,790,1600,2800,3800,8200,13000,26000,295033,197,85,311.84001874666063,27.202600031159818,26310.616999980994,4752.586819101592
1791122236,1000,,Aggregated,428.600000,0.000000,85,110,140,170,790,1600,2800,3800,8200,13000,26000,295410,197,85,311.8608283937059,27.202600031159818,26310.616999980994,4753.2566737754305
1791122237,1000,,Aggregated,431.100000,0.000000,85,110,140,170,790,1600,2800,3800,8200,13000,26000,295814,197,85,311.7831875904583,27.202600031159818,26310.616999980994,4753.730851142948
1791122238,1000,,Aggregated,422.300000,0.000000,85,110,140,170,790,1600,2800,3800,8200,13000,26000,296212,197,85,311.96820828084105,27.202600031159818,26310.616999980994,4753.416998636112
1791122239,1000,,Aggregated,429.400000,0.000000,85,110,140,170,800,1600,2800,3800,8200,13000,26000,296649,197,85,312.25340496844683,27.202600031159818,26310.616999980994,4753.436064170113
1791122240,1000,,Aggregated,424.700000,0.000000,85,110,140,170,800,1600,2800,3800,8200,13000,26000,297078,197,85,312.5135034256482,27.202600031159818,26310.616999980994,4753.275574091653
1791122241,1000,,Aggregated,422.000000,0.000000,85,110,140,170,800,1600,2800,3900,8200,13000,26000,297497,197,85,312.72589018271333,27.202600031159818,26310.616999980994,4753.3334857158225
1791122242,1000,,Aggregated,421.300000,0.000000,85,110,140,170,800,1600,2800,3900,8200,13000,26000,297886,197,85,312.831210655711,27.202600031159818,26310.616999980994,4753.1139160618495
1791122243,1000,,Aggregated,416.300000,0.000000,85,110,140,170,800,1600,2800,3900,8200,13000,26000,298357,197,85,312.97670143783125,27.202600031159818,26310.616999980994,4752.715475085217
1791122244,1000,,Aggregated,414.300000,0.000000,85,110,140,170,800,1600,2800,3900,8200,13000,26000,298806,197,85,313.1076391989657,27.202600031159818,26310.616999980994,4752.545631613823
1791122245,1000,,Aggregated,418.000000,0.000000,85,110,140,170,800,1600,2800,3900,8200,13000,26000,299213,197,85,313.1833442660867,27.202600031159818,26310.616999980994,4752.421806539154
1791122246,1000,,Aggregated,414.000000,0.000000,85,110,140,170,800,1600,2800,3900,8200,13000,26000,299601,197,85,313.0749961214712,27.202600031159818,26310.616999980994,4752.833652090614
1791122247,1000,,Aggregated,415.700000,0.000000,85,110,140,170,800,1600,2800,3900,8200,13000,26000,300029,197,85,312.94921835218696,27.202600031159818,26310.616999980994,4753.433331444627
1791122248,1000,,Aggregated,424.400000,0.000000,85,110,140,170,800,1600,2800,3900,8200,13000,26000,300423,197,85,312.9618336248826,27.202600031159818,26310.616999980994,4753.947886812927
1791122249,1000,,Aggregated,415.500000,0.000000,85,110,140,170,800,1600,2800,3900,8200,13000,26000,300797,197,85,313.35104489735323,27.202600031159818,26310.616999980994,4753.729462062454
1791122250,1000,,Aggregated,412.700000,0.000000,85,110,140,170,800,1600,2800,3900,8200,13000,26000,301231,197,85,313.73600799582226,27.202600031159818,26310.616999980994,4753.392907768457
1791122251,1000,,Aggregated,414.900000,0.000000,85,110,140,170,800,1600,2800,3900,8200,13000,26000,301669,197,85,314.07078364992407,27.202600031159818,26310.616999980994,4753.28502762962
1791122252,1000,,Aggregated,413.800000,0.000000,85,110,140,170,800,1600,2800,3900,8200,13000,26000,302152,197,85,314.40858197062835,27.202600031159818,26310.616999980994,4753.081366332177
1791122253,1000,,Aggregated,417.100000,0.000000,85,110,140,170,800,1600,2800,3900,8200,13000,26000,302612,197,85,314.48586760666797,27.202600031159818,26310.616999980994,4753.305017646359
1791122254,1000,,Aggregated,419.000000,0.000000,85,110,140,170,800,1600,2800,3900,8200,13000,26000,303065,197,85,314.4363769540762,27.202600031159818,26310.616999980994,4752.914572781417
1791122255,1000,,Aggregated,413.000000,0.000000,85,110,140,170,800,1600,2800,3900,8200,13000,26000,303488,197,85,314.3834387731499,27.202600031159818,26310.616999980994,4753.238533319274
1791122256,1000,,Aggregated,417.200000,0.000000,85,110,140,170,800,1600,2800,3900,8200,13000,26000,303892,197,85,314.2675868850953,27.202600031159818,26310.616999980994,4753.838666368315
1791122257,1000,,Aggregated,412.500000,0.000000,85,110,140,170,800,1600,2800,3900,8200,13000,26000,304267,197,85,314.21278997750164,27.202600031159818,26310.616999980994,4754.319347809654
1791122258,1000,,Aggregated,417.100000,0.000000,85,110,140,170,800,1600,2800,3900,8200,13000,26000,304668,197,85,314.275362619918,27.202600031159818,26310.616999980994,4754.4812353118805
1791122259,1000,,Aggregated,417.700000,0.000000,85,110,140,170,800,1600,2800,3900,8200,13000,26000,305019,197,85,314.23441606025926,27.202600031159818,26310.616999980994,4754.8097692274905
1791122260,1000,,Aggregated,421.100000,0.000000,85,110,140,170,800,1600,2800,3900,8200,13000,26000,305406,197,85,314.3652988860181,27.202600031159818,26310.616999980994,4754.669659404203
1791122261,1000,,Aggregated,413.000000,0.000000,85,110,140,170,800,1600,2800,3900,8200,13000,26000,305767,197,85,314.644771486726,27.202600031159818,26310.616999980994,4754.5825317970875
1791122262,1000,,Aggregated,411.900000,0.000000,85,110,140,170,800,1600,2800,3900,8200,13000,26000,306198,197,85,315.3866449871751,27.202600031159818,26310.616999980994,4754.445371948869
1791122263,1000,,Aggregated,404.800000,0.000000,85,110,140,170,800,1600,2900,3900,8200,13000,26000,306597,197,85,315.84999347476844,27.202600031159818,26310.616999980994,4754.338701944246
1791122264,1000,,Aggregated,401.100000,0.000000,85,110,140,170,800,1600,2900,3900,8200,13000,26000,307062,197,85,316.22194591738554,27.202600031159818,26310.616999980994,4754.480284112004
1791122265,1000,,Aggregated,403.000000,0.000000,85,110,140,170,800,1600,2900,3900,8200,13000,26000,307454,197,85,316.62861604365037,27.202600031159818,26310.616999980994,4754.42681832079
1791122266,1000,,Aggregated,397.400000,0.000000,85,110,140,170,800,1600,2900,3900,8200,13000,26000,307860,197,85,316.71292547809225,27.202600031159818,26310.616999980994,4754.616348340154
1791122267,1000,,Aggregated,398.900000,0.000000,85,110,140,170,810,1600,2900,4000,8300,13000,26000,308288,197,85,317.04965170712865,27.202600031159818,26310.616999980994,4754.450468393191
1791122268,1000,,Aggregated,393.500000,0.000000,85,110,140,170,810,1600,2900,4000,8300,13000,26000,308570,197,85,317.08140881125036,27.202600031159818,26310.616999980994,4754.702268529021
1791122269,1000,,Aggregated,397.700000,0.000000,86,110,140,170,810,1600,2900,4000,8300,13000,26000,308996,197,86,317.3256058417878,27.202600031159818,26310.616999980994,4754.964614428665
1791122270,1000,,Aggregated,397.200000,0.000000,86,110,140,170,810,1600,2900,4000,8300,13000,26000,309460,197,86,317.7156913594305,27.202600031159818,26310.616999980994,4754.556808634396
1791122271,1000,,Aggregated,395.400000,0.000000,86,110,140,170,810,1600,2900,4000,8300,13000,26000,309879,197,86,318.08284561066864,27.202600031159818,26310.616999980994,4754.050164741721
1791122272,1000,,Aggregated,396.900000,0.000000,86,110,140,170,810,1600,2900,4000,8300,13000,26000,310299,197,86,318.4576758506714,27.202600031159818,26310.616999980994,4753.902912996819
1791122273,1000,,Aggregated,404.500000,0.000000,85,110,140,170,810,1600,2900,4000,8300,13000,26000,310775,197,85,318.6089322235898,27.202600031159818,26310.616999980994,4753.558400772263
1791122274,1000,,Aggregated,406.700000,0.000000,85,110,140,170,810,1600,2900,4000,8300,13000,26000,311215,197,85,318.507645711443,27.202600031159818,26310.616999980994,4753.596401201741
1791122275,1000,,Aggregated,410.700000,0.000000,85,110,140,170,810,1600,2900,4000,8300,13000,26000,311636,197,85,318.3776999665853,27.202600031159818,26310.616999980994,4753.792013759643
1791122276,1000,,Aggregated,412.700000,0.000000,86,110,140,170,810,1600,2900,4000,8300,13000,26000,312018,197,86,318.2613460803144,27.202600031159818,26310.616999980994,4754.141088014153
1791122277,1000,,Aggregated,411.200000,0.000000,86,110,140,170,810,1600,2900,4000,8300,13000,26000,312456,197,86,318.2925844892933,27.202600031159818,26310.616999980994,4754.082216376066
1791122278,1000,,Aggregated,416.600000,0.000000,86,110,140,170,810,1600,2900,4000,8300,13000,26000,312848,197,86,318.26557907062505,27.202600031159818,26310.616999980994,4754.247311793587
1791122279,1000,,Aggregated,412.400000,0.000000,86,110,140,170,810,1600,2900,4000,8200,13000,26000,313254,197,86,318.4947019006517,27.202600031159818,26310.616999980994,4754.13797429562
1791122280,1000,,Aggregated,415.500000,0.000000,86,110,140,170,810,1600,2900,4000,8200,13000,26000,313679,197,86,318.77491525918526,27.202600031159818,26310.616999980994,4754.143318488009
1791122281,1000,,Aggregated,421.300000,0.000000,86,110,140,170,810,1600,2900,4000,8200,13000,26000,314083,197,86,319.04407908923935,27.202600031159818,26310.616999980994,4753.836855226166
1791122282,1000,,Aggregated,418.500000,0.000000,86,110,140,170,810,1600,2900,4000,8200,13000,26000,314558,197,86,319.1982746650343,27.202600031159818,26310.616999980994,4753.889931268637
1791122283,1000,,Aggregated,421.200000,0.000000,85,110,140,170,820,1600,2900,4000,8300,13000,26000,315000,197,85,319.45708533073747,27.202600031159818,26310.616999980994,4753.704761904762
1791122284,1000,,Aggregated,418.400000,0.000000,85,110,140,170,820,1600,2900,4000,8300,13000,26000,315474,197,85,319.4686312180535,27.202600031159818,26310.616999980994,4753.597884453236
1791122285,1000,,Aggregated,418.000000,0.000000,86,110,140,170,810,1600,2900,4000,8300,13000,26000,315860,197,86,319.4521476162996,27.202600031159818,26310.616999980994,4754.019011587412
1791122286,1000,,Aggregated,420.200000,0.000000,86,110,140,170,810,1600,2900,4000,8300,13000,26000,316158,197,86,319.4883653337358,27.202600031159818,26310.616999980994,4754.108388843553
1791122287,1000,,Aggregated,422.600000,0.000000,86,110,140,170,810,1600,2900,4000,8300,13000,26000,316683,197,86,319.46160799532214,27.202600031159818,26310.616999980994,4754.445773849559
1791122288,1000,,Aggregated,419.000000,0.000000,86,110,140,170,820,1600,2900,4000,8300,13000,26000,317064,197,86,319.5567792870965,27.202600031159818,26310.616999980994,4754.274572326092
1791122289,1000,,Aggregated,417.800000,0.000000,86,110,140,170,820,1600,2900,4000,8300,13000,26000,317480,197,86,319.65285887988205,27.202600031159818,26310.616999980994,4754.312608668262
1791122290,1000,,Aggregated,420.300000,0.000000,86,110,140,170,820,1600,2900,4000,8300,13000,26000,317913,197,86,319.885860807784,27.202600031159818,26310.616999980994,4753.953578494746
1791122291,1000,,Aggregated,419.000000,0.000000,86,110,140,170,820,1600,2900,4000,8200,13000,26000,318351,197,86,320.0216073619543,27.202600031159818,26310.616999980994,4753.855835225899
1791122292,1000,,Aggregated,422.500000,0.000000,86,110,140,170,820,1700,2900,4000,8300,13000,26000,318804,197,86,320.1306107297467,27.202600031159818,26310.616999980994,4753.683250523833
1791122293,1000,,Aggregated,418.500000,0.000000,86,110,140,170,820,1700,2900,4000,8300,13000,26000,319270,197,86,320.10424274152626,27.202600031159818,26310.616999980994,4753.519719986219
1791122294,1000,,Aggregated,423.600000,0.000000,86,110,140,170,820,1700,2900,4000,8300,13000,26000,319742,197,86,320.1632678846923,27.202600031159818,26310.616999980994,4752.870429909114
1791122295,1000,,Aggregated,423.600000,0.000000,86,110,140,170,820,1600,2900,4000,8300,13000,26000,320098,197,86,320.000238434753,27.202600031159818,26310.616999980994,4753.20396878456
1791122296,1000,,Aggregated,422.500000,0.000000,86,110,140,170,820,1600,2900,4000,8300,13000,26000,320562,197,86,319.85436543348214,27.202600031159818,26310.616999980994,4754.074381866846
1791122297,1000,,Aggregated,424.700000,0.000000,86,110,140,170,820,1600,2900,4000,8300,13000,26000,320967,197,86,319.7507538104787,27.202600031159818,26310.616999980994,4754.188745260416
1791122298,1000,,Aggregated,420.100000,0.000000,86,110,140,170,820,1600,2900,4000,8200,13000,26000,321400,197,86,319.7780755749407,27.202600031159818,26310.616999980994,4754.306798382078
1791122299,1000,,Aggregated,429.600000,0.000000,86,110,140,170,820,1600,2900,4000,8200,13000,26000,321798,197,86,319.8245374862048,27.202600031159818,26310.616999980994,4754.22297839017
1791122300,1000,,Aggregated,424.700000,0.000000,86,110,140,170,820,1600,2900,4000,8200,13000,26000,322227,197,86,320.0546039865866,27.202600031159818,26310.616999980994,4753.968013232908
1791122301,1000,,Aggregated,431.600000,0.000000,86,110,140,170,820,1700,2900,4000,8200,13000,26000,322660,197,86,320.1609488492129,27.202600031159818,26310.616999980994,4753.815781317796
1791122303,1000,,Aggregated,428.500000,0.000000,86,110,140,170,820,1700,2900,4000,8200,13000,26000,323130,197,86,320.43202778815896,27.202600031159818,26310.616999980994,4753.432534893077
1791122304,1000,,Aggregated,426.900000,0.000000,86,110,140,170,820,1700,2900,4000,8200,13000,26000,323615,197,86,320.3690372371119,27.202600031159818,26310.616999980994,4753.424374642708
1791122305,1000,,Aggregated,423.700000,0.000000,86,110,140,170,820,1700,2900,4000,8200,13000,26000,324097,197,86,320.206089662933,27.202600031159818,26310.616999980994,4753.463635886787
1791122306,1000,,Aggregated,428.400000,0.000000,86,110,140,170,820,1600,2900,4000,8200,13000,26000,324474,197,86,320.0392220229928,27.202600031159818,26310.616999980994,4753.8220905218905
1791122307,1000,,Aggregated,428.500000,0.000000,86,110,140,170,820,1600,2900,4000,8200,13000,26000,324909,197,86,319.9239651228175,27.202600031159818,26310.616999980994,4754.443579586899
1791122308,1000,,Aggregated,433.400000,0.000000,86,110,140,170,820,1600,2900,4000,8200,13000,26000,325349,197,86,319.92200759550934,27.202600031159818,26310.616999980994,4754.314692837537
1791122309,1000,,Aggregated,429.100000,0.000000,86,110,140,170,820,1700,2900,4000,8200,13000,26000,325760,197,86,319.9500227231484,27.202600031159818,26310.616999980994,4754.166834479372
1791122310,1000,,Aggregated,433.400000,0.000000,86,110,140,170,820,1600,2900,4000,8200,13000,26000,326211,197,86,319.86643398995176,27.202600031159818,26310.616999980994,4754.22083559414
1791122311,1000,,Aggregated,430.700000,0.000000,86,110,140,170,820,1700,2900,4000,8200,13000,26000,326651,197,86,319.9950129872473,27.202600031159818,26310.616999980994,4754.081371249437
1791122312,1000,,Aggregated,436.200000,0.000000,86,110,140,170,820,1700,2900,4000,8200,13000,26000,327080,197,86,319.9995701394069,27.202600031159818,26310.616999980994,4754.051965879907
1791122313,1000,,Aggregated,435.700000,0.000000,86,110,140,170,820,1700,2900,4000,8200,13000,26000,327515,197,86,319.96434759200866,27.202600031159818,26310.616999980994,4754.158731661145
1791122314,1000,,Aggregated,436.600000,0.000000,86,110,140,170,820,1700,2900,4000,8200,13000,26000,327969,197,86,319.95528915993503,26.668700040318072,26310.616999980994,4754.005835917419
1791122315,1000,,Aggregated,435.600000,0.000000,86,110,140,170,820,1700,2900,4000,8200,13000,26000,328418,197,86,319.878412162534,26.668700040318072,26310.616999980994,4753.808624984014
1791122316,1000,,Aggregated,432.100000,0.000000,86,110,140,170,820,1600,2900,4000,8200,13000,26000,328788,197,86,319.735723625845,26.668700040318072,26310.616999980994,4754.139740501478
1791122317,1000,,Aggregated,429.600000,0.000000,86,110,140,170,820,1600,2900,4000,8200,13000,26000,329183,197,86,319.5939361191023,26.668700040318072,26310.616999980994,4754.32361027149
1791122318,1000,,Aggregated,427.700000,0.000000,86,110,140,170,820,1600,2900,4000,8200,13000,26000,329563,197,86,319.6011234388989,26.668700040318072,26310.616999980994,4754.6498696759045
1791122319,1000,,Aggregated,425.100000,0.000000,86,110,140,170,820,1700,2900,4000,8200,13000,26000,329926,197,86,319.83829854723325,26.668700040318072,26310.616999980994,4754.614756036202
1791122320,1000,,Aggregated,417.900000,0.000000,86,110,140,170,820,1700,2900,4000,8200,13000,26000,330349,197,86,320.25254734234295,24.931299965828657,26310.616999980994,4754.244020717483
1791122321,1000,,Aggregated,410.800000,0.000000,86,110,140,170,820,1700,2900,4000,8200,13000,26000,330775,197,86,320.6890999395229,24.931299965828657,26310.616999980994,4753.92007860328
1791122322,1000,,Aggregated,412.000000,0.000000,86,110,140,170,830,1700,2900,4000,8200,13000,26000,331211,197,86,321.00913907145343,24.931299965828657,26310.616999980994,4753.768570488299
1791122323,1000,,Aggregated,409.600000,0.000000,86,110,140,170,830,1700,2900,4000,8200,13000,26000,331627,197,86,321.11021816376456,24.931299965828657,26310.616999980994,4753.7023493262
1791122324,1000,,Aggregated,410.700000,0.000000,86,110,140,170,830,1700,2900,4000,8200,13000,26000,332064,197,86,321.25432140910414,24.931299965828657,26310.616999980994,4753.679215452443
1791122325,1000,,Aggregated,411.900000,0.000000,86,110,140,170,830,1700,2900,4000,8200,13000,26000,332510,197,86,321.51234666413245,24.931299965828657,26310.616999980994,4753.647857207302
1791122326,1000,,Aggregated,408.500000,0.000000,86,110,140,170,830,1700,2900,4000,8200,13000,26000,332882,197,86,321.55761663890326,24.931299965828657,26310.616999980994,4753.969184275509
1791122327,1000,,Aggregated,408.100000,0.000000,86,110,140,170,830,1700,2900,4000,8200,13000,26000,333274,197,86,321.464135905862,24.931299965828657,26310.616999980994,4754.388995241153
1791122328,1000,,Aggregated,405.700000,0.000000,86,110,140,170,830,1700,2900,4000,8200,13000,26000,333629,197,86,321.40494638323094,24.931299965828657,26310.616999980994,4754.685959553875
1791122329,1000,,Aggregated,407.400000,0.000000,86,110,140,170,830,1700,2900,4000,8200,13000,26000,334076,197,86,321.87775096262783,24.931299965828657,26310.616999980994,4754.4482872160825
1791122330,1000,,Aggregated,403.700000,0.000000,86,110,140,170,830,1700,2900,4000,8200,13000,26000,334492,197,86,322.2781790473037,24.931299965828657,26310.616999980994,4753.990962414647
1791122331,1000,,Aggregated,414.500000,0.000000,86,110,140,170,830,1700,2900,4000,8200,13000,26000,334920,197,86,322.56606425471915,24.931299965828657,26310.616999980994,4753.653977069151
1791122332,1000,,Aggregated,409.900000,0.000000,86,110,140,170,830,1700,2900,4000,8300,13000,26000,335387,197,86,322.91357126420866,24.931299965828657,26310.616999980994,4753.447095444963
1791122333,1000,,Aggregated,411.700000,0.000000,86,110,140,170,830,1700,2900,4000,8300,13000,26000,335828,197,86,322.83140796297505,24.931299965828657,26310.616999980994,4753.679865883726
1791122334,1000,,Aggregated,414.100000,0.000000,86,110,140,170,830,1700,2900,4000,8300,13000,26000,336288,197,86,322.7808570353073,24.931299965828657,26310.616999980994,4753.429417642021
1791122335,1000,,Aggregated,413.400000,0.000000,86,110,140,170,830,1700,2900,4000,8300,13000,26000,336749,197,86,322.6766775434888,24.931299965828657,26310.616999980994,4753.572064059582
1791122336,1000,,Aggregated,417.800000,0.000000,86,110,140,170,830,1700,2900,4000,8200,13000,26000,337126,197,86,322.7159783751254,24.931299965828657,26310.616999980994,4753.461005677403
1791122337,1000,,Aggregated,418.000000,0.000000,86,110,140,170,830,1700,2900,4000,8200,13000,26000,337561,197,86,322.56810828885256,24.931299965828657,26310.616999980994,4754.133303314067
1791122338,1000,,Aggregated,422.000000,0.000000,86,110,140,170,830,1700,2900,4000,8200,13000,26000,337963,197,86,322.5228653009164,24.931299965828657,26310.616999980994,4754.364921603844
1791122339,1000,,Aggregated,423.800000,0.000000,86,110,140,170,830,1700,2900,4000,8200,13000,26000,338390,197,86,322.60204695674923,24.931299965828657,26310.616999980994,4754.085108898017
1791122340,1000,,Aggregated,429.000000,0.000000,86,110,140,170,830,1700,2900,4000,8200,13000,26000,338811,197,86,322.7503518397974,24.931299965828657,26310.616999980994,4754.071768626166
1791122341,1000,,Aggregated,429.300000,0.000000,86,110,140,170,830,1700,2900,4000,8200,13000,26000,339243,197,86,322.8768632764482,24.931299965828657,26310.616999980994,4753.980707044802
1791122342,1000,,Aggregated,427.200000,0.000000,86,110,140,170,830,1700,2900,4000,8200,13000,26000,339685,197,86,323.07393757567513,24.931299965828657,26310.616999980994,4753.569074289415
1791122343,1000,,Aggregated,429.300000,0.000000,86,110,140,170,830,1700,2900,4000,8200,13000,26000,340091,197,86,323.0058254178835,24.931299965828657,26310.616999980994,4753.821236080931
1791122344,1000,,Aggregated,425.700000,0.000000,86,110,140,170,830,1700,2900,4000,8200,13000,26000,340547,197,86,322.9785890734394,24.931299965828657,26310.616999980994,4753.929771808296
1791122345,1000,,Aggregated,426.200000,0.000000,86,110,140,170,830,1700,2900,4000,8200,13000,26000,340974,197,86,323.0228557702134,24.931299965828657,26310.616999980994,4753.694111574489
1791122346,1000,,Aggregated,421.800000,0.000000,86,110,140,170,830,1700,2900,4000,8200,13000,26000,341360,197,86,323.01294267574855,24.931299965828657,26310.616999980994,4754.026956878369
1791122347,1000,,Aggregated,422.400000,0.000000,86,110,140,170,830,1700,2900,4000,8200,13000,26000,341787,197,86,322.96731830027056,24.931299965828657,26310.616999980994,4754.4009192859885
1791122348,1000,,Aggregated,422.500000,0.000000,86,110,140,170,830,1700,2900,4000,8200,13000,26000,342171,197,86,323.11393614302256,24.931299965828657,26310.616999980994,4754.299513985698
1791122349,1000,,Aggregated,417.800000,0.000000,86,110,140,170,840,1700,2900,4000,8200,13000,26000,342621,197,86,323.40197579364644,24.931299965828657,26310.616999980994,4754.189273278637
1791122350,1000,,Aggregated,420.700000,0.000000,86,110,140,170,840,1700,2900,4000,8200,13000,26000,343057,197,86,323.56541879132345,24.931299965828657,26310.616999980994,4754.085396887398
1791122351,1000,,Aggregated,417.300000,0.000000,86,110,140,170,840,1700,2900,4000,8200,13000,26000,343475,197,86,323.614001064986,24.931299965828657,26310.616999980994,4754.088830336997
1791122352,1000,,Aggregated,422.700000,0.000000,86,110,140,170,840,1700,2900,4000,8200,13000,26000,343849,197,86,323.7627479483623,24.931299965828657,26310.616999980994,4753.967430470933
1791122353,1000,,Aggregated,420.100000,0.000000,86,110,140,170,840,1700,2900,4000,8200,13000,26000,344260,197,86,323.75186161737344,24.931299965828657,26310.616999980994,4754.33741939232
1791122354,1000,,Aggregated,416.300000,0.000000,86,110,140,170,840,1700,2900,4000,8200,13000,26000,344712,197,86,323.9593143545797,24.931299965828657,26310.616999980994,4753.83572953654
1791122355,1000,,Aggregated,412.900000,0.000000,86,110,140,170,840,1700,3000,4000,8200,13000,26000,345094,197,86,324.1070620413452,24.931299965828657,26310.616999980994,4753.713541817592
1791122356,1000,,Aggregated,411.500000,0.000000,86,110,140,170,840,1700,3000,4000,8200,13000,26000,345478,197,86,324.13899483583435,24.931299965828657,26310.616999980994,4753.950338371763
1791122357,1000,,Aggregated,408.300000,0.000000,86,110,140,170,840,1700,3000,4000,8200,13000,26000,345933,197,86,324.28729372622416,24.931299965828657,26310.616999980994,4753.573501227116
1791122358,1000,,Aggregated,408.500000,0.000000,86,110,140,170,840,1700,3000,4100,8200,13000,26000,346330,197,86,324.40635661014784,24.931299965828657,26310.616999980994,4753.593049981232
1791122359,1000,,Aggregated,412.300000,0.000000,86,110,140,170,840,1700,3000,4100,8200,13000,26000,346735,197,86,324.41881260355126,24.931299965828657,26310.616999980994,4753.776197960979
1791122360,1000,,Aggregated,412.900000,0.000000,86,110,140,170,840,1700,3000,4100,8300,13000,26000,347181,197,86,324.7278400833856,24.931299965828657,26310.616999980994,4753.375622513905
1791122361,1000,,Aggregated,409.400000,0.000000,86,110,140,170,840,1700,3000,4100,8300,13000,26000,347624,197,86,324.89249733502277,24.931299965828657,26310.616999980994,4753.263350631717
1791122362,1000,,Aggregated,407.600000,0.000000,86,110,140,170,840,1700,3000,4100,8300,13000,26000,348084,197,86,324.9539289214366,24.931299965828657,26310.616999980994,4753.022218774779
1791122363,1000,,Aggregated,409.000000,0.000000,86,110,140,170,840,1700,3000,4100,8300,13000,26000,348519,197,86,324.94333346701137,24.931299965828657,26310.616999980994,4752.982726910154
1791122364,1000,,Aggregated,414.000000,0.000000,86,110,140,170,840,1700,3000,4100,8300,13000,26000,348962,197,86,324.82403479258187,24.931299965828657,26310.616999980994,4753.276703480608
1791122365,1000,,Aggregated,421.700000,0.000000,86,110,140,170,840,1700,3000,4100,8300,13000,26000,349375,197,86,324.73063612991626,24.931299965828657,26310.616999980994,4753.141200715563
1791122366,1000,,Aggregated,421.300000,0.000000,86,110,140,170,840,1700,3000,4100,8300,13000,26000,349815,197,86,324.6392876237108,24.931299965828657,26310.616999980994,4753.421811528951
1791122367,1000,,Aggregated,426.900000,0.000000,86,110,140,170,840,1700,3000,4100,8200,13000,26000,350235,197,86,324.6031403214681,24.931299965828657,26310.616999980994,4753.543729210387
1791122368,1000,,Aggregated,427.900000,0.000000,86,110,140,170,840,1700,3000,4100,8200,13000,26000,350658,197,86,324.60769067321894,24.931299965828657,26310.616999980994,4753.466548602913
1791122369,1000,,Aggregated,426.100000,0.000000,86,110,140,170,840,1700,3000,4100,8200,13000,26000,351030,197,86,324.5722127330689,24.931299965828657,26310.616999980994,4753.943101729197
1791122370,1000,,Aggregated,428.800000,0.000000,86,110,140,170,840,1700,3000,4100,8200,13000,26000,351480,197,86,324.82037678641103,24.931299965828657,26310.616999980994,4753.602301695687
1791122371,1000,,Aggregated,420.900000,0.000000,86,110,140,170,850,1700,3000,4100,8300,13000,26000,351920,197,86,325.172343147557,24.931299965828657,26310.616999980994,4753.076628210957
1791122372,1000,,Aggregated,427.400000,0.000000,86,110,140,170,850,1700,3000,4100,8200,13000,26000,352382,197,86,325.27027328520995,24.931299965828657,26310.616999980994,4752.902722045961
1791122373,1000,,Aggregated,428.600000,0.000000,86,110,140,170,850,1700,3000,4100,8200,13000,26000,352826,197,86,325.10957057923224,24.931299965828657,26310.616999980994,4752.8404539348
1791122374,1000,,Aggregated,427.800000,0.000000,86,110,140,170,850,1700,3000,4100,8200,13000,26000,353261,197,86,324.9403240762181,24.931299965828657,26310.616999980994,4752.917709568846
1791122375,1000,,Aggregated,427.500000,0.000000,86,110,140,170,840,1700,3000,4100,8200,13000,26000,353684,197,86,324.8505546518633,24.931299965828657,26310.616999980994,4752.961604143812
1791122376,1000,,Aggregated,429.500000,0.000000,86,110,140,170,840,1700,3000,4100,8200,13000,26000,354071,197,86,324.7318796167726,24.931299965828657,26310.616999980994,4753.318679022004
1791122377,1000,,Aggregated,426.200000,0.000000,86,110,140,170,840,1700,3000,4100,8200,13000,26000,354550,197,86,324.74367071101574,24.931299965828657,26310.616999980994,4753.058815399802
1791122378,1000,,Aggregated,426.700000,0.000000,86,110,140,170,850,1700,3000,4100,8200,13000,26000,354950,197,86,324.78361884403665,24.931299965828657,26310.616999980994,4752.927220735315
1791122379,1000,,Aggregated,428.000000,0.000000,86,110,140,170,840,1700,3000,4100,8200,13000,26000,355359,197,86,324.69144148506314,24.931299965828657,26310.616999980994,4753.254480680101
1791122380,1000,,Aggregated,426.600000,0.000000,86,110,140,170,850,1700,3000,4100,8200,13000,26000,355787,197,86,324.7796566391973,24.931299965828657,26310.616999980994,4753.0296722477215
1791122381,1000,,Aggregated,436.600000,0.000000,86,110,140,170,850,1700,3000,4100,8200,13000,26000,356150,197,86,324.88852510821573,24.931299965828657,26310.616999980994,4753.128016285273
1791122382,1000,,Aggregated,429.300000,0.000000,86,110,140,170,850,1700,3000,4100,8200,13000,26000,356603,197,86,325.07816919962056,24.931299965828657,26310.616999980994,4753.132522721346
1791122383,1000,,Aggregated,422.600000,0.000000,86,110,140,170,850,1700,3000,4100,8200,13000,26000,357017,197,86,325.3121588291142,24.931299965828657,26310.616999980994,4752.983975552985
1791122384,1000,,Aggregated,419.900000,0.000000,86,110,140,170,850,1700,3000,4100,8200,13000,26000,357454,197,86,325.286511422431,24.931299965828657,26310.616999980994,4753.0322950645395
1791122385,1000,,Aggregated,416.500000,0.000000,86,110,140,170,850,1700,3000,4100,8200,13000,26000,357852,197,86,325.39470974870756,24.931299965828657,26310.616999980994,4753.0557632764385
1791122386,1000,,Aggregated,416.100000,0.000000,86,110,140,170,850,1700,3000,4100,8200,13000,26000,358285,197,86,325.4113835287371,24.931299965828657,26310.616999980994,4753.600809411502
1791122387,1000,,Aggregated,415.300000,0.000000,86,110,140,170,850,1700,3000,4100,8200,13000,26000,358676,197,86,325.4528208301988,24.931299965828657,26310.616999980994,4753.5784607835485
1791122388,1000,,Aggregated,410.400000,0.000000,86,110,140,170,850,1700,3000,4100,8200,13000,26000,359036,197,86,325.529794470452,24.931299965828657,26310.616999980994,4753.693559977272
1791122389,1000,,Aggregated,408.900000,0.000000,86,110,140,170,850,1700,3000,4100,8200,13000,26000,359453,197,86,325.5761980906907,24.931299965828657,26310.616999980994,4753.903158410139
1791122390,1000,,Aggregated,404.700000,0.000000,86,110,140,170,850,1700,3000,4100,8300,13000,26000,359846,197,86,325.92311607935625,24.931299965828657,26310.616999980994,4753.875405034376
1791122391,1000,,Aggregated,403.600000,0.000000,86,110,140,170,850,1700,3000,4100,8300,13000,26000,360228,197,86,326.2896358672614,24.931299965828657,26310.616999980994,4753.606785147184
1791122392,1000,,Aggregated,400.200000,0.000000,86,110,140,170,850,1700,3000,4100,8300,13000,26000,360627,197,86,326.3962841348368,24.931299965828657,26310.616999980994,4753.741026046303
1791122393,1000,,Aggregated,402.600000,0.000000,86,110,140,170,850,1700,3000,4100,8300,13000,26000,360971,197,86,326.47596498165717,24.931299965828657,26310.616999980994,4754.010959329143
1791122394,1000,,Aggregated,399.900000,0.000000,86,110,140,170,850,1700,3000,4100,8300,13000,26000,361382,197,86,326.85560223031285,24.931299965828657,26310.616999980994,4753.955313214272
1791122395,1000,,Aggregated,395.700000,0.000000,86,110,140,170,850,1700,3000,4100,8400,13000,26000,361777,197,86,327.23233963877,24.931299965828657,26310.616999980994,4753.61312908228
1791122396,1000,,Aggregated,385.700000,0.000000,86,110,140,170,850,1700,3000,4100,8400,13000,26000,362136,197,86,327.231161511682,24.931299965828657,26310.616999980994,4753.934226367995
1791122397,1000,,Aggregated,385.700000,0.000000,86,110,140,170,850,1700,3000,4100,8400,13000,26000,362563,197,86,327.91932455488694,24.931299965828657,26310.616999980994,4753.539139404738
1791122398,1000,,Aggregated,382.400000,0.000000,86,110,140,170,850,1700,3000,4100,8500,13000,26000,363000,197,86,328.61766034405395,24.931299965828657,26310.616999980994,4753.3342782369145
1791122399,1000,,Aggregated,385.300000,0.000000,86,110,140,170,850,1700,3000,4100,8500,13000,26000,363432,197,86,328.840377368789,24.931299965828657,26310.616999980994,4753.081107332321
1791122400,1000,,Aggregated,388.000000,0.000000,86,110,140,170,860,1700,3000,4100,8500,13000,26000,363861,197,86,329.0830242477024,24.931299965828657,26310.616999980994,4752.8928629339225
1791122401,1000,,Aggregated,392.600000,0.000000,86,110,140,170,860,1700,3000,4100,8500,13000,26000,364327,197,86,329.1257301009663,24.931299965828657,26310.616999980994,4752.523933169927
1791122402,1000,,Aggregated,396.400000,0.000000,86,110,140,170,860,1700,3000,4100,8500,13000,26000,364741,197,86,329.0599237930321,24.931299965828657,26310.616999980994,4752.693075360324
1791122403,1000,,Aggregated,400.500000,0.000000,86,110,140,170,860,1700,3000,4100,8500,13000,26000,365130,197,86,329.152089377185,24.931299965828657,26310.616999980994,4752.99345712486
1791122404,1000,,Aggregated,407.600000,0.000000,86,110,140,170,860,1700,3000,4100,8500,13000,26000,365566,197,86,329.1445117745911,24.931299965828657,26310.616999980994,4753.056744883277
1791122405,1000,,Aggregated,406.300000,0.000000,86,110,140,170,860,1700,3000,4100,8500,13000,26000,365922,197,86,329.15281689455793,24.931299965828657,26310.616999980994,4753.213395204442
1791122406,1000,,Aggregated,414.600000,0.000000,86,110,140,170,860,1700,3000,4100,8500,13000,26000,366330,197,86,329.1423783812065,24.931299965828657,26310.616999980994,4753.520574345535
1791122407,1000,,Aggregated,413.100000,0.000000,86,110,140,170,860,1700,3000,4100,8500,13000,26000,366695,197,86,329.1630936292763,24.931299965828657,26310.616999980994,4753.5875318725375
1791122408,1000,,Aggregated,414.900000,0.000000,86,110,140,170,850,1700,3000,4100,8500,13000,26000,367097,197,86,329.20613883875075,24.931299965828657,26310.616999980994,4753.778091349153
1791122409,1000,,Aggregated,414.200000,0.000000,86,110,140,170,860,1700,3000,4100,8500,13000,26000,367498,197,86,329.6124252757583,24.931299965828657,26310.616999980994,4753.494617657783
1791122410,1000,,Aggregated,408.400000,0.000000,86,110,140,170,860,1700,3000,4100,8500,13000,26000,367921,197,86,330.08542835007944,24.931299965828657,26310.616999980994,4753.254562800166
1791122411,1000,,Aggregated,406.100000,0.000000,86,110,140,170,860,1700,3000,4200,8500,13000,26000,368355,197,86,330.5399000135442,24.931299965828657,26310.616999980994,4752.922873315144
1791122412,1000,,Aggregated,402.200000,0.000000,86,110,140,170,860,1700,3000,4200,8500,13000,26000,368784,197,86,330.62526449870455,24.931299965828657,26310.616999980994,4752.986672415289
1791122413,1000,,Aggregated,401.400000,0.000000,86,110,140,170,860,1700,3000,4200,8500,13000,26000,369216,197,86,330.8071526989319,24.931299965828657,26310.616999980994,4753.029901196048
1791122414,1000,,Aggregated,397.000000,0.000000,86,110,140,170,860,1700,3000,4200,8500,13000,26000,369644,197,86,330.79748960916305,24.931299965828657,26310.616999980994,4753.264302950947
1791122415,1000,,Aggregated,403.400000,0.000000,86,110,140,170,860,1700,3000,4200,8500,13000,26000,370038,197,86,330.7421865505451,24.931299965828657,26310.616999980994,4753.696312270632
1791122416,1000,,Aggregated,405.400000,0.000000,86,110,140,170,860,1700,3000,4200,8500,13000,26000,370444,197,86,330.7145808772519,24.931299965828657,26310.616999980994,4753.8961408472
1791122417,1000,,Aggregated,408.500000,0.000000,86,110,140,170,860,1700,3000,4200,8500,13000,26000,370878,197,86,330.8081648744089,24.931299965828657,26310.616999980994,4753.819226268476
1791122418,1000,,Aggregated,412.700000,0.000000,86,110,140,170,860,1700,3000,4200,8500,13000,26000,371275,197,86,331.1034081998315,24.931299965828657,26310.616999980994,4753.718556326174
1791122419,1000,,Aggregated,410.600000,0.000000,86,110,140,170,860,1700,3000,4200,8500,13000,26000,371725,197,86,331.30203143289566,24.931299965828657,26310.616999980994,4753.4423673414485
1791122420,1000,,Aggregated,417.100000,0.000000,86,110,140,170,860,1700,3000,4200,8500,13000,26000,372146,197,86,331.5540705983454,24.931299965828657,26310.616999980994,4753.344749103846
1791122421,1000,,Aggregated,415.600000,0.000000,86,110,140,170,860,1700,3000,4200,8500,13000,26000,372585,197,86,331.6127878287925,24.931299965828657,26310.616999980994,4753.1131741750205
1791122422,1000,,Aggregated,420.700000,0.000000,86,110,140,170,860,1700,3000,4200,8500,13000,26000,373041,197,86,331.50493081776773,24.931299965828657,26310.616999980994,4753.079637358896
1791122423,1000,,Aggregated,419.900000,0.000000,86,110,140,170,860,1700,3000,4200,8500,13000,26000,373484,197,86,331.419151386379,24.931299965828657,26310.616999980994,4753.121244819055
1791122424,1000,,Aggregated,423.800000,0.000000,86,110,140,170,860,1700,3000,4200,8500,13000,26000,373924,197,86,331.264871973157,24.931299965828657,26310.616999980994,4753.284116558445
1791122425,1000,,Aggregated,423.700000,0.000000,86,110,140,170,860,1700,3000,4200,8500,13000,26000,374331,197,86,331.18658318918403,24.931299965828657,26310.616999980994,4753.631732343834
1791122426,1000,,Aggregated,426.200000,0.000000,86,110,140,170,860,1700,3000,4200,8500,13000,26000,374724,197,86,331.1221160750066,24.931299965828657,26310.616999980994,4753.828276278007
1791122427,1000,,Aggregated,423.700000,0.000000,87,110,140,170,860,1700,3000,4200,8500,13000,26000,375094,197,87,331.1382788170163,24.931299965828657,26310.616999980994,4753.903154942494
1791122428,1000,,Aggregated,426.800000,0.000000,87,110,140,170,860,1700,3000,4200,8500,13000,26000,375532,197,87,331.3234508901777,24.931299965828657,26310.616999980994,4753.679561262423
1791122429,1000,,Aggregated,424.200000,0.000000,86,110,140,170,860,1700,3000,4200,8500,13000,26000,375970,197,86,331.59185978799167,24.931299965828657,26310.616999980994,4753.482253903237
1791122430,1000,,Aggregated,419.600000,0.000000,86,110,140,170,870,1700,3100,4200,8500,13000,26000,376367,197,86,331.81657483996065,24.931299965828657,26310.616999980994,4753.112690538756
1791122431,1000,,Aggregated,422.800000,0.000000,86,110,140,170,870,1700,3100,4200,8500,13000,26000,376786,197,86,331.7931144386796,24.931299965828657,26310.616999980994,4753.4389759704445
1791122433,1000,,Aggregated,419.600000,0.000000,86,110,140,170,870,1700,3100,4200,8500,13000,26000,377238,197,86,331.9008197087569,24.931299965828657,26310.616999980994,4753.256230814499
1791122434,1000,,Aggregated,417.100000,0.000000,86,110,140,170,870,1700,3100,4200,8500,13000,26000,377686,197,86,332.01991639296295,24.931299965828657,26310.616999980994,4753.094657996325
1791122435,1000,,Aggregated,417.100000,0.000000,86,110,140,170,870,1700,3100,4200,8500,13000,26000,378067,197,86,332.047829397418,24.931299965828657,26310.616999980994,4753.091698032359
1791122436,1000,,Aggregated,416.900000,0.000000,87,110,140,170,870,1700,3100,4200,8500,13000,26000,378483,197,87,331.9286220976707,24.931299965828657,26310.616999980994,4753.69634303258
1791122437,1000,,Aggregated,416.900000,0.000000,87,110,140,170,870,1700,3100,4200,8500,13000,26000,378817,197,87,332.05068063891935,24.931299965828657,26310.616999980994,4753.6486139745575
1791122438,1000,,Aggregated,411.700000,0.000000,87,110,140,170,870,1700,3100,4200,8500,13000,26000,379282,197,87,332.05987574125766,24.931299965828657,26310.616999980994,4753.9277766938585
1791122439,1000,,Aggregated,408.600000,0.000000,87,110,140,170,870,1700,3100,4200,8500,13000,26000,379645,197,87,332.0895955379252,24.931299965828657,26310.616999980994,4753.99964703868
1791122440,1000,,Aggregated,416.400000,0.000000,87,110,140,170,870,1700,3100,4200,8500,13000,26000,380003,197,87,332.10533525945,24.931299965828657,26310.616999980994,4754.2441691249805
1791122441,1000,,Aggregated,408.100000,0.000000,87,110,140,170,870,1700,3100,4200,8500,13000,26000,380398,197,87,332.184132604271,24.931299965828657,26310.616999980994,4754.359094947923
1791122442,1000,,Aggregated,401.700000,0.000000,87,110,140,170,870,1700,3100,4200,8500,13000,26000,380752,197,87,332.4951381613181,24.931299965828657,26310.616999980994,4754.25467758541
1791122443,1000,,Aggregated,401.300000,0.000000,87,110,140,170,870,1700,3100,4200,8500,13000,26000,381159,197,87,332.76333905640456,24.931299965828657,26310.616999980994,4754.290718571515
1791122444,1000,,Aggregated,392.700000,0.000000,87,110,140,170,870,1700,3100,4200,8500,13000,26000,381572,197,87,333.34591009953414,24.931299965828657,26310.616999980994,4753.997371400417
1791122445,1000,,Aggregated,388.700000,0.000000,87,110,140,170,870,1700,3100,4200,8500,13000,26000,381987,197,87,333.7434687413399,24.931299965828657,26310.616999980994,4753.806516975708
1791122446,1000,,Aggregated,385.800000,0.000000,87,110,140,170,870,1700,3100,4200,8500,13000,26000,382335,197,87,333.9389824413104,24.931299965828657,26310.616999980994,4753.9467770410765
1791122447,1000,,Aggregated,387.400000,0.000000,87,110,140,170,870,1700,3100,4200,8500,13000,26000,382781,197,87,334.1493548739342,24.931299965828657,26310.616999980994,4754.10632450409
1791122448,1000,,Aggregated,383.900000,0.000000,87,110,140,170,870,1700,3100,4200,8600,13000,26000,383196,197,87,334.51273045960596,24.931299965828657,26310.616999980994,4753.861582584369
1791122449,1000,,Aggregated,391.400000,0.000000,87,110,140,170,870,1700,3100,4200,8600,13000,26000,383584,197,87,334.64545930200416,24.931299965828657,26310.616999980994,4753.788765954784
1791122450,1000,,Aggregated,388.500000,0.000000,87,110,140,170,870,1800,3100,4200,8600,13000,26000,384037,197,87,334.72521263315815,24.931299965828657,26310.616999980994,4753.894179467083
1791122451,1000,,Aggregated,392.000000,0.000000,87,110,140,170,870,1800,3100,4200,8600,13000,26000,384463,197,87,334.95405574242636,24.931299965828657,26310.616999980994,4753.729734720896
1791122452,1000,,Aggregated,397.800000,0.000000,87,110,140,170,880,1800,3100,4200,8700,13000,26000,384922,197,87,335.28139152607656,24.931299965828657,26310.616999980994,4753.483326492121
1791122453,1000,,Aggregated,402.900000,0.000000,87,110,140,170,880,1800,3100,4300,8700,13000,26000,385415,197,87,335.55719822970445,24.931299965828657,26310.616999980994,4752.940889690334
