Timestamp,User Count,Type,Name,Requests/s,Failures/s,50%,66%,75%,80%,90%,95%,98%,99%,99.9%,99.99%,100%,Total Request Count,Total Failure Count,Total Median Response Time,Total Average Response Time,Total Min Response Time,Total Max Response Time,Total Average Content Size
1791123096,0,,Aggregated,0.000000,0.000000,N/A,N/A,N/A,N/A,N/A,N/A,N/A,N/A,N/A,N/A,N/A,0,0,0,0.0,0,0,0
1791123097,10,,Aggregated,0.000000,0.000000,250,520,520,520,530,530,530,530,530,530,530,20,0,230,270.8168349927291,18.45029997639358,531.0343999881297,4951.75
1791123098,20,,Aggregated,0.000000,0.000000,110,230,240,490,520,520,530,530,530,530,530,42,0,110,186.47962617078088,3.7943999050185084,531.0343999881297,5226.0952380952385
1791123099,30,,Aggregated,11.000000,0.000000,71,140,240,250,500,520,530,530,530,530,530,75,0,71,147.56241598942628,2.502900082617998,531.0343999881297,5127.893333333333
1791123100,50,,Aggregated,20.000000,0.000000,56,130,220,240,280,520,520,530,530,530,530,109,0,56,126.07494678237228,2.502900082617998,531.0343999881297,5200.293577981652
1791123101,60,,Aggregated,22.333333,0.000000,52,140,220,240,280,520,520,530,530,530,530,139,0,52,120.9379927985531,2.502900082617998,531.0343999881297,5108.3165467625895
1791123102,70,,Aggregated,25.000000,0.000000,52,140,190,240,290,350,520,530,530,530,530,184,0,50,117.43650651719098,2.502900082617998,531.0343999881297,5089.744565217391
1791123103,80,,Aggregated,26.400000,0.000000,50,110,180,220,280,350,520,520,530,530,530,235,0,50,108.82742382645448,2.502900082617998,531.0343999881297,5105.340425531915
1791123104,90,,Aggregated,28.666667,0.000000,43,100,170,200,290,340,520,520,530,530,530,293,0,43,102.91254948848483,2.502900082617998,531.0343999881297,5086.757679180887
1791123105,100,,Aggregated,31.428571,0.000000,47,110,170,220,300,350,520,520,530,530,530,346,0,46,107.95496011454333,2.502900082617998,531.0343999881297,5073.196531791908
1791123106,110,,Aggregated,33.875000,0.000000,50,110,170,230,310,400,500,520,540,540,540,412,0,50,112.83699781362654,2.502900082617998,543.657899950631,5070.439320388349
1791123107,120,,Aggregated,36.333333,0.000000,50,110,180,240,330,430,490,520,540,540,540,482,0,50,114.84412510185676,2.4661000352352858,543.657899950631,5091.124481327801
1791123108,130,,Aggregated,37.200000,0.000000,50,110,170,240,330,400,490,520,540,540,540,544,0,50,113.64649356469539,2.314699930138886,543.657899950631,5020.775735294118
1791123109,140,,Aggregated,43.100000,0.000000,48,110,170,230,330,420,480,520,540,540,540,624,0,48,113.66322339558675,2.314699930138886,543.657899950631,5024.155448717948
1791123110,150,,Aggregated,48.200000,0.000000,49,110,170,220,330,430,470,520,540,540,540,703,0,49,112.52191038269041,2.314699930138886,543.657899950631,5006.459459459459
1791123111,160,,Aggregated,50.300000,0.000000,44,100,160,210,330,430,470,520,540,540,540,797,0,44,108.94330827986127,2.314699930138886,543.657899950631,4968.557089084065
1791123112,170,,Aggregated,55.500000,0.000000,46,100,160,210,320,400,460,500,540,540,540,877,0,46,107.91771733117085,2.314699930138886,543.657899950631,4978.887115165337
1791123113,180,,Aggregated,60.600000,0.000000,44,100,160,210,320,430,460,490,540,540,540,974,0,44,107.56404558459614,2.203499898314476,543.657899950631,4923.507186858316
1791123114,190,,Aggregated,65.800000,0.000000,46,100,160,210,320,440,460,490,530,540,540,1073,0,46,108.01572814533436,2.203499898314476,543.657899950631,4910.321528424976
1791123115,200,,Aggregated,67.600000,0.000000,48,110,170,220,330,440,470,520,580,630,630,1181,0,48,111.99877976239198,2.203499898314476,631.659800070338,4928.5351397121085
1791123116,210,,Aggregated,72.700000,0.000000,50,110,180,240,350,450,500,550,580,630,630,1282,0,50,118.4795591262839,2.203499898314476,631.659800070338,4908.133385335414
1791123117,220,,Aggregated,77.000000,0.000000,53,120,180,240,360,450,500,540,580,630,630,1408,0,53,121.39519076737832,2.203499898314476,631.659800070338,4896.814630681818
1791123118,230,,Aggregated,81.700000,0.000000,53,120,180,240,360,450,500,540,580,630,630,1518,0,53,121.29430296494624,2.203499898314476,631.659800070338,4897.664031620553
1791123119,240,,Aggregated,86.300000,0.000000,56,120,190,240,370,450,510,540,580,630,630,1654,0,56,123.55858125800476,2.203499898314476,631.659800070338,4867.842200725514
1791123120,250,,Aggregated,0.000000,0.000000,15,15,15,15,15,15,15,15,15,15,15,2,0,13,14.140649989712983,12.98909995239228,15.292200027033687,5700.0
1791123121,250,,Aggregated,0.000000,0.000000,110,200,260,340,530,580,590,640,680,680,680,134,0,110,186.4381514936199,3.94099997356534,683.8359000394121,4725.985074626866
1791123122,250,,Aggregated,0.000000,0.000000,51,110,160,200,390,540,590,590,680,680,680,246,0,50,126.3359272350913,2.8261999832466245,683.8359000394121,4692.239837398374
1791123123,250,,Aggregated,29.000000,0.000000,28,65,120,160,270,490,580,590,680,680,680,382,0,27,94.31863560143819,2.151200082153082,683.8359000394121,4738.821989528796
1791123124,250,,Aggregated,88.000000,0.000000,18,33,71,110,230,390,550,580,680,680,680,505,0,18,74.05395346606095,2.151200082153082,683.8359000394121,4807.39801980198
1791123125,250,,Aggregated,98.000000,0.000000,14,24,40,73,190,330,540,580,680,680,680,628,0,14,61.17708137026057,2.1474999375641346,683.8359000394121,4788.140127388535
1791123126,250,,Aggregated,107.500000,0.000000,13,21,32,52,160,280,530,580,680,680,680,745,0,13,53.768516243622955,2.1474999375641346,683.8359000394121,4734.826845637584
1791123127,250,,Aggregated,108.600000,0.000000,12,18,26,36,140,250,500,580,680,680,680,868,0,12,47.18371624492371,2.040199935436249,683.8359000394121,4737.006912442396
1791123128,250,,Aggregated,111.166667,0.000000,11,17,25,32,120,240,490,580,680,680,680,983,0,11,43.76365829189047,2.040199935436249,683.8359000394121,4741.128179043743
1791123129,250,,Aggregated,112.714286,0.000000,12,19,28,45,150,270,440,550,640,680,680,1114,0,12,49.592491832672145,1.8307999707758427,683.8359000394121,4731.668761220826
1791123130,250,,Aggregated,113.375000,0.000000,11,17,25,35,140,250,430,540,640,680,680,1237,0,11,45.622422960406155,1.8307999707758427,683.8359000394121,4735.709781729992
1791123131,250,,Aggregated,111.777778,0.000000,11,16,22,30,120,230,410,530,640,680,680,1373,0,11,41.94341668043793,1.8307999707758427,683.8359000394121,4735.912600145666
1791123132,250,,Aggregated,115.900000,0.000000,10,15,21,27,100,230,410,530,640,680,680,1486,0,10,39.40231393186644,1.8307999707758427,683.8359000394121,4758.115746971736
1791123133,250,,Aggregated,124.500000,0.000000,9,14,20,25,90,210,390,520,640,680,680,1616,0,9,36.87194269971742,1.8307999707758427,683.8359000394121,4772.006188118812
1791123134,250,,Aggregated,123.400000,0.000000,8,14,19,24,78,190,370,510,640,680,680,1754,0,8,34.67640769780755,1.8307999707758427,683.8359000394121,4764.946408209807
1791123135,250,,Aggregated,123.400000,0.000000,8,13,18,22,67,180,350,500,640,680,680,1870,0,8,33.02434230046496,1.8307999707758427,683.8359000394121,4753.495721925134
1791123136,250,,Aggregated,123.200000,0.000000,8,14,19,24,74,170,330,490,590,680,680,2002,0,8,33.1847634878578,1.8307999707758427,683.8359000394121,4745.837662337663
1791123137,250,,Aggregated,124.100000,0.000000,8,14,18,22,62,160,330,470,590,680,680,2121,0,8,31.772393306077515,1.8307999707758427,683.8359000394121,4759.4842055634135
1791123138,250,,Aggregated,124.200000,0.000000,8,13,17,21,58,160,320,440,590,680,680,2241,0,8,30.49433641404783,1.8307999707758427,683.8359000394121,4760.75234270415
1791123139,250,,Aggregated,124.800000,0.000000,8,13,17,20,53,150,300,430,590,680,680,2372,0,8,29.261013492941856,1.8307999707758427,683.8359000394121,4758.129848229342
1791123140,250,,Aggregated,125.200000,0.000000,8,13,16,20,47,140,280,430,590,680,680,2494,0,8,28.184945511610383,1.8307999707758427,683.8359000394121,4755.6836407377705
1791123141,250,,Aggregated,126.900000,0.000000,7,12,16,19,42,130,280,420,590,680,680,2614,0,7,27.15130241228091,1.8307999707758427,683.8359000394121,4758.826319816373
1791123142,250,,Aggregated,124.100000,0.000000,7,12,15,18,38,130,270,410,590,680,680,2751,0,7,26.17782486592677,1.8307999707758427,683.8359000394121,4767.026172300982
1791123143,250,,Aggregated,124.400000,0.000000,7,12,15,18,36,120,270,410,590,680,680,2870,0,7,25.421826204022178,1.8307999707758427,683.8359000394121,4781.765156794425
1791123144,250,,Aggregated,123.200000,0.000000,7,12,15,17,33,120,260,410,590,680,680,2992,0,7,24.656088905912302,1.8307999707758427,683.8359000394121,4778.35929144385
1791123145,250,,Aggregated,124.700000,0.000000,7,12,14,17,32,110,250,390,590,680,680,3116,0,7,23.94637981604842,1.8307999707758427,683.8359000394121,4774.309691912708
1791123146,250,,Aggregated,123.800000,0.000000,7,12,15,18,32,100,240,390,590,680,680,3252,0,7,23.733152954120058,1.8307999707758427,683.8359000394121,4774.031365313653
1791123147,250,,Aggregated,123.100000,0.000000,7,12,15,19,33,95,240,380,590,680,680,3374,0,7,23.60351624393893,1.8307999707758427,683.8359000394121,4764.778601066982
1791123148,250,,Aggregated,123.200000,0.000000,7,12,16,19,33,91,240,380,590,680,680,3494,0,7,23.30287573180728,1.8307999707758427,683.8359000394121,4768.423869490555
1791123149,250,,Aggregated,124.600000,0.000000,7,12,15,18,32,87,230,360,590,680,680,3623,0,7,22.762680432088047,1.8307999707758427,683.8359000394121,4771.1498757935415
1791123150,250,,Aggregated,123.800000,0.000000,7,12,15,18,31,82,230,350,590,680,680,3742,0,7,22.230836960310608,1.8307999707758427,683.8359000394121,4769.968198824158
1791123151,250,,Aggregated,124.600000,0.000000,7,12,15,17,30,79,220,350,590,680,680,3858,0,7,21.75924577626548,1.8307999707758427,683.8359000394121,4771.821928460342
1791123152,250,,Aggregated,123.500000,0.000000,7,12,15,17,29,74,220,340,590,680,680,3995,0,7,21.246266409053057,1.8307999707758427,683.8359000394121,4760.306883604506
1791123153,250,,Aggregated,124.700000,0.000000,7,12,15,17,28,71,210,330,590,680,680,4117,0,7,20.890757203006423,1.8307999707758427,683.8359000394121,4760.000728685936
1791123154,250,,Aggregated,123.200000,0.000000,7,12,15,17,28,68,210,330,590,680,680,4238,0,7,20.65056295566715,1.8307999707758427,683.8359000394121,4750.8416705993395
1791123155,250,,Aggregated,122.900000,0.000000,7,12,14,17,28,61,200,320,590,680,680,4369,0,7,20.24296312798629,1.8307999707758427,683.8359000394121,4749.766994735637
1791123156,250,,Aggregated,122.700000,0.000000,7,12,15,17,30,82,210,330,590,680,680,4501,0,7,21.428279672314613,1.8307999707758427,683.8359000394121,4741.876249722284
1791123157,250,,Aggregated,124.200000,0.000000,7,12,15,17,29,80,210,330,590,680,680,4604,0,7,21.12144044421708,1.8307999707758427,683.8359000394121,4742.219374456994
1791123158,250,,Aggregated,124.400000,0.000000,7,12,14,17,29,77,200,320,590,680,680,4737,0,7,20.714173317593552,1.8307999707758427,683.8359000394121,4740.050031665611
1791123159,250,,Aggregated,122.900000,0.000000,7,11,14,17,28,74,200,320,590,680,680,4857,0,7,20.379337822915463,1.8307999707758427,683.8359000394121,4743.165122503603
1791123160,250,,Aggregated,122.400000,0.000000,7,11,14,16,27,68,200,310,590,680,680,4996,0,7,20.006901222107608,1.8307999707758427,683.8359000394121,4750.07065652522
1791123161,250,,Aggregated,122.800000,0.000000,6,11,14,16,27,65,190,300,580,680,680,5118,0,6,19.716841716567895,1.8307999707758427,683.8359000394121,4744.660218835483
1791123162,250,,Aggregated,123.900000,0.000000,6,11,14,16,27,60,190,300,580,680,680,5252,0,6,19.466188177014207,1.8307999707758427,683.8359000394121,4749.775704493526
1791123163,250,,Aggregated,124.300000,0.000000,6,11,14,16,26,59,190,290,580,680,680,5365,0,6,19.18843060687188,1.8307999707758427,683.8359000394121,4747.861696178938
1791123164,250,,Aggregated,125.700000,0.000000,6,11,14,16,26,58,180,280,580,680,680,5497,0,6,18.87944060495865,1.8307999707758427,683.8359000394121,4754.292887029289
1791123165,250,,Aggregated,125.900000,0.000000,6,11,14,16,25,57,170,280,580,680,680,5608,0,6,18.643529940288268,1.8307999707758427,683.8359000394121,4751.7742510699
1791123166,250,,Aggregated,124.800000,0.000000,6,11,14,16,26,57,170,280,580,680,680,5738,0,6,18.69734217566638,1.8307999707758427,683.8359000394121,4749.906239107703
1791123167,250,,Aggregated,125.100000,0.000000,6,11,14,16,26,56,170,280,580,680,680,5866,0,6,18.42919248267386,1.8307999707758427,683.8359000394121,4757.03596999659
1791123168,250,,Aggregated,122.800000,0.000000,6,11,14,16,26,55,170,280,580,680,680,5988,0,6,18.219631747323206,1.8307999707758427,683.8359000394121,4756.180360721443
1791123169,250,,Aggregated,123.800000,0.000000,6,11,14,16,25,53,160,270,580,680,680,6120,0,6,17.989167157336887,1.8307999707758427,683.8359000394121,4755.557843137255
1791123170,250,,Aggregated,124.700000,0.000000,6,11,14,16,25,51,160,270,580,680,680,6239,0,6,17.774299583682172,1.8307999707758427,683.8359000394121,4751.245712453919
1791123171,250,,Aggregated,125.100000,0.000000,6,11,13,15,25,49,160,270,580,680,680,6368,0,6,17.53687889491566,1.8307999707758427,683.8359000394121,4752.709641959799
1791123172,250,,Aggregated,125.000000,0.000000,6,10,13,15,25,47,160,270,580,680,680,6491,0,6,17.33440249611511,1.8307999707758427,683.8359000394121,4757.161146202434
1791123173,250,,Aggregated,123.400000,0.000000,6,10,13,15,24,46,160,260,580,680,680,6620,0,6,17.120390393074146,1.8307999707758427,683.8359000394121,4757.787462235649
1791123174,250,,Aggregated,124.100000,0.000000,6,10,13,15,24,44,160,260,580,680,680,6749,0,6,16.900785983335748,1.8307999707758427,683.8359000394121,4762.1551340939395
1791123175,250,,Aggregated,123.100000,0.000000,6,10,13,15,24,43,150,250,580,680,680,6868,0,6,16.74115773179269,1.8307999707758427,683.8359000394121,4760.596534653465
1791123177,250,,Aggregated,124.200000,0.000000,6,10,13,15,24,44,150,250,580,680,680,6990,0,6,16.77480759673708,1.8307999707758427,683.8359000394121,4760.037195994278
1791123178,250,,Aggregated,125.500000,0.000000,6,10,13,15,25,51,160,250,580,680,680,7113,0,6,17.514703978782943,1.8307999707758427,683.8359000394121,4759.125685364825
1791123179,250,,Aggregated,123.700000,0.000000,6,10,13,15,25,50,160,250,580,680,680,7234,0,6,17.381103428472443,1.8307999707758427,683.8359000394121,4758.494194083494
1791123180,250,,Aggregated,124.400000,0.000000,6,10,13,15,25,49,160,250,580,680,680,7352,0,6,17.228455930616747,1.8307999707758427,683.8359000394121,4755.1575081610445
1791123181,250,,Aggregated,122.900000,0.000000,6,10,13,15,25,47,150,250,580,680,680,7482,0,6,17.059624806333776,1.8307999707758427,683.8359000394121,4754.837743918738
1791123182,250,,Aggregated,122.400000,0.000000,6,10,13,15,25,46,150,250,580,680,680,7613,0,6,16.890354958606565,1.8307999707758427,683.8359000394121,4749.1099435176675
1791123183,250,,Aggregated,123.400000,0.000000,6,10,13,15,24,45,150,240,580,680,680,7727,0,6,16.754330969290255,1.8307999707758427,683.8359000394121,4750.668953021871
1791123184,250,,Aggregated,123.200000,0.000000,6,10,13,15,24,44,150,240,580,680,680,7863,0,6,16.58905625084109,1.8307999707758427,683.8359000394121,4750.688541269235
1791123185,250,,Aggregated,122.800000,0.000000,6,10,13,15,24,44,150,240,580,680,680,7990,0,6,16.43612710894546,1.8307999707758427,683.8359000394121,4749.814518147685
1791123186,250,,Aggregated,123.000000,0.000000,6,10,13,15,24,43,150,240,580,680,680,8121,0,6,16.292347321679006,1.8307999707758427,683.8359000394121,4755.082009604728
1791123187,250,,Aggregated,123.900000,0.000000,6,10,13,15,24,43,140,240,580,680,680,8245,0,6,16.258779211687642,1.8307999707758427,683.8359000394121,4754.587265009096
1791123188,250,,Aggregated,125.100000,0.000000,6,10,13,15,24,42,140,230,580,680,680,8370,0,6,16.129848590257534,1.8307999707758427,683.8359000394121,4757.1648745519715
1791123189,250,,Aggregated,124.800000,0.000000,6,10,13,15,23,41,140,230,580,680,680,8506,0,6,15.969131883477292,1.8307999707758427,683.8359000394121,4760.269339289913
1791123190,250,,Aggregated,125.200000,0.000000,6,10,13,15,23,41,130,230,580,680,680,8633,0,6,15.818899015506146,1.8307999707758427,683.8359000394121,4757.658172130198
1791123191,250,,Aggregated,126.100000,0.000000,6,10,13,15,23,40,130,230,580,680,680,8753,0,6,15.69932913301017,1.8307999707758427,683.8359000394121,4760.499942876728
1791123192,250,,Aggregated,126.900000,0.000000,6,10,13,15,23,40,130,230,580,680,680,8868,0,6,15.596384291898797,1.8307999707758427,683.8359000394121,4760.3116824537665
1791123193,250,,Aggregated,126.200000,0.000000,6,10,13,15,23,39,130,230,580,680,680,8999,0,6,15.45360533400322,1.8307999707758427,683.8359000394121,4759.444271585732
1791123194,250,,Aggregated,125.300000,0.000000,6,10,12,15,22,38,130,220,580,680,680,9112,0,6,15.371551284150739,1.8307999707758427,683.8359000394121,4758.086698858648
1791123195,250,,Aggregated,126.000000,0.000000,6,10,12,14,22,37,130,220,580,680,680,9247,0,6,15.261954277212178,1.8307999707758427,683.8359000394121,4756.702606250676
1791123196,250,,Aggregated,124.900000,0.000000,6,10,12,14,22,37,130,220,580,680,680,9371,0,6,15.165638309947072,1.8307999707758427,683.8359000394121,4758.691708462277
1791123197,250,,Aggregated,124.300000,0.000000,6,10,12,14,22,37,120,220,580,680,680,9492,0,6,15.093261683802739,1.8307999707758427,683.8359000394121,4754.858301727771
1791123198,250,,Aggregated,123.900000,0.000000,6,9,12,14,22,36,120,210,580,680,680,9622,0,6,14.980282945667511,1.8307999707758427,683.8359000394121,4756.520785699438
1791123199,250,,Aggregated,124.000000,0.000000,6,9,12,14,22,36,120,210,580,680,680,9751,0,6,14.875066557746491,1.8307999707758427,683.8359000394121,4759.5864013947285
1791123200,250,,Aggregated,124.200000,0.000000,6,9,12,14,22,35,120,210,580,680,680,9874,0,6,14.783632246718842,1.8307999707758427,683.8359000394121,4762.310208628722
1791123201,250,,Aggregated,125.100000,0.000000,6,9,12,14,21,35,120,210,550,640,680,10007,0,6,14.685199630655296,1.8307999707758427,683.8359000394121,4761.059958029379
1791123202,250,,Aggregated,124.400000,0.000000,6,9,12,14,21,34,120,210,550,640,680,10135,0,6,14.59441321208654,1.8307999707758427,683.8359000394121,4758.020029600395
1791123203,250,,Aggregated,124.600000,0.000000,6,9,12,14,21,34,110,200,550,640,680,10255,0,6,14.496893622991477,1.8307999707758427,683.8359000394121,4760.970063383716
1791123204,250,,Aggregated,125.500000,0.000000,6,9,12,14,21,33,110,200,550,640,680,10386,0,6,14.399190766686381,1.8307999707758427,683.8359000394121,4764.068842672828
1791123205,250,,Aggregated,126.000000,0.000000,6,9,12,14,21,33,110,200,550,640,680,10505,0,6,14.31984809171435,1.8307999707758427,683.8359000394121,4762.411899095669
1791123206,250,,Aggregated,125.600000,0.000000,6,9,12,14,21,33,110,200,550,640,680,10631,0,6,14.22927889230215,1.8307999707758427,683.8359000394121,4765.438058508136
1791123207,250,,Aggregated,125.200000,0.000000,6,9,12,14,21,32,100,200,550,640,680,10752,0,6,14.153812072609504,1.8307999707758427,683.8359000394121,4764.914713541667
1791123208,250,,Aggregated,124.800000,0.000000,6,9,12,14,21,32,100,200,550,640,680,10886,0,6,14.05865531921003,1.8307999707758427,683.8359000394121,4768.80764284402
1791123209,250,,Aggregated,126.200000,0.000000,6,9,12,14,21,32,100,190,550,640,680,11005,0,6,13.976939309903356,1.8307999707758427,683.8359000394121,4769.748568832349
1791123210,250,,Aggregated,125.600000,0.000000,6,9,12,14,21,32,100,190,550,640,680,11132,0,6,13.907610259152781,1.8307999707758427,683.8359000394121,4770.028296802012
1791123211,250,,Aggregated,124.500000,0.000000,6,9,12,14,20,32,99,190,550,640,680,11253,0,6,13.82135163998147,1.8307999707758427,683.8359000394121,4767.920909979561
1791123212,250,,Aggregated,124.500000,0.000000,6,9,12,14,20,31,98,190,550,640,680,11384,0,6,13.730277310716442,1.8307999707758427,683.8359000394121,4770.552002810963
1791123213,250,,Aggregated,124.100000,0.000000,6,9,12,14,20,31,96,190,550,640,680,11494,0,6,13.669053080242321,1.8307999707758427,683.8359000394121,4768.915608143379
1791123214,250,,Aggregated,124.100000,0.000000,6,9,12,14,20,31,94,190,550,640,680,11625,0,6,13.597728559426884,1.8307999707758427,683.8359000394121,4767.913892473119
1791123215,250,,Aggregated,123.000000,0.000000,6,9,12,14,20,31,93,190,550,640,680,11750,0,6,13.517816961980722,1.8307999707758427,683.8359000394121,4766.2888510638295
1791123216,250,,Aggregated,124.000000,0.000000,6,9,12,14,20,30,91,180,550,640,680,11882,0,6,13.453164231878647,1.8307999707758427,683.8359000394121,4767.032233630702
1791123217,250,,Aggregated,124.200000,0.000000,6,9,12,13,20,30,90,170,540,640,680,12003,0,6,13.379573073725949,1.8307999707758427,683.8359000394121,4765.71632091977
1791123218,250,,Aggregated,123.900000,0.000000,6,9,12,13,20,30,90,170,540,640,680,12131,0,6,13.306903800546774,1.8307999707758427,683.8359000394121,4767.403346797461
1791123219,250,,Aggregated,123.000000,0.000000,6,9,12,13,20,30,87,170,540,640,680,12259,0,6,13.234124048018163,1.8307999707758427,683.8359000394121,4768.45884656171
1791123220,250,,Aggregated,124.600000,0.000000,6,9,12,13,20,30,85,170,540,640,680,12393,0,6,13.176709715580785,1.8307999707758427,683.8359000394121,4766.812958928427
1791123221,250,,Aggregated,123.600000,0.000000,6,9,12,13,20,30,83,170,540,640,680,12504,0,6,13.157316954981555,1.8307999707758427,683.8359000394121,4766.627559181062
1791123222,250,,Aggregated,124.500000,0.000000,6,9,12,13,20,29,82,170,540,640,680,12637,0,6,13.083983343016836,1.8307999707758427,683.8359000394121,4767.877502571813
1791123223,250,,Aggregated,125.200000,0.000000,6,8,12,13,20,29,81,170,540,640,680,12758,0,6,13.019130428389257,1.8307999707758427,683.8359000394121,4767.108637717511
1791123224,250,,Aggregated,124.700000,0.000000,6,8,12,13,20,29,81,170,540,640,680,12878,0,6,12.965527691069564,1.8307999707758427,683.8359000394121,4765.059248330486
1791123225,250,,Aggregated,125.600000,0.000000,6,8,11,13,20,29,80,170,530,640,680,13014,0,6,12.917005548334378,1.8307999707758427,683.8359000394121,4765.7595666205625
1791123226,250,,Aggregated,125.300000,0.000000,6,8,11,13,20,29,79,160,530,640,680,13129,0,6,12.87333534977672,1.8307999707758427,683.8359000394121,4765.563028410389
1791123227,250,,Aggregated,124.400000,0.000000,6,8,11,13,19,29,79,160,530,640,680,13248,0,6,12.823227778276985,1.8307999707758427,683.8359000394121,4766.19172705314
1791123228,250,,Aggregated,125.100000,0.000000,6,8,11,13,19,29,78,160,530,640,680,13368,0,6,12.76512545679816,1.8307999707758427,683.8359000394121,4767.184395571514
1791123229,250,,Aggregated,123.900000,0.000000,6,8,11,13,19,28,77,160,530,640,680,13503,0,6,12.69600329601001,1.8307999707758427,683.8359000394121,4768.460119973339
1791123230,250,,Aggregated,123.100000,0.000000,6,8,11,13,19,28,77,160,530,640,680,13618,0,6,12.638402893673014,1.8307999707758427,683.8359000394121,4763.79101189602
1791123231,250,,Aggregated,124.000000,0.000000,6,8,11,13,19,28,75,160,530,640,680,13744,0,6,12.572945831376735,1.8307999707758427,683.8359000394121,4766.598079161816
1791123232,250,,Aggregated,122.600000,0.000000,6,8,11,13,19,28,74,160,530,640,680,13858,0,6,12.583682573761193,1.8307999707758427,683.8359000394121,4766.9298600086595
1791123233,250,,Aggregated,122.800000,0.000000,6,8,11,13,19,28,74,160,530,640,680,13999,0,6,12.525381263443542,1.8307999707758427,683.8359000394121,4768.415243945996
1791123234,250,,Aggregated,122.500000,0.000000,6,8,11,13,19,28,73,160,530,640,680,14111,0,6,12.476560088338443,1.8307999707758427,683.8359000394121,4769.547161788675
1791123235,250,,Aggregated,122.200000,0.000000,6,8,11,13,19,28,71,160,530,640,680,14250,0,6,12.444983172352964,1.8307999707758427,683.8359000394121,4769.510175438597
1791123236,250,,Aggregated,122.000000,0.000000,6,8,11,13,19,28,69,160,530,640,680,14378,0,6,12.389905168067628,1.8307999707758427,683.8359000394121,4769.889623035193
1791123237,250,,Aggregated,123.400000,0.000000,6,8,11,13,19,28,68,160,530,640,680,14511,0,6,12.338361498629173,1.8307999707758427,683.8359000394121,4768.372958445318
1791123238,250,,Aggregated,123.200000,0.000000,6,8,11,13,19,27,68,160,530,640,680,14618,0,6,12.305229108496219,1.8307999707758427,683.8359000394121,4767.827541387331
1791123239,250,,Aggregated,125.000000,0.000000,6,8,11,13,19,27,67,160,530,640,680,14751,0,6,12.24511721973332,1.8307999707758427,683.8359000394121,4768.712833028269
1791123240,250,,Aggregated,124.000000,0.000000,6,8,11,13,19,27,66,160,530,640,680,14872,0,6,12.203260698509347,1.8307999707758427,683.8359000394121,4768.751412049489
1791123241,250,,Aggregated,123.400000,0.000000,6,8,11,13,19,27,65,150,530,640,680,14997,0,6,12.162560832726093,1.8307999707758427,683.8359000394121,4769.668867106755
1791123242,250,,Aggregated,124.600000,0.000000,6,8,11,13,19,27,64,150,520,640,680,15121,0,6,12.117267244789982,1.8307999707758427,683.8359000394121,4771.728853911778
1791123243,250,,Aggregated,124.600000,0.000000,6,8,11,13,19,27,63,150,520,640,680,15247,0,6,12.066071785110442,1.8307999707758427,683.8359000394121,4773.450449268708
1791123244,250,,Aggregated,125.000000,0.000000,6,8,11,13,19,27,62,150,520,640,680,15363,0,6,12.030183154810638,1.8307999707758427,683.8359000394121,4772.846319078305
1791123245,250,,Aggregated,124.200000,0.000000,6,8,11,13,19,27,61,150,520,640,680,15493,0,6,11.98636923823704,1.8307999707758427,683.8359000394121,4772.411088878848
1791123246,250,,Aggregated,124.800000,0.000000,6,8,11,13,19,27,61,150,520,640,680,15627,0,6,11.956455014258255,1.8307999707758427,683.8359000394121,4770.143789594932
1791123247,250,,Aggregated,123.800000,0.000000,6,8,11,13,19,27,60,150,520,640,680,15739,0,6,11.918847614734068,1.8307999707758427,683.8359000394121,4769.343541521062
1791123248,250,,Aggregated,123.600000,0.000000,6,8,11,13,18,26,60,150,520,640,680,15866,0,6,11.878997157954446,1.8307999707758427,683.8359000394121,4770.1557418378925
1791123249,250,,Aggregated,124.300000,0.000000,6,8,11,13,18,26,59,150,520,640,680,15992,0,6,11.83599649882707,1.8307999707758427,683.8359000394121,4770.702913956979
1791123250,250,,Aggregated,124.200000,0.000000,6,8,11,13,18,26,58,150,520,640,680,16123,0,6,11.798395547337805,1.8307999707758427,683.8359000394121,4772.1597717546365
1791123251,250,,Aggregated,124.800000,0.000000,6,8,11,13,18,26,58,150,520,640,680,16253,0,6,11.756885375590093,1.8307999707758427,683.8359000394121,4772.657170983818
1791123252,250,,Aggregated,126.000000,0.000000,6,8,11,13,18,26,58,140,520,640,680,16373,0,6,11.714068338706289,1.8307999707758427,683.8359000394121,4771.979173028767
1791123253,250,,Aggregated,124.400000,0.000000,6,8,11,13,18,26,58,140,520,640,680,16507,0,6,11.67096900767923,1.8307999707758427,683.8359000394121,4771.608408553947
1791123254,250,,Aggregated,124.400000,0.000000,6,8,11,12,18,26,57,140,520,640,680,16630,0,6,11.639592917039609,1.8307999707758427,683.8359000394121,4770.066867107636
1791123255,250,,Aggregated,126.000000,0.000000,6,8,11,12,18,26,57,140,520,640,680,16751,0,6,11.603504680964154,1.8307999707758427,683.8359000394121,4767.776490955764
1791123256,250,,Aggregated,124.800000,0.000000,6,8,11,12,18,26,57,140,520,640,680,16870,0,6,11.575089087811916,1.8307999707758427,683.8359000394121,4768.405216360403
1791123257,250,,Aggregated,125.600000,0.000000,5,8,11,12,18,25,56,140,520,640,680,16998,0,5,11.535664990643545,1.8307999707758427,683.8359000394121,4766.716849041064
1791123258,250,,Aggregated,124.400000,0.000000,5,8,11,12,18,25,56,140,510,640,680,17125,0,5,11.49665556848729,1.8307999707758427,683.8359000394121,4767.0939562043795
1791123259,250,,Aggregated,123.500000,0.000000,5,8,11,12,18,25,56,130,510,640,680,17247,0,5,11.462730185585094,1.8307999707758427,683.8359000394121,4763.704006493883
1791123260,250,,Aggregated,124.100000,0.000000,5,8,11,12,18,25,55,130,510,640,680,17383,0,5,11.420969211964994,1.8307999707758427,683.8359000394121,4762.957602255076
1791123261,250,,Aggregated,124.000000,0.000000,5,8,11,12,18,25,55,130,510,640,680,17497,0,5,11.403606738961713,1.8307999707758427,683.8359000394121,4763.048008229982
1791123262,250,,Aggregated,122.500000,0.000000,5,8,11,12,18,25,54,130,510,640,680,17622,0,5,11.368753496298403,1.8307999707758427,683.8359000394121,4762.013392350471
1791123263,250,,Aggregated,123.700000,0.000000,5,8,11,12,18,25,54,130,510,640,680,17757,0,5,11.336558034144538,1.8307999707758427,683.8359000394121,4761.4742355127555
1791123264,250,,Aggregated,124.400000,0.000000,5,8,11,12,18,25,54,130,510,640,680,17878,0,5,11.30200761896841,1.8307999707758427,683.8359000394121,4763.365700861394
1791123265,250,,Aggregated,122.700000,0.000000,5,8,11,12,18,25,53,130,500,640,680,18008,0,5,11.269286739879544,1.8307999707758427,683.8359000394121,4763.911483784985
1791123266,250,,Aggregated,124.500000,0.000000,5,8,11,12,18,25,53,130,500,640,680,18135,0,5,11.263360568658102,1.8307999707758427,683.8359000394121,4764.526992004411
1791123267,250,,Aggregated,124.900000,0.000000,5,8,11,12,18,25,52,130,500,640,680,18240,0,5,11.23384060927875,1.8307999707758427,683.8359000394121,4764.847861842105
1791123268,250,,Aggregated,125.100000,0.000000,5,8,11,12,18,25,52,130,500,640,680,18384,0,5,11.198915943983986,1.8307999707758427,683.8359000394121,4763.144745430809
1791123269,250,,Aggregated,124.300000,0.000000,5,8,11,12,18,25,51,130,500,640,680,18494,0,5,11.17747142392823,1.8307999707758427,683.8359000394121,4762.052503514654
1791123270,250,,Aggregated,124.900000,0.000000,5,8,11,12,18,25,51,130,500,640,680,18620,0,5,11.139195527087109,1.8307999707758427,683.8359000394121,4762.371428571429
1791123271,250,,Aggregated,125.000000,0.000000,5,8,10,12,17,25,51,130,500,640,680,18747,0,5,11.101202433105426,1.8307999707758427,683.8359000394121,4762.454846108711
1791123272,250,,Aggregated,124.100000,0.000000,5,8,10,12,17,25,50,130,500,640,680,18863,0,5,11.070757669175556,1.8307999707758427,683.8359000394121,4762.308752584425
1791123273,250,,Aggregated,124.300000,0.000000,5,8,10,12,18,25,50,120,500,640,680,18996,0,5,11.073256796877969,1.8307999707758427,683.8359000394121,4761.072594230364
1791123274,250,,Aggregated,123.100000,0.000000,5,8,10,12,17,25,50,120,500,640,680,19124,0,5,11.040720942933893,1.8307999707758427,683.8359000394121,4761.410688140556
1791123275,250,,Aggregated,124.700000,0.000000,5,8,10,12,17,25,49,120,500,640,680,19248,0,5,11.020347054883047,1.8307999707758427,683.8359000394121,4761.152171654197
1791123276,250,,Aggregated,124.100000,0.000000,5,8,10,12,18,25,48,120,500,640,680,19377,0,5,11.010203401605395,1.8307999707758427,683.8359000394121,4759.516849873561
1791123277,250,,Aggregated,122.400000,0.000000,5,8,10,12,17,24,48,120,500,640,680,19507,0,5,10.98443195325859,1.8307999707758427,683.8359000394121,4758.553852463218
1791123278,250,,Aggregated,123.900000,0.000000,5,8,10,12,17,24,47,120,500,640,680,19633,0,5,10.949175709873527,1.8307999707758427,683.8359000394121,4758.710232771355
1791123279,250,,Aggregated,124.800000,0.000000,5,8,10,12,17,24,47,120,500,640,680,19745,0,5,10.92303452069243,1.8307999707758427,683.8359000394121,4758.326259812611
1791123280,250,,Aggregated,123.700000,0.000000,5,8,10,12,17,24,47,120,500,640,680,19880,0,5,10.91104185671763,1.8307999707758427,683.8359000394121,4758.099849094568
1791123281,250,,Aggregated,123.300000,0.000000,5,8,10,12,17,24,47,120,500,640,680,19997,0,5,10.89221443274651,1.8307999707758427,683.8359000394121,4759.769465419813
1791123282,250,,Aggregated,124.300000,0.000000,5,8,10,12,17,24,46,120,490,590,680,20120,0,5,10.87193759997231,1.8307999707758427,683.8359000394121,4760.085039761431
1791123283,250,,Aggregated,124.600000,0.000000,5,8,10,12,17,24,46,120,490,590,680,20250,0,5,10.84210150676239,1.8307999707758427,683.8359000394121,4759.452395061729
1791123284,250,,Aggregated,124.500000,0.000000,5,8,10,12,17,24,46,120,490,590,680,20359,0,5,10.821776296074042,1.8307999707758427,683.8359000394121,4758.642369468049
1791123285,250,,Aggregated,124.100000,0.000000,5,8,10,12,17,24,45,110,490,590,680,20495,0,5,10.796174867599875,1.8307999707758427,683.8359000394121,4759.194730422054
1791123286,250,,Aggregated,123.500000,0.000000,5,8,10,12,17,24,45,110,490,590,680,20615,0,5,10.777666461928458,1.8307999707758427,683.8359000394121,4759.984816880912
1791123287,250,,Aggregated,123.300000,0.000000,5,8,10,12,17,24,44,110,490,590,680,20750,0,5,10.762465248815715,1.8307999707758427,683.8359000394121,4759.455469879518
1791123288,250,,Aggregated,124.000000,0.000000,5,8,10,12,17,24,44,110,490,590,680,20855,0,5,10.743717996299077,1.8307999707758427,683.8359000394121,4760.501462479022
1791123289,250,,Aggregated,123.400000,0.000000,5,8,10,12,17,24,44,110,490,590,680,20982,0,5,10.728001735471356,1.8307999707758427,683.8359000394121,4760.5074349442375
1791123290,250,,Aggregated,123.600000,0.000000,5,8,10,12,17,24,44,110,470,590,680,21111,0,5,10.6962987927383,1.8307999707758427,683.8359000394121,4761.653640282318
1791123291,250,,Aggregated,123.200000,0.000000,5,8,10,12,17,24,44,110,470,590,680,21244,0,5,10.670118396398797,1.8307999707758427,683.8359000394121,4761.902137073997
1791123292,250,,Aggregated,122.800000,0.000000,5,8,10,12,17,24,43,110,470,590,680,21360,0,5,10.661143230941201,1.8307999707758427,683.8359000394121,4761.757209737828
1791123293,250,,Aggregated,123.000000,0.000000,5,8,10,12,17,24,43,110,470,590,680,21490,0,5,10.631062792583332,1.8307999707758427,683.8359000394121,4761.19781293625
1791123294,250,,Aggregated,123.800000,0.000000,5,8,10,12,17,24,43,100,470,590,680,21611,0,5,10.618629203303868,1.8307999707758427,683.8359000394121,4760.745083522281
1791123295,250,,Aggregated,123.100000,0.000000,5,8,10,12,17,24,43,100,470,590,680,21735,0,5,10.596756733977948,1.8307999707758427,683.8359000394121,4759.655026455026
1791123296,250,,Aggregated,123.800000,0.000000,5,8,10,12,17,24,42,100,470,590,680,21872,0,5,10.573403470769984,1.8307999707758427,683.8359000394121,4757.773226042429
1791123297,250,,Aggregated,125.000000,0.000000,5,7,10,12,17,24,42,100,470,590,680,21984,0,5,10.545673349368442,1.8307999707758427,683.8359000394121,4757.09202147016
1791123298,250,,Aggregated,123.100000,0.000000,5,7,10,12,17,24,42,100,440,590,680,22117,0,5,10.534619854052732,1.8307999707758427,683.8359000394121,4756.316634263237
1791123299,250,,Aggregated,124.200000,0.000000,5,7,10,12,17,24,42,100,440,590,680,22226,0,5,10.518698682276936,1.8307999707758427,683.8359000394121,4757.543777557815
1791123300,250,,Aggregated,123.200000,0.000000,5,7,10,12,17,24,41,100,440,590,680,22359,0,5,10.51491937531286,1.8307999707758427,683.8359000394121,4758.89780401628
1791123301,250,,Aggregated,125.000000,0.000000,5,7,10,12,17,24,41,100,440,590,680,22491,0,5,10.504186653002389,1.8307999707758427,683.8359000394121,4758.940465074919
1791123302,250,,Aggregated,124.700000,0.000000,5,7,10,12,17,24,41,99,440,590,680,22616,0,5,10.491572055726571,1.8307999707758427,683.8359000394121,4759.405597806863
1791123303,250,,Aggregated,123.700000,0.000000,5,7,10,12,17,24,41,99,440,590,680,22739,0,5,10.470810603505464,1.8307999707758427,683.8359000394121,4758.204186639694
1791123304,250,,Aggregated,124.100000,0.000000,5,7,10,12,17,24,42,99,440,590,680,22873,0,5,10.479569973888497,1.8307999707758427,683.8359000394121,4757.9857036680805
1791123305,250,,Aggregated,124.400000,0.000000,5,7,10,12,17,24,41,98,440,590,680,22987,0,5,10.472528120757994,1.8307999707758427,683.8359000394121,4759.53665115065
1791123306,250,,Aggregated,123.000000,0.000000,5,7,10,12,17,24,41,96,430,590,680,23109,0,5,10.451402692115785,1.8307999707758427,683.8359000394121,4760.605651477779
1791123307,250,,Aggregated,124.900000,0.000000,5,7,10,12,17,24,41,95,430,590,680,23236,0,5,10.429341311400476,1.8307999707758427,683.8359000394121,4761.170166982269
1791123308,250,,Aggregated,124.800000,0.000000,5,7,10,12,17,24,41,95,430,590,680,23361,0,5,10.418717666718644,1.8307999707758427,683.8359000394121,4761.3880398955525
1791123309,250,,Aggregated,124.000000,0.000000,5,7,10,12,17,24,41,94,430,590,680,23483,0,5,10.405758642948669,1.8307999707758427,683.8359000394121,4760.086871353746
1791123310,250,,Aggregated,124.600000,0.000000,5,7,10,12,17,24,41,93,430,590,680,23612,0,5,10.382430506187198,1.8307999707758427,683.8359000394121,4760.322293748941
1791123311,250,,Aggregated,123.600000,0.000000,5,7,10,12,17,24,41,91,430,590,680,23733,0,5,10.363628488246974,1.8307999707758427,683.8359000394121,4759.889605191084
1791123312,250,,Aggregated,124.400000,0.000000,5,7,10,12,17,23,40,91,430,590,680,23849,0,5,10.343241151065728,1.8307999707758427,683.8359000394121,4758.520147595287
1791123313,250,,Aggregated,124.300000,0.000000,5,7,10,12,17,23,40,91,430,590,680,23983,0,5,10.322697240193795,1.8307999707758427,683.8359000394121,4758.106116832757
1791123314,250,,Aggregated,123.600000,0.000000,5,7,10,12,17,23,40,91,430,590,680,24101,0,5,10.300736488583679,1.8307999707758427,683.8359000394121,4757.127837019211
1791123315,250,,Aggregated,124.200000,0.000000,5,7,10,12,17,23,40,90,430,590,680,24228,0,5,10.277862882226653,1.8307999707758427,683.8359000394121,4757.466650156844
1791123316,250,,Aggregated,124.500000,0.000000,5,7,10,12,17,23,40,90,430,590,680,24349,0,5,10.256207906297208,1.8307999707758427,683.8359000394121,4759.242679370816
1791123317,250,,Aggregated,121.400000,0.000000,5,7,10,12,17,23,40,90,430,590,680,24468,0,5,10.237789979138952,1.8307999707758427,683.8359000394121,4759.664214484224
1791123318,250,,Aggregated,123.300000,0.000000,5,7,10,12,17,23,40,88,430,590,680,24609,0,5,10.212791714752534,1.8307999707758427,683.8359000394121,4757.657320492503
1791123319,250,,Aggregated,122.600000,0.000000,5,7,10,12,17,23,40,87,430,590,680,24715,0,5,10.201283759195768,1.8307999707758427,683.8359000394121,4757.355371232045
1791123320,250,,Aggregated,122.700000,0.000000,5,7,10,12,17,23,39,87,430,590,680,24851,0,5,10.180056279759462,1.8307999707758427,683.8359000394121,4757.614824353145
1791123321,250,,Aggregated,123.500000,0.000000,5,7,10,12,17,23,39,85,430,590,680,24965,0,5,10.161982283512668,1.8307999707758427,683.8359000394121,4757.764870819146
1791123322,250,,Aggregated,122.500000,0.000000,5,7,10,12,17,23,39,85,420,590,680,25097,0,5,10.147096358441189,1.8307999707758427,683.8359000394121,4758.42630593298
1791123323,250,,Aggregated,123.400000,0.000000,5,7,10,12,17,23,39,83,420,590,680,25225,0,5,10.130165217391689,1.8307999707758427,683.8359000394121,4757.966739345887
1791123324,250,,Aggregated,123.000000,0.000000,5,7,10,12,17,23,38,82,420,590,680,25345,0,5,10.107357502815935,1.8307999707758427,683.8359000394121,4758.210337344644
1791123325,250,,Aggregated,122.900000,0.000000,5,7,10,12,17,23,38,82,420,590,680,25472,0,5,10.09286330514698,1.8307999707758427,683.8359000394121,4757.981980213568
1791123326,250,,Aggregated,124.200000,0.000000,5,7,10,12,17,23,38,82,420,590,680,25605,0,5,10.072833521146487,1.8307999707758427,683.8359000394121,4757.472173403632
1791123327,250,,Aggregated,124.600000,0.000000,5,7,10,12,17,23,38,81,420,590,680,25716,0,5,10.058122713805151,1.8307999707758427,683.8359000394121,4757.522165188987
1791123328,250,,Aggregated,123.400000,0.000000,5,7,10,12,17,23,38,81,420,590,680,25859,0,5,10.033758544758026,1.8307999707758427,683.8359000394121,4758.108279515836
1791123329,250,,Aggregated,124.900000,0.000000,5,7,10,12,17,23,38,81,420,590,680,25974,0,5,10.018821009856785,1.8307999707758427,683.8359000394121,4756.894586894587
1791123330,250,,Aggregated,123.400000,0.000000,5,7,10,12,17,23,38,81,420,590,680,26099,0,5,9.996976516718899,1.8307999707758427,683.8359000394121,4757.713858768535
1791123331,250,,Aggregated,124.900000,0.000000,5,7,10,12,17,23,37,80,420,590,680,26239,0,5,9.979437917216867,1.8307999707758427,683.8359000394121,4759.544418613515
1791123332,250,,Aggregated,124.500000,0.000000,5,7,10,12,17,23,37,80,420,590,680,26354,0,5,9.963193083032458,1.8307999707758427,683.8359000394121,4759.032822341959
1791123333,250,,Aggregated,124.000000,0.000000,5,7,10,12,17,23,37,79,420,590,680,26487,0,5,9.946142670376702,1.8307999707758427,683.8359000394121,4759.786310265413
1791123334,250,,Aggregated,126.300000,0.000000,5,7,10,12,17,23,37,79,420,590,680,26601,0,5,9.932251148832144,1.8307999707758427,683.8359000394121,4759.586293748355
1791123335,250,,Aggregated,124.500000,0.000000,5,7,10,12,17,23,37,79,420,590,680,26724,0,5,9.91874145002948,1.8307999707758427,683.8359000394121,4759.862071546176
1791123336,250,,Aggregated,124.500000,0.000000,5,7,10,12,16,23,37,79,420,590,680,26843,0,5,9.90259327611282,1.8307999707758427,683.8359000394121,4761.077487613158
1791123337,250,,Aggregated,123.800000,0.000000,5,7,10,12,16,22,37,78,420,590,680,26979,0,5,9.883784569866766,1.8307999707758427,683.8359000394121,4760.497312724712
1791123339,250,,Aggregated,124.500000,0.000000,5,7,10,12,16,22,37,77,420,590,680,27104,0,5,9.864738260391118,1.8307999707758427,683.8359000394121,4760.478231995277
1791123340,250,,Aggregated,122.800000,0.000000,5,7,10,12,16,22,37,77,420,590,680,27222,0,5,9.848918217213205,1.8307999707758427,683.8359000394121,4759.237161119682
1791123341,250,,Aggregated,123.500000,0.000000,5,7,10,12,16,22,37,77,420,590,680,27360,0,5,9.830237456476718,1.8307999707758427,683.8359000394121,4759.614583333333
1791123342,250,,Aggregated,124.100000,0.000000,5,7,10,12,16,22,36,77,420,590,680,27471,0,5,9.823392792716062,1.8307999707758427,683.8359000394121,4758.607003749408
1791123343,250,,Aggregated,125.000000,0.000000,5,7,10,12,16,22,36,75,420,590,680,27604,0,5,9.806366758715603,1.8307999707758427,683.8359000394121,4758.414976090422
1791123344,250,,Aggregated,122.300000,0.000000,5,7,10,12,16,22,36,74,420,590,680,27725,0,5,9.791567307754988,1.8307999707758427,683.8359000394121,4758.393543733093
1791123345,250,,Aggregated,124.300000,0.000000,5,7,10,12,16,22,36,74,420,590,680,27857,0,5,9.781744739471474,1.8307999707758427,683.8359000394121,4756.099723588326
1791123346,250,,Aggregated,123.200000,0.000000,5,7,10,12,16,22,36,74,420,590,680,27978,0,5,9.818964021993963,1.8307999707758427,683.8359000394121,4756.585317034813
1791123347,250,,Aggregated,125.400000,0.000000,5,7,10,12,17,23,37,73,410,590,680,28099,0,5,9.836997743937099,1.8307999707758427,683.8359000394121,4757.448806007331
1791123348,250,,Aggregated,124.500000,0.000000,5,7,10,12,17,23,36,73,410,590,680,28219,0,5,9.828792951814856,1.8307999707758427,683.8359000394121,4756.571671568801
1791123349,250,,Aggregated,124.900000,0.000000,5,7,10,12,17,22,36,73,410,590,680,28349,0,5,9.809735130229313,1.8307999707758427,683.8359000394121,4756.86105329994
1791123350,250,,Aggregated,123.500000,0.000000,5,7,10,12,16,22,36,72,410,590,680,28483,0,5,9.790654106174056,1.8307999707758427,683.8359000394121,4756.68725204508
1791123351,250,,Aggregated,123.700000,0.000000,5,7,10,12,16,22,36,71,410,590,680,28604,0,5,9.777239554165039,1.8307999707758427,683.8359000394121,4755.811529855964
1791123352,250,,Aggregated,125.600000,0.000000,5,7,10,12,16,22,36,71,410,590,680,28725,0,5,9.75694497155627,1.8307999707758427,683.8359000394121,4756.998154917319
1791123353,250,,Aggregated,124.100000,0.000000,5,7,10,12,16,22,36,71,410,590,680,28851,0,5,9.741909528552853,1.8307999707758427,683.8359000394121,4758.374371772209
1791123354,250,,Aggregated,124.600000,0.000000,5,7,10,12,16,22,36,71,410,590,680,28976,0,5,9.751146003852355,1.8307999707758427,683.8359000394121,4758.919519602429
1791123355,250,,Aggregated,124.500000,0.000000,5,7,10,12,16,22,36,69,410,590,680,29097,0,5,9.737956765551179,1.8307999707758427,683.8359000394121,4758.903220263257
1791123356,250,,Aggregated,124.200000,0.000000,5,7,10,12,16,22,36,69,410,590,680,29230,0,5,9.722977194902743,1.8307999707758427,683.8359000394121,4759.560656859391
1791123357,250,,Aggregated,123.300000,0.000000,5,7,10,12,16,22,36,68,410,590,680,29353,0,5,9.707876571644764,1.8307999707758427,683.8359000394121,4760.6947501107215
1791123358,250,,Aggregated,123.700000,0.000000,5,7,10,12,16,22,36,68,410,590,680,29465,0,5,9.693348773360194,1.8307999707758427,683.8359000394121,4761.643101985406
1791123359,250,,Aggregated,124.400000,0.000000,5,7,10,12,16,22,36,68,410,590,680,29596,0,5,9.674398151992364,1.8307999707758427,683.8359000394121,4762.364103257197
1791123360,250,,Aggregated,123.500000,0.000000,5,7,10,12,16,22,36,68,410,590,680,29715,0,5,9.660394205118639,1.8307999707758427,683.8359000394121,4762.547030119468
1791123361,250,,Aggregated,123.800000,0.000000,5,7,10,12,16,22,35,67,410,590,680,29839,0,5,9.652448500435542,1.8307999707758427,683.8359000394121,4763.058715104394
1791123362,250,,Aggregated,122.000000,0.000000,5,7,10,12,16,22,35,67,410,590,680,29981,0,5,9.652235399253268,1.8307999707758427,683.8359000394121,4761.665521496948
1791123363,250,,Aggregated,122.800000,0.000000,5,7,10,12,16,22,35,67,410,590,680,30094,0,5,9.640429085707316,1.8307999707758427,683.8359000394121,4761.934804279923
1791123364,250,,Aggregated,124.600000,0.000000,5,7,10,12,16,22,35,66,410,590,680,30217,0,5,9.634554128655209,1.8307999707758427,683.8359000394121,4761.895720951782
1791123365,250,,Aggregated,123.100000,0.000000,5,7,10,12,16,22,35,66,410,590,680,30340,0,5,9.620924357493822,1.8307999707758427,683.8359000394121,4761.991891891892
1791123366,250,,Aggregated,123.800000,0.000000,5,7,10,12,16,22,35,65,410,590,680,30471,0,5,9.608477014400885,1.8307999707758427,683.8359000394121,4762.007154343474
1791123367,250,,Aggregated,123.300000,0.000000,5,7,10,12,16,22,35,65,410,590,680,30592,0,5,9.62649775124667,1.8307999707758427,683.8359000394121,4761.8525758368205
1791123368,250,,Aggregated,124.700000,0.000000,5,7,10,12,16,22,35,65,410,590,680,30711,0,5,9.626593894897375,1.8307999707758427,683.8359000394121,4761.62042916219
1791123369,250,,Aggregated,123.200000,0.000000,5,7,10,12,16,22,35,65,410,590,680,30843,0,5,9.62354840988,1.8307999707758427,683.8359000394121,4761.405797101449
1791123370,250,,Aggregated,123.900000,0.000000,5,7,10,12,16,22,35,64,410,590,680,30959,0,5,9.609726945540192,1.8307999707758427,683.8359000394121,4761.3337640104655
1791123371,250,,Aggregated,124.000000,0.000000,5,7,10,12,16,22,35,64,400,590,680,31082,0,5,9.601359787256348,1.8307999707758427,683.8359000394121,4761.51885335564
1791123372,250,,Aggregated,124.400000,0.000000,5,7,10,12,16,22,35,63,400,590,680,31223,0,5,9.586418525057837,1.8307999707758427,683.8359000394121,4761.643435928642
1791123373,250,,Aggregated,123.900000,0.000000,5,7,10,12,16,22,35,62,400,590,680,31346,0,5,9.571657998057196,1.8307999707758427,683.8359000394121,4761.520991514069
1791123374,250,,Aggregated,123.200000,0.000000,5,7,10,12,16,22,34,62,400,590,680,31461,0,5,9.565561555817178,1.8307999707758427,683.8359000394121,4762.018753377197
1791123375,250,,Aggregated,124.300000,0.000000,5,7,10,12,16,22,34,62,400,590,680,31587,0,5,9.553035907417117,1.8307999707758427,683.8359000394121,4762.545540887074
1791123376,250,,Aggregated,123.500000,0.000000,5,7,10,12,16,22,34,62,400,590,680,31708,0,5,9.53887865545609,1.8307999707758427,683.8359000394121,4761.920840166519
1791123377,250,,Aggregated,123.800000,0.000000,5,7,10,12,16,22,34,61,400,590,680,31842,0,5,9.525530569916919,1.8307999707758427,683.8359000394121,4762.444098988757
1791123378,250,,Aggregated,121.300000,0.000000,5,7,10,12,16,22,34,61,400,590,680,31961,0,5,9.516589941079209,1.8307999707758427,683.8359000394121,4761.762116329276
1791123379,250,,Aggregated,123.200000,0.000000,5,7,10,11,16,22,34,61,390,590,680,32086,0,5,9.504189911693322,1.8307999707758427,683.8359000394121,4761.590101601945
1791123380,250,,Aggregated,125.000000,0.000000,5,7,10,12,16,22,34,61,390,590,680,32224,0,5,9.510021270042072,1.8307999707758427,683.8359000394121,4761.397095332672
1791123381,250,,Aggregated,123.500000,0.000000,5,7,10,11,16,22,34,61,390,590,680,32349,0,5,9.497111187524167,1.8307999707758427,683.8359000394121,4761.251290611765
1791123382,250,,Aggregated,124.100000,0.000000,5,7,10,11,16,22,34,61,390,590,680,32480,0,5,9.484707025984981,1.8307999707758427,683.8359000394121,4762.086915024631
1791123383,250,,Aggregated,125.000000,0.000000,5,7,10,11,16,22,34,61,390,590,680,32600,0,5,9.476512653540329,1.8307999707758427,683.8359000394121,4763.017085889571
1791123384,250,,Aggregated,124.200000,0.000000,5,7,10,11,16,22,34,61,390,590,680,32740,0,5,9.463220834003126,1.8307999707758427,683.8359000394121,4763.8636835675015
1791123385,250,,Aggregated,125.500000,0.000000,5,7,10,11,16,22,33,60,390,590,680,32855,0,5,9.454663683007084,1.8307999707758427,683.8359000394121,4763.823131943388
1791123386,250,,Aggregated,126.400000,0.000000,5,7,10,11,16,22,33,60,390,590,680,32967,0,5,9.446427818895911,1.8307999707758427,683.8359000394121,4763.81708981709
1791123387,250,,Aggregated,125.700000,0.000000,5,7,10,11,16,22,33,60,390,590,680,33108,0,5,9.43571817100539,1.8307999707758427,683.8359000394121,4765.065784704603
1791123388,250,,Aggregated,126.500000,0.000000,5,7,10,11,16,22,33,60,390,590,680,33237,0,5,9.424513063919228,1.8307999707758427,683.8359000394121,4764.957697746488
1791123389,250,,Aggregated,127.000000,0.000000,5,7,10,11,16,22,33,60,390,590,680,33358,0,5,9.413241792239997,1.8307999707758427,683.8359000394121,4764.1812458780505
1791123390,250,,Aggregated,126.400000,0.000000,5,7,10,11,16,22,33,60,390,590,680,33481,0,5,9.402262190671204,1.8307999707758427,683.8359000394121,4763.509333651922
1791123391,250,,Aggregated,126.700000,0.000000,5,7,10,11,16,22,33,59,390,590,680,33607,0,5,9.388661642096384,1.8307999707758427,683.8359000394121,4763.11762430446
1791123392,250,,Aggregated,125.600000,0.000000,5,7,10,11,16,22,33,59,390,590,680,33737,0,5,9.37941000698248,1.8307999707758427,683.8359000394121,4761.9614369979545
1791123393,250,,Aggregated,125.800000,0.000000,5,7,10,11,16,22,33,59,390,590,680,33866,0,5,9.37267544457747,1.8307999707758427,683.8359000394121,4762.8502037441685
1791123394,250,,Aggregated,124.800000,0.000000,5,7,10,11,16,22,33,59,390,590,680,33985,0,5,9.364411622967241,1.8307999707758427,683.8359000394121,4763.097925555392
1791123395,250,,Aggregated,124.500000,0.000000,5,7,10,11,16,22,33,58,390,590,680,34114,0,5,9.354923439249736,1.8307999707758427,683.8359000394121,4762.563756815383
1791123396,250,,Aggregated,124.000000,0.000000,5,7,10,11,16,22,33,58,390,590,680,34231,0,5,9.348811574497184,1.8307999707758427,683.8359000394121,4761.922467938419
1791123397,250,,Aggregated,126.000000,0.000000,5,7,10,11,16,22,33,58,390,590,680,34362,0,5,9.343964155329953,1.8307999707758427,683.8359000394121,4761.663785577091
1791123398,250,,Aggregated,125.900000,0.000000,5,7,10,11,16,22,33,58,390,590,680,34489,0,5,9.337657218394861,1.8307999707758427,683.8359000394121,4761.403606947142
1791123399,250,,Aggregated,125.100000,0.000000,5,7,10,11,16,22,33,58,390,590,680,34616,0,5,9.334952262126528,1.8307999707758427,683.8359000394121,4760.765570834296
1791123400,250,,Aggregated,123.700000,0.000000,5,7,10,11,16,22,33,58,390,590,680,34733,0,5,9.323919595369647,1.8307999707758427,683.8359000394121,4761.569832723922
1791123401,250,,Aggregated,124.400000,0.000000,5,7,9,11,16,22,33,58,390,590,680,34864,0,5,9.30976101725806,1.8307999707758427,683.8359000394121,4761.040069986232
1791123402,250,,Aggregated,125.200000,0.000000,5,7,9,11,16,22,33,57,390,590,680,34984,0,5,9.299491610620121,1.8307999707758427,683.8359000394121,4759.151183398125
1791123403,250,,Aggregated,124.600000,0.000000,5,7,10,11,16,22,33,57,390,590,680,35112,0,5,9.301084541072546,1.8307999707758427,683.8359000394121,4759.55562200957
1791123404,250,,Aggregated,125.700000,0.000000,5,7,9,11,16,21,33,57,390,590,680,35229,0,5,9.293367075587517,1.8307999707758427,683.8359000394121,4758.16279201794
1791123405,250,,Aggregated,124.600000,0.000000,5,7,9,11,16,21,33,57,390,590,680,35363,0,5,9.281721443497993,1.8307999707758427,683.8359000394121,4758.376438650567
1791123406,250,,Aggregated,124.800000,0.000000,5,7,9,11,16,21,33,57,390,590,680,35485,0,5,9.272761581131235,1.8307999707758427,683.8359000394121,4758.710920107087
1791123407,250,,Aggregated,123.100000,0.000000,5,7,9,11,16,21,32,57,390,590,680,35599,0,5,9.264335048910496,1.8307999707758427,683.8359000394121,4759.257310598612
1791123408,250,,Aggregated,123.700000,0.000000,5,7,9,11,16,21,32,56,390,590,680,35725,0,5,9.254916005756803,1.8307999707758427,683.8359000394121,4759.583428971308
1791123409,250,,Aggregated,122.900000,0.000000,5,7,9,11,16,21,32,56,390,590,680,35849,0,5,9.249862191590127,1.8307999707758427,683.8359000394121,4760.400457474407
1791123410,250,,Aggregated,123.900000,0.000000,5,7,9,11,16,21,32,56,390,590,680,35976,0,5,9.242656807481097,1.8307999707758427,683.8359000394121,4759.818406715588
1791123411,250,,Aggregated,123.500000,0.000000,5,7,9,11,16,21,32,56,380,590,680,36097,0,5,9.232330897485092,1.8307999707758427,683.8359000394121,4759.949774219464
1791123412,250,,Aggregated,123.300000,0.000000,5,7,9,11,16,21,32,56,380,590,680,36227,0,5,9.227851743343253,1.8307999707758427,683.8359000394121,4759.769288100036
1791123413,250,,Aggregated,123.400000,0.000000,5,7,9,11,16,21,32,56,380,590,680,36358,0,5,9.2153829887917,1.8307999707758427,683.8359000394121,4760.0465647175315
1791123414,250,,Aggregated,123.300000,0.000000,5,7,9,11,16,21,32,56,380,590,680,36470,0,5,9.208109956315134,1.8307999707758427,683.8359000394121,4760.623745544283
1791123415,250,,Aggregated,123.200000,0.000000,5,7,9,11,16,21,32,56,380,590,680,36613,0,5,9.191889921795937,1.8307999707758427,683.8359000394121,4761.140305356021
1791123416,250,,Aggregated,123.400000,0.000000,5,7,9,11,16,21,32,55,380,590,680,36724,0,5,9.18552300147768,1.8307999707758427,683.8359000394121,4761.623298115674
1791123417,250,,Aggregated,124.100000,0.000000,5,7,9,11,16,21,32,55,380,590,680,36855,0,5,9.175422827482224,1.8307999707758427,683.8359000394121,4761.082322615656
1791123418,250,,Aggregated,125.300000,0.000000,5,7,9,11,16,21,32,55,380,590,680,36977,0,5,9.168026278684746,1.8307999707758427,683.8359000394121,4760.029964572572
1791123419,250,,Aggregated,124.500000,0.000000,5,7,9,11,16,21,32,55,380,590,680,37100,0,5,9.159844345196635,1.8307999707758427,683.8359000394121,4760.17283018868
1791123420,250,,Aggregated,124.500000,0.000000,5,7,9,11,16,21,32,55,380,590,680,37224,0,5,9.154406802254229,1.8307999707758427,683.8359000394121,4759.512706855792
1791123421,250,,Aggregated,123.900000,0.000000,5,7,9,11,16,21,32,55,380,590,680,37344,0,5,9.147524480698616,1.8307999707758427,683.8359000394121,4759.657214010283
1791123422,250,,Aggregated,125.000000,0.000000,5,7,9,11,16,21,32,55,380,590,680,37460,0,5,9.141940995914094,1.8307999707758427,683.8359000394121,4759.960090763481
1791123423,250,,Aggregated,123.000000,0.000000,5,7,9,11,16,21,32,54,380,590,680,37590,0,5,9.132980670574677,1.8307999707758427,683.8359000394121,4760.212210694333
1791123424,250,,Aggregated,123.600000,0.000000,5,7,9,11,16,21,32,54,380,590,680,37731,0,5,9.124573223780914,1.8307999707758427,683.8359000394121,4760.041795870769
1791123425,250,,Aggregated,123.400000,0.000000,5,7,9,11,16,21,32,54,380,590,680,37856,0,5,9.114622902788259,1.8307999707758427,683.8359000394121,4758.913620033813
1791123426,250,,Aggregated,124.000000,0.000000,5,7,9,11,16,21,32,54,380,590,680,37972,0,5,9.107638992100904,1.8307999707758427,683.8359000394121,4758.691377857369
1791123427,250,,Aggregated,122.400000,0.000000,5,7,9,11,16,21,32,54,370,590,680,38101,0,5,9.096489501815038,1.8307999707758427,683.8359000394121,4759.326579354873
1791123428,250,,Aggregated,122.000000,0.000000,5,7,9,11,16,21,32,54,370,590,680,38236,0,5,9.09588754335586,1.8307999707758427,683.8359000394121,4758.676090595251
1791123429,250,,Aggregated,123.000000,0.000000,5,7,9,11,16,21,32,53,370,590,680,38365,0,5,9.0881173285063,1.8307999707758427,683.8359000394121,4758.508614622703
1791123430,250,,Aggregated,124.500000,0.000000,5,7,9,11,16,21,32,53,370,590,680,38495,0,5,9.082606640026958,1.8307999707758427,683.8359000394121,4758.5499935056505
1791123431,250,,Aggregated,123.800000,0.000000,5,7,9,11,16,21,32,53,370,590,680,38605,0,5,9.074465846575304,1.8307999707758427,683.8359000394121,4758.636990027198
1791123432,250,,Aggregated,124.400000,0.000000,5,7,9,11,16,21,31,53,370,590,680,38743,0,5,9.06588654743215,1.8307999707758427,683.8359000394121,4759.104173657177
1791123433,250,,Aggregated,126.200000,0.000000,5,7,9,11,16,21,31,53,370,590,680,38857,0,5,9.06362787676747,1.8307999707758427,683.8359000394121,4758.636925135755
1791123434,250,,Aggregated,126.000000,0.000000,5,7,9,11,16,21,31,52,370,590,680,38992,0,5,9.057046317372135,1.8307999707758427,683.8359000394121,4759.410237997538
1791123435,250,,Aggregated,125.800000,0.000000,5,7,9,11,16,21,31,52,360,590,680,39108,0,5,9.047927552101346,1.8307999707758427,683.8359000394121,4759.523703590058
1791123436,250,,Aggregated,124.500000,0.000000,5,7,9,11,16,21,31,52,360,590,680,39228,0,5,9.04834667602875,1.8307999707758427,683.8359000394121,4758.671433669828
1791123437,250,,Aggregated,126.800000,0.000000,5,7,9,11,16,21,31,52,360,590,680,39364,0,5,9.039879699925821,1.8307999707758427,683.8359000394121,4759.340056904786
1791123438,250,,Aggregated,125.500000,0.000000,5,7,9,11,16,21,31,51,360,590,680,39480,0,5,9.030146393304541,1.8307999707758427,683.8359000394121,4759.521428571428
1791123439,250,,Aggregated,125.500000,0.000000,5,7,9,11,16,21,31,51,360,590,680,39619,0,5,9.021169004968241,1.8307999707758427,683.8359000394121,4758.803503369595
1791123440,250,,Aggregated,124.200000,0.000000,5,7,9,11,16,21,31,51,360,590,680,39747,0,5,9.014218077051963,1.8307999707758427,683.8359000394121,4757.563136840517
1791123441,250,,Aggregated,124.500000,0.000000,5,7,9,11,16,21,31,51,360,590,680,39880,0,5,9.004390208349411,1.8307999707758427,683.8359000394121,4757.712487462387
1791123442,250,,Aggregated,124.400000,0.000000,5,7,9,11,16,21,31,51,360,590,680,39999,0,5,8.997965534378896,1.8307999707758427,683.8359000394121,4757.36765919148
1791123443,250,,Aggregated,125.100000,0.000000,5,7,9,11,16,21,31,51,350,590,680,40119,0,5,8.989365542746217,1.8307999707758427,683.8359000394121,4756.91983848052
1791123444,250,,Aggregated,124.900000,0.000000,5,7,9,11,16,21,31,50,350,590,680,40256,0,5,8.979342838561363,1.8307999707758427,683.8359000394121,4757.067716613673
1791123445,250,,Aggregated,125.400000,0.000000,5,7,9,11,16,21,31,50,350,590,680,40377,0,5,8.973806575736331,1.8307999707758427,683.8359000394121,4757.092305025138
1791123446,250,,Aggregated,125.700000,0.000000,5,7,9,11,16,21,31,50,350,590,680,40509,0,5,8.965728779007119,1.8307999707758427,683.8359000394121,4757.5893505147005
1791123447,250,,Aggregated,125.400000,0.000000,5,7,9,11,16,21,31,50,350,590,680,40631,0,5,8.957569107535303,1.8307999707758427,683.8359000394121,4756.80214614457
1791123448,250,,Aggregated,126.100000,0.000000,5,7,9,11,16,21,31,50,350,590,680,40752,0,5,8.951307771600195,1.8307999707758427,683.8359000394121,4756.493963486455
1791123449,250,,Aggregated,126.600000,0.000000,5,7,9,11,16,21,31,50,350,590,680,40875,0,5,8.942849678463027,1.8307999707758427,683.8359000394121,4756.470556574924
1791123450,250,,Aggregated,125.400000,0.000000,5,7,9,11,16,21,31,49,350,590,680,41006,0,5,8.936160235266668,1.8307999707758427,683.8359000394121,4756.708871872409
1791123451,250,,Aggregated,126.600000,0.000000,5,7,9,11,16,21,31,49,350,590,680,41131,0,5,8.924884724580341,1.8307999707758427,683.8359000394121,4756.894556417301
1791123452,250,,Aggregated,125.300000,0.000000,5,7,9,11,16,21,31,49,350,590,680,41259,0,5,8.91692585392369,1.8307999707758427,683.8359000394121,4756.447199398919
1791123453,250,,Aggregated,125.300000,0.000000,5,7,9,11,16,21,31,49,350,590,680,41382,0,5,8.908198987647422,1.8307999707758427,683.8359000394121,4756.439466434682
1791123454,250,,Aggregated,124.800000,0.000000,5,7,9,11,16,21,31,50,350,590,680,41515,0,5,8.91338738783717,1.8307999707758427,683.8359000394121,4755.9095507647835
1791123455,250,,Aggregated,125.600000,0.000000,5,7,9,11,16,21,31,50,350,590,680,41649,0,5,8.908900547552365,1.8307999707758427,683.8359000394121,4756.066868352182
1791123456,250,,Aggregated,125.300000,0.000000,5,7,9,11,16,21,31,50,350,590,680,41772,0,5,8.909040465030278,1.8307999707758427,683.8359000394121,4755.696136167768
1791123457,250,,Aggregated,125.100000,0.000000,5,7,9,11,16,21,31,50,350,590,680,41891,0,5,8.900665372168186,1.8307999707758427,683.8359000394121,4755.390823804636
1791123458,250,,Aggregated,125.500000,0.000000,5,7,9,11,16,21,31,50,350,590,680,42016,0,5,8.893109855885948,1.8307999707758427,683.8359000394121,4755.579207920792
1791123459,250,,Aggregated,124.800000,0.000000,5,7,9,11,16,21,31,49,350,590,680,42141,0,5,8.884097033893623,1.8307999707758427,683.8359000394121,4756.32616691583
1791123460,250,,Aggregated,125.400000,0.000000,5,7,9,11,16,21,31,49,350,590,680,42266,0,5,8.877280256123829,1.8307999707758427,683.8359000394121,4755.5263332229215
1791123461,250,,Aggregated,126.200000,0.000000,5,7,9,11,16,21,31,49,350,590,680,42389,0,5,8.871067512929434,1.8307999707758427,683.8359000394121,4755.562126966902
1791123462,250,,Aggregated,125.100000,0.000000,5,7,9,11,16,21,31,49,350,590,680,42509,0,5,8.86578493979032,1.8307999707758427,683.8359000394121,4755.757486649886
1791123463,250,,Aggregated,124.100000,0.000000,5,7,9,11,16,21,31,49,350,590,680,42640,0,5,8.859371416628715,1.8307999707758427,683.8359000394121,4755.731519699812
1791123464,250,,Aggregated,125.200000,0.000000,5,7,9,11,16,21,31,48,350,590,680,42760,0,5,8.854890640911501,1.8307999707758427,683.8359000394121,4755.573058933583
1791123465,250,,Aggregated,123.200000,0.000000,5,7,9,11,16,21,31,48,350,590,680,42878,0,5,8.856516488754307,1.8307999707758427,683.8359000394121,4755.992397033444
1791123466,250,,Aggregated,124.200000,0.000000,5,7,9,11,16,21,31,48,350,590,680,43007,0,5,8.850834573552739,1.8307999707758427,683.8359000394121,4756.564977794313
1791123467,250,,Aggregated,124.800000,0.000000,5,7,9,11,15,21,30,48,350,590,680,43137,0,5,8.843120518491114,1.8307999707758427,683.8359000394121,4755.928993671327
1791123468,250,,Aggregated,122.500000,0.000000,5,7,9,11,15,21,30,48,350,590,680,43258,0,5,8.835385619001897,1.8307999707758427,683.8359000394121,4755.95235563364
1791123469,250,,Aggregated,123.100000,0.000000,5,7,9,11,15,21,30,48,350,590,680,43378,0,5,8.83502739191698,1.8307999707758427,683.8359000394121,4755.709852920835
1791123470,250,,Aggregated,124.300000,0.000000,5,7,9,11,15,21,30,48,350,590,680,43505,0,5,8.829389557662726,1.8307999707758427,683.8359000394121,4755.997586484312
1791123471,250,,Aggregated,122.500000,0.000000,5,7,9,11,15,21,30,47,350,590,680,43634,0,5,8.825618620953389,1.8307999707758427,683.8359000394121,4756.189874868222
1791123472,250,,Aggregated,122.600000,0.000000,5,7,9,11,15,21,30,47,350,590,680,43751,0,5,8.821541226636253,1.8307999707758427,683.8359000394121,4755.708440949921
1791123473,250,,Aggregated,123.100000,0.000000,5,7,9,11,15,21,30,47,350,590,680,43873,0,5,8.815545857511507,1.8307999707758427,683.8359000394121,4755.351582978142
1791123474,250,,Aggregated,123.200000,0.000000,5,7,9,11,15,21,30,47,340,590,680,44018,0,5,8.804717290775262,1.8307999707758427,683.8359000394121,4755.812417647326
1791123475,250,,Aggregated,123.500000,0.000000,5,7,9,11,15,20,30,47,340,590,680,44129,0,5,8.800860577052294,1.8307999707758427,683.8359000394121,4755.719934736794
1791123476,250,,Aggregated,122.700000,0.000000,5,7,9,11,15,20,30,47,340,590,680,44261,0,5,8.799437064358823,1.8307999707758427,683.8359000394121,4755.308894963964
1791123477,250,,Aggregated,123.100000,0.000000,5,7,9,11,15,20,30,47,340,590,680,44380,0,5,8.791071951454157,1.8307999707758427,683.8359000394121,4755.063677332131
1791123478,250,,Aggregated,123.500000,0.000000,5,7,9,11,15,20,30,47,340,590,680,44510,0,5,8.782058553263827,1.8307999707758427,683.8359000394121,4754.473534037295
1791123479,250,,Aggregated,124.400000,0.000000,5,7,9,11,15,20,30,47,340,590,680,44631,0,5,8.78063479207748,1.8307999707758427,683.8359000394121,4754.60986758083
1791123480,250,,Aggregated,123.300000,0.000000,5,7,9,11,15,20,30,46,340,590,680,44764,0,5,8.775493103961761,1.8307999707758427,683.8359000394121,4755.242963095345
1791123481,250,,Aggregated,124.100000,0.000000,5,7,9,11,15,20,30,46,340,590,680,44884,0,5,8.7696166185155,1.8307999707758427,683.8359000394121,4756.0440914357005
1791123482,250,,Aggregated,124.800000,0.000000,5,7,9,11,15,20,30,46,330,590,680,45007,0,5,8.765655953638658,1.8307999707758427,683.8359000394121,4756.178883284822
1791123483,250,,Aggregated,125.000000,0.000000,5,7,9,11,15,20,30,46,330,590,680,45128,0,5,8.759431149305144,1.8307999707758427,683.8359000394121,4756.719442474739
1791123484,250,,Aggregated,123.500000,0.000000,5,7,9,11,15,20,30,46,330,590,680,45255,0,5,8.752903224072146,1.8307999707758427,683.8359000394121,4757.237741686002
1791123485,250,,Aggregated,124.200000,0.000000,5,7,9,11,15,20,30,46,330,590,680,45375,0,5,8.748338468449791,1.8307999707758427,683.8359000394121,4756.659548209366
1791123486,250,,Aggregated,124.500000,0.000000,5,7,9,11,15,20,30,46,330,590,680,45513,0,5,8.73866315790789,1.8307999707758427,683.8359000394121,4756.934480258387
1791123487,250,,Aggregated,123.700000,0.000000,5,7,9,11,15,20,30,46,330,590,680,45633,0,5,8.733185826172535,1.8307999707758427,683.8359000394121,4757.295487914448
1791123488,250,,Aggregated,124.300000,0.000000,5,7,9,11,15,20,30,46,330,590,680,45753,0,5,8.728209282570484,1.8307999707758427,683.8359000394121,4757.305728586103
1791123490,250,,Aggregated,124.500000,0.000000,5,7,9,11,15,20,30,46,330,590,680,45878,0,5,8.722422627520103,1.8307999707758427,683.8359000394121,4757.5683552029295
1791123491,250,,Aggregated,124.500000,0.000000,5,7,9,11,15,20,30,46,330,590,680,45999,0,5,8.7312687777112,1.8307999707758427,683.8359000394121,4757.527881040892
1791123492,250,,Aggregated,123.700000,0.000000,5,7,9,11,15,20,30,45,330,590,680,46124,0,5,8.723653080959934,1.8307999707758427,683.8359000394121,4757.204535599688
1791123493,250,,Aggregated,123.000000,0.000000,5,7,9,11,15,20,30,45,330,590,680,46253,0,5,8.717794707490555,1.8307999707758427,683.8359000394121,4757.159081573087
1791123494,250,,Aggregated,123.700000,0.000000,5,7,9,11,15,20,30,45,330,590,680,46373,0,5,8.716652966276863,1.8307999707758427,683.8359000394121,4757.201539689043
1791123495,250,,Aggregated,124.200000,0.000000,5,7,9,11,15,20,30,45,330,590,680,46511,0,5,8.710639657410072,1.8307999707758427,683.8359000394121,4757.43269334136
1791123496,250,,Aggregated,123.900000,0.000000,5,7,9,11,15,20,30,45,330,590,680,46634,0,5,8.701939840165727,1.8307999707758427,683.8359000394121,4757.01295192349
1791123497,250,,Aggregated,123.400000,0.000000,5,7,9,11,15,20,30,44,330,590,680,46759,0,5,8.696916242983944,1.8307999707758427,683.8359000394121,4756.7543360636455
1791123498,250,,Aggregated,124.900000,0.000000,5,7,9,11,15,20,30,44,330,590,680,46898,0,5,8.688642705563995,1.8307999707758427,683.8359000394121,4756.692716107296
1791123499,250,,Aggregated,123.400000,0.000000,5,7,9,11,15,20,30,44,330,590,680,47020,0,5,8.681536744064376,1.8307999707758427,683.8359000394121,4756.947447894513
1791123500,250,,Aggregated,125.600000,0.000000,5,7,9,11,15,20,30,44,330,590,680,47143,0,5,8.672945012104439,1.8307999707758427,683.8359000394121,4756.926457798612
1791123501,250,,Aggregated,125.700000,0.000000,5,7,9,11,15,20,30,44,330,590,680,47278,0,5,8.67113006694896,1.8307999707758427,683.8359000394121,4757.05484580566
1791123502,250,,Aggregated,125.600000,0.000000,5,7,9,11,15,20,30,44,330,590,680,47386,0,5,8.665908743204396,1.8307999707758427,683.8359000394121,4757.142025070696
1791123503,250,,Aggregated,126.800000,0.000000,5,7,9,11,15,20,30,44,330,590,680,47509,0,5,8.660355242295992,1.8307999707758427,683.8359000394121,4757.139699846345
1791123504,250,,Aggregated,125.500000,0.000000,5,7,9,11,15,20,29,44,330,590,680,47641,0,5,8.652344902614367,1.8307999707758427,683.8359000394121,4757.43382800529
1791123505,250,,Aggregated,124.700000,0.000000,5,7,9,11,15,20,29,44,330,590,680,47758,0,5,8.648148423415769,1.8307999707758427,683.8359000394121,4757.529251643704
1791123506,250,,Aggregated,125.900000,0.000000,5,7,9,11,15,20,29,44,330,590,680,47882,0,5,8.643693337907948,1.8307999707758427,683.8359000394121,4758.401570527547
1791123507,250,,Aggregated,124.700000,0.000000,5,7,9,11,15,20,29,44,330,590,680,48008,0,5,8.650459563120231,1.8307999707758427,683.8359000394121,4757.962589568405
1791123508,250,,Aggregated,123.900000,0.000000,5,7,9,11,15,20,29,44,330,590,680,48142,0,5,8.642121611212854,1.8307999707758427,683.8359000394121,4758.137800673009
1791123509,250,,Aggregated,123.700000,0.000000,5,7,9,11,15,20,29,44,330,590,680,48270,0,5,8.639290719037412,1.8307999707758427,683.8359000394121,4758.068510461984
1791123510,250,,Aggregated,123.000000,0.000000,5,7,9,11,15,20,29,43,330,590,680,48395,0,5,8.632832536595012,1.8307999707758427,683.8359000394121,4757.773736956297
1791123511,250,,Aggregated,124.000000,0.000000,5,7,9,11,15,20,29,43,330,590,680,48513,0,5,8.627099829079622,1.8307999707758427,683.8359000394121,4757.615505122339
1791123512,250,,Aggregated,124.400000,0.000000,5,7,9,11,15,20,29,43,330,590,680,48632,0,5,8.620435388385326,1.8307999707758427,683.8359000394121,4758.140134068103
1791123513,250,,Aggregated,123.100000,0.000000,5,7,9,11,15,20,29,43,330,590,680,48767,0,5,8.61350509992138,1.8307999707758427,683.8359000394121,4757.960731642299
1791123514,250,,Aggregated,123.400000,0.000000,5,7,9,11,15,20,29,43,330,590,680,48882,0,5,8.609870455543605,1.8307999707758427,683.8359000394121,4757.587803281372
1791123515,250,,Aggregated,125.600000,0.000000,5,7,9,11,15,20,29,43,330,590,680,49018,0,5,8.606842600840924,1.8307999707758427,683.8359000394121,4758.186421314619
1791123516,250,,Aggregated,123.500000,0.000000,5,7,9,11,15,20,29,43,330,590,680,49127,0,5,8.601816408647444,1.8307999707758427,683.8359000394121,4758.48909968042
1791123517,250,,Aggregated,125.800000,0.000000,5,7,9,11,15,20,29,43,330,590,680,49264,0,5,8.595274456147207,1.8307999707758427,683.8359000394121,4758.887219876583
1791123518,250,,Aggregated,124.500000,0.000000,5,7,9,11,15,20,29,43,330,590,680,49397,0,5,8.590557744556873,1.8307999707758427,683.8359000394121,4759.283397777193
1791123519,250,,Aggregated,125.500000,0.000000,5,7,9,11,15,20,29,43,330,590,680,49515,0,5,8.586681522933068,1.8307999707758427,683.8359000394121,4758.807209936383
1791123520,250,,Aggregated,124.200000,0.000000,5,7,9,11,15,20,29,42,330,590,680,49645,0,5,8.578451135207423,1.8307999707758427,683.8359000394121,4759.371336489073
1791123521,250,,Aggregated,124.200000,0.000000,5,7,9,11,15,20,29,42,330,590,680,49765,0,5,8.572640920467832,1.8307999707758427,683.8359000394121,4759.3959610167785
1791123522,250,,Aggregated,124.700000,0.000000,5,7,9,11,15,20,29,42,330,590,680,49892,0,5,8.565422683118117,1.8307999707758427,683.8359000394121,4759.400665437344
1791123523,250,,Aggregated,124.500000,0.000000,5,7,9,11,15,20,29,42,320,580,680,50027,0,5,8.559411353959547,1.8307999707758427,683.8359000394121,4759.329741939353
1791123524,250,,Aggregated,125.400000,0.000000,5,7,9,11,15,20,29,42,320,580,680,50134,0,5,8.553061599011118,1.8307999707758427,683.8359000394121,4759.817429289504
1791123525,250,,Aggregated,124.200000,0.000000,5,7,9,11,15,20,29,42,320,580,680,50268,0,5,8.549537809428173,1.8307999707758427,683.8359000394121,4759.42647409883
1791123526,250,,Aggregated,123.800000,0.000000,5,7,9,11,15,20,29,42,320,580,680,50382,0,5,8.54656612686787,1.8307999707758427,683.8359000394121,4759.835397562621
1791123527,250,,Aggregated,123.200000,0.000000,5,7,9,11,15,20,29,42,320,580,680,50510,0,5,8.539320722702556,1.8307999707758427,683.8359000394121,4758.9556721441295
1791123528,250,,Aggregated,124.200000,0.000000,5,7,9,11,15,20,29,42,320,580,680,50644,0,5,8.53772950207894,1.8307999707758427,683.8359000394121,4759.494056551615
1791123529,250,,Aggregated,124.600000,0.000000,5,7,9,11,15,20,29,42,320,580,680,50761,0,5,8.533683509061488,1.8307999707758427,683.8359000394121,4759.587399775418
1791123530,250,,Aggregated,124.600000,0.000000,5,7,9,11,15,20,29,42,320,580,680,50884,0,5,8.52551747118051,1.8307999707758427,683.8359000394121,4760.097574876189
1791123531,250,,Aggregated,123.000000,0.000000,5,7,9,11,15,20,29,42,320,580,680,51014,0,5,8.522856200316664,1.8307999707758427,683.8359000394121,4760.905359313129
1791123532,250,,Aggregated,122.100000,0.000000,5,7,9,11,15,20,29,42,320,580,680,51136,0,5,8.540396810520848,1.8307999707758427,683.8359000394121,4760.657442897372
1791123533,250,,Aggregated,122.800000,0.000000,5,7,9,11,15,20,29,42,320,580,680,51270,0,5,8.537074846940513,1.8307999707758427,683.8359000394121,4760.706826604252
1791123534,250,,Aggregated,123.000000,0.000000,5,7,9,11,15,20,29,42,320,580,680,51386,0,5,8.532596035952622,1.8307999707758427,683.8359000394121,4760.364165336862
1791123535,250,,Aggregated,123.000000,0.000000,5,7,9,11,15,20,29,42,320,580,680,51519,0,5,8.527449577906411,1.8307999707758427,683.8359000394121,4760.989304916633
1791123536,250,,Aggregated,125.400000,0.000000,5,7,9,11,15,20,29,42,320,580,680,51645,0,5,8.52149148424632,1.8307999707758427,683.8359000394121,4761.5268661051405
1791123537,250,,Aggregated,123.800000,0.000000,5,7,9,11,15,20,29,42,320,580,680,51768,0,5,8.514237382258315,1.8307999707758427,683.8359000394121,4762.025247256993
1791123538,250,,Aggregated,125.300000,0.000000,5,7,9,11,15,20,29,42,320,580,680,51884,0,5,8.507580452619687,1.8307999707758427,683.8359000394121,4761.827769639966
1791123539,250,,Aggregated,123.500000,0.000000,5,7,9,11,15,20,29,42,310,580,680,52011,0,5,8.502584164934776,1.8307999707758427,683.8359000394121,4761.661783084348
1791123540,250,,Aggregated,123.700000,0.000000,5,7,9,11,15,20,29,42,310,580,680,52134,0,5,8.49927674266367,1.8307999707758427,683.8359000394121,4760.885660029923
1791123541,250,,Aggregated,124.700000,0.000000,5,7,9,11,15,20,29,42,310,580,680,52254,0,5,8.500762429703265,1.8307999707758427,683.8359000394121,4760.913805641673
1791123542,250,,Aggregated,124.500000,0.000000,5,7,9,11,15,20,29,42,310,580,680,52376,0,5,8.499154658655586,1.8307999707758427,683.8359000394121,4760.51773713151
1791123543,250,,Aggregated,124.300000,0.000000,5,7,9,11,15,20,29,42,310,580,680,52504,0,5,8.49112711032817,1.8307999707758427,683.8359000394121,4761.093345268931
1791123544,250,,Aggregated,124.000000,0.000000,5,7,9,11,15,20,29,42,310,580,680,52634,0,5,8.486244425668822,1.8307999707758427,683.8359000394121,4761.246912642018
1791123545,250,,Aggregated,122.800000,0.000000,5,7,9,11,15,20,29,41,310,580,680,52762,0,5,8.478870465482972,1.8307999707758427,683.8359000394121,4761.967438686934
1791123546,250,,Aggregated,123.000000,0.000000,5,7,9,11,15,20,29,41,310,580,680,52885,0,5,8.47418646685773,1.8307999707758427,683.8359000394121,4761.822974378369
1791123547,250,,Aggregated,123.700000,0.000000,5,7,9,11,15,20,29,41,300,580,680,53013,0,5,8.474243113955913,1.8307999707758427,683.8359000394121,4761.903401052572
1791123548,250,,Aggregated,122.300000,0.000000,5,7,9,11,15,20,29,41,300,580,680,53137,0,5,8.471032879159065,1.8307999707758427,683.8359000394121,4761.804712347329
1791123549,250,,Aggregated,123.800000,0.000000,5,7,9,11,15,20,29,41,300,580,680,53254,0,5,8.473328014783915,1.8307999707758427,683.8359000394121,4762.001990460811
1791123550,250,,Aggregated,122.000000,0.000000,5,7,9,11,15,20,29,41,300,580,680,53387,0,5,8.470649995304678,1.8307999707758427,683.8359000394121,4761.5377339052575
1791123551,250,,Aggregated,124.100000,0.000000,5,7,9,11,15,20,29,41,300,580,680,53510,0,5,8.466015772729898,1.8307999707758427,683.8359000394121,4761.940889553354
1791123552,250,,Aggregated,123.700000,0.000000,5,7,9,11,15,20,29,41,300,580,680,53627,0,5,8.464246868149523,1.8307999707758427,683.8359000394121,4761.9155835679785
1791123553,250,,Aggregated,125.200000,0.000000,5,7,9,11,15,20,29,41,300,580,680,53761,0,5,8.45958648273292,1.8307999707758427,683.8359000394121,4762.0633358754485
1791123554,250,,Aggregated,123.300000,0.000000,5,7,9,11,15,20,29,41,300,580,680,53897,0,5,8.455395283558719,1.8307999707758427,683.8359000394121,4762.66666048203
1791123555,250,,Aggregated,124.500000,0.000000,5,7,9,11,15,20,29,41,300,580,680,54012,0,5,8.455632379809053,1.8307999707758427,683.8359000394121,4762.619843738428
1791123556,250,,Aggregated,125.000000,0.000000,5,7,9,11,15,20,29,41,300,580,680,54151,0,5,8.46531657952728,1.8307999707758427,683.8359000394121,4762.050008310096
1791123557,250,,Aggregated,125.500000,0.000000,5,7,9,11,15,20,29,41,300,580,680,54273,0,5,8.46864843288534,1.8307999707758427,683.8359000394121,4761.982661728668
1791123558,250,,Aggregated,124.900000,0.000000,5,7,9,11,15,20,29,41,300,580,680,54400,0,5,8.469702742605637,1.8307999707758427,683.8359000394121,4761.698970588235
1791123559,250,,Aggregated,125.400000,0.000000,5,7,9,11,15,20,29,41,300,580,680,54529,0,5,8.46901354503863,1.8307999707758427,683.8359000394121,4762.001962258615
1791123560,250,,Aggregated,126.500000,0.000000,5,7,9,11,15,20,29,41,300,580,680,54647,0,5,8.472077140512345,1.8307999707758427,683.8359000394121,4761.856222665471
1791123561,250,,Aggregated,125.100000,0.000000,5,7,9,11,15,20,29,41,300,580,680,54772,0,5,8.47721709262815,1.8307999707758427,683.8359000394121,4761.634101365661
1791123562,250,,Aggregated,125.000000,0.000000,5,7,9,11,15,20,29,41,300,580,680,54887,0,5,8.483019367015121,1.8307999707758427,683.8359000394121,4761.414433290214
1791123563,250,,Aggregated,124.000000,0.000000,5,7,9,11,15,20,29,41,300,580,680,55015,0,5,8.483427399760538,1.8307999707758427,683.8359000394121,4761.3300190857035
1791123564,250,,Aggregated,126.600000,0.000000,5,7,9,11,15,20,29,40,300,580,680,55143,0,5,8.483899842180849,1.8307999707758427,683.8359000394121,4761.0213807736245
1791123565,250,,Aggregated,124.700000,0.000000,5,7,9,11,15,20,29,40,300,580,680,55254,0,5,8.483384511485609,1.8307999707758427,683.8359000394121,4761.023980164332
1791123566,250,,Aggregated,123.500000,0.000000,5,7,9,11,15,20,29,40,300,580,680,55391,0,5,8.479451983144159,1.8307999707758427,683.8359000394121,4761.585420014082
1791123567,250,,Aggregated,124.100000,0.000000,5,7,9,11,15,20,29,40,300,580,680,55517,0,5,8.487788167553008,1.8307999707758427,683.8359000394121,4761.954842660806
1791123568,250,,Aggregated,124.000000,0.000000,5,7,9,11,15,20,29,41,300,580,680,55643,0,5,8.48599936555493,1.8307999707758427,683.8359000394121,4762.619251298456
1791123569,250,,Aggregated,124.300000,0.000000,5,7,9,11,15,20,29,40,300,580,680,55782,0,5,8.48200841665199,1.8307999707758427,683.8359000394121,4763.3882076655555
1791123570,250,,Aggregated,123.200000,0.000000,5,7,9,11,15,20,29,40,300,580,680,55896,0,5,8.483374819267526,1.8307999707758427,683.8359000394121,4762.909832546157
1791123571,250,,Aggregated,123.400000,0.000000,5,7,9,11,15,20,29,40,290,580,680,56020,0,5,8.484876024604452,1.8307999707758427,683.8359000394121,4762.379578721885
1791123572,250,,Aggregated,125.400000,0.000000,5,7,9,11,15,20,29,40,290,580,680,56148,0,5,8.492101834402366,1.8307999707758427,683.8359000394121,4762.612328132792
1791123573,250,,Aggregated,124.100000,0.000000,5,7,9,11,15,20,29,40,290,580,680,56268,0,5,8.489708427489319,1.8307999707758427,683.8359000394121,4762.7315170256625
1791123574,250,,Aggregated,122.300000,0.000000,5,7,9,11,15,20,29,40,290,580,680,56396,0,5,8.48650868675379,1.8307999707758427,683.8359000394121,4763.01528477197
1791123575,250,,Aggregated,126.000000,0.000000,5,7,9,11,15,20,29,40,290,580,680,56517,0,5,8.487261317802323,1.8307999707758427,683.8359000394121,4762.241661800874
1791123576,250,,Aggregated,125.200000,0.000000,5,7,9,11,15,20,29,40,290,580,680,56641,0,5,8.489895218983326,1.8307999707758427,683.8359000394121,4761.672180929009
1791123577,250,,Aggregated,123.100000,0.000000,5,7,9,11,15,20,29,40,290,580,680,56783,0,5,8.490281689941456,1.8307999707758427,683.8359000394121,4761.722416920557
1791123578,250,,Aggregated,125.800000,0.000000,5,7,9,11,15,20,29,40,290,580,680,56904,0,5,8.494570167291865,1.8307999707758427,683.8359000394121,4761.568800084353
1791123579,250,,Aggregated,123.200000,0.000000,5,7,9,11,15,20,29,40,280,580,680,57025,0,5,8.492475563343017,1.8307999707758427,683.8359000394121,4761.529767645769
1791123580,250,,Aggregated,124.700000,0.000000,5,7,9,11,15,20,29,40,280,580,680,57151,0,5,8.492211032167676,1.8307999707758427,683.8359000394121,4761.563647180277
1791123581,250,,Aggregated,124.300000,0.000000,5,7,9,11,15,20,29,40,280,580,680,57285,0,5,8.507256053050853,1.8307999707758427,683.8359000394121,4761.236466788862
1791123582,250,,Aggregated,123.800000,0.000000,5,7,9,11,15,20,29,40,280,580,680,57407,0,5,8.514139927169676,1.8307999707758427,683.8359000394121,4760.7853746058845
1791123583,250,,Aggregated,124.600000,0.000000,5,7,9,11,15,20,29,41,280,580,680,57528,0,5,8.561687461743903,1.8307999707758427,683.8359000394121,4760.910912946739
1791123584,250,,Aggregated,126.800000,0.000000,5,7,9,11,15,20,29,41,280,580,680,57651,0,5,8.562855327722435,1.8307999707758427,683.8359000394121,4760.595809266101
1791123585,250,,Aggregated,123.700000,0.000000,5,7,9,11,15,20,29,41,280,580,680,57791,0,5,8.560658426036703,1.8307999707758427,683.8359000394121,4761.187139866069
1791123586,250,,Aggregated,124.100000,0.000000,5,7,9,11,15,20,29,41,280,580,680,57906,0,5,8.561238495128745,1.8307999707758427,683.8359000394121,4760.668669913308
1791123587,250,,Aggregated,125.000000,0.000000,5,7,9,11,15,20,29,41,280,580,680,58027,0,5,8.560753330326456,1.8307999707758427,683.8359000394121,4761.0433074258535
1791123588,250,,Aggregated,124.500000,0.000000,5,7,9,11,15,20,29,41,280,580,680,58158,0,5,8.559083250790618,1.8307999707758427,683.8359000394121,4760.980037140204
1791123589,250,,Aggregated,124.400000,0.000000,5,7,9,11,15,20,29,41,280,580,680,58283,0,5,8.55904700511302,1.8307999707758427,683.8359000394121,4761.271485681931
1791123590,250,,Aggregated,124.600000,0.000000,5,7,9,11,15,20,29,41,280,580,680,58409,0,5,8.561507094770313,1.8307999707758427,683.8359000394121,4761.311493091818
1791123591,250,,Aggregated,125.100000,0.000000,5,7,9,11,15,20,29,41,280,580,680,58543,0,5,8.559689622980263,1.8307999707758427,683.8359000394121,4761.2458193123
1791123592,250,,Aggregated,124.200000,0.000000,5,7,9,11,15,20,29,41,280,580,680,58660,0,5,8.56109582505283,1.8307999707758427,683.8359000394121,4761.191459256734
1791123593,250,,Aggregated,124.200000,0.000000,5,7,9,11,15,20,29,41,280,580,680,58799,0,5,8.573645228629578,1.8307999707758427,683.8359000394121,4761.33668939948
1791123594,250,,Aggregated,124.400000,0.000000,5,7,9,11,15,20,29,41,280,580,680,58916,0,5,8.570594471752747,1.8307999707758427,683.8359000394121,4762.011287256433
1791123595,250,,Aggregated,124.300000,0.000000,5,7,9,11,15,20,29,41,280,580,680,59036,0,5,8.566397052622573,1.8307999707758427,683.8359000394121,4762.011230435666
1791123596,250,,Aggregated,125.800000,0.000000,5,7,9,11,15,20,29,41,280,580,680,59171,0,5,8.568548415586367,1.8307999707758427,683.8359000394121,4761.807354954285
1791123597,250,,Aggregated,125.700000,0.000000,5,7,9,11,15,20,29,41,280,580,680,59290,0,5,8.562196857801098,1.8307999707758427,683.8359000394121,4761.387046719514
1791123598,250,,Aggregated,124.500000,0.000000,5,7,9,11,15,20,29,41,280,580,680,59413,0,5,8.556289216159897,1.8307999707758427,683.8359000394121,4761.493511521047
1791123599,250,,Aggregated,126.400000,0.000000,5,7,9,11,15,20,29,41,280,580,680,59538,0,5,8.551055411663812,1.8307999707758427,683.8359000394121,4761.382646377104
1791123600,250,,Aggregated,125.200000,0.000000,5,7,9,11,15,20,29,41,280,580,680,59672,0,5,8.550844974191785,1.8307999707758427,683.8359000394121,4761.532293202842
1791123601,250,,Aggregated,125.300000,0.000000,5,7,9,11,15,20,29,41,280,580,680,59793,0,5,8.547321892207844,1.8307999707758427,683.8359000394121,4761.801414881341
1791123602,250,,Aggregated,125.100000,0.000000,5,7,9,11,15,20,29,41,280,580,680,59923,0,5,8.54754616091613,1.8307999707758427,683.8359000394121,4761.429901707191
1791123603,250,,Aggregated,126.000000,0.000000,5,7,9,11,15,20,29,41,280,580,680,60047,0,5,8.547285428088271,1.8307999707758427,683.8359000394121,4760.932402951022
1791123604,250,,Aggregated,124.400000,0.000000,5,7,9,11,15,20,29,41,280,580,680,60171,0,5,8.541722610571004,1.8307999707758427,683.8359000394121,4761.022519153745
1791123605,250,,Aggregated,125.500000,0.000000,5,7,9,11,15,20,29,41,280,580,680,60302,0,5,8.537315745756718,1.8307999707758427,683.8359000394121,4761.1388179496535
1791123606,250,,Aggregated,124.100000,0.000000,5,7,9,11,15,20,29,41,280,580,680,60417,0,5,8.534049355322324,1.8307999707758427,683.8359000394121,4761.153599152556
1791123607,250,,Aggregated,124.400000,0.000000,5,7,9,11,15,20,29,41,280,580,680,60546,0,5,8.532352071163984,1.8307999707758427,683.8359000394121,4761.55998744756
1791123608,250,,Aggregated,125.000000,0.000000,5,7,9,11,15,20,29,41,280,580,680,60672,0,5,8.530509806841021,1.8307999707758427,683.8359000394121,4761.220150975739
1791123609,250,,Aggregated,124.000000,0.000000,5,7,9,11,15,20,29,40,280,580,680,60790,0,5,8.524702604052534,1.8307999707758427,683.8359000394121,4760.8687284092775
1791123610,250,,Aggregated,124.800000,0.000000,5,7,9,11,15,20,29,40,280,580,680,60902,0,5,8.521066562675083,1.8307999707758427,683.8359000394121,4761.441923089554
1791123611,250,,Aggregated,124.100000,0.000000,5,7,9,11,15,20,29,40,280,580,680,61045,0,5,8.513698027689214,1.8307999707758427,683.8359000394121,4761.017528053076
1791123612,250,,Aggregated,124.100000,0.000000,5,7,9,11,15,20,29,40,280,580,680,61157,0,5,8.509118047000648,1.8307999707758427,683.8359000394121,4761.302974312017
1791123613,250,,Aggregated,122.100000,0.000000,5,7,9,11,15,20,29,40,280,580,680,61284,0,5,8.50716821683693,1.8307999707758427,683.8359000394121,4761.955012727629
1791123614,250,,Aggregated,124.000000,0.000000,5,7,9,11,15,20,29,40,280,580,680,61416,0,5,8.502704743080576,1.8307999707758427,683.8359000394121,4762.051696626287
1791123615,250,,Aggregated,123.300000,0.000000,5,7,9,11,15,20,29,40,280,580,680,61543,0,5,8.495813744882604,1.8307999707758427,683.8359000394121,4762.099686398128
1791123616,250,,Aggregated,123.100000,0.000000,5,7,9,11,15,20,29,40,280,580,680,61660,0,5,8.493617624081423,1.8307999707758427,683.8359000394121,4761.572267272138
1791123617,250,,Aggregated,123.700000,0.000000,5,7,9,11,15,20,29,40,280,580,680,61803,0,5,8.489451704631966,1.8307999707758427,683.8359000394121,4761.939501318706
1791123618,250,,Aggregated,123.700000,0.000000,5,7,9,11,15,20,29,40,280,580,680,61914,0,5,8.488250594411435,1.8307999707758427,683.8359000394121,4761.940433504538
1791123619,250,,Aggregated,123.100000,0.000000,5,7,9,11,15,20,29,40,280,580,680,62039,0,5,8.486508476959989,1.8307999707758427,683.8359000394121,4762.22063540676
1791123620,250,,Aggregated,125.000000,0.000000,5,7,9,11,15,20,29,40,280,580,680,62163,0,5,8.482334301771553,1.8307999707758427,683.8359000394121,4762.292569534932
1791123621,250,,Aggregated,124.300000,0.000000,5,7,9,11,15,20,29,40,280,580,680,62291,0,5,8.482783272063758,1.8307999707758427,683.8359000394121,4762.400956799538
1791123622,250,,Aggregated,123.900000,0.000000,5,7,9,11,15,20,29,40,280,580,680,62418,0,5,8.480257573138697,1.8307999707758427,683.8359000394121,4762.105626582075
1791123623,250,,Aggregated,125.400000,0.000000,5,7,9,11,15,20,29,40,280,580,680,62556,0,5,8.47655114455473,1.8307999707758427,683.8359000394121,4762.528134791227
1791123624,250,,Aggregated,123.800000,0.000000,5,7,9,11,15,20,29,40,280,580,680,62673,0,5,8.473820927652113,1.8307999707758427,683.8359000394121,4762.787819316133
1791123626,250,,Aggregated,124.500000,0.000000,5,7,9,11,15,20,29,40,280,580,680,62792,0,5,8.46875431263001,1.8307999707758427,683.8359000394121,4762.884969422857
1791123627,250,,Aggregated,126.500000,0.000000,5,7,9,11,15,20,29,40,280,580,680,62927,0,5,8.470623549491147,1.8307999707758427,683.8359000394121,4762.933859869372
1791123628,250,,Aggregated,123.800000,0.000000,5,7,9,11,15,20,29,40,270,580,680,63053,0,5,8.465811896318522,1.8307999707758427,683.8359000394121,4763.521466068229
1791123629,250,,Aggregated,123.800000,0.000000,5,7,9,11,15,20,29,40,270,580,680,63171,0,5,8.462235593842532,1.8307999707758427,683.8359000394121,4763.186842063606
1791123630,250,,Aggregated,124.000000,0.000000,5,7,9,11,15,20,29,40,270,580,680,63301,0,5,8.458227580897487,1.8307999707758427,683.8359000394121,4762.865831503452
1791123631,250,,Aggregated,124.500000,0.000000,5,7,9,11,15,20,29,40,270,580,680,63429,0,5,8.452941717462394,1.8307999707758427,683.8359000394121,4762.964968705166
1791123632,250,,Aggregated,125.300000,0.000000,5,7,9,11,15,20,29,40,270,580,680,63550,0,5,8.447415241491662,1.8307999707758427,683.8359000394121,4762.977450826121
1791123633,250,,Aggregated,125.400000,0.000000,5,7,9,11,15,20,29,40,270,580,680,63679,0,5,8.441942053075737,1.8307999707758427,683.8359000394121,4762.797342923099
1791123634,250,,Aggregated,125.300000,0.000000,5,7,9,11,15,20,29,40,270,580,680,63790,0,5,8.437058085878354,1.8307999707758427,683.8359000394121,4763.078523279511
1791123635,250,,Aggregated,125.300000,0.000000,5,7,9,11,15,20,29,40,270,580,680,63930,0,5,8.430818454514686,1.8307999707758427,683.8359000394121,4763.221069920225
1791123636,250,,Aggregated,122.400000,0.000000,5,7,9,11,15,20,29,40,270,580,680,64040,0,5,8.427638210460435,1.8307999707758427,683.8359000394121,4763.145986883198
1791123637,250,,Aggregated,124.500000,0.000000,5,7,9,11,15,20,29,40,270,580,680,64189,0,5,8.423935015316442,1.8307999707758427,683.8359000394121,4763.0126345635545
1791123638,250,,Aggregated,123.500000,0.000000,5,7,9,11,15,20,29,40,270,580,680,64300,0,5,8.423117438541627,1.8307999707758427,683.8359000394121,4763.5665785381025
1791123639,250,,Aggregated,124.400000,0.000000,5,7,9,11,15,20,29,39,270,580,680,64435,0,5,8.422685748398264,1.8307999707758427,683.8359000394121,4763.520012415613
1791123640,250,,Aggregated,123.500000,0.000000,5,7,9,11,15,20,29,39,270,580,680,64547,0,5,8.419711885901581,1.8307999707758427,683.8359000394121,4763.8663299611135
1791123641,250,,Aggregated,125.200000,0.000000,5,7,9,11,15,20,29,39,270,580,680,64683,0,5,8.416991555734251,1.8307999707758427,683.8359000394121,4763.695051249942
1791123642,250,,Aggregated,123.100000,0.000000,5,7,9,11,15,20,29,39,270,580,680,64795,0,5,8.415490928324413,1.8307999707758427,683.8359000394121,4763.545366154796
1791123643,250,,Aggregated,123.900000,0.000000,5,7,9,11,15,20,29,39,270,580,680,64927,0,5,8.411817330237803,1.8307999707758427,683.8359000394121,4763.158978545135
1791123644,250,,Aggregated,123.400000,0.000000,5,7,9,11,15,20,29,39,270,580,680,65062,0,5,8.413723297788264,1.8307999707758427,683.8359000394121,4763.354969106391
1791123645,250,,Aggregated,123.600000,0.000000,5,7,9,11,15,20,29,39,270,580,680,65185,0,5,8.41068301145283,1.8307999707758427,683.8359000394121,4763.211567078316
1791123646,250,,Aggregated,125.500000,0.000000,5,7,9,11,15,20,29,39,270,580,680,65304,0,5,8.406628231063404,1.8307999707758427,683.8359000394121,4763.393865613132
1791123647,250,,Aggregated,124.800000,0.000000,5,7,9,11,15,20,29,39,270,580,680,65427,0,5,8.405491430164355,1.8307999707758427,683.8359000394121,4763.4825989270485
1791123648,250,,Aggregated,126.200000,0.000000,5,7,9,11,15,20,29,39,270,580,680,65559,0,5,8.403567264623604,1.8307999707758427,683.8359000394121,4762.921551579493
1791123649,250,,Aggregated,124.700000,0.000000,5,7,9,11,15,20,29,39,270,580,680,65674,0,5,8.399823485724612,1.8307999707758427,683.8359000394121,4762.728172488351
1791123650,250,,Aggregated,124.800000,0.000000,5,7,9,11,15,20,28,39,270,580,680,65808,0,5,8.396173275300786,1.8307999707758427,683.8359000394121,4763.165663749089
1791123651,250,,Aggregated,123.300000,0.000000,5,7,9,11,15,20,28,39,270,580,680,65938,0,5,8.391295278932539,1.8307999707758427,683.8359000394121,4763.57999939337
1791123652,250,,Aggregated,125.600000,0.000000,5,7,9,11,15,20,28,39,270,580,680,66060,0,5,8.38908824708648,1.8307999707758427,683.8359000394121,4763.195594913715
1791123653,250,,Aggregated,124.700000,0.000000,5,7,9,11,15,20,28,39,270,580,680,66189,0,5,8.385982340003537,1.8307999707758427,683.8359000394121,4762.968877003732
1791123654,250,,Aggregated,125.100000,0.000000,5,7,9,11,15,20,28,39,270,580,680,66313,0,5,8.383649780620173,1.8307999707758427,683.8359000394121,4762.858323405667
1791123655,250,,Aggregated,124.100000,0.000000,5,7,9,11,15,20,28,39,270,580,680,66446,0,5,8.379983035881954,1.8307999707758427,683.8359000394121,4762.298633476808
1791123656,250,,Aggregated,124.100000,0.000000,5,7,9,11,15,20,28,39,270,580,680,66563,0,5,8.375557024212887,1.8307999707758427,683.8359000394121,4762.712873518321
1791123657,250,,Aggregated,124.400000,0.000000,5,7,9,11,15,20,28,39,270,580,680,66687,0,5,8.372250024772283,1.8307999707758427,683.8359000394121,4763.072817790574
1791123658,250,,Aggregated,123.900000,0.000000,5,7,9,11,15,20,28,39,270,580,680,66816,0,5,8.370194356166916,1.8307999707758427,683.8359000394121,4762.5538643438695
1791123659,250,,Aggregated,123.900000,0.000000,5,7,9,11,15,20,28,38,270,580,680,66934,0,5,8.367344301868602,1.8307999707758427,683.8359000394121,4762.446843158933
1791123660,250,,Aggregated,125.000000,0.000000,5,7,9,11,15,20,28,38,270,580,680,67065,0,5,8.363778710220942,1.8307999707758427,683.8359000394121,4762.519943338552
1791123661,250,,Aggregated,124.200000,0.000000,5,7,9,11,15,20,28,38,270,580,680,67178,0,5,8.359927290208221,1.8307999707758427,683.8359000394121,4762.365804281163
1791123662,250,,Aggregated,123.700000,0.000000,5,7,9,11,15,20,28,38,270,580,680,67304,0,5,8.356517631963431,1.8307999707758427,683.8359000394121,4762.416825151551
1791123663,250,,Aggregated,123.600000,0.000000,5,7,9,11,15,20,28,38,270,580,680,67439,0,5,8.351342324189103,1.8307999707758427,683.8359000394121,4762.887468675395
1791123664,250,,Aggregated,124.000000,0.000000,5,7,9,11,15,20,28,38,270,580,680,67551,0,5,8.34788278782536,1.8307999707758427,683.8359000394121,4762.592100783112
1791123665,250,,Aggregated,124.800000,0.000000,5,7,9,11,15,20,28,38,270,580,680,67681,0,5,8.343919795818932,1.8307999707758427,683.8359000394121,4762.658560009456
1791123666,250,,Aggregated,123.700000,0.000000,5,7,9,11,15,20,28,38,270,580,680,67804,0,5,8.341519233389056,1.8307999707758427,683.8359000394121,4762.4055365465165
1791123667,250,,Aggregated,121.500000,0.000000,5,7,9,11,15,20,28,38,270,580,680,67929,0,5,8.343507493123658,1.8307999707758427,683.8359000394121,4762.313577411709
1791123668,250,,Aggregated,123.500000,0.000000,5,7,9,11,15,20,28,38,260,580,680,68057,0,5,8.337626179521912,1.8307999707758427,683.8359000394121,4762.011328739145
1791123669,250,,Aggregated,122.600000,0.000000,5,7,9,11,15,20,28,38,260,580,680,68174,0,5,8.333564074268285,1.8307999707758427,683.8359000394121,4761.928286443512
1791123670,250,,Aggregated,123.800000,0.000000,5,7,9,11,15,20,28,38,260,580,680,68295,0,5,8.331902743967252,1.8307999707758427,683.8359000394121,4761.875730287722
1791123671,250,,Aggregated,122.900000,0.000000,5,7,9,11,15,20,28,38,260,580,680,68405,0,5,8.328855145083002,1.8307999707758427,683.8359000394121,4761.7097142021785
1791123672,250,,Aggregated,122.800000,0.000000,5,7,9,11,15,20,28,38,260,580,680,68538,0,5,8.327848647454969,1.8307999707758427,683.8359000394121,4762.248679564621
1791123673,250,,Aggregated,122.300000,0.000000,5,7,9,11,15,20,28,38,260,580,680,68663,0,5,8.327879792596866,1.8307999707758427,683.8359000394121,4762.26833957153
1791123674,250,,Aggregated,122.300000,0.000000,5,7,9,11,15,20,28,38,260,580,680,68798,0,5,8.330557684805052,1.8307999707758427,683.8359000394121,4762.476888863049
1791123675,250,,Aggregated,121.900000,0.000000,5,7,9,11,15,20,28,38,260,580,680,68912,0,5,8.326383497776503,1.8307999707758427,683.8359000394121,4762.566896912003
1791123676,250,,Aggregated,122.000000,0.000000,5,7,9,11,15,20,28,38,260,580,680,69038,0,5,8.321476091400132,1.8307999707758427,683.8359000394121,4762.985312436629
1791123677,250,,Aggregated,124.200000,0.000000,5,7,9,11,15,20,28,38,260,580,680,69168,0,5,8.31955297098146,1.8307999707758427,683.8359000394121,4763.576943095073
1791123678,250,,Aggregated,122.800000,0.000000,5,7,9,11,15,20,28,38,260,580,680,69281,0,5,8.317315206139018,1.8307999707758427,683.8359000394121,4763.239098742801
1791123679,250,,Aggregated,122.700000,0.000000,5,7,9,11,15,20,28,38,260,580,680,69403,0,5,8.313479923012933,1.8307999707758427,683.8359000394121,4763.01550365258
1791123680,250,,Aggregated,121.000000,0.000000,5,7,9,11,15,20,28,38,260,580,680,69532,0,5,8.309127683615268,1.8307999707758427,683.8359000394121,4762.984899039291
1791123681,250,,Aggregated,122.000000,0.000000,5,7,9,11,15,20,28,38,260,580,680,69640,0,5,8.306505126323758,1.8307999707758427,683.8359000394121,4762.501780585871
1791123682,250,,Aggregated,123.400000,0.000000,5,7,9,11,15,20,28,38,260,580,680,69764,0,5,8.3032569476855,1.8307999707758427,683.8359000394121,4763.104624161459
1791123683,250,,Aggregated,123.100000,0.000000,5,7,9,11,15,20,28,38,260,580,680,69898,0,5,8.298914124849489,1.8307999707758427,683.8359000394121,4763.137471744542
1791123684,250,,Aggregated,122.200000,0.000000,5,7,9,11,15,20,28,38,260,580,680,70019,0,5,8.295584011455139,1.8307999707758427,683.8359000394121,4763.062640140533
1791123685,250,,Aggregated,122.400000,0.000000,5,7,9,11,15,20,28,38,260,580,680,70152,0,5,8.290565422198068,1.8307999707758427,683.8359000394121,4763.108407458091
1791123686,250,,Aggregated,121.600000,0.000000,5,7,9,11,15,20,28,38,260,580,680,70273,0,5,8.287983971061529,1.8307999707758427,683.8359000394121,4763.594851507692
1791123687,250,,Aggregated,121.600000,0.000000,5,7,9,11,15,20,28,37,260,580,680,70379,0,5,8.286662691977424,1.8307999707758427,683.8359000394121,4763.507509342276
1791123688,250,,Aggregated,122.600000,0.000000,5,7,9,11,15,20,28,37,260,580,680,70511,0,5,8.281502852021436,1.8307999707758427,683.8359000394121,4763.655926025726
1791123689,250,,Aggregated,122.000000,0.000000,5,7,9,11,15,20,28,37,260,580,680,70634,0,5,8.278762867714077,1.8307999707758427,683.8359000394121,4763.667822861511
1791123690,250,,Aggregated,122.100000,0.000000,5,7,9,11,15,20,28,37,260,580,680,70759,0,5,8.274965658035594,1.8307999707758427,683.8359000394121,4763.836063256971
1791123691,250,,Aggregated,123.300000,0.000000,5,7,9,11,15,20,28,37,260,580,680,70880,0,5,8.271187250235677,1.8307999707758427,683.8359000394121,4763.7750141083525
1791123692,250,,Aggregated,121.200000,0.000000,5,7,9,11,15,20,28,37,250,580,680,71006,0,5,8.26943396186628,1.8307999707758427,683.8359000394121,4764.135059009098
1791123693,250,,Aggregated,122.000000,0.000000,5,7,9,11,15,20,28,37,250,580,680,71131,0,5,8.26639957257257,1.8307999707758427,683.8359000394121,4763.935963222786
1791123694,250,,Aggregated,122.700000,0.000000,5,7,9,11,15,20,28,37,250,580,680,71266,0,5,8.271717472531554,1.8307999707758427,683.8359000394121,4763.755128672859
1791123695,250,,Aggregated,123.300000,0.000000,5,7,9,11,15,20,28,37,250,580,680,71378,0,5,8.268625261241704,1.8307999707758427,683.8359000394121,4763.510101151615
1791123696,250,,Aggregated,124.500000,0.000000,5,7,9,11,15,20,28,37,250,580,680,71519,0,5,8.265344424505793,1.8307999707758427,683.8359000394121,4763.728477747172
1791123697,250,,Aggregated,124.000000,0.000000,5,7,9,11,15,20,28,37,250,580,680,71637,0,5,8.262647273005006,1.8307999707758427,683.8359000394121,4764.180144338819
1791123698,250,,Aggregated,123.000000,0.000000,5,7,9,11,15,20,28,37,250,580,680,71772,0,5,8.259277300274265,1.8307999707758427,683.8359000394121,4764.569260993145
1791123699,250,,Aggregated,124.700000,0.000000,5,7,9,11,15,20,28,37,250,580,680,71895,0,5,8.256823925102072,1.8307999707758427,683.8359000394121,4764.250239933236
1791123700,250,,Aggregated,125.000000,0.000000,5,7,9,11,15,20,28,37,250,580,680,72021,0,5,8.255186603830783,1.8307999707758427,683.8359000394121,4764.128462531761
1791123701,250,,Aggregated,124.200000,0.000000,5,7,9,11,15,20,28,37,250,580,680,72140,0,5,8.252332481212365,1.8307999707758427,683.8359000394121,4764.442570002772
1791123702,250,,Aggregated,125.500000,0.000000,5,7,9,11,15,20,28,37,250,580,680,72272,0,5,8.247523167946754,1.8307999707758427,683.8359000394121,4764.476270201461
1791123703,250,,Aggregated,124.900000,0.000000,5,7,9,11,15,20,28,37,250,580,680,72389,0,5,8.245112181311779,1.8307999707758427,683.8359000394121,4763.785506085179
1791123704,250,,Aggregated,125.600000,0.000000,5,7,9,11,15,20,28,37,250,580,680,72524,0,5,8.24131352645752,1.8307999707758427,683.8359000394121,4763.5652473663895
1791123705,250,,Aggregated,125.000000,0.000000,5,7,9,11,15,20,28,37,250,580,680,72643,0,5,8.237823708998965,1.8307999707758427,683.8359000394121,4763.593574053935
1791123706,250,,Aggregated,125.000000,0.000000,5,7,9,11,15,20,28,37,250,580,680,72772,0,5,8.234837475848137,1.8307999707758427,683.8359000394121,4763.400071456054
1791123707,250,,Aggregated,124.800000,0.000000,5,7,9,11,15,20,28,37,250,580,680,72887,0,5,8.233069355201764,1.8307999707758427,683.8359000394121,4762.800924719086
1791123708,250,,Aggregated,124.600000,0.000000,5,7,9,11,15,20,28,37,250,580,680,73011,0,5,8.232872604025838,1.8307999707758427,683.8359000394121,4762.729081919163
1791123709,250,,Aggregated,123.900000,0.000000,5,7,9,11,15,20,28,37,250,580,680,73130,0,5,8.229405239888763,1.8307999707758427,683.8359000394121,4762.781594420894
1791123710,250,,Aggregated,123.000000,0.000000,5,7,9,11,15,20,28,37,250,580,680,73264,0,5,8.227765030486173,1.8307999707758427,683.8359000394121,4762.306972046298
1791123711,250,,Aggregated,123.800000,0.000000,5,7,9,11,15,20,28,37,250,580,680,73386,0,5,8.224311910897825,1.8307999707758427,683.8359000394121,4762.17895783937
1791123712,250,,Aggregated,123.900000,0.000000,5,7,9,11,15,20,28,37,250,580,680,73519,0,5,8.220805748087496,1.8307999707758427,683.8359000394121,4762.141745671187
1791123713,250,,Aggregated,124.200000,0.000000,5,7,9,11,15,20,28,37,250,580,680,73639,0,5,8.217198464030117,1.8307999707758427,683.8359000394121,4762.654259291951
1791123714,250,,Aggregated,122.800000,0.000000,5,7,9,11,15,20,28,37,250,580,680,73762,0,5,8.213736544451482,1.8307999707758427,683.8359000394121,4763.049049646159
1791123715,250,,Aggregated,123.900000,0.000000,5,7,9,11,15,20,28,37,250,580,680,73896,0,5,8.213371614048082,1.8307999707758427,683.8359000394121,4762.855296633106
1791123716,250,,Aggregated,124.500000,0.000000,5,7,9,11,15,20,28,37,250,580,680,74019,0,5,8.213781855898155,1.8307999707758427,683.8359000394121,4762.892000702523
1791123717,250,,Aggregated,124.000000,0.000000,5,7,9,11,15,20,28,37,250,580,680,74150,0,5,8.213420207566687,1.8307999707758427,683.8359000394121,4763.686432906271
1791123718,250,,Aggregated,124.100000,0.000000,5,7,9,11,15,20,28,37,250,580,680,74271,0,5,8.210093914052914,1.8307999707758427,683.8359000394121,4763.4774541880415
1791123719,250,,Aggregated,124.600000,0.000000,5,7,9,11,15,20,28,37,250,580,680,74388,0,5,8.208095633570348,1.8307999707758427,683.8359000394121,4763.246061192665
1791123720,250,,Aggregated,125.100000,0.000000,5,7,9,11,15,20,28,37,250,580,680,74528,0,5,8.204355953331198,1.8307999707758427,683.8359000394121,4763.721930012881
1791123721,250,,Aggregated,125.000000,0.000000,5,7,9,11,15,20,28,37,250,580,680,74615,0,5,8.204539226555482,1.8307999707758427,683.8359000394121,4764.040058969376
