Timestamp,User Count,Type,Name,Requests/s,Failures/s,50%,66%,75%,80%,90%,95%,98%,99%,99.9%,99.99%,100%,Total Request Count,Total Failure Count,Total Median Response Time,Total Average Response Time,Total Min Response Time,Total Max Response Time,Total Average Content Size
1791120565,0,,Aggregated,0.000000,0.000000,N/A,N/A,N/A,N/A,N/A,N/A,N/A,N/A,N/A,N/A,N/A,0,0,0,0.0,0,0,0
1791120566,25,,Aggregated,0.000000,0.000000,660,780,790,800,850,850,860,860,860,860,860,50,0,100,425.30198200722225,22.879800002556294,855.9505000011995,5119.98
1791120567,75,,Aggregated,0.000000,0.000000,120,480,530,770,800,840,850,860,860,860,860,102,0,100,334.2817421601948,10.209200030658394,855.9505000011995,5294.696078431372
1791120568,100,,Aggregated,0.000000,0.000000,96,460,480,500,780,810,850,860,860,860,860,163,0,96,285.93179938937624,9.115400025621057,855.9505000011995,5168.447852760736
1791120569,125,,Aggregated,28.500000,0.000000,90,430,480,500,610,790,840,850,860,860,860,254,0,90,250.8566440958493,9.115400025621057,855.9505000011995,5093.307086614173
1791120570,150,,Aggregated,38.000000,0.000000,90,400,480,500,560,780,840,850,860,860,860,337,0,90,244.32299584730663,2.6686000055633485,855.9505000011995,5134.839762611276
1791120571,175,,Aggregated,45.250000,0.000000,86,330,470,490,540,750,810,850,860,860,860,445,0,86,230.2670267434121,2.23129999358207,855.9505000011995,5169.8134831460675
1791120572,200,,Aggregated,53.400000,0.000000,93,320,470,500,560,660,800,840,860,860,860,572,0,92,232.0450332187323,2.23129999358207,855.9505000011995,5164.167832167832
1791120573,225,,Aggregated,57.833333,0.000000,96,310,470,500,580,660,790,840,860,860,860,683,0,96,234.76232796637095,2.23129999358207,855.9505000011995,5101.755490483162
1791120574,250,,Aggregated,65.571429,0.000000,120,360,480,510,610,730,830,860,960,960,960,816,0,120,255.0986886040739,2.23129999358207,957.8767999773845,5063.411764705882
1791120575,275,,Aggregated,72.250000,0.000000,100,300,460,500,600,700,800,860,960,960,960,968,0,100,234.79239855450868,2.23129999358207,957.8767999773845,5041.053719008264
1791120576,300,,Aggregated,77.111111,0.000000,110,300,450,490,600,690,800,850,960,1000,1000,1125,0,110,235.74469075574436,2.23129999358207,1033.729000017047,5040.375111111111
1791120577,325,,Aggregated,88.600000,0.000000,110,260,420,480,590,690,790,850,1000,1100,1100,1305,0,110,226.8476363221073,2.23129999358207,1082.9271000111476,5023.75938697318
1791120578,350,,Aggregated,98.300000,0.000000,120,290,430,490,600,690,800,860,1000,1100,1100,1455,0,120,236.42622123698823,2.23129999358207,1082.9271000111476,5050.960824742268
1791120579,375,,Aggregated,111.400000,0.000000,110,270,410,470,590,690,800,870,1200,1200,1200,1680,0,110,228.63664184478694,2.23129999358207,1248.039499972947,5007.664285714286
1791120580,400,,Aggregated,119.900000,0.000000,120,280,420,480,610,700,800,870,1200,1200,1200,1833,0,120,234.59637135803797,2.23129999358207,1248.039499972947,5035.508456082925
1791120581,425,,Aggregated,135.000000,0.000000,120,280,420,480,620,710,860,1000,1300,1900,1900,2079,0,120,239.7138710914481,2.23129999358207,1949.676099990029,5039.06253006253
1791120582,450,,Aggregated,142.600000,0.000000,110,260,390,470,610,700,860,1000,1600,1900,1900,2294,0,110,233.4031728418047,2.23129999358207,1949.676099990029,5027.663034001744
1791120583,475,,Aggregated,155.600000,0.000000,120,260,400,470,610,710,860,1000,1600,1900,1900,2458,0,120,235.625573758885,2.23129999358207,1949.676099990029,5037.538649308381
1791120584,500,,Aggregated,169.500000,0.000000,120,250,410,480,640,760,1000,1200,1900,1900,1900,2680,0,120,245.90350175348073,2.23129999358207,1949.676099990029,5027.706343283582
1791120585,525,,Aggregated,172.300000,0.000000,110,260,420,500,680,840,1300,1600,2700,2800,2800,2937,0,110,264.6011330264733,2.23129999358207,2812.1925000450574,5007.190670752469
1791120586,550,,Aggregated,183.800000,0.000000,110,250,420,500,690,870,1300,1700,3200,3600,3600,3168,0,110,272.6572842799729,2.23129999358207,3565.4292999533936,5004.646148989899
1791120587,575,,Aggregated,188.000000,0.000000,110,240,430,520,700,1000,1500,1800,3200,4000,4000,3442,0,110,283.81270862850823,2.23129999358207,4024.3012999999337,5010.993898895991
1791120588,600,,Aggregated,203.000000,0.000000,110,250,450,540,720,1100,1600,1900,3300,4000,4000,3718,0,110,293.36048283990203,2.23129999358207,4024.3012999999337,4995.047337278106
1791120589,625,,Aggregated,207.800000,0.000000,110,250,460,560,720,1100,1700,1900,3600,4300,4300,4007,0,110,298.7496621657715,2.23129999358207,4348.882600024808,4979.552283503868
1791120590,650,,Aggregated,220.400000,0.000000,110,240,460,560,740,1100,1700,1900,3600,4300,4300,4263,0,110,299.38030084393824,2.23129999358207,4348.882600024808,4976.871686605677
1791120591,675,,Aggregated,226.800000,0.000000,100,240,470,570,780,1200,1700,2000,3700,4300,4300,4550,0,100,307.5420478677024,2.23129999358207,4348.882600024808,4971.312967032967
1791120592,700,,Aggregated,238.900000,0.000000,100,240,470,580,830,1200,1800,2200,3900,4300,4300,4847,0,100,319.4086506082588,2.23129999358207,4348.882600024808,4956.624922632556
1791120593,725,,Aggregated,243.600000,0.000000,110,240,480,590,860,1300,1900,2400,3900,4300,4300,5100,0,110,330.42084133297016,2.23129999358207,4348.882600024808,4965.913921568627
1791120594,750,,Aggregated,247.000000,0.000000,110,230,470,590,900,1400,2000,2500,4100,5500,5500,5392,0,110,340.13152409081766,2.23129999358207,5535.086799995042,4972.555823442137
1791120595,775,,Aggregated,258.800000,0.000000,110,230,480,600,970,1600,2200,2800,4300,5500,5500,5669,0,110,357.4047317158501,2.23129999358207,5535.086799995042,4960.903863115188
1791120596,800,,Aggregated,263.200000,0.000000,100,220,480,600,1100,1600,2500,3100,4900,5500,5500,5976,0,100,374.191497958017,2.23129999358207,5535.086799995042,4953.875167336011
1791120597,825,,Aggregated,268.200000,0.000000,100,210,480,610,1200,1700,2800,3200,5000,6400,6400,6263,0,100,392.2586099947607,2.23129999358207,6381.157399970107,4955.9441162382245
1791120598,850,,Aggregated,271.600000,0.000000,99,200,470,610,1200,1700,2800,3300,5100,6400,6400,6527,0,99,397.50944603916327,2.23129999358207,6381.157399970107,4956.983912976865
1791120599,875,,Aggregated,277.600000,0.000000,98,200,480,620,1300,1800,3100,3700,6300,9000,9000,6827,0,98,422.1891163318205,2.23129999358207,8951.096199976746,4960.834920169914
1791120600,900,,Aggregated,279.200000,0.000000,96,200,480,620,1400,2000,3300,4200,6800,11000,11000,7113,0,96,446.2633214955654,2.23129999358207,10813.923300011083,4959.323632785042
1791120601,925,,Aggregated,278.000000,0.000000,95,200,480,630,1500,2100,3500,4400,7300,11000,11000,7396,0,95,466.65570465098614,2.23129999358207,10813.923300011083,4953.508518117902
1791120602,950,,Aggregated,279.900000,0.000000,96,190,480,630,1500,2400,3800,4800,7900,11000,11000,7695,0,96,482.56281630914896,2.23129999358207,11178.109899978153,4957.588174139051
1791120603,975,,Aggregated,282.300000,0.000000,95,190,470,630,1600,2500,4000,4900,8500,12000,12000,7955,0,95,495.9409784411047,2.23129999358207,12073.395699961111,4954.023130106851
1791120604,1000,,Aggregated,0.000000,0.000000,82,2900,2900,2900,5100,6900,7000,7100,7100,7100,7100,55,0,82,1538.850418182979,44.03230000752956,7137.315900006797,4733.345454545454
1791120605,1000,,Aggregated,0.000000,0.000000,77,160,2900,2900,5100,5500,7600,12000,12000,12000,12000,357,0,77,1324.7081596640405,27.389299997594208,12043.09660004219,4651.924369747899
1791120606,1000,,Aggregated,0.000000,0.000000,71,130,2900,3000,3500,5600,7600,9100,12000,12000,12000,673,0,71,1283.8330756328698,27.37880003405735,12043.09660004219,4695.372956909361
1791120607,1000,,Aggregated,104.000000,0.000000,67,130,2900,3000,3500,5900,8200,10000,13000,13000,13000,986,0,67,1255.5563919888843,27.37880003405735,12682.545399991795,4734.491886409736
1791120608,1000,,Aggregated,203.000000,0.000000,69,130,2900,3000,5100,6000,8600,11000,13000,15000,15000,1264,0,69,1259.401684335484,27.37880003405735,15028.101400006562,4786.909810126583
1791120609,1000,,Aggregated,241.000000,0.000000,67,120,2900,3000,5400,6000,8700,11000,15000,15000,15000,1606,0,67,1289.582333934959,27.37880003405735,15229.17890001554,4804.123287671233
1791120610,1000,,Aggregated,258.000000,0.000000,69,130,2800,3000,5500,6900,9000,11000,15000,15000,15000,1895,0,69,1329.4803622159075,27.37880003405735,15229.17890001554,4799.090765171504
1791120611,1000,,Aggregated,262.600000,0.000000,69,120,2800,3000,5600,6400,9000,11000,13000,15000,15000,2206,0,69,1331.6577249317425,27.37880003405735,15229.17890001554,4793.597008159565
1791120612,1000,,Aggregated,275.333333,0.000000,68,120,2800,3000,5600,7500,9900,11000,15000,20000,20000,2530,0,68,1349.7938565612153,27.37880003405735,19760.391200019512,4808.089723320159
1791120613,1000,,Aggregated,276.857143,0.000000,71,140,2800,2900,5600,7800,9800,11000,15000,20000,20000,2824,0,71,1362.7683068697152,25.4733000183478,19760.391200019512,4800.833215297451
1791120614,1000,,Aggregated,281.375000,0.000000,74,140,2800,2900,5600,7800,10000,12000,16000,20000,20000,3148,0,74,1347.6491501590015,25.4733000183478,19760.391200019512,4816.045743329098
1791120615,1000,,Aggregated,283.555556,0.000000,73,140,2700,2900,5600,7800,10000,12000,16000,20000,20000,3465,0,73,1348.1734313133268,25.4733000183478,19760.391200019512,4796.413852813853
1791120616,1000,,Aggregated,284.400000,0.000000,73,140,330,2900,5500,7400,9900,12000,16000,20000,20000,3790,0,73,1309.109540316916,25.4733000183478,19760.391200019512,4805.4725593667545
1791120617,1000,,Aggregated,308.600000,0.000000,72,130,310,2900,5500,7800,10000,12000,17000,20000,20000,4123,0,72,1321.4514693913206,25.4733000183478,19760.391200019512,4809.619694397284
1791120618,1000,,Aggregated,308.600000,0.000000,72,130,240,2900,5500,7800,10000,12000,17000,20000,20000,4407,0,72,1308.2196111188284,25.4733000183478,19760.391200019512,4803.82845473111
1791120619,1000,,Aggregated,310.700000,0.000000,73,140,250,2900,5500,7800,10000,12000,17000,24000,24000,4717,0,73,1309.1978005727053,25.4733000183478,24410.18519998761,4811.528301886792
1791120620,1000,,Aggregated,311.600000,0.000000,74,130,240,2800,5500,7800,11000,12000,19000,24000,24000,5040,0,74,1305.5111930558692,25.4733000183478,24410.18519998761,4807.0297619047615
1791120621,1000,,Aggregated,310.300000,0.000000,73,130,230,2800,5400,7800,11000,12000,19000,24000,24000,5379,0,73,1297.0437088124302,25.4733000183478,24410.18519998761,4803.539505484291
1791120622,1000,,Aggregated,310.000000,0.000000,72,130,220,2800,5400,7100,10000,12000,19000,24000,24000,5713,0,72,1280.8624012081616,25.4733000183478,24410.18519998761,4800.83633817609
1791120623,1000,,Aggregated,314.100000,0.000000,71,130,200,2800,5300,7100,10000,12000,19000,24000,24000,6071,0,71,1269.9278994732424,25.4733000183478,24410.18519998761,4798.969527260748
1791120624,1000,,Aggregated,315.400000,0.000000,72,130,200,2800,5200,6900,10000,12000,20000,24000,24000,6422,0,72,1259.861211601173,25.4733000183478,24410.18519998761,4798.188881968234
1791120625,1000,,Aggregated,320.200000,0.000000,71,130,190,2800,5200,7300,10000,12000,21000,24000,24000,6792,0,71,1260.1415835103514,25.4733000183478,24410.18519998761,4793.382361601884
1791120626,1000,,Aggregated,326.000000,0.000000,71,130,180,2700,5200,7300,10000,12000,21000,27000,27000,7128,0,71,1249.584660367758,25.4733000183478,26842.70739997737,4789.940656565656
1791120627,1000,,Aggregated,326.000000,0.000000,71,120,180,2700,5100,7100,10000,12000,21000,27000,27000,7475,0,71,1237.9836476122523,25.4733000183478,26842.70739997737,4792.48762541806
1791120628,1000,,Aggregated,331.900000,0.000000,71,120,180,2700,4800,6800,10000,12000,21000,27000,27000,7807,0,71,1213.4405540926011,25.4733000183478,26842.70739997737,4794.074932752658
1791120629,1000,,Aggregated,332.500000,0.000000,71,120,170,2600,4600,6700,10000,12000,21000,27000,27000,8149,0,71,1208.3576213892034,25.4733000183478,26842.70739997737,4789.869431832127
1791120630,1000,,Aggregated,334.500000,0.000000,71,120,170,2600,4400,6500,9900,12000,21000,27000,27000,8521,0,71,1200.4522627626393,25.4733000183478,26842.70739997737,4780.132965614364
1791120631,1000,,Aggregated,341.100000,0.000000,71,120,170,2400,4300,6400,9700,12000,21000,27000,27000,8881,0,71,1187.030034534397,25.4733000183478,26842.70739997737,4781.031302781218
1791120632,1000,,Aggregated,342.700000,0.000000,71,120,170,2300,4300,6300,9500,12000,20000,27000,27000,9236,0,71,1183.0524764400845,25.4733000183478,26842.70739997737,4776.133066262451
1791120633,1000,,Aggregated,346.200000,0.000000,71,120,170,2300,4300,6200,9100,12000,20000,27000,27000,9582,0,71,1164.4745203924995,25.4733000183478,26842.70739997737,4775.4943644333125
1791120635,1000,,Aggregated,350.300000,0.000000,72,120,180,2200,4200,6300,9100,12000,20000,27000,27000,9894,0,72,1156.725868688176,25.4733000183478,26842.70739997737,4782.677582373155
1791120636,1000,,Aggregated,347.800000,0.000000,73,120,180,2200,4200,6200,9000,12000,20000,24000,27000,10266,0,73,1142.754421420277,25.4733000183478,26842.70739997737,4788.096824469121
1791120637,1000,,Aggregated,342.800000,0.000000,72,120,170,2300,4200,6200,8900,11000,20000,24000,27000,10610,0,72,1134.1584777379962,25.4733000183478,26842.70739997737,4785.615739868049
1791120638,1000,,Aggregated,345.200000,0.000000,72,120,170,2300,4100,6200,8900,11000,20000,24000,27000,10959,0,72,1127.2374479423497,25.4733000183478,26842.70739997737,4785.746692216443
1791120639,1000,,Aggregated,343.900000,0.000000,72,120,170,2200,4000,6100,8800,11000,20000,25000,27000,11335,0,72,1118.842203255445,25.4733000183478,26842.70739997737,4787.920776356418
1791120640,1000,,Aggregated,345.300000,0.000000,71,120,170,2200,4100,6000,8800,11000,20000,25000,27000,11694,0,71,1112.4123941423356,25.4733000183478,26842.70739997737,4788.423636052677
1791120641,1000,,Aggregated,349.200000,0.000000,71,120,170,2200,4000,6000,8800,11000,20000,25000,27000,12073,0,71,1101.6197420359329,25.4733000183478,26842.70739997737,4788.845771556365
1791120642,1000,,Aggregated,349.700000,0.000000,71,120,170,2100,3900,6000,8800,11000,20000,25000,27000,12428,0,71,1095.3294268023744,25.4733000183478,26842.70739997737,4788.582475056324
1791120643,1000,,Aggregated,351.200000,0.000000,72,110,170,2100,3600,6000,8800,11000,20000,25000,27000,12807,0,72,1084.8539735379118,25.4733000183478,26842.70739997737,4784.689076286406
1791120644,1000,,Aggregated,351.600000,0.000000,72,110,170,2100,3600,6000,8800,11000,20000,25000,27000,13136,0,72,1076.5087100639505,25.4733000183478,26842.70739997737,4782.852085870889
1791120645,1000,,Aggregated,351.400000,0.000000,72,110,170,2000,3400,5900,8800,11000,20000,25000,27000,13524,0,72,1063.3999043182903,25.4733000183478,26842.70739997737,4782.356921029282
1791120646,1000,,Aggregated,353.900000,0.000000,72,110,170,2000,3400,5900,8800,11000,20000,25000,27000,13920,0,72,1060.6151784985773,25.4733000183478,26842.70739997737,4776.305100574713
1791120647,1000,,Aggregated,361.400000,0.000000,71,110,170,2000,3600,5900,8800,11000,19000,25000,27000,14314,0,71,1058.303206608886,25.4733000183478,26842.70739997737,4772.248637697359
1791120648,1000,,Aggregated,360.500000,0.000000,71,110,160,2000,3500,5900,8700,11000,19000,25000,27000,14722,0,71,1045.8781238894157,25.4733000183478,26842.70739997737,4768.18129330254
1791120649,1000,,Aggregated,368.100000,0.000000,71,110,160,1900,3200,5800,8700,11000,19000,25000,27000,15045,0,71,1033.8466990428567,25.4733000183478,26842.70739997737,4771.719574609505
1791120650,1000,,Aggregated,371.800000,0.000000,72,110,160,1900,3100,5800,8700,11000,19000,25000,27000,15450,0,72,1022.6526370420725,25.4733000183478,26842.70739997737,4776.477411003236
1791120651,1000,,Aggregated,366.800000,0.000000,72,110,160,1800,3100,5800,8700,11000,19000,25000,27000,15805,0,72,1014.1575016703697,25.4733000183478,26842.70739997737,4774.2737741221135
1791120652,1000,,Aggregated,372.900000,0.000000,72,110,160,1800,3100,5800,8600,11000,19000,25000,27000,16167,0,72,1004.6762412197979,25.4733000183478,26842.70739997737,4773.432238510546
1791120653,1000,,Aggregated,370.600000,0.000000,72,110,160,1800,3100,5700,8600,11000,19000,25000,27000,16568,0,72,997.9576640995027,25.4733000183478,26842.70739997737,4772.617877836794
1791120654,1000,,Aggregated,370.300000,0.000000,72,110,160,1800,3100,5700,8600,11000,19000,25000,27000,16931,0,72,993.326873805472,25.4733000183478,26842.70739997737,4765.772901777804
1791120655,1000,,Aggregated,374.900000,0.000000,72,110,160,1800,3100,5700,8600,11000,19000,25000,27000,17288,0,72,995.1005047200147,25.4733000183478,26842.70739997737,4763.242943081907
1791120656,1000,,Aggregated,378.600000,0.000000,72,110,160,1700,3100,5700,8600,11000,19000,25000,27000,17722,0,72,984.4659713858712,25.4733000183478,26842.70739997737,4767.124760185081
1791120657,1000,,Aggregated,374.000000,0.000000,72,110,160,1700,3100,5700,8500,11000,19000,25000,27000,18092,0,72,976.4637489387467,25.4733000183478,26842.70739997737,4765.605405704178
1791120658,1000,,Aggregated,380.100000,0.000000,72,110,160,1700,3100,5600,8500,11000,19000,25000,27000,18469,0,72,968.9168042341106,25.4733000183478,26842.70739997737,4764.210677351237
1791120659,1000,,Aggregated,377.100000,0.000000,72,110,160,1600,3000,5600,8500,11000,19000,25000,27000,18856,0,72,957.5174303246127,25.4733000183478,26842.70739997737,4764.351187950785
1791120660,1000,,Aggregated,374.300000,0.000000,72,110,160,1600,3000,5600,8500,11000,19000,25000,27000,19265,0,72,953.2059425538731,25.4733000183478,26842.70739997737,4762.339942901635
1791120661,1000,,Aggregated,380.600000,0.000000,73,110,160,1600,3000,5600,8500,11000,19000,25000,27000,19631,0,73,944.5710298405778,25.4733000183478,26842.70739997737,4766.191533798584
1791120662,1000,,Aggregated,379.100000,0.000000,73,110,160,1500,3000,5600,8400,11000,18000,24000,27000,20014,0,73,938.0290797841643,25.4733000183478,26842.70739997737,4768.33871290097
1791120663,1000,,Aggregated,380.400000,0.000000,73,110,160,1400,3000,5500,8400,11000,18000,24000,27000,20397,0,73,931.0223441731804,25.4733000183478,26842.70739997737,4769.822670000491
1791120664,1000,,Aggregated,382.800000,0.000000,73,110,160,1500,3000,5500,8400,11000,18000,24000,27000,20786,0,73,927.6917405753691,25.4733000183478,26842.70739997737,4765.3307033580295
1791120665,1000,,Aggregated,381.500000,0.000000,73,110,160,390,3000,5500,8400,10000,18000,24000,27000,21197,0,73,920.8064280039297,25.4733000183478,26842.70739997737,4766.239279143275
1791120666,1000,,Aggregated,383.900000,0.000000,73,110,160,420,3000,5500,8400,10000,18000,24000,27000,21592,0,73,916.3519539690177,25.4733000183478,26842.70739997737,4763.7178121526495
1791120667,1000,,Aggregated,386.900000,0.000000,73,110,160,460,3000,5500,8400,10000,18000,24000,27000,21996,0,73,911.3883595335546,25.4733000183478,26842.70739997737,4760.836288416076
1791120668,1000,,Aggregated,383.600000,0.000000,73,110,160,360,3000,5400,8300,10000,18000,24000,27000,22361,0,73,904.8482898215975,25.4733000183478,26842.70739997737,4761.197933902778
1791120669,1000,,Aggregated,386.400000,0.000000,73,110,160,310,3000,5400,8300,10000,18000,24000,27000,22748,0,73,897.5109922366835,25.4733000183478,26842.70739997737,4760.764286970283
1791120670,1000,,Aggregated,386.400000,0.000000,73,110,150,280,3000,5400,8300,10000,18000,24000,27000,23142,0,73,891.7044601071402,25.4733000183478,26842.70739997737,4759.373217526575
1791120671,1000,,Aggregated,387.300000,0.000000,73,110,150,280,3000,5400,8300,10000,18000,24000,27000,23536,0,73,886.001192645299,25.4733000183478,26842.70739997737,4759.599719578518
1791120672,1000,,Aggregated,385.100000,0.000000,73,100,150,280,3000,5400,8200,10000,18000,24000,27000,23927,0,73,882.0817373887285,25.4733000183478,26842.70739997737,4758.102311196556
1791120673,1000,,Aggregated,389.300000,0.000000,73,100,150,270,3000,5300,8200,10000,17000,24000,27000,24341,0,73,877.0516120455297,25.4733000183478,26842.70739997737,4759.395875272175
1791120674,1000,,Aggregated,388.700000,0.000000,73,110,150,260,3000,5300,8200,10000,17000,24000,27000,24696,0,73,872.936289443629,25.4733000183478,26842.70739997737,4761.318270165209
1791120675,1000,,Aggregated,389.500000,0.000000,74,110,150,260,3000,5300,8100,10000,17000,24000,27000,25119,0,74,867.3025994665429,25.4733000183478,26842.70739997737,4761.667781360723
1791120676,1000,,Aggregated,388.200000,0.000000,74,110,150,260,3000,5200,8100,10000,17000,24000,27000,25486,0,74,863.8374010005541,25.4733000183478,26842.70739997737,4761.347170995841
1791120677,1000,,Aggregated,390.000000,0.000000,73,110,150,250,3000,5200,8100,10000,17000,24000,27000,25925,0,73,858.4710906229725,25.4733000183478,26842.70739997737,4758.971996142719
1791120678,1000,,Aggregated,387.700000,0.000000,73,110,150,250,3000,5200,8000,10000,17000,24000,27000,26311,0,73,854.3373162669576,25.4733000183478,26842.70739997737,4758.674926836684
1791120679,1000,,Aggregated,390.700000,0.000000,73,100,150,250,2900,5200,8000,9900,17000,24000,27000,26714,0,73,849.292346908024,25.4733000183478,26842.70739997737,4760.207905966909
1791120680,1000,,Aggregated,394.400000,0.000000,73,100,150,240,2900,5100,8000,9800,17000,24000,27000,27129,0,73,842.6872896974057,25.4733000183478,26842.70739997737,4761.79461093295
1791120681,1000,,Aggregated,394.800000,0.000000,73,100,150,230,2900,5100,8000,9800,17000,24000,27000,27536,0,73,839.0123076336864,25.4733000183478,26842.70739997737,4758.162405578152
1791120682,1000,,Aggregated,396.300000,0.000000,73,100,150,230,2900,5100,7900,9800,17000,24000,27000,27943,0,73,832.2069919085758,25.4733000183478,26842.70739997737,4759.418530580109
1791120683,1000,,Aggregated,396.200000,0.000000,73,100,150,220,2900,5000,7900,9700,17000,24000,27000,28359,0,73,826.7590991819598,25.4733000183478,26842.70739997737,4759.22253958179
1791120684,1000,,Aggregated,398.900000,0.000000,73,100,150,220,2900,4900,7800,9600,17000,24000,27000,28746,0,73,822.3252242990686,25.4733000183478,26842.70739997737,4758.911465943088
1791120685,1000,,Aggregated,399.900000,0.000000,74,100,150,220,2900,4900,7800,9500,17000,24000,27000,29175,0,74,816.0505001199937,25.4733000183478,26842.70739997737,4759.831293916024
1791120686,1000,,Aggregated,401.100000,0.000000,73,100,150,220,2900,4900,7700,9400,17000,24000,27000,29621,0,73,811.9378936126726,25.4733000183478,26842.70739997737,4756.940346375882
1791120687,1000,,Aggregated,402.900000,0.000000,73,100,150,210,2900,4800,7700,9300,17000,24000,27000,30031,0,73,806.2468706470584,25.4733000183478,26842.70739997737,4759.427724684493
1791120688,1000,,Aggregated,409.300000,0.000000,74,100,150,210,2800,4800,7600,9100,17000,24000,27000,30411,0,74,800.3659013417081,25.4733000183478,26842.70739997737,4760.282266285226
1791120689,1000,,Aggregated,407.000000,0.000000,74,100,150,210,2800,4800,7600,9100,17000,24000,27000,30843,0,74,795.2423626658374,25.4733000183478,26842.70739997737,4759.7631229128165
1791120690,1000,,Aggregated,405.900000,0.000000,73,100,150,210,2800,4800,7600,9000,17000,24000,27000,31245,0,73,790.937549563184,25.4733000183478,26842.70739997737,4757.653384541527
1791120691,1000,,Aggregated,409.500000,0.000000,74,100,150,210,2800,4700,7500,9000,17000,24000,27000,31694,0,74,785.6406698934055,25.4733000183478,26842.70739997737,4758.03622136682
1791120692,1000,,Aggregated,410.500000,0.000000,74,100,150,210,2800,4700,7400,9000,16000,24000,27000,32112,0,74,781.8033747602497,25.4733000183478,26842.70739997737,4757.882224713503
1791120693,1000,,Aggregated,409.600000,0.000000,74,100,150,200,2800,4700,7400,8900,16000,24000,27000,32501,0,74,778.3120193840555,25.4733000183478,26842.70739997737,4758.198916956401
1791120694,1000,,Aggregated,410.700000,0.000000,74,100,150,200,2800,4700,7300,8900,16000,24000,27000,32920,0,74,774.8259787789013,25.4733000183478,26842.70739997737,4759.374027946537
1791120695,1000,,Aggregated,408.600000,0.000000,74,100,150,200,2800,4700,7300,8900,16000,24000,27000,33315,0,74,770.3183276122388,25.4733000183478,26842.70739997737,4759.294191805493
1791120696,1000,,Aggregated,411.500000,0.000000,74,100,150,200,2800,4600,7200,8800,16000,24000,27000,33729,0,74,766.3567633906188,25.4733000183478,26842.70739997737,4760.79062527795
1791120697,1000,,Aggregated,410.600000,0.000000,74,100,150,200,2700,4600,7100,8800,16000,24000,27000,34153,0,74,763.3820695049176,25.4733000183478,26842.70739997737,4757.195912511346
1791120698,1000,,Aggregated,405.800000,0.000000,74,100,150,200,2700,4600,7000,8800,16000,24000,27000,34570,0,74,759.504157147862,25.4733000183478,26842.70739997737,4756.242898466879
1791120699,1000,,Aggregated,407.100000,0.000000,74,100,140,200,2700,4600,7000,8800,16000,24000,27000,35029,0,74,755.2446183048844,25.4733000183478,26842.70739997737,4756.841245824888
1791120700,1000,,Aggregated,408.300000,0.000000,74,100,140,200,2700,4600,6900,8800,16000,24000,27000,35440,0,74,752.1149926044459,25.4733000183478,26842.70739997737,4756.584001128668
1791120701,1000,,Aggregated,408.700000,0.000000,74,100,140,200,2700,4500,6900,8800,16000,24000,27000,35849,0,74,747.1244946107719,25.4733000183478,26842.70739997737,4758.754721191665
1791120702,1000,,Aggregated,410.600000,0.000000,74,100,140,190,2700,4500,6800,8800,16000,24000,27000,36281,0,74,742.3001933712194,25.4733000183478,26842.70739997737,4760.561423334528
1791120703,1000,,Aggregated,408.900000,0.000000,74,100,140,190,2600,4500,6800,8700,16000,24000,27000,36686,0,74,738.4995984926408,25.4733000183478,26842.70739997737,4759.008967998691
1791120704,1000,,Aggregated,414.000000,0.000000,74,100,140,190,2600,4400,6800,8700,16000,24000,27000,37087,0,74,733.6307172837193,25.4733000183478,26842.70739997737,4763.046053873325
1791120705,1000,,Aggregated,416.700000,0.000000,74,100,140,190,2600,4400,6800,8700,16000,24000,27000,37492,0,74,730.1925987197656,25.4733000183478,26842.70739997737,4760.705510508908
1791120706,1000,,Aggregated,411.400000,0.000000,74,100,140,190,2600,4400,6800,8700,16000,24000,27000,37895,0,74,728.0956343713275,25.4733000183478,26842.70739997737,4759.769811320754
1791120707,1000,,Aggregated,414.300000,0.000000,74,100,140,190,2600,4300,6700,8700,16000,24000,27000,38305,0,74,725.2208911865725,25.4733000183478,26842.70739997737,4761.018509332986
1791120708,1000,,Aggregated,415.600000,0.000000,74,100,140,190,2600,4300,6700,8700,16000,24000,27000,38724,0,74,722.9269245713765,25.4733000183478,26842.70739997737,4758.942774506766
1791120709,1000,,Aggregated,413.900000,0.000000,74,100,140,190,2600,4300,6700,8600,16000,24000,27000,39160,0,74,720.6562545991317,25.4733000183478,26842.70739997737,4760.024361593462
1791120710,1000,,Aggregated,415.300000,0.000000,74,100,140,190,2500,4300,6700,8600,16000,24000,27000,39562,0,74,717.3815129467961,25.4733000183478,26842.70739997737,4759.163869369597
1791120711,1000,,Aggregated,410.000000,0.000000,74,100,140,190,2500,4300,6600,8600,16000,24000,27000,39999,0,74,714.8491502337976,25.4733000183478,26842.70739997737,4758.094352358809
1791120712,1000,,Aggregated,409.000000,0.000000,74,100,140,190,2500,4200,6600,8600,16000,23000,27000,40420,0,74,711.0607691885566,25.4733000183478,26842.70739997737,4756.07981197427
1791120713,1000,,Aggregated,415.000000,0.000000,74,100,140,190,2500,4200,6600,8600,16000,23000,27000,40876,0,74,706.6291698576673,25.4733000183478,26842.70739997737,4756.989235737352
1791120714,1000,,Aggregated,411.300000,0.000000,75,100,140,190,2500,4200,6500,8600,16000,23000,27000,41311,0,75,702.4736489071136,25.4733000183478,26842.70739997737,4758.988985984362
1791120715,1000,,Aggregated,414.800000,0.000000,75,100,140,180,2400,4100,6500,8600,16000,23000,27000,41749,0,75,698.5738496754888,25.4733000183478,26842.70739997737,4759.929076145537
1791120716,1000,,Aggregated,419.600000,0.000000,75,100,140,180,2400,4100,6500,8500,15000,23000,27000,42134,0,75,695.3234940523458,25.4733000183478,26842.70739997737,4758.447002420848
1791120717,1000,,Aggregated,419.000000,0.000000,75,100,140,180,2400,4000,6400,8500,15000,23000,27000,42553,0,75,691.3036945503742,25.4733000183478,26842.70739997737,4758.5475054637745
1791120718,1000,,Aggregated,422.500000,0.000000,75,100,140,180,2400,4000,6400,8500,15000,23000,27000,42972,0,75,688.9026991599867,25.4733000183478,26842.70739997737,4756.6999906916135
1791120719,1000,,Aggregated,419.400000,0.000000,75,100,140,180,2400,3900,6400,8500,15000,23000,27000,43407,0,75,686.0382225517219,25.4733000183478,26842.70739997737,4755.257009238141
1791120720,1000,,Aggregated,421.700000,0.000000,75,100,140,180,2400,3900,6400,8500,15000,23000,27000,43855,0,75,681.9544766960096,25.4733000183478,26842.70739997737,4758.605586592179
1791120721,1000,,Aggregated,423.600000,0.000000,75,100,140,180,2400,3900,6400,8500,15000,23000,27000,44254,0,75,678.8975188797275,25.4733000183478,26842.70739997737,4760.484973109776
1791120722,1000,,Aggregated,425.900000,0.000000,75,100,140,180,2400,3900,6300,8500,15000,23000,27000,44706,0,75,675.9690724467342,25.4733000183478,26842.70739997737,4760.193553438017
1791120723,1000,,Aggregated,425.900000,0.000000,75,100,140,180,2300,3800,6300,8500,15000,23000,27000,45127,0,75,673.5716694972936,25.4733000183478,26842.70739997737,4759.665145035123
1791120724,1000,,Aggregated,423.300000,0.000000,75,100,140,180,2300,3800,6300,8500,15000,23000,27000,45536,0,75,670.1554058899358,25.4733000183478,26842.70739997737,4760.0069395643
1791120725,1000,,Aggregated,423.000000,0.000000,75,100,140,180,2300,3800,6300,8400,15000,23000,27000,45976,0,75,666.9711934031649,25.4733000183478,26842.70739997737,4758.962393422656
1791120726,1000,,Aggregated,419.800000,0.000000,75,100,140,180,2300,3800,6300,8400,15000,23000,27000,46394,0,75,664.6470372807722,25.4733000183478,26842.70739997737,4759.985386041299
1791120727,1000,,Aggregated,422.000000,0.000000,75,100,140,180,2300,3700,6200,8400,15000,23000,27000,46844,0,75,662.3988423427289,25.4733000183478,26842.70739997737,4758.518337460508
1791120728,1000,,Aggregated,415.700000,0.000000,75,100,140,180,2300,3700,6200,8400,15000,23000,27000,47286,0,75,658.6492792962594,25.4733000183478,26842.70739997737,4759.340058368228
1791120729,1000,,Aggregated,424.600000,0.000000,75,100,140,180,2300,3700,6200,8400,15000,23000,27000,47693,0,75,655.3625578596922,25.4733000183478,26842.70739997737,4760.740150546202
1791120730,1000,,Aggregated,423.300000,0.000000,75,100,140,180,2200,3700,6200,8400,15000,23000,27000,48124,0,75,652.5076726166285,25.4733000183478,26842.70739997737,4760.394709500457
1791120731,1000,,Aggregated,427.800000,0.000000,75,100,140,180,2200,3700,6100,8400,15000,23000,27000,48552,0,75,649.234820137246,25.4733000183478,26842.70739997737,4762.070584116
1791120732,1000,,Aggregated,425.800000,0.000000,75,100,140,180,2200,3700,6100,8400,15000,23000,27000,49001,0,75,646.2200207506585,25.4733000183478,26842.70739997737,4762.3642374645415
1791120733,1000,,Aggregated,424.900000,0.000000,75,99,140,180,2200,3600,6100,8400,15000,23000,27000,49423,0,75,643.7681869474409,25.4733000183478,26842.70739997737,4762.050806304757
1791120734,1000,,Aggregated,427.900000,0.000000,75,99,140,180,2200,3600,6100,8400,15000,23000,27000,49830,0,75,641.1254378025856,25.4733000183478,26842.70739997737,4761.7622917920935
1791120735,1000,,Aggregated,427.400000,0.000000,75,99,140,180,2200,3600,6100,8300,15000,23000,27000,50264,0,75,638.6925829639943,25.4733000183478,26842.70739997737,4761.459374502626
1791120736,1000,,Aggregated,429.100000,0.000000,75,99,140,170,2100,3600,6000,8300,15000,23000,27000,50726,0,75,635.8218103458167,25.4733000183478,26842.70739997737,4759.812403895438
1791120737,1000,,Aggregated,427.600000,0.000000,75,99,140,170,2100,3600,6000,8300,15000,23000,27000,51158,0,75,633.9010087513569,25.4733000183478,26842.70739997737,4760.532761249462
1791120738,1000,,Aggregated,431.100000,0.000000,75,99,140,170,2100,3600,6000,8300,15000,23000,27000,51606,0,75,631.2994640836619,25.4733000183478,26842.70739997737,4759.698949734527
1791120739,1000,,Aggregated,431.100000,0.000000,75,99,140,170,2100,3600,6000,8300,15000,23000,27000,52016,0,75,628.131812565378,25.4733000183478,26842.70739997737,4760.909450938173
1791120740,1000,,Aggregated,431.900000,0.000000,75,98,140,170,2100,3500,6000,8300,15000,23000,27000,52448,0,75,625.2564737644987,25.4733000183478,26842.70739997737,4762.230380567419
1791120741,1000,,Aggregated,429.900000,0.000000,75,98,140,170,2100,3500,6000,8200,15000,23000,27000,52882,0,75,622.7612719148191,25.4733000183478,26842.70739997737,4761.597878295072
1791120742,1000,,Aggregated,429.400000,0.000000,75,99,140,170,2100,3500,5900,8200,14000,23000,27000,53240,0,75,621.5416689706968,25.4733000183478,26842.70739997737,4761.32526296018
1791120743,1000,,Aggregated,429.900000,0.000000,75,99,140,170,2100,3500,5900,8200,14000,23000,27000,53732,0,75,619.1645444614118,25.4733000183478,26842.70739997737,4761.240582892876
1791120744,1000,,Aggregated,428.600000,0.000000,75,99,140,170,2000,3400,5900,8200,14000,23000,27000,54130,0,75,616.9134158932476,25.4733000183478,26842.70739997737,4760.366210973582
1791120745,1000,,Aggregated,424.400000,0.000000,75,98,140,170,2000,3400,5900,8200,14000,23000,27000,54557,0,75,614.5605717305124,25.4733000183478,26842.70739997737,4760.764173249995
1791120746,1000,,Aggregated,427.500000,0.000000,76,98,140,170,2000,3400,5900,8100,14000,23000,27000,54975,0,76,612.3271442055768,25.4733000183478,26842.70739997737,4760.713706230104
1791120747,1000,,Aggregated,426.500000,0.000000,76,98,140,170,2000,3400,5900,8100,14000,23000,27000,55410,0,76,610.4598909890318,25.4733000183478,26842.70739997737,4761.433062624075
1791120748,1000,,Aggregated,426.200000,0.000000,76,98,140,170,2000,3400,5900,8100,14000,23000,27000,55838,0,76,608.6278690318748,25.4733000183478,26842.70739997737,4760.633403775207
1791120749,1000,,Aggregated,422.500000,0.000000,76,98,140,170,2000,3400,5900,8100,14000,23000,27000,56251,0,76,608.043266215755,25.4733000183478,26842.70739997737,4758.881673214699
1791120750,1000,,Aggregated,421.000000,0.000000,76,98,130,170,2000,3400,5900,8100,14000,23000,27000,56712,0,76,605.7459567763924,25.4733000183478,26842.70739997737,4758.73280787135
1791120751,1000,,Aggregated,422.200000,0.000000,76,98,130,170,2000,3400,5800,8000,14000,23000,27000,57159,0,76,604.1377972760704,25.4733000183478,26842.70739997737,4757.876747318883
1791120752,1000,,Aggregated,421.700000,0.000000,76,98,130,170,2000,3300,5800,8000,14000,23000,27000,57615,0,76,601.2449122763473,25.4733000183478,26842.70739997737,4760.380699470624
1791120753,1000,,Aggregated,423.300000,0.000000,76,98,130,170,2000,3300,5800,8000,14000,23000,27000,58058,0,76,598.8754202366713,25.4733000183478,26842.70739997737,4758.536360191532
1791120754,1000,,Aggregated,425.000000,0.000000,76,98,140,170,2000,3300,5800,8000,14000,23000,27000,58416,0,76,596.6915613992753,25.4733000183478,26842.70739997737,4760.482299370035
1791120755,1000,,Aggregated,432.300000,0.000000,76,98,140,170,2000,3300,5800,8000,14000,23000,27000,58906,0,76,593.9103355260924,25.4733000183478,26842.70739997737,4760.343139917835
1791120756,1000,,Aggregated,430.400000,0.000000,76,98,140,170,2000,3300,5800,8000,14000,23000,27000,59356,0,76,592.1457711099052,25.4733000183478,26842.70739997737,4759.112692903835
1791120757,1000,,Aggregated,432.400000,0.000000,76,98,140,170,1900,3200,5800,8000,14000,23000,27000,59782,0,76,590.2034927018084,25.4733000183478,26842.70739997737,4758.395302933994
1791120758,1000,,Aggregated,430.900000,0.000000,76,98,140,170,1900,3200,5700,7900,14000,22000,27000,60278,0,76,587.3864518116012,25.4733000183478,26842.70739997737,4759.165284183284
1791120759,1000,,Aggregated,433.700000,0.000000,76,99,130,170,1900,3200,5700,7900,14000,22000,27000,60705,0,76,585.1765184053976,25.4733000183478,26842.70739997737,4760.230903549955
1791120760,1000,,Aggregated,434.800000,0.000000,76,99,130,170,1900,3200,5700,7900,14000,22000,27000,61141,0,76,583.1843321093712,25.4733000183478,26842.70739997737,4760.306766327015
1791120761,1000,,Aggregated,434.700000,0.000000,76,98,130,170,1900,3200,5700,7900,14000,22000,27000,61617,0,76,580.4764415778005,25.4733000183478,26842.70739997737,4760.266858172257
1791120763,1000,,Aggregated,435.500000,0.000000,76,99,130,170,1900,3200,5700,7800,14000,22000,27000,62019,0,76,578.3985206759111,25.4733000183478,26842.70739997737,4760.933149518696
1791120764,1000,,Aggregated,438.600000,0.000000,76,98,130,170,1900,3100,5700,7800,14000,22000,27000,62480,0,76,576.246902381554,25.4733000183478,26842.70739997737,4760.457138284251
1791120765,1000,,Aggregated,431.700000,0.000000,76,99,130,170,1900,3100,5700,7800,14000,22000,27000,62886,0,76,574.5097428743945,25.4733000183478,26842.70739997737,4760.444693572496
1791120766,1000,,Aggregated,434.200000,0.000000,76,99,130,170,1900,3100,5600,7800,14000,22000,27000,63300,0,76,572.2769022890924,25.4733000183478,26842.70739997737,4762.436745655608
1791120767,1000,,Aggregated,432.300000,0.000000,76,99,130,170,1900,3100,5600,7700,14000,22000,27000,63740,0,76,571.0629876388417,25.4733000183478,26842.70739997737,4761.699184185754
1791120768,1000,,Aggregated,433.600000,0.000000,76,99,130,170,1900,3100,5600,7700,14000,22000,27000,64160,0,76,570.1240774548045,25.4733000183478,26842.70739997737,4760.841396508728
1791120769,1000,,Aggregated,432.200000,0.000000,76,99,130,170,1900,3100,5600,7700,14000,22000,27000,64599,0,76,568.4646004953634,25.4733000183478,26842.70739997737,4760.179399061905
1791120770,1000,,Aggregated,430.800000,0.000000,76,99,130,170,1900,3100,5600,7600,14000,22000,27000,65027,0,76,566.993450505177,25.4733000183478,26842.70739997737,4760.252725790825
1791120771,1000,,Aggregated,430.400000,0.000000,76,99,130,170,1800,3100,5600,7600,14000,22000,27000,65437,0,76,565.7149413848473,25.4733000183478,26842.70739997737,4759.976038021303
1791120772,1000,,Aggregated,429.500000,0.000000,76,98,130,170,1800,3100,5600,7600,14000,22000,27000,65869,0,76,564.3876963974049,25.4733000183478,26842.70739997737,4759.183485402845
1791120773,1000,,Aggregated,426.500000,0.000000,76,98,130,170,1800,3100,5600,7600,14000,22000,27000,66305,0,76,563.4167916280759,25.4733000183478,26842.70739997737,4757.194449890657
1791120774,1000,,Aggregated,422.700000,0.000000,76,98,130,170,1800,3100,5600,7600,14000,22000,27000,66749,0,76,562.4306511872743,25.4733000183478,26842.70739997737,4756.962845885331
1791120775,1000,,Aggregated,426.700000,0.000000,76,98,130,170,1800,3100,5500,7500,14000,22000,27000,67202,0,76,560.3123039388669,25.4733000183478,26842.70739997737,4757.652361536859
1791120776,1000,,Aggregated,424.200000,0.000000,77,99,130,170,1800,3100,5500,7500,14000,22000,27000,67596,0,77,559.0858723726222,25.4733000183478,26842.70739997737,4758.052946919936
1791120777,1000,,Aggregated,429.800000,0.000000,77,99,130,170,1800,3100,5500,7400,14000,22000,27000,68044,0,77,557.6338464155568,25.4733000183478,26842.70739997737,4757.476735641643
1791120778,1000,,Aggregated,426.900000,0.000000,77,99,130,170,1800,3100,5500,7400,14000,22000,27000,68491,0,77,555.8817480515704,25.4733000183478,26842.70739997737,4758.09182228322
1791120779,1000,,Aggregated,426.800000,0.000000,77,99,130,170,1800,3100,5500,7400,14000,22000,27000,68823,0,77,554.2524941661935,25.4733000183478,26842.70739997737,4759.436409339901
1791120780,1000,,Aggregated,428.600000,0.000000,77,99,130,170,1800,3100,5500,7300,14000,22000,27000,69305,0,77,552.4242376610653,25.4733000183478,26842.70739997737,4760.4702979583
1791120781,1000,,Aggregated,419.100000,0.000000,77,99,130,170,1800,3100,5500,7300,14000,22000,27000,69722,0,77,552.1878368520864,25.4733000183478,26842.70739997737,4759.078425747971
1791120782,1000,,Aggregated,425.800000,0.000000,77,99,130,170,1800,3100,5500,7300,14000,22000,27000,70151,0,77,551.6164644552719,25.4733000183478,26842.70739997737,4757.4298869581335
1791120783,1000,,Aggregated,425.400000,0.000000,77,99,130,170,1800,3100,5500,7300,14000,22000,27000,70627,0,77,550.132819438776,25.4733000183478,26842.70739997737,4756.8922791566965
1791120784,1000,,Aggregated,425.000000,0.000000,77,99,130,170,1800,3000,5500,7300,14000,22000,27000,71054,0,77,549.0736277394998,25.4733000183478,26842.70739997737,4755.947969150224
1791120785,1000,,Aggregated,428.600000,0.000000,77,99,130,170,1800,3000,5400,7200,14000,22000,27000,71515,0,77,546.8515503335238,25.4733000183478,26842.70739997737,4756.723218905125
1791120786,1000,,Aggregated,428.900000,0.000000,77,99,130,170,1700,3000,5400,7200,14000,22000,27000,71932,0,77,545.0137961839267,25.4733000183478,26842.70739997737,4756.784852360563
1791120787,1000,,Aggregated,427.600000,0.000000,77,99,130,170,1700,3000,5400,7200,14000,22000,27000,72384,0,77,543.3872761231974,25.4733000183478,26842.70739997737,4756.099027409372
1791120788,1000,,Aggregated,432.000000,0.000000,77,99,130,170,1700,3000,5400,7100,14000,22000,27000,72843,0,77,541.4526396029977,25.4733000183478,26842.70739997737,4756.57158546463
1791120789,1000,,Aggregated,432.700000,0.000000,77,99,130,170,1700,3000,5400,7100,14000,22000,27000,73291,0,77,539.6496842286327,25.4733000183478,26842.70739997737,4756.196804518972
1791120790,1000,,Aggregated,433.200000,0.000000,77,99,130,170,1700,3000,5400,7000,14000,22000,27000,73737,0,77,537.9989727626624,25.4733000183478,26842.70739997737,4756.7216051643
1791120791,1000,,Aggregated,444.800000,0.000000,77,98,130,170,1700,3000,5400,7000,14000,22000,27000,74150,0,77,536.0499830155139,25.4733000183478,26842.70739997737,4757.271045178692
1791120792,1000,,Aggregated,441.000000,0.000000,77,99,130,170,1700,3000,5400,7000,14000,22000,27000,74576,0,77,534.8074238481535,25.4733000183478,26842.70739997737,4758.065557283845
1791120793,1000,,Aggregated,442.900000,0.000000,77,99,130,170,1700,3000,5400,6900,14000,22000,27000,75013,0,77,533.3092815831959,25.4733000183478,26842.70739997737,4757.513937584152
1791120794,1000,,Aggregated,440.700000,0.000000,77,99,130,170,1700,3000,5300,6900,14000,22000,27000,75465,0,77,531.9464349115536,25.4733000183478,26842.70739997737,4756.270522758895
1791120795,1000,,Aggregated,436.100000,0.000000,77,99,130,170,1700,3000,5300,6900,14000,22000,27000,75907,0,77,530.3397495211308,25.4733000183478,26842.70739997737,4755.87993202208
1791120796,1000,,Aggregated,438.500000,0.000000,77,99,130,170,1700,3000,5300,6900,14000,22000,27000,76359,0,77,528.8422881873838,25.4733000183478,26842.70739997737,4755.4910881494
1791120797,1000,,Aggregated,436.800000,0.000000,77,99,130,170,1700,3000,5300,6900,14000,22000,27000,76781,0,77,527.2623656933423,25.4733000183478,26842.70739997737,4756.263685026243
1791120798,1000,,Aggregated,439.300000,0.000000,77,99,130,170,1700,3000,5300,6900,14000,22000,27000,77219,0,77,525.6867734897029,25.4733000183478,26842.70739997737,4757.631917015242
1791120799,1000,,Aggregated,438.800000,0.000000,77,99,130,170,1700,2900,5200,6800,14000,22000,27000,77641,0,77,524.6610665666584,25.4733000183478,26842.70739997737,4757.71688927242
1791120800,1000,,Aggregated,435.100000,0.000000,77,99,130,170,1700,2900,5200,6800,14000,22000,27000,78095,0,77,523.7225201869742,25.4733000183478,26842.70739997737,4756.897957615724
1791120801,1000,,Aggregated,433.100000,0.000000,77,99,130,170,1700,2900,5200,6800,14000,22000,27000,78526,0,77,522.6932666378324,25.4733000183478,26842.70739997737,4756.500751343504
1791120802,1000,,Aggregated,433.400000,0.000000,77,99,130,170,1600,2900,5200,6800,14000,22000,27000,78953,0,77,521.1538586893865,25.4733000183478,26842.70739997737,4756.8153585044265
1791120803,1000,,Aggregated,432.600000,0.000000,77,98,130,170,1600,2900,5200,6800,14000,22000,27000,79383,0,77,520.2900253417366,25.4733000183478,26842.70739997737,4756.852071602232
1791120804,1000,,Aggregated,435.800000,0.000000,77,98,130,170,1600,2900,5200,6800,14000,22000,27000,79784,0,77,519.3124068472615,25.4733000183478,26842.70739997737,4757.58342524817
1791120805,1000,,Aggregated,436.300000,0.000000,77,98,130,170,1600,2900,5200,6800,14000,22000,27000,80232,0,77,518.2116265978871,25.4733000183478,26842.70739997737,4756.902831787816
1791120806,1000,,Aggregated,431.200000,0.000000,77,98,130,170,1600,2900,5200,6700,14000,22000,27000,80623,0,77,517.5761855674184,25.4733000183478,26842.70739997737,4755.867134688612
1791120807,1000,,Aggregated,430.700000,0.000000,77,99,130,170,1600,2900,5200,6700,14000,22000,27000,81039,0,77,517.1621122657318,25.4733000183478,26842.70739997737,4755.595651476449
1791120808,1000,,Aggregated,427.100000,0.000000,77,99,130,170,1600,2900,5200,6700,14000,22000,27000,81493,0,77,517.1755363283168,25.4733000183478,26842.70739997737,4754.571901881143
1791120809,1000,,Aggregated,422.100000,0.000000,77,99,130,170,1600,2900,5200,6700,14000,22000,27000,81945,0,77,516.223514927132,25.4733000183478,26842.70739997737,4754.353175910672
1791120810,1000,,Aggregated,423.700000,0.000000,77,99,130,170,1600,2900,5100,6700,14000,22000,27000,82415,0,77,515.2769592938574,25.4733000183478,26842.70739997737,4753.340508402596
1791120811,1000,,Aggregated,425.600000,0.000000,77,99,130,170,1600,2900,5100,6700,14000,22000,27000,82833,0,77,513.7058506718708,25.4733000183478,26842.70739997737,4753.441828739754
1791120812,1000,,Aggregated,426.700000,0.000000,77,99,130,170,1600,2900,5100,6700,14000,22000,27000,83264,0,77,512.0650381197653,25.4733000183478,26842.70739997737,4754.590195042275
1791120813,1000,,Aggregated,428.500000,0.000000,77,99,130,170,1600,2900,5100,6700,14000,22000,27000,83716,0,77,510.7300905788998,25.4733000183478,26842.70739997737,4754.801818051507
1791120814,1000,,Aggregated,428.700000,0.000000,78,99,130,170,1600,2900,5100,6700,13000,22000,27000,84122,0,78,509.73875919740277,25.4733000183478,26842.70739997737,4754.585376001522
1791120815,1000,,Aggregated,427.900000,0.000000,78,99,130,160,1600,2900,5100,6600,13000,22000,27000,84563,0,78,508.32755174490325,25.4733000183478,26842.70739997737,4755.732447997351
1791120816,1000,,Aggregated,429.900000,0.000000,78,99,130,170,1600,2900,5100,6600,13000,22000,27000,84965,0,78,507.5505827341111,25.4733000183478,26842.70739997737,4755.3355381627725
1791120817,1000,,Aggregated,429.400000,0.000000,78,99,130,170,1600,2900,5100,6600,13000,22000,27000,85407,0,78,506.5593900629201,25.4733000183478,26842.70739997737,4755.506492442071
1791120818,1000,,Aggregated,431.000000,0.000000,78,99,130,170,1600,2900,5000,6600,13000,22000,27000,85873,0,78,506.2953108218463,25.4733000183478,26842.70739997737,4754.821550429122
1791120819,1000,,Aggregated,433.500000,0.000000,78,99,130,160,1600,2900,5000,6600,13000,22000,27000,86335,0,78,505.4366950773629,25.4733000183478,26842.70739997737,4754.432223316152
1791120820,1000,,Aggregated,436.100000,0.000000,78,99,130,160,1600,2900,5000,6600,13000,22000,27000,86753,0,78,504.37589710215934,25.4733000183478,26842.70739997737,4753.838115108411
1791120821,1000,,Aggregated,436.400000,0.000000,78,99,130,160,1600,2900,5000,6600,13000,22000,27000,87213,0,78,502.9321146503832,25.4733000183478,26842.70739997737,4753.7047343859285
1791120822,1000,,Aggregated,435.000000,0.000000,78,99,130,160,1600,2900,5000,6600,13000,22000,27000,87634,0,78,501.53305859716795,25.4733000183478,26842.70739997737,4754.171691352672
1791120823,1000,,Aggregated,435.500000,0.000000,78,99,130,160,1600,2900,5000,6500,13000,22000,27000,88057,0,78,500.4959124215496,25.4733000183478,26842.70739997737,4753.826112631591
1791120824,1000,,Aggregated,433.400000,0.000000,78,99,130,170,1600,2800,4900,6500,13000,22000,27000,88509,0,78,500.2428873527361,25.4733000183478,26842.70739997737,4752.60967811183
1791120825,1000,,Aggregated,433.300000,0.000000,78,99,130,170,1500,2800,4900,6500,13000,22000,27000,89000,0,78,498.9558081753126,25.4733000183478,26842.70739997737,4752.718674157303
1791120826,1000,,Aggregated,434.300000,0.000000,78,99,130,170,1500,2800,4900,6500,13000,22000,27000,89449,0,78,497.6183945533547,25.4733000183478,26842.70739997737,4753.175988552136
1791120827,1000,,Aggregated,435.600000,0.000000,78,99,130,170,1500,2800,4900,6500,13000,22000,27000,89893,0,78,496.13873350763714,25.4733000183478,26842.70739997737,4753.305463161759
1791120828,1000,,Aggregated,438.900000,0.000000,78,99,130,170,1500,2800,4900,6500,13000,22000,27000,90325,0,78,494.93926492225745,25.4733000183478,26842.70739997737,4753.9131469692775
1791120829,1000,,Aggregated,437.900000,0.000000,78,99,130,170,1500,2800,4900,6400,13000,22000,27000,90777,0,78,493.84545587100706,25.4733000183478,26842.70739997737,4754.1672450069955
1791120830,1000,,Aggregated,438.600000,0.000000,78,99,130,170,1500,2800,4900,6400,13000,22000,27000,91232,0,78,493.0158417572984,25.4733000183478,26842.70739997737,4752.825883461943
1791120831,1000,,Aggregated,436.800000,0.000000,78,99,130,160,1500,2800,4900,6400,13000,22000,27000,91656,0,78,491.6705505215287,25.4733000183478,26842.70739997737,4753.56295277996
1791120832,1000,,Aggregated,437.200000,0.000000,78,99,130,160,1500,2800,4900,6400,13000,22000,27000,92091,0,78,490.3249978944931,25.4733000183478,26842.70739997737,4753.679404067716
1791120833,1000,,Aggregated,437.300000,0.000000,78,99,130,160,1500,2800,4800,6400,13000,22000,27000,92558,0,78,489.6070234372302,25.4733000183478,26842.70739997737,4752.324272348149
1791120834,1000,,Aggregated,436.600000,0.000000,78,99,130,160,1500,2800,4800,6400,13000,22000,27000,92992,0,78,488.30077511830893,25.4733000183478,26842.70739997737,4753.094545767378
1791120835,1000,,Aggregated,441.200000,0.000000,78,99,130,160,1500,2800,4800,6400,13000,22000,27000,93444,0,78,486.86330504047214,25.4733000183478,26842.70739997737,4753.072567527075
1791120836,1000,,Aggregated,444.100000,0.000000,78,99,130,160,1500,2800,4800,6400,13000,22000,27000,93881,0,78,485.6809525261043,25.4733000183478,26842.70739997737,4753.555096345373
1791120837,1000,,Aggregated,443.500000,0.000000,78,99,130,160,1500,2800,4800,6400,13000,22000,27000,94306,0,78,484.5396611530887,25.4733000183478,26842.70739997737,4754.589082348949
1791120838,1000,,Aggregated,441.000000,0.000000,78,99,130,160,1500,2800,4800,6300,13000,22000,27000,94772,0,78,484.05622858231146,25.4733000183478,26842.70739997737,4753.844373865699
1791120839,1000,,Aggregated,439.100000,0.000000,78,99,130,160,1500,2800,4800,6300,13000,22000,27000,95221,0,78,483.401491447291,25.4733000183478,26842.70739997737,4753.25963810504
1791120840,1000,,Aggregated,439.600000,0.000000,78,99,130,160,1500,2800,4800,6300,13000,22000,27000,95703,0,78,482.57257324432163,25.4733000183478,26842.70739997737,4752.346509513808
1791120841,1000,,Aggregated,443.200000,0.000000,78,99,130,160,1500,2800,4800,6300,13000,22000,27000,96174,0,78,481.2540802191929,25.4733000183478,26842.70739997737,4752.85183105621
1791120842,1000,,Aggregated,443.500000,0.000000,78,99,130,160,1500,2700,4800,6300,13000,22000,27000,96623,0,78,479.88612819102195,25.4733000183478,26842.70739997737,4753.0217960527
1791120843,1000,,Aggregated,436.900000,0.000000,78,99,130,160,1400,2700,4700,6300,13000,22000,27000,97076,0,78,478.45942796880826,25.4733000183478,26842.70739997737,4753.028699163542
1791120844,1000,,Aggregated,448.400000,0.000000,78,99,130,160,1400,2700,4700,6300,13000,22000,27000,97506,0,78,477.0804137642847,25.4733000183478,26842.70739997737,4754.652503435686
1791120845,1000,,Aggregated,445.800000,0.000000,78,99,130,160,1400,2700,4700,6300,13000,22000,27000,97951,0,78,475.9965862645538,25.4733000183478,26842.70739997737,4754.5091729538235
1791120846,1000,,Aggregated,444.100000,0.000000,78,99,130,160,1400,2700,4700,6300,13000,22000,27000,98364,0,78,475.04383469865934,25.4733000183478,26842.70739997737,4754.878644626083
1791120847,1000,,Aggregated,445.200000,0.000000,78,100,130,160,1400,2700,4700,6200,13000,22000,27000,98806,0,78,473.91723882658073,25.4733000183478,26842.70739997737,4756.386859097625
1791120848,1000,,Aggregated,444.700000,0.000000,78,100,130,160,1400,2700,4700,6200,13000,22000,27000,99243,0,78,473.3966440363457,25.4733000183478,26842.70739997737,4755.9175458218715
1791120849,1000,,Aggregated,446.000000,0.000000,78,100,130,160,1400,2700,4700,6200,13000,22000,27000,99691,0,78,472.65394873458183,25.4733000183478,26842.70739997737,4755.371407649637
1791120850,1000,,Aggregated,445.000000,0.000000,78,100,130,160,1400,2700,4700,6200,12000,21000,27000,100151,0,78,471.6854430360229,25.4733000183478,26842.70739997737,4755.616119659315
1791120851,1000,,Aggregated,440.500000,0.000000,78,99,130,160,1400,2700,4700,6200,12000,21000,27000,100580,0,78,471.10418485386054,25.4733000183478,26842.70739997737,4754.693219327898
1791120852,1000,,Aggregated,437.900000,0.000000,78,100,130,160,1400,2700,4700,6200,12000,21000,27000,101020,0,78,470.0637950890998,25.4733000183478,26842.70739997737,4756.274133834884
1791120853,1000,,Aggregated,447.700000,0.000000,78,100,130,160,1400,2700,4700,6200,12000,21000,27000,101489,0,78,469.1527052941598,25.4733000183478,26842.70739997737,4754.938781542827
1791120854,1000,,Aggregated,438.300000,0.000000,78,100,130,160,1400,2700,4700,6200,12000,21000,27000,101893,0,78,468.2020768237113,25.4733000183478,26842.70739997737,4755.566447155349
1791120855,1000,,Aggregated,437.900000,0.000000,78,100,130,160,1400,2700,4700,6200,12000,21000,27000,102339,0,78,467.17437157388224,25.4733000183478,26842.70739997737,4755.615835605195
1791120856,1000,,Aggregated,439.100000,0.000000,78,100,130,160,1400,2700,4600,6100,12000,21000,27000,102782,0,78,466.6488978984737,25.4733000183478,26842.70739997737,4755.109951158764
1791120857,1000,,Aggregated,435.800000,0.000000,78,100,130,160,1400,2700,4600,6100,12000,21000,27000,103207,0,78,465.7019093133483,25.4733000183478,26842.70739997737,4755.282800585232
1791120858,1000,,Aggregated,436.200000,0.000000,78,100,130,160,1400,2600,4600,6100,12000,21000,27000,103672,0,78,465.09837300526954,25.4733000183478,26842.70739997737,4754.956593872984
1791120859,1000,,Aggregated,438.100000,0.000000,78,100,130,160,1400,2600,4600,6100,12000,21000,27000,104109,0,78,464.3149215879696,25.4733000183478,26842.70739997737,4754.9690516670025
1791120860,1000,,Aggregated,436.600000,0.000000,78,100,130,160,1400,2600,4600,6100,12000,21000,27000,104565,0,78,463.62178418976265,25.4733000183478,26842.70739997737,4754.756036914838
1791120861,1000,,Aggregated,439.300000,0.000000,78,99,130,160,1400,2600,4600,6100,12000,21000,27000,105029,0,78,462.5701680421652,25.4733000183478,26842.70739997737,4754.26512677451
1791120862,1000,,Aggregated,441.700000,0.000000,78,99,130,160,1400,2600,4600,6100,12000,21000,27000,105453,0,78,461.5975209913475,25.4733000183478,26842.70739997737,4754.860392781618
1791120863,1000,,Aggregated,438.600000,0.000000,79,99,130,160,1400,2600,4600,6100,12000,21000,27000,105918,0,79,460.36120249437954,25.4733000183478,26842.70739997737,4755.758605713854
1791120864,1000,,Aggregated,440.900000,0.000000,79,99,130,160,1400,2600,4600,6100,12000,21000,27000,106315,0,79,459.6113507962244,25.4733000183478,26842.70739997737,4756.18250482058
1791120865,1000,,Aggregated,440.300000,0.000000,79,99,130,160,1400,2600,4600,6100,12000,21000,27000,106772,0,79,459.07725450772557,25.4733000183478,26842.70739997737,4755.438129846776
1791120866,1000,,Aggregated,435.400000,0.000000,79,99,130,160,1400,2600,4600,6000,12000,21000,27000,107218,0,79,458.4621730977911,25.4733000183478,26842.70739997737,4755.784019474342
1791120867,1000,,Aggregated,438.100000,0.000000,78,99,130,160,1400,2600,4500,6000,12000,21000,27000,107654,0,78,458.0824815519927,25.4733000183478,26842.70739997737,4755.737464469504
1791120868,1000,,Aggregated,438.700000,0.000000,79,99,130,160,1400,2600,4500,6000,12000,21000,27000,108080,0,79,457.42787404050665,25.4733000183478,26842.70739997737,4756.24504996299
1791120869,1000,,Aggregated,442.200000,0.000000,79,99,130,160,1300,2600,4500,6000,12000,21000,27000,108546,0,79,456.52606177378516,25.4733000183478,26842.70739997737,4756.202246052365
1791120870,1000,,Aggregated,441.700000,0.000000,79,99,130,160,1300,2600,4500,6000,12000,21000,27000,109009,0,79,456.1296988221043,25.4733000183478,26842.70739997737,4755.946261317873
1791120871,1000,,Aggregated,440.600000,0.000000,79,99,130,160,1300,2600,4500,6000,12000,21000,27000,109452,0,79,455.43082466194755,25.4733000183478,26842.70739997737,4755.942979570954
1791120872,1000,,Aggregated,440.000000,0.000000,79,99,130,160,1300,2600,4500,6000,12000,21000,27000,109826,0,79,454.75146649427603,25.4733000183478,26842.70739997737,4756.225720685448
1791120873,1000,,Aggregated,441.300000,0.000000,79,99,130,160,1300,2600,4500,6000,12000,20000,27000,110358,0,79,453.6255650120654,25.4733000183478,26842.70739997737,4756.862891679806
1791120874,1000,,Aggregated,440.200000,0.000000,79,99,130,160,1300,2600,4500,6000,12000,20000,27000,110763,0,79,452.9892019790111,25.4733000183478,26842.70739997737,4756.480828435489
1791120875,1000,,Aggregated,437.700000,0.000000,79,99,130,160,1300,2600,4500,6000,12000,20000,27000,111235,0,79,452.14889195127927,25.4733000183478,26842.70739997737,4756.526461994876
1791120876,1000,,Aggregated,444.100000,0.000000,79,99,130,160,1300,2500,4500,6000,12000,20000,27000,111641,0,79,451.29690900655186,25.4733000183478,26842.70739997737,4757.23741277846
1791120877,1000,,Aggregated,442.000000,0.000000,79,100,130,160,1300,2500,4400,6000,12000,20000,27000,112111,0,79,450.32971042094596,25.4733000183478,26842.70739997737,4757.936892900786
1791120878,1000,,Aggregated,444.900000,0.000000,79,100,130,160,1300,2500,4400,6000,12000,20000,27000,112537,0,79,449.80707969469677,25.4733000183478,26842.70739997737,4757.408630050561
1791120879,1000,,Aggregated,440.500000,0.000000,79,100,130,160,1300,2500,4400,6000,12000,20000,27000,112987,0,79,449.0379422296611,25.4733000183478,26842.70739997737,4757.797551930753
1791120880,1000,,Aggregated,442.800000,0.000000,79,100,130,160,1300,2500,4400,6000,12000,20000,27000,113443,0,79,448.66547458196584,25.4733000183478,26842.70739997737,4757.571361829288
1791120881,1000,,Aggregated,438.900000,0.000000,79,100,130,160,1300,2500,4400,5900,12000,20000,27000,113901,0,79,448.0454929754971,25.4733000183478,26842.70739997737,4756.20227214862
1791120882,1000,,Aggregated,441.000000,0.000000,79,100,130,160,1300,2500,4400,5900,12000,20000,27000,114348,0,79,446.9804036380409,25.4733000183478,26842.70739997737,4756.402324483157
1791120883,1000,,Aggregated,440.300000,0.000000,79,100,130,160,1300,2500,4400,5900,12000,20000,27000,114793,0,79,445.88637039194595,25.4733000183478,26842.70739997737,4756.368637460472
1791120884,1000,,Aggregated,442.100000,0.000000,79,100,130,160,1300,2500,4400,5900,12000,20000,27000,115232,0,79,444.9410557145817,25.4733000183478,26842.70739997737,4757.155911552347
1791120885,1000,,Aggregated,446.000000,0.000000,79,100,130,160,1300,2500,4300,5900,12000,20000,27000,115679,0,79,444.1908847120382,25.4733000183478,26842.70739997737,4757.183283050511
1791120886,1000,,Aggregated,442.000000,0.000000,79,100,130,160,1300,2500,4300,5900,12000,20000,27000,116121,0,79,443.38512942537756,25.4733000183478,26842.70739997737,4756.765537671911
1791120887,1000,,Aggregated,442.900000,0.000000,79,100,130,160,1300,2500,4300,5900,12000,20000,27000,116589,0,79,442.8619706473551,25.4733000183478,26842.70739997737,4756.130158076662
1791120888,1000,,Aggregated,442.100000,0.000000,79,100,130,160,1300,2500,4300,5900,12000,20000,27000,116923,0,79,442.53739297574293,25.4733000183478,26842.70739997737,4755.738015617116
1791120889,1000,,Aggregated,444.300000,0.000000,79,100,130,160,1300,2500,4300,5900,12000,20000,27000,117433,0,79,441.6641436657766,25.4733000183478,26842.70739997737,4757.790067527867
1791120890,1000,,Aggregated,445.900000,0.000000,79,100,130,160,1300,2500,4300,5900,12000,20000,27000,117881,0,79,440.95899251197073,25.4733000183478,26842.70739997737,4757.4394940660495
1791120891,1000,,Aggregated,438.900000,0.000000,79,100,130,160,1300,2500,4300,5900,12000,20000,27000,118328,0,79,440.47051118165655,25.4733000183478,26842.70739997737,4757.165877898722
1791120892,1000,,Aggregated,441.800000,0.000000,79,100,130,160,1300,2500,4300,5900,12000,20000,27000,118766,0,79,439.756109971717,25.4733000183478,26842.70739997737,4756.801542529007
1791120893,1000,,Aggregated,441.100000,0.000000,79,100,130,160,1200,2500,4300,5900,12000,20000,27000,119209,0,79,439.0124245250132,25.4733000183478,26842.70739997737,4757.004110427904
1791120894,1000,,Aggregated,439.800000,0.000000,79,100,130,160,1200,2500,4300,5900,12000,20000,27000,119622,0,79,438.39065089198687,25.4733000183478,26842.70739997737,4758.344869672803
1791120895,1000,,Aggregated,438.800000,0.000000,79,100,130,160,1200,2500,4300,5900,12000,20000,27000,120068,0,79,437.90158445297584,25.4733000183478,26842.70739997737,4757.303361428524
1791120896,1000,,Aggregated,438.400000,0.000000,79,100,130,160,1200,2500,4300,5800,12000,20000,27000,120515,0,79,437.54739437913236,25.4733000183478,26842.70739997737,4756.906916151516
1791120897,1000,,Aggregated,439.000000,0.000000,79,100,130,160,1200,2400,4300,5800,12000,20000,27000,120952,0,79,436.8506428624764,25.4733000183478,26842.70739997737,4756.955263244924
1791120898,1000,,Aggregated,435.700000,0.000000,79,100,130,160,1200,2400,4300,5800,12000,20000,27000,121381,0,79,436.16453918572995,25.4733000183478,26842.70739997737,4757.209719807877
1791120899,1000,,Aggregated,436.800000,0.000000,79,100,130,160,1200,2400,4200,5800,12000,20000,27000,121807,0,79,435.68859133632714,25.4733000183478,26842.70739997737,4756.954698826833
1791120901,1000,,Aggregated,442.800000,0.000000,79,100,130,160,1200,2400,4200,5800,12000,20000,27000,122231,0,79,435.230756487337,25.4733000183478,26842.70739997737,4757.173720251
1791120902,1000,,Aggregated,435.100000,0.000000,79,100,130,160,1200,2400,4200,5800,12000,20000,27000,122665,0,79,434.81643853180395,25.4733000183478,26842.70739997737,4756.743170423511
1791120903,1000,,Aggregated,432.800000,0.000000,79,100,130,160,1200,2400,4200,5800,12000,20000,27000,123121,0,79,434.6099818828999,25.4733000183478,26842.70739997737,4756.544155749222
1791120904,1000,,Aggregated,431.500000,0.000000,79,100,130,160,1200,2400,4200,5800,12000,20000,27000,123543,0,79,433.87806561686546,25.4733000183478,26842.70739997737,4756.923208923209
1791120905,1000,,Aggregated,432.600000,0.000000,79,100,130,160,1200,2400,4200,5800,12000,20000,27000,123999,0,79,433.5515909160871,25.4733000183478,26842.70739997737,4758.090936217228
1791120906,1000,,Aggregated,432.300000,0.000000,79,100,130,160,1200,2400,4200,5800,12000,20000,27000,124443,0,79,433.0544878289955,25.4733000183478,26842.70739997737,4758.410605658815
1791120907,1000,,Aggregated,434.300000,0.000000,79,100,130,160,1200,2400,4200,5800,12000,20000,27000,124876,0,79,432.55896616085397,25.4733000183478,26842.70739997737,4757.998999007015
1791120908,1000,,Aggregated,435.700000,0.000000,79,100,130,160,1200,2400,4200,5800,12000,20000,27000,125338,0,79,431.71436202671566,25.4733000183478,26842.70739997737,4758.783601142511
1791120909,1000,,Aggregated,434.900000,0.000000,79,100,130,160,1200,2400,4200,5800,12000,20000,27000,125762,0,79,431.0357936563129,25.4733000183478,26842.70739997737,4758.726014217331
1791120910,1000,,Aggregated,435.800000,0.000000,79,100,130,160,1200,2400,4200,5800,12000,20000,27000,126243,0,79,430.5233946682605,25.4733000183478,26842.70739997737,4758.707112473563
1791120911,1000,,Aggregated,437.000000,0.000000,79,100,130,160,1200,2400,4200,5800,12000,20000,27000,126678,0,79,429.9723383729275,25.4733000183478,26842.70739997737,4758.4904245409625
1791120912,1000,,Aggregated,440.400000,0.000000,79,100,130,160,1200,2400,4100,5800,12000,20000,27000,127117,0,79,429.53324605210196,25.4733000183478,26842.70739997737,4757.6584327823975
1791120913,1000,,Aggregated,442.300000,0.000000,79,100,130,160,1200,2400,4100,5800,12000,20000,27000,127573,0,79,428.8181443432835,25.4733000183478,26842.70739997737,4758.640527384321
1791120914,1000,,Aggregated,442.300000,0.000000,79,100,130,160,1200,2400,4100,5700,12000,20000,27000,127987,0,79,428.1153490792355,25.4733000183478,26842.70739997737,4759.222631986061
1791120915,1000,,Aggregated,441.900000,0.000000,79,100,130,160,1200,2400,4100,5700,12000,20000,27000,128419,0,79,427.83521451735226,25.4733000183478,26842.70739997737,4758.651515741441
1791120916,1000,,Aggregated,440.300000,0.000000,79,100,130,160,1200,2400,4100,5700,12000,20000,27000,128874,0,79,427.49563692058024,25.4733000183478,26842.70739997737,4757.663011934137
1791120917,1000,,Aggregated,440.600000,0.000000,79,100,130,160,1200,2400,4100,5700,12000,20000,27000,129318,0,79,426.738723378818,25.4733000183478,26842.70739997737,4757.829265840795
1791120918,1000,,Aggregated,438.400000,0.000000,79,100,130,160,1200,2400,4100,5700,12000,20000,27000,129766,0,79,426.1400494706107,25.4733000183478,26842.70739997737,4757.769485073131
1791120919,1000,,Aggregated,439.100000,0.000000,79,100,130,160,1200,2400,4100,5700,12000,20000,27000,130206,0,79,425.676726193127,25.4733000183478,26842.70739997737,4757.756301552924
1791120920,1000,,Aggregated,440.400000,0.000000,79,100,130,160,1200,2400,4100,5700,12000,20000,27000,130654,0,79,425.3645723475928,25.4733000183478,26842.70739997737,4757.9686959450155
1791120921,1000,,Aggregated,441.000000,0.000000,79,100,130,160,1200,2300,4100,5700,12000,20000,27000,131116,0,79,424.96954361331524,25.4733000183478,26842.70739997737,4757.897083498581
1791120922,1000,,Aggregated,438.500000,0.000000,79,100,130,160,1200,2300,4100,5700,12000,20000,27000,131544,0,79,424.3238443684561,25.4733000183478,26842.70739997737,4757.261851547771
1791120923,1000,,Aggregated,440.200000,0.000000,79,100,130,160,1200,2300,4100,5700,12000,20000,27000,131993,0,79,423.74476553911524,25.4733000183478,26842.70739997737,4756.456978779178
1791120924,1000,,Aggregated,440.700000,0.000000,79,100,130,160,1200,2300,4100,5700,12000,20000,27000,132484,0,79,422.86129963016975,25.4733000183478,26842.70739997737,4756.28751396395
1791120925,1000,,Aggregated,440.700000,0.000000,79,100,130,160,1200,2300,4000,5700,12000,20000,27000,132898,0,79,422.16030676913056,25.4733000183478,26842.70739997737,4757.273834068233
1791120926,1000,,Aggregated,445.000000,0.000000,79,100,130,160,1200,2300,4000,5700,12000,20000,27000,133338,0,79,421.6019634215684,25.4733000183478,26842.70739997737,4756.928047518337
1791120927,1000,,Aggregated,442.800000,0.000000,79,100,130,160,1200,2300,4000,5600,12000,20000,27000,133779,0,79,421.07132137185016,25.4733000183478,26842.70739997737,4757.282391107722
1791120928,1000,,Aggregated,444.700000,0.000000,79,100,130,160,1200,2300,4000,5600,12000,20000,27000,134239,0,79,420.5173653826859,25.4733000183478,26842.70739997737,4757.220055274548
1791120929,1000,,Aggregated,446.900000,0.000000,79,100,130,160,1200,2300,4000,5600,12000,20000,27000,134682,0,79,419.99481142251614,25.4733000183478,26842.70739997737,4756.732666577568
1791120930,1000,,Aggregated,444.300000,0.000000,79,100,130,160,1200,2300,4000,5600,12000,20000,27000,135116,0,79,419.4734652669337,25.4733000183478,26842.70739997737,4756.770101246337
1791120931,1000,,Aggregated,444.500000,0.000000,79,100,130,160,1200,2300,4000,5600,12000,20000,27000,135595,0,79,418.9868174977314,25.4733000183478,26842.70739997737,4756.422840075224
1791120932,1000,,Aggregated,443.400000,0.000000,79,100,130,160,1200,2300,4000,5600,12000,20000,27000,136026,0,79,418.4270714312266,25.4733000183478,26842.70739997737,4756.766169702851
1791120933,1000,,Aggregated,445.600000,0.000000,79,100,130,160,1200,2300,4000,5600,12000,20000,27000,136479,0,79,417.98272879566395,25.4733000183478,26842.70739997737,4756.550824668997
1791120934,1000,,Aggregated,442.800000,0.000000,79,100,130,160,1200,2300,4000,5600,12000,20000,27000,136913,0,79,417.40066220156615,25.4733000183478,26842.70739997737,4756.854170166456
1791120935,1000,,Aggregated,444.700000,0.000000,79,100,130,160,1200,2300,3900,5600,12000,20000,27000,137365,0,79,416.7408248688064,25.4733000183478,26842.70739997737,4758.00118661959
1791120936,1000,,Aggregated,444.900000,0.000000,79,100,130,160,1100,2300,3900,5600,12000,20000,27000,137845,0,79,416.3356435308057,25.4733000183478,26842.70739997737,4757.478116725308
1791120937,1000,,Aggregated,445.700000,0.000000,79,100,130,160,1100,2300,3900,5600,12000,20000,27000,138291,0,79,415.98184761844914,25.4733000183478,26842.70739997737,4757.719938390785
1791120938,1000,,Aggregated,445.200000,0.000000,79,100,130,160,1100,2300,3900,5600,12000,20000,27000,138749,0,79,415.5535950853877,25.4733000183478,26842.70739997737,4757.276448839271
1791120939,1000,,Aggregated,441.500000,0.000000,79,100,130,160,1100,2300,3900,5600,12000,20000,27000,139202,0,79,414.9203990582141,25.4733000183478,26842.70739997737,4757.271878277611
1791120940,1000,,Aggregated,443.400000,0.000000,79,100,130,160,1100,2300,3900,5600,12000,20000,27000,139654,0,79,414.29338180647824,25.4733000183478,26842.70739997737,4757.68568032423
1791120941,1000,,Aggregated,442.400000,0.000000,79,100,130,160,1100,2300,3900,5600,12000,19000,27000,140113,0,79,413.8074501816545,25.4733000183478,26842.70739997737,4757.457430788007
1791120942,1000,,Aggregated,444.900000,0.000000,79,100,130,160,1100,2300,3900,5600,12000,19000,27000,140576,0,79,413.3330994451537,25.4733000183478,26842.70739997737,4757.186916685636
1791120943,1000,,Aggregated,442.200000,0.000000,79,100,130,160,1100,2300,3900,5600,12000,19000,27000,141035,0,79,412.66848090901635,25.4733000183478,26842.70739997737,4756.9999574573685
1791120944,1000,,Aggregated,447.500000,0.000000,79,100,130,160,1100,2200,3900,5600,12000,19000,27000,141436,0,79,412.0177613358932,25.4733000183478,26842.70739997737,4757.116780734749
1791120945,1000,,Aggregated,444.900000,0.000000,79,100,130,160,1100,2200,3900,5500,12000,19000,27000,141843,0,79,411.361079212254,25.4733000183478,26842.70739997737,4757.555205403157
1791120946,1000,,Aggregated,441.100000,0.000000,79,100,130,160,1100,2200,3900,5500,12000,19000,27000,142287,0,79,411.0214238201882,25.4733000183478,26842.70739997737,4757.014309107649
1791120947,1000,,Aggregated,440.400000,0.000000,79,100,130,160,1100,2200,3900,5500,12000,19000,27000,142738,0,79,410.75271441873787,25.4733000183478,26842.70739997737,4757.051857248945
1791120948,1000,,Aggregated,439.500000,0.000000,79,100,130,160,1100,2200,3900,5500,12000,19000,27000,143191,0,79,410.6691593717644,25.4733000183478,26842.70739997737,4756.737574288887
1791120949,1000,,Aggregated,439.600000,0.000000,79,100,130,160,1100,2200,3900,5500,12000,19000,27000,143621,0,79,410.61560894855336,25.4733000183478,26842.70739997737,4756.63584016265
1791120950,1000,,Aggregated,440.500000,0.000000,79,100,130,160,1100,2200,3900,5500,12000,19000,27000,144023,0,79,410.18925092867073,25.4733000183478,26842.70739997737,4756.420807787645
1791120951,1000,,Aggregated,438.600000,0.000000,79,100,130,160,1100,2200,3800,5500,12000,19000,27000,144516,0,79,409.57138344198756,25.4733000183478,26842.70739997737,4756.623993191065
1791120952,1000,,Aggregated,438.400000,0.000000,79,100,130,160,1100,2200,3800,5500,12000,19000,27000,144931,0,79,409.52392395557524,25.4733000183478,26842.70739997737,4755.543375813318
1791120953,1000,,Aggregated,438.700000,0.000000,79,100,130,160,1100,2200,3800,5500,12000,19000,27000,145409,0,79,408.9172301797395,25.4733000183478,26842.70739997737,4756.448871802983
1791120954,1000,,Aggregated,435.900000,0.000000,79,100,130,160,1100,2200,3800,5500,12000,19000,27000,145826,0,79,408.38889220512885,25.4733000183478,26842.70739997737,4755.951167830154
1791120955,1000,,Aggregated,435.900000,0.000000,80,100,130,160,1100,2200,3800,5500,12000,19000,27000,146256,0,80,408.00850821371023,25.4733000183478,26842.70739997737,4756.360771523903
1791120956,1000,,Aggregated,435.600000,0.000000,80,100,130,160,1100,2200,3800,5500,12000,19000,27000,146682,0,80,407.8402217702671,25.4733000183478,26842.70739997737,4755.733355149235
1791120957,1000,,Aggregated,435.500000,0.000000,79,100,130,160,1100,2200,3800,5500,11000,19000,27000,147138,0,79,407.75207362411567,25.4733000183478,26842.70739997737,4755.33922576085
1791120958,1000,,Aggregated,435.400000,0.000000,79,100,130,160,1100,2200,3800,5500,11000,19000,27000,147614,0,79,407.44286167304665,25.4733000183478,26842.70739997737,4755.327008278347
1791120959,1000,,Aggregated,434.600000,0.000000,79,100,130,160,1100,2200,3800,5500,11000,19000,27000,148013,0,79,406.95727211330563,25.4733000183478,26842.70739997737,4755.893813381257
1791120960,1000,,Aggregated,434.300000,0.000000,79,100,130,160,1100,2200,3800,5500,11000,19000,27000,148474,0,79,406.3746439963075,25.4733000183478,26842.70739997737,4756.538707113704
1791120961,1000,,Aggregated,439.800000,0.000000,79,100,130,160,1100,2200,3800,5500,11000,19000,27000,148941,0,79,405.89507742130957,25.4733000183478,26842.70739997737,4756.318354247655
1791120962,1000,,Aggregated,437.300000,0.000000,79,100,130,160,1100,2200,3800,5500,11000,19000,27000,149395,0,79,405.3165401265587,25.4733000183478,26842.70739997737,4756.301147963452
1791120963,1000,,Aggregated,437.600000,0.000000,80,100,130,160,1100,2200,3800,5500,11000,19000,27000,149850,0,80,404.70406909580885,25.4733000183478,26842.70739997737,4757.274207540874
1791120964,1000,,Aggregated,439.300000,0.000000,80,100,130,160,1100,2200,3800,5500,11000,19000,27000,150290,0,80,404.08570291106895,25.4733000183478,26842.70739997737,4758.00515004325
1791120965,1000,,Aggregated,438.700000,0.000000,80,100,130,160,1100,2200,3800,5400,11000,19000,27000,150668,0,80,403.80871230323777,25.4733000183478,26842.70739997737,4758.321003796426
1791120966,1000,,Aggregated,444.700000,0.000000,80,100,130,160,1100,2200,3700,5400,11000,19000,27000,151149,0,80,403.1913325784739,25.4733000183478,26842.70739997737,4758.396615260438
1791120967,1000,,Aggregated,446.900000,0.000000,80,100,130,160,1100,2200,3700,5400,11000,19000,27000,151645,0,80,403.15938356030887,25.4733000183478,26842.70739997737,4758.007425236572
1791120968,1000,,Aggregated,442.600000,0.000000,80,100,130,160,1100,2200,3700,5400,11000,19000,27000,152019,0,80,403.0852285069758,25.4733000183478,26842.70739997737,4757.051704063308
1791120969,1000,,Aggregated,447.300000,0.000000,80,100,130,160,1100,2200,3700,5400,11000,19000,27000,152362,0,80,402.9435837144493,25.4733000183478,26842.70739997737,4759.119583623213
1791120970,1000,,Aggregated,447.300000,0.000000,80,100,130,160,1100,2200,3700,5400,11000,19000,27000,152869,0,80,402.61255464678675,25.4733000183478,26842.70739997737,4759.754175143424
1791120971,1000,,Aggregated,434.700000,0.000000,80,100,130,160,1100,2200,3700,5400,11000,19000,27000,153307,0,80,402.4740382363459,25.4733000183478,26842.70739997737,4758.85544039085
1791120972,1000,,Aggregated,437.600000,0.000000,80,100,130,160,1100,2200,3700,5400,11000,19000,27000,153724,0,80,402.1805659187837,25.4733000183478,26842.70739997737,4758.852944237725
1791120973,1000,,Aggregated,433.800000,0.000000,80,100,130,160,1100,2200,3700,5400,11000,19000,27000,154151,0,80,401.85526529506603,25.4733000183478,26842.70739997737,4759.033110391759
1791120974,1000,,Aggregated,434.200000,0.000000,80,100,130,160,1100,2200,3700,5400,11000,19000,27000,154581,0,80,401.55163193729135,25.4733000183478,26842.70739997737,4759.238612766123
1791120975,1000,,Aggregated,428.700000,0.000000,80,100,130,160,1100,2200,3700,5400,11000,19000,27000,155002,0,80,401.6752523302843,25.4733000183478,26842.70739997737,4758.684571811977
1791120976,1000,,Aggregated,426.500000,0.000000,80,100,130,160,1100,2200,3700,5400,11000,19000,27000,155432,0,80,401.4257260654214,25.4733000183478,26842.70739997737,4758.593076071851
1791120977,1000,,Aggregated,422.300000,0.000000,80,100,130,160,1100,2200,3700,5400,11000,19000,27000,155874,0,80,401.429568385354,25.4733000183478,26842.70739997737,4757.753281496593
1791120978,1000,,Aggregated,425.800000,0.000000,80,100,130,160,1100,2200,3700,5400,11000,19000,27000,156289,0,80,401.2224993671893,25.4733000183478,26842.70739997737,4757.738881175259
1791120979,1000,,Aggregated,422.000000,0.000000,80,100,130,160,1100,2200,3700,5400,11000,19000,27000,156743,0,80,400.99436518376314,25.4733000183478,26842.70739997737,4757.5468059179675
1791120980,1000,,Aggregated,420.000000,0.000000,80,100,130,160,1100,2200,3700,5400,11000,19000,27000,157207,0,80,400.6172149134412,25.4733000183478,26842.70739997737,4757.539537043516
1791120981,1000,,Aggregated,428.700000,0.000000,80,100,130,160,1100,2200,3700,5400,11000,19000,27000,157646,0,80,400.2901230947611,25.4733000183478,26842.70739997737,4757.433775674613
1791120982,1000,,Aggregated,429.900000,0.000000,80,100,130,160,1100,2200,3700,5400,11000,19000,27000,158116,0,80,399.8374330251091,25.4733000183478,26842.70739997737,4757.641744036024
1791120983,1000,,Aggregated,431.800000,0.000000,80,100,130,160,1100,2200,3700,5400,11000,19000,27000,158615,0,80,399.4159316703807,25.4733000183478,26842.70739997737,4757.1262112662735
1791120984,1000,,Aggregated,431.100000,0.000000,80,100,130,160,1100,2200,3700,5400,11000,19000,27000,159033,0,80,399.04649475328057,25.4733000183478,26842.70739997737,4758.0515742015805
1791120985,1000,,Aggregated,438.400000,0.000000,80,100,130,160,1100,2200,3700,5400,11000,19000,27000,159474,0,80,398.6121471832295,25.4733000183478,26842.70739997737,4758.014353436924
1791120986,1000,,Aggregated,436.100000,0.000000,80,100,130,160,1100,2100,3700,5400,11000,19000,27000,159919,0,80,398.1960379248222,25.4733000183478,26842.70739997737,4758.267360351178
1791120987,1000,,Aggregated,439.300000,0.000000,80,100,130,160,1100,2100,3700,5400,11000,19000,27000,160385,0,80,398.0011419496821,25.4733000183478,26842.70739997737,4757.614334258191
1791120988,1000,,Aggregated,439.600000,0.000000,80,100,130,160,1100,2100,3700,5300,11000,19000,27000,160822,0,80,397.53033334120744,25.4733000183478,26842.70739997737,4757.758658641231
1791120989,1000,,Aggregated,441.500000,0.000000,80,100,130,160,1100,2100,3700,5300,11000,19000,27000,161246,0,80,397.01992936258836,25.4733000183478,26842.70739997737,4757.541929722288
1791120990,1000,,Aggregated,443.600000,0.000000,80,100,130,160,1100,2100,3700,5300,11000,19000,27000,161703,0,80,396.49435523149765,25.4733000183478,26842.70739997737,4757.763077988659
1791120991,1000,,Aggregated,445.300000,0.000000,80,100,130,160,1100,2100,3700,5300,11000,19000,27000,162127,0,80,396.21207526627717,25.4733000183478,26842.70739997737,4757.716777587941
1791120992,1000,,Aggregated,442.000000,0.000000,80,100,130,160,1100,2100,3700,5300,11000,19000,27000,162546,0,80,396.03080315662345,25.4733000183478,26842.70739997737,4757.430105939242
1791120993,1000,,Aggregated,441.200000,0.000000,80,100,130,160,1100,2100,3700,5300,11000,19000,27000,162985,0,80,395.8058339110716,25.4733000183478,26842.70739997737,4756.99909807651
1791120994,1000,,Aggregated,439.100000,0.000000,80,100,130,160,1100,2100,3600,5300,11000,19000,27000,163283,0,80,395.5933807328059,25.4733000183478,26842.70739997737,4758.193167690451
1791120995,1000,,Aggregated,439.700000,0.000000,80,100,130,160,1100,2100,3600,5300,11000,19000,27000,163735,0,80,395.4497321042833,25.4733000183478,26842.70739997737,4758.928720188109
1791120996,1000,,Aggregated,433.200000,0.000000,80,100,130,160,1100,2100,3600,5300,11000,19000,27000,164074,0,80,395.2683703249408,25.4733000183478,26842.70739997737,4759.127942269952
1791120998,1000,,Aggregated,422.100000,0.000000,80,100,130,170,1100,2100,3600,5300,11000,19000,27000,164455,0,80,396.03070643150926,25.4733000183478,26842.70739997737,4759.202274178347
1791120999,1000,,Aggregated,408.000000,0.000000,80,100,130,170,1100,2100,3700,5300,11000,19000,27000,164785,0,80,396.0486078853855,25.4733000183478,26842.70739997737,4759.4527475194955
1791121000,1000,,Aggregated,398.400000,0.000000,80,100,130,170,1100,2100,3700,5300,11000,19000,27000,165042,0,80,396.8771158250227,25.4733000183478,26842.70739997737,4759.298784551811
1791121001,1000,,Aggregated,385.500000,0.000000,80,100,130,170,1100,2100,3700,5300,11000,19000,27000,165444,0,80,396.9178330117338,25.4733000183478,26842.70739997737,4760.236327700008
1791121002,1000,,Aggregated,368.700000,0.000000,80,100,130,170,1100,2200,3700,5400,11000,19000,27000,165811,0,80,399.15904282582443,25.4733000183478,26842.70739997737,4759.071611654233
1791121003,1000,,Aggregated,364.900000,0.000000,80,100,130,170,1100,2200,3700,5400,11000,19000,27000,166245,0,80,401.2769443399516,24.650200037285686,26842.70739997737,4757.498234533369
1791121004,1000,,Aggregated,357.800000,0.000000,80,100,130,170,1100,2200,3700,5400,11000,19000,27000,166702,0,80,402.8686162499417,24.650200037285686,26842.70739997737,4756.611480366162
1791121005,1000,,Aggregated,355.900000,0.000000,80,100,130,170,1100,2200,3700,5400,11000,19000,27000,167125,0,80,403.31431552369895,24.650200037285686,26842.70739997737,4756.217651458489
1791121006,1000,,Aggregated,363.400000,0.000000,80,100,130,170,1100,2200,3700,5400,11000,19000,27000,167582,0,80,402.9394772463558,24.650200037285686,26842.70739997737,4756.748761800193
1791121007,1000,,Aggregated,375.900000,0.000000,80,100,130,170,1100,2200,3700,5400,11000,19000,27000,167982,0,80,402.60063601635994,24.650200037285686,26842.70739997737,4757.146557369242
1791121008,1000,,Aggregated,375.700000,0.000000,80,100,130,170,1100,2200,3700,5400,11000,19000,27000,168437,0,80,402.60416592316517,24.650200037285686,26842.70739997737,4756.767972595095
1791121009,1000,,Aggregated,384.400000,0.000000,80,100,130,170,1100,2200,3700,5400,11000,19000,27000,168865,0,80,402.5536279223011,24.650200037285686,26842.70739997737,4756.907008557131
1791121010,1000,,Aggregated,393.300000,0.000000,80,100,130,170,1100,2200,3700,5400,11000,19000,27000,169286,0,80,402.23923324079215,24.650200037285686,26842.70739997737,4757.3331580874965
1791121011,1000,,Aggregated,404.900000,0.000000,80,100,130,170,1100,2200,3700,5400,11000,19000,27000,169723,0,80,402.1290670274604,24.650200037285686,26842.70739997737,4757.11428621931
1791121012,1000,,Aggregated,418.300000,0.000000,80,100,130,170,1100,2200,3700,5400,11000,19000,27000,170169,0,80,401.74289616851894,24.650200037285686,26842.70739997737,4757.390946647157
1791121013,1000,,Aggregated,425.500000,0.000000,80,100,130,170,1100,2200,3700,5400,11000,19000,27000,170526,0,80,401.6409429465383,24.650200037285686,26842.70739997737,4757.69092103257
1791121014,1000,,Aggregated,433.100000,0.000000,80,100,130,170,1100,2200,3700,5400,11000,19000,27000,171013,0,80,401.62345308836825,24.650200037285686,26842.70739997737,4757.812271581693
1791121015,1000,,Aggregated,426.400000,0.000000,80,100,130,170,1100,2200,3700,5400,11000,19000,27000,171412,0,80,401.6458434491272,24.650200037285686,26842.70739997737,4757.391279490351
1791121016,1000,,Aggregated,428.000000,0.000000,80,100,130,170,1100,2200,3700,5400,11000,19000,27000,171843,0,80,401.5106175224033,24.650200037285686,26842.70739997737,4757.626560290498
1791121017,1000,,Aggregated,427.500000,0.000000,80,100,130,170,1100,2200,3700,5400,11000,19000,27000,172258,0,80,401.5835202150411,24.650200037285686,26842.70739997737,4757.194893705952
1791121018,1000,,Aggregated,424.300000,0.000000,81,100,130,170,1100,2200,3700,5400,11000,19000,27000,172721,0,81,401.5173893550967,24.650200037285686,26842.70739997737,4757.658889191239
1791121019,1000,,Aggregated,426.500000,0.000000,80,100,130,170,1100,2200,3700,5400,11000,19000,27000,173152,0,80,401.30401082749705,24.650200037285686,26842.70739997737,4757.436379597117
1791121020,1000,,Aggregated,426.300000,0.000000,80,100,130,170,1100,2200,3700,5400,11000,19000,27000,173579,0,80,401.263428440672,24.650200037285686,26842.70739997737,4757.018331710633
1791121021,1000,,Aggregated,423.000000,0.000000,80,100,130,170,1100,2200,3700,5400,11000,19000,27000,174046,0,80,400.9850853814635,24.650200037285686,26842.70739997737,4756.892218149225
1791121022,1000,,Aggregated,429.300000,0.000000,80,100,130,170,1100,2200,3700,5400,11000,19000,27000,174484,0,80,400.86811990156764,24.650200037285686,26842.70739997737,4756.574832076293
1791121023,1000,,Aggregated,424.700000,0.000000,80,100,130,170,1100,2200,3700,5400,11000,19000,27000,174921,0,80,400.46896511628375,24.650200037285686,26842.70739997737,4756.486682559555
1791121024,1000,,Aggregated,427.300000,0.000000,80,100,130,170,1100,2200,3700,5400,11000,19000,27000,175363,0,80,400.13901948704137,24.650200037285686,26842.70739997737,4756.417454080964
1791121025,1000,,Aggregated,435.500000,0.000000,80,100,130,170,1100,2200,3700,5400,11000,19000,27000,175786,0,80,399.7289738961336,24.650200037285686,26842.70739997737,4756.45236822045
1791121026,1000,,Aggregated,433.100000,0.000000,80,100,130,170,1100,2200,3700,5400,11000,19000,27000,176213,0,80,399.47760764702423,24.650200037285686,26842.70739997737,4756.626412353232
1791121027,1000,,Aggregated,430.600000,0.000000,80,100,130,170,1100,2200,3700,5400,11000,19000,27000,176656,0,80,399.3764514735092,24.650200037285686,26842.70739997737,4756.374971696404
1791121028,1000,,Aggregated,434.200000,0.000000,80,100,130,170,1100,2200,3700,5400,11000,19000,27000,177107,0,80,399.34306840612726,24.650200037285686,26842.70739997737,4755.756339388054
1791121029,1000,,Aggregated,437.500000,0.000000,80,100,130,170,1100,2200,3700,5400,11000,19000,27000,177575,0,80,398.9811383443798,24.650200037285686,26842.70739997737,4755.415446994228
1791121030,1000,,Aggregated,435.000000,0.000000,80,100,130,170,1100,2200,3700,5400,11000,19000,27000,177998,0,80,398.7703712081271,24.650200037285686,26842.70739997737,4754.914139484713
1791121031,1000,,Aggregated,439.800000,0.000000,80,100,130,170,1100,2200,3700,5400,11000,19000,27000,178459,0,80,398.31204015994865,24.650200037285686,26842.70739997737,4755.17958746827
1791121032,1000,,Aggregated,437.900000,0.000000,80,100,130,170,1100,2200,3700,5300,11000,19000,27000,178898,0,80,397.9368331641726,24.650200037285686,26842.70739997737,4754.852267772697
1791121033,1000,,Aggregated,440.700000,0.000000,80,100,130,170,1100,2200,3700,5300,11000,19000,27000,179370,0,80,397.373091886634,24.650200037285686,26842.70739997737,4754.867129397335
1791121034,1000,,Aggregated,439.500000,0.000000,80,100,130,170,1100,2100,3700,5300,11000,19000,27000,179823,0,80,397.18968506199445,24.650200037285686,26842.70739997737,4754.824349499229
1791121035,1000,,Aggregated,438.700000,0.000000,81,100,130,170,1100,2100,3700,5300,11000,19000,27000,180255,0,81,396.7802671005108,24.650200037285686,26842.70739997737,4754.832021303154
1791121036,1000,,Aggregated,439.300000,0.000000,81,100,130,170,1100,2100,3700,5300,11000,19000,27000,180655,0,81,396.308640729594,24.650200037285686,26842.70739997737,4755.429260192079
1791121037,1000,,Aggregated,444.100000,0.000000,81,100,130,170,1100,2100,3700,5300,11000,19000,27000,181103,0,81,395.8217065863303,24.650200037285686,26842.70739997737,4755.665091135983
1791121038,1000,,Aggregated,439.200000,0.000000,81,100,130,170,1100,2100,3700,5300,11000,19000,27000,181542,0,81,395.61968215455414,24.650200037285686,26842.70739997737,4755.66020535193
1791121039,1000,,Aggregated,438.900000,0.000000,81,100,130,170,1100,2100,3700,5300,11000,19000,27000,181983,0,81,395.72735627065236,24.650200037285686,26842.70739997737,4754.843023798926
1791121040,1000,,Aggregated,438.400000,0.000000,81,100,130,170,1100,2100,3700,5300,11000,19000,27000,182416,0,81,395.37229724093294,24.650200037285686,26842.70739997737,4754.839942768178
1791121041,1000,,Aggregated,437.600000,0.000000,81,100,130,170,1100,2100,3600,5300,11000,19000,27000,182872,0,81,395.15143389037655,24.650200037285686,26842.70739997737,4754.854953191303
1791121042,1000,,Aggregated,436.500000,0.000000,81,100,130,170,1100,2100,3600,5300,11000,19000,27000,183320,0,81,394.9945770963316,24.650200037285686,26842.70739997737,4754.967461269911
1791121043,1000,,Aggregated,436.600000,0.000000,81,100,130,170,1100,2100,3600,5300,11000,19000,27000,183754,0,81,394.6263517028221,24.650200037285686,26842.70739997737,4755.121793267085
1791121044,1000,,Aggregated,433.300000,0.000000,81,100,130,170,1100,2100,3600,5300,11000,19000,27000,184173,0,81,394.3054791408142,24.650200037285686,26842.70739997737,4754.940175812959
1791121045,1000,,Aggregated,434.000000,0.000000,81,100,130,170,1100,2100,3600,5300,11000,19000,27000,184649,0,81,393.95188226581286,24.650200037285686,26842.70739997737,4755.095825051855
1791121046,1000,,Aggregated,435.800000,0.000000,81,100,130,170,1100,2100,3600,5300,11000,19000,27000,185093,0,81,393.71252306082647,24.650200037285686,26842.70739997737,4755.245260490672
1791121047,1000,,Aggregated,435.500000,0.000000,81,100,130,170,1100,2100,3600,5300,11000,19000,27000,185532,0,81,393.4273916860527,24.650200037285686,26842.70739997737,4755.108617381368
1791121048,1000,,Aggregated,439.700000,0.000000,81,100,130,160,1100,2100,3600,5200,11000,19000,27000,186003,0,81,393.03309286621896,24.650200037285686,26842.70739997737,4755.440917619609
1791121049,1000,,Aggregated,438.300000,0.000000,81,100,130,160,1100,2100,3600,5200,11000,19000,27000,186482,0,81,392.65630630567443,24.650200037285686,26842.70739997737,4755.273747600305
1791121050,1000,,Aggregated,442.100000,0.000000,81,100,130,170,1100,2100,3600,5200,11000,19000,27000,186920,0,81,392.2440582179174,24.650200037285686,26842.70739997737,4754.746784720736
1791121051,1000,,Aggregated,444.000000,0.000000,81,100,130,160,1100,2100,3600,5200,11000,19000,27000,187386,0,81,391.67023287969187,24.650200037285686,26842.70739997737,4754.868234553275
1791121052,1000,,Aggregated,445.600000,0.000000,81,100,130,160,1100,2100,3600,5200,11000,19000,27000,187876,0,81,391.1215277453963,24.650200037285686,26842.70739997737,4755.0628659328495
1791121053,1000,,Aggregated,445.600000,0.000000,81,100,130,160,1100,2100,3600,5200,11000,19000,27000,188327,0,81,390.57712934149083,24.650200037285686,26842.70739997737,4755.403797649832
1791121054,1000,,Aggregated,452.700000,0.000000,81,100,130,160,1100,2100,3600,5200,11000,19000,27000,188741,0,81,390.13730581906304,24.650200037285686,26842.70739997737,4755.8145447994875
1791121055,1000,,Aggregated,452.600000,0.000000,81,100,130,160,1100,2100,3600,5200,11000,19000,27000,189206,0,81,389.6856452374478,24.650200037285686,26842.70739997737,4755.893491749733
1791121056,1000,,Aggregated,449.400000,0.000000,81,100,130,160,1100,2100,3600,5200,11000,19000,27000,189665,0,81,389.32278728070526,24.650200037285686,26842.70739997737,4755.867882846071
1791121057,1000,,Aggregated,448.800000,0.000000,81,100,130,160,1100,2100,3600,5200,11000,19000,27000,190107,0,81,388.9427453112996,24.650200037285686,26842.70739997737,4755.949849295397
1791121058,1000,,Aggregated,450.100000,0.000000,81,100,130,160,1100,2100,3600,5200,11000,19000,27000,190546,0,81,388.4592723688514,24.650200037285686,26842.70739997737,4756.563869091978
1791121059,1000,,Aggregated,451.900000,0.000000,81,100,130,160,1100,2100,3600,5200,11000,19000,27000,191008,0,81,388.11695255431863,24.650200037285686,26842.70739997737,4756.2360162925115
1791121060,1000,,Aggregated,449.800000,0.000000,81,100,130,160,1100,2100,3600,5200,11000,19000,27000,191452,0,81,387.9963618269622,24.650200037285686,26842.70739997737,4755.753342874455
1791121061,1000,,Aggregated,447.800000,0.000000,81,100,130,160,1100,2100,3600,5200,11000,19000,27000,191890,0,81,387.6693552154692,24.650200037285686,26842.70739997737,4755.773703684403
1791121062,1000,,Aggregated,448.600000,0.000000,81,100,130,160,1100,2100,3600,5200,11000,19000,27000,192330,0,81,387.3000779025372,24.650200037285686,26842.70739997737,4755.646082254459
1791121063,1000,,Aggregated,449.300000,0.000000,81,100,130,160,1100,2100,3600,5200,11000,19000,27000,192741,0,81,387.08142273774786,24.650200037285686,26842.70739997737,4755.910729943292
1791121064,1000,,Aggregated,443.100000,0.000000,81,100,130,160,1100,2100,3600,5200,11000,19000,27000,193205,0,81,386.6245985859477,24.650200037285686,26842.70739997737,4756.181703372066
1791121065,1000,,Aggregated,442.700000,0.000000,81,100,130,160,1100,2100,3600,5200,11000,19000,27000,193584,0,81,386.9465313982416,24.650200037285686,26842.70739997737,4755.9684529713195
1791121066,1000,,Aggregated,443.000000,0.000000,81,100,130,160,1100,2100,3600,5200,11000,19000,27000,194046,0,81,386.54327616594435,24.650200037285686,26842.70739997737,4756.109845088278
1791121067,1000,,Aggregated,441.800000,0.000000,81,100,130,160,1100,2100,3500,5200,11000,19000,27000,194454,0,81,386.5681244299295,24.650200037285686,26842.70739997737,4756.177496991577
1791121068,1000,,Aggregated,437.000000,0.000000,81,100,130,160,1100,2100,3500,5200,11000,19000,27000,194892,0,81,386.36402564239796,24.650200037285686,26842.70739997737,4756.246362087721
1791121069,1000,,Aggregated,433.000000,0.000000,81,100,130,160,1100,2100,3500,5200,11000,19000,27000,195369,0,81,386.40347746980495,24.650200037285686,26842.70739997737,4755.724434275653
1791121070,1000,,Aggregated,432.500000,0.000000,81,100,130,160,1100,2100,3500,5200,11000,19000,27000,195801,0,81,386.33486759208455,24.650200037285686,26842.70739997737,4755.341331249585
1791121071,1000,,Aggregated,432.900000,0.000000,81,100,130,160,1100,2100,3500,5200,11000,19000,27000,196232,0,81,385.9488606256696,24.650200037285686,26842.70739997737,4755.96398140976
1791121072,1000,,Aggregated,432.500000,0.000000,81,100,130,160,1100,2100,3500,5100,11000,19000,27000,196672,0,81,385.5325469644703,24.650200037285686,26842.70739997737,4755.863793524243
1791121073,1000,,Aggregated,431.600000,0.000000,81,100,130,160,1100,2100,3500,5100,11000,19000,27000,197126,0,81,385.2149872583778,24.650200037285686,26842.70739997737,4756.193688300884
1791121074,1000,,Aggregated,434.600000,0.000000,81,100,130,160,1100,2100,3500,5100,11000,19000,27000,197551,0,81,385.0422001432304,24.650200037285686,26842.70739997737,4756.365758715471
1791121075,1000,,Aggregated,429.600000,0.000000,81,100,130,160,1100,2100,3500,5100,11000,19000,27000,198038,0,81,384.83573955147676,24.650200037285686,26842.70739997737,4755.980301760268
1791121076,1000,,Aggregated,434.200000,0.000000,81,100,130,160,1100,2100,3500,5100,11000,19000,27000,198473,0,81,384.4973236979105,24.650200037285686,26842.70739997737,4756.7149990174985
1791121077,1000,,Aggregated,434.900000,0.000000,81,100,130,160,1000,2100,3500,5100,11000,19000,27000,198919,0,81,384.2484970374586,24.650200037285686,26842.70739997737,4756.152006595649
1791121078,1000,,Aggregated,438.600000,0.000000,81,100,130,160,1000,2100,3500,5100,11000,19000,27000,199398,0,81,383.8018771903144,24.650200037285686,26842.70739997737,4756.277946619324
1791121079,1000,,Aggregated,442.000000,0.000000,81,100,130,160,1000,2100,3500,5100,11000,19000,27000,199827,0,81,383.35051986064866,24.650200037285686,26842.70739997737,4756.973817352009
1791121080,1000,,Aggregated,447.300000,0.000000,81,100,130,160,1000,2100,3500,5100,11000,18000,27000,200257,0,81,382.9779276704087,24.650200037285686,26842.70739997737,4756.986752023649
1791121081,1000,,Aggregated,444.400000,0.000000,81,100,130,170,1000,2100,3500,5100,11000,18000,27000,200677,0,81,382.80976140909786,24.650200037285686,26842.70739997737,4757.476960488746
1791121082,1000,,Aggregated,445.200000,0.000000,81,100,130,170,1000,2100,3500,5100,11000,18000,27000,201122,0,81,382.7431738655782,24.650200037285686,26842.70739997737,4757.0698730124
1791121083,1000,,Aggregated,436.000000,0.000000,81,100,130,170,1000,2100,3500,5100,11000,18000,27000,201531,0,81,382.4866932511212,24.650200037285686,26842.70739997737,4757.016181133424
1791121084,1000,,Aggregated,439.200000,0.000000,81,100,130,170,1000,2100,3500,5100,11000,18000,27000,201968,0,81,382.2411228149546,24.650200037285686,26842.70739997737,4757.53603541155
1791121085,1000,,Aggregated,442.900000,0.000000,81,100,130,170,1000,2100,3500,5100,11000,18000,27000,202399,0,81,382.24516257634576,24.650200037285686,26842.70739997737,4757.1050202817205
1791121086,1000,,Aggregated,437.000000,0.000000,81,100,130,170,1000,2100,3500,5100,11000,18000,27000,202837,0,81,382.11084928286493,24.650200037285686,26842.70739997737,4757.286052347451
1791121087,1000,,Aggregated,436.900000,0.000000,81,100,130,170,1000,2100,3500,5100,11000,18000,27000,203312,0,81,382.01291473443615,24.650200037285686,26842.70739997737,4756.693220272291
1791121088,1000,,Aggregated,434.000000,0.000000,81,100,130,160,1000,2100,3500,5100,11000,18000,27000,203742,0,81,381.8542350771471,24.650200037285686,26842.70739997737,4756.179310107882
1791121089,1000,,Aggregated,435.800000,0.000000,81,100,130,160,1000,2100,3500,5100,11000,18000,27000,204216,0,81,381.484750302073,24.650200037285686,26842.70739997737,4756.489168331571
1791121090,1000,,Aggregated,432.100000,0.000000,81,100,130,160,1000,2100,3500,5100,11000,18000,27000,204691,0,81,381.0831374842457,24.650200037285686,26842.70739997737,4756.403154022404
1791121091,1000,,Aggregated,432.500000,0.000000,81,100,130,160,1000,2000,3500,5100,11000,18000,27000,205131,0,81,380.69868730951083,24.650200037285686,26842.70739997737,4756.4454763053855
1791121092,1000,,Aggregated,435.300000,0.000000,81,100,130,160,1000,2000,3500,5100,11000,18000,27000,205554,0,81,380.2706487000375,24.650200037285686,26842.70739997737,4756.939587650933
1791121093,1000,,Aggregated,442.700000,0.000000,81,100,130,160,1000,2000,3500,5100,11000,18000,27000,205987,0,81,380.13443279423734,24.650200037285686,26842.70739997737,4756.520129911111
1791121094,1000,,Aggregated,440.900000,0.000000,81,100,130,170,1000,2000,3500,5000,11000,18000,27000,206355,0,81,379.8669713740236,24.650200037285686,26842.70739997737,4757.235017324513
1791121095,1000,,Aggregated,439.900000,0.000000,81,100,130,170,1000,2000,3500,5000,11000,18000,27000,206807,0,81,379.6301391833289,24.650200037285686,26842.70739997737,4757.580797555209
1791121096,1000,,Aggregated,441.400000,0.000000,81,100,130,170,1000,2000,3500,5000,11000,18000,27000,207240,0,81,379.6000426099497,24.650200037285686,26842.70739997737,4757.629082223509
1791121097,1000,,Aggregated,435.000000,0.000000,81,100,130,170,1000,2000,3500,5000,11000,18000,27000,207693,0,81,379.96885234690365,24.650200037285686,26842.70739997737,4757.194094167834
1791121098,1000,,Aggregated,439.300000,0.000000,81,100,130,170,1000,2000,3500,5000,11000,18000,27000,208121,0,81,379.8824632088358,24.650200037285686,26842.70739997737,4756.951018878441
1791121099,1000,,Aggregated,434.700000,0.000000,81,100,130,170,1000,2000,3500,5000,11000,18000,27000,208546,0,81,379.54940278780975,24.650200037285686,26842.70739997737,4757.097148830474
1791121100,1000,,Aggregated,436.300000,0.000000,81,100,130,170,1000,2000,3500,5000,11000,18000,27000,208992,0,81,379.4049024335235,24.650200037285686,26842.70739997737,4756.866439863727
1791121101,1000,,Aggregated,435.700000,0.000000,81,100,130,170,1000,2000,3500,5000,11000,18000,27000,209418,0,81,379.13850635517065,24.650200037285686,26842.70739997737,4757.279040006112
1791121102,1000,,Aggregated,431.900000,0.000000,81,100,130,170,1000,2000,3500,5000,11000,18000,27000,209884,0,81,378.93637349339906,24.650200037285686,26842.70739997737,4756.940209830192
1791121103,1000,,Aggregated,431.600000,0.000000,81,100,130,170,1000,2000,3500,5000,11000,18000,27000,210316,0,81,378.8451820184338,24.650200037285686,26842.70739997737,4756.744222978756
1791121104,1000,,Aggregated,427.800000,0.000000,81,100,130,170,1000,2000,3400,5000,11000,18000,27000,210733,0,81,378.61911630968734,24.650200037285686,26842.70739997737,4757.01497629702
1791121105,1000,,Aggregated,431.100000,0.000000,81,100,130,160,1000,2000,3400,5000,11000,18000,27000,211174,0,81,378.46922954004253,24.650200037285686,26842.70739997737,4757.09944879578
1791121106,1000,,Aggregated,431.300000,0.000000,81,100,130,170,1000,2000,3400,5000,11000,18000,27000,211556,0,81,378.21932167175015,24.650200037285686,26842.70739997737,4757.286430070525
1791121107,1000,,Aggregated,435.300000,0.000000,81,100,130,170,1000,2000,3400,5000,11000,18000,27000,211973,0,81,377.8992650620101,24.650200037285686,26842.70739997737,4757.9235515844
1791121108,1000,,Aggregated,434.000000,0.000000,81,100,130,170,1000,2000,3400,5000,11000,18000,27000,212349,0,81,377.74302417948394,24.650200037285686,26842.70739997737,4758.25153874047
1791121109,1000,,Aggregated,430.200000,0.000000,81,100,130,170,1000,2000,3400,5000,11000,18000,27000,212703,0,81,377.65498663812116,24.650200037285686,26842.70739997737,4758.572596531314
1791121110,1000,,Aggregated,423.500000,0.000000,81,100,130,170,1000,2000,3400,5000,11000,18000,27000,213055,0,81,377.574401110925,24.650200037285686,26842.70739997737,4759.067602262327
1791121111,1000,,Aggregated,419.100000,0.000000,82,100,130,160,1000,2000,3400,5000,11000,18000,27000,213450,0,82,377.8104868333918,24.650200037285686,26842.70739997737,4759.4516233309905
1791121112,1000,,Aggregated,409.700000,0.000000,82,100,130,170,1000,2000,3500,5000,11000,18000,27000,213789,0,82,378.28809993679556,24.650200037285686,26842.70739997737,4759.36943902633
1791121113,1000,,Aggregated,403.500000,0.000000,82,100,130,170,1000,2000,3500,5000,11000,18000,27000,214118,0,82,379.26769223226364,24.650200037285686,26842.70739997737,4758.781116020138
1791121114,1000,,Aggregated,399.000000,0.000000,82,100,130,170,1000,2000,3500,5100,11000,18000,27000,214498,0,82,379.41330385778895,24.650200037285686,26842.70739997737,4759.228892577087
1791121115,1000,,Aggregated,387.500000,0.000000,82,100,130,170,1000,2100,3500,5100,11000,18000,27000,214840,0,82,380.08383725790134,24.650200037285686,26842.70739997737,4759.143320610687
1791121116,1000,,Aggregated,376.100000,0.000000,82,100,130,170,1000,2100,3500,5100,11000,18000,27000,215179,0,82,380.5009311790949,24.650200037285686,26842.70739997737,4758.875717425957
1791121117,1000,,Aggregated,373.100000,0.000000,82,100,130,170,1000,2100,3500,5100,11000,18000,27000,215552,0,82,380.85677818710275,24.650200037285686,26842.70739997737,4758.9472053147265
1791121119,1000,,Aggregated,363.200000,0.000000,82,100,130,170,1000,2100,3500,5100,11000,18000,27000,215897,0,82,381.50527939936916,24.650200037285686,26842.70739997737,4759.0854991037395
1791121120,1000,,Aggregated,355.400000,0.000000,82,100,130,170,1000,2100,3500,5200,11000,18000,27000,216306,0,82,383.1775228744679,24.650200037285686,26842.70739997737,4758.453501058685
1791121121,1000,,Aggregated,352.300000,0.000000,82,100,130,170,1000,2100,3500,5200,11000,18000,27000,216724,0,82,384.9174605552856,24.650200037285686,26842.70739997737,4757.4988326166
1791121122,1000,,Aggregated,357.600000,0.000000,82,100,130,170,1000,2100,3600,5200,11000,18000,27000,217164,0,82,385.93008855420004,24.650200037285686,26842.70739997737,4757.213939695345
1791121123,1000,,Aggregated,363.700000,0.000000,82,100,130,170,1000,2100,3600,5200,11000,18000,27000,217606,0,82,386.4155468276786,24.650200037285686,26842.70739997737,4757.283241270921
1791121124,1000,,Aggregated,369.000000,0.000000,82,100,130,170,1000,2100,3600,5200,11000,18000,27000,218054,0,82,386.5733812651133,24.650200037285686,26842.70739997737,4756.776206811157
1791121125,1000,,Aggregated,377.700000,0.000000,82,100,130,170,1000,2100,3600,5200,11000,18000,27000,218488,0,82,386.3703286490966,24.650200037285686,26842.70739997737,4757.125068653656
1791121126,1000,,Aggregated,390.300000,0.000000,82,100,130,170,1000,2100,3600,5200,11000,18000,27000,218909,0,82,386.2855514276848,24.650200037285686,26842.70739997737,4757.025339296238
1791121127,1000,,Aggregated,394.500000,0.000000,82,100,130,170,1000,2100,3600,5200,11000,18000,27000,219340,0,82,386.0950748439976,24.650200037285686,26842.70739997737,4756.97823014498
1791121128,1000,,Aggregated,403.400000,0.000000,82,100,130,170,1000,2100,3600,5200,11000,18000,27000,219737,0,82,385.9326895569813,24.650200037285686,26842.70739997737,4757.516230766781
1791121129,1000,,Aggregated,414.400000,0.000000,82,100,130,170,1000,2100,3600,5200,11000,18000,27000,220173,0,82,385.9763788629093,24.650200037285686,26842.70739997737,4756.989408328905
1791121130,1000,,Aggregated,415.800000,0.000000,82,100,130,170,1000,2100,3600,5200,11000,18000,27000,220611,0,82,385.96074528506483,24.650200037285686,26842.70739997737,4756.249661168301
1791121131,1000,,Aggregated,425.100000,0.000000,82,100,130,170,1000,2100,3600,5200,11000,18000,27000,221093,0,82,385.94939213173734,24.650200037285686,26842.70739997737,4755.922684119352
1791121132,1000,,Aggregated,428.100000,0.000000,82,100,130,170,1000,2100,3600,5200,11000,18000,27000,221570,0,82,385.805948793531,24.650200037285686,26842.70739997737,4755.48414947872
1791121133,1000,,Aggregated,433.800000,0.000000,82,100,130,170,1000,2100,3500,5200,11000,18000,27000,222057,0,82,385.3985097303089,24.650200037285686,26842.70739997737,4755.983612315757
1791121134,1000,,Aggregated,433.500000,0.000000,82,100,130,170,1000,2100,3500,5200,11000,18000,27000,222514,0,82,384.9993117924447,24.650200037285686,26842.70739997737,4755.980446174173
1791121135,1000,,Aggregated,435.500000,0.000000,82,100,130,170,1000,2100,3500,5200,11000,18000,27000,222903,0,82,384.7007774273274,24.650200037285686,26842.70739997737,4756.106108935277
1791121136,1000,,Aggregated,436.100000,0.000000,82,100,130,170,1000,2100,3500,5200,11000,18000,27000,223379,0,82,384.3494967050764,24.650200037285686,26842.70739997737,4756.506542692016
1791121137,1000,,Aggregated,438.700000,0.000000,82,100,130,170,1000,2100,3500,5200,11000,18000,27000,223804,0,82,384.11685922451016,24.650200037285686,26842.70739997737,4756.443334346124
1791121138,1000,,Aggregated,438.200000,0.000000,82,100,130,170,1000,2100,3500,5200,11000,18000,27000,224273,0,82,384.0314030867787,24.650200037285686,26842.70739997737,4756.148408412961
1791121139,1000,,Aggregated,438.900000,0.000000,82,100,130,170,1000,2100,3500,5200,11000,18000,27000,224686,0,82,383.91007677016285,24.650200037285686,26842.70739997737,4755.915085942159
1791121140,1000,,Aggregated,443.600000,0.000000,82,100,130,170,1000,2100,3500,5200,11000,18000,27000,225137,0,82,383.60956869186305,24.650200037285686,26842.70739997737,4756.297014706601
1791121141,1000,,Aggregated,446.100000,0.000000,82,100,130,170,1000,2100,3500,5200,11000,18000,27000,225588,0,82,383.2990734178231,24.650200037285686,26842.70739997737,4756.484391900279
1791121142,1000,,Aggregated,444.600000,0.000000,82,100,130,170,1000,2100,3500,5200,11000,18000,27000,226035,0,82,383.0717860954273,24.650200037285686,26842.70739997737,4756.563364080784
1791121143,1000,,Aggregated,439.100000,0.000000,82,100,130,170,1000,2100,3500,5200,11000,18000,27000,226491,0,82,382.948153368046,24.650200037285686,26842.70739997737,4756.017757880004
1791121144,1000,,Aggregated,440.200000,0.000000,82,100,130,170,1000,2100,3500,5200,11000,18000,27000,226918,0,82,382.7342768325176,24.650200037285686,26842.70739997737,4756.026758564768
1791121145,1000,,Aggregated,439.700000,0.000000,82,100,130,170,1000,2100,3500,5200,11000,18000,27000,227363,0,82,382.44446928471837,24.650200037285686,26842.70739997737,4756.22453081636
1791121146,1000,,Aggregated,438.700000,0.000000,82,100,130,170,1000,2100,3500,5200,11000,18000,27000,227808,0,82,382.2866656029743,24.650200037285686,26842.70739997737,4755.961897738446
1791121147,1000,,Aggregated,437.900000,0.000000,82,100,130,170,1000,2100,3500,5200,11000,18000,27000,228254,0,82,382.0975534640527,24.650200037285686,26842.70739997737,4755.758299964075
1791121148,1000,,Aggregated,437.900000,0.000000,82,100,130,170,1000,2100,3500,5200,11000,18000,27000,228686,0,82,382.11114957707724,24.650200037285686,26842.70739997737,4755.39594465774
1791121149,1000,,Aggregated,438.400000,0.000000,82,100,130,170,1000,2100,3500,5200,11000,18000,27000,229178,0,82,381.6676283874717,24.650200037285686,26842.70739997737,4755.275292567349
1791121150,1000,,Aggregated,437.500000,0.000000,82,100,130,170,1000,2100,3500,5100,11000,18000,27000,229644,0,82,381.26345192159386,24.650200037285686,26842.70739997737,4755.384551740955
1791121151,1000,,Aggregated,441.200000,0.000000,82,100,130,170,1000,2100,3500,5100,11000,18000,27000,230108,0,82,380.80528920934063,24.650200037285686,26842.70739997737,4755.60487684044
1791121152,1000,,Aggregated,443.300000,0.000000,82,100,130,170,1000,2000,3500,5100,11000,18000,27000,230559,0,82,380.380256369883,24.650200037285686,26842.70739997737,4755.7883665352465
1791121153,1000,,Aggregated,448.300000,0.000000,82,100,130,170,1000,2000,3500,5100,11000,18000,27000,230991,0,82,380.0208026281712,24.650200037285686,26842.70739997737,4755.845119506821
1791121154,1000,,Aggregated,443.900000,0.000000,82,100,130,170,1000,2000,3500,5100,11000,18000,27000,231440,0,82,379.74726100019234,24.650200037285686,26842.70739997737,4755.785257518147
1791121155,1000,,Aggregated,449.100000,0.000000,82,100,130,170,1000,2000,3500,5100,11000,18000,27000,231883,0,82,379.5390789229356,24.650200037285686,26842.70739997737,4755.734987040878
1791121156,1000,,Aggregated,449.000000,0.000000,82,100,130,170,1000,2000,3500,5100,11000,18000,27000,232319,0,82,379.20028724291734,24.650200037285686,26842.70739997737,4755.887800825589
1791121157,1000,,Aggregated,448.900000,0.000000,82,100,130,160,1000,2000,3500,5100,11000,18000,27000,232784,0,82,378.99734752339856,24.650200037285686,26842.70739997737,4755.812379716819
1791121158,1000,,Aggregated,444.700000,0.000000,82,100,130,160,1000,2000,3500,5100,11000,18000,27000,233224,0,82,378.94063296653053,24.650200037285686,26842.70739997737,4755.454442938977
1791121159,1000,,Aggregated,450.300000,0.000000,82,100,130,160,1000,2000,3500,5100,11000,18000,27000,233658,0,82,378.6407468316296,24.650200037285686,26842.70739997737,4755.4615977197445
1791121160,1000,,Aggregated,452.000000,0.000000,82,100,130,160,1000,2000,3500,5100,11000,18000,27000,234116,0,82,378.3160133851825,24.650200037285686,26842.70739997737,4755.366549061149
1791121161,1000,,Aggregated,445.900000,0.000000,82,100,130,160,1000,2000,3500,5100,11000,18000,27000,234567,0,82,378.0452818665264,24.650200037285686,26842.70739997737,4755.406843247345
1791121162,1000,,Aggregated,445.800000,0.000000,82,100,130,160,1000,2000,3500,5100,11000,18000,27000,235011,0,82,377.8739901289138,24.650200037285686,26842.70739997737,4755.2969052512435
1791121163,1000,,Aggregated,441.800000,0.000000,82,100,130,160,1000,2000,3500,5100,11000,18000,27000,235448,0,82,377.58291826554546,24.650200037285686,26842.70739997737,4755.451607148924
1791121164,1000,,Aggregated,448.200000,0.000000,82,100,130,170,1000,2000,3400,5100,11000,18000,27000,235854,0,82,377.51401027663957,24.650200037285686,26842.70739997737,4755.816912157521
1791121165,1000,,Aggregated,441.800000,0.000000,82,100,130,170,1000,2000,3400,5100,11000,18000,27000,236334,0,82,377.29713404116876,24.650200037285686,26842.70739997737,4755.8723162981205
1791121166,1000,,Aggregated,433.000000,0.000000,82,100,130,170,1000,2000,3400,5100,11000,18000,27000,236761,0,82,377.3355511447617,24.650200037285686,26842.70739997737,4755.1200493324495
1791121167,1000,,Aggregated,440.600000,0.000000,82,100,130,170,1000,2000,3400,5100,11000,18000,27000,237222,0,82,377.20422419667506,24.650200037285686,26842.70739997737,4755.026367706199
1791121168,1000,,Aggregated,444.400000,0.000000,82,100,130,170,1000,2000,3400,5100,11000,18000,27000,237668,0,82,376.867345126334,24.650200037285686,26842.70739997737,4754.779461265294
1791121169,1000,,Aggregated,437.600000,0.000000,82,100,130,170,1000,2000,3400,5100,11000,18000,27000,238141,0,82,376.51403552258535,24.650200037285686,26842.70739997737,4754.528636396085
1791121170,1000,,Aggregated,442.200000,0.000000,82,100,130,170,1000,2000,3400,5100,11000,18000,27000,238639,0,82,376.1349853610795,24.650200037285686,26842.70739997737,4754.13848951764
1791121171,1000,,Aggregated,442.700000,0.000000,82,100,130,170,1000,2000,3400,5100,11000,18000,27000,239083,0,82,375.6649820212335,24.650200037285686,26842.70739997737,4754.346595115504
1791121172,1000,,Aggregated,445.100000,0.000000,82,100,130,160,1000,2000,3400,5000,11000,18000,27000,239517,0,82,375.24611349291564,24.650200037285686,26842.70739997737,4754.351407207004
1791121173,1000,,Aggregated,450.500000,0.000000,82,100,130,160,1000,2000,3400,5000,11000,18000,27000,240000,0,82,374.80704891534793,24.650200037285686,26842.70739997737,4754.734108333333
1791121174,1000,,Aggregated,448.000000,0.000000,82,100,130,160,1000,2000,3400,5000,11000,17000,27000,240424,0,82,374.5310494667081,24.650200037285686,26842.70739997737,4754.546967024922
1791121175,1000,,Aggregated,449.500000,0.000000,82,100,130,160,1000,2000,3400,5000,11000,17000,27000,240859,0,82,374.24513340786405,24.650200037285686,26842.70739997737,4754.962529944905
1791121176,1000,,Aggregated,460.100000,0.000000,82,100,130,160,1000,2000,3400,5000,11000,17000,27000,241316,0,82,374.02563902553305,24.650200037285686,26842.70739997737,4755.069261880688
1791121177,1000,,Aggregated,450.900000,0.000000,82,100,130,160,1000,2000,3400,5000,11000,17000,27000,241767,0,82,373.9031928740723,24.650200037285686,26842.70739997737,4754.71733942184
1791121178,1000,,Aggregated,451.700000,0.000000,82,100,130,160,1000,2000,3400,5000,11000,17000,27000,242227,0,82,373.71378191567123,24.650200037285686,26842.70739997737,4754.815049519665
1791121179,1000,,Aggregated,454.900000,0.000000,82,100,130,160,1000,2000,3400,5000,11000,17000,27000,242620,0,82,373.73775945217625,24.650200037285686,26842.70739997737,4754.1883397906195
1791121180,1000,,Aggregated,449.000000,0.000000,82,100,130,170,990,2000,3400,5000,11000,17000,27000,243145,0,82,373.35152409338934,24.650200037285686,26842.70739997737,4754.550909950853
1791121181,1000,,Aggregated,450.900000,0.000000,82,100,130,170,990,2000,3400,5000,11000,17000,27000,243538,0,82,373.04518155272774,24.650200037285686,26842.70739997737,4754.794520772939
1791121182,1000,,Aggregated,450.000000,0.000000,82,100,130,160,990,2000,3400,5000,11000,17000,27000,244001,0,82,372.70923416169506,24.650200037285686,26842.70739997737,4755.233240847374
1791121183,1000,,Aggregated,447.100000,0.000000,82,100,130,160,990,2000,3400,5000,11000,17000,27000,244479,0,82,372.49103991094984,24.650200037285686,26842.70739997737,4755.27264100393
1791121184,1000,,Aggregated,442.800000,0.000000,82,100,130,160,990,2000,3400,5000,11000,17000,27000,244920,0,82,372.4077108679888,24.650200037285686,26842.70739997737,4755.486644618651
1791121185,1000,,Aggregated,443.400000,0.000000,82,100,130,160,990,2000,3400,5000,11000,17000,27000,245358,0,82,372.138730214572,24.650200037285686,26842.70739997737,4755.684766748996
1791121186,1000,,Aggregated,446.500000,0.000000,82,100,130,160,990,2000,3400,5000,11000,17000,27000,245804,0,82,371.8563665863294,24.650200037285686,26842.70739997737,4755.801915347187
1791121187,1000,,Aggregated,446.500000,0.000000,82,100,130,160,990,2000,3400,4900,11000,17000,27000,246267,0,82,371.60271781476,24.650200037285686,26842.70739997737,4755.843572220395
1791121188,1000,,Aggregated,448.400000,0.000000,82,100,130,160,990,2000,3400,4900,11000,17000,27000,246734,0,82,371.4124607362106,24.650200037285686,26842.70739997737,4755.7072231634065
1791121189,1000,,Aggregated,448.000000,0.000000,82,100,130,160,990,2000,3400,4900,11000,17000,27000,247180,0,82,371.20063629132153,24.650200037285686,26842.70739997737,4755.392115057853
1791121190,1000,,Aggregated,448.300000,0.000000,82,100,130,160,990,2000,3400,4900,11000,17000,27000,247638,0,82,370.8556846590137,24.650200037285686,26842.70739997737,4755.515946664083
1791121191,1000,,Aggregated,448.000000,0.000000,82,100,130,160,990,2000,3400,4900,11000,17000,27000,248085,0,82,370.60702741072964,24.650200037285686,26842.70739997737,4755.563137634279
1791121192,1000,,Aggregated,445.600000,0.000000,82,100,130,160,980,2000,3400,4900,11000,17000,27000,248538,0,82,370.3458233537422,24.650200037285686,26842.70739997737,4755.345914910396
1791121193,1000,,Aggregated,447.300000,0.000000,82,100,130,160,980,2000,3400,4900,11000,17000,27000,248992,0,82,370.0108529177383,24.650200037285686,26842.70739997737,4755.381205018635
1791121194,1000,,Aggregated,452.300000,0.000000,82,100,130,160,980,2000,3400,4900,11000,17000,27000,249463,0,82,369.6676900209405,24.650200037285686,26842.70739997737,4755.289353531385
1791121195,1000,,Aggregated,451.400000,0.000000,82,100,130,160,980,2000,3400,4900,11000,17000,27000,249860,0,82,369.3397033330464,24.650200037285686,26842.70739997737,4755.377627471384
1791121196,1000,,Aggregated,450.200000,0.000000,82,100,130,160,980,2000,3400,4900,11000,17000,27000,250178,38,82,369.5754446070292,24.650200037285686,26842.70739997737,4755.727665901878
1791121197,1000,,Aggregated,453.300000,0.000000,82,100,130,170,980,2000,3300,4900,11000,17000,27000,250671,42,82,369.55524429669015,24.650200037285686,26842.70739997737,4756.053017700492
1791121198,1000,,Aggregated,433.300000,0.000000,82,100,130,170,980,2000,3300,4900,11000,17000,27000,251062,42,82,369.6702918422372,24.650200037285686,26842.70739997737,4755.7038261465295
1791121199,1000,,Aggregated,437.100000,4.200000,82,100,130,170,980,2000,3300,4900,11000,17000,27000,251520,42,82,369.5224562953067,24.650200037285686,26842.70739997737,4755.76193543257
1791121200,1000,,Aggregated,436.800000,4.200000,82,100,130,170,980,2000,3300,4900,11000,17000,27000,251955,42,82,369.5645979472342,24.650200037285686,26842.70739997737,4755.294143795519
1791121201,1000,,Aggregated,429.400000,4.200000,82,100,130,170,980,2000,3300,4900,11000,17000,27000,252402,42,82,369.38047876480755,24.650200037285686,26842.70739997737,4755.446882354339
1791121202,1000,,Aggregated,432.000000,4.200000,82,100,130,170,980,2000,3300,4900,11000,17000,27000,252853,42,82,369.1481613047736,24.650200037285686,26842.70739997737,4755.705081608682
1791121203,1000,,Aggregated,426.700000,4.200000,82,100,130,170,980,2000,3300,4900,11000,17000,27000,253273,42,82,368.9222380170701,24.650200037285686,26842.70739997737,4755.887793013862
1791121204,1000,,Aggregated,427.400000,4.200000,82,100,130,170,980,2000,3300,4900,11000,17000,27000,253708,42,82,368.6545206414333,24.650200037285686,26842.70739997737,4756.131391205638
1791121205,1000,,Aggregated,428.000000,4.200000,82,100,130,170,980,2000,3300,4900,11000,17000,27000,254168,42,82,368.57739787974236,24.650200037285686,26842.70739997737,4755.827535330962
1791121206,1000,,Aggregated,422.800000,4.200000,82,100,130,160,980,2000,3300,4900,11000,17000,27000,254612,42,82,368.39675178152356,24.650200037285686,26842.70739997737,4755.840922658791
1791121207,1000,,Aggregated,421.300000,4.200000,82,100,130,160,980,2000,3300,4900,11000,17000,27000,255059,42,82,368.23197597025677,24.650200037285686,26842.70739997737,4755.759690895048
1791121208,1000,,Aggregated,440.600000,4.200000,82,100,130,160,980,2000,3300,4900,11000,17000,27000,255516,42,82,368.21793515278034,24.650200037285686,26842.70739997737,4755.565064418666
1791121209,1000,,Aggregated,435.900000,0.000000,82,100,130,160,980,2000,3300,4900,11000,17000,27000,255940,42,82,367.9392784457211,24.650200037285686,26842.70739997737,4755.985121512855
1791121210,1000,,Aggregated,436.900000,0.000000,82,100,130,160,980,2000,3300,4900,11000,17000,27000,256381,42,82,368.0028863398506,24.650200037285686,26842.70739997737,4755.283815883392
1791121211,1000,,Aggregated,441.000000,0.000000,82,100,130,170,970,2000,3300,4900,11000,17000,27000,256836,42,82,367.83255626585947,24.650200037285686,26842.70739997737,4755.905698578081
1791121212,1000,,Aggregated,438.900000,0.000000,82,100,130,170,980,2000,3300,4900,11000,17000,27000,257280,42,82,367.8165343194126,24.650200037285686,26842.70739997737,4755.439509483831
1791121213,1000,,Aggregated,432.900000,0.000000,82,100,130,170,980,2000,3300,4900,11000,17000,27000,257709,42,82,367.6915993302522,24.650200037285686,26842.70739997737,4755.280098871208
1791121214,1000,,Aggregated,437.200000,0.000000,82,100,130,170,970,2000,3300,4800,11000,17000,27000,258162,42,82,367.48434462624533,24.650200037285686,26842.70739997737,4755.4383565358185
1791121215,1000,,Aggregated,435.500000,0.000000,82,100,130,170,970,2000,3300,4800,11000,17000,27000,258609,42,82,367.2226872838948,24.650200037285686,26842.70739997737,4755.319760719851
1791121216,1000,,Aggregated,435.500000,0.000000,82,100,130,170,970,2000,3300,4800,11000,17000,27000,259058,42,82,367.01131475924,24.650200037285686,26842.70739997737,4755.310320468775
1791121217,1000,,Aggregated,438.500000,0.000000,82,100,130,160,970,2000,3300,4800,11000,17000,27000,259508,42,82,366.7424335766089,24.650200037285686,26842.70739997737,4755.552853861924
1791121218,1000,,Aggregated,438.400000,0.000000,82,100,130,160,970,2000,3300,4800,11000,17000,27000,259945,42,82,366.523903726163,24.650200037285686,26842.70739997737,4755.112681528785
1791121219,1000,,Aggregated,436.900000,0.000000,82,100,130,160,970,2000,3300,4800,11000,17000,27000,260386,42,82,366.3724522278396,24.650200037285686,26842.70739997737,4755.187878764604
1791121220,1000,,Aggregated,438.400000,0.000000,82,100,130,160,970,2000,3300,4800,11000,17000,27000,260886,42,82,366.126679080128,24.650200037285686,26842.70739997737,4755.082629960979
1791121221,1000,,Aggregated,438.900000,0.000000,82,100,130,160,970,2000,3300,4800,11000,17000,27000,261344,42,82,365.92895801586144,24.650200037285686,26842.70739997737,4754.581153575365
1791121222,1000,,Aggregated,441.700000,0.000000,82,100,130,160,970,1900,3300,4800,11000,17000,27000,261755,42,82,365.6565263761803,24.650200037285686,26842.70739997737,4755.038998299937
1791121223,1000,,Aggregated,453.900000,0.000000,82,100,130,160,970,1900,3300,4800,10000,17000,27000,262234,42,82,365.34938556898027,24.650200037285686,26842.70739997737,4754.97625021927
1791121224,1000,,Aggregated,448.800000,0.000000,82,100,130,160,970,1900,3300,4800,10000,17000,27000,262695,42,82,365.0720160600509,24.650200037285686,26842.70739997737,4755.235093930223
1791121225,1000,,Aggregated,449.500000,0.000000,82,100,130,160,970,1900,3300,4800,10000,17000,27000,263138,42,82,364.75697091030156,24.650200037285686,26842.70739997737,4755.095767240004
1791121226,1000,,Aggregated,451.900000,0.000000,82,100,130,160,960,1900,3300,4800,10000,17000,27000,263566,42,82,364.5776455430293,24.650200037285686,26842.70739997737,4755.085807729373
1791121227,1000,,Aggregated,451.000000,0.000000,82,100,130,160,960,1900,3300,4800,10000,17000,27000,264024,42,82,364.26964520268046,24.650200037285686,26842.70739997737,4755.316929521558
1791121228,1000,,Aggregated,449.800000,0.000000,82,100,130,160,960,1900,3300,4800,10000,17000,27000,264453,42,82,364.0065798137697,24.650200037285686,26842.70739997737,4755.4953016225945
1791121229,1000,,Aggregated,450.500000,0.000000,82,100,130,160,960,1900,3300,4800,10000,17000,27000,264902,42,82,363.8026027809952,24.650200037285686,26842.70739997737,4755.611973484534
1791121230,1000,,Aggregated,449.300000,0.000000,82,100,130,160,960,1900,3300,4800,10000,17000,27000,265366,42,82,363.72898975750604,24.650200037285686,26842.70739997737,4755.24095023477
1791121231,1000,,Aggregated,449.100000,0.000000,82,100,130,160,960,1900,3300,4800,10000,17000,27000,265793,42,82,363.60872037559164,24.650200037285686,26842.70739997737,4755.18179560786
1791121232,1000,,Aggregated,447.400000,0.000000,82,100,130,160,960,1900,3300,4800,10000,17000,27000,266234,42,82,363.31926805851,24.650200037285686,26842.70739997737,4755.221489366497
1791121233,1000,,Aggregated,445.100000,0.000000,82,100,130,160,960,1900,3300,4800,10000,17000,27000,266651,42,82,363.0656151812292,24.650200037285686,26842.70739997737,4755.467206198364
1791121234,1000,,Aggregated,442.800000,0.000000,82,100,130,160,960,1900,3300,4800,10000,17000,27000,267092,42,82,362.9508925953948,24.650200037285686,26842.70739997737,4755.710223443607
1791121235,1000,,Aggregated,442.200000,0.000000,82,100,130,160,960,1900,3300,4800,10000,17000,27000,267560,42,82,362.966985347172,24.650200037285686,26842.70739997737,4755.633738226939
1791121237,1000,,Aggregated,436.200000,0.000000,82,100,130,160,960,1900,3300,4800,10000,17000,27000,267967,42,82,363.0066772721576,24.650200037285686,26842.70739997737,4755.637455358309
1791121238,1000,,Aggregated,439.500000,0.000000,82,100,130,160,960,1900,3300,4800,10000,17000,27000,268423,42,82,362.8186356943649,24.650200037285686,26842.70739997737,4755.7350748631825
1791121239,1000,,Aggregated,435.700000,0.000000,82,100,130,160,960,1900,3300,4800,10000,17000,27000,268832,42,82,362.64982889123087,24.650200037285686,26842.70739997737,4755.976498333532
1791121240,1000,,Aggregated,436.500000,0.000000,82,100,130,160,960,1900,3300,4800,10000,17000,27000,269311,42,82,362.5943953187375,24.650200037285686,26842.70739997737,4755.868408642796
1791121241,1000,,Aggregated,434.300000,0.000000,82,100,130,160,960,1900,3300,4800,10000,17000,27000,269748,42,82,362.5746313810796,24.650200037285686,26842.70739997737,4755.487380814687
1791121242,1000,,Aggregated,437.000000,0.000000,82,100,130,160,960,1900,3300,4800,10000,17000,27000,270183,42,82,362.4268061502063,24.650200037285686,26842.70739997737,4755.395746586572
1791121243,1000,,Aggregated,434.100000,0.000000,82,100,130,160,960,1900,3300,4800,10000,17000,27000,270656,42,82,362.24953251205403,24.650200037285686,26842.70739997737,4755.523317421376
1791121244,1000,,Aggregated,435.900000,0.000000,82,100,130,160,960,1900,3200,4800,10000,17000,27000,271131,42,82,361.920267967092,24.650200037285686,26842.70739997737,4755.669285327019
1791121245,1000,,Aggregated,438.600000,0.000000,82,100,130,160,960,1900,3200,4800,10000,17000,27000,271575,42,82,361.603067725988,24.650200037285686,26842.70739997737,4755.836866427322
1791121246,1000,,Aggregated,445.400000,0.000000,82,100,130,160,950,1900,3200,4700,10000,17000,27000,272019,42,82,361.3551735028972,24.650200037285686,26842.70739997737,4756.14979468346
1791121247,1000,,Aggregated,446.500000,0.000000,82,100,130,160,950,1900,3200,4700,10000,17000,27000,272452,42,82,361.10523485782437,24.650200037285686,26842.70739997737,4755.9344765316455
1791121248,1000,,Aggregated,442.800000,0.000000,82,100,130,160,950,1900,3200,4700,10000,17000,27000,272902,42,82,360.93219388529155,24.650200037285686,26842.70739997737,4755.658998468315
1791121249,1000,,Aggregated,444.700000,0.000000,82,100,130,160,950,1900,3200,4700,10000,17000,27000,273379,42,82,360.76340180219836,24.650200037285686,26842.70739997737,4755.525929204511
1791121250,1000,,Aggregated,445.600000,0.000000,82,100,130,160,950,1900,3200,4700,10000,17000,27000,273809,42,82,360.66554965024045,24.650200037285686,26842.70739997737,4755.091103652546
1791121251,1000,,Aggregated,451.500000,0.000000,82,100,130,160,950,1900,3200,4700,10000,17000,27000,274278,42,82,360.3458064634526,24.650200037285686,26842.70739997737,4755.281451665828
1791121252,1000,,Aggregated,447.000000,0.000000,82,100,130,160,950,1900,3200,4700,10000,17000,27000,274749,42,82,360.0990120800612,24.650200037285686,26842.70739997737,4755.185714961656
1791121253,1000,,Aggregated,450.700000,0.000000,82,100,130,160,950,1900,3200,4700,10000,17000,27000,275232,42,82,359.79655216358105,24.650200037285686,26842.70739997737,4755.412710004651
1791121254,1000,,Aggregated,453.100000,0.000000,82,100,130,160,950,1900,3200,4700,10000,17000,27000,275651,42,82,359.5261602174012,24.650200037285686,26842.70739997737,4755.771776630594
1791121255,1000,,Aggregated,454.000000,0.000000,82,100,130,160,950,1900,3200,4700,10000,17000,27000,276068,42,82,359.3118373932795,24.650200037285686,26842.70739997737,4756.298270715911
1791121256,1000,,Aggregated,449.200000,0.000000,82,100,130,160,950,1900,3200,4700,10000,17000,27000,276528,42,82,359.2687301111921,24.650200037285686,26842.70739997737,4755.788303535266
1791121257,1000,,Aggregated,445.000000,0.000000,82,100,130,160,950,1900,3200,4700,10000,17000,27000,276954,42,82,359.10494842026645,24.650200037285686,26842.70739997737,4756.121132029146
1791121258,1000,,Aggregated,447.100000,0.000000,82,100,130,160,950,1900,3200,4700,10000,17000,27000,277389,42,82,359.0483444826074,24.650200037285686,26842.70739997737,4756.022279181943
1791121259,1000,,Aggregated,447.100000,0.000000,82,100,130,160,950,1900,3200,4700,10000,17000,27000,277835,42,82,359.0218802248986,24.650200037285686,26842.70739997737,4755.864829845052
1791121260,1000,,Aggregated,445.200000,0.000000,82,100,130,160,950,1900,3200,4700,10000,17000,27000,278309,42,82,358.8065459797726,24.650200037285686,26842.70739997737,4755.59323629491
1791121261,1000,,Aggregated,443.100000,0.000000,82,100,130,160,950,1900,3200,4700,10000,17000,27000,278759,42,82,358.4997031302455,24.650200037285686,26842.70739997737,4755.402795963539
1791121262,1000,,Aggregated,446.800000,0.000000,82,100,130,160,950,1900,3200,4700,10000,17000,27000,279223,42,82,358.224886664726,24.650200037285686,26842.70739997737,4755.469105338743
1791121263,1000,,Aggregated,444.600000,0.000000,82,100,130,160,950,1900,3200,4700,10000,17000,27000,279685,42,82,357.96315403037937,24.650200037285686,26842.70739997737,4755.257933031804
1791121264,1000,,Aggregated,444.300000,0.000000,82,100,130,160,940,1900,3200,4700,10000,17000,27000,280128,42,82,357.68852826346165,24.650200037285686,26842.70739997737,4755.682509424263
1791121265,1000,,Aggregated,443.100000,0.000000,82,100,130,160,940,1900,3200,4700,10000,17000,27000,280551,42,82,357.519278407449,24.650200037285686,26842.70739997737,4755.86839825914
1791121266,1000,,Aggregated,445.300000,0.000000,82,100,130,160,940,1900,3200,4700,10000,17000,27000,281025,42,82,357.2706938453496,24.650200037285686,26842.70739997737,4755.972383239925
1791121267,1000,,Aggregated,444.900000,0.000000,82,100,130,160,940,1900,3200,4700,10000,17000,27000,281480,42,82,357.21344898035335,24.650200037285686,26842.70739997737,4755.622406565298
1791121268,1000,,Aggregated,446.400000,0.000000,82,100,130,160,940,1900,3200,4700,10000,17000,27000,281958,42,82,356.93718493353714,24.650200037285686,26842.70739997737,4755.6810446946
1791121269,1000,,Aggregated,450.600000,0.000000,82,100,130,160,940,1900,3200,4700,10000,17000,27000,282371,42,82,356.64152234362274,24.650200037285686,26842.70739997737,4755.948397675399
1791121270,1000,,Aggregated,454.000000,0.000000,82,100,130,160,940,1900,3200,4700,10000,17000,27000,282820,42,82,356.33706706948004,24.650200037285686,26842.70739997737,4756.278180468143
1791121271,1000,,Aggregated,443.300000,0.000000,82,100,130,160,940,1900,3200,4700,10000,17000,27000,283282,42,82,356.1711547747152,24.650200037285686,26842.70739997737,4756.145547546262
1791121272,1000,,Aggregated,447.800000,0.000000,82,100,130,160,940,1900,3200,4700,10000,17000,27000,283717,42,82,356.00689088102223,24.650200037285686,26842.70739997737,4755.994579105235
1791121273,1000,,Aggregated,449.500000,0.000000,82,100,130,160,940,1900,3200,4700,10000,17000,27000,284192,42,82,355.83879317501095,24.650200037285686,26842.70739997737,4756.005904458957
1791121274,1000,,Aggregated,445.100000,0.000000,82,100,130,160,940,1900,3200,4700,10000,17000,27000,284619,42,82,355.7030423759195,24.650200037285686,26842.70739997737,4755.537423713807
1791121275,1000,,Aggregated,447.200000,0.000000,82,100,130,160,940,1900,3200,4700,10000,17000,27000,284839,42,82,355.6843966563285,24.650200037285686,26842.70739997737,4756.263857828458
1791121276,1000,,Aggregated,449.000000,0.000000,82,100,130,170,940,1900,3200,4700,10000,17000,27000,285370,163,82,356.10605148470603,24.650200037285686,26842.70739997737,4755.525773557137
1791121277,1000,,Aggregated,431.400000,0.000000,82,100,130,170,940,1900,3200,4700,10000,17000,27000,285740,163,82,356.42960922303746,24.650200037285686,26842.70739997737,4754.764992650661
1791121278,1000,,Aggregated,416.100000,7.600000,82,100,130,170,940,1900,3200,4700,10000,17000,27000,286154,163,82,356.592658424107,24.650200037285686,26842.70739997737,4754.347096318766
1791121279,1000,,Aggregated,423.500000,12.100000,82,100,130,170,940,1900,3200,4700,10000,17000,27000,286584,163,82,356.51865973114633,24.650200037285686,26842.70739997737,4754.462981185272
1791121280,1000,,Aggregated,416.000000,12.100000,82,100,130,170,940,1900,3200,4700,10000,17000,27000,287011,163,82,356.443554737937,24.650200037285686,26842.70739997737,4754.292250122818
1791121281,1000,,Aggregated,424.200000,12.100000,82,100,130,170,940,1900,3200,4700,10000,17000,27000,287458,163,82,356.4201678975347,24.650200037285686,26842.70739997737,4754.1319288383
1791121282,1000,,Aggregated,416.500000,12.100000,82,100,130,170,940,1900,3200,4700,10000,17000,27000,287937,163,82,356.45080823822883,24.650200037285686,26842.70739997737,4753.937885718056
1791121283,1000,,Aggregated,412.700000,12.100000,82,100,130,170,940,1900,3200,4700,10000,17000,27000,288368,163,82,356.3645286786042,24.650200037285686,26842.70739997737,4753.7514599400765
1791121284,1000,,Aggregated,417.700000,12.100000,82,100,130,170,940,1900,3200,4700,10000,17000,27000,288811,163,82,356.1315267818455,24.650200037285686,26842.70739997737,4753.763146140555
1791121285,1000,,Aggregated,414.700000,12.100000,82,100,130,170,940,1900,3200,4600,10000,17000,27000,289274,163,82,355.8847554743693,24.650200037285686,26842.70739997737,4754.192907070805
1791121286,1000,,Aggregated,414.100000,12.100000,82,100,130,170,940,1900,3200,4600,10000,17000,27000,289749,163,82,355.66369978323837,24.650200037285686,26842.70739997737,4754.154278358165
1791121287,1000,,Aggregated,433.900000,12.100000,82,100,130,170,940,1900,3200,4600,10000,17000,27000,290153,163,82,355.42665908949516,24.650200037285686,26842.70739997737,4754.371293765703
1791121288,1000,,Aggregated,450.300000,4.500000,82,100,130,170,940,1900,3200,4600,10000,17000,27000,290601,163,82,355.26321169539835,24.650200037285686,26842.70739997737,4754.528731835059
1791121289,1000,,Aggregated,436.500000,0.000000,82,100,130,170,940,1900,3200,4600,10000,17000,27000,291059,163,82,355.18599525557477,24.650200037285686,26842.70739997737,4754.080220848694
1791121290,1000,,Aggregated,440.700000,0.000000,82,100,130,170,940,1900,3200,4600,10000,17000,27000,291502,163,82,355.0484355685127,24.650200037285686,26842.70739997737,4754.675909599248
1791121291,1000,,Aggregated,444.600000,0.000000,82,100,130,170,930,1900,3200,4600,10000,17000,27000,291957,163,82,354.8663072969431,24.650200037285686,26842.70739997737,4754.539771267687
1791121292,1000,,Aggregated,445.400000,0.000000,82,100,130,170,930,1900,3200,4600,10000,17000,27000,292423,163,82,354.82904525256754,24.650200037285686,26842.70739997737,4754.104595055793
1791121293,1000,,Aggregated,444.800000,0.000000,82,100,130,170,930,1900,3100,4600,10000,17000,27000,292871,163,82,354.647768981537,24.650200037285686,26842.70739997737,4754.097373929136
1791121294,1000,,Aggregated,443.400000,0.000000,82,100,130,170,930,1900,3100,4600,10000,17000,27000,293319,163,82,354.4298249063018,24.650200037285686,26842.70739997737,4754.0769605787555
1791121295,1000,,Aggregated,443.900000,0.000000,82,100,130,170,930,1900,3100,4600,10000,17000,27000,293753,163,82,354.348246849538,24.650200037285686,26842.70739997737,4754.186844049253
1791121296,1000,,Aggregated,442.000000,0.000000,82,100,130,170,930,1900,3100,4600,10000,17000,27000,294201,163,82,354.1611389702622,24.650200037285686,26842.70739997737,4754.2896829038655
1791121297,1000,,Aggregated,442.700000,0.000000,82,100,130,170,930,1900,3100,4600,10000,17000,27000,294635,163,82,354.0594112437112,24.650200037285686,26842.70739997737,4754.118906443566
1791121298,1000,,Aggregated,438.600000,0.000000,82,100,130,170,930,1900,3100,4600,10000,17000,27000,295100,163,82,353.8252245414889,24.650200037285686,26842.70739997737,4754.034469671298
1791121299,1000,,Aggregated,443.800000,0.000000,82,100,130,170,930,1900,3100,4600,10000,17000,27000,295513,163,82,353.7927883639396,24.650200037285686,26842.70739997737,4753.998098222413
1791121300,1000,,Aggregated,442.900000,0.000000,82,100,130,170,930,1900,3100,4600,10000,17000,27000,295966,163,82,353.5517231485879,24.650200037285686,26842.70739997737,4754.255353655488
1791121301,1000,,Aggregated,440.800000,0.000000,82,100,130,170,930,1900,3100,4600,10000,17000,27000,296401,163,82,353.493906590717,24.650200037285686,26842.70739997737,4754.097300616395
1791121302,1000,,Aggregated,439.100000,0.000000,82,100,130,170,930,1900,3100,4600,10000,17000,27000,296842,163,82,353.3497811310209,24.650200037285686,26842.70739997737,4754.544909413088
1791121303,1000,,Aggregated,443.100000,0.000000,82,100,130,170,930,1900,3100,4600,10000,17000,27000,297280,163,82,353.34284915969914,24.650200037285686,26842.70739997737,4754.094954251884
1791121304,1000,,Aggregated,439.300000,0.000000,82,100,130,170,930,1900,3100,4600,10000,17000,27000,297681,163,82,353.2516770788011,24.650200037285686,26842.70739997737,4753.949859077335
1791121305,1000,,Aggregated,437.600000,0.000000,82,100,130,170,930,1900,3100,4600,10000,17000,27000,298080,163,82,353.2124137516553,24.650200037285686,26842.70739997737,4754.0607957595275
1791121306,1000,,Aggregated,436.400000,0.000000,82,100,130,170,930,1900,3100,4600,10000,17000,27000,298562,163,82,353.0604936110179,24.650200037285686,26842.70739997737,4754.0620072212805
1791121307,1000,,Aggregated,434.600000,0.000000,82,100,130,170,930,1900,3100,4600,10000,17000,27000,299007,163,82,353.05295878689117,24.650200037285686,26842.70739997737,4753.9679004170475
1791121308,1000,,Aggregated,436.000000,0.000000,82,100,130,170,930,1900,3100,4600,10000,17000,27000,299463,163,82,352.9348959670896,24.650200037285686,26842.70739997737,4753.942640660115
1791121309,1000,,Aggregated,432.400000,0.000000,82,100,130,170,930,1900,3100,4600,10000,17000,27000,299961,163,82,352.6733221665262,24.650200037285686,26842.70739997737,4753.688519507536
1791121310,1000,,Aggregated,435.400000,0.000000,82,100,130,170,930,1900,3100,4600,10000,17000,27000,300367,163,82,352.3703304434073,24.650200037285686,26842.70739997737,4753.991417166333
1791121311,1000,,Aggregated,437.500000,0.000000,82,100,130,160,920,1900,3100,4600,10000,17000,27000,300848,163,82,352.06040006745997,24.650200037285686,26842.70739997737,4754.3516460139335
1791121312,1000,,Aggregated,439.900000,0.000000,82,100,130,160,920,1900,3100,4600,10000,17000,27000,301314,163,82,351.85422408714777,24.650200037285686,26842.70739997737,4754.240480030799
1791121313,1000,,Aggregated,438.700000,0.000000,82,100,130,160,920,1900,3100,4600,10000,17000,27000,301782,163,82,351.6413522337204,24.650200037285686,26842.70739997737,4753.844490393728
1791121314,1000,,Aggregated,442.500000,0.000000,82,100,130,160,920,1900,3100,4600,10000,17000,27000,302212,163,82,351.3342518546473,24.650200037285686,26842.70739997737,4754.224183685625
1791121315,1000,,Aggregated,447.100000,0.000000,82,100,130,160,920,1900,3100,4600,10000,17000,27000,302669,163,82,351.10278404625205,24.650200037285686,26842.70739997737,4754.941500450987
1791121316,1000,,Aggregated,447.800000,0.000000,82,100,130,160,920,1900,3100,4600,10000,17000,27000,303117,163,82,350.92475256120787,24.650200037285686,26842.70739997737,4754.945357733152
1791121317,1000,,Aggregated,451.300000,0.000000,82,100,130,160,920,1900,3100,4600,10000,17000,27000,303552,163,82,350.84330786815633,24.650200037285686,26842.70739997737,4754.683052656546
1791121318,1000,,Aggregated,450.100000,0.000000,82,100,130,160,920,1900,3100,4600,10000,17000,27000,304014,163,82,350.6491429322149,24.650200037285686,26842.70739997737,4754.8125217917595
1791121319,1000,,Aggregated,452.100000,0.000000,82,100,130,160,920,1800,3100,4600,10000,17000,27000,304501,163,82,350.4141485318463,24.650200037285686,26842.70739997737,4754.923478083816
1791121320,1000,,Aggregated,450.500000,0.000000,82,100,130,160,920,1800,3100,4500,10000,17000,27000,304944,163,82,350.1934566051341,24.650200037285686,26842.70739997737,4755.094896112073
1791121321,1000,,Aggregated,451.200000,0.000000,82,100,130,160,920,1800,3100,4500,10000,17000,27000,305378,163,82,350.04203152223056,24.650200037285686,26842.70739997737,4755.439186843846
1791121322,1000,,Aggregated,453.900000,0.000000,82,100,130,160,920,1800,3100,4500,10000,17000,27000,305844,163,82,349.8608548446133,24.650200037285686,26842.70739997737,4755.192395469586
1791121323,1000,,Aggregated,451.100000,0.000000,82,100,130,160,920,1800,3100,4500,10000,17000,27000,306298,163,82,349.61825416913234,24.650200037285686,26842.70739997737,4755.19730458573
1791121324,1000,,Aggregated,452.500000,0.000000,82,100,130,160,920,1800,3100,4500,10000,17000,27000,306720,163,82,349.35795839167884,24.650200037285686,26842.70739997737,4755.646315858112
1791121325,1000,,Aggregated,447.300000,0.000000,82,100,130,160,910,1800,3100,4500,10000,17000,27000,307154,163,82,349.14108297432506,24.650200037285686,26842.70739997737,4755.944545732759
1791121326,1000,,Aggregated,448.200000,0.000000,82,100,130,160,910,1800,3100,4500,10000,17000,27000,307634,163,82,349.05394878067403,24.650200037285686,26842.70739997737,4755.773077748233
1791121327,1000,,Aggregated,448.900000,0.000000,82,100,130,160,910,1800,3100,4500,10000,17000,27000,308096,163,82,348.9589620835477,24.650200037285686,26842.70739997737,4755.457003661197
1791121328,1000,,Aggregated,447.600000,0.000000,82,100,130,160,910,1800,3100,4500,10000,17000,27000,308564,163,82,348.7375793459152,24.650200037285686,26842.70739997737,4755.380368416277
1791121329,1000,,Aggregated,450.800000,0.000000,82,100,130,160,910,1800,3100,4500,10000,17000,27000,309026,163,82,348.48406266169366,24.650200037285686,26842.70739997737,4755.107832350676
1791121330,1000,,Aggregated,450.600000,0.000000,82,100,130,160,910,1800,3100,4500,10000,17000,27000,309507,163,82,348.1408245015249,24.650200037285686,26842.70739997737,4755.165156200022
1791121331,1000,,Aggregated,451.000000,0.000000,82,100,130,160,910,1800,3100,4500,10000,17000,27000,309951,163,82,347.85341502461125,24.650200037285686,26842.70739997737,4755.20470655039
1791121332,1000,,Aggregated,451.600000,0.000000,82,100,130,160,910,1800,3100,4500,10000,17000,27000,310433,163,82,347.60192608709133,24.650200037285686,26842.70739997737,4755.023805458827
1791121333,1000,,Aggregated,454.400000,0.000000,82,100,130,160,910,1800,3100,4500,10000,17000,27000,310890,163,82,347.3244443117954,24.650200037285686,26842.70739997737,4755.057930457719
1791121334,1000,,Aggregated,452.400000,0.000000,82,100,130,160,910,1800,3100,4500,10000,17000,27000,311331,163,82,347.05091775953593,24.650200037285686,26842.70739997737,4755.125239696657
1791121335,1000,,Aggregated,456.400000,0.000000,82,100,130,160,910,1800,3100,4500,10000,17000,27000,311762,163,82,346.8165139875762,24.650200037285686,26842.70739997737,4755.1229174819255
1791121336,1000,,Aggregated,456.800000,0.000000,82,100,130,160,910,1800,3100,4500,10000,17000,27000,312176,163,82,346.6987994198597,24.650200037285686,26842.70739997737,4754.972547537287
1791121337,1000,,Aggregated,456.100000,0.000000,82,100,130,160,910,1800,3100,4500,10000,17000,27000,312644,163,82,346.5737127400285,24.650200037285686,26842.70739997737,4755.414941594913
1791121338,1000,,Aggregated,454.200000,0.000000,82,100,130,160,910,1800,3100,4500,10000,17000,27000,313096,163,82,346.5513977553041,24.650200037285686,26842.70739997737,4755.028745177198
1791121339,1000,,Aggregated,445.300000,0.000000,82,100,130,160,900,1800,3100,4500,10000,17000,27000,313543,163,82,346.37869893632876,24.650200037285686,26842.70739997737,4755.3071189597595
1791121340,1000,,Aggregated,448.600000,0.000000,82,100,130,160,900,1800,3100,4500,10000,17000,27000,313964,163,82,346.2891772231609,24.650200037285686,26842.70739997737,4755.33092010549
1791121341,1000,,Aggregated,447.800000,0.000000,82,100,130,160,900,1800,3100,4500,10000,17000,27000,314443,163,82,346.2228028866666,24.650200037285686,26842.70739997737,4755.375257200828
1791121342,1000,,Aggregated,443.400000,0.000000,82,100,130,160,900,1800,3100,4500,10000,17000,27000,314908,163,82,346.16388129546255,24.650200037285686,26842.70739997737,4755.203475300723
1791121343,1000,,Aggregated,442.200000,0.000000,82,100,130,160,900,1800,3100,4500,10000,17000,27000,315363,163,82,345.92489977230025,24.650200037285686,26842.70739997737,4755.294977533826
1791121344,1000,,Aggregated,443.300000,0.000000,82,100,130,160,900,1800,3100,4500,10000,17000,27000,315789,163,82,345.71516807675596,24.650200037285686,26842.70739997737,4755.619486429229
1791121345,1000,,Aggregated,441.900000,0.000000,82,100,130,160,900,1800,3100,4500,10000,17000,27000,316234,163,82,345.50727361571245,24.650200037285686,26842.70739997737,4755.6346692639
1791121346,1000,,Aggregated,441.200000,0.000000,82,100,130,160,900,1800,3100,4500,10000,17000,27000,316686,163,82,345.4354436362538,24.650200037285686,26842.70739997737,4755.731506918525
1791121347,1000,,Aggregated,440.200000,0.000000,82,100,130,160,900,1800,3100,4500,10000,17000,27000,317151,163,82,345.30386921715706,24.650200037285686,26842.70739997737,4755.315912609451
1791121348,1000,,Aggregated,441.900000,0.000000,82,100,130,160,900,1800,3100,4500,10000,17000,27000,317599,163,82,345.15698889855344,24.650200037285686,26842.70739997737,4755.494847275968
1791121349,1000,,Aggregated,450.300000,0.000000,82,100,130,160,900,1800,3100,4500,10000,17000,27000,318062,163,82,344.91556910285544,24.650200037285686,26842.70739997737,4755.573146116166
1791121350,1000,,Aggregated,449.000000,0.000000,82,100,130,160,900,1800,3100,4500,10000,17000,27000,318504,163,82,344.77665471577143,24.650200037285686,26842.70739997737,4755.252571396278
1791121351,1000,,Aggregated,446.900000,0.000000,82,100,130,160,900,1800,3100,4500,10000,17000,27000,318954,163,82,344.57633554930067,24.650200037285686,26842.70739997737,4755.56143832653
1791121352,1000,,Aggregated,449.600000,0.000000,82,100,130,160,900,1800,3100,4500,10000,17000,27000,319393,163,82,344.5127434577167,24.650200037285686,26842.70739997737,4755.312120177962
1791121353,1000,,Aggregated,448.400000,0.000000,82,100,130,160,900,1800,3100,4400,10000,17000,27000,319850,163,82,344.28961805530787,24.650200037285686,26842.70739997737,4755.289201188057
1791121354,1000,,Aggregated,448.500000,0.000000,82,100,130,160,900,1800,3100,4400,10000,16000,27000,320291,163,82,344.1162679144635,24.650200037285686,26842.70739997737,4755.334495817866
1791121355,1000,,Aggregated,446.100000,0.000000,82,100,130,160,900,1800,3100,4400,10000,16000,27000,320711,163,82,343.92434681782566,24.650200037285686,26842.70739997737,4755.445874946603
1791121356,1000,,Aggregated,446.200000,0.000000,82,100,130,160,900,1800,3100,4400,10000,16000,27000,321192,163,82,343.7581549147905,24.650200037285686,26842.70739997737,4755.652120849834
1791121357,1000,,Aggregated,446.200000,0.000000,82,100,130,160,900,1800,3100,4400,10000,16000,27000,321650,163,82,343.7052714876173,24.650200037285686,26842.70739997737,4755.304725633452
1791121358,1000,,Aggregated,444.700000,0.000000,82,100,130,160,900,1800,3100,4400,10000,16000,27000,322140,163,82,343.4447301728791,24.650200037285686,26842.70739997737,4755.294753833737
1791121359,1000,,Aggregated,447.200000,0.000000,82,100,130,160,900,1800,3100,4400,10000,16000,27000,322611,163,82,343.1602000309747,24.650200037285686,26842.70739997737,4755.345081227856
1791121361,1000,,Aggregated,445.600000,0.000000,82,100,130,160,900,1800,3000,4400,10000,16000,27000,323076,163,82,342.8019572694751,24.650200037285686,26842.70739997737,4755.359550074905
1791121362,1000,,Aggregated,450.400000,0.000000,82,100,130,160,900,1800,3000,4400,10000,16000,27000,323472,163,82,342.62878386844335,24.650200037285686,26842.70739997737,4755.94966179453
1791121363,1000,,Aggregated,454.800000,0.000000,82,100,130,160,890,1800,3000,4400,10000,16000,27000,323932,163,82,342.42806881132896,24.650200037285686,26842.70739997737,4755.947393280071
1791121364,1000,,Aggregated,447.600000,0.000000,82,100,130,160,890,1800,3000,4400,10000,16000,27000,324382,163,82,342.28176820998755,24.650200037285686,26842.70739997737,4756.006143990727
1791121365,1000,,Aggregated,449.800000,0.000000,82,100,130,160,890,1800,3000,4400,10000,16000,27000,324786,163,82,342.1328324293306,24.650200037285686,26842.70739997737,4756.192406692407
1791121366,1000,,Aggregated,449.100000,0.000000,82,100,130,160,890,1800,3000,4400,10000,16000,27000,325273,163,82,341.97980911047955,24.650200037285686,26842.70739997737,4756.342048064242
1791121367,1000,,Aggregated,447.400000,0.000000,82,100,130,160,890,1800,3000,4400,10000,16000,27000,325684,163,82,341.8651287806409,24.650200037285686,26842.70739997737,4756.668936760787
1791121368,1000,,Aggregated,452.700000,0.000000,82,100,130,160,890,1800,3000,4400,10000,16000,27000,326048,163,82,342.0111953972835,24.650200037285686,26842.70739997737,4756.518086294042
1791121369,1000,,Aggregated,445.400000,0.000000,82,100,130,160,890,1800,3000,4400,10000,16000,27000,326521,163,82,341.96723304073265,24.650200037285686,26842.70739997737,4756.661764480692
1791121370,1000,,Aggregated,437.200000,0.000000,82,100,130,160,890,1800,3000,4400,10000,16000,27000,326964,163,82,341.99445495159466,24.650200037285686,26842.70739997737,4756.228694902191
1791121371,1000,,Aggregated,435.300000,0.000000,82,100,130,160,900,1800,3000,4400,10000,16000,27000,327411,163,82,342.04443351504216,24.650200037285686,26842.70739997737,4755.942592032644
1791121372,1000,,Aggregated,432.500000,0.000000,82,100,130,160,890,1800,3000,4400,10000,16000,27000,327852,163,82,341.9974251570664,24.650200037285686,26842.70739997737,4755.959127899174
1791121373,1000,,Aggregated,431.100000,0.000000,82,100,130,160,890,1800,3000,4400,10000,16000,27000,328311,163,82,341.85079530717513,24.650200037285686,26842.70739997737,4755.6307586404355
1791121374,1000,,Aggregated,435.300000,0.000000,82,100,130,160,890,1800,3000,4400,10000,16000,27000,328776,163,82,341.79466130737836,24.650200037285686,26842.70739997737,4755.656802807991
1791121375,1000,,Aggregated,435.600000,0.000000,82,100,130,160,890,1800,3000,4400,10000,16000,27000,329210,163,82,341.6868455945963,24.650200037285686,26842.70739997737,4755.741970171015
1791121376,1000,,Aggregated,437.500000,0.000000,82,100,130,160,890,1800,3000,4400,10000,16000,27000,329685,163,82,341.4791182346715,24.650200037285686,26842.70739997737,4755.70477880401
1791121377,1000,,Aggregated,438.800000,0.000000,82,100,130,160,890,1800,3000,4400,10000,16000,27000,330119,163,82,341.2514827722633,24.650200037285686,26842.70739997737,4756.020807648151
1791121378,1000,,Aggregated,441.000000,0.000000,82,100,130,160,890,1800,3000,4400,10000,16000,27000,330560,163,82,341.1006325565606,24.650200037285686,26842.70739997737,4755.977271902227
1791121379,1000,,Aggregated,440.000000,0.000000,82,100,130,160,890,1800,3000,4400,10000,16000,27000,331061,163,82,340.891649792024,24.650200037285686,26842.70739997737,4756.2042946768115
1791121380,1000,,Aggregated,449.900000,0.000000,82,100,130,160,890,1800,3000,4400,10000,16000,27000,331505,163,82,340.6676956854272,24.650200037285686,26842.70739997737,4756.022557729144
1791121381,1000,,Aggregated,451.900000,0.000000,82,100,130,160,890,1800,3000,4400,10000,16000,27000,331975,163,82,340.3817806292627,24.650200037285686,26842.70739997737,4756.243096618721
1791121382,1000,,Aggregated,452.400000,0.000000,82,100,130,160,890,1800,3000,4400,10000,16000,27000,332403,163,82,340.17291613763877,24.650200037285686,26842.70739997737,4756.287085254947
1791121383,1000,,Aggregated,452.700000,0.000000,82,100,130,160,890,1800,3000,4400,10000,16000,27000,332853,163,82,340.0312502783465,24.650200037285686,26842.70739997737,4756.098049289026
1791121384,1000,,Aggregated,453.800000,0.000000,82,100,130,160,890,1800,3000,4400,10000,16000,27000,333298,163,82,339.9783919123457,24.650200037285686,26842.70739997737,4756.070915517045
1791121385,1000,,Aggregated,452.200000,0.000000,82,100,130,160,890,1800,3000,4400,10000,16000,27000,333762,163,82,339.7841630377367,24.650200037285686,26842.70739997737,4756.318052983863
1791121386,1000,,Aggregated,447.900000,0.000000,82,100,130,160,890,1800,3000,4400,10000,16000,27000,334191,163,82,339.7074396114823,24.650200037285686,26842.70739997737,4756.310876115755
1791121387,1000,,Aggregated,453.400000,0.000000,82,100,130,160,890,1800,3000,4400,10000,16000,27000,334590,163,82,339.5914549496415,24.650200037285686,26842.70739997737,4756.3118891777995
1791121388,1000,,Aggregated,446.500000,0.000000,82,100,130,160,890,1800,3000,4400,10000,16000,27000,335050,163,82,339.42029253395145,24.650200037285686,26842.70739997737,4756.484632144456
1791121389,1000,,Aggregated,446.900000,0.000000,82,100,130,160,890,1800,3000,4300,10000,16000,27000,335510,163,82,339.41807680903634,24.650200037285686,26842.70739997737,4756.442436887127
1791121390,1000,,Aggregated,445.200000,0.000000,82,100,130,160,890,1800,3000,4300,10000,16000,27000,335960,163,82,339.4026364102825,24.650200037285686,26842.70739997737,4756.511906179307
1791121391,1000,,Aggregated,441.600000,0.000000,82,100,130,160,890,1800,3000,4300,10000,16000,27000,336405,163,82,339.4076965422613,24.650200037285686,26842.70739997737,4756.488191317014
1791121392,1000,,Aggregated,441.400000,0.000000,82,100,130,160,890,1800,3000,4300,10000,16000,27000,336830,163,82,339.30394530682855,24.650200037285686,26842.70739997737,4756.557572068996
1791121393,1000,,Aggregated,438.500000,0.000000,82,100,130,160,890,1800,3000,4300,10000,16000,27000,337252,163,82,339.23336616239163,24.650200037285686,26842.70739997737,4756.569013675234
1791121394,1000,,Aggregated,438.400000,0.000000,82,100,130,160,890,1800,3000,4300,10000,16000,27000,337713,163,82,339.2141051212014,24.650200037285686,26842.70739997737,4756.447581230216
1791121395,1000,,Aggregated,437.400000,0.000000,82,100,130,160,890,1800,3000,4300,10000,16000,27000,338184,163,82,339.14692974563127,24.650200037285686,26842.70739997737,4756.617229082393
1791121396,1000,,Aggregated,439.800000,0.000000,82,100,130,160,890,1800,3000,4300,10000,16000,27000,338570,163,82,339.0929263201053,24.650200037285686,26842.70739997737,4756.578379655611
1791121397,1000,,Aggregated,436.700000,0.000000,82,100,130,160,890,1800,3000,4300,10000,16000,27000,339050,163,82,338.8827287167022,24.650200037285686,26842.70739997737,4756.764639433712
1791121398,1000,,Aggregated,439.600000,0.000000,82,100,130,160,890,1800,3000,4300,10000,16000,27000,339488,163,82,338.8199833228195,24.650200037285686,26842.70739997737,4757.158903996607
1791121399,1000,,Aggregated,443.400000,0.000000,82,100,130,160,890,1800,3000,4300,10000,16000,27000,339943,163,82,338.86813704885424,24.650200037285686,26842.70739997737,4756.751531874461
1791121400,1000,,Aggregated,439.400000,0.000000,82,100,130,160,890,1800,3000,4300,10000,16000,27000,340363,163,82,338.86550811633003,24.650200037285686,26842.70739997737,4756.635389275568
1791121401,1000,,Aggregated,439.300000,0.000000,82,100,130,160,890,1800,3000,4300,10000,16000,27000,340815,163,82,338.6927276912653,24.650200037285686,26842.70739997737,4756.576573801036
1791121402,1000,,Aggregated,433.200000,0.000000,82,100,130,160,890,1800,3000,4300,10000,16000,27000,341262,163,82,338.5403047236449,24.650200037285686,26842.70739997737,4756.460180154837
1791121403,1000,,Aggregated,438.100000,0.000000,82,100,130,160,890,1800,3000,4300,10000,16000,27000,341711,163,82,338.40856523729724,24.650200037285686,26842.70739997737,4756.397909344446
1791121404,1000,,Aggregated,439.400000,0.000000,82,100,130,160,890,1800,3000,4300,10000,16000,27000,342158,163,82,338.3480413843936,24.650200037285686,26842.70739997737,4756.18008347021
1791121405,1000,,Aggregated,442.100000,0.000000,82,100,130,160,890,1800,3000,4300,10000,16000,27000,342601,163,82,338.1687205621162,24.650200037285686,26842.70739997737,4756.477692709595
1791121406,1000,,Aggregated,442.700000,0.000000,82,100,130,160,890,1800,3000,4300,10000,16000,27000,343046,163,82,338.11432024190105,24.650200037285686,26842.70739997737,4756.285439853547
1791121407,1000,,Aggregated,440.000000,0.000000,82,100,130,160,880,1800,3000,4300,10000,16000,27000,343486,163,82,337.98206920457716,24.650200037285686,26842.70739997737,4756.2261897137005
1791121408,1000,,Aggregated,441.200000,0.000000,82,100,130,160,880,1800,3000,4300,10000,16000,27000,343868,163,82,337.82984962341243,24.650200037285686,26842.70739997737,4756.454121930508
1791121409,1000,,Aggregated,439.900000,0.000000,82,100,130,160,880,1800,3000,4300,9900,16000,27000,344269,163,82,337.68136103135436,24.650200037285686,26842.70739997737,4757.10808989482
1791121410,1000,,Aggregated,439.200000,0.000000,82,100,130,160,880,1800,3000,4300,9900,16000,27000,344685,163,82,337.6974305107613,24.650200037285686,26842.70739997737,4757.05721455822
1791121411,1000,,Aggregated,431.700000,0.000000,82,100,130,160,880,1800,3000,4300,9900,16000,27000,345099,163,82,337.8322860399472,24.650200037285686,26842.70739997737,4756.930721329241
1791121412,1000,,Aggregated,433.300000,0.000000,82,100,130,160,880,1800,3000,4300,9900,16000,27000,345533,163,82,337.98895310230563,24.650200037285686,26842.70739997737,4756.858864421054
1791121413,1000,,Aggregated,426.000000,0.000000,82,100,130,160,890,1800,3000,4300,9900,16000,27000,345937,163,82,338.21529172277195,24.650200037285686,26842.70739997737,4756.605694100371
1791121414,1000,,Aggregated,422.800000,0.000000,82,100,130,160,890,1800,3000,4300,9900,16000,27000,346380,163,82,338.44373759916687,24.650200037285686,26842.70739997737,4756.470948091691
1791121415,1000,,Aggregated,419.300000,0.000000,82,100,130,160,890,1800,3000,4300,9900,16000,27000,346838,163,82,338.42404335078544,24.650200037285686,26842.70739997737,4756.466321452666
1791121416,1000,,Aggregated,420.400000,0.000000,82,100,130,160,890,1800,3000,4300,9900,16000,27000,347210,163,82,338.63066766941915,24.650200037285686,26842.70739997737,4756.098116413697
1791121417,1000,,Aggregated,418.700000,0.000000,82,100,130,160,890,1800,3000,4300,9900,16000,27000,347726,163,82,338.4861229134415,24.650200037285686,26842.70739997737,4756.263837044109
1791121418,1000,,Aggregated,416.000000,0.000000,82,100,130,160,890,1800,3000,4300,9900,16000,27000,348187,163,82,338.33897116865086,24.650200037285686,26842.70739997737,4756.362945773392
1791121419,1000,,Aggregated,418.900000,0.000000,82,100,130,160,890,1800,3000,4300,9900,16000,27000,348608,163,82,338.2109743984609,24.650200037285686,26842.70739997737,4756.127363686433
1791121420,1000,,Aggregated,422.300000,0.000000,82,100,130,160,890,1800,3000,4300,9800,16000,27000,349074,163,82,338.12496291674,24.650200037285686,26842.70739997737,4756.152371703421
1791121421,1000,,Aggregated,428.700000,0.000000,82,100,130,160,880,1800,3000,4300,9800,16000,27000,349471,163,82,338.041138395165,24.650200037285686,26842.70739997737,4756.01458490118
1791121422,1000,,Aggregated,435.400000,0.000000,82,100,130,160,880,1800,3000,4300,9800,16000,27000,349959,163,82,337.8954434507941,24.650200037285686,26842.70739997737,4756.048139924963
1791121423,1000,,Aggregated,440.700000,0.000000,82,100,130,160,880,1800,3000,4300,9800,16000,27000,350427,163,82,337.86737732108736,24.650200037285686,26842.70739997737,4755.888456083578
1791121424,1000,,Aggregated,438.900000,0.000000,82,100,130,160,880,1800,3000,4300,9800,16000,27000,350883,163,82,337.73630994062427,24.650200037285686,26842.70739997737,4755.6978223510405
1791121425,1000,,Aggregated,443.600000,0.000000,82,100,130,160,880,1800,3000,4300,9800,16000,27000,351311,163,82,337.503856188377,24.650200037285686,26842.70739997737,4755.859955993407
1791121426,1000,,Aggregated,442.700000,0.000000,82,100,130,160,880,1800,3000,4300,9800,16000,27000,351730,163,82,337.34765895572605,24.650200037285686,26842.70739997737,4755.939129445882
1791121427,1000,,Aggregated,445.300000,0.000000,82,100,130,160,880,1800,3000,4300,9800,16000,27000,352212,163,82,337.15468344802866,24.650200037285686,26842.70739997737,4756.045824673776
1791121428,1000,,Aggregated,446.400000,0.000000,82,100,130,160,880,1800,3000,4300,9800,16000,27000,352655,163,82,336.98347420169245,24.650200037285686,26842.70739997737,4756.134539422382
1791121429,1000,,Aggregated,445.000000,0.000000,82,100,130,160,880,1800,3000,4300,9800,16000,27000,353118,163,82,336.82777692413197,24.650200037285686,26842.70739997737,4756.0304685685805
1791121430,1000,,Aggregated,444.300000,0.000000,82,100,130,160,880,1700,3000,4300,9800,16000,27000,353572,163,82,336.72088098773645,24.650200037285686,26842.70739997737,4756.084175217495
1791121431,1000,,Aggregated,447.700000,0.000000,82,100,130,160,880,1700,3000,4300,9800,16000,27000,354025,163,82,336.54309925964117,24.650200037285686,26842.70739997737,4756.152460984394
1791121432,1000,,Aggregated,446.200000,0.000000,82,100,130,160,880,1700,3000,4300,9800,16000,27000,354435,163,82,336.4729609823896,24.650200037285686,26842.70739997737,4755.858123492319
1791121433,1000,,Aggregated,445.600000,0.000000,82,100,130,160,880,1700,3000,4300,9800,16000,27000,354907,163,82,336.2842244483577,24.650200037285686,26842.70739997737,4756.0235611019225
1791121434,1000,,Aggregated,445.700000,0.000000,82,100,130,160,880,1700,3000,4300,9800,16000,27000,355376,163,82,336.11092458633726,24.650200037285686,26842.70739997737,4755.993865652154
1791121435,1000,,Aggregated,448.000000,0.000000,82,100,130,160,880,1700,3000,4300,9800,16000,27000,355826,163,82,335.9083647380917,24.650200037285686,26842.70739997737,4756.25182814072
1791121436,1000,,Aggregated,446.600000,0.000000,82,100,130,160,880,1700,3000,4300,9800,16000,27000,356266,163,82,335.7768231806988,24.650200037285686,26842.70739997737,4756.3213413573
1791121437,1000,,Aggregated,446.900000,0.000000,82,100,130,160,880,1700,3000,4300,9800,16000,27000,356701,163,82,335.64668548811295,24.650200037285686,26842.70739997737,4756.3609325457455
1791121438,1000,,Aggregated,450.000000,0.000000,82,100,130,160,880,1700,3000,4300,9800,16000,27000,357143,163,82,335.5451505612449,24.650200037285686,26842.70739997737,4756.383381446647
1791121439,1000,,Aggregated,446.200000,0.000000,82,100,130,160,880,1700,3000,4300,9800,16000,27000,357601,163,82,335.4834766580469,24.650200037285686,26842.70739997737,4756.0950472733575
1791121440,1000,,Aggregated,449.400000,0.000000,82,100,130,160,880,1700,3000,4300,9800,16000,27000,358049,163,82,335.32773089603637,24.650200037285686,26842.70739997737,4756.177037221162
1791121441,1000,,Aggregated,446.200000,0.000000,82,100,130,160,880,1700,3000,4300,9800,16000,27000,358509,163,82,335.2578467536207,24.650200037285686,26842.70739997737,4756.190396893802
1791121442,1000,,Aggregated,443.700000,0.000000,82,100,130,160,880,1700,3000,4300,9800,16000,27000,358966,163,82,335.1615964497802,24.650200037285686,26842.70739997737,4755.950326771895
1791121443,1000,,Aggregated,442.800000,0.000000,82,100,130,160,880,1700,3000,4300,9800,16000,27000,359433,163,82,334.9833835340464,24.650200037285686,26842.70739997737,4755.965072767386
1791121444,1000,,Aggregated,448.500000,0.000000,82,100,130,160,880,1700,3000,4300,9800,16000,27000,359844,163,82,334.8178400717892,24.650200037285686,26842.70739997737,4755.8382882582455
1791121445,1000,,Aggregated,446.500000,0.000000,82,100,130,160,870,1700,3000,4300,9800,16000,27000,360353,163,82,334.6510729367928,24.650200037285686,26842.70739997737,4756.161042089285
1791121446,1000,,Aggregated,449.700000,0.000000,82,100,130,160,870,1700,3000,4300,9800,16000,27000,360809,163,82,334.4806673763451,24.650200037285686,26842.70739997737,4755.933280489123
1791121447,1000,,Aggregated,447.000000,0.000000,82,100,130,160,870,1700,3000,4300,9800,16000,27000,361257,163,82,334.3388933911085,24.650200037285686,26842.70739997737,4755.9140030504595
1791121448,1000,,Aggregated,448.500000,0.000000,82,100,130,160,870,1700,3000,4200,9800,16000,27000,361751,163,82,334.1284844558577,24.650200037285686,26842.70739997737,4755.950897164072
1791121449,1000,,Aggregated,454.800000,0.000000,82,100,130,160,870,1700,3000,4200,9800,16000,27000,362186,163,82,333.94368286099154,24.650200037285686,26842.70739997737,4756.034976503785
1791121450,1000,,Aggregated,453.500000,0.000000,82,100,130,160,870,1700,3000,4200,9800,16000,27000,362638,163,82,333.74221744161207,24.650200037285686,26842.70739997737,4756.307819368075
1791121451,1000,,Aggregated,454.600000,0.000000,82,100,130,160,870,1700,3000,4200,9700,16000,27000,363100,163,82,333.5678117848851,24.650200037285686,26842.70739997737,4756.498331038281
1791121452,1000,,Aggregated,455.600000,0.000000,82,100,130,160,870,1700,3000,4200,9700,16000,27000,363544,163,82,333.462637541786,24.650200037285686,26842.70739997737,4756.217159408489
1791121453,1000,,Aggregated,459.300000,0.000000,82,100,130,160,870,1700,3000,4200,9700,16000,27000,363986,163,82,333.3423489837246,24.650200037285686,26842.70739997737,4756.416013253257
1791121454,1000,,Aggregated,457.800000,0.000000,82,100,130,160,870,1700,3000,4200,9700,16000,27000,364419,163,82,333.15619003781535,24.650200037285686,26842.70739997737,4756.666093151016
1791121455,1000,,Aggregated,455.200000,0.000000,82,100,130,160,870,1700,3000,4200,9700,16000,27000,364866,163,82,333.0301096511888,24.650200037285686,26842.70739997737,4756.961616045342
1791121456,1000,,Aggregated,451.300000,0.000000,82,100,130,160,870,1700,3000,4200,9700,16000,27000,365308,163,82,333.065971069589,24.650200037285686,26842.70739997737,4756.775099368205
1791121457,1000,,Aggregated,449.200000,0.000000,82,100,130,160,870,1700,3000,4200,9700,16000,27000,365739,163,82,332.98315996349663,24.650200037285686,26842.70739997737,4756.765094780704
1791121458,1000,,Aggregated,447.100000,0.000000,82,100,130,160,870,1700,3000,4200,9700,16000,27000,366205,163,82,333.00239152411865,24.650200037285686,26842.70739997737,4756.593891399626
1791121459,1000,,Aggregated,442.800000,0.000000,82,100,130,160,870,1700,3000,4200,9700,16000,27000,366660,163,82,332.9117325622955,24.650200037285686,26842.70739997737,4756.611261113839
1791121460,1000,,Aggregated,440.900000,0.000000,82,100,130,160,870,1700,3000,4200,9700,16000,27000,367123,163,82,332.75717765541657,24.650200037285686,26842.70739997737,4756.726075457
1791121461,1000,,Aggregated,442.900000,0.000000,82,100,130,160,870,1700,3000,4200,9700,16000,27000,367585,163,82,332.68995668427436,24.650200037285686,26842.70739997737,4756.662410054817
1791121462,1000,,Aggregated,444.000000,0.000000,82,100,130,160,870,1700,3000,4200,9700,16000,27000,368044,163,82,332.5174528124021,24.650200037285686,26842.70739997737,4756.48007031768
1791121463,1000,,Aggregated,443.000000,0.000000,82,100,130,160,870,1700,3000,4200,9700,16000,27000,368503,163,82,332.382227820363,24.650200037285686,26842.70739997737,4756.523507271311
1791121464,1000,,Aggregated,443.500000,0.000000,82,100,130,160,870,1700,3000,4200,9700,16000,27000,368924,163,82,332.1709146769763,24.650200037285686,26842.70739997737,4756.5991776083965
1791121465,1000,,Aggregated,442.000000,0.000000,82,100,130,160,870,1700,3000,4200,9600,16000,27000,369371,163,82,332.04612799215175,24.650200037285686,26842.70739997737,4756.486851972678
1791121466,1000,,Aggregated,448.100000,0.000000,82,100,130,160,870,1700,3000,4200,9600,16000,27000,369842,163,82,331.91150298151143,24.650200037285686,26842.70739997737,4756.427869198198
1791121467,1000,,Aggregated,451.100000,0.000000,82,100,130,160,870,1700,3000,4200,9600,16000,27000,370281,163,82,331.7577628738312,24.650200037285686,26842.70739997737,4756.434672586495
1791121468,1000,,Aggregated,449.300000,0.000000,82,100,130,160,870,1700,3000,4200,9600,16000,27000,370741,163,82,331.59332421012095,24.650200037285686,26842.70739997737,4756.55114756663
1791121469,1000,,Aggregated,450.700000,0.000000,82,100,130,160,870,1700,3000,4200,9600,16000,27000,371187,163,82,331.47514557402127,24.650200037285686,26842.70739997737,4756.749244989722
1791121470,1000,,Aggregated,450.100000,0.000000,82,100,130,160,870,1700,2900,4200,9600,16000,27000,371692,163,82,331.326234106693,24.650200037285686,26842.70739997737,4756.856884194441
1791121471,1000,,Aggregated,449.900000,0.000000,82,100,130,160,870,1700,2900,4200,9600,16000,27000,372141,163,82,331.18115638906875,24.650200037285686,26842.70739997737,4756.622035733768
1791121472,1000,,Aggregated,450.300000,0.000000,82,100,130,160,860,1700,2900,4200,9600,16000,27000,372568,163,82,330.97316770544995,24.650200037285686,26842.70739997737,4756.713899207662
1791121473,1000,,Aggregated,453.100000,0.000000,82,100,130,160,860,1700,2900,4200,9600,16000,27000,373020,163,82,330.8196746608313,24.650200037285686,26842.70739997737,4756.966460243419
1791121474,1000,,Aggregated,452.200000,0.000000,82,100,130,160,860,1700,2900,4200,9600,16000,27000,373435,163,82,330.7306440619717,24.650200037285686,26842.70739997737,4756.7850147950785
1791121475,1000,,Aggregated,448.700000,0.000000,82,100,130,160,860,1700,2900,4200,9600,16000,27000,373913,163,82,330.6113596528674,24.650200037285686,26842.70739997737,4756.906448826331
1791121476,1000,,Aggregated,447.200000,0.000000,82,100,130,160,860,1700,2900,4200,9600,16000,27000,374347,163,82,330.50494207936714,24.650200037285686,26842.70739997737,4756.761021191568
1791121477,1000,,Aggregated,447.600000,0.000000,82,100,130,160,860,1700,2900,4200,9600,16000,27000,374799,163,82,330.3325812661851,24.650200037285686,26842.70739997737,4756.893257452662
1791121478,1000,,Aggregated,450.300000,0.000000,82,100,130,160,860,1700,2900,4200,9600,16000,27000,375241,163,82,330.25650345240405,24.650200037285686,26842.70739997737,4756.866645702362
1791121479,1000,,Aggregated,448.100000,0.000000,82,100,130,160,860,1700,2900,4200,9600,16000,27000,375719,163,82,330.24707946013785,24.650200037285686,26842.70739997737,4756.8285660294
1791121480,1000,,Aggregated,449.700000,0.000000,82,100,130,160,860,1700,2900,4200,9600,16000,27000,376166,163,82,330.28795405481605,24.650200037285686,26842.70739997737,4756.334394921391
1791121481,1000,,Aggregated,442.000000,0.000000,82,100,130,160,860,1700,2900,4200,9600,16000,27000,376598,163,82,330.12695986139926,24.650200037285686,26842.70739997737,4756.38791762038
1791121482,1000,,Aggregated,445.500000,0.000000,82,100,130,160,860,1700,2900,4200,9600,16000,27000,377080,163,82,329.90897210242923,24.650200037285686,26842.70739997737,4756.46957674764
1791121483,1000,,Aggregated,440.900000,0.000000,82,100,130,160,860,1700,2900,4200,9600,16000,27000,377524,163,82,329.7591038910982,24.650200037285686,26842.70739997737,4756.464187707272
1791121484,1000,,Aggregated,440.600000,0.000000,82,100,130,160,860,1700,2900,4200,9600,16000,27000,377951,163,82,329.62296489593274,24.650200037285686,26842.70739997737,4756.667112932629
1791121485,1000,,Aggregated,447.500000,0.000000,82,100,130,160,860,1700,2900,4200,9500,16000,27000,378420,163,82,329.49788876376596,24.650200037285686,26842.70739997737,4756.691530574494
1791121486,1000,,Aggregated,444.800000,0.000000,82,100,130,160,860,1700,2900,4200,9500,16000,27000,378864,163,82,329.3371209758216,24.650200037285686,26842.70739997737,4756.779601651252
1791121487,1000,,Aggregated,444.400000,0.000000,82,100,130,160,860,1700,2900,4200,9500,16000,27000,379339,163,82,329.28512827598627,24.650200037285686,26842.70739997737,4756.813638987818
1791121488,1000,,Aggregated,444.000000,0.000000,82,100,130,160,860,1700,2900,4200,9500,16000,27000,379761,163,82,329.13131722315825,24.650200037285686,26842.70739997737,4757.257030079445
1791121489,1000,,Aggregated,444.900000,0.000000,82,100,130,160,860,1700,2900,4200,9500,16000,27000,380190,163,82,329.02432537989876,24.650200037285686,26842.70739997737,4757.29570477919
1791121490,1000,,Aggregated,448.500000,0.000000,82,100,130,160,860,1700,2900,4100,9500,16000,27000,380643,163,82,328.93039541508267,24.650200037285686,26842.70739997737,4757.18429079216
1791121492,1000,,Aggregated,450.700000,0.000000,82,100,130,160,860,1700,2900,4100,9500,16000,27000,381086,163,82,328.85343316359564,24.650200037285686,26842.70739997737,4757.082679500165
1791121493,1000,,Aggregated,444.900000,0.000000,82,100,130,160,860,1700,2900,4100,9500,16000,27000,381530,163,82,328.7381895711555,24.650200037285686,26842.70739997737,4757.077516840091
1791121494,1000,,Aggregated,445.000000,0.000000,82,100,130,160,860,1700,2900,4100,9500,16000,27000,381985,163,82,328.7131913854834,24.650200037285686,26842.70739997737,4757.026817806982
1791121495,1000,,Aggregated,445.000000,0.000000,82,100,130,160,860,1700,2900,4100,9500,16000,27000,382361,163,82,328.67940235977085,24.650200037285686,26842.70739997737,4756.983544346835
1791121496,1000,,Aggregated,442.800000,0.000000,82,100,130,160,860,1700,2900,4100,9500,16000,27000,382795,163,82,328.56776862807345,24.650200037285686,26842.70739997737,4757.728175655377
1791121497,1000,,Aggregated,438.700000,0.000000,82,100,130,160,860,1700,2900,4100,9500,16000,27000,383210,163,82,328.51868968446234,24.650200037285686,26842.70739997737,4758.1438610683435
1791121498,1000,,Aggregated,433.000000,0.000000,82,100,130,160,860,1700,2900,4100,9500,16000,27000,383666,163,82,328.58825298067393,24.650200037285686,26842.70739997737,4757.89015967013
1791121499,1000,,Aggregated,430.300000,0.000000,82,100,130,160,860,1700,2900,4100,9500,16000,27000,384085,163,82,328.70924585491,24.650200037285686,26842.70739997737,4757.7467617845
1791121500,1000,,Aggregated,429.500000,0.000000,82,100,130,160,860,1700,2900,4100,9500,16000,27000,384535,163,82,328.84401147641114,24.650200037285686,26842.70739997737,4757.542444770957
1791121501,1000,,Aggregated,428.700000,0.000000,82,100,130,160,860,1700,2900,4100,9500,16000,27000,384972,163,82,328.83777462096253,24.650200037285686,26842.70739997737,4757.490256434234
1791121502,1000,,Aggregated,431.200000,0.000000,82,100,130,160,860,1700,2900,4100,9500,16000,27000,385415,163,82,328.7695308723887,24.650200037285686,26842.70739997737,4757.586585887939
1791121503,1000,,Aggregated,431.600000,0.000000,82,100,130,160,860,1700,2900,4100,9500,16000,27000,385807,163,82,328.64660908843706,24.650200037285686,26842.70739997737,4757.975332225698
1791121504,1000,,Aggregated,429.700000,0.000000,82,100,130,160,860,1700,2900,4100,9500,16000,27000,386278,163,82,328.65332843879776,24.650200037285686,26842.70739997737,4757.945792926338
1791121505,1000,,Aggregated,422.000000,0.000000,82,100,130,160,860,1700,2900,4100,9500,16000,27000,386713,163,82,328.750480967753,24.650200037285686,26842.70739997737,4757.856767163245
1791121506,1000,,Aggregated,425.200000,0.000000,82,100,130,160,860,1700,2900,4100,9500,16000,27000,386998,163,82,329.1576313735064,24.650200037285686,26842.70739997737,4757.09902893555
