Timestamp,User Count,Type,Name,Requests/s,Failures/s,50%,66%,75%,80%,90%,95%,98%,99%,99.9%,99.99%,100%,Total Request Count,Total Failure Count,Total Median Response Time,Total Average Response Time,Total Min Response Time,Total Max Response Time,Total Average Content Size
1791123734,0,,Aggregated,0.000000,0.000000,N/A,N/A,N/A,N/A,N/A,N/A,N/A,N/A,N/A,N/A,N/A,0,0,0,0.0,0,0,0
1791123735,10,,Aggregated,0.000000,0.000000,140,180,180,180,220,230,230,230,230,230,230,20,0,130,117.14793499559164,8.105000015348196,226.522299926728,5024.65
1791123736,20,,Aggregated,0.000000,0.000000,31,51,130,150,180,180,230,230,230,230,230,42,0,31,67.70468808411222,3.226800006814301,226.522299926728,4969.5952380952385
1791123737,30,,Aggregated,20.000000,0.000000,20,47,66,76,160,180,220,230,230,230,230,78,0,19,48.575912817166405,3.0516000697389245,226.522299926728,5161.782051282052
1791123738,50,,Aggregated,21.000000,0.000000,17,41,51,63,110,180,180,220,230,230,230,113,0,17,40.90223185907621,2.48030002694577,226.522299926728,5114.079646017699
1791123739,60,,Aggregated,25.333333,0.000000,14,26,41,49,76,160,180,220,230,230,230,153,0,14,33.401445751961056,2.345800050534308,226.522299926728,5184.150326797386
1791123740,70,,Aggregated,28.000000,0.000000,16,24,31,45,75,140,180,220,230,230,230,199,0,16,31.340561305809224,2.345800050534308,226.522299926728,5093.537688442211
1791123741,80,,Aggregated,30.400000,0.000000,14,22,26,32,63,120,180,180,230,230,230,261,0,14,27.391583139569253,2.345800050534308,226.522299926728,5067.080459770115
1791123742,90,,Aggregated,30.400000,0.000000,13,21,25,29,56,99,180,180,230,230,230,307,0,13,25.203647552716397,2.345800050534308,226.522299926728,4992.465798045602
1791123743,100,,Aggregated,35.285714,0.000000,13,19,24,27,47,76,160,180,230,230,230,368,0,13,23.103297278715257,2.345800050534308,226.522299926728,4947.891304347826
1791123744,110,,Aggregated,38.375000,0.000000,11,18,22,25,41,68,150,180,230,230,230,431,0,11,21.08821855736961,2.1871000062674284,226.522299926728,4986.013921113689
1791123745,120,,Aggregated,39.666667,0.000000,10,17,21,24,36,63,140,180,230,230,230,500,0,10,19.457174997311085,2.1871000062674284,226.522299926728,4992.904
1791123746,130,,Aggregated,42.200000,0.000000,10,16,20,23,33,61,130,180,230,230,230,581,0,10,18.34966918924846,2.1871000062674284,226.522299926728,4994.934595524957
1791123747,140,,Aggregated,47.300000,0.000000,10,15,19,21,31,50,120,180,230,230,230,663,0,10,17.256057163283263,2.1871000062674284,226.522299926728,4950.8009049773755
1791123748,150,,Aggregated,52.200000,0.000000,10,14,19,21,29,46,99,160,230,230,230,757,0,10,16.505245837048335,2.1871000062674284,226.522299926728,4942.764861294584
1791123749,160,,Aggregated,57.500000,0.000000,10,14,18,20,27,45,95,150,230,230,230,837,0,10,15.791815768881715,2.154699992388487,226.522299926728,4964.68578255675
1791123750,170,,Aggregated,62.300000,0.000000,10,14,18,20,27,41,76,140,230,230,230,919,0,10,15.4306477667172,2.154699992388487,226.522299926728,4934.930359085963
1791123751,180,,Aggregated,66.500000,0.000000,9,14,18,20,27,36,69,140,220,230,230,1035,0,9,14.917373910303349,2.154699992388487,226.522299926728,4953.87536231884
1791123752,190,,Aggregated,71.300000,0.000000,10,14,18,20,27,36,67,130,220,230,230,1144,0,10,14.720118965854269,2.154699992388487,226.522299926728,4930.375874125874
1791123753,200,,Aggregated,76.300000,0.000000,9,14,17,20,26,34,63,130,220,230,230,1265,0,9,14.195994543198776,2.154699992388487,226.522299926728,4932.745454545455
1791123754,210,,Aggregated,81.600000,0.000000,9,13,17,19,26,34,63,120,220,230,230,1386,0,9,13.659476404868517,2.154699992388487,226.522299926728,4914.455266955267
1791123755,220,,Aggregated,87.600000,0.000000,9,13,16,19,26,33,62,110,220,230,230,1493,0,9,13.324311450972145,2.154699992388487,226.522299926728,4894.139316811788
1791123756,230,,Aggregated,92.800000,0.000000,8,12,16,19,25,32,52,95,220,230,230,1634,0,8,13.018596754238382,2.154699992388487,226.522299926728,4875.509791921665
1791123757,240,,Aggregated,96.800000,0.000000,8,12,16,19,25,31,49,83,220,230,230,1757,0,8,12.681938529196929,2.154699992388487,226.522299926728,4874.842914058054
1791123758,250,,Aggregated,0.000000,0.000000,14,20,21,21,22,29,31,31,31,31,31,26,0,10,15.243450000595589,5.428699892945588,30.638600001111627,5605.192307692308
1791123759,250,,Aggregated,0.000000,0.000000,5,8,10,10,19,21,22,29,31,31,31,143,0,5,7.775195809960417,2.1247999975457788,30.638600001111627,5237.944055944056
1791123760,250,,Aggregated,0.000000,0.000000,5,8,9,10,14,20,22,23,31,31,31,265,0,5,7.229060381826646,2.1247999975457788,30.638600001111627,5144.705660377358
1791123761,250,,Aggregated,123.000000,0.000000,6,8,10,11,19,24,42,53,120,120,120,399,0,6,8.944851383368455,2.1247999975457788,119.46129996795207,4964.19298245614
1791123762,250,,Aggregated,123.000000,0.000000,6,8,10,10,18,23,38,50,120,120,120,517,0,6,8.559871183274174,2.0674000261351466,119.46129996795207,4917.348162475822
1791123763,250,,Aggregated,127.000000,0.000000,5,7,9,10,16,21,29,46,120,120,120,645,0,5,8.06100976963838,2.0674000261351466,119.46129996795207,4895.716279069768
1791123764,250,,Aggregated,121.000000,0.000000,5,7,9,10,15,21,27,42,120,120,120,771,0,5,7.787699612605249,2.0674000261351466,119.46129996795207,4892.958495460441
1791123765,250,,Aggregated,122.600000,0.000000,5,7,9,10,15,21,25,39,120,120,120,902,0,5,7.5155639702953945,2.0674000261351466,119.46129996795207,4871.29600886918
1791123766,250,,Aggregated,123.000000,0.000000,5,7,8,10,14,20,25,38,120,120,120,1031,0,5,7.301385064359129,2.0674000261351466,119.46129996795207,4860.484966052376
1791123767,250,,Aggregated,122.571429,0.000000,5,7,10,11,16,21,28,38,120,120,120,1149,0,5,7.89839686810471,2.0674000261351466,119.46129996795207,4869.78503046127
1791123768,250,,Aggregated,124.375000,0.000000,5,7,10,11,17,21,28,38,120,120,120,1276,0,5,8.043544828602723,2.0674000261351466,119.46129996795207,4853.78526645768
1791123769,250,,Aggregated,124.444444,0.000000,5,7,10,11,16,21,27,37,120,120,120,1396,0,5,7.898096419486583,2.0674000261351466,119.46129996795207,4831.931948424069
1791123770,250,,Aggregated,123.700000,0.000000,5,7,9,11,16,21,27,36,120,120,120,1528,0,5,7.722982396377757,2.0674000261351466,119.46129996795207,4818.143979057591
1791123771,250,,Aggregated,124.600000,0.000000,5,7,9,10,15,20,26,35,120,120,120,1656,0,5,7.552431764728997,2.0674000261351466,119.46129996795207,4808.646135265701
1791123772,250,,Aggregated,123.800000,0.000000,5,7,9,10,15,20,25,32,120,120,120,1783,0,5,7.405769659453858,2.0674000261351466,119.46129996795207,4826.562535053281
1791123773,250,,Aggregated,124.200000,0.000000,5,7,9,10,15,20,26,31,120,120,120,1900,0,5,7.390947158963076,2.0674000261351466,119.46129996795207,4815.7294736842105
1791123774,250,,Aggregated,126.400000,0.000000,5,7,9,10,14,20,25,30,53,120,120,2032,0,5,7.313694390234552,2.0674000261351466,119.46129996795207,4821.828740157481
1791123775,250,,Aggregated,125.400000,0.000000,5,7,9,10,14,19,25,30,53,120,120,2157,0,5,7.2492182666697484,2.0674000261351466,119.46129996795207,4823.903569772832
1791123776,250,,Aggregated,125.900000,0.000000,5,7,9,10,14,19,25,30,53,120,120,2285,0,5,7.196309715988322,2.0674000261351466,119.46129996795207,4815.790371991247
1791123777,250,,Aggregated,125.600000,0.000000,5,7,9,10,14,19,26,30,53,120,120,2416,0,5,7.276170447508076,2.0674000261351466,119.46129996795207,4805.816225165563
1791123778,250,,Aggregated,125.600000,0.000000,5,7,9,10,14,19,25,30,53,120,120,2538,0,5,7.179185343490527,2.0674000261351466,119.46129996795207,4799.53230890465
1791123779,250,,Aggregated,123.900000,0.000000,5,7,9,10,14,19,25,30,53,120,120,2658,0,5,7.162025885006862,2.0674000261351466,119.46129996795207,4794.030474040632
1791123780,250,,Aggregated,126.000000,0.000000,5,7,9,10,14,19,25,30,53,120,120,2787,0,5,7.141456333895297,2.0674000261351466,119.46129996795207,4788.388948690348
1791123781,250,,Aggregated,125.900000,0.000000,5,6,8,10,14,19,25,29,53,120,120,2910,0,5,7.071047045588109,2.0674000261351466,119.46129996795207,4773.955670103092
1791123782,250,,Aggregated,127.000000,0.000000,5,7,8,10,14,19,25,29,53,120,120,3043,0,5,7.073140848555635,2.0674000261351466,119.46129996795207,4783.565888925403
1791123783,250,,Aggregated,124.900000,0.000000,5,7,8,10,14,19,25,29,53,120,120,3170,0,5,7.071782776583515,2.0674000261351466,119.46129996795207,4777.397160883281
1791123784,250,,Aggregated,124.800000,0.000000,5,7,8,10,14,19,26,30,87,120,120,3290,0,5,7.218512401903348,2.0674000261351466,119.46129996795207,4780.642857142857
1791123785,250,,Aggregated,124.800000,0.000000,5,7,8,10,14,19,25,30,87,120,120,3416,0,5,7.182067272142099,2.0674000261351466,119.46129996795207,4777.274882903981
1791123786,250,,Aggregated,125.700000,0.000000,5,7,8,10,14,19,25,30,87,120,120,3543,0,5,7.164034660362263,2.0674000261351466,119.46129996795207,4762.754445385267
1791123787,250,,Aggregated,126.500000,0.000000,5,7,8,10,14,19,25,30,87,120,120,3681,0,5,7.148975795075445,2.0674000261351466,119.46129996795207,4759.9149687584895
1791123788,250,,Aggregated,125.900000,0.000000,5,7,9,10,14,19,25,30,87,120,120,3805,0,5,7.1509049937946525,2.0170999923720956,119.46129996795207,4754.735611038108
1791123789,250,,Aggregated,127.600000,0.000000,5,7,8,10,14,19,25,30,87,120,120,3934,0,5,7.116074301414883,2.0170999923720956,119.46129996795207,4758.415607524148
1791123790,250,,Aggregated,126.700000,0.000000,5,7,8,10,14,19,25,30,53,120,120,4061,0,5,7.099824822042252,2.0170999923720956,119.46129996795207,4759.69096281704
1791123791,250,,Aggregated,126.400000,0.000000,5,7,8,10,14,19,25,30,53,120,120,4186,0,5,7.08090482593696,2.0170999923720956,119.46129996795207,4758.773769708552
1791123792,250,,Aggregated,126.500000,0.000000,5,7,8,10,14,19,24,30,53,120,120,4312,0,5,7.086956679339586,2.0170999923720956,119.46129996795207,4760.25487012987
1791123793,250,,Aggregated,126.700000,0.000000,5,7,8,10,14,19,24,29,53,120,120,4430,0,5,7.072912325239562,2.0170999923720956,119.46129996795207,4764.469977426636
1791123794,250,,Aggregated,126.700000,0.000000,5,7,8,10,14,19,24,29,53,120,120,4564,0,5,7.048843952922655,2.0170999923720956,119.46129996795207,4770.416739702016
1791123795,250,,Aggregated,127.800000,0.000000,5,7,8,10,14,18,24,29,53,120,120,4692,0,5,7.0208104223410706,1.9854999845847487,119.46129996795207,4768.842710997443
1791123796,250,,Aggregated,125.400000,0.000000,5,7,8,10,14,18,24,29,53,120,120,4801,0,5,7.017691106288357,1.9854999845847487,119.46129996795207,4770.565923765882
1791123797,250,,Aggregated,125.800000,0.000000,5,7,8,10,14,19,24,29,53,120,120,4938,0,5,7.08521682890332,1.9854999845847487,119.46129996795207,4773.034224382341
1791123798,250,,Aggregated,124.400000,0.000000,5,7,8,10,14,19,24,29,53,120,120,5056,0,5,7.073062421159769,1.9854999845847487,119.46129996795207,4771.68829113924
1791123799,250,,Aggregated,125.400000,0.000000,5,7,9,10,14,19,25,30,67,120,120,5184,0,5,7.168926639869712,1.9854999845847487,119.46129996795207,4766.311535493827
1791123800,250,,Aggregated,125.100000,0.000000,5,7,8,10,14,19,25,30,67,120,120,5306,0,5,7.15178092723555,1.9854999845847487,119.46129996795207,4767.95137580098
1791123801,250,,Aggregated,124.200000,0.000000,5,7,8,10,14,19,25,30,67,120,120,5428,0,5,7.148947807599557,1.9854999845847487,119.46129996795207,4773.398489314664
1791123802,250,,Aggregated,123.100000,0.000000,5,7,8,10,14,19,25,30,67,120,120,5557,0,5,7.126173618720871,1.9854999845847487,119.46129996795207,4770.307719992802
1791123803,250,,Aggregated,124.000000,0.000000,5,7,8,10,14,19,25,30,67,120,120,5682,0,5,7.103821981451758,1.9854999845847487,119.46129996795207,4773.809574093629
1791123804,250,,Aggregated,122.900000,0.000000,5,7,8,10,14,19,25,29,67,120,120,5806,0,5,7.098200671428374,1.9854999845847487,119.46129996795207,4769.930933517051
1791123805,250,,Aggregated,123.000000,0.000000,5,7,8,10,14,19,25,29,67,120,120,5930,0,5,7.086039679384088,1.9854999845847487,119.46129996795207,4769.422765598651
1791123806,250,,Aggregated,122.500000,0.000000,5,7,8,10,14,19,25,29,67,120,120,6048,0,5,7.081668005758686,1.9854999845847487,119.46129996795207,4767.497023809524
1791123807,250,,Aggregated,123.000000,0.000000,5,7,8,10,14,19,25,29,67,120,120,6176,0,5,7.097654954443289,1.9854999845847487,119.46129996795207,4771.364961139896
1791123808,250,,Aggregated,123.900000,0.000000,5,7,8,10,14,19,25,29,67,120,120,6300,0,5,7.082084301334348,1.9854999845847487,119.46129996795207,4774.119365079365
1791123809,250,,Aggregated,121.400000,0.000000,5,7,8,10,14,19,25,29,67,120,120,6425,0,5,7.10050180512716,1.9854999845847487,119.46129996795207,4771.822101167315
1791123810,250,,Aggregated,121.900000,0.000000,5,7,8,10,14,19,25,29,67,120,120,6555,0,5,7.087669732627366,1.9854999845847487,119.46129996795207,4773.830205949656
1791123811,250,,Aggregated,122.000000,0.000000,5,7,8,10,14,19,25,29,67,120,120,6679,0,5,7.088801990972079,1.9854999845847487,119.46129996795207,4770.813594849528
1791123812,250,,Aggregated,124.600000,0.000000,5,7,8,10,14,19,25,29,67,120,120,6808,0,5,7.086151762304337,1.9854999845847487,119.46129996795207,4766.394242068155
1791123813,250,,Aggregated,123.900000,0.000000,5,7,8,10,14,19,25,29,67,120,120,6922,0,5,7.098713680601022,1.9854999845847487,119.46129996795207,4763.057064432245
1791123814,250,,Aggregated,124.100000,0.000000,5,7,8,10,14,19,24,29,53,120,120,7060,0,5,7.075997662586068,1.9854999845847487,119.46129996795207,4759.83328611898
1791123815,250,,Aggregated,123.500000,0.000000,5,7,8,10,14,19,24,29,53,120,120,7178,0,5,7.0775165641829565,1.9854999845847487,119.46129996795207,4755.782669267205
1791123816,250,,Aggregated,124.800000,0.000000,5,7,8,10,14,18,24,29,53,120,120,7309,0,5,7.062463305165788,1.9854999845847487,119.46129996795207,4760.980024627172
1791123817,250,,Aggregated,124.600000,0.000000,5,7,8,10,14,18,24,29,53,120,120,7422,0,5,7.058812731999188,1.9854999845847487,119.46129996795207,4762.001077876583
1791123818,250,,Aggregated,124.400000,0.000000,5,7,8,10,14,18,24,29,53,120,120,7549,0,5,7.0668386802736585,1.9854999845847487,119.46129996795207,4761.814412504968
1791123819,250,,Aggregated,124.600000,0.000000,5,7,8,10,14,18,24,29,53,120,120,7675,0,5,7.076545393743616,1.9854999845847487,119.46129996795207,4763.657068403909
1791123820,250,,Aggregated,123.800000,0.000000,5,7,8,10,14,19,24,29,53,120,120,7810,0,5,7.073837362105211,1.9854999845847487,119.46129996795207,4762.733674775928
1791123821,250,,Aggregated,124.600000,0.000000,5,7,8,10,14,19,24,29,53,120,120,7926,0,5,7.078276709389645,1.9854999845847487,119.46129996795207,4761.254478930104
1791123822,250,,Aggregated,123.000000,0.000000,5,7,8,10,14,18,24,29,53,120,120,8055,0,5,7.0660258595057615,1.9854999845847487,119.46129996795207,4761.387461204221
1791123823,250,,Aggregated,123.800000,0.000000,5,7,8,10,14,18,24,29,53,120,120,8186,0,5,7.0542096748799965,1.9854999845847487,119.46129996795207,4763.02540923528
1791123824,250,,Aggregated,124.600000,0.000000,5,7,8,10,14,18,24,29,53,120,120,8297,0,5,7.044617427742888,1.9854999845847487,119.46129996795207,4766.231047366518
1791123825,250,,Aggregated,124.200000,0.000000,5,7,8,10,14,18,24,29,53,120,120,8421,0,5,7.0542497561902575,1.9854999845847487,119.46129996795207,4763.553259707874
1791123826,250,,Aggregated,124.100000,0.000000,5,7,8,10,14,18,24,29,53,120,120,8541,0,5,7.042623298978609,1.9854999845847487,119.46129996795207,4764.112164851891
1791123827,250,,Aggregated,122.600000,0.000000,5,7,8,10,14,18,24,29,53,120,120,8668,0,5,7.034597011592693,1.9854999845847487,119.46129996795207,4763.596446700508
1791123828,250,,Aggregated,122.800000,0.000000,5,7,8,10,14,18,24,29,53,120,120,8806,0,5,7.019324778172423,1.9854999845847487,119.46129996795207,4759.473313649784
1791123829,250,,Aggregated,124.300000,0.000000,5,7,8,10,14,18,24,29,53,120,120,8924,0,5,7.013206599679004,1.9854999845847487,119.46129996795207,4759.81376064545
1791123830,250,,Aggregated,124.600000,0.000000,5,7,8,10,14,18,24,29,53,120,120,9051,0,5,6.9964965523987495,1.9854999845847487,119.46129996795207,4760.207380399956
1791123831,250,,Aggregated,124.500000,0.000000,5,7,8,10,14,18,23,29,53,120,120,9180,0,5,6.983620217483398,1.9854999845847487,119.46129996795207,4764.068954248366
1791123832,250,,Aggregated,123.800000,0.000000,5,7,8,10,14,18,23,29,53,120,120,9297,0,5,6.981080401882852,1.9854999845847487,119.46129996795207,4765.4951059481555
1791123833,250,,Aggregated,124.400000,0.000000,5,7,8,10,14,18,23,28,53,120,120,9432,0,5,6.975732134781309,1.9854999845847487,119.46129996795207,4765.621501272265
1791123834,250,,Aggregated,124.500000,0.000000,5,7,8,10,14,18,23,28,53,120,120,9565,0,5,6.96650899063564,1.9854999845847487,119.46129996795207,4763.0013591217985
1791123835,250,,Aggregated,123.600000,0.000000,5,7,8,10,14,18,23,28,53,120,120,9692,0,5,6.959987659363043,1.9854999845847487,119.46129996795207,4763.76465125877
1791123836,250,,Aggregated,125.700000,0.000000,5,7,8,10,14,18,23,28,53,120,120,9820,0,5,6.986658370061616,1.9854999845847487,119.46129996795207,4763.27983706721
1791123837,250,,Aggregated,126.500000,0.000000,5,7,8,10,14,18,23,28,53,120,120,9935,0,5,6.983498439240112,1.9854999845847487,119.46129996795207,4762.6552591847
1791123838,250,,Aggregated,126.200000,0.000000,5,7,8,10,14,18,23,28,50,120,120,10065,0,5,6.989260665067022,1.9854999845847487,119.46129996795207,4763.040337804272
1791123839,250,,Aggregated,125.900000,0.000000,5,7,8,10,14,18,23,28,50,120,120,10189,0,5,7.000898694016174,1.9854999845847487,119.46129996795207,4761.479046030033
1791123840,250,,Aggregated,126.100000,0.000000,5,7,8,10,14,18,23,28,51,120,120,10315,0,5,7.011532059430957,1.9854999845847487,119.46129996795207,4761.508967523025
1791123841,250,,Aggregated,125.500000,0.000000,5,7,8,10,14,18,23,28,51,120,120,10449,0,5,7.004692706829658,1.9854999845847487,119.46129996795207,4756.222509331036
1791123842,250,,Aggregated,126.000000,0.000000,5,7,8,10,14,18,23,29,51,120,120,10562,0,5,7.01480538666649,1.9854999845847487,119.46129996795207,4760.427191819731
1791123843,250,,Aggregated,124.000000,0.000000,5,7,8,10,14,18,23,28,51,120,120,10689,0,5,7.0105143413549715,1.9854999845847487,119.46129996795207,4755.508092431472
1791123844,250,,Aggregated,125.000000,0.000000,5,7,8,10,14,18,23,29,51,120,120,10822,0,5,7.018002171022568,1.9854999845847487,119.46129996795207,4760.108482720384
1791123845,250,,Aggregated,126.800000,0.000000,5,7,8,10,14,18,23,28,51,120,120,10947,0,5,6.997894281016091,1.9854999845847487,119.46129996795207,4760.654791267014
1791123846,250,,Aggregated,125.200000,0.000000,5,7,8,10,14,18,23,28,50,120,120,11070,0,5,6.989889990457594,1.9854999845847487,119.46129996795207,4763.287443541102
1791123847,250,,Aggregated,124.300000,0.000000,5,7,8,10,14,18,23,28,50,120,120,11204,0,5,6.98324898205899,1.9854999845847487,119.46129996795207,4761.209210996073
1791123848,250,,Aggregated,125.100000,0.000000,5,7,8,10,14,18,23,28,50,120,120,11329,0,5,6.975232623836066,1.9854999845847487,119.46129996795207,4760.466854973961
1791123849,250,,Aggregated,124.400000,0.000000,5,7,8,10,14,18,23,28,50,120,120,11449,0,5,6.977915075195665,1.942700007930398,119.46129996795207,4758.839636649489
1791123850,250,,Aggregated,124.700000,0.000000,5,7,8,10,14,18,23,28,50,120,120,11568,0,5,6.965436479542888,1.942700007930398,119.46129996795207,4762.1265560165975
1791123851,250,,Aggregated,125.100000,0.000000,5,7,8,10,14,18,23,28,50,120,120,11698,0,5,6.955532962500133,1.942700007930398,119.46129996795207,4763.55872798769
1791123852,250,,Aggregated,125.900000,0.000000,5,7,8,10,14,18,23,28,50,120,120,11816,0,5,6.944268457685722,1.942700007930398,119.46129996795207,4762.904282329046
1791123853,250,,Aggregated,124.900000,0.000000,5,7,8,10,14,18,23,28,50,120,120,11939,0,5,6.934567635141523,1.942700007930398,119.46129996795207,4763.693609179998
1791123854,250,,Aggregated,124.900000,0.000000,5,7,8,10,14,18,23,28,50,120,120,12078,0,5,6.927663727084291,1.942700007930398,119.46129996795207,4765.803775459513
1791123855,250,,Aggregated,123.600000,0.000000,5,7,8,9,13,18,23,28,50,120,120,12197,0,5,6.918459497914076,1.942700007930398,119.46129996795207,4763.3949331802905
1791123856,250,,Aggregated,124.000000,0.000000,5,7,8,10,14,18,23,28,50,120,120,12325,0,5,6.9260319753060715,1.942700007930398,119.46129996795207,4763.941906693712
1791123857,250,,Aggregated,126.000000,0.000000,5,7,8,10,14,18,23,28,50,120,120,12448,0,5,6.950272139711207,1.942700007930398,119.46129996795207,4764.850096401028
1791123858,250,,Aggregated,124.200000,0.000000,5,7,8,10,14,18,23,28,50,120,120,12566,0,5,6.944802880410053,1.942700007930398,119.46129996795207,4764.614833678179
1791123859,250,,Aggregated,126.100000,0.000000,5,7,8,10,14,18,23,28,50,120,120,12696,0,5,6.934660443835572,1.942700007930398,119.46129996795207,4767.785207939509
1791123860,250,,Aggregated,124.200000,0.000000,5,7,8,10,14,18,23,28,50,120,120,12819,0,5,6.924344082649561,1.942700007930398,119.46129996795207,4767.304781964272
1791123861,250,,Aggregated,123.600000,0.000000,5,7,8,10,14,18,23,28,50,120,120,12947,0,5,6.919791179125324,1.942700007930398,119.46129996795207,4768.0248706264
1791123862,250,,Aggregated,123.800000,0.000000,5,7,8,10,13,18,23,28,48,120,120,13073,0,5,6.909389160581675,1.942700007930398,119.46129996795207,4769.212193069686
1791123863,250,,Aggregated,125.200000,0.000000,5,7,8,9,13,18,23,27,48,120,120,13204,0,5,6.9039787637124554,1.942700007930398,119.46129996795207,4768.4469100272645
1791123864,250,,Aggregated,124.200000,0.000000,5,7,8,10,13,18,23,28,48,120,120,13329,0,5,6.90072126164036,1.942700007930398,119.46129996795207,4765.55593067747
1791123865,250,,Aggregated,125.000000,0.000000,5,7,8,9,13,17,23,27,48,120,120,13441,0,5,6.896646715001909,1.942700007930398,119.46129996795207,4765.207722639684
1791123866,250,,Aggregated,125.600000,0.000000,5,7,8,9,13,17,23,27,48,120,120,13572,0,5,6.888824889277232,1.942700007930398,119.46129996795207,4766.417992926614
1791123867,250,,Aggregated,123.600000,0.000000,5,7,8,9,13,17,23,27,48,120,120,13701,0,5,6.887821202563963,1.942700007930398,119.46129996795207,4765.16801693307
1791123868,250,,Aggregated,124.300000,0.000000,5,7,8,10,13,18,23,28,50,120,120,13817,0,5,6.919398443670463,1.942700007930398,119.46129996795207,4762.269088803648
1791123869,250,,Aggregated,122.600000,0.000000,5,7,8,10,13,18,23,28,50,120,120,13954,0,5,6.919592639774213,1.942700007930398,119.46129996795207,4765.44847355597
1791123870,250,,Aggregated,124.900000,0.000000,5,7,8,10,13,18,23,28,48,120,120,14073,0,5,6.913744062768977,1.942700007930398,119.46129996795207,4765.662190009238
1791123871,250,,Aggregated,124.800000,0.000000,5,7,8,10,13,18,23,28,51,120,120,14198,0,5,6.930951295649915,1.942700007930398,119.46129996795207,4762.45781095929
1791123872,250,,Aggregated,124.800000,0.000000,5,7,8,10,13,18,23,28,51,120,120,14334,0,5,6.932121466125244,1.942700007930398,119.46129996795207,4760.999860471606
1791123873,250,,Aggregated,125.400000,0.000000,5,7,8,10,13,18,23,28,51,120,120,14449,0,5,6.932624361192704,1.942700007930398,119.46129996795207,4759.360024915219
1791123874,250,,Aggregated,124.300000,0.000000,5,7,8,9,13,18,23,28,51,120,120,14584,0,5,6.925593142766999,1.942700007930398,119.46129996795207,4760.328579264948
1791123875,250,,Aggregated,125.400000,0.000000,5,7,8,9,13,18,23,28,51,120,120,14694,0,5,6.923768857616766,1.942700007930398,119.46129996795207,4760.271267183884
1791123876,250,,Aggregated,124.000000,0.000000,5,7,8,10,13,18,23,28,51,120,120,14829,0,5,6.929308732453918,1.942700007930398,119.46129996795207,4758.303122260436
1791123877,250,,Aggregated,125.100000,0.000000,5,7,8,10,13,18,23,28,51,120,120,14948,0,5,6.926789456403186,1.942700007930398,119.46129996795207,4757.414503612524
1791123878,250,,Aggregated,124.100000,0.000000,5,7,8,9,13,18,23,28,50,120,120,15074,0,5,6.919392854899205,1.942700007930398,119.46129996795207,4757.982685418601
1791123879,250,,Aggregated,125.300000,0.000000,5,7,8,10,13,18,23,28,50,120,120,15201,0,5,6.9222195444644035,1.942700007930398,119.46129996795207,4755.506479836853
1791123880,250,,Aggregated,123.500000,0.000000,5,7,8,10,13,18,23,28,50,120,120,15322,0,5,6.922905103503105,1.942700007930398,119.46129996795207,4753.348844798329
1791123881,250,,Aggregated,124.700000,0.000000,5,7,8,10,13,17,23,28,50,120,120,15445,0,5,6.917529575666609,1.942700007930398,119.46129996795207,4754.155519585626
1791123882,250,,Aggregated,123.700000,0.000000,5,7,8,10,13,17,23,28,50,120,120,15565,0,5,6.915450414112858,1.942700007930398,119.46129996795207,4754.504400899454
1791123883,250,,Aggregated,123.600000,0.000000,5,7,8,9,13,17,23,28,50,120,120,15692,0,5,6.9005677221379,1.942700007930398,119.46129996795207,4754.949273515167
1791123884,250,,Aggregated,124.100000,0.000000,5,7,8,9,13,17,23,28,50,120,120,15824,0,5,6.901512430184551,1.942700007930398,119.46129996795207,4753.4935540950455
1791123885,250,,Aggregated,122.300000,0.000000,5,7,8,10,14,18,23,28,50,120,120,15948,0,5,6.92453792298029,1.942700007930398,119.46129996795207,4751.798344620015
1791123886,250,,Aggregated,122.700000,0.000000,5,7,8,10,14,18,23,28,50,120,120,16071,0,5,6.921243176889249,1.942700007930398,119.46129996795207,4751.157924211312
1791123888,250,,Aggregated,123.500000,0.000000,5,7,8,10,14,18,23,28,50,120,120,16189,0,5,6.913797491835209,1.942700007930398,119.46129996795207,4750.0744950274875
1791123889,250,,Aggregated,124.500000,0.000000,5,7,8,10,14,17,23,27,50,120,120,16325,0,5,6.909247570910746,1.942700007930398,119.46129996795207,4750.350505359877
1791123890,250,,Aggregated,123.600000,0.000000,5,7,8,9,13,18,23,27,50,120,120,16429,0,5,6.9042713309087365,1.942700007930398,119.46129996795207,4748.981617870838
1791123891,250,,Aggregated,124.300000,0.000000,5,7,8,9,14,18,23,27,50,120,120,16568,0,5,6.904039648480955,1.942700007930398,119.46129996795207,4748.73418638339
1791123892,250,,Aggregated,122.300000,0.000000,5,7,8,9,13,17,23,27,50,120,120,16690,0,5,6.8980442957604975,1.942700007930398,119.46129996795207,4749.76003594967
1791123893,250,,Aggregated,122.300000,0.000000,5,7,8,9,13,17,23,27,50,120,120,16813,0,5,6.889081555733856,1.942700007930398,119.46129996795207,4748.030393148159
1791123894,250,,Aggregated,123.400000,0.000000,5,7,8,9,13,17,23,27,50,120,120,16939,0,5,6.886815366700727,1.942700007930398,119.46129996795207,4749.023082826613
1791123895,250,,Aggregated,124.600000,0.000000,5,7,8,9,13,17,23,27,50,120,120,17069,0,5,6.8893584390466325,1.942700007930398,119.46129996795207,4748.788856992208
1791123896,250,,Aggregated,124.500000,0.000000,5,7,8,9,13,17,23,27,50,120,120,17201,0,5,6.885592529288573,1.942700007930398,119.46129996795207,4749.524620661589
1791123897,250,,Aggregated,123.800000,0.000000,5,7,8,9,14,17,23,27,50,120,120,17320,0,5,6.8948531522069825,1.942700007930398,119.46129996795207,4747.185508083141
1791123898,250,,Aggregated,124.800000,0.000000,5,7,8,9,14,17,23,27,50,120,120,17453,0,5,6.89795863160597,1.942700007930398,119.46129996795207,4746.123646364522
1791123899,250,,Aggregated,124.300000,0.000000,5,7,8,9,14,17,23,27,50,120,120,17582,0,5,6.894028881625811,1.942700007930398,119.46129996795207,4745.628426800136
1791123900,250,,Aggregated,125.900000,0.000000,5,7,8,9,14,17,23,27,50,120,120,17718,0,5,6.889389705196797,1.942700007930398,119.46129996795207,4745.508522406592
1791123901,250,,Aggregated,125.300000,0.000000,5,7,8,9,14,17,23,27,50,120,120,17831,0,5,6.8864675619188755,1.942700007930398,119.46129996795207,4744.68117323762
1791123902,250,,Aggregated,128.000000,0.000000,5,7,8,9,13,17,23,27,50,120,120,17965,0,5,6.888919949746436,1.942700007930398,119.46129996795207,4744.808182577233
1791123903,250,,Aggregated,126.000000,0.000000,5,7,8,10,14,17,23,27,48,120,120,18101,0,5,6.896900822979917,1.942700007930398,119.46129996795207,4744.0340312689905
1791123904,250,,Aggregated,126.800000,0.000000,5,7,8,10,14,17,23,27,48,120,120,18223,0,5,6.897568523120587,1.942700007930398,119.46129996795207,4745.9153816605385
1791123905,250,,Aggregated,127.300000,0.000000,5,7,8,10,14,17,23,27,48,120,120,18344,0,5,6.905549089449697,1.942700007930398,119.46129996795207,4747.468981683384
1791123906,250,,Aggregated,127.300000,0.000000,5,7,8,9,14,17,23,27,48,120,120,18476,0,5,6.898337421283181,1.942700007930398,119.46129996795207,4750.321173414159
1791123907,250,,Aggregated,126.000000,0.000000,5,7,8,10,14,18,23,27,50,120,120,18593,0,5,6.917084305685326,1.942700007930398,119.46129996795207,4750.902059915022
1791123908,250,,Aggregated,127.000000,0.000000,5,7,8,10,14,18,23,27,50,120,120,18708,0,5,6.91399684071232,1.942700007930398,119.46129996795207,4751.037149882403
1791123909,250,,Aggregated,126.800000,0.000000,5,7,8,10,14,17,23,27,50,120,120,18842,0,5,6.911786291088916,1.942700007930398,119.46129996795207,4750.144039910838
1791123910,250,,Aggregated,125.500000,0.000000,5,7,8,10,14,18,23,27,50,120,120,18958,0,5,6.915188590454948,1.942700007930398,119.46129996795207,4749.03080493723
1791123911,250,,Aggregated,124.400000,0.000000,5,7,8,10,14,18,23,27,48,120,120,19084,0,5,6.925469587019082,1.942700007930398,119.46129996795207,4749.013047579124
1791123912,250,,Aggregated,123.600000,0.000000,5,7,8,10,14,18,23,27,48,120,120,19197,0,5,6.926204807973978,1.942700007930398,119.46129996795207,4749.386518726885
1791123913,250,,Aggregated,124.200000,0.000000,5,7,8,10,14,18,23,27,48,120,120,19339,0,5,6.92205259315449,1.942700007930398,119.46129996795207,4749.975489942603
1791123914,250,,Aggregated,122.700000,0.000000,5,7,8,10,14,18,23,27,48,120,120,19463,0,5,6.9202030519025355,1.942700007930398,119.46129996795207,4749.7426912603405
1791123915,250,,Aggregated,123.300000,0.000000,5,7,8,10,14,18,23,27,48,120,120,19599,0,5,6.919257314113994,1.942700007930398,119.46129996795207,4749.400071432216
1791123916,250,,Aggregated,122.700000,0.000000,5,7,8,10,14,18,23,27,48,120,120,19726,0,5,6.910986748383929,1.942700007930398,119.46129996795207,4751.2545371590795
1791123917,250,,Aggregated,125.400000,0.000000,5,7,8,10,14,18,23,28,50,120,120,19842,0,5,6.939627129211918,1.942700007930398,119.46129996795207,4749.710966636428
1791123918,250,,Aggregated,123.700000,0.000000,5,7,8,10,14,18,23,28,67,180,190,19978,0,5,7.022171979105766,1.942700007930398,189.8817999754101,4751.855440985084
1791123919,250,,Aggregated,124.200000,0.000000,5,7,8,10,14,18,23,28,67,180,190,20101,0,5,7.010939206900122,1.942700007930398,189.8817999754101,4753.426147952839
1791123920,250,,Aggregated,125.300000,0.000000,5,7,8,10,14,18,23,28,67,180,190,20230,0,5,7.00475248140207,1.942700007930398,189.8817999754101,4754.802471576866
1791123921,250,,Aggregated,125.000000,0.000000,5,7,8,10,14,18,23,28,67,180,190,20355,0,5,6.998999041959952,1.942700007930398,189.8817999754101,4753.725079832965
1791123922,250,,Aggregated,125.600000,0.000000,5,7,8,10,14,18,23,28,67,180,190,20480,0,5,7.010952856376207,1.9302000291645527,189.8817999754101,4751.76376953125
1791123923,250,,Aggregated,125.800000,0.000000,5,7,8,10,14,18,23,28,67,180,190,20596,0,5,7.0045350504135,1.9302000291645527,189.8817999754101,4752.195037871431
1791123924,250,,Aggregated,127.700000,0.000000,5,7,8,10,14,18,23,28,67,180,190,20728,0,5,7.002734171141881,1.9302000291645527,189.8817999754101,4750.866798533385
1791123925,250,,Aggregated,125.500000,0.000000,5,7,8,10,14,18,23,28,67,180,190,20867,0,5,6.999189917068844,1.9302000291645527,189.8817999754101,4750.208606891264
1791123926,250,,Aggregated,126.700000,0.000000,5,7,8,10,14,18,23,28,67,180,190,20995,0,5,6.989223757972992,1.9302000291645527,189.8817999754101,4749.2331507501785
1791123927,250,,Aggregated,124.600000,0.000000,5,7,8,10,14,18,23,28,66,180,190,21106,0,5,6.991063597984992,1.9302000291645527,189.8817999754101,4747.612811522789
1791123928,250,,Aggregated,125.400000,0.000000,5,7,8,10,14,18,23,28,66,180,190,21236,0,5,6.984986649970192,1.9302000291645527,189.8817999754101,4748.465906950461
1791123929,250,,Aggregated,125.800000,0.000000,5,7,8,10,14,18,23,28,66,180,190,21364,0,5,6.981946334867815,1.9302000291645527,189.8817999754101,4749.142482681146
1791123930,250,,Aggregated,125.100000,0.000000,5,7,8,10,14,18,23,28,66,180,190,21477,0,5,6.992323397005794,1.9302000291645527,189.8817999754101,4748.164874051311
1791123931,250,,Aggregated,126.100000,0.000000,5,7,8,10,14,18,23,28,66,180,190,21598,0,5,6.9814000461662005,1.9302000291645527,189.8817999754101,4749.161589036022
1791123932,250,,Aggregated,125.000000,0.000000,5,7,8,9,14,18,23,28,66,180,190,21725,0,5,6.972214448677271,1.9302000291645527,189.8817999754101,4750.112957422324
1791123933,250,,Aggregated,124.400000,0.000000,5,7,8,9,14,18,23,28,66,180,190,21854,0,5,6.96522259526888,1.9302000291645527,189.8817999754101,4749.952594490711
1791123934,250,,Aggregated,123.200000,0.000000,5,7,8,9,14,18,23,28,66,180,190,21976,0,5,6.957545622350374,1.9302000291645527,189.8817999754101,4749.114625045504
1791123935,250,,Aggregated,124.100000,0.000000,5,7,8,9,14,18,23,28,66,180,190,22104,0,5,6.952088178495107,1.9302000291645527,189.8817999754101,4747.41920014477
1791123936,250,,Aggregated,123.400000,0.000000,5,7,8,9,14,18,23,28,66,180,190,22223,0,5,6.952994915084114,1.9302000291645527,189.8817999754101,4749.052333168339
1791123937,250,,Aggregated,124.400000,0.000000,5,7,8,9,14,18,23,28,66,180,190,22359,0,5,6.958311216861894,1.9302000291645527,189.8817999754101,4750.631691936133
1791123938,250,,Aggregated,123.200000,0.000000,5,7,8,9,14,18,23,28,66,180,190,22481,0,5,6.958576749143307,1.9302000291645527,189.8817999754101,4750.21747253236
1791123939,250,,Aggregated,122.900000,0.000000,5,7,8,9,14,18,23,28,66,180,190,22606,0,5,6.956044753481264,1.9302000291645527,189.8817999754101,4749.734849155092
1791123940,250,,Aggregated,123.600000,0.000000,5,7,8,9,14,18,23,28,66,180,190,22730,0,5,6.947021161342713,1.9302000291645527,189.8817999754101,4751.019093708755
1791123941,250,,Aggregated,123.400000,0.000000,5,7,8,9,14,18,23,28,66,180,190,22869,0,5,6.9374972800454815,1.9302000291645527,189.8817999754101,4750.385893567712
1791123942,250,,Aggregated,124.000000,0.000000,5,7,8,9,13,18,23,28,66,180,190,22991,0,5,6.934948766810333,1.9302000291645527,189.8817999754101,4750.311817667783
1791123943,250,,Aggregated,125.400000,0.000000,5,7,8,9,14,18,23,28,66,180,190,23114,0,5,6.940316435828337,1.9302000291645527,189.8817999754101,4750.598554988319
1791123944,250,,Aggregated,125.500000,0.000000,5,7,8,9,14,18,23,28,66,180,190,23255,0,5,6.954213523889055,1.9302000291645527,189.8817999754101,4751.062911201892
1791123945,250,,Aggregated,125.200000,0.000000,5,7,8,9,14,18,23,28,66,180,190,23381,0,5,6.959641559295173,1.9302000291645527,189.8817999754101,4751.025405243574
1791123946,250,,Aggregated,125.400000,0.000000,5,7,8,9,14,18,23,28,66,180,190,23495,0,5,6.956652036510689,1.9302000291645527,189.8817999754101,4751.708618855076
1791123947,250,,Aggregated,127.200000,0.000000,5,7,8,9,14,18,23,28,66,180,190,23628,0,5,6.960357541814331,1.9302000291645527,189.8817999754101,4753.162349754529
1791123948,250,,Aggregated,125.700000,0.000000,5,7,8,10,14,18,23,28,66,180,190,23748,0,5,6.968698033399275,1.9302000291645527,189.8817999754101,4754.590870810173
1791123949,250,,Aggregated,125.600000,0.000000,5,7,8,9,14,18,23,28,66,180,190,23875,0,5,6.9624216920154955,1.9302000291645527,189.8817999754101,4755.995643979058
1791123950,250,,Aggregated,126.500000,0.000000,5,7,8,9,14,18,23,28,60,180,190,24012,0,5,6.958858737170778,1.9302000291645527,189.8817999754101,4755.97976011994
1791123951,250,,Aggregated,125.300000,0.000000,5,7,8,9,14,18,23,28,60,180,190,24122,0,5,6.959604535151628,1.9302000291645527,189.8817999754101,4755.213249315977
1791123952,250,,Aggregated,125.700000,0.000000,5,7,8,9,14,18,23,28,60,180,190,24244,0,5,6.962106995415512,1.9302000291645527,189.8817999754101,4753.059767365121
1791123953,250,,Aggregated,125.000000,0.000000,5,7,8,9,14,18,23,28,60,180,190,24371,0,5,6.9609954412316934,1.9302000291645527,189.8817999754101,4753.277912272783
1791123954,250,,Aggregated,123.700000,0.000000,5,7,8,9,14,18,23,28,60,180,190,24495,0,5,6.9560901040631835,1.9302000291645527,189.8817999754101,4753.110879771382
1791123955,250,,Aggregated,126.500000,0.000000,5,7,8,9,14,18,23,28,60,180,190,24639,0,5,6.949553987551419,1.9302000291645527,189.8817999754101,4753.319128211372
1791123956,250,,Aggregated,124.700000,0.000000,5,7,8,9,14,18,23,28,60,180,190,24752,0,5,6.9480251211857915,1.9302000291645527,189.8817999754101,4754.804702650291
1791123957,250,,Aggregated,123.300000,0.000000,5,7,8,9,14,18,23,28,60,180,190,24876,0,5,6.963942900753894,1.9302000291645527,189.8817999754101,4754.504984724233
1791123958,250,,Aggregated,125.200000,0.000000,5,7,8,9,14,18,23,28,60,180,190,24990,0,5,6.959703797507113,1.9302000291645527,189.8817999754101,4753.583713485395
1791123959,250,,Aggregated,125.800000,0.000000,5,7,8,9,14,18,23,28,59,180,190,25108,0,5,6.957738876020772,1.9302000291645527,189.8817999754101,4754.782499601721
1791123960,250,,Aggregated,123.600000,0.000000,5,7,8,9,14,18,23,28,59,180,190,25250,0,5,6.955563873232407,1.9302000291645527,189.8817999754101,4753.425108910891
1791123961,250,,Aggregated,123.500000,0.000000,5,7,8,9,14,18,23,28,59,180,190,25366,0,5,6.955978199141265,1.9302000291645527,189.8817999754101,4753.737916896634
1791123962,250,,Aggregated,123.100000,0.000000,5,7,8,9,14,18,23,28,59,180,190,25497,0,5,6.9552141153206675,1.9302000291645527,189.8817999754101,4754.788837902498
1791123963,250,,Aggregated,123.900000,0.000000,5,7,8,10,14,18,23,28,59,180,190,25620,0,5,6.961630405881787,1.9302000291645527,189.8817999754101,4755.371662763466
1791123964,250,,Aggregated,125.400000,0.000000,5,7,8,9,14,18,23,28,59,180,190,25753,0,5,6.955085741420206,1.9302000291645527,189.8817999754101,4755.174853415136
1791123965,250,,Aggregated,122.700000,0.000000,5,7,8,9,14,18,23,28,59,180,190,25883,0,5,6.951111111505072,1.9302000291645527,189.8817999754101,4756.4112738090635
1791123966,250,,Aggregated,125.000000,0.000000,5,7,8,9,14,18,23,28,59,180,190,26007,0,5,6.951590267972762,1.9302000291645527,189.8817999754101,4756.109624331911
1791123967,250,,Aggregated,123.500000,0.000000,5,7,8,9,14,18,23,28,59,180,190,26127,0,5,6.953000842014755,1.9302000291645527,189.8817999754101,4757.910475753052
1791123968,250,,Aggregated,123.900000,0.000000,5,7,8,9,14,18,23,28,59,180,190,26251,0,5,6.952626734191954,1.9302000291645527,189.8817999754101,4759.241552702754
1791123969,250,,Aggregated,124.400000,0.000000,5,7,8,9,14,18,23,28,59,180,190,26380,0,5,6.948047619410264,1.9302000291645527,189.8817999754101,4759.012509476876
1791123970,250,,Aggregated,124.500000,0.000000,5,7,8,9,14,18,23,28,59,180,190,26496,0,5,6.95255428366001,1.9302000291645527,189.8817999754101,4757.942104468599
1791123971,250,,Aggregated,126.200000,0.000000,5,7,8,9,14,18,23,28,59,180,190,26631,0,5,6.9615506477499265,1.9302000291645527,189.8817999754101,4758.539183658143
1791123972,250,,Aggregated,125.900000,0.000000,5,7,8,9,14,18,23,28,59,180,190,26742,0,5,6.958965724339345,1.9302000291645527,189.8817999754101,4757.365978610425
1791123973,250,,Aggregated,123.800000,0.000000,5,7,8,9,14,18,23,28,59,180,190,26866,0,5,6.954800457855212,1.9302000291645527,189.8817999754101,4757.79758802948
1791123974,250,,Aggregated,125.600000,0.000000,5,7,8,10,14,18,23,28,60,180,190,27001,0,5,6.993741146659603,1.9302000291645527,189.8817999754101,4758.885782008074
1791123975,250,,Aggregated,123.500000,0.000000,5,7,8,10,14,18,23,28,60,180,190,27117,0,5,6.9959872036240345,1.9302000291645527,189.8817999754101,4758.343216432496
1791123976,250,,Aggregated,123.500000,0.000000,5,7,8,10,14,18,23,28,60,180,190,27245,0,5,6.996273712660474,1.9302000291645527,189.8817999754101,4757.942741787484
1791123977,250,,Aggregated,125.100000,0.000000,5,7,8,10,14,18,24,28,60,180,190,27371,0,5,7.016723218037881,1.9302000291645527,189.8817999754101,4759.241167659201
1791123978,250,,Aggregated,124.000000,0.000000,5,7,8,10,14,18,23,28,60,180,190,27504,0,5,7.011211023884303,1.9302000291645527,189.8817999754101,4758.9178664921465
1791123979,250,,Aggregated,123.000000,0.000000,5,7,8,10,14,18,23,28,60,180,190,27634,0,5,7.0069364297991745,1.9302000291645527,189.8817999754101,4758.9608091481505
1791123980,250,,Aggregated,123.200000,0.000000,5,7,8,10,14,18,23,28,60,180,190,27750,0,5,7.006708659521128,1.9302000291645527,189.8817999754101,4759.052540540541
1791123981,250,,Aggregated,123.600000,0.000000,5,7,8,10,14,18,23,28,60,180,190,27883,0,5,7.01037245280255,1.9302000291645527,189.8817999754101,4757.808055087329
1791123982,250,,Aggregated,124.300000,0.000000,5,7,8,10,14,18,23,28,60,180,190,27999,0,5,7.00578082438129,1.9302000291645527,189.8817999754101,4758.209757491339
1791123983,250,,Aggregated,124.700000,0.000000,5,7,8,10,14,18,23,28,59,180,190,28124,0,5,7.00492623743581,1.9302000291645527,189.8817999754101,4757.30095292277
1791123984,250,,Aggregated,123.400000,0.000000,5,7,8,10,14,18,23,28,59,180,190,28246,0,5,7.002408765903972,1.9302000291645527,189.8817999754101,4757.962437159244
1791123985,250,,Aggregated,124.300000,0.000000,5,7,8,10,14,18,23,28,59,180,190,28371,0,5,7.0011394629099994,1.9302000291645527,189.8817999754101,4757.588347256001
1791123986,250,,Aggregated,123.700000,0.000000,5,7,8,10,14,18,23,28,59,180,190,28500,0,5,6.998571094811747,1.9302000291645527,189.8817999754101,4757.073964912281
1791123987,250,,Aggregated,122.200000,0.000000,5,7,8,10,14,18,23,28,59,180,190,28627,0,5,7.001113452406695,1.9302000291645527,189.8817999754101,4757.1618402207705
1791123988,250,,Aggregated,123.400000,0.000000,5,7,8,10,14,18,23,28,59,180,190,28760,0,5,7.017979196893564,1.9302000291645527,189.8817999754101,4756.434179415855
1791123989,250,,Aggregated,124.300000,0.000000,5,7,8,10,14,18,23,28,59,180,190,28875,0,5,7.015969281483974,1.9302000291645527,189.8817999754101,4755.899255411256
1791123990,250,,Aggregated,126.200000,0.000000,5,7,8,10,14,18,23,28,59,180,190,29011,0,5,7.01224791641783,1.9302000291645527,189.8817999754101,4756.424252869601
1791123991,250,,Aggregated,124.500000,0.000000,5,7,8,10,14,18,23,28,59,180,190,29131,0,5,7.0087014796311875,1.9302000291645527,189.8817999754101,4756.673131715354
1791123992,250,,Aggregated,124.300000,0.000000,5,7,8,10,14,18,23,28,59,180,190,29268,0,5,7.004307984915157,1.9302000291645527,189.8817999754101,4757.567309006424
1791123993,250,,Aggregated,125.000000,0.000000,5,7,8,10,14,18,23,28,59,180,190,29397,0,5,7.0045562031069535,1.9302000291645527,189.8817999754101,4757.080654488554
1791123994,250,,Aggregated,124.700000,0.000000,5,7,8,10,14,18,23,28,59,180,190,29515,0,5,7.00091167551333,1.9302000291645527,189.8817999754101,4756.665898695578
1791123995,250,,Aggregated,127.400000,0.000000,5,7,8,10,14,18,23,28,62,180,190,29638,0,5,7.012182056896737,1.9302000291645527,189.8817999754101,4755.717862203927
1791123996,250,,Aggregated,127.400000,0.000000,5,7,8,10,14,18,23,28,62,180,190,29764,0,5,7.0065758971388465,1.9302000291645527,189.8817999754101,4756.109696277382
1791123997,250,,Aggregated,126.800000,0.000000,5,7,8,10,14,18,23,28,62,180,190,29895,0,5,7.005487325697699,1.9302000291645527,189.8817999754101,4756.472788091654
1791123998,250,,Aggregated,126.800000,0.000000,5,7,8,10,14,18,23,28,60,130,190,30016,0,5,7.003942340808382,1.9302000291645527,189.8817999754101,4757.18809968017
1791123999,250,,Aggregated,125.000000,0.000000,5,7,8,10,14,18,23,28,60,130,190,30132,0,5,6.99965954803909,1.9302000291645527,189.8817999754101,4756.9008695075
1791124000,250,,Aggregated,124.300000,0.000000,5,7,8,10,14,18,24,28,62,130,190,30269,0,5,7.025678456550366,1.9302000291645527,189.8817999754101,4756.628002246523
1791124001,250,,Aggregated,124.300000,0.000000,5,7,8,10,14,18,24,28,62,130,190,30384,0,5,7.027854792042189,1.9302000291645527,189.8817999754101,4756.398992890995
1791124002,250,,Aggregated,124.300000,0.000000,5,7,8,10,14,18,24,28,62,130,190,30507,0,5,7.023871259077228,1.9302000291645527,189.8817999754101,4757.489789228702
1791124003,250,,Aggregated,125.600000,0.000000,5,7,8,10,14,18,24,28,62,130,190,30633,0,5,7.023179685354839,1.9302000291645527,189.8817999754101,4757.976495935755
1791124004,250,,Aggregated,123.400000,0.000000,5,7,8,10,14,18,24,28,62,130,190,30761,0,5,7.017313549656867,1.9302000291645527,189.8817999754101,4757.686031013296
1791124005,250,,Aggregated,123.400000,0.000000,5,7,8,10,14,18,24,28,62,130,190,30886,0,5,7.012583513624526,1.9302000291645527,189.8817999754101,4758.093375639448
1791124006,250,,Aggregated,122.300000,0.000000,5,7,8,10,14,18,24,28,61,130,190,31008,0,5,7.013630653432887,1.9302000291645527,189.8817999754101,4759.137287151702
1791124007,250,,Aggregated,123.700000,0.000000,5,7,8,10,14,18,24,28,61,130,190,31143,0,5,7.011640879207266,1.9302000291645527,189.8817999754101,4759.640946601163
1791124008,250,,Aggregated,122.600000,0.000000,5,7,8,10,14,18,24,28,61,130,190,31267,0,5,7.017117120323719,1.9302000291645527,189.8817999754101,4759.354559119839
1791124009,250,,Aggregated,124.000000,0.000000,5,7,8,10,14,18,24,28,61,130,190,31390,0,5,7.009812468981359,1.9302000291645527,189.8817999754101,4759.130168843581
1791124010,250,,Aggregated,123.800000,0.000000,5,7,8,10,14,18,24,28,61,130,190,31525,0,5,7.0037927676965674,1.9302000291645527,189.8817999754101,4759.90851704996
1791124011,250,,Aggregated,125.300000,0.000000,5,7,8,10,14,18,24,28,61,130,190,31641,0,5,7.020167674904502,1.9302000291645527,189.8817999754101,4759.4203406971965
1791124012,250,,Aggregated,123.600000,0.000000,5,7,8,10,14,18,24,28,61,130,190,31769,0,5,7.0163417168209845,1.9302000291645527,189.8817999754101,4759.073530800466
1791124013,250,,Aggregated,123.900000,0.000000,5,7,8,10,14,18,24,29,61,130,190,31883,0,5,7.036289116516526,1.9302000291645527,189.8817999754101,4758.613963554245
1791124014,250,,Aggregated,125.200000,0.000000,5,7,8,10,14,18,24,28,60,130,190,32023,0,5,7.035612903291477,1.9302000291645527,189.8817999754101,4758.911251288137
1791124015,250,,Aggregated,124.000000,0.000000,5,7,8,10,14,18,24,28,60,130,190,32145,0,5,7.035533420509488,1.9302000291645527,189.8817999754101,4758.852387618604
1791124016,250,,Aggregated,123.900000,0.000000,5,7,8,10,14,18,24,28,60,130,190,32268,0,5,7.031149718071809,1.9302000291645527,189.8817999754101,4760.368538490145
1791124017,250,,Aggregated,125.600000,0.000000,5,7,8,10,14,18,24,28,62,130,190,32399,0,5,7.036644575539815,1.9302000291645527,189.8817999754101,4759.4552609648445
1791124018,250,,Aggregated,125.200000,0.000000,5,7,8,10,14,18,24,28,62,130,190,32512,0,5,7.033843556311737,1.9302000291645527,189.8817999754101,4760.819512795276
1791124019,250,,Aggregated,125.100000,0.000000,5,7,8,10,14,18,24,28,62,130,190,32633,0,5,7.0329255264149,1.9302000291645527,189.8817999754101,4760.970030337388
1791124020,250,,Aggregated,125.000000,0.000000,5,7,8,10,14,18,24,28,62,130,190,32767,0,5,7.029376406253193,1.9302000291645527,189.8817999754101,4760.326578569902
1791124021,250,,Aggregated,124.000000,0.000000,5,7,8,10,14,18,24,28,62,130,190,32891,0,5,7.023927566935104,1.9302000291645527,189.8817999754101,4760.975981271473
1791124022,250,,Aggregated,124.900000,0.000000,5,7,8,10,14,18,24,28,61,130,190,33015,0,5,7.020805649107877,1.9302000291645527,189.8817999754101,4761.307678328033
1791124023,250,,Aggregated,123.800000,0.000000,5,7,8,10,14,18,24,29,62,130,190,33150,0,5,7.024860600442211,1.9302000291645527,189.8817999754101,4759.636138763198
1791124024,250,,Aggregated,124.700000,0.000000,5,7,8,10,14,18,24,29,62,130,190,33261,0,5,7.020066820123633,1.9302000291645527,189.8817999754101,4760.353687501879
1791124025,250,,Aggregated,124.700000,0.000000,5,7,8,10,14,18,24,29,62,130,190,33401,0,5,7.022130636918447,1.9302000291645527,189.8817999754101,4759.472440944882
1791124026,250,,Aggregated,126.400000,0.000000,5,7,8,10,14,18,24,29,62,130,190,33524,0,5,7.029036776754248,1.9302000291645527,189.8817999754101,4759.266286839279
1791124027,250,,Aggregated,123.800000,0.000000,5,7,8,10,14,18,24,29,62,130,190,33653,0,5,7.036214468368367,1.9302000291645527,189.8817999754101,4759.106350102516
1791124028,250,,Aggregated,125.600000,0.000000,5,7,8,10,14,18,24,29,62,130,190,33778,0,5,7.046912792449352,1.9302000291645527,189.8817999754101,4759.085884303393
1791124029,250,,Aggregated,125.200000,0.000000,5,7,8,10,14,18,24,29,62,130,190,33908,0,5,7.041598678853619,1.9302000291645527,189.8817999754101,4759.812551610239
1791124030,250,,Aggregated,125.200000,0.000000,5,7,8,10,14,18,24,29,61,130,190,34022,0,5,7.038741205786458,1.9302000291645527,189.8817999754101,4758.862324378343
1791124031,250,,Aggregated,125.600000,0.000000,5,7,8,10,14,18,24,29,61,130,190,34156,0,5,7.037954418065441,1.9302000291645527,189.8817999754101,4758.358912050591
1791124032,250,,Aggregated,126.300000,0.000000,5,7,8,10,14,18,24,29,61,130,190,34280,0,5,7.031717520519464,1.9302000291645527,189.8817999754101,4759.337952158693
1791124033,250,,Aggregated,124.700000,0.000000,5,7,8,10,14,18,24,29,61,130,190,34405,0,5,7.032688594785423,1.9302000291645527,189.8817999754101,4759.651969190525
1791124034,250,,Aggregated,125.600000,0.000000,5,7,8,10,14,18,24,29,61,130,190,34531,0,5,7.032100570629984,1.9302000291645527,189.8817999754101,4759.2719585300165
1791124035,250,,Aggregated,125.400000,0.000000,5,7,8,10,14,18,24,29,61,130,190,34649,0,5,7.032727807589128,1.9302000291645527,189.8817999754101,4759.041155588906
1791124036,250,,Aggregated,124.400000,0.000000,5,7,8,10,14,18,24,29,61,130,190,34778,0,5,7.027011081871239,1.9302000291645527,189.8817999754101,4758.402035769739
1791124037,250,,Aggregated,125.000000,0.000000,5,7,8,10,14,18,24,29,61,130,190,34908,0,5,7.020517781180239,1.9302000291645527,189.8817999754101,4758.717457316375
1791124038,250,,Aggregated,123.700000,0.000000,5,7,8,10,14,18,24,29,60,130,190,35036,0,5,7.021145981431507,1.9302000291645527,189.8817999754101,4758.252454618107
1791124039,250,,Aggregated,125.000000,0.000000,5,7,8,10,14,18,24,29,60,130,190,35160,0,5,7.018018003567853,1.9302000291645527,189.8817999754101,4758.542775881684
1791124041,250,,Aggregated,124.300000,0.000000,5,7,8,10,14,18,24,29,60,130,190,35281,0,5,7.017845696143142,1.9302000291645527,189.8817999754101,4758.344463025424
1791124042,250,,Aggregated,124.700000,0.000000,5,7,8,10,14,18,24,29,60,130,190,35409,0,5,7.015029859764277,1.9302000291645527,189.8817999754101,4756.724956931854
1791124043,250,,Aggregated,125.400000,0.000000,5,7,8,10,14,18,24,29,60,130,190,35535,0,5,7.017059952294001,1.9302000291645527,189.8817999754101,4756.939862107781
1791124044,250,,Aggregated,124.500000,0.000000,5,7,8,10,14,18,24,29,60,130,190,35650,0,5,7.020055739248895,1.9302000291645527,189.8817999754101,4756.854249649369
1791124045,250,,Aggregated,124.500000,0.000000,5,7,8,10,14,18,24,29,60,130,190,35774,0,5,7.026934122657266,1.9302000291645527,189.8817999754101,4756.801643651814
1791124046,250,,Aggregated,124.100000,0.000000,5,7,8,10,14,18,24,29,60,130,190,35900,0,5,7.031713498725159,1.9302000291645527,189.8817999754101,4755.527799442897
1791124047,250,,Aggregated,123.800000,0.000000,5,7,8,10,14,18,24,29,59,130,190,36023,0,5,7.032517347395193,1.9302000291645527,189.8817999754101,4754.838797434973
1791124048,250,,Aggregated,123.900000,0.000000,5,7,8,10,14,18,24,29,59,130,190,36158,0,5,7.043980474744941,1.9302000291645527,189.8817999754101,4755.141960285414
1791124049,250,,Aggregated,123.000000,0.000000,5,7,8,10,14,18,24,29,59,130,190,36278,0,5,7.049802599535604,1.9302000291645527,189.8817999754101,4755.218479519268
1791124050,250,,Aggregated,124.200000,0.000000,5,7,8,10,14,18,24,29,59,130,190,36401,0,5,7.049267215360333,1.9302000291645527,189.8817999754101,4756.2568061317
1791124051,250,,Aggregated,124.000000,0.000000,5,7,8,10,14,18,24,29,59,130,190,36529,0,5,7.045654926416223,1.9302000291645527,189.8817999754101,4756.025322346629
1791124052,250,,Aggregated,123.600000,0.000000,5,7,8,10,14,18,24,29,59,130,190,36661,0,5,7.044457036269512,1.9302000291645527,189.8817999754101,4755.378931289381
1791124053,250,,Aggregated,124.400000,0.000000,5,7,8,10,14,18,24,29,59,130,190,36794,0,5,7.039420992724273,1.9302000291645527,189.8817999754101,4756.1477958362775
1791124054,250,,Aggregated,124.700000,0.000000,5,7,8,10,14,18,24,29,59,130,190,36894,0,5,7.038216002784109,1.9302000291645527,189.8817999754101,4755.808397029327
1791124055,250,,Aggregated,125.300000,0.000000,5,7,8,10,14,18,24,29,59,130,190,37040,0,5,7.031805035262796,1.9302000291645527,189.8817999754101,4756.370086393089
1791124056,250,,Aggregated,123.700000,0.000000,5,7,8,10,14,18,24,29,59,130,190,37160,0,5,7.03067961534567,1.9302000291645527,189.8817999754101,4756.13304628633
1791124057,250,,Aggregated,126.200000,0.000000,5,7,8,10,14,18,24,29,59,130,190,37285,0,5,7.026482682219391,1.9302000291645527,189.8817999754101,4755.763604666756
1791124058,250,,Aggregated,126.500000,0.000000,5,7,8,10,14,18,24,29,59,130,190,37407,0,5,7.028334475004679,1.9302000291645527,189.8817999754101,4755.997674232096
1791124059,250,,Aggregated,125.600000,0.000000,5,7,8,10,14,18,24,29,59,130,190,37534,0,5,7.030386846764679,1.9302000291645527,189.8817999754101,4755.4655512335485
1791124060,250,,Aggregated,124.400000,0.000000,5,7,8,10,14,18,24,29,59,130,190,37665,0,5,7.02947183873405,1.9302000291645527,189.8817999754101,4754.655409531395
1791124061,250,,Aggregated,124.600000,0.000000,5,7,8,10,14,18,24,29,59,130,190,37782,0,5,7.029937830350401,1.9302000291645527,189.8817999754101,4754.618892594357
1791124062,250,,Aggregated,125.500000,0.000000,5,7,8,10,14,18,24,29,59,130,190,37908,0,5,7.026673267010924,1.9302000291645527,189.8817999754101,4754.9520417853755
1791124063,250,,Aggregated,124.700000,0.000000,5,7,8,10,14,18,24,29,59,130,190,38029,0,5,7.027600715390158,1.9302000291645527,189.8817999754101,4755.139814352205
1791124064,250,,Aggregated,124.100000,0.000000,5,7,8,10,14,18,24,29,59,130,190,38167,0,5,7.026963172482465,1.9302000291645527,189.8817999754101,4755.33728089711
1791124065,250,,Aggregated,122.800000,0.000000,5,7,8,10,14,18,24,28,59,130,190,38291,0,5,7.0227232092163,1.9302000291645527,189.8817999754101,4754.942545245619
1791124066,250,,Aggregated,126.200000,0.000000,5,7,8,10,14,18,24,28,59,130,190,38411,0,5,7.0208681915210445,1.9302000291645527,189.8817999754101,4755.11858582177
1791124067,250,,Aggregated,124.200000,0.000000,5,7,8,10,14,18,24,28,59,130,190,38539,0,5,7.021746384284284,1.9302000291645527,189.8817999754101,4755.563429253483
1791124068,250,,Aggregated,123.600000,0.000000,5,7,8,10,14,18,24,28,59,130,190,38660,0,5,7.021199637988801,1.9302000291645527,189.8817999754101,4755.4872736678735
1791124069,250,,Aggregated,124.800000,0.000000,5,7,8,10,14,18,24,28,59,130,190,38775,0,5,7.02217735925078,1.9302000291645527,189.8817999754101,4755.953217279175
1791124070,250,,Aggregated,124.500000,0.000000,5,7,8,10,14,18,24,28,59,130,190,38905,0,5,7.021226330917382,1.9302000291645527,189.8817999754101,4756.063333761727
1791124071,250,,Aggregated,122.500000,0.000000,5,7,8,10,14,18,24,28,59,130,190,39027,0,5,7.021604117773897,1.9302000291645527,189.8817999754101,4755.984292925411
1791124072,250,,Aggregated,123.800000,0.000000,5,7,8,10,14,18,24,28,59,130,190,39154,0,5,7.020929629285367,1.9302000291645527,189.8817999754101,4754.73430556265
1791124073,250,,Aggregated,123.300000,0.000000,5,7,8,10,14,18,24,28,59,130,190,39281,0,5,7.025184962305264,1.9302000291645527,189.8817999754101,4754.615590234464
1791124074,250,,Aggregated,122.800000,0.000000,5,7,8,10,14,18,24,28,59,130,190,39396,0,5,7.022484257369857,1.9302000291645527,189.8817999754101,4754.094882729211
1791124075,250,,Aggregated,124.800000,0.000000,5,7,8,10,14,18,24,28,59,130,190,39515,0,5,7.019759893785504,1.9302000291645527,189.8817999754101,4754.385701632292
1791124076,250,,Aggregated,122.300000,0.000000,5,7,8,10,14,18,24,28,59,130,190,39647,0,5,7.016526937804704,1.9302000291645527,189.8817999754101,4753.534542336116
1791124077,250,,Aggregated,121.600000,0.000000,5,7,8,10,14,18,24,28,59,130,190,39777,0,5,7.012273869390114,1.9302000291645527,189.8817999754101,4753.947909595998
1791124078,250,,Aggregated,124.000000,0.000000,5,7,8,10,14,18,24,28,59,130,190,39892,0,5,7.015568266864611,1.9302000291645527,189.8817999754101,4753.003509475584
1791124079,250,,Aggregated,122.800000,0.000000,5,7,8,10,14,18,24,28,59,120,190,40022,0,5,7.017066466021472,1.9302000291645527,189.8817999754101,4751.881715056719
1791124080,250,,Aggregated,122.700000,0.000000,5,7,8,10,14,18,24,28,59,120,190,40145,0,5,7.0141428995723,1.9302000291645527,189.8817999754101,4751.473234524848
1791124081,250,,Aggregated,124.500000,0.000000,5,7,8,10,14,18,24,28,59,120,190,40269,0,5,7.012454774230834,1.9302000291645527,189.8817999754101,4751.977128808761
1791124082,250,,Aggregated,122.700000,0.000000,5,7,8,10,14,18,24,28,59,120,190,40395,0,5,7.012369731500047,1.9302000291645527,189.8817999754101,4752.392400049511
1791124083,250,,Aggregated,122.300000,0.000000,5,7,8,10,14,18,24,28,59,120,190,40513,0,5,7.0164643350069875,1.9302000291645527,189.8817999754101,4752.456075827512
1791124084,250,,Aggregated,124.100000,0.000000,5,7,8,10,14,18,24,28,59,120,190,40647,0,5,7.015440049794544,1.9302000291645527,189.8817999754101,4751.1408222009
1791124085,250,,Aggregated,122.700000,0.000000,5,7,8,10,14,18,24,28,59,120,190,40782,0,5,7.014968564690039,1.9302000291645527,189.8817999754101,4750.410475209651
1791124086,250,,Aggregated,124.600000,0.000000,5,7,8,10,14,18,24,28,59,120,190,40903,0,5,7.011924961641731,1.9302000291645527,189.8817999754101,4750.357577683789
1791124087,250,,Aggregated,124.100000,0.000000,5,7,8,10,14,18,24,28,59,120,190,41018,0,5,7.009117090204749,1.9302000291645527,189.8817999754101,4749.135208932664
1791124088,250,,Aggregated,123.000000,0.000000,5,7,8,10,14,18,24,28,59,120,190,41150,0,5,7.008073856784789,1.9302000291645527,189.8817999754101,4748.483280680437
1791124089,250,,Aggregated,123.000000,0.000000,5,7,8,10,14,18,24,28,59,120,190,41281,0,5,7.009254703282306,1.9302000291645527,189.8817999754101,4748.717303359899
1791124090,250,,Aggregated,124.700000,0.000000,5,7,8,10,14,18,24,28,59,120,190,41398,0,5,7.006520595357837,1.9302000291645527,189.8817999754101,4749.251558046282
1791124091,250,,Aggregated,124.300000,0.000000,5,7,8,10,14,18,24,28,59,120,190,41536,0,5,7.005935754674726,1.9302000291645527,189.8817999754101,4749.549523305085
1791124092,250,,Aggregated,123.800000,0.000000,5,7,8,10,14,18,24,28,59,120,190,41659,0,5,7.003648119395387,1.9302000291645527,189.8817999754101,4747.145778823304
1791124093,250,,Aggregated,126.100000,0.000000,5,7,8,10,14,18,24,28,59,120,190,41783,0,5,7.005463470944465,1.9302000291645527,189.8817999754101,4746.905631476917
1791124094,250,,Aggregated,123.600000,0.000000,5,7,8,10,14,18,24,28,59,120,190,41903,0,5,7.003607200127261,1.9302000291645527,189.8817999754101,4746.883325776197
1791124095,250,,Aggregated,124.700000,0.000000,5,7,8,10,14,18,24,28,59,120,190,42022,0,5,7.005633423114967,1.9302000291645527,189.8817999754101,4746.875017847794
1791124096,250,,Aggregated,124.500000,0.000000,5,7,8,10,14,18,24,28,59,120,190,42153,0,5,7.0037683274324865,1.9302000291645527,189.8817999754101,4747.179797404692
1791124097,250,,Aggregated,124.700000,0.000000,5,7,8,10,14,18,24,28,59,120,190,42286,0,5,7.004481596884192,1.9302000291645527,189.8817999754101,4746.858321903231
1791124098,250,,Aggregated,124.600000,0.000000,5,7,8,10,14,18,24,28,59,120,190,42415,0,5,7.0052271414672,1.9302000291645527,189.8817999754101,4746.986207709537
1791124099,250,,Aggregated,125.100000,0.000000,5,7,8,10,14,18,24,28,59,120,190,42542,0,5,7.001209242728709,1.9302000291645527,189.8817999754101,4747.74989422218
1791124100,250,,Aggregated,124.000000,0.000000,5,7,8,10,14,18,24,28,59,120,190,42652,0,5,6.999929879134156,1.9302000291645527,189.8817999754101,4747.925677576667
1791124101,250,,Aggregated,125.700000,0.000000,5,7,8,10,14,18,24,28,59,120,190,42790,0,5,6.995592164180953,1.9302000291645527,189.8817999754101,4747.906450105164
1791124102,250,,Aggregated,125.300000,0.000000,5,7,8,10,14,18,24,28,59,120,190,42909,0,5,6.9931752687188276,1.9302000291645527,189.8817999754101,4748.116875247617
1791124103,250,,Aggregated,124.900000,0.000000,5,7,8,10,14,18,24,29,67,180,220,43030,0,5,7.041135038473855,1.9302000291645527,216.0411000950262,4748.033046711596
1791124104,250,,Aggregated,125.600000,0.000000,5,7,8,10,14,18,24,29,67,180,220,43143,0,5,7.03915054366867,1.9302000291645527,216.0411000950262,4747.6365343161115
1791124105,250,,Aggregated,124.200000,0.000000,5,7,8,10,14,18,24,29,67,180,220,43281,0,5,7.035680998700129,1.9302000291645527,216.0411000950262,4747.940990272868
1791124106,250,,Aggregated,124.100000,0.000000,5,7,8,10,14,18,24,29,67,180,220,43407,0,5,7.034276257423393,1.9302000291645527,216.0411000950262,4748.527242149884
1791124107,250,,Aggregated,124.600000,0.000000,5,7,8,10,14,18,24,29,67,180,220,43523,0,5,7.035903159385794,1.9302000291645527,216.0411000950262,4748.722169887186
1791124108,250,,Aggregated,123.700000,0.000000,5,7,8,10,14,18,24,29,67,180,220,43660,0,5,7.031155460511675,1.9302000291645527,216.0411000950262,4749.832615666514
1791124109,250,,Aggregated,124.800000,0.000000,5,7,8,10,14,18,24,29,67,180,220,43793,0,5,7.028008798333533,1.9302000291645527,216.0411000950262,4750.536980796018
1791124110,250,,Aggregated,124.800000,0.000000,5,7,8,10,14,18,24,29,67,180,220,43915,0,5,7.030454969968209,1.9302000291645527,216.0411000950262,4750.131094159171
1791124111,250,,Aggregated,123.800000,0.000000,5,7,8,10,14,18,24,29,66,180,220,44050,0,5,7.028738184029683,1.9302000291645527,216.0411000950262,4750.564562996595
1791124112,250,,Aggregated,124.100000,0.000000,5,7,8,10,14,18,24,29,67,180,220,44184,0,5,7.047184007950763,1.9302000291645527,216.0411000950262,4750.918273583197
1791124113,250,,Aggregated,125.500000,0.000000,5,7,8,10,14,18,24,29,67,180,220,44315,0,5,7.047877371261064,1.9302000291645527,216.0411000950262,4750.947873180638
1791124114,250,,Aggregated,125.200000,0.000000,5,7,8,10,14,18,24,29,67,180,220,44435,0,5,7.045585009721297,1.9302000291645527,216.0411000950262,4750.3812985259365
1791124115,250,,Aggregated,124.900000,0.000000,5,7,8,10,14,18,24,29,67,180,220,44563,0,5,7.049928649484117,1.9302000291645527,216.0411000950262,4750.443776226914
1791124116,250,,Aggregated,124.700000,0.000000,5,7,8,10,14,18,24,29,67,180,220,44701,0,5,7.046448728385618,1.9302000291645527,216.0411000950262,4750.501263953826
1791124117,250,,Aggregated,124.100000,0.000000,5,7,8,10,14,18,24,29,67,180,220,44811,0,5,7.047213603959004,1.9302000291645527,216.0411000950262,4749.97065452679
1791124118,250,,Aggregated,125.300000,0.000000,5,7,8,10,14,18,24,29,67,180,220,44944,0,5,7.047738294462192,1.9302000291645527,216.0411000950262,4749.328608935564
1791124119,250,,Aggregated,124.600000,0.000000,5,7,8,10,14,18,24,29,66,180,220,45061,0,5,7.044449222301468,1.9302000291645527,216.0411000950262,4749.666318989814
1791124120,250,,Aggregated,124.900000,0.000000,5,7,8,10,14,18,24,29,66,180,220,45187,0,5,7.042935554607659,1.9302000291645527,216.0411000950262,4749.968508641866
1791124121,250,,Aggregated,123.800000,0.000000,5,7,8,10,14,18,24,29,66,180,220,45318,0,5,7.040581270242288,1.9302000291645527,216.0411000950262,4749.708658811069
1791124122,250,,Aggregated,125.200000,0.000000,5,7,8,10,14,18,24,29,66,180,220,45438,0,5,7.042741755939508,1.9302000291645527,216.0411000950262,4750.269686165764
1791124123,250,,Aggregated,122.800000,0.000000,5,7,8,10,14,18,24,29,66,180,220,45561,0,5,7.044244683082213,1.9302000291645527,216.0411000950262,4750.675116876276
1791124124,250,,Aggregated,124.700000,0.000000,5,7,8,10,14,18,24,29,66,180,220,45684,0,5,7.045547975344335,1.9302000291645527,216.0411000950262,4750.592395587077
1791124125,250,,Aggregated,123.500000,0.000000,5,7,8,10,14,18,24,29,66,180,220,45800,0,5,7.047731290524622,1.9302000291645527,216.0411000950262,4750.450305676856
1791124126,250,,Aggregated,124.300000,0.000000,5,7,8,10,14,18,24,29,66,180,220,45934,0,5,7.044680526513797,1.9302000291645527,216.0411000950262,4750.734183828972
1791124127,250,,Aggregated,123.600000,0.000000,5,7,8,10,14,18,24,29,66,180,220,46047,0,5,7.04627056060744,1.9302000291645527,216.0411000950262,4750.458835537603
1791124128,250,,Aggregated,124.700000,0.000000,5,7,8,10,14,18,24,29,66,180,220,46186,0,5,7.0441546032206395,1.9302000291645527,216.0411000950262,4749.5889013986925
1791124129,250,,Aggregated,123.200000,0.000000,5,7,8,10,14,18,24,29,66,180,220,46308,0,5,7.044241107458918,1.9302000291645527,216.0411000950262,4749.8825904811265
1791124130,250,,Aggregated,122.800000,0.000000,5,7,8,10,14,18,24,29,66,180,220,46431,0,5,7.045929247789073,1.9302000291645527,216.0411000950262,4750.543300811957
1791124131,250,,Aggregated,124.800000,0.000000,5,7,8,10,14,18,24,29,66,180,220,46556,0,5,7.044564329053487,1.9302000291645527,216.0411000950262,4750.025195463528
1791124132,250,,Aggregated,124.000000,0.000000,5,7,8,10,14,18,24,29,66,180,220,46677,0,5,7.042568890523393,1.9302000291645527,216.0411000950262,4749.42511301069
1791124133,250,,Aggregated,123.600000,0.000000,5,7,8,10,14,18,24,29,66,180,220,46814,0,5,7.040558948239302,1.9302000291645527,216.0411000950262,4748.835775622677
1791124134,250,,Aggregated,122.400000,0.000000,5,7,8,10,14,18,24,29,66,180,220,46940,0,5,7.039426710752931,1.9302000291645527,216.0411000950262,4749.652279505752
1791124135,250,,Aggregated,124.200000,0.000000,5,7,8,10,14,18,24,29,66,180,220,47067,0,5,7.0366550641197145,1.9302000291645527,216.0411000950262,4749.460088809569
1791124136,250,,Aggregated,124.900000,0.000000,5,7,8,10,14,18,24,29,66,180,220,47185,0,5,7.038833756552261,1.9302000291645527,216.0411000950262,4749.460231005616
1791124137,250,,Aggregated,126.700000,0.000000,5,7,8,10,14,18,24,29,66,180,220,47311,0,5,7.046453256164607,1.9302000291645527,216.0411000950262,4749.132950053899
1791124138,250,,Aggregated,124.800000,0.000000,5,7,8,10,14,18,24,29,66,180,220,47438,0,5,7.044664501094389,1.9302000291645527,216.0411000950262,4749.0572325983385
1791124139,250,,Aggregated,125.300000,0.000000,5,7,8,10,14,18,24,29,66,180,220,47547,0,5,7.045480185981349,1.9302000291645527,216.0411000950262,4748.573117126212
1791124140,250,,Aggregated,125.000000,0.000000,5,7,8,10,14,18,24,29,66,180,220,47693,0,5,7.0424847713955225,1.9302000291645527,216.0411000950262,4749.316188958547
1791124141,250,,Aggregated,124.100000,0.000000,5,7,8,10,14,18,24,29,66,180,220,47810,0,5,7.046332305007593,1.9302000291645527,216.0411000950262,4748.632838318344
1791124142,250,,Aggregated,122.700000,0.000000,5,7,8,10,14,18,24,29,66,180,220,47925,0,5,7.043354480994217,1.9302000291645527,216.0411000950262,4749.139217527387
1791124143,250,,Aggregated,124.700000,0.000000,5,7,8,10,14,18,24,29,65,180,220,48069,0,5,7.040943974332728,1.9302000291645527,216.0411000950262,4749.4434874867375
1791124144,250,,Aggregated,124.500000,0.000000,5,7,8,10,14,18,24,29,65,180,220,48181,0,5,7.04280490861331,1.9302000291645527,216.0411000950262,4748.8516012536065
1791124145,250,,Aggregated,124.700000,0.000000,5,7,8,10,14,18,24,29,65,180,220,48308,0,5,7.041314455208873,1.9302000291645527,216.0411000950262,4749.186283845326
1791124146,250,,Aggregated,124.100000,0.000000,5,7,8,10,14,18,24,29,65,180,220,48434,0,5,7.039834950710924,1.9302000291645527,216.0411000950262,4749.298860304744
1791124147,250,,Aggregated,123.100000,0.000000,5,7,8,10,14,18,24,29,65,180,220,48557,0,5,7.035923020449063,1.9302000291645527,216.0411000950262,4748.690837572338
1791124148,250,,Aggregated,123.200000,0.000000,5,7,8,10,14,18,24,29,65,180,220,48678,0,5,7.035753093880761,1.9302000291645527,216.0411000950262,4748.711820534944
1791124149,250,,Aggregated,123.900000,0.000000,5,7,8,10,14,18,24,29,65,180,220,48811,0,5,7.037270619414686,1.9302000291645527,216.0411000950262,4748.662371186822
1791124150,250,,Aggregated,124.100000,0.000000,5,7,8,10,14,18,24,29,65,180,220,48931,0,5,7.035491696564184,1.9302000291645527,216.0411000950262,4748.772843391715
1791124151,250,,Aggregated,123.500000,0.000000,5,7,8,10,14,18,24,29,65,180,220,49058,0,5,7.032218382419146,1.9302000291645527,216.0411000950262,4748.836275429084
1791124152,250,,Aggregated,125.600000,0.000000,5,7,8,10,14,18,24,29,65,180,220,49185,0,5,7.030822494746264,1.9302000291645527,216.0411000950262,4749.311253430924
1791124153,250,,Aggregated,124.400000,0.000000,5,7,8,10,14,18,24,29,65,180,220,49305,0,5,7.029525123311524,1.9302000291645527,216.0411000950262,4748.384504614137
1791124154,250,,Aggregated,124.600000,0.000000,5,7,8,10,14,18,24,29,65,180,220,49444,0,5,7.0336370844807306,1.9302000291645527,216.0411000950262,4748.14594288488
1791124155,250,,Aggregated,124.100000,0.000000,5,7,8,10,14,18,24,29,65,180,220,49564,0,5,7.03576526723169,1.9302000291645527,216.0411000950262,4748.2568396416755
1791124156,250,,Aggregated,124.100000,0.000000,5,7,8,10,14,18,24,29,65,180,220,49687,0,5,7.034910884218813,1.9302000291645527,216.0411000950262,4748.206130376155
1791124157,250,,Aggregated,124.700000,0.000000,5,7,8,10,14,18,24,29,65,180,220,49814,0,5,7.0412371603040995,1.9302000291645527,216.0411000950262,4748.371983779661
1791124158,250,,Aggregated,124.800000,0.000000,5,7,8,10,14,18,24,29,65,180,220,49946,0,5,7.042094496109202,1.9302000291645527,216.0411000950262,4748.631281784327
1791124159,250,,Aggregated,125.100000,0.000000,5,7,8,10,14,18,24,29,63,160,220,50069,0,5,7.0422003635601955,1.9302000291645527,216.0411000950262,4747.722602808125
1791124160,250,,Aggregated,125.000000,0.000000,5,7,8,10,14,18,24,29,63,160,220,50202,0,5,7.042024789911699,1.9302000291645527,216.0411000950262,4747.49073742082
1791124161,250,,Aggregated,126.200000,0.000000,5,7,8,10,14,18,24,29,63,160,220,50318,0,5,7.042001552199503,1.9302000291645527,216.0411000950262,4747.487360387932
1791124162,250,,Aggregated,125.100000,0.000000,5,7,8,10,14,18,24,29,63,160,220,50455,0,5,7.039733624097136,1.9302000291645527,216.0411000950262,4747.521296204539
1791124163,250,,Aggregated,125.700000,0.000000,5,7,8,10,14,18,24,29,83,200,300,50567,0,5,7.114808998044928,1.9302000291645527,303.41289995703846,4747.666027250974
1791124164,250,,Aggregated,125.800000,0.000000,5,7,8,10,14,18,24,29,83,200,300,50692,0,5,7.113212230799959,1.9302000291645527,303.41289995703846,4747.9583168941845
1791124165,250,,Aggregated,127.100000,0.000000,5,7,8,10,14,18,24,29,83,200,300,50815,0,5,7.112029341806335,1.9302000291645527,303.41289995703846,4748.010784217258
1791124166,250,,Aggregated,124.600000,0.000000,5,7,8,10,14,18,24,29,83,200,300,50954,0,5,7.113860166104528,1.9302000291645527,303.41289995703846,4747.903403069436
1791124167,250,,Aggregated,124.700000,0.000000,5,7,8,10,14,18,24,29,82,200,300,51067,0,5,7.112057708579079,1.9302000291645527,303.41289995703846,4748.458887344077
1791124169,250,,Aggregated,124.700000,0.000000,5,7,8,10,14,18,24,29,82,200,300,51201,0,5,7.112792734587045,1.9302000291645527,303.41289995703846,4748.551532196637
1791124170,250,,Aggregated,124.700000,0.000000,5,7,8,10,14,18,24,29,82,200,300,51339,0,5,7.111686219120454,1.9302000291645527,303.41289995703846,4748.209022380646
1791124171,250,,Aggregated,124.600000,0.000000,5,7,8,10,14,18,24,29,82,200,300,51452,0,5,7.112372770810484,1.9302000291645527,303.41289995703846,4749.214316255928
1791124172,250,,Aggregated,126.200000,0.000000,5,7,8,10,14,18,24,29,82,200,300,51574,0,5,7.110734032724876,1.9302000291645527,303.41289995703846,4748.80422305813
1791124173,250,,Aggregated,124.600000,0.000000,5,7,8,10,14,18,24,29,82,200,300,51703,0,5,7.1090942944064235,1.9302000291645527,303.41289995703846,4748.322283039669
1791124174,250,,Aggregated,124.200000,0.000000,5,7,8,10,14,18,24,29,82,200,300,51837,0,5,7.108473655948696,1.9302000291645527,303.41289995703846,4748.877365588286
1791124175,250,,Aggregated,124.100000,0.000000,5,7,8,10,14,18,24,29,82,200,300,51959,0,5,7.106938726748467,1.9302000291645527,303.41289995703846,4748.6109432437115
1791124176,250,,Aggregated,126.400000,0.000000,5,7,8,10,14,18,24,29,81,200,300,52091,0,5,7.106649342561901,1.9302000291645527,303.41289995703846,4748.362941774971
1791124177,250,,Aggregated,126.100000,0.000000,5,7,8,10,14,18,24,29,81,200,300,52204,0,5,7.106989330373102,1.9302000291645527,303.41289995703846,4748.364110029883
1791124178,250,,Aggregated,126.400000,0.000000,5,7,8,10,14,18,24,29,81,200,300,52335,0,5,7.105089618844087,1.9302000291645527,303.41289995703846,4748.128594630744
1791124179,250,,Aggregated,124.300000,0.000000,5,7,8,10,14,18,24,29,81,200,300,52453,0,5,7.10751327287963,1.9302000291645527,303.41289995703846,4747.480487293386
1791124180,250,,Aggregated,125.900000,0.000000,5,7,8,10,14,18,24,29,81,200,300,52580,0,5,7.106365591523898,1.9302000291645527,303.41289995703846,4747.394903004945
1791124181,250,,Aggregated,124.800000,0.000000,5,7,8,10,14,18,24,29,82,200,300,52700,0,5,7.118276965875529,1.9302000291645527,303.41289995703846,4746.6013472485765
1791124182,250,,Aggregated,123.500000,0.000000,5,7,8,10,14,18,24,29,82,200,300,52823,0,5,7.116821577755996,1.9302000291645527,303.41289995703846,4746.496563996744
1791124183,250,,Aggregated,123.400000,0.000000,5,7,8,10,14,18,24,29,82,200,300,52947,0,5,7.115201561976172,1.9302000291645527,303.41289995703846,4746.535516648724
1791124184,250,,Aggregated,123.800000,0.000000,5,7,8,10,14,18,24,29,81,200,300,53054,0,5,7.113865395676138,1.9302000291645527,303.41289995703846,4746.28834772119
1791124185,250,,Aggregated,123.400000,0.000000,5,7,8,10,14,18,24,29,81,200,300,53186,0,5,7.112464022515401,1.9302000291645527,303.41289995703846,4746.834674538412
1791124186,250,,Aggregated,120.800000,0.000000,5,7,8,10,14,18,24,29,81,200,300,53305,0,5,7.110933328971903,1.9302000291645527,303.41289995703846,4746.852584185349
1791124187,250,,Aggregated,122.200000,0.000000,5,7,8,10,14,18,24,29,81,200,300,53435,0,5,7.119921555183061,1.9302000291645527,303.41289995703846,4746.726209413306
1791124188,250,,Aggregated,121.700000,0.000000,5,7,8,10,14,18,24,29,81,200,300,53559,0,5,7.118420840581086,1.9302000291645527,303.41289995703846,4747.619895815829
1791124189,250,,Aggregated,122.100000,0.000000,5,7,8,10,14,18,24,29,81,200,300,53687,0,5,7.1164257287696575,1.9302000291645527,303.41289995703846,4747.753199098478
1791124190,250,,Aggregated,122.700000,0.000000,5,7,8,10,14,18,24,29,81,200,300,53800,0,5,7.115774152417006,1.9302000291645527,303.41289995703846,4747.782286245353
1791124191,250,,Aggregated,122.600000,0.000000,5,7,8,10,14,18,24,29,81,200,300,53937,0,5,7.113565455999116,1.9302000291645527,303.41289995703846,4748.924912397797
1791124192,250,,Aggregated,121.600000,0.000000,5,7,8,10,14,18,24,29,80,200,300,54063,0,5,7.108625525782751,1.9302000291645527,303.41289995703846,4748.431237630172
1791124193,250,,Aggregated,123.200000,0.000000,5,7,8,10,14,18,24,29,80,200,300,54191,0,5,7.107609501564985,1.9302000291645527,303.41289995703846,4747.857356387592
1791124194,250,,Aggregated,123.600000,0.000000,5,7,8,10,14,18,24,29,80,200,300,54321,0,5,7.113161867413591,1.9302000291645527,303.41289995703846,4747.79560391009
1791124195,250,,Aggregated,123.700000,0.000000,5,7,8,10,14,18,24,29,80,200,300,54445,0,5,7.111567152171933,1.9302000291645527,303.41289995703846,4747.135733308844
1791124196,250,,Aggregated,126.200000,0.000000,5,7,8,10,14,18,24,29,80,200,300,54570,0,5,7.109168198647273,1.9302000291645527,303.41289995703846,4747.608466190214
1791124197,250,,Aggregated,123.800000,0.000000,5,7,8,10,14,18,24,29,80,200,300,54703,0,5,7.116411046913579,1.9302000291645527,303.41289995703846,4747.800797031241
1791124198,250,,Aggregated,125.700000,0.000000,5,7,8,10,14,18,24,29,80,200,300,54828,0,5,7.1198645053657,1.9302000291645527,303.41289995703846,4748.601572189392
1791124199,250,,Aggregated,126.300000,0.000000,5,7,8,10,14,18,24,29,80,200,300,54948,0,5,7.123543715890376,1.9302000291645527,303.41289995703846,4748.357956613526
1791124200,250,,Aggregated,125.000000,0.000000,5,7,8,10,14,18,24,29,76,200,300,55076,0,5,7.131455993552215,1.9302000291645527,303.41289995703846,4747.63337933038
1791124201,250,,Aggregated,125.400000,0.000000,5,7,8,10,14,18,24,29,76,200,300,55204,0,5,7.129298244716787,1.9302000291645527,303.41289995703846,4748.226324179407
1791124202,250,,Aggregated,126.100000,0.000000,5,7,8,10,14,18,24,29,76,200,300,55326,0,5,7.128407233531706,1.9302000291645527,303.41289995703846,4748.540866861873
1791124203,250,,Aggregated,125.700000,0.000000,5,7,8,10,14,18,24,29,76,200,300,55446,0,5,7.12611534108653,1.9302000291645527,303.41289995703846,4748.230386321827
1791124204,250,,Aggregated,125.400000,0.000000,5,7,8,10,14,18,24,29,76,200,300,55568,0,5,7.1222095558931136,1.9302000291645527,303.41289995703846,4748.6816693060755
1791124205,250,,Aggregated,124.500000,0.000000,5,7,8,10,14,18,24,29,76,200,300,55694,0,5,7.121966193894182,1.9302000291645527,303.41289995703846,4748.727941968614
1791124206,250,,Aggregated,124.800000,0.000000,5,7,8,10,14,18,24,29,76,200,300,55822,0,5,7.121703487934857,1.9302000291645527,303.41289995703846,4748.819014008814
1791124207,250,,Aggregated,125.100000,0.000000,5,7,8,10,14,18,24,29,76,200,300,55951,0,5,7.125977201558184,1.9302000291645527,303.41289995703846,4748.834962735251
1791124208,250,,Aggregated,124.000000,0.000000,5,7,8,10,14,18,24,29,75,200,300,56071,0,5,7.1233015356489915,1.9302000291645527,303.41289995703846,4748.593015997574
1791124209,250,,Aggregated,124.500000,0.000000,5,7,8,10,14,18,24,29,75,200,300,56197,0,5,7.121708326145923,1.9302000291645527,303.41289995703846,4748.456447853088
1791124210,250,,Aggregated,124.700000,0.000000,5,7,8,10,14,18,24,29,75,200,300,56325,0,5,7.119053968997681,1.9302000291645527,303.41289995703846,4748.729551708832
1791124211,250,,Aggregated,124.000000,0.000000,5,7,8,10,14,18,24,29,75,200,300,56441,0,5,7.126563914599529,1.9302000291645527,303.41289995703846,4749.390177353343
1791124212,250,,Aggregated,124.600000,0.000000,5,7,8,10,14,18,24,29,75,200,300,56575,0,5,7.143787809168583,1.9302000291645527,303.41289995703846,4749.560229783473
1791124213,250,,Aggregated,123.100000,0.000000,5,7,8,10,14,18,24,29,75,200,300,56696,0,5,7.1420506385574525,1.9302000291645527,303.41289995703846,4749.341629039086
1791124214,250,,Aggregated,124.300000,0.000000,5,7,8,10,14,18,24,29,75,200,300,56815,0,5,7.141751236535384,1.9302000291645527,303.41289995703846,4749.695749361964
1791124215,250,,Aggregated,125.200000,0.000000,5,7,8,10,14,18,24,29,75,200,300,56946,0,5,7.1402539213178535,1.9302000291645527,303.41289995703846,4750.107347311488
1791124216,250,,Aggregated,122.700000,0.000000,5,7,8,10,14,18,24,29,75,200,300,57073,0,5,7.144686904552252,1.9302000291645527,303.41289995703846,4750.339179647119
1791124217,250,,Aggregated,125.200000,0.000000,5,7,8,10,14,18,24,29,75,200,300,57191,0,5,7.14214316245974,1.9302000291645527,303.41289995703846,4750.666171250721
1791124218,250,,Aggregated,124.300000,0.000000,5,7,8,10,14,18,24,29,75,200,300,57332,0,5,7.140893021420403,1.9302000291645527,303.41289995703846,4750.83218795786
1791124219,250,,Aggregated,123.500000,0.000000,5,7,8,10,14,18,24,29,75,200,300,57451,0,5,7.1394968042896485,1.9302000291645527,303.41289995703846,4750.583575568746
1791124220,250,,Aggregated,124.500000,0.000000,5,7,8,10,14,18,24,29,75,200,300,57581,0,5,7.13684447827588,1.9302000291645527,303.41289995703846,4750.429916118164
1791124221,250,,Aggregated,123.600000,0.000000,5,7,8,10,14,18,24,30,98,220,300,57691,0,5,7.200217236705418,1.9302000291645527,303.41289995703846,4750.285781144373
1791124222,250,,Aggregated,124.100000,0.000000,5,7,8,10,14,18,24,30,98,220,300,57809,0,5,7.196790710847069,1.9302000291645527,303.41289995703846,4750.100780155339
1791124223,250,,Aggregated,124.900000,0.000000,5,7,8,10,14,18,24,30,98,220,300,57948,0,5,7.195305789745329,1.9302000291645527,303.41289995703846,4749.61405052806
1791124224,250,,Aggregated,122.400000,0.000000,5,7,8,10,14,18,24,30,96,220,300,58060,0,5,7.194365348008115,1.9302000291645527,303.41289995703846,4749.223889080262
1791124225,250,,Aggregated,123.300000,0.000000,5,7,8,10,14,18,24,30,96,220,300,58189,0,5,7.192437029421754,1.9302000291645527,303.41289995703846,4749.13994053859
1791124226,250,,Aggregated,124.200000,0.000000,5,7,8,10,14,18,24,30,96,220,300,58314,0,5,7.190461733100051,1.9302000291645527,303.41289995703846,4748.912148026203
1791124227,250,,Aggregated,122.300000,0.000000,5,7,8,10,14,18,24,30,96,220,300,58445,0,5,7.19421592103264,1.9302000291645527,303.41289995703846,4748.680520147147
1791124228,250,,Aggregated,123.100000,0.000000,5,7,8,10,14,18,24,30,96,220,300,58566,0,5,7.193788515622807,1.9302000291645527,303.41289995703846,4748.636461428132
1791124229,250,,Aggregated,123.500000,0.000000,5,7,8,10,14,18,24,30,96,220,300,58699,0,5,7.194614521655669,1.9302000291645527,303.41289995703846,4747.821121313821
1791124230,250,,Aggregated,123.000000,0.000000,5,7,8,10,14,18,24,30,96,220,300,58830,0,5,7.192252106195927,1.9302000291645527,303.41289995703846,4748.403756586776
1791124231,250,,Aggregated,124.200000,0.000000,5,7,8,10,14,18,24,30,96,220,300,58951,0,5,7.1937782820781955,1.9302000291645527,303.41289995703846,4749.218181201337
1791124232,250,,Aggregated,123.600000,0.000000,5,7,8,10,14,18,24,30,95,220,300,59069,0,5,7.19192564469972,1.9302000291645527,303.41289995703846,4748.697726387783
1791124233,250,,Aggregated,124.200000,0.000000,5,7,8,10,14,18,24,29,95,220,300,59204,0,5,7.189233717430747,1.9302000291645527,303.41289995703846,4749.0297277211
1791124234,250,,Aggregated,124.800000,0.000000,5,7,8,10,14,18,24,29,95,220,300,59331,0,5,7.186687556371611,1.9302000291645527,303.41289995703846,4749.092548583371
1791124235,250,,Aggregated,125.200000,0.000000,5,7,8,10,14,18,24,29,95,220,300,59447,0,5,7.185061794653535,1.9302000291645527,303.41289995703846,4748.903493868488
1791124236,250,,Aggregated,125.100000,0.000000,5,7,8,10,14,18,24,30,95,220,300,59582,0,5,7.189702207169685,1.9302000291645527,303.41289995703846,4749.788526736263
1791124237,250,,Aggregated,125.700000,0.000000,5,7,8,10,14,18,24,29,95,220,300,59708,0,5,7.187938055334044,1.9302000291645527,303.41289995703846,4749.908554967508
1791124238,250,,Aggregated,124.800000,0.000000,5,7,8,10,14,18,24,29,95,220,300,59831,0,5,7.185891787012459,1.9302000291645527,303.41289995703846,4749.377747321622
1791124239,250,,Aggregated,125.000000,0.000000,5,7,8,10,14,18,24,29,95,220,300,59950,0,5,7.183492201979694,1.9302000291645527,303.41289995703846,4749.6610008340285
1791124240,250,,Aggregated,123.600000,0.000000,5,7,8,10,14,18,24,29,95,220,300,60085,0,5,7.181516443526086,1.9302000291645527,303.41289995703846,4749.602945826746
1791124241,250,,Aggregated,124.500000,0.000000,5,7,8,10,14,18,24,29,95,220,300,60206,0,5,7.178954818609751,1.9302000291645527,303.41289995703846,4749.622811679899
1791124242,250,,Aggregated,124.900000,0.000000,5,7,8,10,14,18,24,29,95,220,300,60335,0,5,7.176434615229613,1.9302000291645527,303.41289995703846,4749.780343084445
1791124243,250,,Aggregated,125.000000,0.000000,5,7,8,10,14,18,24,29,95,220,300,60449,0,5,7.175370231261084,1.9302000291645527,303.41289995703846,4749.96107462489
1791124244,250,,Aggregated,125.200000,0.000000,5,7,8,10,14,18,24,29,95,220,300,60591,0,5,7.175127816162663,1.9302000291645527,303.41289995703846,4749.99245762572
1791124245,250,,Aggregated,125.200000,0.000000,5,7,8,10,14,18,24,29,95,220,300,60705,0,5,7.1736601022886095,1.9302000291645527,303.41289995703846,4750.115344699778
1791124246,250,,Aggregated,124.400000,0.000000,5,7,8,10,14,18,24,29,95,220,300,60826,0,5,7.1697413772040814,1.9302000291645527,303.41289995703846,4749.864005523954
1791124247,250,,Aggregated,124.700000,0.000000,5,7,8,10,14,18,24,29,95,220,300,60965,0,5,7.1706173839084215,1.9302000291645527,303.41289995703846,4749.666677601903
1791124248,250,,Aggregated,123.900000,0.000000,5,7,8,10,14,18,24,29,93,220,300,61079,0,5,7.17122471734268,1.9302000291645527,303.41289995703846,4749.213297532703
1791124249,250,,Aggregated,124.100000,0.000000,5,7,8,10,14,18,24,29,93,220,300,61214,0,5,7.1693424316560295,1.9302000291645527,303.41289995703846,4749.513264939393
1791124250,250,,Aggregated,125.300000,0.000000,5,7,8,10,14,18,24,29,93,220,300,61327,0,5,7.167900052360456,1.9302000291645527,303.41289995703846,4749.92993298221
1791124251,250,,Aggregated,125.500000,0.000000,5,7,8,10,14,18,24,29,93,220,300,61463,0,5,7.168021352863759,1.9302000291645527,303.41289995703846,4750.005125034573
1791124252,250,,Aggregated,124.300000,0.000000,5,7,8,10,14,18,24,29,93,220,300,61593,0,5,7.166837208959879,1.9302000291645527,303.41289995703846,4749.22942542172
1791124253,250,,Aggregated,124.400000,0.000000,5,7,8,10,14,18,24,29,93,220,300,61721,0,5,7.166562218851688,1.9302000291645527,303.41289995703846,4749.050047795726
1791124254,250,,Aggregated,124.600000,0.000000,5,7,8,10,14,18,24,29,93,220,300,61832,0,5,7.171764770834093,1.9302000291645527,303.41289995703846,4749.011870875922
1791124255,250,,Aggregated,123.600000,0.000000,5,7,8,10,14,18,24,29,93,220,300,61969,0,5,7.170598542987253,1.9302000291645527,303.41289995703846,4748.769901079572
1791124256,250,,Aggregated,125.800000,0.000000,5,7,8,10,14,18,24,29,92,220,300,62072,0,5,7.171903721654769,1.9302000291645527,303.41289995703846,4748.95326395154
1791124257,250,,Aggregated,124.700000,0.000000,5,7,8,10,14,18,24,29,92,220,300,62212,0,5,7.170786562249735,1.9302000291645527,303.41289995703846,4749.34781071176
1791124258,250,,Aggregated,125.900000,0.000000,5,7,8,10,14,18,24,29,92,220,300,62321,0,5,7.169337177056792,1.9302000291645527,303.41289995703846,4749.55117857544
1791124259,250,,Aggregated,124.200000,0.000000,5,7,8,10,14,18,24,29,92,220,300,62451,0,5,7.169596650348228,1.9302000291645527,303.41289995703846,4749.524667339194
1791124260,250,,Aggregated,124.000000,0.000000,5,7,8,10,14,18,24,29,92,220,300,62581,0,5,7.171636301936859,1.9302000291645527,303.41289995703846,4749.932024096771
1791124261,250,,Aggregated,123.000000,0.000000,5,7,8,10,14,18,24,29,92,220,300,62698,0,5,7.169988929662164,1.9302000291645527,303.41289995703846,4749.459711633545
1791124262,250,,Aggregated,123.200000,0.000000,5,7,8,10,14,18,24,29,92,220,300,62822,0,5,7.17382639540822,1.9302000291645527,303.41289995703846,4749.072872560568
1791124263,250,,Aggregated,123.100000,0.000000,5,7,8,10,14,18,24,29,92,220,300,62951,0,5,7.174860194630626,1.9302000291645527,303.41289995703846,4748.896649775222
1791124264,250,,Aggregated,123.200000,0.000000,5,7,8,10,14,18,24,29,92,220,300,63075,0,5,7.17553549128342,1.9302000291645527,303.41289995703846,4749.128022195799
1791124265,250,,Aggregated,122.800000,0.000000,5,7,8,10,14,18,24,29,92,220,300,63204,0,5,7.174749962238103,1.9302000291645527,303.41289995703846,4749.846718562117
1791124266,250,,Aggregated,122.100000,0.000000,5,7,8,10,14,18,24,29,92,220,300,63330,0,5,7.1725699180905815,1.9302000291645527,303.41289995703846,4749.94568135165
1791124267,250,,Aggregated,121.800000,0.000000,5,7,8,10,14,18,24,29,92,220,300,63461,0,5,7.185449734695319,1.9302000291645527,303.41289995703846,4749.999259387655
1791124268,250,,Aggregated,123.700000,0.000000,5,7,8,10,14,18,24,29,92,220,300,63579,0,5,7.185304180838078,1.9302000291645527,303.41289995703846,4749.782616901807
1791124269,250,,Aggregated,123.800000,0.000000,5,7,8,10,14,18,24,29,92,220,300,63706,0,5,7.183502271599409,1.9302000291645527,303.41289995703846,4749.708096568612
1791124270,250,,Aggregated,125.100000,0.000000,5,7,8,10,14,18,24,29,92,220,300,63840,0,5,7.1817824485295105,1.9302000291645527,303.41289995703846,4749.5526472431075
1791124271,250,,Aggregated,124.700000,0.000000,5,7,8,10,14,18,24,29,92,220,300,63957,0,5,7.182956195803242,1.9302000291645527,303.41289995703846,4749.585674750223
1791124272,250,,Aggregated,124.700000,0.000000,5,7,8,10,14,18,24,29,88,220,300,64071,0,5,7.185430124615243,1.9302000291645527,303.41289995703846,4749.4829486038925
1791124273,250,,Aggregated,124.400000,0.000000,5,7,8,10,14,18,24,29,88,220,300,64201,0,5,7.185533825226182,1.9302000291645527,303.41289995703846,4749.483092163673
1791124274,250,,Aggregated,124.900000,0.000000,5,7,8,10,14,18,24,29,88,220,300,64324,0,5,7.184698220157028,1.9302000291645527,303.41289995703846,4749.476742739879
1791124275,250,,Aggregated,124.200000,0.000000,5,7,8,10,14,18,24,29,88,220,300,64450,0,5,7.184923129758449,1.9302000291645527,303.41289995703846,4749.129030256013
1791124276,250,,Aggregated,124.200000,0.000000,5,7,8,10,14,18,24,29,88,220,300,64578,0,5,7.191052798374027,1.9302000291645527,303.41289995703846,4748.895258447149
1791124277,250,,Aggregated,124.600000,0.000000,5,7,8,10,14,18,24,29,88,220,300,64694,0,5,7.192615899670738,1.9302000291645527,303.41289995703846,4748.852613843633
1791124278,250,,Aggregated,122.200000,0.000000,5,7,8,10,14,18,24,29,88,220,300,64812,0,5,7.191006912517575,1.9302000291645527,303.41289995703846,4748.753409862371
1791124279,250,,Aggregated,123.400000,0.000000,5,7,8,10,14,18,24,29,88,220,300,64943,0,5,7.189046744287299,1.9302000291645527,303.41289995703846,4749.0033259935635
1791124280,250,,Aggregated,121.300000,0.000000,5,7,8,10,14,18,24,29,88,220,300,65057,0,5,7.186294359019489,1.9302000291645527,303.41289995703846,4749.162396052692
1791124281,250,,Aggregated,122.200000,0.000000,5,7,8,10,14,18,24,29,88,220,300,65185,0,5,7.184666213300158,1.9302000291645527,303.41289995703846,4748.672286568996
1791124282,250,,Aggregated,122.700000,0.000000,5,7,8,10,14,18,24,30,88,220,300,65320,0,5,7.19839027425216,1.9302000291645527,303.41289995703846,4748.012982241274
1791124283,250,,Aggregated,121.600000,0.000000,5,7,8,10,14,18,24,30,88,220,300,65428,0,5,7.198377592388658,1.9302000291645527,303.41289995703846,4747.496194289906
1791124284,250,,Aggregated,122.200000,0.000000,5,7,8,10,14,18,24,30,88,220,300,65560,0,5,7.19791955941117,1.9302000291645527,303.41289995703846,4747.679621720561
1791124285,250,,Aggregated,122.800000,0.000000,5,7,8,10,14,18,24,30,88,220,300,65679,0,5,7.195053198363393,1.9302000291645527,303.41289995703846,4748.257723168745
1791124286,250,,Aggregated,122.200000,0.000000,5,7,8,10,14,18,24,30,88,220,300,65798,0,5,7.195052915204012,1.9302000291645527,303.41289995703846,4747.8763488251925
1791124287,250,,Aggregated,123.200000,0.000000,5,7,8,10,14,18,24,30,92,220,300,65924,0,5,7.222199332799477,1.9302000291645527,303.41289995703846,4747.7388507978885
1791124288,250,,Aggregated,122.600000,0.000000,5,7,8,10,14,18,24,30,88,220,300,66050,0,5,7.224733814021486,1.9302000291645527,303.41289995703846,4747.516411809235
1791124289,250,,Aggregated,122.100000,0.000000,5,7,8,10,14,18,24,30,88,220,300,66178,0,5,7.223663835668788,1.9302000291645527,303.41289995703846,4747.447354105594
1791124290,250,,Aggregated,122.800000,0.000000,5,7,8,10,14,18,24,30,88,220,300,66311,0,5,7.224157188339792,1.9302000291645527,303.41289995703846,4747.55732834673
1791124291,250,,Aggregated,122.500000,0.000000,5,7,8,10,14,18,24,30,88,220,300,66432,0,5,7.222669320746546,1.9302000291645527,303.41289995703846,4747.837894388246
1791124292,250,,Aggregated,123.800000,0.000000,5,7,8,10,14,18,24,30,88,220,300,66561,0,5,7.2211989305436575,1.9302000291645527,303.41289995703846,4747.677844383347
1791124293,250,,Aggregated,125.200000,0.000000,5,7,8,10,14,18,24,30,88,220,300,66684,0,5,7.218983300570179,1.9302000291645527,303.41289995703846,4747.821816327755
1791124294,250,,Aggregated,123.900000,0.000000,5,7,8,10,14,18,24,30,88,220,300,66807,0,5,7.217545071859751,1.9302000291645527,303.41289995703846,4747.312781594743
1791124295,250,,Aggregated,123.700000,0.000000,5,7,8,10,14,18,24,30,88,220,300,66939,0,5,7.214865679433674,1.9302000291645527,303.41289995703846,4747.761469397511
1791124296,250,,Aggregated,123.900000,0.000000,5,7,8,10,14,18,24,30,88,220,300,67050,0,5,7.2128374782379785,1.9302000291645527,303.41289995703846,4748.03701715138
1791124297,250,,Aggregated,123.300000,0.000000,5,7,8,10,14,19,24,30,88,220,300,67189,0,5,7.236189461315351,1.9302000291645527,303.41289995703846,4747.5556117816905
1791124298,250,,Aggregated,125.200000,0.000000,5,7,8,10,14,19,25,30,88,220,300,67304,0,5,7.255554998477462,1.9302000291645527,303.41289995703846,4747.504769404493
1791124299,250,,Aggregated,124.800000,0.000000,5,7,8,10,14,19,25,30,88,220,300,67431,0,5,7.260207424135085,1.9302000291645527,303.41289995703846,4747.160326852634
1791124300,250,,Aggregated,125.200000,0.000000,5,7,8,10,14,19,25,30,88,220,300,67551,0,5,7.259779725207249,1.9302000291645527,303.41289995703846,4747.247975603618
1791124301,250,,Aggregated,124.400000,0.000000,5,7,8,10,14,19,25,30,88,220,300,67680,0,5,7.2589937768489605,1.9302000291645527,303.41289995703846,4746.9709072104015
1791124302,250,,Aggregated,123.300000,0.000000,5,7,8,10,14,19,25,30,88,220,300,67806,0,5,7.260384190435348,1.9302000291645527,303.41289995703846,4747.668156210365
1791124303,250,,Aggregated,123.200000,0.000000,5,7,8,10,14,19,25,30,88,220,300,67944,0,5,7.258994060065293,1.9302000291645527,303.41289995703846,4747.116316378194
1791124304,250,,Aggregated,123.400000,0.000000,5,7,8,10,14,19,25,30,87,220,300,68069,0,5,7.258699096747816,1.9302000291645527,303.41289995703846,4747.304661446474
1791124305,250,,Aggregated,123.700000,0.000000,5,7,8,10,14,19,25,30,87,220,300,68190,0,5,7.257956050974246,1.9302000291645527,303.41289995703846,4747.944801290512
1791124306,250,,Aggregated,124.900000,0.000000,5,7,8,10,14,19,25,30,87,220,300,68318,0,5,7.256027979686645,1.9302000291645527,303.41289995703846,4748.072777306127
1791124307,250,,Aggregated,125.700000,0.000000,5,7,8,10,14,19,25,30,87,220,300,68442,0,5,7.270265857448693,1.9302000291645527,303.41289995703846,4748.464042546974
1791124308,250,,Aggregated,124.400000,0.000000,5,7,8,10,14,19,25,30,87,220,300,68559,0,5,7.273205480175324,1.9302000291645527,303.41289995703846,4748.661999154014
1791124309,250,,Aggregated,125.200000,0.000000,5,7,8,10,14,19,25,30,87,220,300,68686,0,5,7.2717580804633855,1.9302000291645527,303.41289995703846,4749.0532422910055
1791124310,250,,Aggregated,124.700000,0.000000,5,7,8,10,14,19,25,30,87,220,300,68813,0,5,7.271348156819031,1.9302000291645527,303.41289995703846,4749.488526877189
1791124312,250,,Aggregated,124.700000,0.000000,5,7,8,10,14,19,25,30,87,220,300,68935,0,5,7.270889984990067,1.9302000291645527,303.41289995703846,4749.606803510554
1791124313,250,,Aggregated,124.800000,0.000000,5,7,8,10,14,19,25,30,87,220,300,69065,0,5,7.268226132127752,1.9302000291645527,303.41289995703846,4749.747339462825
1791124314,250,,Aggregated,124.600000,0.000000,5,7,8,10,14,19,25,30,87,220,300,69190,0,5,7.266225531380753,1.9302000291645527,303.41289995703846,4749.613051018933
1791124315,250,,Aggregated,124.600000,0.000000,5,7,8,10,14,19,25,30,87,220,300,69326,0,5,7.2650429869913875,1.9302000291645527,303.41289995703846,4749.388353575859
1791124316,250,,Aggregated,124.300000,0.000000,5,7,8,10,14,19,25,30,87,220,300,69446,0,5,7.262633946044767,1.9302000291645527,303.41289995703846,4748.787979149267
1791124317,250,,Aggregated,124.800000,0.000000,5,7,8,10,14,19,25,30,87,220,300,69570,0,5,7.263277755012147,1.9302000291645527,303.41289995703846,4748.993675434814
1791124318,250,,Aggregated,124.600000,0.000000,5,7,8,10,14,19,25,30,87,220,300,69693,0,5,7.262968443251759,1.9302000291645527,303.41289995703846,4748.683181955146
1791124319,250,,Aggregated,124.600000,0.000000,5,7,8,10,14,19,25,30,87,220,300,69813,0,5,7.261995029794717,1.9302000291645527,303.41289995703846,4748.088665434804
1791124320,250,,Aggregated,124.200000,0.000000,5,7,8,10,14,19,25,30,87,220,300,69932,0,5,7.262120893373392,1.9302000291645527,303.41289995703846,4748.020648630098
1791124321,250,,Aggregated,124.300000,0.000000,5,7,8,10,14,19,25,30,87,220,300,70054,0,5,7.264304942130944,1.9302000291645527,303.41289995703846,4747.918848317013
1791124322,250,,Aggregated,123.800000,0.000000,5,7,8,10,14,19,25,30,87,220,300,70188,0,5,7.264666568590173,1.9302000291645527,303.41289995703846,4748.187225736593
1791124323,250,,Aggregated,123.400000,0.000000,5,7,8,10,14,19,25,30,87,220,300,70310,0,5,7.266614955431771,1.9302000291645527,303.41289995703846,4748.655738870715
1791124324,250,,Aggregated,123.500000,0.000000,5,7,8,10,14,19,25,30,87,220,300,70430,0,5,7.263895888351278,1.9302000291645527,303.41289995703846,4748.327403095272
1791124325,250,,Aggregated,123.600000,0.000000,5,7,8,10,14,19,25,30,87,220,300,70559,0,5,7.262984056146093,1.9302000291645527,303.41289995703846,4748.489944585383
1791124326,250,,Aggregated,122.900000,0.000000,5,7,8,10,14,19,25,30,87,220,300,70669,0,5,7.261818353420183,1.9302000291645527,303.41289995703846,4748.299749536572
1791124327,250,,Aggregated,121.500000,0.000000,5,7,8,10,14,19,25,30,87,220,300,70799,0,5,7.261262366951996,1.9302000291645527,303.41289995703846,4748.606576364073
1791124328,250,,Aggregated,121.000000,0.000000,5,7,8,10,14,19,25,30,87,220,300,70925,0,5,7.263886956896884,1.9302000291645527,303.41289995703846,4748.657243567149
1791124329,250,,Aggregated,122.000000,0.000000,5,7,8,10,14,19,25,30,87,220,300,71052,0,5,7.264573982673784,1.9302000291645527,303.41289995703846,4748.886055283454
1791124330,250,,Aggregated,122.400000,0.000000,5,7,8,10,14,19,25,30,87,220,300,71169,0,5,7.263148831901643,1.9302000291645527,303.41289995703846,4748.975452795458
1791124331,250,,Aggregated,122.700000,0.000000,5,7,8,10,14,19,25,30,87,220,300,71300,0,5,7.263420889443727,1.9302000291645527,303.41289995703846,4748.771781206171
1791124332,250,,Aggregated,122.900000,0.000000,5,7,8,10,14,19,25,30,87,220,300,71418,0,5,7.260907730780999,1.9302000291645527,303.41289995703846,4748.484247668655
1791124333,250,,Aggregated,123.900000,0.000000,5,7,8,10,14,19,25,30,87,220,300,71553,0,5,7.260759038985223,1.9302000291645527,303.41289995703846,4749.0203904797845
1791124334,250,,Aggregated,123.500000,0.000000,5,7,8,10,14,19,25,30,87,220,300,71673,0,5,7.260816498770351,1.9302000291645527,303.41289995703846,4748.602416530633
1791124335,250,,Aggregated,123.500000,0.000000,5,7,8,10,14,19,25,30,87,220,300,71798,0,5,7.260882335399608,1.9302000291645527,303.41289995703846,4748.747597426112
1791124336,250,,Aggregated,123.800000,0.000000,5,7,8,10,14,19,25,30,87,220,300,71928,0,5,7.25900513313432,1.9302000291645527,303.41289995703846,4748.496454788122
1791124337,250,,Aggregated,123.900000,0.000000,5,7,8,10,14,19,25,30,86,220,300,72048,0,5,7.256338909014401,1.9302000291645527,303.41289995703846,4748.607164667999
1791124338,250,,Aggregated,125.200000,0.000000,5,7,8,10,14,19,25,30,89,220,300,72166,0,5,7.289432798220246,1.9302000291645527,303.41289995703846,4748.521977108334
1791124339,250,,Aggregated,123.600000,0.000000,5,7,8,10,14,19,25,30,89,220,300,72291,0,5,7.302121224188558,1.9302000291645527,303.41289995703846,4748.888879666902
1791124340,250,,Aggregated,122.800000,0.000000,5,7,8,10,14,19,25,30,89,220,300,72411,0,5,7.300263128775639,1.9302000291645527,303.41289995703846,4749.1152311112955
1791124341,250,,Aggregated,123.900000,0.000000,5,7,8,10,14,19,25,30,89,220,300,72541,0,5,7.297734265009751,1.9302000291645527,303.41289995703846,4749.211618257262
1791124342,250,,Aggregated,123.700000,0.000000,5,7,8,10,14,19,25,30,89,220,300,72658,0,5,7.296796219514023,1.9302000291645527,303.41289995703846,4749.670827713397
1791124343,250,,Aggregated,123.400000,0.000000,5,7,8,10,14,19,25,30,89,220,300,72790,0,5,7.295934708310087,1.9302000291645527,303.41289995703846,4749.445583184503
1791124344,250,,Aggregated,123.000000,0.000000,5,7,8,10,14,19,25,30,89,220,300,72915,0,5,7.30278326843417,1.9302000291645527,303.41289995703846,4749.815483782487
1791124345,250,,Aggregated,122.200000,0.000000,5,7,8,10,14,19,25,30,88,220,300,73030,0,5,7.301068270816689,1.9302000291645527,303.41289995703846,4750.35642886485
1791124346,250,,Aggregated,123.300000,0.000000,5,7,8,10,14,19,25,30,88,220,300,73162,0,5,7.299193696421716,1.9302000291645527,303.41289995703846,4750.279872064733
1791124347,250,,Aggregated,122.700000,0.000000,5,7,8,10,14,19,25,30,88,220,300,73283,0,5,7.300934180052792,1.9302000291645527,303.41289995703846,4750.434848464173
1791124348,250,,Aggregated,123.200000,0.000000,5,7,8,10,14,19,25,31,92,220,300,73418,0,5,7.337009962370284,1.9302000291645527,303.41289995703846,4749.415742733389
1791124349,250,,Aggregated,123.500000,0.000000,5,7,8,10,14,19,25,31,92,220,300,73526,0,5,7.336061254764795,1.9302000291645527,303.41289995703846,4749.1739928732695
1791124350,250,,Aggregated,124.600000,0.000000,5,7,8,10,14,19,25,31,92,220,300,73675,0,5,7.334828395219498,1.9302000291645527,303.41289995703846,4749.488863250764
1791124351,250,,Aggregated,123.400000,0.000000,5,7,8,10,14,19,25,31,92,220,300,73788,0,5,7.333504689358167,1.9302000291645527,303.41289995703846,4749.417642435084
1791124352,250,,Aggregated,124.800000,0.000000,5,7,8,10,14,19,25,31,92,220,300,73919,0,5,7.331803785472853,1.9302000291645527,303.41289995703846,4750.042911835929
1791124353,250,,Aggregated,124.100000,0.000000,5,7,8,10,14,19,25,31,92,220,300,74045,0,5,7.330272707376445,1.9302000291645527,303.41289995703846,4750.173556620974
1791124354,250,,Aggregated,126.300000,0.000000,5,7,8,10,14,19,25,31,92,220,300,74175,0,5,7.3291526150013615,1.9302000291645527,303.41289995703846,4749.9395483653525
1791124355,250,,Aggregated,125.100000,0.000000,5,7,8,10,14,19,25,31,92,220,300,74306,0,5,7.328713170103189,1.9302000291645527,303.41289995703846,4750.334347159045
1791124356,250,,Aggregated,125.200000,0.000000,5,7,8,10,14,19,25,31,92,220,300,74420,0,5,7.326560502792592,1.9302000291645527,303.41289995703846,4750.662631013169
1791124357,250,,Aggregated,125.900000,0.000000,5,7,8,10,14,19,25,31,92,220,300,74540,0,5,7.326419458245466,1.9302000291645527,303.41289995703846,4750.761349610947
1791124358,250,,Aggregated,125.600000,0.000000,5,7,8,10,14,19,25,31,92,220,300,74679,0,5,7.323946720202559,1.9302000291645527,303.41289995703846,4751.202707588479
1791124359,250,,Aggregated,125.700000,0.000000,5,7,8,10,14,19,25,31,92,220,300,74768,0,5,7.3242638845214,1.9302000291645527,303.41289995703846,4751.196675048149
